 Eigenvectors and eigenvalues of the dynamical matrix
 ----------------------------------------------------
 
 
   1 f  =   23.186283 THz   145.683712 2PiTHz  773.411149 cm-1    95.890718 meV
             X         Y         Z           dx          dy          dz
      3.375392  5.064220  1.583443     0.033707   -0.008644   -0.016661  
     -1.885782  2.913398  1.806051    -0.019387    0.028897    0.016654  
      3.497608  7.689129  0.167701     0.006437   -0.019742   -0.032513  
      0.729941 -1.742092  3.426074     0.006439   -0.018285    0.033359  
      3.649524 -1.063682  5.009619    -0.019386   -0.028873    0.016698  
      3.497602  1.881150  3.185318     0.006438    0.038027   -0.000840  
      0.607734  0.796438  4.991441     0.033703   -0.010099    0.015816  
      3.375339  1.967512  0.204206     0.033710    0.018746    0.000838  
     -4.653373  2.064634  6.742949    -0.019390   -0.000027   -0.033356  
      6.083576 -2.784850  5.159316    -0.020759   -0.027900   -0.016696  
     -2.219333  2.795514  5.177507    -0.020757    0.028407   -0.015814  
      0.548308  3.903600  3.221711    -0.020755   -0.000508    0.032511  
     -0.607628 -1.150056  5.195771     0.033707   -0.008640   -0.016657  
      4.653538  1.000780  4.973171    -0.019383    0.028896    0.016653  
     -0.729846 -3.774957  6.611526     0.006440   -0.019739   -0.032514  
      2.037828  5.656242  3.353134     0.006435   -0.018285    0.033352  
     -0.881771  4.977838  1.769597    -0.019384   -0.028876    0.016698  
     -0.729847  2.033015  3.593915     0.006439    0.038023   -0.000836  
      2.160004  3.117729  1.787787     0.033705   -0.010100    0.015816  
      2.219447  0.010558  3.557508    -0.020757   -0.000506    0.032516  
      7.421126  1.849533  0.036282    -0.019388   -0.000025   -0.033353  
     -3.315820  6.699001  1.619908    -0.020765   -0.027904   -0.016700  
      4.987075  1.118654  1.601721    -0.020762    0.028412   -0.015818  
     -0.607587  1.946647  6.575029     0.033704    0.018743    0.000836  
      0.723449  6.894140  1.617574     0.002724    0.003850   -0.006669  
      6.258728 -0.089030  3.389576     0.002722   -0.007699    0.000001  
      0.723429  1.023073  1.771935     0.002723    0.003852    0.006670  
     -2.170109  0.000137  6.779349    -0.008167    0.000001   -0.000001  
      2.044298 -2.979976  5.161644     0.002722    0.003851   -0.006669  
     -3.490979  4.003193  3.389648     0.002722   -0.007701   -0.000000  
      2.044324  2.891089  5.007287     0.002723    0.003851    0.006670  
      2.170267  0.000130  6.779292    -0.008168   -0.000000    0.000000  
      4.251409  3.076817  1.694715    -0.011305   -0.015988    0.000000  
      4.151550  5.871112  3.389505    -0.036816    0.104133   -0.000002  
      1.383876  1.957084  3.389611    -0.036832   -0.052090   -0.090216  
      4.151542  0.000100  6.779265     0.110464   -0.000001   -0.000000  
      1.283971  4.963231  1.572378    -0.011314    0.007999   -0.013854  
     -1.483656  0.837340  5.084502    -0.011316   -0.016000    0.000006  
      1.283950  2.027682  0.122291    -0.011312    0.008001    0.013851  
      1.483744 -0.837217  1.694812     0.011311    0.015986    0.000000  
      4.051646  3.006245  4.962025     0.011318   -0.007995    0.013852  
     -1.483661  3.984776  3.511966     0.011308   -0.007994   -0.013855  
      1.284000  4.751385  5.084395     0.011313    0.016004   -0.000001  
      1.483813  1.886490  6.656931    -0.011308    0.007991    0.013860  
      4.251393 -0.070603  3.267260     0.011306   -0.008000   -0.013854  
      1.483765 -1.049066  5.206845    -0.011307    0.007998   -0.013848  
     -1.283903  0.907920  1.817188     0.011311   -0.007995    0.013847  
     -1.383715  3.914186  6.779263    -0.036826   -0.052078    0.090206  
 
   2 f  =   22.140646 THz   139.113784 2PiTHz  738.532467 cm-1    91.566315 meV
             X         Y         Z           dx          dy          dz
      3.375392  5.064220  1.583443     0.007699   -0.014621    0.015102  
     -1.885782  2.913398  1.806051     0.005522   -0.007649    0.011591  
      3.497608  7.689129  0.167701     0.000536    0.026231    0.009858  
      0.729941 -1.742092  3.426074     0.009901    0.001562    0.001785  
      3.649524 -1.063682  5.009619    -0.016492    0.004457    0.009803  
      3.497602  1.881150  3.185318    -0.007881    0.018513   -0.026326  
      0.607734  0.796438  4.991441     0.014735   -0.030135   -0.014895  
      3.375339  1.967512  0.204206    -0.014205    0.006941   -0.009032  
     -4.653373  2.064634  6.742949     0.002323   -0.003648    0.015543  
      6.083576 -2.784850  5.159316     0.009057    0.010629    0.011313  
     -2.219333  2.795514  5.177507     0.025174    0.008477   -0.011721  
      0.548308  3.903600  3.221711    -0.033514   -0.015839    0.004066  
     -0.607628 -1.150056  5.195771     0.007702   -0.014620    0.015098  
      4.653538  1.000780  4.973171     0.005522   -0.007652    0.011586  
     -0.729846 -3.774957  6.611526     0.000539    0.026227    0.009855  
      2.037828  5.656242  3.353134     0.009901    0.001565    0.001783  
     -0.881771  4.977838  1.769597    -0.016492    0.004453    0.009806  
     -0.729847  2.033015  3.593915    -0.007882    0.018518   -0.026327  
      2.160004  3.117729  1.787787     0.014732   -0.030132   -0.014892  
      2.219447  0.010558  3.557508    -0.033512   -0.015837    0.004067  
      7.421126  1.849533  0.036282     0.002320   -0.003649    0.015542  
     -3.315820  6.699001  1.619908     0.009058    0.010629    0.011317  
      4.987075  1.118654  1.601721     0.025170    0.008476   -0.011719  
     -0.607587  1.946647  6.575029    -0.014210    0.006943   -0.009030  
      0.723449  6.894140  1.617574    -0.001457    0.002915   -0.006376  
      6.258728 -0.089030  3.389576     0.003332   -0.001054   -0.003620  
      0.723429  1.023073  1.771935    -0.003636   -0.003434   -0.008567  
     -2.170109  0.000137  6.779349    -0.001629   -0.004272   -0.001734  
      2.044298 -2.979976  5.161644    -0.001458    0.002914   -0.006377  
     -3.490979  4.003193  3.389648     0.003332   -0.001054   -0.003620  
      2.044324  2.891089  5.007287    -0.003636   -0.003434   -0.008568  
      2.170267  0.000130  6.779292    -0.001629   -0.004272   -0.001734  
      4.251409  3.076817  1.694715    -0.005056   -0.001338    0.013375  
      4.151550  5.871112  3.389505    -0.022483    0.033442   -0.001898  
      1.383876  1.957084  3.389611     0.063572    0.084912    0.148192  
      4.151542  0.000100  6.779265     0.030203    0.007789   -0.006766  
      1.283971  4.963231  1.572378     0.000587    0.027438    0.003625  
     -1.483656  0.837340  5.084502    -0.005058   -0.001336    0.013373  
      1.283950  2.027682  0.122291    -0.002038    0.022633   -0.027190  
      1.483744 -0.837217  1.694812     0.039237   -0.032652   -0.013323  
      4.051646  3.006245  4.962025    -0.039624   -0.018559    0.009904  
     -1.483661  3.984776  3.511966     0.003339   -0.003641   -0.007634  
      1.284000  4.751385  5.084395     0.039242   -0.032655   -0.013320  
      1.483813  1.886490  6.656931    -0.002040    0.022639   -0.027190  
      4.251393 -0.070603  3.267260     0.003345   -0.003641   -0.007634  
      1.483765 -1.049066  5.206845     0.000582    0.027441    0.003623  
     -1.283903  0.907920  1.817188    -0.039616   -0.018560    0.009903  
     -1.383715  3.914186  6.779263    -0.032888   -0.059934    0.090394  
 
   3 f  =   22.140494 THz   139.112826 2PiTHz  738.527379 cm-1    91.565684 meV
             X         Y         Z           dx          dy          dz
      3.375392  5.064220  1.583443     0.001029   -0.010129   -0.003246  
     -1.885782  2.913398  1.806051    -0.021761   -0.012991   -0.013517  
      3.497608  7.689129  0.167701    -0.002854   -0.027678    0.009441  
      0.729941 -1.742092  3.426074     0.006147    0.009646   -0.016860  
      3.649524 -1.063682  5.009619    -0.013071    0.029415   -0.009724  
      3.497602  1.881150  3.185318     0.008656    0.002629   -0.021820  
      0.607734  0.796438  4.991441     0.019840    0.001193    0.000884  
      3.375339  1.967512  0.204206     0.017583    0.007572    0.028748  
     -4.653373  2.064634  6.742949    -0.005585    0.009134    0.023374  
      6.083576 -2.784850  5.159316     0.022741   -0.007518   -0.005306  
     -2.219333  2.795514  5.177507    -0.018335    0.016919    0.010172  
      0.548308  3.903600  3.221711    -0.001044   -0.007343   -0.007496  
     -0.607628 -1.150056  5.195771     0.001032   -0.010125   -0.003259  
      4.653538  1.000780  4.973171    -0.021759   -0.012993   -0.013517  
     -0.729846 -3.774957  6.611526    -0.002849   -0.027689    0.009442  
      2.037828  5.656242  3.353134     0.006155    0.009646   -0.016856  
     -0.881771  4.977838  1.769597    -0.013074    0.029415   -0.009723  
     -0.729847  2.033015  3.593915     0.008656    0.002629   -0.021819  
      2.160004  3.117729  1.787787     0.019843    0.001198    0.000889  
      2.219447  0.010558  3.557508    -0.001043   -0.007343   -0.007498  
      7.421126  1.849533  0.036282    -0.005593    0.009131    0.023375  
     -3.315820  6.699001  1.619908     0.022745   -0.007516   -0.005294  
      4.987075  1.118654  1.601721    -0.018340    0.016917    0.010167  
     -0.607587  1.946647  6.575029     0.017570    0.007574    0.028744  
      0.723449  6.894140  1.617574    -0.005333   -0.002574    0.006069  
      6.258728 -0.089030  3.389576    -0.002375   -0.004338   -0.002444  
      0.723429  1.023073  1.771935    -0.000527   -0.005326   -0.000337  
     -2.170109  0.000137  6.779349    -0.007612   -0.000646    0.003068  
      2.044298 -2.979976  5.161644    -0.005333   -0.002575    0.006070  
     -3.490979  4.003193  3.389648    -0.002375   -0.004337   -0.002445  
      2.044324  2.891089  5.007287    -0.000527   -0.005325   -0.000338  
      2.170267  0.000130  6.779292    -0.007613   -0.000648    0.003069  
      4.251409  3.076817  1.694715    -0.008782   -0.008150    0.009239  
      4.151550  5.871112  3.389505    -0.021461    0.057281    0.009828  
      1.383876  1.957084  3.389611     0.009481    0.030510    0.045778  
      4.151542  0.000100  6.779265     0.141183   -0.005469   -0.004401  
      1.283971  4.963231  1.572378    -0.009309   -0.041895   -0.016082  
     -1.483656  0.837340  5.084502    -0.008781   -0.008151    0.009251  
      1.283950  2.027682  0.122291    -0.012343    0.037356   -0.024567  
      1.483744 -0.837217  1.694812    -0.016604   -0.002623    0.003188  
      4.051646  3.006245  4.962025    -0.004376   -0.003165    0.002265  
     -1.483661  3.984776  3.511966     0.034813    0.004987    0.032609  
      1.284000  4.751385  5.084395    -0.016603   -0.002627    0.003190  
      1.483813  1.886490  6.656931    -0.012342    0.037353   -0.024569  
      4.251393 -0.070603  3.267260     0.034806    0.004987    0.032609  
      1.483765 -1.049066  5.206845    -0.009309   -0.041885   -0.016074  
     -1.283903  0.907920  1.817188    -0.004369   -0.003160    0.002254  
     -1.383715  3.914186  6.779263     0.050336    0.063635   -0.123219  
 
   4 f  =   22.140357 THz   139.111964 2PiTHz  738.522803 cm-1    91.565116 meV
             X         Y         Z           dx          dy          dz
      3.375392  5.064220  1.583443     0.023460    0.021677   -0.016238  
     -1.885782  2.913398  1.806051    -0.004503   -0.025402   -0.013599  
      3.497608  7.689129  0.167701     0.011346   -0.001217    0.010924  
      0.729941 -1.742092  3.426074    -0.001141    0.022620    0.029440  
      3.649524 -1.063682  5.009619    -0.009020    0.009168   -0.014659  
      3.497602  1.881150  3.185318     0.000326   -0.015163   -0.003606  
      0.607734  0.796438  4.991441     0.000401   -0.011439    0.004998  
      3.375339  1.967512  0.204206     0.009997    0.000483   -0.016567  
     -4.653373  2.064634  6.742949    -0.022080   -0.011110    0.019138  
      6.083576 -2.784850  5.159316    -0.025694    0.008020   -0.015784  
     -2.219333  2.795514  5.177507     0.017024   -0.005792    0.002620  
      0.548308  3.903600  3.221711     0.011641   -0.005359    0.015259  
     -0.607628 -1.150056  5.195771     0.023459    0.021673   -0.016233  
      4.653538  1.000780  4.973171    -0.004507   -0.025402   -0.013607  
     -0.729846 -3.774957  6.611526     0.011346   -0.001217    0.010923  
      2.037828  5.656242  3.353134    -0.001146    0.022623    0.029444  
     -0.881771  4.977838  1.769597    -0.009020    0.009167   -0.014652  
     -0.729847  2.033015  3.593915     0.000328   -0.015155   -0.003613  
      2.160004  3.117729  1.787787     0.000396   -0.011442    0.005000  
      2.219447  0.010558  3.557508     0.011645   -0.005356    0.015259  
      7.421126  1.849533  0.036282    -0.022078   -0.011112    0.019141  
     -3.315820  6.699001  1.619908    -0.025695    0.008022   -0.015787  
      4.987075  1.118654  1.601721     0.017027   -0.005798    0.002624  
     -0.607587  1.946647  6.575029     0.009999    0.000486   -0.016565  
      0.723449  6.894140  1.617574     0.000730    0.005029    0.000392  
      6.258728 -0.089030  3.389576    -0.003791    0.008738   -0.001650  
      0.723429  1.023073  1.771935    -0.004196    0.000507    0.002032  
     -2.170109  0.000137  6.779349    -0.006705    0.001771   -0.003062  
      2.044298 -2.979976  5.161644     0.000730    0.005029    0.000391  
     -3.490979  4.003193  3.389648    -0.003789    0.008738   -0.001649  
      2.044324  2.891089  5.007287    -0.004197    0.000507    0.002032  
      2.170267  0.000130  6.779292    -0.006706    0.001771   -0.003063  
      4.251409  3.076817  1.694715    -0.009781    0.010595    0.053939  
      4.151550  5.871112  3.389505     0.056262   -0.167004    0.002995  
      1.383876  1.957084  3.389611     0.000249    0.003544   -0.013497  
      4.151542  0.000100  6.779265     0.124361    0.004313    0.006636  
      1.283971  4.963231  1.572378    -0.010552   -0.018235   -0.015595  
     -1.483656  0.837340  5.084502    -0.009780    0.010593    0.053945  
      1.283950  2.027682  0.122291    -0.006473    0.010224   -0.000237  
      1.483744 -0.837217  1.694812     0.018860   -0.009657   -0.005340  
      4.051646  3.006245  4.962025     0.024125    0.022669   -0.020299  
     -1.483661  3.984776  3.511966    -0.030792    0.001212   -0.014878  
      1.284000  4.751385  5.084395     0.018854   -0.009650   -0.005342  
      1.483813  1.886490  6.656931    -0.006478    0.010217   -0.000227  
      4.251393 -0.070603  3.267260    -0.030787    0.001209   -0.014882  
      1.483765 -1.049066  5.206845    -0.010551   -0.018238   -0.015590  
     -1.283903  0.907920  1.817188     0.024115    0.022666   -0.020300  
     -1.383715  3.914186  6.779263    -0.022710   -0.022609    0.029791  
 
   5 f  =   21.209521 THz   133.263350 2PiTHz  707.473467 cm-1    87.715491 meV
             X         Y         Z           dx          dy          dz
      3.375392  5.064220  1.583443     0.023695    0.024408   -0.055118  
     -1.885782  2.913398  1.806051     0.007383   -0.030857   -0.011208  
      3.497608  7.689129  0.167701     0.025218    0.001279    0.000469  
      0.729941 -1.742092  3.426074     0.021592    0.018231   -0.027989  
      3.649524 -1.063682  5.009619     0.011586   -0.057227    0.017851  
      3.497602  1.881150  3.185318    -0.055448    0.012842    0.026861  
      0.607734  0.796438  4.991441     0.030089    0.048670   -0.023363  
      3.375339  1.967512  0.204206    -0.043098   -0.003545   -0.014944  
     -4.653373  2.064634  6.742949    -0.011833    0.016453    0.021147  
      6.083576 -2.784850  5.159316    -0.004788   -0.007971    0.037416  
     -2.219333  2.795514  5.177507    -0.056378    0.011520    0.002868  
      0.548308  3.903600  3.221711     0.050302   -0.039198    0.019068  
     -0.607628 -1.150056  5.195771    -0.023683   -0.024408    0.055110  
      4.653538  1.000780  4.973171    -0.007382    0.030860    0.011217  
     -0.729846 -3.774957  6.611526    -0.025215   -0.001287   -0.000467  
      2.037828  5.656242  3.353134    -0.021591   -0.018230    0.028001  
     -0.881771  4.977838  1.769597    -0.011590    0.057217   -0.017845  
     -0.729847  2.033015  3.593915     0.055449   -0.012830   -0.026867  
      2.160004  3.117729  1.787787    -0.030079   -0.048679    0.023367  
      2.219447  0.010558  3.557508    -0.050317    0.039192   -0.019059  
      7.421126  1.849533  0.036282     0.011831   -0.016450   -0.021148  
     -3.315820  6.699001  1.619908     0.004778    0.007963   -0.037423  
      4.987075  1.118654  1.601721     0.056374   -0.011518   -0.002868  
     -0.607587  1.946647  6.575029     0.043104    0.003548    0.014952  
      0.723449  6.894140  1.617574    -0.007336   -0.001889   -0.001324  
      6.258728 -0.089030  3.389576     0.001564    0.004756   -0.005877  
      0.723429  1.023073  1.771935     0.003973    0.003635    0.005697  
     -2.170109  0.000137  6.779349     0.001475   -0.007538    0.000169  
      2.044298 -2.979976  5.161644     0.007335    0.001889    0.001323  
     -3.490979  4.003193  3.389648    -0.001563   -0.004757    0.005877  
      2.044324  2.891089  5.007287    -0.003975   -0.003636   -0.005697  
      2.170267  0.000130  6.779292    -0.001476    0.007538   -0.000169  
      4.251409  3.076817  1.694715     0.011650    0.009682    0.006363  
      4.151550  5.871112  3.389505    -0.000002    0.000006    0.000001  
      1.383876  1.957084  3.389611     0.000005    0.000008    0.000013  
      4.151542  0.000100  6.779265    -0.000005    0.000000   -0.000002  
      1.283971  4.963231  1.572378    -0.003584    0.022910    0.001968  
     -1.483656  0.837340  5.084502    -0.011650   -0.009679   -0.006372  
      1.283950  2.027682  0.122291     0.013131    0.057077   -0.045897  
      1.483744 -0.837217  1.694812     0.051146   -0.054083    0.005765  
      4.051646  3.006245  4.962025     0.079478    0.016959   -0.040925  
     -1.483661  3.984776  3.511966    -0.029891    0.001029   -0.001334  
      1.284000  4.751385  5.084395    -0.051148    0.054080   -0.005767  
      1.483813  1.886490  6.656931    -0.013120   -0.057081    0.045886  
      4.251393 -0.070603  3.267260     0.029894   -0.001028    0.001344  
      1.483765 -1.049066  5.206845     0.003589   -0.022915   -0.001963  
     -1.283903  0.907920  1.817188    -0.079481   -0.016960    0.040925  
     -1.383715  3.914186  6.779263     0.000003    0.000008   -0.000011  
 
   6 f  =   21.209331 THz   133.262160 2PiTHz  707.467146 cm-1    87.714708 meV
             X         Y         Z           dx          dy          dz
      3.375392  5.064220  1.583443     0.029827   -0.002331    0.008354  
     -1.885782  2.913398  1.806051    -0.017664   -0.026842   -0.049811  
      3.497608  7.689129  0.167701     0.049444   -0.030821    0.022542  
      0.729941 -1.742092  3.426074    -0.031143   -0.002654    0.025478  
      3.649524 -1.063682  5.009619     0.004411    0.022072    0.029004  
      3.497602  1.881150  3.185318     0.004357    0.037184   -0.019523  
      0.607734  0.796438  4.991441    -0.040738    0.039482    0.008090  
      3.375339  1.967512  0.204206    -0.017035    0.051820    0.035867  
     -4.653373  2.064634  6.742949    -0.005449   -0.026588   -0.039661  
      6.083576 -2.784850  5.159316     0.063632    0.009832    0.003075  
     -2.219333  2.795514  5.177507    -0.023642   -0.049102   -0.026691  
      0.548308  3.903600  3.221711    -0.011602   -0.016458   -0.002122  
     -0.607628 -1.150056  5.195771    -0.029832    0.002331   -0.008347  
      4.653538  1.000780  4.973171     0.017666    0.026835    0.049809  
     -0.729846 -3.774957  6.611526    -0.049445    0.030829   -0.022536  
      2.037828  5.656242  3.353134     0.031143    0.002651   -0.025477  
     -0.881771  4.977838  1.769597    -0.004415   -0.022068   -0.029003  
     -0.729847  2.033015  3.593915    -0.004361   -0.037191    0.019524  
      2.160004  3.117729  1.787787     0.040739   -0.039481   -0.008086  
      2.219447  0.010558  3.557508     0.011608    0.016458    0.002120  
      7.421126  1.849533  0.036282     0.005447    0.026585    0.039667  
     -3.315820  6.699001  1.619908    -0.063636   -0.009830   -0.003073  
      4.987075  1.118654  1.601721     0.023645    0.049097    0.026691  
     -0.607587  1.946647  6.575029     0.017033   -0.051823   -0.035867  
      0.723449  6.894140  1.617574    -0.000304   -0.003953    0.006755  
      6.258728 -0.089030  3.389576     0.007529   -0.000886    0.001384  
      0.723429  1.023073  1.771935    -0.002522    0.006784   -0.002553  
     -2.170109  0.000137  6.779349    -0.003861   -0.000869   -0.006624  
      2.044298 -2.979976  5.161644     0.000304    0.003953   -0.006755  
     -3.490979  4.003193  3.389648    -0.007531    0.000887   -0.001385  
      2.044324  2.891089  5.007287     0.002521   -0.006784    0.002553  
      2.170267  0.000130  6.779292     0.003861    0.000869    0.006624  
      4.251409  3.076817  1.694715    -0.009292   -0.017174   -0.005944  
      4.151550  5.871112  3.389505     0.000001   -0.000000   -0.000001  
      1.383876  1.957084  3.389611    -0.000001    0.000003    0.000003  
      4.151542  0.000100  6.779265     0.000008   -0.000000   -0.000001  
      1.283971  4.963231  1.572378    -0.011041    0.073877    0.037897  
     -1.483656  0.837340  5.084502     0.009296    0.017180    0.005939  
      1.283950  2.027682  0.122291     0.007273   -0.039999    0.013296  
      1.483744 -0.837217  1.694812     0.059143   -0.018063    0.004113  
      4.051646  3.006245  4.962025    -0.001782   -0.002618    0.013725  
     -1.483661  3.984776  3.511966     0.065012    0.033778    0.049304  
      1.284000  4.751385  5.084395    -0.059144    0.018056   -0.004114  
      1.483813  1.886490  6.656931    -0.007273    0.040000   -0.013295  
      4.251393 -0.070603  3.267260    -0.064999   -0.033779   -0.049305  
      1.483765 -1.049066  5.206845     0.011041   -0.073872   -0.037899  
     -1.283903  0.907920  1.817188     0.001783    0.002613   -0.013720  
     -1.383715  3.914186  6.779263    -0.000001   -0.000000   -0.000000  
 
   7 f  =   21.208802 THz   133.258835 2PiTHz  707.449494 cm-1    87.712519 meV
             X         Y         Z           dx          dy          dz
      3.375392  5.064220  1.583443     0.034319    0.012324    0.036382  
     -1.885782  2.913398  1.806051     0.003042   -0.036508    0.042705  
      3.497608  7.689129  0.167701     0.004982    0.051266    0.024839  
      0.729941 -1.742092  3.426074    -0.040860   -0.029963   -0.045144  
      3.649524 -1.063682  5.009619     0.014906   -0.020480   -0.045774  
      3.497602  1.881150  3.185318    -0.003274   -0.026324    0.036892  
      0.607734  0.796438  4.991441    -0.007967    0.019356   -0.016343  
      3.375339  1.967512  0.204206     0.021944    0.004462    0.030903  
     -4.653373  2.064634  6.742949     0.014359    0.054679   -0.038068  
      6.083576 -2.784850  5.159316     0.015246   -0.009545   -0.042962  
     -2.219333  2.795514  5.177507    -0.023840    0.009119   -0.012579  
      0.548308  3.903600  3.221711    -0.040484   -0.023937    0.027532  
     -0.607628 -1.150056  5.195771    -0.034320   -0.012321   -0.036386  
      4.653538  1.000780  4.973171    -0.003041    0.036519   -0.042698  
     -0.729846 -3.774957  6.611526    -0.004982   -0.051272   -0.024843  
      2.037828  5.656242  3.353134     0.040862    0.029961    0.045148  
     -0.881771  4.977838  1.769597    -0.014906    0.020469    0.045779  
     -0.729847  2.033015  3.593915     0.003274    0.026337   -0.036891  
      2.160004  3.117729  1.787787     0.007970   -0.019354    0.016348  
      2.219447  0.010558  3.557508     0.040479    0.023939   -0.027532  
      7.421126  1.849533  0.036282    -0.014364   -0.054681    0.038059  
     -3.315820  6.699001  1.619908    -0.015260    0.009542    0.042960  
      4.987075  1.118654  1.601721     0.023830   -0.009113    0.012575  
     -0.607587  1.946647  6.575029    -0.021932   -0.004453   -0.030894  
      0.723449  6.894140  1.617574    -0.002306    0.006350    0.003647  
      6.258728 -0.089030  3.389576     0.000261   -0.006154   -0.004737  
      0.723429  1.023073  1.771935    -0.006087   -0.000506    0.004657  
     -2.170109  0.000137  6.779349     0.006672    0.001161   -0.003872  
      2.044298 -2.979976  5.161644     0.002306   -0.006350   -0.003648  
     -3.490979  4.003193  3.389648    -0.000261    0.006154    0.004737  
      2.044324  2.891089  5.007287     0.006088    0.000507   -0.004656  
      2.170267  0.000130  6.779292    -0.006671   -0.001160    0.003872  
      4.251409  3.076817  1.694715    -0.003551    0.005092   -0.099086  
      4.151550  5.871112  3.389505     0.000002   -0.000003    0.000001  
      1.383876  1.957084  3.389611     0.000003   -0.000001    0.000001  
      4.151542  0.000100  6.779265    -0.000018   -0.000000   -0.000000  
      1.283971  4.963231  1.572378    -0.010001   -0.035359   -0.040504  
     -1.483656  0.837340  5.084502     0.003554   -0.005091    0.099085  
      1.283950  2.027682  0.122291    -0.003096    0.054459   -0.014427  
      1.483744 -0.837217  1.694812     0.026181   -0.021088   -0.002167  
      4.051646  3.006245  4.962025    -0.021867   -0.019397    0.034911  
     -1.483661  3.984776  3.511966     0.040970    0.010867    0.007628  
      1.284000  4.751385  5.084395    -0.026176    0.021081    0.002167  
      1.483813  1.886490  6.656931     0.003109   -0.054470    0.014410  
      4.251393 -0.070603  3.267260    -0.040978   -0.010863   -0.007627  
      1.483765 -1.049066  5.206845     0.010004    0.035365    0.040507  
     -1.283903  0.907920  1.817188     0.021860    0.019397   -0.034915  
     -1.383715  3.914186  6.779263    -0.000001   -0.000002    0.000002  
 
   8 f  =   20.875340 THz   131.163631 2PiTHz  696.326398 cm-1    86.333431 meV
             X         Y         Z           dx          dy          dz
      3.375392  5.064220  1.583443    -0.018831   -0.068274    0.048087  
     -1.885782  2.913398  1.806051    -0.058095   -0.040512   -0.048082  
      3.497608  7.689129  0.167701    -0.000799    0.082151   -0.024055  
      0.729941 -1.742092  3.426074     0.000190    0.062338   -0.029106  
      3.649524 -1.063682  5.009619    -0.000608   -0.076636    0.043744  
      3.497602  1.881150  3.185318     0.000603    0.076621   -0.043737  
      0.607734  0.796438  4.991441    -0.053203   -0.024840   -0.035839  
      3.375339  1.967512  0.204206     0.072038    0.026115    0.043736  
     -4.653373  2.064634  6.742949     0.058704    0.020956    0.029112  
      6.083576 -2.784850  5.159316    -0.072041   -0.026114   -0.043731  
     -2.219333  2.795514  5.177507    -0.005685   -0.058441    0.035837  
      0.548308  3.903600  3.221711     0.077734    0.026626    0.024048  
     -0.607628 -1.150056  5.195771     0.018831    0.068277   -0.048088  
      4.653538  1.000780  4.973171     0.058097    0.040511    0.048082  
     -0.729846 -3.774957  6.611526     0.000799   -0.082150    0.024053  
      2.037828  5.656242  3.353134    -0.000192   -0.062331    0.029106  
     -0.881771  4.977838  1.769597     0.000609    0.076637   -0.043745  
     -0.729847  2.033015  3.593915    -0.000605   -0.076619    0.043739  
      2.160004  3.117729  1.787787     0.053202    0.024841    0.035838  
      2.219447  0.010558  3.557508    -0.077737   -0.026625   -0.024046  
      7.421126  1.849533  0.036282    -0.058702   -0.020954   -0.029111  
     -3.315820  6.699001  1.619908     0.072047    0.026118    0.043734  
      4.987075  1.118654  1.601721     0.005684    0.058442   -0.035839  
     -0.607587  1.946647  6.575029    -0.072032   -0.026111   -0.043735  
      0.723449  6.894140  1.617574    -0.007293   -0.002343   -0.004331  
      6.258728 -0.089030  3.389576     0.007070    0.002501    0.004602  
      0.723429  1.023073  1.771935     0.000223   -0.007656    0.004330  
     -2.170109  0.000137  6.779349     0.000000    0.007499   -0.004602  
      2.044298 -2.979976  5.161644     0.007294    0.002343    0.004330  
     -3.490979  4.003193  3.389648    -0.007071   -0.002500   -0.004601  
      2.044324  2.891089  5.007287    -0.000223    0.007656   -0.004331  
      2.170267  0.000130  6.779292     0.000000   -0.007499    0.004601  
      4.251409  3.076817  1.694715     0.000352    0.000494    0.000003  
      4.151550  5.871112  3.389505     0.000002   -0.000009   -0.000001  
      1.383876  1.957084  3.389611     0.000000   -0.000002   -0.000000  
      4.151542  0.000100  6.779265    -0.000001   -0.000001    0.000001  
      1.283971  4.963231  1.572378     0.002488   -0.001759    0.003047  
     -1.483656  0.837340  5.084502    -0.000353   -0.000497   -0.000002  
      1.283950  2.027682  0.122291    -0.002140    0.001513    0.002620  
      1.483744 -0.837217  1.694812     0.000352    0.000486   -0.000002  
      4.051646  3.006245  4.962025     0.002499   -0.001757    0.003041  
     -1.483661  3.984776  3.511966    -0.002148    0.001510    0.002614  
      1.284000  4.751385  5.084395    -0.000356   -0.000488    0.000000  
      1.483813  1.886490  6.656931     0.002139   -0.001515   -0.002617  
      4.251393 -0.070603  3.267260     0.002151   -0.001510   -0.002618  
      1.483765 -1.049066  5.206845    -0.002489    0.001759   -0.003045  
     -1.283903  0.907920  1.817188    -0.002498    0.001758   -0.003043  
     -1.383715  3.914186  6.779263    -0.000003   -0.000004    0.000006  
 
   9 f  =   20.875300 THz   131.163378 2PiTHz  696.325056 cm-1    86.333265 meV
             X         Y         Z           dx          dy          dz
      3.375392  5.064220  1.583443     0.072310   -0.010758   -0.023614  
     -1.885782  2.913398  1.806051    -0.034246    0.064592    0.023594  
      3.497608  7.689129  0.167701     0.000244   -0.040559   -0.065253  
      0.729941 -1.742092  3.426074    -0.000820   -0.035492   -0.085066  
      3.649524 -1.063682  5.009619     0.067432   -0.027227   -0.012492  
      3.497602  1.881150  3.185318     0.000570   -0.020851   -0.070794  
      0.607734  0.796438  4.991441    -0.052465    0.073169    0.019827  
      3.375339  1.967512  0.204206    -0.019850   -0.006409    0.070789  
     -4.653373  2.064634  6.742949    -0.033189   -0.012610    0.085074  
      6.083576 -2.784850  5.159316    -0.048144    0.054507    0.012507  
     -2.219333  2.795514  5.177507     0.086471   -0.025081   -0.019825  
      0.548308  3.903600  3.221711    -0.038307   -0.013284    0.065248  
     -0.607628 -1.150056  5.195771    -0.072317    0.010757    0.023614  
      4.653538  1.000780  4.973171     0.034247   -0.064593   -0.023595  
     -0.729846 -3.774957  6.611526    -0.000246    0.040556    0.065249  
      2.037828  5.656242  3.353134     0.000819    0.035489    0.085063  
     -0.881771  4.977838  1.769597    -0.067434    0.027226    0.012493  
     -0.729847  2.033015  3.593915    -0.000569    0.020845    0.070793  
      2.160004  3.117729  1.787787     0.052462   -0.073166   -0.019828  
      2.219447  0.010558  3.557508     0.038311    0.013285   -0.065247  
      7.421126  1.849533  0.036282     0.033189    0.012613   -0.085072  
     -3.315820  6.699001  1.619908     0.048147   -0.054505   -0.012506  
      4.987075  1.118654  1.601721    -0.086474    0.025084    0.019825  
     -0.607587  1.946647  6.575029     0.019852    0.006409   -0.070788  
      0.723449  6.894140  1.617574    -0.003953    0.007397    0.002657  
      6.258728 -0.089030  3.389576    -0.004337   -0.001534    0.007501  
      0.723429  1.023073  1.771935     0.008293   -0.001261   -0.002658  
     -2.170109  0.000137  6.779349    -0.000002   -0.004602   -0.007500  
      2.044298 -2.979976  5.161644     0.003953   -0.007397   -0.002657  
     -3.490979  4.003193  3.389648     0.004338    0.001534   -0.007501  
      2.044324  2.891089  5.007287    -0.008293    0.001261    0.002658  
      2.170267  0.000130  6.779292     0.000002    0.004602    0.007500  
      4.251409  3.076817  1.694715    -0.002673   -0.003782    0.000010  
      4.151550  5.871112  3.389505     0.000001   -0.000000   -0.000000  
      1.383876  1.957084  3.389611     0.000002    0.000001    0.000001  
      4.151542  0.000100  6.779265     0.000001    0.000000    0.000000  
      1.283971  4.963231  1.572378    -0.001033    0.000742   -0.001256  
     -1.483656  0.837340  5.084502     0.002674    0.003780   -0.000012  
      1.283950  2.027682  0.122291    -0.001637    0.001148    0.002010  
      1.483744 -0.837217  1.694812    -0.002671   -0.003778    0.000001  
      4.051646  3.006245  4.962025    -0.001037    0.000731   -0.001263  
     -1.483661  3.984776  3.511966    -0.001633    0.001164    0.002012  
      1.284000  4.751385  5.084395     0.002668    0.003777   -0.000001  
      1.483813  1.886490  6.656931     0.001639   -0.001147   -0.002009  
      4.251393 -0.070603  3.267260     0.001631   -0.001161   -0.002014  
      1.483765 -1.049066  5.206845     0.001034   -0.000745    0.001253  
     -1.283903  0.907920  1.817188     0.001037   -0.000732    0.001266  
     -1.383715  3.914186  6.779263    -0.000001   -0.000001    0.000003  
 
  10 f  =   20.274803 THz   127.390346 2PiTHz  676.294639 cm-1    83.849811 meV
             X         Y         Z           dx          dy          dz
      3.375392  5.064220  1.583443    -0.027695   -0.039355   -0.064689  
     -1.885782  2.913398  1.806051    -0.027873   -0.039224    0.064686  
      3.497608  7.689129  0.167701     0.080595    0.001942   -0.000110  
      0.729941 -1.742092  3.426074     0.080598   -0.001064   -0.001631  
      3.649524 -1.063682  5.009619    -0.027869   -0.036406   -0.066316  
      3.497602  1.881150  3.185318     0.080605   -0.000879    0.001729  
      0.607734  0.796438  4.991441    -0.027698   -0.036344    0.066427  
      3.375339  1.967512  0.204206    -0.027692    0.075696   -0.001733  
     -4.653373  2.064634  6.742949    -0.027867    0.075631    0.001636  
      6.083576 -2.784850  5.159316    -0.025034   -0.038405    0.066314  
     -2.219333  2.795514  5.177507    -0.025028   -0.038229   -0.066424  
      0.548308  3.903600  3.221711    -0.025035    0.076644    0.000106  
     -0.607628 -1.150056  5.195771     0.027693    0.039353    0.064684  
      4.653538  1.000780  4.973171     0.027871    0.039221   -0.064690  
     -0.729846 -3.774957  6.611526    -0.080598   -0.001939    0.000112  
      2.037828  5.656242  3.353134    -0.080600    0.001062    0.001631  
     -0.881771  4.977838  1.769597     0.027869    0.036410    0.066311  
     -0.729847  2.033015  3.593915    -0.080607    0.000878   -0.001727  
      2.160004  3.117729  1.787787     0.027699    0.036347   -0.066428  
      2.219447  0.010558  3.557508     0.025038   -0.076642   -0.000107  
      7.421126  1.849533  0.036282     0.027866   -0.075632   -0.001628  
     -3.315820  6.699001  1.619908     0.025041    0.038406   -0.066317  
      4.987075  1.118654  1.601721     0.025029    0.038228    0.066419  
     -0.607587  1.946647  6.575029     0.027695   -0.075697    0.001735  
      0.723449  6.894140  1.617574    -0.003455   -0.004886    0.008464  
      6.258728 -0.089030  3.389576    -0.003455    0.009774    0.000001  
      0.723429  1.023073  1.771935    -0.003456   -0.004888   -0.008465  
     -2.170109  0.000137  6.779349     0.010366    0.000000   -0.000000  
      2.044298 -2.979976  5.161644     0.003455    0.004886   -0.008464  
     -3.490979  4.003193  3.389648     0.003456   -0.009774   -0.000000  
      2.044324  2.891089  5.007287     0.003455    0.004888    0.008465  
      2.170267  0.000130  6.779292    -0.010367    0.000000    0.000000  
      4.251409  3.076817  1.694715     0.001840    0.002602    0.000003  
      4.151550  5.871112  3.389505     0.000000    0.000003   -0.000000  
      1.383876  1.957084  3.389611     0.000002    0.000000    0.000002  
      4.151542  0.000100  6.779265     0.000003    0.000001    0.000001  
      1.283971  4.963231  1.572378    -0.001842    0.001302   -0.002255  
     -1.483656  0.837340  5.084502    -0.001843   -0.002609   -0.000005  
      1.283950  2.027682  0.122291    -0.001842    0.001300    0.002260  
      1.483744 -0.837217  1.694812     0.001836    0.002607   -0.000000  
      4.051646  3.006245  4.962025    -0.001848    0.001302   -0.002257  
     -1.483661  3.984776  3.511966    -0.001840    0.001304    0.002257  
      1.284000  4.751385  5.084395    -0.001841   -0.002613    0.000000  
      1.483813  1.886490  6.656931     0.001844   -0.001298   -0.002260  
      4.251393 -0.070603  3.267260     0.001843   -0.001300   -0.002255  
      1.483765 -1.049066  5.206845     0.001840   -0.001302    0.002255  
     -1.283903  0.907920  1.817188     0.001847   -0.001303    0.002256  
     -1.383715  3.914186  6.779263    -0.000000    0.000003    0.000000  
 
  11 f  =   19.681403 THz   123.661901 2PiTHz  656.500934 cm-1    81.395705 meV
             X         Y         Z           dx          dy          dz
      3.375392  5.064220  1.583443    -0.041034   -0.040174    0.052891  
     -1.885782  2.913398  1.806051    -0.024196   -0.052076   -0.052862  
      3.497608  7.689129  0.167701    -0.010563    0.076638    0.010297  
      0.729941 -1.742092  3.426074    -0.010561   -0.029399   -0.071565  
      3.649524 -1.063682  5.009619    -0.024194    0.071825   -0.018653  
      3.497602  1.881150  3.185318    -0.010564   -0.047226    0.061214  
      0.607734  0.796438  4.991441    -0.040993    0.065869    0.008345  
      3.375339  1.967512  0.204206    -0.041032   -0.025697   -0.061216  
     -4.653373  2.064634  6.742949    -0.024183   -0.019745    0.071532  
      6.083576 -2.784850  5.159316     0.075790    0.001134    0.018662  
     -2.219333  2.795514  5.177507     0.075755   -0.016701   -0.008342  
      0.548308  3.903600  3.221711     0.075767    0.015579   -0.010295  
     -0.607628 -1.150056  5.195771    -0.041048   -0.040183    0.052896  
      4.653538  1.000780  4.973171    -0.024199   -0.052064   -0.052863  
     -0.729846 -3.774957  6.611526    -0.010562    0.076621    0.010287  
      2.037828  5.656242  3.353134    -0.010554   -0.029394   -0.071537  
     -0.881771  4.977838  1.769597    -0.024205    0.071844   -0.018650  
     -0.729847  2.033015  3.593915    -0.010549   -0.047227    0.061195  
      2.160004  3.117729  1.787787    -0.041002    0.065862    0.008352  
      2.219447  0.010558  3.557508     0.075767    0.015591   -0.010303  
      7.421126  1.849533  0.036282    -0.024190   -0.019755    0.071526  
     -3.315820  6.699001  1.619908     0.075799    0.001130    0.018671  
      4.987075  1.118654  1.601721     0.075787   -0.016718   -0.008347  
     -0.607587  1.946647  6.575029    -0.041022   -0.025697   -0.061204  
      0.723449  6.894140  1.617574    -0.000076   -0.000107    0.000183  
      6.258728 -0.089030  3.389576    -0.000075    0.000212   -0.000002  
      0.723429  1.023073  1.771935    -0.000075   -0.000106   -0.000180  
     -2.170109  0.000137  6.779349     0.000226   -0.000002   -0.000000  
      2.044298 -2.979976  5.161644    -0.000074   -0.000107    0.000182  
     -3.490979  4.003193  3.389648    -0.000076    0.000213    0.000000  
      2.044324  2.891089  5.007287    -0.000075   -0.000106   -0.000182  
      2.170267  0.000130  6.779292     0.000224   -0.000002   -0.000001  
      4.251409  3.076817  1.694715     0.001440    0.002035    0.000001  
      4.151550  5.871112  3.389505    -0.015396    0.043544    0.000001  
      1.383876  1.957084  3.389611    -0.015412   -0.021792   -0.037736  
      4.151542  0.000100  6.779265     0.046196   -0.000002   -0.000004  
      1.283971  4.963231  1.572378     0.001443   -0.001012    0.001766  
     -1.483656  0.837340  5.084502     0.001446    0.002042    0.000003  
      1.283950  2.027682  0.122291     0.001444   -0.001000   -0.001777  
      1.483744 -0.837217  1.694812    -0.001437   -0.002040    0.000003  
      4.051646  3.006245  4.962025    -0.001435    0.001019   -0.001769  
     -1.483661  3.984776  3.511966    -0.001438    0.001015    0.001770  
      1.284000  4.751385  5.084395    -0.001445   -0.002044    0.000002  
      1.483813  1.886490  6.656931     0.001438   -0.001008   -0.001779  
      4.251393 -0.070603  3.267260    -0.001442    0.001021    0.001767  
      1.483765 -1.049066  5.206845     0.001443   -0.001005    0.001775  
     -1.283903  0.907920  1.817188    -0.001449    0.001020   -0.001763  
     -1.383715  3.914186  6.779263    -0.015397   -0.021784    0.037726  
 
  12 f  =   19.386469 THz   121.808777 2PiTHz  646.662999 cm-1    80.175957 meV
             X         Y         Z           dx          dy          dz
      3.375392  5.064220  1.583443     0.060609    0.034082   -0.051539  
     -1.885782  2.913398  1.806051    -0.011891   -0.092846   -0.058299  
      3.497608  7.689129  0.167701     0.019971   -0.034697    0.018495  
      0.729941 -1.742092  3.426074     0.002617    0.017784    0.066396  
      3.649524 -1.063682  5.009619     0.003709    0.082846   -0.071290  
      3.497602  1.881150  3.185318     0.009336   -0.020210   -0.009047  
      0.607734  0.796438  4.991441    -0.004245   -0.026260    0.003185  
      3.375339  1.967512  0.204206     0.037508    0.010939    0.017223  
     -4.653373  2.064634  6.742949    -0.011032    0.001353    0.099831  
      6.083576 -2.784850  5.159316    -0.044146   -0.030378   -0.066271  
     -2.219333  2.795514  5.177507     0.002288    0.040836    0.004841  
      0.548308  3.903600  3.221711     0.022394   -0.019562    0.032578  
     -0.607628 -1.150056  5.195771     0.060620    0.034091   -0.051536  
      4.653538  1.000780  4.973171    -0.011894   -0.092866   -0.058294  
     -0.729846 -3.774957  6.611526     0.019974   -0.034712    0.018497  
      2.037828  5.656242  3.353134     0.002613    0.017785    0.066385  
     -0.881771  4.977838  1.769597     0.003710    0.082818   -0.071294  
     -0.729847  2.033015  3.593915     0.009338   -0.020207   -0.009042  
      2.160004  3.117729  1.787787    -0.004237   -0.026261    0.003185  
      2.219447  0.010558  3.557508     0.022406   -0.019561    0.032583  
      7.421126  1.849533  0.036282    -0.011034    0.001351    0.099828  
     -3.315820  6.699001  1.619908    -0.044136   -0.030370   -0.066282  
      4.987075  1.118654  1.601721     0.002274    0.040830    0.004832  
     -0.607587  1.946647  6.575029     0.037495    0.010939    0.017212  
      0.723449  6.894140  1.617574    -0.005296    0.002070   -0.001932  
      6.258728 -0.089030  3.389576    -0.003132   -0.003366    0.002140  
      0.723429  1.023073  1.771935    -0.004941    0.003643   -0.000061  
     -2.170109  0.000137  6.779349     0.002937    0.001979    0.001518  
      2.044298 -2.979976  5.161644    -0.005298    0.002069   -0.001932  
     -3.490979  4.003193  3.389648    -0.003133   -0.003367    0.002140  
      2.044324  2.891089  5.007287    -0.004941    0.003645   -0.000061  
      2.170267  0.000130  6.779292     0.002939    0.001979    0.001518  
      4.251409  3.076817  1.694715    -0.002498    0.002233   -0.008326  
      4.151550  5.871112  3.389505    -0.021361    0.045503    0.012489  
      1.383876  1.957084  3.389611    -0.005428    0.015450   -0.007328  
      4.151542  0.000100  6.779265    -0.069027    0.001496    0.007127  
      1.283971  4.963231  1.572378    -0.006496   -0.016621   -0.002852  
     -1.483656  0.837340  5.084502    -0.002495    0.002232   -0.008322  
      1.283950  2.027682  0.122291     0.000906   -0.011101    0.005203  
      1.483744 -0.837217  1.694812     0.034486   -0.023911   -0.011052  
      4.051646  3.006245  4.962025     0.024921    0.017568   -0.008779  
     -1.483661  3.984776  3.511966     0.021113    0.001811    0.014252  
      1.284000  4.751385  5.084395     0.034496   -0.023918   -0.011056  
      1.483813  1.886490  6.656931     0.000905   -0.011111    0.005218  
      4.251393 -0.070603  3.267260     0.021102    0.001804    0.014242  
      1.483765 -1.049066  5.206845    -0.006502   -0.016626   -0.002857  
     -1.283903  0.907920  1.817188     0.024920    0.017561   -0.008779  
     -1.383715  3.914186  6.779263    -0.019974   -0.014406    0.006197  
 
  13 f  =   19.386435 THz   121.808562 2PiTHz  646.661856 cm-1    80.175816 meV
             X         Y         Z           dx          dy          dz
      3.375392  5.064220  1.583443    -0.078052   -0.020762    0.018401  
     -1.885782  2.913398  1.806051    -0.006247   -0.019984   -0.009559  
      3.497608  7.689129  0.167701    -0.018593   -0.071100   -0.052700  
      0.729941 -1.742092  3.426074     0.007687    0.002716   -0.094192  
      3.649524 -1.063682  5.009619    -0.020357    0.050055    0.003245  
      3.497602  1.881150  3.185318     0.021769    0.011876   -0.042510  
      0.607734  0.796438  4.991441     0.050586    0.008618   -0.001047  
      3.375339  1.967512  0.204206     0.059397    0.029258    0.065977  
     -4.653373  2.064634  6.742949     0.020098    0.032118    0.043764  
      6.083576 -2.784850  5.159316     0.080991    0.005560    0.023922  
     -2.219333  2.795514  5.177507    -0.078305    0.065426    0.005803  
      0.548308  3.903600  3.221711    -0.009362   -0.009550    0.005480  
     -0.607628 -1.150056  5.195771    -0.078050   -0.020764    0.018396  
      4.653538  1.000780  4.973171    -0.006252   -0.019989   -0.009565  
     -0.729846 -3.774957  6.611526    -0.018608   -0.071088   -0.052699  
      2.037828  5.656242  3.353134     0.007683    0.002712   -0.094209  
     -0.881771  4.977838  1.769597    -0.020353    0.050046    0.003238  
     -0.729847  2.033015  3.593915     0.021777    0.011885   -0.042520  
      2.160004  3.117729  1.787787     0.050573    0.008617   -0.001038  
      2.219447  0.010558  3.557508    -0.009372   -0.009540    0.005487  
      7.421126  1.849533  0.036282     0.020104    0.032122    0.043756  
     -3.315820  6.699001  1.619908     0.080992    0.005562    0.023909  
      4.987075  1.118654  1.601721    -0.078306    0.065431    0.005812  
     -0.607587  1.946647  6.575029     0.059393    0.029250    0.065974  
      0.723449  6.894140  1.617574     0.001587   -0.001980   -0.003670  
      6.258728 -0.089030  3.389576    -0.003467    0.001262    0.003088  
      0.723429  1.023073  1.771935    -0.002662   -0.003554    0.004060  
     -2.170109  0.000137  6.779349     0.000999   -0.005814    0.000527  
      2.044298 -2.979976  5.161644     0.001587   -0.001978   -0.003672  
     -3.490979  4.003193  3.389648    -0.003466    0.001261    0.003089  
      2.044324  2.891089  5.007287    -0.002664   -0.003555    0.004059  
      2.170267  0.000130  6.779292     0.001000   -0.005814    0.000527  
      4.251409  3.076817  1.694715     0.005532   -0.001982   -0.014609  
      4.151550  5.871112  3.389505     0.017954   -0.052109    0.012259  
      1.383876  1.957084  3.389611    -0.021495   -0.010274   -0.006892  
      4.151542  0.000100  6.779265    -0.023472   -0.013891   -0.009880  
      1.283971  4.963231  1.572378     0.002509    0.024648    0.011117  
     -1.483656  0.837340  5.084502     0.005529   -0.001980   -0.014591  
      1.283950  2.027682  0.122291    -0.010787    0.030683   -0.026684  
      1.483744 -0.837217  1.694812    -0.007536    0.007253    0.005001  
      4.051646  3.006245  4.962025     0.024703    0.013747   -0.013296  
     -1.483661  3.984776  3.511966     0.010190   -0.004321    0.010654  
      1.284000  4.751385  5.084395    -0.007530    0.007252    0.005007  
      1.483813  1.886490  6.656931    -0.010792    0.030689   -0.026681  
      4.251393 -0.070603  3.267260     0.010203   -0.004323    0.010651  
      1.483765 -1.049066  5.206845     0.002509    0.024639    0.011118  
     -1.283903  0.907920  1.817188     0.024691    0.013742   -0.013297  
     -1.383715  3.914186  6.779263    -0.012335   -0.035675    0.048962  
 
  14 f  =   19.386364 THz   121.808117 2PiTHz  646.659493 cm-1    80.175523 meV
             X         Y         Z           dx          dy          dz
      3.375392  5.064220  1.583443     0.011797   -0.019245    0.027143  
     -1.885782  2.913398  1.806051     0.022156   -0.046650    0.015478  
      3.497608  7.689129  0.167701    -0.003165    0.067733    0.029609  
      0.729941 -1.742092  3.426074     0.026255    0.030985   -0.016593  
      3.649524 -1.063682  5.009619    -0.015571    0.021474    0.003072  
      3.497602  1.881150  3.185318    -0.013934    0.097907   -0.053114  
      0.607734  0.796438  4.991441     0.085633   -0.069496   -0.009472  
      3.375339  1.967512  0.204206    -0.070525    0.002940   -0.007844  
     -4.653373  2.064634  6.742949    -0.012070   -0.018265    0.040996  
      6.083576 -2.784850  5.159316     0.030876    0.008807    0.011690  
     -2.219333  2.795514  5.177507     0.057745   -0.009156   -0.006614  
      0.548308  3.903600  3.221711    -0.094236   -0.040787    0.053900  
     -0.607628 -1.150056  5.195771     0.011805   -0.019234    0.027131  
      4.653538  1.000780  4.973171     0.022156   -0.046661    0.015456  
     -0.729846 -3.774957  6.611526    -0.003180    0.067735    0.029611  
      2.037828  5.656242  3.353134     0.026267    0.030985   -0.016591  
     -0.881771  4.977838  1.769597    -0.015579    0.021477    0.003067  
     -0.729847  2.033015  3.593915    -0.013925    0.097923   -0.053131  
      2.160004  3.117729  1.787787     0.085624   -0.069490   -0.009472  
      2.219447  0.010558  3.557508    -0.094244   -0.040768    0.053894  
      7.421126  1.849533  0.036282    -0.012066   -0.018271    0.040971  
     -3.315820  6.699001  1.619908     0.030893    0.008803    0.011691  
      4.987075  1.118654  1.601721     0.057747   -0.009158   -0.006600  
     -0.607587  1.946647  6.575029    -0.070523    0.002926   -0.007844  
      0.723449  6.894140  1.617574    -0.002027   -0.004840   -0.001500  
      6.258728 -0.089030  3.389576    -0.003583   -0.000679   -0.004859  
      0.723429  1.023073  1.771935     0.001778    0.002388    0.001727  
     -2.170109  0.000137  6.779349     0.000843   -0.000010   -0.005927  
      2.044298 -2.979976  5.161644    -0.002026   -0.004840   -0.001502  
     -3.490979  4.003193  3.389648    -0.003581   -0.000677   -0.004858  
      2.044324  2.891089  5.007287     0.001777    0.002388    0.001727  
      2.170267  0.000130  6.779292     0.000842   -0.000012   -0.005925  
      4.251409  3.076817  1.694715    -0.009113    0.007244    0.039809  
      4.151550  5.871112  3.389505    -0.011899   -0.018023   -0.003915  
      1.383876  1.957084  3.389611    -0.020697   -0.034270   -0.061732  
      4.151542  0.000100  6.779265    -0.019785    0.011244   -0.013158  
      1.283971  4.963231  1.572378     0.008444    0.028144    0.011063  
     -1.483656  0.837340  5.084502    -0.009120    0.007250    0.039832  
      1.283950  2.027682  0.122291    -0.001643   -0.009681    0.005763  
      1.483744 -0.837217  1.694812     0.000737    0.000286   -0.005577  
      4.051646  3.006245  4.962025    -0.004077   -0.007195    0.000890  
     -1.483661  3.984776  3.511966     0.026400    0.003005    0.021347  
      1.284000  4.751385  5.084395     0.000738    0.000282   -0.005570  
      1.483813  1.886490  6.656931    -0.001649   -0.009656    0.005752  
      4.251393 -0.070603  3.267260     0.026414    0.003003    0.021346  
      1.483765 -1.049066  5.206845     0.008444    0.028134    0.011065  
     -1.283903  0.907920  1.817188    -0.004084   -0.007195    0.000884  
     -1.383715  3.914186  6.779263     0.019206    0.006159   -0.038417  
 
  15 f  =   19.067504 THz   119.804663 2PiTHz  636.023481 cm-1    78.856826 meV
             X         Y         Z           dx          dy          dz
      3.375392  5.064220  1.583443    -0.049941   -0.029558    0.015183  
     -1.885782  2.913398  1.806051     0.021782    0.003974    0.013532  
      3.497608  7.689129  0.167701     0.006618    0.010920   -0.019446  
      0.729941 -1.742092  3.426074    -0.053899   -0.010213   -0.040138  
      3.649524 -1.063682  5.009619     0.037600   -0.006095    0.048163  
      3.497602  1.881150  3.185318     0.001979   -0.060016    0.070113  
      0.607734  0.796438  4.991441     0.017510   -0.062549    0.031531  
      3.375339  1.967512  0.204206    -0.024778    0.041259   -0.033514  
     -4.653373  2.064634  6.742949     0.007438   -0.038965    0.073986  
      6.083576 -2.784850  5.159316    -0.082803    0.003178   -0.032129  
     -2.219333  2.795514  5.177507    -0.067084    0.015559   -0.035147  
      0.548308  3.903600  3.221711    -0.030884   -0.039265    0.019780  
     -0.607628 -1.150056  5.195771     0.049954    0.029552   -0.015180  
      4.653538  1.000780  4.973171    -0.021788   -0.003957   -0.013533  
     -0.729846 -3.774957  6.611526    -0.006611   -0.010931    0.019435  
      2.037828  5.656242  3.353134     0.053900    0.010215    0.040173  
     -0.881771  4.977838  1.769597    -0.037586    0.006074   -0.048168  
     -0.729847  2.033015  3.593915    -0.001961    0.059997   -0.070125  
      2.160004  3.117729  1.787787    -0.017510    0.062549   -0.031531  
      2.219447  0.010558  3.557508     0.030911    0.039267   -0.019781  
      7.421126  1.849533  0.036282    -0.007424    0.038969   -0.074017  
     -3.315820  6.699001  1.619908     0.082783   -0.003172    0.032133  
      4.987075  1.118654  1.601721     0.067051   -0.015557    0.035157  
     -0.607587  1.946647  6.575029     0.024780   -0.041259    0.033520  
      0.723449  6.894140  1.617574    -0.002028    0.000780    0.004690  
      6.258728 -0.089030  3.389576     0.000247   -0.001527   -0.005152  
      0.723429  1.023073  1.771935     0.004161   -0.003248   -0.001104  
     -2.170109  0.000137  6.779349    -0.003664    0.002981    0.002230  
      2.044298 -2.979976  5.161644     0.002031   -0.000777   -0.004690  
     -3.490979  4.003193  3.389648    -0.000247    0.001524    0.005150  
      2.044324  2.891089  5.007287    -0.004163    0.003248    0.001105  
      2.170267  0.000130  6.779292     0.003665   -0.002981   -0.002227  
      4.251409  3.076817  1.694715    -0.014669   -0.023519   -0.022994  
      4.151550  5.871112  3.389505     0.000001    0.000012   -0.000003  
      1.383876  1.957084  3.389611    -0.000003    0.000003    0.000006  
      4.151542  0.000100  6.779265    -0.000004    0.000002    0.000004  
      1.283971  4.963231  1.572378     0.008137   -0.008001   -0.014869  
     -1.483656  0.837340  5.084502     0.014675    0.023523    0.023008  
      1.283950  2.027682  0.122291     0.025781   -0.041780    0.025399  
      1.483744 -0.837217  1.694812     0.003995    0.031060   -0.002387  
      4.051646  3.006245  4.962025     0.050682    0.025203   -0.023237  
     -1.483661  3.984776  3.511966     0.026251   -0.001064    0.041811  
      1.284000  4.751385  5.084395    -0.004012   -0.031063    0.002390  
      1.483813  1.886490  6.656931    -0.025777    0.041788   -0.025408  
      4.251393 -0.070603  3.267260    -0.026268    0.001068   -0.041814  
      1.483765 -1.049066  5.206845    -0.008147    0.007991    0.014843  
     -1.283903  0.907920  1.817188    -0.050667   -0.025209    0.023242  
     -1.383715  3.914186  6.779263    -0.000001   -0.000007    0.000005  
 
  16 f  =   19.067442 THz   119.804269 2PiTHz  636.021393 cm-1    78.856567 meV
             X         Y         Z           dx          dy          dz
      3.375392  5.064220  1.583443    -0.027237   -0.048888    0.014556  
     -1.885782  2.913398  1.806051     0.031673    0.068777    0.015388  
      3.497608  7.689129  0.167701     0.029073    0.071219    0.014482  
      0.729941 -1.742092  3.426074     0.013804   -0.005515    0.051468  
      3.649524 -1.063682  5.009619    -0.009248    0.094222   -0.008782  
      3.497602  1.881150  3.185318    -0.059305   -0.027587    0.009429  
      0.607734  0.796438  4.991441    -0.041244    0.033718   -0.013392  
      3.375339  1.967512  0.204206     0.047723    0.053418    0.061833  
     -4.653373  2.064634  6.742949     0.001818    0.035942   -0.006260  
      6.083576 -2.784850  5.159316    -0.040802   -0.041193    0.031831  
     -2.219333  2.795514  5.177507     0.021167    0.021949    0.020321  
      0.548308  3.903600  3.221711    -0.045917   -0.036273   -0.005355  
     -0.607628 -1.150056  5.195771     0.027234    0.048887   -0.014544  
      4.653538  1.000780  4.973171    -0.031661   -0.068754   -0.015350  
     -0.729846 -3.774957  6.611526    -0.029066   -0.071215   -0.014473  
      2.037828  5.656242  3.353134    -0.013805    0.005491   -0.051487  
     -0.881771  4.977838  1.769597     0.009241   -0.094220    0.008799  
     -0.729847  2.033015  3.593915     0.059304    0.027591   -0.009424  
      2.160004  3.117729  1.787787     0.041222   -0.033705    0.013409  
      2.219447  0.010558  3.557508     0.045947    0.036273    0.005343  
      7.421126  1.849533  0.036282    -0.001812   -0.035956    0.006246  
     -3.315820  6.699001  1.619908     0.040798    0.041187   -0.031822  
      4.987075  1.118654  1.601721    -0.021157   -0.021964   -0.020315  
     -0.607587  1.946647  6.575029    -0.047726   -0.053435   -0.061849  
      0.723449  6.894140  1.617574     0.004465   -0.002142    0.002124  
      6.258728 -0.089030  3.389576    -0.004289    0.002673   -0.001172  
      0.723429  1.023073  1.771935     0.000691   -0.001016    0.005051  
     -2.170109  0.000137  6.779349    -0.001328    0.001789   -0.004904  
      2.044298 -2.979976  5.161644    -0.004466    0.002141   -0.002119  
     -3.490979  4.003193  3.389648     0.004295   -0.002674    0.001172  
      2.044324  2.891089  5.007287    -0.000691    0.001016   -0.005050  
      2.170267  0.000130  6.779292     0.001329   -0.001789    0.004901  
      4.251409  3.076817  1.694715     0.007181    0.012055   -0.036777  
      4.151550  5.871112  3.389505    -0.000004    0.000012    0.000002  
      1.383876  1.957084  3.389611     0.000003   -0.000005   -0.000003  
      4.151542  0.000100  6.779265     0.000002   -0.000001   -0.000000  
      1.283971  4.963231  1.572378     0.017741    0.061885    0.021808  
     -1.483656  0.837340  5.084502    -0.007180   -0.012068    0.036788  
      1.283950  2.027682  0.122291     0.007060    0.005878   -0.036907  
      1.483744 -0.837217  1.694812    -0.039187    0.010565   -0.000459  
      4.051646  3.006245  4.962025     0.021631    0.027156   -0.002564  
     -1.483661  3.984776  3.511966    -0.034389    0.014393    0.002898  
      1.284000  4.751385  5.084395     0.039200   -0.010577    0.000469  
      1.483813  1.886490  6.656931    -0.007062   -0.005856    0.036894  
      4.251393 -0.070603  3.267260     0.034337   -0.014410   -0.002929  
      1.483765 -1.049066  5.206845    -0.017742   -0.061870   -0.021800  
     -1.283903  0.907920  1.817188    -0.021638   -0.027149    0.002554  
     -1.383715  3.914186  6.779263     0.000007    0.000012   -0.000016  
 
  17 f  =   19.067383 THz   119.803901 2PiTHz  636.019439 cm-1    78.856325 meV
             X         Y         Z           dx          dy          dz
      3.375392  5.064220  1.583443    -0.027027    0.000344    0.076662  
     -1.885782  2.913398  1.806051    -0.010257    0.030051    0.076810  
      3.497608  7.689129  0.167701     0.052355   -0.060271   -0.022487  
      0.729941 -1.742092  3.426074    -0.023128    0.031737    0.067179  
      3.649524 -1.063682  5.009619    -0.009142   -0.014019    0.021344  
      3.497602  1.881150  3.185318     0.010409   -0.023460   -0.001373  
      0.607734  0.796438  4.991441     0.044268   -0.038529   -0.043256  
      3.375339  1.967512  0.204206     0.032815   -0.004049    0.007769  
     -4.653373  2.064634  6.742949    -0.039044    0.019466    0.057091  
      6.083576 -2.784850  5.159316     0.019083    0.010069    0.028447  
     -2.219333  2.795514  5.177507     0.062767   -0.029880   -0.037371  
      0.548308  3.903600  3.221711     0.076298   -0.026669   -0.025974  
     -0.607628 -1.150056  5.195771     0.027027   -0.000338   -0.076661  
      4.653538  1.000780  4.973171     0.010255   -0.030058   -0.076821  
     -0.729846 -3.774957  6.611526    -0.052349    0.060271    0.022500  
      2.037828  5.656242  3.353134     0.023124   -0.031747   -0.067167  
     -0.881771  4.977838  1.769597     0.009153    0.014015   -0.021343  
     -0.729847  2.033015  3.593915    -0.010406    0.023435    0.001388  
      2.160004  3.117729  1.787787    -0.044297    0.038563    0.043264  
      2.219447  0.010558  3.557508    -0.076276    0.026683    0.025952  
      7.421126  1.849533  0.036282     0.039034   -0.019465   -0.057087  
     -3.315820  6.699001  1.619908    -0.019110   -0.010069   -0.028460  
      4.987075  1.118654  1.601721    -0.062752    0.029881    0.037370  
     -0.607587  1.946647  6.575029    -0.032804    0.004046   -0.007774  
      0.723449  6.894140  1.617574    -0.002191   -0.004818   -0.000489  
      6.258728 -0.089030  3.389576    -0.003218   -0.004052    0.001167  
      0.723429  1.023073  1.771935     0.003321    0.004103    0.000024  
     -2.170109  0.000137  6.779349     0.003207    0.004147    0.000515  
      2.044298 -2.979976  5.161644     0.002189    0.004820    0.000490  
     -3.490979  4.003193  3.389648     0.003220    0.004053   -0.001168  
      2.044324  2.891089  5.007287    -0.003322   -0.004103   -0.000022  
      2.170267  0.000130  6.779292    -0.003207   -0.004144   -0.000514  
      4.251409  3.076817  1.694715     0.021331   -0.012089   -0.049867  
      4.151550  5.871112  3.389505    -0.000001    0.000006    0.000003  
      1.383876  1.957084  3.389611     0.000001   -0.000001    0.000001  
      4.151542  0.000100  6.779265    -0.000002    0.000002   -0.000000  
      1.283971  4.963231  1.572378    -0.018456    0.014194   -0.020574  
     -1.483656  0.837340  5.084502    -0.021337    0.012080    0.049862  
      1.283950  2.027682  0.122291    -0.002726   -0.033196    0.018033  
      1.483744 -0.837217  1.694812     0.041055   -0.032016   -0.024352  
      4.051646  3.006245  4.962025     0.014151   -0.014454    0.023945  
     -1.483661  3.984776  3.511966    -0.036955   -0.012633   -0.023989  
      1.284000  4.751385  5.084395    -0.041040    0.032011    0.024353  
      1.483813  1.886490  6.656931     0.002744    0.033193   -0.018049  
      4.251393 -0.070603  3.267260     0.036948    0.012633    0.023981  
      1.483765 -1.049066  5.206845     0.018457   -0.014212    0.020572  
     -1.283903  0.907920  1.817188    -0.014166    0.014451   -0.023937  
     -1.383715  3.914186  6.779263    -0.000003    0.000004    0.000000  
 
  18 f  =   18.643096 THz   117.138024 2PiTHz  621.866730 cm-1    77.101613 meV
             X         Y         Z           dx          dy          dz
      3.375392  5.064220  1.583443    -0.002843    0.000463    0.057161  
     -1.885782  2.913398  1.806051    -0.013838   -0.018577   -0.010693  
      3.497608  7.689129  0.167701     0.027462   -0.052657    0.001679  
      0.729941 -1.742092  3.426074     0.025874   -0.003033   -0.003081  
      3.649524 -1.063682  5.009619     0.012222    0.032332    0.030200  
      3.497602  1.881150  3.185318     0.016574   -0.001106    0.012167  
      0.607734  0.796438  4.991441    -0.003677    0.017764    0.003588  
      3.375339  1.967512  0.204206    -0.015089    0.014221   -0.022335  
     -4.653373  2.064634  6.742949     0.016666    0.033507   -0.040823  
      6.083576 -2.784850  5.159316    -0.047932    0.007077   -0.004491  
     -2.219333  2.795514  5.177507     0.041342    0.016141    0.032211  
      0.548308  3.903600  3.221711    -0.010696    0.010897    0.003701  
     -0.607628 -1.150056  5.195771    -0.002848    0.000458    0.057172  
      4.653538  1.000780  4.973171    -0.013833   -0.018568   -0.010676  
     -0.729846 -3.774957  6.611526     0.027465   -0.052661    0.001670  
      2.037828  5.656242  3.353134     0.025863   -0.003027   -0.003071  
     -0.881771  4.977838  1.769597     0.012221    0.032339    0.030202  
     -0.729847  2.033015  3.593915     0.016576   -0.001121    0.012173  
      2.160004  3.117729  1.787787    -0.003667    0.017755    0.003586  
      2.219447  0.010558  3.557508    -0.010692    0.010886    0.003693  
      7.421126  1.849533  0.036282     0.016659    0.033517   -0.040821  
     -3.315820  6.699001  1.619908    -0.047940    0.007076   -0.004494  
      4.987075  1.118654  1.601721     0.041360    0.016138    0.032210  
     -0.607587  1.946647  6.575029    -0.015076    0.014217   -0.022328  
      0.723449  6.894140  1.617574    -0.006649    0.001542   -0.000978  
      6.258728 -0.089030  3.389576     0.000382    0.004668   -0.005979  
      0.723429  1.023073  1.771935     0.004080    0.003131    0.008875  
     -2.170109  0.000137  6.779349     0.005121   -0.005704    0.001865  
      2.044298 -2.979976  5.161644    -0.006648    0.001542   -0.000979  
     -3.490979  4.003193  3.389648     0.000382    0.004667   -0.005979  
      2.044324  2.891089  5.007287     0.004081    0.003132    0.008875  
      2.170267  0.000130  6.779292     0.005123   -0.005704    0.001865  
      4.251409  3.076817  1.694715     0.001777   -0.007236   -0.007806  
      4.151550  5.871112  3.389505     0.014078   -0.026868    0.005633  
      1.383876  1.957084  3.389611    -0.022572   -0.032001   -0.059070  
      4.151542  0.000100  6.779265    -0.035995    0.005409    0.004095  
      1.283971  4.963231  1.572378    -0.004981   -0.037403   -0.021811  
     -1.483656  0.837340  5.084502     0.001779   -0.007236   -0.007816  
      1.283950  2.027682  0.122291     0.010774    0.076401   -0.038954  
      1.483744 -0.837217  1.694812     0.048367   -0.040182    0.007261  
      4.051646  3.006245  4.962025    -0.075365   -0.018692    0.046475  
     -1.483661  3.984776  3.511966     0.004007    0.008029   -0.005018  
      1.284000  4.751385  5.084395     0.048368   -0.040192    0.007260  
      1.483813  1.886490  6.656931     0.010771    0.076400   -0.038956  
      4.251393 -0.070603  3.267260     0.004006    0.008029   -0.005018  
      1.483765 -1.049066  5.206845    -0.004983   -0.037394   -0.021807  
     -1.283903  0.907920  1.817188    -0.075361   -0.018694    0.046485  
     -1.383715  3.914186  6.779263     0.006494    0.006419    0.000422  
 
  19 f  =   18.642968 THz   117.137223 2PiTHz  621.862478 cm-1    77.101086 meV
             X         Y         Z           dx          dy          dz
      3.375392  5.064220  1.583443     0.009689    0.013771    0.006428  
     -1.885782  2.913398  1.806051     0.000127    0.003018    0.060238  
      3.497608  7.689129  0.167701     0.000485   -0.004560    0.003319  
      0.729941 -1.742092  3.426074    -0.012866   -0.026623   -0.038039  
      3.649524 -1.063682  5.009619    -0.020665    0.048941   -0.000190  
      3.497602  1.881150  3.185318    -0.005439    0.014457   -0.028808  
      0.607734  0.796438  4.991441    -0.005903   -0.031694    0.034863  
      3.375339  1.967512  0.204206     0.001734   -0.023063   -0.001455  
     -4.653373  2.064634  6.742949     0.016706   -0.024111   -0.008127  
      6.083576 -2.784850  5.159316    -0.036003   -0.020115    0.027295  
     -2.219333  2.795514  5.177507    -0.019138    0.001366    0.012154  
      0.548308  3.903600  3.221711     0.059541   -0.014189    0.001697  
     -0.607628 -1.150056  5.195771     0.009673    0.013753    0.006438  
      4.653538  1.000780  4.973171     0.000146    0.003060    0.060253  
     -0.729846 -3.774957  6.611526     0.000489   -0.004529    0.003320  
      2.037828  5.656242  3.353134    -0.012871   -0.026622   -0.038004  
     -0.881771  4.977838  1.769597    -0.020668    0.048993   -0.000192  
     -0.729847  2.033015  3.593915    -0.005458    0.014446   -0.028799  
      2.160004  3.117729  1.787787    -0.005918   -0.031685    0.034862  
      2.219447  0.010558  3.557508     0.059526   -0.014201    0.001687  
      7.421126  1.849533  0.036282     0.016696   -0.024087   -0.008122  
     -3.315820  6.699001  1.619908    -0.036028   -0.020135    0.027314  
      4.987075  1.118654  1.601721    -0.019124    0.001390    0.012169  
     -0.607587  1.946647  6.575029     0.001752   -0.023049   -0.001433  
      0.723449  6.894140  1.617574    -0.002714   -0.003196    0.009330  
      6.258728 -0.089030  3.389576     0.007300   -0.003935   -0.000099  
      0.723429  1.023073  1.771935    -0.004031    0.005698    0.001515  
     -2.170109  0.000137  6.779349    -0.001306   -0.002568   -0.006317  
      2.044298 -2.979976  5.161644    -0.002711   -0.003197    0.009330  
     -3.490979  4.003193  3.389648     0.007300   -0.003935   -0.000100  
      2.044324  2.891089  5.007287    -0.004032    0.005696    0.001516  
      2.170267  0.000130  6.779292    -0.001305   -0.002569   -0.006319  
      4.251409  3.076817  1.694715     0.009608   -0.002058    0.013596  
      4.151550  5.871112  3.389505    -0.017692    0.039526    0.005239  
      1.383876  1.957084  3.389611    -0.006534   -0.014961   -0.010887  
      4.151542  0.000100  6.779265     0.009173   -0.004212    0.006458  
      1.283971  4.963231  1.572378    -0.007137    0.061945    0.035180  
     -1.483656  0.837340  5.084502     0.009612   -0.002054    0.013581  
      1.283950  2.027682  0.122291    -0.004407    0.020390   -0.018221  
      1.483744 -0.837217  1.694812     0.058428   -0.036539    0.010312  
      4.051646  3.006245  4.962025     0.025583    0.014499   -0.018952  
     -1.483661  3.984776  3.511966    -0.078137   -0.037263   -0.045145  
      1.284000  4.751385  5.084395     0.058412   -0.036538    0.010315  
      1.483813  1.886490  6.656931    -0.004408    0.020407   -0.018242  
      4.251393 -0.070603  3.267260    -0.078133   -0.037256   -0.045142  
      1.483765 -1.049066  5.206845    -0.007134    0.061972    0.035192  
     -1.283903  0.907920  1.817188     0.025592    0.014507   -0.018957  
     -1.383715  3.914186  6.779263     0.024739    0.031401   -0.058076  
 
  20 f  =   18.642848 THz   117.136469 2PiTHz  621.858477 cm-1    77.100590 meV
             X         Y         Z           dx          dy          dz
      3.375392  5.064220  1.583443    -0.014063   -0.028301    0.023634  
     -1.885782  2.913398  1.806051     0.019713    0.018858    0.011262  
      3.497608  7.689129  0.167701     0.039796   -0.000404   -0.004052  
      0.729941 -1.742092  3.426074     0.038776    0.009538    0.023655  
      3.649524 -1.063682  5.009619     0.001995   -0.012215   -0.008544  
      3.497602  1.881150  3.185318     0.045090    0.020568   -0.034812  
      0.607734  0.796438  4.991441    -0.015862    0.048048    0.001476  
      3.375339  1.967512  0.204206    -0.008327   -0.044014   -0.041093  
     -4.653373  2.064634  6.742949     0.004878   -0.029384    0.016748  
      6.083576 -2.784850  5.159316     0.008261    0.007528   -0.014850  
     -2.219333  2.795514  5.177507    -0.039794    0.002313    0.006693  
      0.548308  3.903600  3.221711     0.001007   -0.033869   -0.003672  
     -0.607628 -1.150056  5.195771    -0.014075   -0.028313    0.023645  
      4.653538  1.000780  4.973171     0.019723    0.018877    0.011286  
     -0.729846 -3.774957  6.611526     0.039797   -0.000377   -0.004050  
      2.037828  5.656242  3.353134     0.038756    0.009532    0.023654  
     -0.881771  4.977838  1.769597     0.002008   -0.012202   -0.008538  
     -0.729847  2.033015  3.593915     0.045089    0.020542   -0.034789  
      2.160004  3.117729  1.787787    -0.015853    0.048032    0.001489  
      2.219447  0.010558  3.557508     0.000992   -0.033889   -0.003671  
      7.421126  1.849533  0.036282     0.004875   -0.029371    0.016777  
     -3.315820  6.699001  1.619908     0.008236    0.007526   -0.014850  
      4.987075  1.118654  1.601721    -0.039797    0.002330    0.006705  
     -0.607587  1.946647  6.575029    -0.008308   -0.044003   -0.041091  
      0.723449  6.894140  1.617574     0.001643    0.006971    0.001031  
      6.258728 -0.089030  3.389576    -0.000891   -0.008109   -0.003389  
      0.723429  1.023073  1.771935    -0.004615   -0.004347    0.002823  
     -2.170109  0.000137  6.779349     0.009059    0.002851   -0.001964  
      2.044298 -2.979976  5.161644     0.001644    0.006972    0.001029  
     -3.490979  4.003193  3.389648    -0.000891   -0.008110   -0.003390  
      2.044324  2.891089  5.007287    -0.004615   -0.004347    0.002823  
      2.170267  0.000130  6.779292     0.009060    0.002851   -0.001964  
      4.251409  3.076817  1.694715     0.006372   -0.005588    0.102079  
      4.151550  5.871112  3.389505    -0.012084    0.050493   -0.001106  
      1.383876  1.957084  3.389611     0.010234    0.002294    0.005533  
      4.151542  0.000100  6.779265    -0.063645   -0.003660   -0.001375  
      1.283971  4.963231  1.572378     0.007762   -0.048122   -0.038603  
     -1.483656  0.837340  5.084502     0.006367   -0.005592    0.102084  
      1.283950  2.027682  0.122291    -0.000752    0.047361   -0.020329  
      1.483744 -0.837217  1.694812    -0.037107    0.025125    0.005026  
      4.051646  3.006245  4.962025     0.028135    0.002189   -0.026168  
     -1.483661  3.984776  3.511966    -0.031703   -0.007133   -0.014153  
      1.284000  4.751385  5.084395    -0.037104    0.025128    0.005028  
      1.483813  1.886490  6.656931    -0.000750    0.047356   -0.020320  
      4.251393 -0.070603  3.267260    -0.031695   -0.007133   -0.014151  
      1.483765 -1.049066  5.206845     0.007768   -0.048120   -0.038594  
     -1.283903  0.907920  1.817188     0.028143    0.002198   -0.026182  
     -1.383715  3.914186  6.779263    -0.001683   -0.015065    0.016360  
 
  21 f  =   18.241768 THz   114.616410 2PiTHz  608.479889 cm-1    75.441857 meV
             X         Y         Z           dx          dy          dz
      3.375392  5.064220  1.583443    -0.002212   -0.014707   -0.060227  
     -1.885782  2.913398  1.806051    -0.010547   -0.061236    0.028110  
      3.497608  7.689129  0.167701    -0.053941   -0.023091   -0.009816  
      0.729941 -1.742092  3.426074     0.027512    0.014889   -0.041546  
      3.649524 -1.063682  5.009619    -0.003091   -0.061561    0.009004  
      3.497602  1.881150  3.185318    -0.024594   -0.024552    0.036325  
      0.607734  0.796438  4.991441     0.023044    0.026664   -0.011448  
      3.375339  1.967512  0.204206    -0.057813   -0.000796   -0.031097  
     -4.653373  2.064634  6.742949     0.022074   -0.017448   -0.003416  
      6.083576 -2.784850  5.159316    -0.037777    0.006513   -0.032444  
     -2.219333  2.795514  5.177507    -0.032754    0.013029   -0.026145  
      0.548308  3.903600  3.221711     0.035654   -0.049037    0.009641  
     -0.607628 -1.150056  5.195771     0.001995    0.014908    0.060101  
      4.653538  1.000780  4.973171     0.010816    0.061088   -0.028036  
     -0.729846 -3.774957  6.611526     0.054001    0.022993    0.010106  
      2.037828  5.656242  3.353134    -0.027416   -0.015132    0.041347  
     -0.881771  4.977838  1.769597     0.003106    0.061385   -0.008711  
     -0.729847  2.033015  3.593915     0.024435    0.024826   -0.036420  
      2.160004  3.117729  1.787787    -0.023170   -0.026418    0.011684  
      2.219447  0.010558  3.557508    -0.035743    0.049065   -0.009953  
      7.421126  1.849533  0.036282    -0.022337    0.017496    0.003655  
     -3.315820  6.699001  1.619908     0.037629   -0.006558    0.032126  
      4.987075  1.118654  1.601721     0.033011   -0.013044    0.025915  
     -0.607587  1.946647  6.575029     0.058158    0.000725    0.031196  
      0.723449  6.894140  1.617574     0.003752   -0.005032   -0.001950  
      6.258728 -0.089030  3.389576    -0.005850    0.001551    0.002254  
      0.723429  1.023073  1.771935    -0.000618    0.002814    0.005591  
     -2.170109  0.000137  6.779349     0.002743    0.000713   -0.005861  
      2.044298 -2.979976  5.161644    -0.003775    0.005014    0.001932  
     -3.490979  4.003193  3.389648     0.005884   -0.001537   -0.002247  
      2.044324  2.891089  5.007287     0.000610   -0.002841   -0.005571  
      2.170267  0.000130  6.779292    -0.002744   -0.000679    0.005854  
      4.251409  3.076817  1.694715     0.024608    0.027019   -0.033012  
      4.151550  5.871112  3.389505    -0.000004   -0.000003    0.000084  
      1.383876  1.957084  3.389611     0.000072   -0.000048   -0.000004  
      4.151542  0.000100  6.779265     0.000003   -0.000001   -0.000087  
      1.283971  4.963231  1.572378    -0.003819    0.068442    0.023663  
     -1.483656  0.837340  5.084502    -0.024757   -0.027223    0.033009  
      1.283950  2.027682  0.122291    -0.003409   -0.041460   -0.003588  
      1.483744 -0.837217  1.694812    -0.051922   -0.007709   -0.007008  
      4.051646  3.006245  4.962025    -0.055514   -0.019130    0.053281  
     -1.483661  3.984776  3.511966    -0.027034    0.013800   -0.005314  
      1.284000  4.751385  5.084395     0.052064    0.007909    0.007003  
      1.483813  1.886490  6.656931     0.003533    0.041366    0.003442  
      4.251393 -0.070603  3.267260     0.026913   -0.013713    0.005460  
      1.483765 -1.049066  5.206845     0.003839   -0.068451   -0.023632  
     -1.283903  0.907920  1.817188     0.055476    0.019136   -0.053288  
     -1.383715  3.914186  6.779263    -0.000069    0.000055    0.000001  
 
  22 f  =   18.241630 THz   114.615541 2PiTHz  608.475275 cm-1    75.441285 meV
             X         Y         Z           dx          dy          dz
      3.375392  5.064220  1.583443     0.052469    0.015144    0.007942  
     -1.885782  2.913398  1.806051     0.016002   -0.017305   -0.040403  
      3.497608  7.689129  0.167701     0.033590   -0.010314    0.019288  
      0.729941 -1.742092  3.426074     0.019404   -0.014042   -0.041095  
      3.649524 -1.063682  5.009619    -0.021141    0.000552   -0.053768  
      3.497602  1.881150  3.185318    -0.052035    0.041012   -0.014696  
      0.607734  0.796438  4.991441    -0.035421    0.046308   -0.018539  
      3.375339  1.967512  0.204206    -0.016333    0.052988    0.022314  
     -4.653373  2.064634  6.742949     0.004977   -0.021062   -0.062127  
      6.083576 -2.784850  5.159316     0.044213    0.029175   -0.030983  
     -2.219333  2.795514  5.177507    -0.047196   -0.005740   -0.010427  
      0.548308  3.903600  3.221711     0.003643    0.030736    0.008687  
     -0.607628 -1.150056  5.195771    -0.052414   -0.015427   -0.007857  
      4.653538  1.000780  4.973171    -0.016310    0.017260    0.040298  
     -0.729846 -3.774957  6.611526    -0.033572    0.010540   -0.019486  
      2.037828  5.656242  3.353134    -0.019559    0.014159    0.041417  
     -0.881771  4.977838  1.769597     0.021307   -0.000454    0.053486  
     -0.729847  2.033015  3.593915     0.052155   -0.041300    0.014638  
      2.160004  3.117729  1.787787     0.035667   -0.046474    0.018331  
      2.219447  0.010558  3.557508    -0.003458   -0.030623   -0.008455  
      7.421126  1.849533  0.036282    -0.004821    0.020950    0.061832  
     -3.315820  6.699001  1.619908    -0.044198   -0.028993    0.031245  
      4.987075  1.118654  1.601721     0.046967    0.005915    0.010609  
     -0.607587  1.946647  6.575029     0.016033   -0.052939   -0.022211  
      0.723449  6.894140  1.617574    -0.003323   -0.003934    0.003557  
      6.258728 -0.089030  3.389576    -0.002833   -0.004517   -0.003698  
      0.723429  1.023073  1.771935     0.006206    0.001905   -0.000571  
     -2.170109  0.000137  6.779349    -0.000053    0.006518    0.000759  
      2.044298 -2.979976  5.161644     0.003354    0.003938   -0.003544  
     -3.490979  4.003193  3.389648     0.002810    0.004509    0.003676  
      2.044324  2.891089  5.007287    -0.006213   -0.001876    0.000554  
      2.170267  0.000130  6.779292     0.000051   -0.006542   -0.000732  
      4.251409  3.076817  1.694715    -0.000290   -0.024015   -0.024524  
      4.151550  5.871112  3.389505     0.000044    0.000019   -0.000071  
      1.383876  1.957084  3.389611    -0.000077    0.000013    0.000029  
      4.151542  0.000100  6.779265     0.000006    0.000044    0.000072  
      1.283971  4.963231  1.572378    -0.013453   -0.021249   -0.050034  
     -1.483656  0.837340  5.084502     0.000439    0.024229    0.024497  
      1.283950  2.027682  0.122291     0.013627   -0.062059    0.025653  
      1.483744 -0.837217  1.694812    -0.018895    0.037575   -0.015811  
      4.051646  3.006245  4.962025     0.050814    0.001207    0.007956  
     -1.483661  3.984776  3.511966    -0.068988   -0.024710   -0.020792  
      1.284000  4.751385  5.084395     0.018738   -0.037782    0.015811  
      1.483813  1.886490  6.656931    -0.013677    0.062079   -0.025580  
      4.251393 -0.070603  3.267260     0.069047    0.024668    0.020721  
      1.483765 -1.049066  5.206845     0.013363    0.021298    0.049912  
     -1.283903  0.907920  1.817188    -0.050714   -0.001273   -0.007840  
     -1.383715  3.914186  6.779263     0.000031   -0.000075   -0.000021  
 
  23 f  =   18.241366 THz   114.613880 2PiTHz  608.466461 cm-1    75.440192 meV
             X         Y         Z           dx          dy          dz
      3.375392  5.064220  1.583443     0.029749    0.030228   -0.016826  
     -1.885782  2.913398  1.806051    -0.012488   -0.020600   -0.039338  
      3.497608  7.689129  0.167701     0.016153   -0.052666   -0.027831  
      0.729941 -1.742092  3.426074     0.056282    0.008592    0.027237  
      3.649524 -1.063682  5.009619    -0.008468    0.011571    0.039571  
      3.497602  1.881150  3.185318     0.031463    0.027830   -0.006432  
      0.607734  0.796438  4.991441     0.042843    0.004794   -0.044503  
      3.375339  1.967512  0.204206     0.002864   -0.030707    0.010655  
     -4.653373  2.064634  6.742949     0.003818   -0.059309    0.017599  
      6.083576 -2.784850  5.159316     0.010512    0.008379    0.050114  
     -2.219333  2.795514  5.177507     0.013674   -0.053238   -0.040770  
      0.548308  3.903600  3.221711     0.046850    0.029707   -0.032810  
     -0.607628 -1.150056  5.195771    -0.029607   -0.030193    0.016826  
      4.653538  1.000780  4.973171     0.012480    0.020733    0.039333  
     -0.729846 -3.774957  6.611526    -0.016236    0.052599    0.027754  
      2.037828  5.656242  3.353134    -0.056278   -0.008488   -0.027264  
     -0.881771  4.977838  1.769597     0.008375   -0.011503   -0.039617  
     -0.729847  2.033015  3.593915    -0.031441   -0.027858    0.006568  
      2.160004  3.117729  1.787787    -0.042916   -0.004873    0.044458  
      2.219447  0.010558  3.557508    -0.046901   -0.029776    0.032881  
      7.421126  1.849533  0.036282    -0.003721    0.059369   -0.017596  
     -3.315820  6.699001  1.619908    -0.010410   -0.008455   -0.050050  
      4.987075  1.118654  1.601721    -0.013693    0.053120    0.040807  
     -0.607587  1.946647  6.575029    -0.002916    0.030747   -0.010782  
      0.723449  6.894140  1.617574     0.004169    0.001218    0.004888  
      6.258728 -0.089030  3.389576    -0.000568    0.004061   -0.004948  
      0.723429  1.023073  1.771935     0.001938   -0.005532    0.002962  
     -2.170109  0.000137  6.779349    -0.005590    0.000277   -0.002888  
      2.044298 -2.979976  5.161644    -0.004172   -0.001207   -0.004883  
     -3.490979  4.003193  3.389648     0.000559   -0.004064    0.004956  
      2.044324  2.891089  5.007287    -0.001925    0.005533   -0.002968  
      2.170267  0.000130  6.779292     0.005588   -0.000287    0.002878  
      4.251409  3.076817  1.694715    -0.014831   -0.000882   -0.076821  
      4.151550  5.871112  3.389505    -0.000027   -0.000011   -0.000019  
      1.383876  1.957084  3.389611    -0.000002    0.000029   -0.000014  
      4.151542  0.000100  6.779265     0.000003   -0.000027    0.000020  
      1.283971  4.963231  1.572378     0.025223   -0.026096   -0.005829  
     -1.483656  0.837340  5.084502     0.014841    0.000898    0.076818  
      1.283950  2.027682  0.122291     0.025100    0.025715   -0.044829  
      1.483744 -0.837217  1.694812    -0.051053    0.047457    0.006431  
      4.051646  3.006245  4.962025    -0.002049    0.024870   -0.013806  
     -1.483661  3.984776  3.511966     0.013113    0.024370    0.047119  
      1.284000  4.751385  5.084395     0.051042   -0.047475   -0.006431  
      1.483813  1.886490  6.656931    -0.025157   -0.025677    0.044901  
      4.251393 -0.070603  3.267260    -0.013054   -0.024408   -0.047182  
      1.483765 -1.049066  5.206845    -0.025177    0.026069    0.005889  
     -1.283903  0.907920  1.817188     0.002005   -0.024838    0.013756  
     -1.383715  3.914186  6.779263     0.000028    0.000008    0.000011  
 
  24 f  =   18.189838 THz   114.290126 2PiTHz  606.747700 cm-1    75.227093 meV
             X         Y         Z           dx          dy          dz
      3.375392  5.064220  1.583443    -0.046380   -0.055267    0.009659  
     -1.885782  2.913398  1.806051    -0.036699   -0.062136   -0.009641  
      3.497608  7.689129  0.167701     0.033558    0.064278    0.005889  
      0.729941 -1.742092  3.426074    -0.029162   -0.036993    0.048721  
      3.649524 -1.063682  5.009619     0.061847   -0.017260   -0.009806  
      3.497602  1.881150  3.185318    -0.004309   -0.023395   -0.060444  
      0.607734  0.796438  4.991441     0.067012    0.010291   -0.002471  
      3.375339  1.967512  0.204206    -0.020534   -0.012024    0.060429  
     -4.653373  2.064634  6.742949    -0.025164   -0.039889   -0.048533  
      6.083576 -2.784850  5.159316    -0.036960    0.052510    0.009970  
     -2.219333  2.795514  5.177507    -0.012460    0.066512    0.002467  
      0.548308  3.903600  3.221711     0.049485    0.053063   -0.005967  
     -0.607628 -1.150056  5.195771    -0.046306   -0.055271    0.009748  
      4.653538  1.000780  4.973171    -0.036627   -0.062133   -0.009715  
     -0.729846 -3.774957  6.611526     0.033652    0.064307    0.005973  
      2.037828  5.656242  3.353134    -0.029231   -0.037055    0.048582  
     -0.881771  4.977838  1.769597     0.061805   -0.017243   -0.010018  
     -0.729847  2.033015  3.593915    -0.004491   -0.023305   -0.060493  
      2.160004  3.117729  1.787787     0.066809    0.010393   -0.002440  
      2.219447  0.010558  3.557508     0.049398    0.053123   -0.005886  
      7.421126  1.849533  0.036282    -0.025169   -0.039877   -0.048737  
     -3.315820  6.699001  1.619908    -0.036837    0.052571    0.009806  
      4.987075  1.118654  1.601721    -0.012615    0.066561    0.002484  
     -0.607587  1.946647  6.575029    -0.020585   -0.011821    0.060487  
      0.723449  6.894140  1.617574     0.005009   -0.004579   -0.000606  
      6.258728 -0.089030  3.389576     0.000990    0.000359   -0.006724  
      0.723429  1.023073  1.771935    -0.005995    0.003180    0.000608  
     -2.170109  0.000137  6.779349    -0.000005    0.001038    0.006722  
      2.044298 -2.979976  5.161644     0.004991   -0.004587   -0.000602  
     -3.490979  4.003193  3.389648     0.000986    0.000341   -0.006730  
      2.044324  2.891089  5.007287    -0.005979    0.003193    0.000599  
      2.170267  0.000130  6.779292     0.000001    0.001058    0.006731  
      4.251409  3.076817  1.694715     0.014172    0.020087   -0.000036  
      4.151550  5.871112  3.389505     0.031846    0.011255   -0.002225  
      1.383876  1.957084  3.389611    -0.017738   -0.021233    0.019507  
      4.151542  0.000100  6.779265     0.000010    0.033776    0.002223  
      1.283971  4.963231  1.572378    -0.030223    0.021449   -0.036976  
     -1.483656  0.837340  5.084502     0.014183    0.020015    0.000010  
      1.283950  2.027682  0.122291     0.016087   -0.011280   -0.019770  
      1.483744 -0.837217  1.694812    -0.014209   -0.020058    0.000027  
      4.051646  3.006245  4.962025     0.030170   -0.021392    0.037061  
     -1.483661  3.984776  3.511966    -0.015993    0.011418    0.019756  
      1.284000  4.751385  5.084395    -0.014159   -0.020027   -0.000026  
      1.483813  1.886490  6.656931     0.016086   -0.011487   -0.019626  
      4.251393 -0.070603  3.267260    -0.016194    0.011316    0.019628  
      1.483765 -1.049066  5.206845    -0.030301    0.021374   -0.037130  
     -1.283903  0.907920  1.817188     0.030359   -0.021403    0.037072  
     -1.383715  3.914186  6.779263    -0.014107   -0.023801   -0.019505  
 
  25 f  =   18.189762 THz   114.289646 2PiTHz  606.745152 cm-1    75.226777 meV
             X         Y         Z           dx          dy          dz
      3.375392  5.064220  1.583443     0.050400   -0.035495    0.017234  
     -1.885782  2.913398  1.806051    -0.050282    0.035681   -0.017188  
      3.497608  7.689129  0.167701    -0.014526    0.009851   -0.061731  
      0.729941 -1.742092  3.426074    -0.021952    0.052618    0.039616  
      3.649524 -1.063682  5.009619    -0.006615    0.035429   -0.062152  
      3.497602  1.881150  3.185318     0.036263   -0.056708    0.026088  
      0.607734  0.796438  4.991441     0.014991   -0.047645   -0.048205  
      3.375339  1.967512  0.204206    -0.065512    0.015245   -0.026082  
     -4.653373  2.064634  6.742949     0.056916   -0.003134   -0.039537  
      6.083576 -2.784850  5.159316     0.035576    0.005538    0.062197  
     -2.219333  2.795514  5.177507    -0.049810   -0.001767    0.048232  
      0.548308  3.903600  3.221711     0.014135   -0.010435    0.061715  
     -0.607628 -1.150056  5.195771     0.050650   -0.035329    0.017527  
      4.653538  1.000780  4.973171    -0.050182    0.035921   -0.017555  
     -0.729846 -3.774957  6.611526    -0.014123    0.009871   -0.061628  
      2.037828  5.656242  3.353134    -0.021931    0.052492    0.039663  
     -0.881771  4.977838  1.769597    -0.006672    0.035756   -0.062367  
     -0.729847  2.033015  3.593915     0.036210   -0.056360    0.025846  
      2.160004  3.117729  1.787787     0.014789   -0.047607   -0.048272  
      2.219447  0.010558  3.557508     0.014027   -0.010009    0.061653  
      7.421126  1.849533  0.036282     0.056826   -0.003214   -0.039722  
     -3.315820  6.699001  1.619908     0.035934    0.005641    0.062294  
      4.987075  1.118654  1.601721    -0.049841   -0.001888    0.048282  
     -0.607587  1.946647  6.575029    -0.065294    0.015426   -0.025852  
      0.723449  6.894140  1.617574     0.004041    0.003872    0.003868  
      6.258728 -0.089030  3.389576    -0.006351   -0.002231   -0.001030  
      0.723429  1.023073  1.771935     0.002302    0.005096   -0.003871  
     -2.170109  0.000137  6.779349     0.000009   -0.006741    0.001033  
      2.044298 -2.979976  5.161644     0.004016    0.003885    0.003899  
     -3.490979  4.003193  3.389648    -0.006332   -0.002250   -0.001061  
      2.044324  2.891089  5.007287     0.002332    0.005083   -0.003898  
      2.170267  0.000130  6.779292    -0.000012   -0.006717    0.001062  
      4.251409  3.076817  1.694715     0.026824    0.037952   -0.000021  
      4.151550  5.871112  3.389505    -0.002093   -0.000752   -0.033776  
      1.383876  1.957084  3.389611    -0.026532    0.020981   -0.001282  
      4.151542  0.000100  6.779265     0.000007   -0.002225    0.033775  
      1.283971  4.963231  1.572378    -0.001098    0.001030   -0.001175  
     -1.483656  0.837340  5.084502     0.026690    0.037727   -0.000036  
      1.283950  2.027682  0.122291    -0.025708    0.018168    0.031375  
      1.483744 -0.837217  1.694812    -0.026828   -0.037953    0.000014  
      4.051646  3.006245  4.962025     0.000871   -0.000844    0.001470  
     -1.483661  3.984776  3.511966     0.025701   -0.018077   -0.031430  
      1.284000  4.751385  5.084395    -0.026708   -0.037709   -0.000009  
      1.483813  1.886490  6.656931    -0.025607    0.018145    0.031454  
      4.251393 -0.070603  3.267260     0.025604   -0.018210   -0.031409  
      1.483765 -1.049066  5.206845    -0.001107    0.000569   -0.001493  
     -1.283903  0.907920  1.817188     0.001346   -0.000711    0.001223  
     -1.383715  3.914186  6.779263     0.028629   -0.018020    0.001281  
 
  26 f  =   17.879054 THz   112.337407 2PiTHz  596.381034 cm-1    73.941791 meV
             X         Y         Z           dx          dy          dz
      3.375392  5.064220  1.583443    -0.038248    0.044728    0.020049  
     -1.885782  2.913398  1.806051    -0.044066   -0.034190   -0.006948  
      3.497608  7.689129  0.167701     0.017945    0.008016    0.044844  
      0.729941 -1.742092  3.426074    -0.012575   -0.039624    0.112593  
      3.649524 -1.063682  5.009619    -0.011589   -0.073986    0.087910  
      3.497602  1.881150  3.185318    -0.035192   -0.022230   -0.020429  
      0.607734  0.796438  4.991441    -0.061401    0.045085    0.021626  
      3.375339  1.967512  0.204206    -0.025977    0.025156   -0.002024  
     -4.653373  2.064634  6.742949     0.044513   -0.001020    0.071384  
      6.083576 -2.784850  5.159316     0.061898   -0.001912    0.068056  
     -2.219333  2.795514  5.177507    -0.037844    0.007024   -0.002715  
      0.548308  3.903600  3.221711    -0.046085   -0.035780    0.085639  
     -0.607628 -1.150056  5.195771     0.038239   -0.044741   -0.020036  
      4.653538  1.000780  4.973171     0.044080    0.034170    0.006950  
     -0.729846 -3.774957  6.611526    -0.017914   -0.008038   -0.044834  
      2.037828  5.656242  3.353134     0.012615    0.039610   -0.112552  
     -0.881771  4.977838  1.769597     0.011601    0.073983   -0.087931  
     -0.729847  2.033015  3.593915     0.035200    0.022255    0.020415  
      2.160004  3.117729  1.787787     0.061399   -0.045082   -0.021611  
      2.219447  0.010558  3.557508     0.046106    0.035748   -0.085639  
      7.421126  1.849533  0.036282    -0.044507    0.001035   -0.071348  
     -3.315820  6.699001  1.619908    -0.061896    0.001928   -0.068119  
      4.987075  1.118654  1.601721     0.037861   -0.007012    0.002741  
     -0.607587  1.946647  6.575029     0.025964   -0.025152    0.002019  
      0.723449  6.894140  1.617574     0.000626   -0.001178    0.001917  
      6.258728 -0.089030  3.389576    -0.003112   -0.001147   -0.002268  
      0.723429  1.023073  1.771935     0.003007   -0.001512    0.001033  
     -2.170109  0.000137  6.779349    -0.000736    0.003745   -0.000130  
      2.044298 -2.979976  5.161644    -0.000624    0.001177   -0.001918  
     -3.490979  4.003193  3.389648     0.003113    0.001149    0.002270  
      2.044324  2.891089  5.007287    -0.003006    0.001510   -0.001036  
      2.170267  0.000130  6.779292     0.000732   -0.003746    0.000132  
      4.251409  3.076817  1.694715    -0.000093    0.009922   -0.003614  
      4.151550  5.871112  3.389505     0.000005   -0.000005   -0.000002  
      1.383876  1.957084  3.389611     0.000002   -0.000002    0.000007  
      4.151542  0.000100  6.779265     0.000014   -0.000001   -0.000002  
      1.283971  4.963231  1.572378     0.003156   -0.029609   -0.002412  
     -1.483656  0.837340  5.084502     0.000098   -0.009923    0.003583  
      1.283950  2.027682  0.122291    -0.014243    0.005164    0.012751  
      1.483744 -0.837217  1.694812    -0.028303    0.010147    0.001374  
      4.051646  3.006245  4.962025    -0.017913   -0.004589   -0.005281  
     -1.483661  3.984776  3.511966    -0.004044   -0.012441   -0.023479  
      1.284000  4.751385  5.084395     0.028263   -0.010119   -0.001372  
      1.483813  1.886490  6.656931     0.014245   -0.005170   -0.012747  
      4.251393 -0.070603  3.267260     0.004015    0.012434    0.023468  
      1.483765 -1.049066  5.206845    -0.003156    0.029633    0.002419  
     -1.283903  0.907920  1.817188     0.017901    0.004578    0.005293  
     -1.383715  3.914186  6.779263     0.000001    0.000001    0.000001  
 
  27 f  =   17.879019 THz   112.337191 2PiTHz  596.379887 cm-1    73.941649 meV
             X         Y         Z           dx          dy          dz
      3.375392  5.064220  1.583443     0.077522    0.013650    0.001250  
     -1.885782  2.913398  1.806051     0.014744   -0.086629   -0.003108  
      3.497608  7.689129  0.167701     0.037959    0.039571   -0.014642  
      0.729941 -1.742092  3.426074     0.001618   -0.034298   -0.017230  
      3.649524 -1.063682  5.009619    -0.025774   -0.046726    0.009153  
      3.497602  1.881150  3.185318     0.023800   -0.105884    0.042849  
      0.607734  0.796438  4.991441     0.086902   -0.011425    0.035614  
      3.375339  1.967512  0.204206     0.102070    0.010376    0.045817  
     -4.653373  2.064634  6.742949     0.034712    0.005716   -0.023901  
      6.083576 -2.784850  5.159316     0.034812    0.033807    0.005910  
     -2.219333  2.795514  5.177507     0.043831   -0.083921    0.031677  
      0.548308  3.903600  3.221711    -0.031878   -0.051637   -0.008036  
     -0.607628 -1.150056  5.195771    -0.077553   -0.013646   -0.001248  
      4.653538  1.000780  4.973171    -0.014727    0.086610    0.003103  
     -0.729846 -3.774957  6.611526    -0.037961   -0.039597    0.014652  
      2.037828  5.656242  3.353134    -0.001574    0.034301    0.017243  
     -0.881771  4.977838  1.769597     0.025779    0.046735   -0.009141  
     -0.729847  2.033015  3.593915    -0.023775    0.105905   -0.042851  
      2.160004  3.117729  1.787787    -0.086917    0.011452   -0.035616  
      2.219447  0.010558  3.557508     0.031863    0.051600    0.008039  
      7.421126  1.849533  0.036282    -0.034711   -0.005685    0.023921  
     -3.315820  6.699001  1.619908    -0.034807   -0.033789   -0.005947  
      4.987075  1.118654  1.601721    -0.043812    0.083926   -0.031673  
     -0.607587  1.946647  6.575029    -0.102053   -0.010361   -0.045821  
      0.723449  6.894140  1.617574    -0.002374   -0.002515   -0.001936  
      6.258728 -0.089030  3.389576    -0.000575   -0.001990    0.001894  
      0.723429  1.023073  1.771935     0.001853    0.002865   -0.002080  
     -2.170109  0.000137  6.779349     0.001558    0.001277    0.002240  
      2.044298 -2.979976  5.161644     0.002373    0.002516    0.001937  
     -3.490979  4.003193  3.389648     0.000577    0.001989   -0.001893  
      2.044324  2.891089  5.007287    -0.001852   -0.002865    0.002078  
      2.170267  0.000130  6.779292    -0.001558   -0.001276   -0.002241  
      4.251409  3.076817  1.694715    -0.002861    0.003611    0.032213  
      4.151550  5.871112  3.389505    -0.000001    0.000005   -0.000002  
      1.383876  1.957084  3.389611     0.000006   -0.000001   -0.000002  
      4.151542  0.000100  6.779265     0.000006   -0.000000   -0.000001  
      1.283971  4.963231  1.572378     0.014995    0.003927    0.018638  
     -1.483656  0.837340  5.084502     0.002854   -0.003622   -0.032214  
      1.283950  2.027682  0.122291     0.005470   -0.019797   -0.002911  
      1.483744 -0.837217  1.694812    -0.008754    0.004590    0.007476  
      4.051646  3.006245  4.962025     0.000482    0.015818   -0.019884  
     -1.483661  3.984776  3.511966    -0.022691   -0.001553    0.001175  
      1.284000  4.751385  5.084395     0.008748   -0.004576   -0.007476  
      1.483813  1.886490  6.656931    -0.005469    0.019775    0.002931  
      4.251393 -0.070603  3.267260     0.022665    0.001555   -0.001187  
      1.483765 -1.049066  5.206845    -0.014988   -0.003938   -0.018644  
     -1.283903  0.907920  1.817188    -0.000500   -0.015824    0.019889  
     -1.383715  3.914186  6.779263     0.000001    0.000006   -0.000000  
 
  28 f  =   17.878997 THz   112.337053 2PiTHz  596.379153 cm-1    73.941558 meV
             X         Y         Z           dx          dy          dz
      3.375392  5.064220  1.583443    -0.080143   -0.029686    0.036007  
     -1.885782  2.913398  1.806051     0.032034   -0.071515   -0.040495  
      3.497608  7.689129  0.167701    -0.009221   -0.080797   -0.080221  
      0.729941 -1.742092  3.426074    -0.041051    0.019134    0.027156  
      3.649524 -1.063682  5.009619    -0.048856    0.002729    0.000217  
      3.497602  1.881150  3.185318     0.006525   -0.047430   -0.024651  
      0.607734  0.796438  4.991441    -0.050699    0.003538    0.029270  
      3.375339  1.967512  0.204206    -0.052993   -0.034142    0.027516  
     -4.653373  2.064634  6.742949     0.000468   -0.041721   -0.089693  
      6.083576 -2.784850  5.159316    -0.030210   -0.061238   -0.056067  
     -2.219333  2.795514  5.177507     0.051029   -0.054984   -0.039797  
      0.548308  3.903600  3.221711    -0.053062   -0.010322    0.035510  
     -0.607628 -1.150056  5.195771     0.080125    0.029680   -0.035987  
      4.653538  1.000780  4.973171    -0.032056    0.071463    0.040504  
     -0.729846 -3.774957  6.611526     0.009190    0.080814    0.080220  
      2.037828  5.656242  3.353134     0.041058   -0.019152   -0.027178  
     -0.881771  4.977838  1.769597     0.048881   -0.002703   -0.000178  
     -0.729847  2.033015  3.593915    -0.006558    0.047439    0.024655  
      2.160004  3.117729  1.787787     0.050745   -0.003523   -0.029277  
      2.219447  0.010558  3.557508     0.053054    0.010360   -0.035500  
      7.421126  1.849533  0.036282    -0.000500    0.041718    0.089664  
     -3.315820  6.699001  1.619908     0.030204    0.061237    0.056074  
      4.987075  1.118654  1.601721    -0.050979    0.054997    0.039778  
     -0.607587  1.946647  6.575029     0.052993    0.034178   -0.027498  
      0.723449  6.894140  1.617574    -0.002966    0.002400    0.000845  
      6.258728 -0.089030  3.389576     0.002191   -0.000426   -0.002727  
      0.723429  1.023073  1.771935     0.001532   -0.001734   -0.001657  
     -2.170109  0.000137  6.779349    -0.001073   -0.000709    0.003336  
      2.044298 -2.979976  5.161644     0.002966   -0.002402   -0.000845  
     -3.490979  4.003193  3.389648    -0.002189    0.000425    0.002727  
      2.044324  2.891089  5.007287    -0.001535    0.001732    0.001657  
      2.170267  0.000130  6.779292     0.001073    0.000712   -0.003334  
      4.251409  3.076817  1.694715     0.015066    0.017321   -0.000589  
      4.151550  5.871112  3.389505     0.000003    0.000005    0.000004  
      1.383876  1.957084  3.389611     0.000004    0.000002    0.000007  
      4.151542  0.000100  6.779265    -0.000005    0.000002    0.000002  
      1.283971  4.963231  1.572378     0.000434   -0.007682   -0.012523  
     -1.483656  0.837340  5.084502    -0.015070   -0.017326    0.000578  
      1.283950  2.027682  0.122291    -0.001474    0.020263   -0.021476  
      1.483744 -0.837217  1.694812    -0.004404   -0.024861   -0.000909  
      4.051646  3.006245  4.962025     0.023974    0.004414   -0.009303  
     -1.483661  3.984776  3.511966    -0.019127    0.003320   -0.008941  
      1.284000  4.751385  5.084395     0.004415    0.024861    0.000912  
      1.483813  1.886490  6.656931     0.001484   -0.020281    0.021475  
      4.251393 -0.070603  3.267260     0.019105   -0.003316    0.008943  
      1.483765 -1.049066  5.206845    -0.000444    0.007656    0.012502  
     -1.283903  0.907920  1.817188    -0.023953   -0.004406    0.009304  
     -1.383715  3.914186  6.779263    -0.000004    0.000002   -0.000003  
 
  29 f  =   17.775136 THz   111.684476 2PiTHz  592.914732 cm-1    73.512025 meV
             X         Y         Z           dx          dy          dz
      3.375392  5.064220  1.583443    -0.005476    0.028801    0.082157  
     -1.885782  2.913398  1.806051    -0.031794   -0.021154    0.080827  
      3.497608  7.689129  0.167701    -0.010065   -0.019819    0.022593  
      0.729941 -1.742092  3.426074     0.064315   -0.009913   -0.025782  
      3.649524 -1.063682  5.009619     0.000135    0.067818    0.012161  
      3.497602  1.881150  3.185318    -0.057833    0.023888    0.008901  
      0.607734  0.796438  4.991441     0.046447   -0.020687    0.011754  
      3.375339  1.967512  0.204206    -0.039733    0.064660    0.006591  
     -4.653373  2.064634  6.742949     0.030590   -0.037857   -0.032474  
      6.083576 -2.784850  5.159316    -0.056569   -0.008381    0.003362  
     -2.219333  2.795514  5.177507     0.049565   -0.027889    0.023118  
      0.548308  3.903600  3.221711     0.005407    0.004376    0.029923  
     -0.607628 -1.150056  5.195771    -0.005495    0.028804    0.082177  
      4.653538  1.000780  4.973171    -0.031782   -0.021172    0.080793  
     -0.729846 -3.774957  6.611526    -0.010048   -0.019839    0.022575  
      2.037828  5.656242  3.353134     0.064299   -0.009917   -0.025765  
     -0.881771  4.977838  1.769597     0.000117    0.067828    0.012159  
     -0.729847  2.033015  3.593915    -0.057841    0.023878    0.008882  
      2.160004  3.117729  1.787787     0.046420   -0.020677    0.011762  
      2.219447  0.010558  3.557508     0.005376    0.004380    0.029939  
      7.421126  1.849533  0.036282     0.030595   -0.037871   -0.032502  
     -3.315820  6.699001  1.619908    -0.056564   -0.008400    0.003351  
      4.987075  1.118654  1.601721     0.049576   -0.027916    0.023108  
     -0.607587  1.946647  6.575029    -0.039742    0.064660    0.006605  
      0.723449  6.894140  1.617574     0.003153    0.003011   -0.003088  
      6.258728 -0.089030  3.389576    -0.000986   -0.001741    0.002225  
      0.723429  1.023073  1.771935    -0.002247   -0.003955   -0.004329  
     -2.170109  0.000137  6.779349     0.000153    0.002023    0.001834  
      2.044298 -2.979976  5.161644     0.003152    0.003012   -0.003086  
     -3.490979  4.003193  3.389648    -0.000985   -0.001743    0.002223  
      2.044324  2.891089  5.007287    -0.002245   -0.003956   -0.004331  
      2.170267  0.000130  6.779292     0.000152    0.002024    0.001837  
      4.251409  3.076817  1.694715     0.002128   -0.001541   -0.056091  
      4.151550  5.871112  3.389505     0.010173    0.011449    0.003792  
      1.383876  1.957084  3.389611     0.006019    0.019971    0.028416  
      4.151542  0.000100  6.779265    -0.000862   -0.012358    0.006967  
      1.283971  4.963231  1.572378    -0.004644   -0.055768   -0.028562  
     -1.483656  0.837340  5.084502     0.002129   -0.001547   -0.056084  
      1.283950  2.027682  0.122291     0.002207   -0.002783    0.003187  
      1.483744 -0.837217  1.694812    -0.030486    0.021516    0.006523  
      4.051646  3.006245  4.962025     0.048224    0.022604   -0.026498  
     -1.483661  3.984776  3.511966    -0.014930   -0.005714   -0.009110  
      1.284000  4.751385  5.084395    -0.030485    0.021516    0.006522  
      1.483813  1.886490  6.656931     0.002209   -0.002776    0.003185  
      4.251393 -0.070603  3.267260    -0.014938   -0.005720   -0.009112  
      1.483765 -1.049066  5.206845    -0.004644   -0.055790   -0.028579  
     -1.283903  0.907920  1.817188     0.048250    0.022611   -0.026515  
     -1.383715  3.914186  6.779263    -0.016745   -0.006709    0.023694  
 
  30 f  =   17.775080 THz   111.684122 2PiTHz  592.912853 cm-1    73.511792 meV
             X         Y         Z           dx          dy          dz
      3.375392  5.064220  1.583443     0.051346    0.032602    0.007845  
     -1.885782  2.913398  1.806051     0.005656    0.055226    0.016927  
      3.497608  7.689129  0.167701     0.027293    0.042849    0.028850  
      0.729941 -1.742092  3.426074    -0.054224   -0.023875   -0.026251  
      3.649524 -1.063682  5.009619    -0.038814   -0.031234   -0.030099  
      3.497602  1.881150  3.185318    -0.065328   -0.023604   -0.007409  
      0.607734  0.796438  4.991441    -0.006382   -0.061705    0.042577  
      3.375339  1.967512  0.204206    -0.013667   -0.054373    0.008109  
     -4.653373  2.064634  6.742949     0.005517   -0.073827    0.019648  
      6.083576 -2.784850  5.159316    -0.033929   -0.051150    0.029738  
     -2.219333  2.795514  5.177507    -0.043700   -0.035016   -0.035118  
      0.548308  3.903600  3.221711     0.036510    0.040196   -0.021604  
     -0.607628 -1.150056  5.195771     0.051345    0.032595    0.007838  
      4.653538  1.000780  4.973171     0.005656    0.055274    0.016938  
     -0.729846 -3.774957  6.611526     0.027271    0.042844    0.028854  
      2.037828  5.656242  3.353134    -0.054217   -0.023854   -0.026262  
     -0.881771  4.977838  1.769597    -0.038798   -0.031197   -0.030113  
     -0.729847  2.033015  3.593915    -0.065317   -0.023546   -0.007410  
      2.160004  3.117729  1.787787    -0.006396   -0.061717    0.042560  
      2.219447  0.010558  3.557508     0.036534    0.040237   -0.021630  
      7.421126  1.849533  0.036282     0.005492   -0.073829    0.019666  
     -3.315820  6.699001  1.619908    -0.033948   -0.051151    0.029739  
      4.987075  1.118654  1.601721    -0.043719   -0.034975   -0.035117  
     -0.607587  1.946647  6.575029    -0.013686   -0.054383    0.008091  
      0.723449  6.894140  1.617574    -0.000114    0.001885   -0.004837  
      6.258728 -0.089030  3.389576    -0.003220    0.003079   -0.000997  
      0.723429  1.023073  1.771935     0.001321   -0.000664    0.003694  
     -2.170109  0.000137  6.779349     0.003968   -0.001536    0.001641  
      2.044298 -2.979976  5.161644    -0.000113    0.001886   -0.004837  
     -3.490979  4.003193  3.389648    -0.003218    0.003081   -0.000997  
      2.044324  2.891089  5.007287     0.001318   -0.000665    0.003695  
      2.170267  0.000130  6.779292     0.003968   -0.001538    0.001639  
      4.251409  3.076817  1.694715     0.000546   -0.000150   -0.009272  
      4.151550  5.871112  3.389505     0.005923   -0.021652    0.011529  
      1.383876  1.957084  3.389611    -0.017582   -0.004068   -0.012147  
      4.151542  0.000100  6.779265    -0.022338   -0.005567   -0.010240  
      1.283971  4.963231  1.572378    -0.002645    0.002423    0.003537  
     -1.483656  0.837340  5.084502     0.000541   -0.000156   -0.009284  
      1.283950  2.027682  0.122291    -0.005925    0.065414   -0.042611  
      1.483744 -0.837217  1.694812    -0.005463    0.004087    0.001042  
      4.051646  3.006245  4.962025     0.016138    0.004273   -0.010742  
     -1.483661  3.984776  3.511966     0.061622    0.015048    0.041606  
      1.284000  4.751385  5.084395    -0.005444    0.004087    0.001042  
      1.483813  1.886490  6.656931    -0.005922    0.065425   -0.042615  
      4.251393 -0.070603  3.267260     0.061646    0.015052    0.041617  
      1.483765 -1.049066  5.206845    -0.002652    0.002426    0.003539  
     -1.283903  0.907920  1.817188     0.016136    0.004266   -0.010742  
     -1.383715  3.914186  6.779263    -0.002564   -0.020510    0.020206  
 
  31 f  =   17.775044 THz   111.683898 2PiTHz  592.911660 cm-1    73.511644 meV
             X         Y         Z           dx          dy          dz
      3.375392  5.064220  1.583443     0.013289   -0.019807    0.024627  
     -1.885782  2.913398  1.806051     0.022775   -0.008184    0.024446  
      3.497608  7.689129  0.167701     0.084298   -0.029772   -0.011709  
      0.729941 -1.742092  3.426074     0.029694   -0.015337    0.048255  
      3.649524 -1.063682  5.009619    -0.007316   -0.005903   -0.065745  
      3.497602  1.881150  3.185318     0.018697    0.041784   -0.039833  
      0.607734  0.796438  4.991441    -0.025458   -0.007154    0.058897  
      3.375339  1.967512  0.204206    -0.032818   -0.029105   -0.040127  
     -4.653373  2.064634  6.742949     0.024332   -0.020220    0.047383  
      6.083576 -2.784850  5.159316     0.004135    0.010770   -0.066945  
     -2.219333  2.795514  5.177507     0.000238    0.027564    0.060383  
      0.548308  3.903600  3.221711     0.054823   -0.071187   -0.010719  
     -0.607628 -1.150056  5.195771     0.013293   -0.019781    0.024616  
      4.653538  1.000780  4.973171     0.022749   -0.008190    0.024457  
     -0.729846 -3.774957  6.611526     0.084309   -0.029737   -0.011659  
      2.037828  5.656242  3.353134     0.029705   -0.015363    0.048297  
     -0.881771  4.977838  1.769597    -0.007305   -0.005951   -0.065693  
     -0.729847  2.033015  3.593915     0.018679    0.041761   -0.039828  
      2.160004  3.117729  1.787787    -0.025470   -0.007135    0.058912  
      2.219447  0.010558  3.557508     0.054811   -0.071213   -0.010677  
      7.421126  1.849533  0.036282     0.024365   -0.020215    0.047440  
     -3.315820  6.699001  1.619908     0.004181    0.010786   -0.066899  
      4.987075  1.118654  1.601721     0.000211    0.027583    0.060397  
     -0.607587  1.946647  6.575029    -0.032804   -0.029079   -0.040133  
      0.723449  6.894140  1.617574     0.001442   -0.001983   -0.001349  
      6.258728 -0.089030  3.389576    -0.000828    0.005595    0.001242  
      0.723429  1.023073  1.771935     0.002289   -0.000693   -0.001521  
     -2.170109  0.000137  6.779349    -0.005711   -0.001012    0.001189  
      2.044298 -2.979976  5.161644     0.001443   -0.001985   -0.001350  
     -3.490979  4.003193  3.389648    -0.000831    0.005596    0.001241  
      2.044324  2.891089  5.007287     0.002290   -0.000692   -0.001520  
      2.170267  0.000130  6.779292    -0.005711   -0.001010    0.001187  
      4.251409  3.076817  1.694715     0.006142   -0.004357   -0.054087  
      4.151550  5.871112  3.389505     0.014512   -0.028021   -0.007353  
      1.383876  1.957084  3.389611    -0.001934   -0.009045    0.011555  
      4.151542  0.000100  6.779265     0.032143   -0.004205   -0.006930  
      1.283971  4.963231  1.572378     0.003738    0.042232    0.021112  
     -1.483656  0.837340  5.084502     0.006143   -0.004349   -0.054082  
      1.283950  2.027682  0.122291     0.001666    0.007524   -0.002837  
      1.483744 -0.837217  1.694812    -0.056082    0.039644    0.004494  
      4.051646  3.006245  4.962025    -0.038941   -0.017656    0.021401  
     -1.483661  3.984776  3.511966    -0.009033   -0.004691   -0.004495  
      1.284000  4.751385  5.084395    -0.056090    0.039651    0.004500  
      1.483813  1.886490  6.656931     0.001657    0.007514   -0.002824  
      4.251393 -0.070603  3.267260    -0.009037   -0.004698   -0.004508  
      1.483765 -1.049066  5.206845     0.003744    0.042231    0.021126  
     -1.283903  0.907920  1.817188    -0.038965   -0.017658    0.021403  
     -1.383715  3.914186  6.779263     0.007888    0.005608    0.010921  
 
  32 f  =   17.510017 THz   110.018683 2PiTHz  584.071308 cm-1    72.415580 meV
             X         Y         Z           dx          dy          dz
      3.375392  5.064220  1.583443    -0.030342   -0.031270    0.044041  
     -1.885782  2.913398  1.806051     0.007397    0.062582   -0.060704  
      3.497608  7.689129  0.167701     0.049297   -0.011095    0.049071  
      0.729941 -1.742092  3.426074     0.053073   -0.029497    0.022803  
      3.649524 -1.063682  5.009619    -0.031697   -0.052729    0.034330  
      3.497602  1.881150  3.185318     0.038255   -0.061714    0.044011  
      0.607734  0.796438  4.991441     0.042836    0.013481   -0.072773  
      3.375339  1.967512  0.204206    -0.073896    0.005164    0.017481  
     -4.653373  2.064634  6.742949    -0.045528    0.013459    0.045210  
      6.083576 -2.784850  5.159316    -0.021079    0.008281   -0.095841  
     -2.219333  2.795514  5.177507    -0.021775   -0.039074    0.032541  
      0.548308  3.903600  3.221711    -0.051500    0.027758    0.025680  
     -0.607628 -1.150056  5.195771    -0.030343   -0.031259    0.044041  
      4.653538  1.000780  4.973171     0.007388    0.062588   -0.060702  
     -0.729846 -3.774957  6.611526     0.049306   -0.011090    0.049075  
      2.037828  5.656242  3.353134     0.053067   -0.029500    0.022815  
     -0.881771  4.977838  1.769597    -0.031701   -0.052731    0.034334  
     -0.729847  2.033015  3.593915     0.038243   -0.061712    0.044012  
      2.160004  3.117729  1.787787     0.042832    0.013487   -0.072774  
      2.219447  0.010558  3.557508    -0.051511    0.027754    0.025683  
      7.421126  1.849533  0.036282    -0.045525    0.013466    0.045222  
     -3.315820  6.699001  1.619908    -0.021066    0.008286   -0.095834  
      4.987075  1.118654  1.601721    -0.021783   -0.039070    0.032548  
     -0.607587  1.946647  6.575029    -0.073894    0.005175    0.017480  
      0.723449  6.894140  1.617574     0.000465    0.000269   -0.003764  
      6.258728 -0.089030  3.389576    -0.002599    0.000597    0.003935  
      0.723429  1.023073  1.771935    -0.003931   -0.001523    0.002566  
     -2.170109  0.000137  6.779349     0.001991   -0.003874    0.001378  
      2.044298 -2.979976  5.161644     0.000464    0.000269   -0.003764  
     -3.490979  4.003193  3.389648    -0.002599    0.000596    0.003934  
      2.044324  2.891089  5.007287    -0.003931   -0.001523    0.002566  
      2.170267  0.000130  6.779292     0.001992   -0.003874    0.001378  
      4.251409  3.076817  1.694715     0.004187    0.000898   -0.028447  
      4.151550  5.871112  3.389505    -0.001513    0.007103    0.009974  
      1.383876  1.957084  3.389611    -0.010165    0.002519    0.003096  
      4.151542  0.000100  6.779265     0.010071   -0.008753   -0.002444  
      1.283971  4.963231  1.572378     0.000147    0.034960    0.018292  
     -1.483656  0.837340  5.084502     0.004187    0.000895   -0.028444  
      1.283950  2.027682  0.122291    -0.002535    0.020833   -0.016607  
      1.483744 -0.837217  1.694812     0.019382   -0.009843   -0.000343  
      4.051646  3.006245  4.962025     0.039447    0.018778   -0.023146  
     -1.483661  3.984776  3.511966    -0.006260   -0.005090   -0.004677  
      1.284000  4.751385  5.084395     0.019383   -0.009842   -0.000342  
      1.483813  1.886490  6.656931    -0.002536    0.020834   -0.016607  
      4.251393 -0.070603  3.267260    -0.006256   -0.005096   -0.004685  
      1.483765 -1.049066  5.206845     0.000146    0.034959    0.018292  
     -1.283903  0.907920  1.817188     0.039447    0.018778   -0.023153  
     -1.383715  3.914186  6.779263     0.006448    0.004502   -0.015517  
 
  33 f  =   17.509976 THz   110.018423 2PiTHz  584.069923 cm-1    72.415409 meV
             X         Y         Z           dx          dy          dz
      3.375392  5.064220  1.583443    -0.045069    0.038045    0.015291  
     -1.885782  2.913398  1.806051    -0.050807    0.029620    0.016187  
      3.497608  7.689129  0.167701     0.063567    0.057725    0.011645  
      0.729941 -1.742092  3.426074     0.065947    0.037064   -0.050385  
      3.649524 -1.063682  5.009619    -0.038192    0.036538    0.014773  
      3.497602  1.881150  3.185318     0.074116    0.008153   -0.002452  
      0.607734  0.796438  4.991441    -0.062068    0.039172   -0.001787  
      3.375339  1.967512  0.204206     0.018204   -0.072766   -0.002230  
     -4.653373  2.064634  6.742949    -0.012171   -0.075031   -0.050580  
      6.083576 -2.784850  5.159316    -0.046672    0.024155    0.015916  
     -2.219333  2.795514  5.177507    -0.057418    0.045411   -0.002660  
      0.548308  3.903600  3.221711    -0.032578   -0.079764    0.011866  
     -0.607628 -1.150056  5.195771    -0.045056    0.038044    0.015291  
      4.653538  1.000780  4.973171    -0.050807    0.029633    0.016182  
     -0.729846 -3.774957  6.611526     0.063569    0.057732    0.011650  
      2.037828  5.656242  3.353134     0.065950    0.037062   -0.050402  
     -0.881771  4.977838  1.769597    -0.038188    0.036540    0.014760  
     -0.729847  2.033015  3.593915     0.074119    0.008160   -0.002453  
      2.160004  3.117729  1.787787    -0.062056    0.039165   -0.001789  
      2.219447  0.010558  3.557508    -0.032581   -0.079756    0.011854  
      7.421126  1.849533  0.036282    -0.012173   -0.075027   -0.050584  
     -3.315820  6.699001  1.619908    -0.046666    0.024158    0.015908  
      4.987075  1.118654  1.601721    -0.057416    0.045415   -0.002652  
     -0.607587  1.946647  6.575029     0.018222   -0.072765   -0.002232  
      0.723449  6.894140  1.617574    -0.004770    0.000760   -0.000917  
      6.258728 -0.089030  3.389576    -0.001737   -0.003707    0.000345  
      0.723429  1.023073  1.771935    -0.002274    0.004248   -0.000969  
     -2.170109  0.000137  6.779349     0.002887    0.002928    0.000369  
      2.044298 -2.979976  5.161644    -0.004771    0.000760   -0.000917  
     -3.490979  4.003193  3.389648    -0.001737   -0.003708    0.000346  
      2.044324  2.891089  5.007287    -0.002275    0.004250   -0.000969  
      2.170267  0.000130  6.779292     0.002887    0.002928    0.000370  
      4.251409  3.076817  1.694715    -0.000929    0.000625   -0.022938  
      4.151550  5.871112  3.389505     0.000424   -0.015461    0.004291  
      1.383876  1.957084  3.389611     0.001383    0.010334   -0.003724  
      4.151542  0.000100  6.779265     0.014570    0.004814    0.004392  
      1.283971  4.963231  1.572378    -0.000092   -0.007634    0.000064  
     -1.483656  0.837340  5.084502    -0.000932    0.000621   -0.022928  
      1.283950  2.027682  0.122291     0.003635   -0.037948    0.021691  
      1.483744 -0.837217  1.694812     0.032710   -0.023142   -0.005208  
      4.051646  3.006245  4.962025     0.006543    0.002378    0.000411  
     -1.483661  3.984776  3.511966     0.036873    0.009235    0.021607  
      1.284000  4.751385  5.084395     0.032725   -0.023156   -0.005212  
      1.483813  1.886490  6.656931     0.003633   -0.037950    0.021697  
      4.251393 -0.070603  3.267260     0.036876    0.009233    0.021608  
      1.483765 -1.049066  5.206845    -0.000095   -0.007635    0.000064  
     -1.283903  0.907920  1.817188     0.006542    0.002374    0.000414  
     -1.383715  3.914186  6.779263    -0.009386   -0.004715   -0.003560  
 
  34 f  =   17.509924 THz   110.018097 2PiTHz  584.068197 cm-1    72.415195 meV
             X         Y         Z           dx          dy          dz
      3.375392  5.064220  1.583443    -0.071472   -0.042096   -0.048364  
     -1.885782  2.913398  1.806051     0.024117    0.065154    0.023872  
      3.497608  7.689129  0.167701    -0.028448    0.037119    0.045986  
      0.729941 -1.742092  3.426074    -0.010439    0.029461    0.057635  
      3.649524 -1.063682  5.009619    -0.027437   -0.002138   -0.089649  
      3.497602  1.881150  3.185318    -0.017972    0.049156    0.035462  
      0.607734  0.796438  4.991441     0.048697    0.040530    0.007193  
      3.375339  1.967512  0.204206     0.047600   -0.013684    0.053753  
     -4.653373  2.064634  6.742949     0.031558   -0.036986    0.042161  
      6.083576 -2.784850  5.159316     0.034403    0.053622    0.000156  
     -2.219333  2.795514  5.177507    -0.005872   -0.063437   -0.065479  
      0.548308  3.903600  3.221711     0.009615   -0.034245    0.062113  
     -0.607628 -1.150056  5.195771    -0.071463   -0.042098   -0.048361  
      4.653538  1.000780  4.973171     0.024119    0.065148    0.023873  
     -0.729846 -3.774957  6.611526    -0.028444    0.037125    0.045990  
      2.037828  5.656242  3.353134    -0.010428    0.029456    0.057632  
     -0.881771  4.977838  1.769597    -0.027442   -0.002154   -0.089658  
     -0.729847  2.033015  3.593915    -0.017980    0.049150    0.035464  
      2.160004  3.117729  1.787787     0.048690    0.040536    0.007196  
      2.219447  0.010558  3.557508     0.009614   -0.034241    0.062116  
      7.421126  1.849533  0.036282     0.031557   -0.036983    0.042154  
     -3.315820  6.699001  1.619908     0.034415    0.053628    0.000158  
      4.987075  1.118654  1.601721    -0.005872   -0.063430   -0.065469  
     -0.607587  1.946647  6.575029     0.047606   -0.013675    0.053763  
      0.723449  6.894140  1.617574     0.000371    0.004604    0.001326  
      6.258728 -0.089030  3.389576     0.003651   -0.000358    0.002961  
      0.723429  1.023073  1.771935    -0.001572   -0.001199   -0.003043  
     -2.170109  0.000137  6.779349    -0.000807    0.000899    0.004727  
      2.044298 -2.979976  5.161644     0.000371    0.004602    0.001326  
     -3.490979  4.003193  3.389648     0.003651   -0.000359    0.002960  
      2.044324  2.891089  5.007287    -0.001571   -0.001199   -0.003044  
      2.170267  0.000130  6.779292    -0.000806    0.000900    0.004726  
      4.251409  3.076817  1.694715     0.002194   -0.004198   -0.040931  
      4.151550  5.871112  3.389505     0.011841   -0.004132    0.001118  
      1.383876  1.957084  3.389611    -0.006117   -0.007268   -0.015362  
      4.151542  0.000100  6.779265    -0.004066   -0.004394    0.009694  
      1.283971  4.963231  1.572378    -0.004816   -0.033137   -0.017829  
     -1.483656  0.837340  5.084502     0.002196   -0.004202   -0.040941  
      1.283950  2.027682  0.122291     0.001894    0.016512   -0.011582  
      1.483744 -0.837217  1.694812     0.023783   -0.019476   -0.000431  
      4.051646  3.006245  4.962025    -0.020277   -0.005506    0.010766  
     -1.483661  3.984776  3.511966    -0.024748   -0.006920   -0.019809  
      1.284000  4.751385  5.084395     0.023779   -0.019472   -0.000430  
      1.483813  1.886490  6.656931     0.001894    0.016503   -0.011578  
      4.251393 -0.070603  3.267260    -0.024757   -0.006925   -0.019814  
      1.483765 -1.049066  5.206845    -0.004815   -0.033132   -0.017829  
     -1.283903  0.907920  1.817188    -0.020269   -0.005504    0.010765  
     -1.383715  3.914186  6.779263    -0.003613    0.011114   -0.002533  
 
  35 f  =   17.218574 THz   108.187490 2PiTHz  574.349800 cm-1    71.210268 meV
             X         Y         Z           dx          dy          dz
      3.375392  5.064220  1.583443    -0.027781   -0.034738   -0.083602  
     -1.885782  2.913398  1.806051    -0.023468   -0.037769    0.083609  
      3.497608  7.689129  0.167701     0.093880   -0.012027    0.002637  
      0.729941 -1.742092  3.426074    -0.043246   -0.017432    0.019730  
      3.649524 -1.063682  5.009619     0.025506    0.047282    0.024302  
      3.497602  1.881150  3.185318    -0.050641   -0.029485    0.006494  
      0.607734  0.796438  4.991441     0.038720    0.020649   -0.025221  
      3.375339  1.967512  0.204206    -0.010939   -0.057571   -0.006507  
     -4.653373  2.064634  6.742949    -0.002017   -0.046576   -0.019700  
      6.083576 -2.784850  5.159316     0.036108    0.039822   -0.024326  
     -2.219333  2.795514  5.177507     0.006555    0.043378    0.025249  
      0.548308  3.903600  3.221711    -0.042640    0.084486   -0.002652  
     -0.607628 -1.150056  5.195771    -0.027792   -0.034739   -0.083600  
      4.653538  1.000780  4.973171    -0.023455   -0.037770    0.083605  
     -0.729846 -3.774957  6.611526     0.093885   -0.012037    0.002634  
      2.037828  5.656242  3.353134    -0.043227   -0.017422    0.019733  
     -0.881771  4.977838  1.769597     0.025511    0.047283    0.024295  
     -0.729847  2.033015  3.593915    -0.050639   -0.029480    0.006493  
      2.160004  3.117729  1.787787     0.038717    0.020656   -0.025240  
      2.219447  0.010558  3.557508    -0.042635    0.084493   -0.002645  
      7.421126  1.849533  0.036282    -0.002021   -0.046573   -0.019709  
     -3.315820  6.699001  1.619908     0.036101    0.039800   -0.024316  
      4.987075  1.118654  1.601721     0.006570    0.043383    0.025247  
     -0.607587  1.946647  6.575029    -0.010935   -0.057595   -0.006504  
      0.723449  6.894140  1.617574    -0.007089    0.001316   -0.002134  
      6.258728 -0.089030  3.389576     0.003485    0.001232    0.006551  
      0.723429  1.023073  1.771935     0.003605   -0.006245    0.002134  
     -2.170109  0.000137  6.779349     0.000000    0.003696   -0.006546  
      2.044298 -2.979976  5.161644    -0.007090    0.001316   -0.002134  
     -3.490979  4.003193  3.389648     0.003483    0.001233    0.006550  
      2.044324  2.891089  5.007287     0.003602   -0.006247    0.002134  
      2.170267  0.000130  6.779292    -0.000003    0.003694   -0.006546  
      4.251409  3.076817  1.694715    -0.007455   -0.010555   -0.000023  
      4.151550  5.871112  3.389505    -0.015577   -0.005512   -0.000131  
      1.383876  1.957084  3.389611     0.007690    0.011088   -0.009537  
      4.151542  0.000100  6.779265     0.000003   -0.016527    0.000127  
      1.283971  4.963231  1.572378     0.029137   -0.020612    0.035689  
     -1.483656  0.837340  5.084502    -0.007468   -0.010559   -0.000019  
      1.283950  2.027682  0.122291    -0.021691    0.015341    0.026559  
      1.483744 -0.837217  1.694812     0.007449    0.010551    0.000001  
      4.051646  3.006245  4.962025    -0.029137    0.020614   -0.035699  
     -1.483661  3.984776  3.511966     0.021686   -0.015332   -0.026557  
      1.284000  4.751385  5.084395     0.007455    0.010554    0.000003  
      1.483813  1.886490  6.656931    -0.021685    0.015349    0.026557  
      4.251393 -0.070603  3.267260     0.021675   -0.015333   -0.026559  
      1.483765 -1.049066  5.206845     0.029155   -0.020600    0.035699  
     -1.283903  0.907920  1.817188    -0.029159    0.020604   -0.035697  
     -1.383715  3.914186  6.779263     0.007896    0.010950    0.009544  
 
  36 f  =   17.218524 THz   108.187177 2PiTHz  574.348137 cm-1    71.210061 meV
             X         Y         Z           dx          dy          dz
      3.375392  5.064220  1.583443     0.028676   -0.006725   -0.013033  
     -1.885782  2.913398  1.806051    -0.015841    0.024817    0.013080  
      3.497608  7.689129  0.167701     0.004289   -0.016608   -0.027291  
      0.729941 -1.742092  3.426074    -0.083455    0.000444   -0.021866  
      3.649524 -1.063682  5.009619    -0.012404   -0.034512   -0.072012  
      3.497602  1.881150  3.185318     0.079133   -0.012731   -0.009848  
      0.607734  0.796438  4.991441     0.009758    0.051647   -0.068366  
      3.375339  1.967512  0.204206    -0.038408    0.070414    0.009803  
     -4.653373  2.064634  6.742949     0.028295   -0.078514    0.021909  
      6.083576 -2.784850  5.159316    -0.028378   -0.023164    0.071979  
     -2.219333  2.795514  5.177507     0.045435    0.026359    0.068428  
      0.548308  3.903600  3.221711    -0.017017   -0.001455    0.027283  
     -0.607628 -1.150056  5.195771     0.028668   -0.006743   -0.013040  
      4.653538  1.000780  4.973171    -0.015855    0.024813    0.013108  
     -0.729846 -3.774957  6.611526     0.004276   -0.016615   -0.027286  
      2.037828  5.656242  3.353134    -0.083478    0.000435   -0.021875  
     -0.881771  4.977838  1.769597    -0.012396   -0.034503   -0.072022  
     -0.729847  2.033015  3.593915     0.079133   -0.012727   -0.009842  
      2.160004  3.117729  1.787787     0.009761    0.051644   -0.068382  
      2.219447  0.010558  3.557508    -0.017004   -0.001488    0.027266  
      7.421126  1.849533  0.036282     0.028281   -0.078504    0.021908  
     -3.315820  6.699001  1.619908    -0.028403   -0.023176    0.071975  
      4.987075  1.118654  1.601721     0.045428    0.026350    0.068417  
     -0.607587  1.946647  6.575029    -0.038416    0.070405    0.009793  
      0.723449  6.894140  1.617574    -0.000071   -0.006498   -0.003782  
      6.258728 -0.089030  3.389576     0.006172    0.002184   -0.003700  
      0.723429  1.023073  1.771935    -0.006104   -0.002231    0.003779  
     -2.170109  0.000137  6.779349    -0.000002    0.006552    0.003697  
      2.044298 -2.979976  5.161644    -0.000069   -0.006497   -0.003783  
     -3.490979  4.003193  3.389648     0.006172    0.002186   -0.003698  
      2.044324  2.891089  5.007287    -0.006107   -0.002229    0.003781  
      2.170267  0.000130  6.779292    -0.000000    0.006551    0.003696  
      4.251409  3.076817  1.694715    -0.029347   -0.041509    0.000003  
      4.151550  5.871112  3.389505    -0.000112   -0.000043    0.016529  
      1.383876  1.957084  3.389611     0.013546   -0.009461   -0.000070  
      4.151542  0.000100  6.779265    -0.000006   -0.000130   -0.016532  
      1.283971  4.963231  1.572378     0.008210   -0.005820    0.010041  
     -1.483656  0.837340  5.084502    -0.029346   -0.041501    0.000010  
      1.283950  2.027682  0.122291     0.021139   -0.014950   -0.025885  
      1.483744 -0.837217  1.694812     0.029356    0.041505    0.000002  
      4.051646  3.006245  4.962025    -0.008218    0.005805   -0.010063  
     -1.483661  3.984776  3.511966    -0.021117    0.014947    0.025901  
      1.284000  4.751385  5.084395     0.029352    0.041494    0.000000  
      1.483813  1.886490  6.656931     0.021136   -0.014948   -0.025890  
      4.251393 -0.070603  3.267260    -0.021121    0.014957    0.025893  
      1.483765 -1.049066  5.206845     0.008202   -0.005820    0.010042  
     -1.283903  0.907920  1.817188    -0.008226    0.005809   -0.010055  
     -1.383715  3.914186  6.779263    -0.013433    0.009628    0.000084  
 
  37 f  =   16.893684 THz   106.146148 2PiTHz  563.512646 cm-1    69.866632 meV
             X         Y         Z           dx          dy          dz
      3.375392  5.064220  1.583443     0.015860   -0.058264    0.007765  
     -1.885782  2.913398  1.806051    -0.010415   -0.040731    0.008591  
      3.497608  7.689129  0.167701    -0.031447   -0.004660   -0.016105  
      0.729941 -1.742092  3.426074    -0.006804    0.060318    0.059623  
      3.649524 -1.063682  5.009619     0.074057   -0.044586   -0.018204  
      3.497602  1.881150  3.185318    -0.005744    0.047635    0.024123  
      0.607734  0.796438  4.991441    -0.035911    0.054914    0.031482  
      3.375339  1.967512  0.204206     0.022237   -0.013338   -0.072544  
     -4.653373  2.064634  6.742949    -0.003014    0.015589   -0.037629  
      6.083576 -2.784850  5.159316     0.009379    0.031451    0.039898  
     -2.219333  2.795514  5.177507     0.048200    0.005397    0.002572  
      0.548308  3.903600  3.221711    -0.050216   -0.032764   -0.047687  
     -0.607628 -1.150056  5.195771     0.015835   -0.058283    0.007746  
      4.653538  1.000780  4.973171    -0.010420   -0.040717    0.008557  
     -0.729846 -3.774957  6.611526    -0.031429   -0.004677   -0.016093  
      2.037828  5.656242  3.353134    -0.006780    0.060299    0.059609  
     -0.881771  4.977838  1.769597     0.074087   -0.044586   -0.018219  
     -0.729847  2.033015  3.593915    -0.005764    0.047639    0.024113  
      2.160004  3.117729  1.787787    -0.035914    0.054885    0.031458  
      2.219447  0.010558  3.557508    -0.050214   -0.032781   -0.047673  
      7.421126  1.849533  0.036282    -0.003013    0.015580   -0.037645  
     -3.315820  6.699001  1.619908     0.009381    0.031423    0.039919  
      4.987075  1.118654  1.601721     0.048207    0.005391    0.002571  
     -0.607587  1.946647  6.575029     0.022250   -0.013348   -0.072567  
      0.723449  6.894140  1.617574    -0.003988   -0.003505    0.000255  
      6.258728 -0.089030  3.389576    -0.005435   -0.003033    0.005814  
      0.723429  1.023073  1.771935    -0.007130   -0.002975    0.004188  
     -2.170109  0.000137  6.779349    -0.002499   -0.005700    0.002949  
      2.044298 -2.979976  5.161644    -0.003988   -0.003502    0.000256  
     -3.490979  4.003193  3.389648    -0.005437   -0.003033    0.005814  
      2.044324  2.891089  5.007287    -0.007133   -0.002976    0.004190  
      2.170267  0.000130  6.779292    -0.002501   -0.005698    0.002947  
      4.251409  3.076817  1.694715    -0.008026   -0.011708   -0.041149  
      4.151550  5.871112  3.389505    -0.005105   -0.001015   -0.007366  
      1.383876  1.957084  3.389611     0.005820   -0.007045    0.002007  
      4.151542  0.000100  6.779265     0.001791    0.003997    0.005531  
      1.283971  4.963231  1.572378     0.000081    0.025579    0.018571  
     -1.483656  0.837340  5.084502    -0.008031   -0.011707   -0.041151  
      1.283950  2.027682  0.122291    -0.006798    0.046573   -0.020320  
      1.483744 -0.837217  1.694812     0.012811   -0.026423    0.000708  
      4.051646  3.006245  4.962025     0.066397    0.022651   -0.037243  
     -1.483661  3.984776  3.511966     0.018724    0.009767    0.021777  
      1.284000  4.751385  5.084395     0.012821   -0.026436    0.000708  
      1.483813  1.886490  6.656931    -0.006791    0.046565   -0.020324  
      4.251393 -0.070603  3.267260     0.018719    0.009777    0.021783  
      1.483765 -1.049066  5.206845     0.000092    0.025565    0.018567  
     -1.283903  0.907920  1.817188     0.066389    0.022650   -0.037237  
     -1.383715  3.914186  6.779263    -0.001664    0.004724   -0.000754  
 
  38 f  =   16.893642 THz   106.145882 2PiTHz  563.511233 cm-1    69.866457 meV
             X         Y         Z           dx          dy          dz
      3.375392  5.064220  1.583443    -0.003211   -0.056686    0.052607  
     -1.885782  2.913398  1.806051     0.062403    0.028322    0.052445  
      3.497608  7.689129  0.167701     0.000515   -0.040357   -0.028796  
      0.729941 -1.742092  3.426074    -0.026776   -0.047394    0.007788  
      3.649524 -1.063682  5.009619    -0.027613   -0.014966   -0.009662  
      3.497602  1.881150  3.185318    -0.019151    0.012554   -0.072238  
      0.607734  0.796438  4.991441     0.033469    0.047935    0.041707  
      3.375339  1.967512  0.204206    -0.028007    0.014159   -0.058498  
     -4.653373  2.064634  6.742949     0.027736    0.036966    0.021584  
      6.083576 -2.784850  5.159316     0.013075    0.018747   -0.017899  
     -2.219333  2.795514  5.177507    -0.050041   -0.046124    0.045803  
      0.548308  3.903600  3.221711     0.044491    0.022040   -0.024320  
     -0.607628 -1.150056  5.195771    -0.003196   -0.056671    0.052576  
      4.653538  1.000780  4.973171     0.062443    0.028358    0.052456  
     -0.729846 -3.774957  6.611526     0.000529   -0.040329   -0.028782  
      2.037828  5.656242  3.353134    -0.026795   -0.047351    0.007768  
     -0.881771  4.977838  1.769597    -0.027598   -0.014941   -0.009590  
     -0.729847  2.033015  3.593915    -0.019082    0.012536   -0.072244  
      2.160004  3.117729  1.787787     0.033476    0.047925    0.041755  
      2.219447  0.010558  3.557508     0.044538    0.022055   -0.024313  
      7.421126  1.849533  0.036282     0.027769    0.036932    0.021578  
     -3.315820  6.699001  1.619908     0.013102    0.018742   -0.017952  
      4.987075  1.118654  1.601721    -0.050014   -0.046100    0.045767  
     -0.607587  1.946647  6.575029    -0.028033    0.014211   -0.058480  
      0.723449  6.894140  1.617574    -0.007402    0.003485   -0.002322  
      6.258728 -0.089030  3.389576    -0.005232    0.001421   -0.001427  
      0.723429  1.023073  1.771935    -0.004448    0.006942   -0.002886  
     -2.170109  0.000137  6.779349    -0.002579    0.006142   -0.001022  
      2.044298 -2.979976  5.161644    -0.007406    0.003485   -0.002323  
     -3.490979  4.003193  3.389648    -0.005235    0.001419   -0.001429  
      2.044324  2.891089  5.007287    -0.004451    0.006939   -0.002885  
      2.170267  0.000130  6.779292    -0.002581    0.006137   -0.001019  
      4.251409  3.076817  1.694715    -0.000971    0.003216    0.009506  
      4.151550  5.871112  3.389505     0.002806   -0.001349   -0.004473  
      1.383876  1.957084  3.389611    -0.006603   -0.003743    0.005352  
      4.151542  0.000100  6.779265     0.001847   -0.002038   -0.006289  
      1.283971  4.963231  1.572378    -0.009482   -0.020757   -0.024922  
     -1.483656  0.837340  5.084502    -0.000986    0.003202    0.009506  
      1.283950  2.027682  0.122291    -0.004729   -0.051062    0.036994  
      1.483744 -0.837217  1.694812     0.060215   -0.040118   -0.002183  
      4.051646  3.006245  4.962025     0.003534    0.011402   -0.016960  
     -1.483661  3.984776  3.511966     0.037341    0.018777    0.030991  
      1.284000  4.751385  5.084395     0.060236   -0.040112   -0.002179  
      1.483813  1.886490  6.656931    -0.004723   -0.051025    0.036986  
      4.251393 -0.070603  3.267260     0.037315    0.018765    0.030985  
      1.483765 -1.049066  5.206845    -0.009479   -0.020746   -0.024915  
     -1.283903  0.907920  1.817188     0.003509    0.011396   -0.016953  
     -1.383715  3.914186  6.779263     0.002802    0.006338    0.005747  
 
  39 f  =   16.893577 THz   106.145476 2PiTHz  563.509078 cm-1    69.866190 meV
             X         Y         Z           dx          dy          dz
      3.375392  5.064220  1.583443    -0.048019   -0.011383   -0.001358  
     -1.885782  2.913398  1.806051    -0.048905    0.021137   -0.000849  
      3.497608  7.689129  0.167701    -0.000718   -0.073172    0.055243  
      0.729941 -1.742092  3.426074     0.014908   -0.037466    0.015639  
      3.649524 -1.063682  5.009619    -0.012168    0.040067   -0.038696  
      3.497602  1.881150  3.185318    -0.024298   -0.001431    0.054018  
      0.607734  0.796438  4.991441     0.012615    0.038065   -0.008553  
      3.375339  1.967512  0.204206     0.035902    0.021539   -0.005705  
     -4.653373  2.064634  6.742949     0.074925    0.016534   -0.044430  
      6.083576 -2.784850  5.159316    -0.077243    0.051491   -0.002803  
     -2.219333  2.795514  5.177507     0.037421   -0.030874   -0.026376  
      0.548308  3.903600  3.221711     0.041450   -0.014413    0.035737  
     -0.607628 -1.150056  5.195771    -0.048039   -0.011378   -0.001418  
      4.653538  1.000780  4.973171    -0.048899    0.021188   -0.000894  
     -0.729846 -3.774957  6.611526    -0.000661   -0.073158    0.055280  
      2.037828  5.656242  3.353134     0.014915   -0.037467    0.015603  
     -0.881771  4.977838  1.769597    -0.012126    0.040077   -0.038657  
     -0.729847  2.033015  3.593915    -0.024292   -0.001456    0.053984  
      2.160004  3.117729  1.787787     0.012636    0.038037   -0.008555  
      2.219447  0.010558  3.557508     0.041488   -0.014446    0.035761  
      7.421126  1.849533  0.036282     0.074968    0.016524   -0.044456  
     -3.315820  6.699001  1.619908    -0.077215    0.051456   -0.002814  
      4.987075  1.118654  1.601721     0.037449   -0.030871   -0.026410  
     -0.607587  1.946647  6.575029     0.035901    0.021591   -0.005727  
      0.723449  6.894140  1.617574    -0.000259   -0.006262   -0.005416  
      6.258728 -0.089030  3.389576    -0.003719   -0.003032   -0.006486  
      0.723429  1.023073  1.771935     0.000194   -0.002546   -0.002985  
     -2.170109  0.000137  6.779349    -0.000570   -0.002789   -0.008262  
      2.044298 -2.979976  5.161644    -0.000262   -0.006258   -0.005413  
     -3.490979  4.003193  3.389648    -0.003726   -0.003033   -0.006486  
      2.044324  2.891089  5.007287     0.000190   -0.002548   -0.002981  
      2.170267  0.000130  6.779292    -0.000574   -0.002786   -0.008260  
      4.251409  3.076817  1.694715    -0.005825   -0.006614    0.068817  
      4.151550  5.871112  3.389505     0.006713    0.003604   -0.003740  
      1.383876  1.957084  3.389611     0.001344    0.002552    0.001109  
      4.151542  0.000100  6.779265     0.000410   -0.008252    0.004228  
      1.283971  4.963231  1.572378    -0.003118    0.062476    0.027535  
     -1.483656  0.837340  5.084502    -0.005840   -0.006625    0.068825  
      1.283950  2.027682  0.122291     0.005557   -0.010597   -0.006324  
      1.483744 -0.837217  1.694812    -0.025469    0.007256   -0.001647  
      4.051646  3.006245  4.962025    -0.004025    0.001426   -0.006969  
     -1.483661  3.984776  3.511966     0.051947    0.009948    0.019659  
      1.284000  4.751385  5.084395    -0.025450    0.007248   -0.001649  
      1.483813  1.886490  6.656931     0.005570   -0.010594   -0.006335  
      4.251393 -0.070603  3.267260     0.051925    0.009946    0.019671  
      1.483765 -1.049066  5.206845    -0.003106    0.062455    0.027521  
     -1.283903  0.907920  1.817188    -0.004063    0.001424   -0.006947  
     -1.383715  3.914186  6.779263    -0.008275    0.002735   -0.000584  
 
  40 f  =   16.774344 THz   105.396313 2PiTHz  559.531895 cm-1    69.373082 meV
             X         Y         Z           dx          dy          dz
      3.375392  5.064220  1.583443     0.023458   -0.017735    0.072804  
     -1.885782  2.913398  1.806051    -0.022111   -0.068580    0.043298  
      3.497608  7.689129  0.167701    -0.071346   -0.028365   -0.026640  
      0.729941 -1.742092  3.426074     0.008981   -0.012026    0.036650  
      3.649524 -1.063682  5.009619    -0.046030   -0.029231   -0.066270  
      3.497602  1.881150  3.185318    -0.029752    0.040797    0.049964  
      0.607734  0.796438  4.991441    -0.026911    0.023563   -0.019453  
      3.375339  1.967512  0.204206     0.022243   -0.079038    0.015244  
     -4.653373  2.064634  6.742949    -0.068151    0.015004    0.034533  
      6.083576 -2.784850  5.159316    -0.036668    0.044142    0.045382  
     -2.219333  2.795514  5.177507    -0.047775   -0.009597    0.059121  
      0.548308  3.903600  3.221711    -0.061364    0.036834   -0.034467  
     -0.607628 -1.150056  5.195771    -0.023423    0.017785   -0.072827  
      4.653538  1.000780  4.973171     0.022109    0.068565   -0.043333  
     -0.729846 -3.774957  6.611526     0.071347    0.028445    0.026601  
      2.037828  5.656242  3.353134    -0.008984    0.012067   -0.036673  
     -0.881771  4.977838  1.769597     0.046037    0.029212    0.066296  
     -0.729847  2.033015  3.593915     0.029779   -0.040797   -0.049954  
      2.160004  3.117729  1.787787     0.026895   -0.023626    0.019428  
      2.219447  0.010558  3.557508     0.061324   -0.036830    0.034476  
      7.421126  1.849533  0.036282     0.068074   -0.015048   -0.034509  
     -3.315820  6.699001  1.619908     0.036714   -0.044203   -0.045372  
      4.987075  1.118654  1.601721     0.047767    0.009644   -0.059138  
     -0.607587  1.946647  6.575029    -0.022259    0.079019   -0.015195  
      0.723449  6.894140  1.617574     0.003917   -0.002454   -0.002747  
      6.258728 -0.089030  3.389576     0.007254    0.002266    0.001282  
      0.723429  1.023073  1.771935     0.003089    0.005450   -0.004524  
     -2.170109  0.000137  6.779349     0.002581   -0.001269   -0.003953  
      2.044298 -2.979976  5.161644    -0.003911    0.002455    0.002753  
     -3.490979  4.003193  3.389648    -0.007249   -0.002264   -0.001276  
      2.044324  2.891089  5.007287    -0.003087   -0.005451    0.004527  
      2.170267  0.000130  6.779292    -0.002576    0.001269    0.003959  
      4.251409  3.076817  1.694715     0.012298    0.011212   -0.013671  
      4.151550  5.871112  3.389505     0.000002   -0.000001    0.000003  
      1.383876  1.957084  3.389611     0.000004   -0.000000    0.000003  
      4.151542  0.000100  6.779265    -0.000006    0.000006    0.000002  
      1.283971  4.963231  1.572378    -0.009613    0.015094    0.014697  
     -1.483656  0.837340  5.084502    -0.012293   -0.011215    0.013630  
      1.283950  2.027682  0.122291    -0.016909   -0.018780    0.023842  
      1.483744 -0.837217  1.694812    -0.024423   -0.002655    0.002417  
      4.051646  3.006245  4.962025     0.039889    0.008356   -0.025879  
     -1.483661  3.984776  3.511966     0.035764    0.007004   -0.001650  
      1.284000  4.751385  5.084395     0.024409    0.002663   -0.002411  
      1.483813  1.886490  6.656931     0.016907    0.018818   -0.023862  
      4.251393 -0.070603  3.267260    -0.035821   -0.007022    0.001609  
      1.483765 -1.049066  5.206845     0.009611   -0.015129   -0.014712  
     -1.283903  0.907920  1.817188    -0.039894   -0.008366    0.025896  
     -1.383715  3.914186  6.779263     0.000006    0.000001   -0.000004  
 
  41 f  =   16.774231 THz   105.395602 2PiTHz  559.528119 cm-1    69.372614 meV
             X         Y         Z           dx          dy          dz
      3.375392  5.064220  1.583443     0.047675    0.060908    0.033541  
     -1.885782  2.913398  1.806051     0.011263   -0.006004    0.066895  
      3.497608  7.689129  0.167701    -0.032776    0.055314   -0.041290  
      0.729941 -1.742092  3.426074    -0.058989    0.049888    0.030009  
      3.649524 -1.063682  5.009619    -0.053746    0.034129    0.048718  
      3.497602  1.881150  3.185318     0.080940    0.004441   -0.006747  
      0.607734  0.796438  4.991441     0.011588    0.057844    0.047943  
      3.375339  1.967512  0.204206    -0.057067    0.027911    0.032567  
     -4.653373  2.064634  6.742949     0.026526    0.016977    0.032481  
      6.083576 -2.784850  5.159316     0.005193    0.049449   -0.077518  
     -2.219333  2.795514  5.177507    -0.032016    0.000436   -0.040873  
      0.548308  3.903600  3.221711     0.009673    0.057580   -0.032447  
     -0.607628 -1.150056  5.195771    -0.047695   -0.060880   -0.033522  
      4.653538  1.000780  4.973171    -0.011187    0.006012   -0.066879  
     -0.729846 -3.774957  6.611526     0.032789   -0.055324    0.041298  
      2.037828  5.656242  3.353134     0.058984   -0.049894   -0.030043  
     -0.881771  4.977838  1.769597     0.053735   -0.034132   -0.048716  
     -0.729847  2.033015  3.593915    -0.080947   -0.004464    0.006680  
      2.160004  3.117729  1.787787    -0.011576   -0.057872   -0.047936  
      2.219447  0.010558  3.557508    -0.009658   -0.057551    0.032420  
      7.421126  1.849533  0.036282    -0.026516   -0.016952   -0.032434  
     -3.315820  6.699001  1.619908    -0.005199   -0.049461    0.077505  
      4.987075  1.118654  1.601721     0.031959   -0.000479    0.040893  
     -0.607587  1.946647  6.575029     0.057033   -0.027916   -0.032548  
      0.723449  6.894140  1.617574    -0.003595   -0.005477   -0.003720  
      6.258728 -0.089030  3.389576     0.000704   -0.002824   -0.002452  
      0.723429  1.023073  1.771935     0.004567   -0.004183   -0.001712  
     -2.170109  0.000137  6.779349     0.000303   -0.006866    0.003465  
      2.044298 -2.979976  5.161644     0.003594    0.005481    0.003719  
     -3.490979  4.003193  3.389648    -0.000702    0.002824    0.002452  
      2.044324  2.891089  5.007287    -0.004566    0.004189    0.001713  
      2.170267  0.000130  6.779292    -0.000305    0.006872   -0.003466  
      4.251409  3.076817  1.694715    -0.006002   -0.018269    0.000491  
      4.151550  5.871112  3.389505     0.000001    0.000011    0.000001  
      1.383876  1.957084  3.389611    -0.000004   -0.000004   -0.000007  
      4.151542  0.000100  6.779265     0.000010   -0.000001   -0.000001  
      1.283971  4.963231  1.572378    -0.007354    0.039201    0.018141  
     -1.483656  0.837340  5.084502     0.006003    0.018268   -0.000483  
      1.283950  2.027682  0.122291    -0.003218    0.042321   -0.005482  
      1.483744 -0.837217  1.694812    -0.010839    0.030157   -0.000836  
      4.051646  3.006245  4.962025     0.014037   -0.007850   -0.005509  
     -1.483661  3.984776  3.511966    -0.013146   -0.021933   -0.019615  
      1.284000  4.751385  5.084395     0.010863   -0.030174    0.000836  
      1.483813  1.886490  6.656931     0.003226   -0.042351    0.005496  
      4.251393 -0.070603  3.267260     0.013137    0.021940    0.019618  
      1.483765 -1.049066  5.206845     0.007350   -0.039229   -0.018158  
     -1.283903  0.907920  1.817188    -0.014063    0.007849    0.005507  
     -1.383715  3.914186  6.779263     0.000001   -0.000001    0.000011  
 
  42 f  =   16.774191 THz   105.395349 2PiTHz  559.526777 cm-1    69.372448 meV
             X         Y         Z           dx          dy          dz
      3.375392  5.064220  1.583443    -0.032317    0.046870   -0.000005  
     -1.885782  2.913398  1.806051    -0.068786   -0.000699   -0.008759  
      3.497608  7.689129  0.167701     0.051121    0.011588   -0.036322  
      0.729941 -1.742092  3.426074    -0.072233   -0.053394   -0.000643  
      3.649524 -1.063682  5.009619    -0.018359    0.032744   -0.036207  
      3.497602  1.881150  3.185318    -0.036581    0.020700   -0.055500  
      0.607734  0.796438  4.991441     0.054849    0.042647   -0.065149  
      3.375339  1.967512  0.204206    -0.010779   -0.000124   -0.065787  
     -4.653373  2.064634  6.742949     0.001826    0.091689   -0.001284  
      6.083576 -2.784850  5.159316    -0.051504    0.003742   -0.003079  
     -2.219333  2.795514  5.177507    -0.026834   -0.073995   -0.041828  
      0.548308  3.903600  3.221711    -0.012984   -0.063896   -0.038653  
     -0.607628 -1.150056  5.195771     0.032315   -0.046838   -0.000009  
      4.653538  1.000780  4.973171     0.068782    0.000685    0.008751  
     -0.729846 -3.774957  6.611526    -0.051136   -0.011587    0.036339  
      2.037828  5.656242  3.353134     0.072248    0.053424    0.000632  
     -0.881771  4.977838  1.769597     0.018383   -0.032743    0.036209  
     -0.729847  2.033015  3.593915     0.036605   -0.020725    0.055505  
      2.160004  3.117729  1.787787    -0.054866   -0.042659    0.065115  
      2.219447  0.010558  3.557508     0.012962    0.063893    0.038643  
      7.421126  1.849533  0.036282    -0.001820   -0.091695    0.001276  
     -3.315820  6.699001  1.619908     0.051483   -0.003738    0.003104  
      4.987075  1.118654  1.601721     0.026852    0.073990    0.041831  
     -0.607587  1.946647  6.575029     0.010773    0.000147    0.065817  
      0.723449  6.894140  1.617574     0.005096   -0.003539    0.002179  
      6.258728 -0.089030  3.389576    -0.001044   -0.001363    0.007219  
      0.723429  1.023073  1.771935     0.004878   -0.001154    0.001653  
     -2.170109  0.000137  6.779349     0.001616    0.003313    0.005667  
      2.044298 -2.979976  5.161644    -0.005092    0.003538   -0.002179  
     -3.490979  4.003193  3.389648     0.001046    0.001363   -0.007219  
      2.044324  2.891089  5.007287    -0.004878    0.001153   -0.001650  
      2.170267  0.000130  6.779292    -0.001617   -0.003314   -0.005667  
      4.251409  3.076817  1.694715     0.010531   -0.001560    0.047897  
      4.151550  5.871112  3.389505    -0.000004    0.000005    0.000001  
      1.383876  1.957084  3.389611     0.000000   -0.000001   -0.000006  
      4.151542  0.000100  6.779265     0.000004    0.000002   -0.000002  
      1.283971  4.963231  1.572378    -0.012321   -0.002335   -0.024986  
     -1.483656  0.837340  5.084502    -0.010541    0.001552   -0.047897  
      1.283950  2.027682  0.122291    -0.001448    0.005876   -0.012755  
      1.483744 -0.837217  1.694812    -0.033905    0.018052   -0.011312  
      4.051646  3.006245  4.962025     0.008579   -0.008727    0.021678  
     -1.483661  3.984776  3.511966     0.020210    0.009251    0.019342  
      1.284000  4.751385  5.084395     0.033888   -0.018047    0.011311  
      1.483813  1.886490  6.656931     0.001459   -0.005870    0.012741  
      4.251393 -0.070603  3.267260    -0.020226   -0.009253   -0.019346  
      1.483765 -1.049066  5.206845     0.012330    0.002337    0.025002  
     -1.283903  0.907920  1.817188    -0.008574    0.008727   -0.021677  
     -1.383715  3.914186  6.779263    -0.000002   -0.000003    0.000002  
 
  43 f  =   16.488836 THz   103.602415 2PiTHz  550.008383 cm-1    68.192318 meV
             X         Y         Z           dx          dy          dz
      3.375392  5.064220  1.583443    -0.053238    0.049912   -0.020057  
     -1.885782  2.913398  1.806051     0.064827   -0.033553    0.020042  
      3.497608  7.689129  0.167701     0.010572   -0.019783    0.072295  
      0.729941 -1.742092  3.426074     0.010596    0.072500   -0.019020  
      3.649524 -1.063682  5.009619     0.064828   -0.000604   -0.039085  
      3.497602  1.881150  3.185318     0.010559   -0.052733   -0.053257  
      0.607734  0.796438  4.991441    -0.053256   -0.042341   -0.033229  
      3.375339  1.967512  0.204206    -0.053224   -0.007632    0.053272  
     -4.653373  2.064634  6.742949     0.064811    0.034128    0.019015  
      6.083576 -2.784850  5.159316    -0.022160    0.060900    0.039098  
     -2.219333  2.795514  5.177507    -0.022149   -0.064283    0.033230  
      0.548308  3.903600  3.221711    -0.022177    0.003380   -0.072278  
     -0.607628 -1.150056  5.195771    -0.053219    0.049949   -0.020062  
      4.653538  1.000780  4.973171     0.064809   -0.033538    0.020064  
     -0.729846 -3.774957  6.611526     0.010577   -0.019745    0.072290  
      2.037828  5.656242  3.353134     0.010553    0.072492   -0.019023  
     -0.881771  4.977838  1.769597     0.064818   -0.000576   -0.039061  
     -0.729847  2.033015  3.593915     0.010591   -0.052715   -0.053274  
      2.160004  3.117729  1.787787    -0.053229   -0.042322   -0.033210  
      2.219447  0.010558  3.557508    -0.022167    0.003381   -0.072303  
      7.421126  1.849533  0.036282     0.064833    0.034145    0.019033  
     -3.315820  6.699001  1.619908    -0.022149    0.060937    0.039059  
      4.987075  1.118654  1.601721    -0.022173   -0.064299    0.033203  
     -0.607587  1.946647  6.575029    -0.053237   -0.007582    0.053268  
      0.723449  6.894140  1.617574     0.001841    0.002606   -0.004510  
      6.258728 -0.089030  3.389576     0.001844   -0.005210   -0.000001  
      0.723429  1.023073  1.771935     0.001841    0.002604    0.004513  
     -2.170109  0.000137  6.779349    -0.005526   -0.000001    0.000000  
      2.044298 -2.979976  5.161644     0.001843    0.002604   -0.004513  
     -3.490979  4.003193  3.389648     0.001842   -0.005210    0.000002  
      2.044324  2.891089  5.007287     0.001844    0.002605    0.004512  
      2.170267  0.000130  6.779292    -0.005525    0.000001    0.000002  
      4.251409  3.076817  1.694715     0.007806    0.011047   -0.000009  
      4.151550  5.871112  3.389505    -0.015762    0.044575   -0.000001  
      1.383876  1.957084  3.389611    -0.015757   -0.022289   -0.038599  
      4.151542  0.000100  6.779265     0.047275   -0.000001   -0.000000  
      1.283971  4.963231  1.572378     0.007816   -0.005528    0.009565  
     -1.483656  0.837340  5.084502     0.007821    0.011047    0.000006  
      1.283950  2.027682  0.122291     0.007815   -0.005515   -0.009572  
      1.483744 -0.837217  1.694812    -0.007804   -0.011052    0.000001  
      4.051646  3.006245  4.962025    -0.007820    0.005524   -0.009572  
     -1.483661  3.984776  3.511966    -0.007811    0.005522    0.009567  
      1.284000  4.751385  5.084395    -0.007825   -0.011047   -0.000002  
      1.483813  1.886490  6.656931     0.007808   -0.005521   -0.009567  
      4.251393 -0.070603  3.267260    -0.007822    0.005525    0.009562  
      1.483765 -1.049066  5.206845     0.007807   -0.005526    0.009561  
     -1.283903  0.907920  1.817188    -0.007806    0.005522   -0.009560  
     -1.383715  3.914186  6.779263    -0.015758   -0.022288    0.038600  
 
  44 f  =   15.759922 THz    99.022507 2PiTHz  525.694396 cm-1    65.177769 meV
             X         Y         Z           dx          dy          dz
      3.375392  5.064220  1.583443    -0.019624    0.021206   -0.009415  
     -1.885782  2.913398  1.806051     0.042999   -0.019780   -0.011726  
      3.497608  7.689129  0.167701     0.016230    0.002469   -0.048942  
      0.729941 -1.742092  3.426074    -0.009413    0.048414   -0.023476  
      3.649524 -1.063682  5.009619     0.015655   -0.003830   -0.007165  
      3.497602  1.881150  3.185318    -0.006871    0.006149    0.006622  
      0.607734  0.796438  4.991441     0.033721    0.018051    0.026432  
      3.375339  1.967512  0.204206    -0.017977   -0.014636    0.009163  
     -4.653373  2.064634  6.742949    -0.055637   -0.006324   -0.022216  
      6.083576 -2.784850  5.159316    -0.001362   -0.032301   -0.004226  
     -2.219333  2.795514  5.177507    -0.008660   -0.039673    0.032570  
      0.548308  3.903600  3.221711     0.009660   -0.002823    0.025856  
     -0.607628 -1.150056  5.195771    -0.019635    0.021222   -0.009394  
      4.653538  1.000780  4.973171     0.043006   -0.019800   -0.011750  
     -0.729846 -3.774957  6.611526     0.016225    0.002478   -0.049022  
      2.037828  5.656242  3.353134    -0.009430    0.048387   -0.023454  
     -0.881771  4.977838  1.769597     0.015630   -0.003812   -0.007174  
     -0.729847  2.033015  3.593915    -0.006909    0.006198    0.006665  
      2.160004  3.117729  1.787787     0.033719    0.018068    0.026420  
      2.219447  0.010558  3.557508     0.009617   -0.002807    0.025816  
      7.421126  1.849533  0.036282    -0.055647   -0.006270   -0.022195  
     -3.315820  6.699001  1.619908    -0.001434   -0.032301   -0.004201  
      4.987075  1.118654  1.601721    -0.008705   -0.039705    0.032571  
     -0.607587  1.946647  6.575029    -0.018009   -0.014662    0.009177  
      0.723449  6.894140  1.617574     0.012309   -0.000810    0.007091  
      6.258728 -0.089030  3.389576    -0.009981    0.000986    0.007417  
      0.723429  1.023073  1.771935    -0.001669    0.001189    0.008093  
     -2.170109  0.000137  6.779349     0.000286    0.013781   -0.005155  
      2.044298 -2.979976  5.161644     0.012297   -0.000806    0.007090  
     -3.490979  4.003193  3.389648    -0.009995    0.000980    0.007411  
      2.044324  2.891089  5.007287    -0.001681    0.001191    0.008086  
      2.170267  0.000130  6.779292     0.000274    0.013774   -0.005156  
      4.251409  3.076817  1.694715    -0.014553   -0.056541    0.007315  
      4.151550  5.871112  3.389505     0.016644    0.012307    0.022815  
      1.383876  1.957084  3.389611    -0.003879    0.015041    0.004403  
      4.151542  0.000100  6.779265     0.000401    0.012193    0.035872  
      1.283971  4.963231  1.572378    -0.043189    0.009679    0.000819  
     -1.483656  0.837340  5.084502    -0.014618   -0.056617    0.007294  
      1.283950  2.027682  0.122291     0.054777   -0.026021   -0.047968  
      1.483744 -0.837217  1.694812    -0.034572   -0.042444   -0.002543  
      4.051646  3.006245  4.962025    -0.017031    0.025294   -0.011474  
     -1.483661  3.984776  3.511966     0.048508   -0.010536   -0.062048  
      1.284000  4.751385  5.084395    -0.034533   -0.042485   -0.002547  
      1.483813  1.886490  6.656931     0.054802   -0.026012   -0.047934  
      4.251393 -0.070603  3.267260     0.048432   -0.010517   -0.062040  
      1.483765 -1.049066  5.206845    -0.043140    0.009672    0.000849  
     -1.283903  0.907920  1.817188    -0.017099    0.025267   -0.011487  
     -1.383715  3.914186  6.779263    -0.008899    0.030547    0.017605  
 
  45 f  =   15.759855 THz    99.022089 2PiTHz  525.692177 cm-1    65.177494 meV
             X         Y         Z           dx          dy          dz
      3.375392  5.064220  1.583443    -0.016598    0.012222   -0.000367  
     -1.885782  2.913398  1.806051     0.030317   -0.009694   -0.001947  
      3.497608  7.689129  0.167701     0.001825   -0.000202   -0.022546  
      0.729941 -1.742092  3.426074     0.012541   -0.005961    0.007967  
      3.649524 -1.063682  5.009619    -0.061975   -0.019984    0.020544  
      3.497602  1.881150  3.185318    -0.013810   -0.054622   -0.039736  
      0.607734  0.796438  4.991441     0.011205   -0.005582    0.015718  
      3.375339  1.967512  0.204206     0.040154    0.018235   -0.038010  
     -4.653373  2.064634  6.742949     0.005140   -0.009180    0.008832  
      6.083576 -2.784850  5.159316    -0.008777    0.052260    0.022547  
     -2.219333  2.795514  5.177507     0.007067   -0.009965    0.019923  
      0.548308  3.903600  3.221711     0.005263    0.007410    0.028410  
     -0.607628 -1.150056  5.195771    -0.016646    0.012273   -0.000281  
      4.653538  1.000780  4.973171     0.030251   -0.009680   -0.001839  
     -0.729846 -3.774957  6.611526     0.001790   -0.000182   -0.022471  
      2.037828  5.656242  3.353134     0.012586   -0.006021    0.007959  
     -0.881771  4.977838  1.769597    -0.061895   -0.020028    0.020445  
     -0.729847  2.033015  3.593915    -0.013695   -0.054629   -0.039803  
      2.160004  3.117729  1.787787     0.011183   -0.005558    0.015598  
      2.219447  0.010558  3.557508     0.005211    0.007431    0.028485  
      7.421126  1.849533  0.036282     0.005181   -0.009225    0.008839  
     -3.315820  6.699001  1.619908    -0.008710    0.052213    0.022443  
      4.987075  1.118654  1.601721     0.007008   -0.009999    0.019805  
     -0.607587  1.946647  6.575029     0.040234    0.018121   -0.038107  
      0.723449  6.894140  1.617574     0.002770    0.011069    0.001381  
      6.258728 -0.089030  3.389576     0.005526    0.007863   -0.004408  
      0.723429  1.023073  1.771935    -0.013970    0.002228    0.002060  
     -2.170109  0.000137  6.779349    -0.002480   -0.004632   -0.012965  
      2.044298 -2.979976  5.161644     0.002768    0.011070    0.001391  
     -3.490979  4.003193  3.389648     0.005509    0.007875   -0.004412  
      2.044324  2.891089  5.007287    -0.013969    0.002226    0.002070  
      2.170267  0.000130  6.779292    -0.002499   -0.004633   -0.012974  
      4.251409  3.076817  1.694715    -0.044317   -0.014211   -0.005267  
      4.151550  5.871112  3.389505    -0.013924    0.003497   -0.019797  
      1.383876  1.957084  3.389611     0.002313    0.029594   -0.021378  
      4.151542  0.000100  6.779265    -0.003540    0.033748   -0.010906  
      1.283971  4.963231  1.572378     0.045633   -0.036446    0.069332  
     -1.483656  0.837340  5.084502    -0.044384   -0.014195   -0.005235  
      1.283950  2.027682  0.122291     0.024996    0.012358    0.003596  
      1.483744 -0.837217  1.694812    -0.026583   -0.026771   -0.030086  
      4.051646  3.006245  4.962025     0.053963   -0.039248    0.060963  
     -1.483661  3.984776  3.511966     0.000599   -0.005616   -0.006025  
      1.284000  4.751385  5.084395    -0.026555   -0.026786   -0.030121  
      1.483813  1.886490  6.656931     0.025023    0.012353    0.003600  
      4.251393 -0.070603  3.267260     0.000523   -0.005577   -0.006000  
      1.483765 -1.049066  5.206845     0.045716   -0.036400    0.069385  
     -1.283903  0.907920  1.817188     0.053998   -0.039199    0.060972  
     -1.383715  3.914186  6.779263    -0.022659    0.009690   -0.012389  
 
  46 f  =   15.759824 THz    99.021893 2PiTHz  525.691135 cm-1    65.177365 meV
             X         Y         Z           dx          dy          dz
      3.375392  5.064220  1.583443     0.040541   -0.044654   -0.010094  
     -1.885782  2.913398  1.806051    -0.036358    0.017969   -0.007057  
      3.497608  7.689129  0.167701     0.000665   -0.011161    0.042244  
      0.729941 -1.742092  3.426074    -0.004532    0.041050   -0.012129  
      3.649524 -1.063682  5.009619    -0.002656    0.006128    0.008729  
      3.497602  1.881150  3.185318     0.005517   -0.004431   -0.012345  
      0.607734  0.796438  4.991441     0.032251    0.014821    0.035569  
      3.375339  1.967512  0.204206     0.019086    0.021457   -0.015723  
     -4.653373  2.064634  6.742949    -0.031078   -0.010643   -0.013789  
      6.083576 -2.784850  5.159316     0.006829    0.025366    0.004862  
     -2.219333  2.795514  5.177507     0.000569   -0.032856    0.027384  
      0.548308  3.903600  3.221711     0.002023   -0.014481   -0.056681  
     -0.607628 -1.150056  5.195771     0.040492   -0.044622   -0.010094  
      4.653538  1.000780  4.973171    -0.036401    0.017995   -0.007068  
     -0.729846 -3.774957  6.611526     0.000649   -0.011159    0.042245  
      2.037828  5.656242  3.353134    -0.004526    0.040990   -0.012126  
     -0.881771  4.977838  1.769597    -0.002611    0.006096    0.008659  
     -0.729847  2.033015  3.593915     0.005530   -0.004432   -0.012382  
      2.160004  3.117729  1.787787     0.032269    0.014817    0.035524  
      2.219447  0.010558  3.557508     0.001988   -0.014443   -0.056674  
      7.421126  1.849533  0.036282    -0.031042   -0.010678   -0.013772  
     -3.315820  6.699001  1.619908     0.006870    0.025356    0.004807  
      4.987075  1.118654  1.601721     0.000573   -0.032863    0.027365  
     -0.607587  1.946647  6.575029     0.019103    0.021427   -0.015778  
      0.723449  6.894140  1.617574    -0.006248    0.007513    0.007288  
      6.258728 -0.089030  3.389576    -0.008242   -0.002298   -0.011930  
      0.723429  1.023073  1.771935    -0.000516   -0.013160    0.005967  
     -2.170109  0.000137  6.779349    -0.006578    0.002336    0.004690  
      2.044298 -2.979976  5.161644    -0.006258    0.007507    0.007287  
     -3.490979  4.003193  3.389648    -0.008243   -0.002297   -0.011934  
      2.044324  2.891089  5.007287    -0.000520   -0.013167    0.005973  
      2.170267  0.000130  6.779292    -0.006584    0.002344    0.004682  
      4.251409  3.076817  1.694715     0.042715    0.058206    0.002850  
      4.151550  5.871112  3.389505    -0.028605   -0.009230    0.022915  
      1.383876  1.957084  3.389611    -0.035613    0.006184    0.008351  
      4.151542  0.000100  6.779265    -0.009363   -0.012250    0.005655  
      1.283971  4.963231  1.572378     0.007447   -0.013912    0.021389  
     -1.483656  0.837340  5.084502     0.042749    0.058262    0.002824  
      1.283950  2.027682  0.122291     0.019428   -0.032942   -0.051529  
      1.483744 -0.837217  1.694812     0.036717    0.062425   -0.017421  
      4.051646  3.006245  4.962025     0.007064    0.013714    0.037688  
     -1.483661  3.984776  3.511966     0.030045   -0.050257   -0.032870  
      1.284000  4.751385  5.084395     0.036799    0.062482   -0.017444  
      1.483813  1.886490  6.656931     0.019473   -0.032963   -0.051566  
      4.251393 -0.070603  3.267260     0.030047   -0.050279   -0.032911  
      1.483765 -1.049066  5.206845     0.007482   -0.013886    0.021418  
     -1.283903  0.907920  1.817188     0.007066    0.013724    0.037673  
     -1.383715  3.914186  6.779263    -0.026386   -0.010661   -0.009092  
 
  47 f  =   15.629494 THz    98.203008 2PiTHz  521.343806 cm-1    64.638365 meV
             X         Y         Z           dx          dy          dz
      3.375392  5.064220  1.583443    -0.003260    0.005344   -0.004583  
     -1.885782  2.913398  1.806051     0.006398   -0.001331    0.004621  
      3.497608  7.689129  0.167701     0.002345   -0.004957    0.005880  
      0.729941 -1.742092  3.426074     0.017196    0.003977   -0.000426  
      3.649524 -1.063682  5.009619    -0.004291    0.011740    0.018778  
      3.497602  1.881150  3.185318    -0.019622    0.004969    0.010457  
      0.607734  0.796438  4.991441    -0.008088   -0.010840    0.011782  
      3.375339  1.967512  0.204206     0.011361   -0.016564   -0.010365  
     -4.653373  2.064634  6.742949    -0.002129    0.017315    0.000400  
      6.083576 -2.784850  5.159316     0.012649    0.000029   -0.018672  
     -2.219333  2.795514  5.177507    -0.007329   -0.011045   -0.011624  
      0.548308  3.903600  3.221711    -0.005210    0.000507   -0.005719  
     -0.607628 -1.150056  5.195771     0.003252   -0.005325    0.004582  
      4.653538  1.000780  4.973171    -0.006362    0.001310   -0.004592  
     -0.729846 -3.774957  6.611526    -0.002346    0.004962   -0.005917  
      2.037828  5.656242  3.353134    -0.017184   -0.003982    0.000442  
     -0.881771  4.977838  1.769597     0.004280   -0.011725   -0.018765  
     -0.729847  2.033015  3.593915     0.019609   -0.004994   -0.010466  
      2.160004  3.117729  1.787787     0.008067    0.010859   -0.011798  
      2.219447  0.010558  3.557508     0.005196   -0.000490    0.005752  
      7.421126  1.849533  0.036282     0.002147   -0.017315   -0.000385  
     -3.315820  6.699001  1.619908    -0.012655   -0.000024    0.018680  
      4.987075  1.118654  1.601721     0.007318    0.011038    0.011627  
     -0.607587  1.946647  6.575029    -0.011354    0.016558    0.010354  
      0.723449  6.894140  1.617574    -0.000131    0.007839    0.004503  
      6.258728 -0.089030  3.389576    -0.007320   -0.002631    0.004703  
      0.723429  1.023073  1.771935     0.007490    0.002457   -0.004466  
     -2.170109  0.000137  6.779349     0.000025   -0.007816   -0.004648  
      2.044298 -2.979976  5.161644     0.000139   -0.007838   -0.004504  
     -3.490979  4.003193  3.389648     0.007323    0.002637   -0.004698  
      2.044324  2.891089  5.007287    -0.007497   -0.002449    0.004468  
      2.170267  0.000130  6.779292    -0.000024    0.007819    0.004641  
      4.251409  3.076817  1.694715    -0.016520   -0.023524    0.000102  
      4.151550  5.871112  3.389505     0.000006    0.000002   -0.000004  
      1.383876  1.957084  3.389611     0.000007    0.000002   -0.000008  
      4.151542  0.000100  6.779265     0.000003    0.000011    0.000001  
      1.283971  4.963231  1.572378     0.041704   -0.029404    0.051107  
     -1.483656  0.837340  5.084502     0.016483    0.023471   -0.000104  
      1.283950  2.027682  0.122291    -0.058447    0.041487    0.071294  
      1.483744 -0.837217  1.694812    -0.016621   -0.023195   -0.000025  
      4.051646  3.006245  4.962025     0.041873   -0.029746    0.051372  
     -1.483661  3.984776  3.511966    -0.058277    0.041144    0.071483  
      1.284000  4.751385  5.084395     0.016575    0.023135    0.000014  
      1.483813  1.886490  6.656931     0.058476   -0.041486   -0.071295  
      4.251393 -0.070603  3.267260     0.058289   -0.041132   -0.071496  
      1.483765 -1.049066  5.206845    -0.041714    0.029402   -0.051095  
     -1.283903  0.907920  1.817188    -0.041863    0.029728   -0.051365  
     -1.383715  3.914186  6.779263     0.000000    0.000009    0.000003  
 
  48 f  =   15.629428 THz    98.202589 2PiTHz  521.341584 cm-1    64.638089 meV
             X         Y         Z           dx          dy          dz
      3.375392  5.064220  1.583443    -0.011170   -0.002295   -0.020074  
     -1.885782  2.913398  1.806051     0.001293   -0.011142    0.019756  
      3.497608  7.689129  0.167701     0.020986   -0.004521    0.007340  
      0.729941 -1.742092  3.426074    -0.012321   -0.010983   -0.000987  
      3.649524 -1.063682  5.009619     0.004510    0.002825    0.006825  
      3.497602  1.881150  3.185318    -0.008803   -0.000257   -0.002184  
      0.607734  0.796438  4.991441     0.008524    0.014026   -0.003922  
      3.375339  1.967512  0.204206     0.002627   -0.008193    0.002162  
     -4.653373  2.064634  6.742949    -0.005906   -0.015426    0.001384  
      6.083576 -2.784850  5.159316     0.001041    0.005532   -0.006967  
     -2.219333  2.795514  5.177507     0.010377    0.012519    0.004078  
      0.548308  3.903600  3.221711    -0.011795    0.018702   -0.007802  
     -0.607628 -1.150056  5.195771     0.011244    0.002249    0.020035  
      4.653538  1.000780  4.973171    -0.001347    0.011190   -0.019757  
     -0.729846 -3.774957  6.611526    -0.020994    0.004533   -0.007258  
      2.037828  5.656242  3.353134     0.012318    0.011000    0.000982  
     -0.881771  4.977838  1.769597    -0.004516   -0.002788   -0.006799  
     -0.729847  2.033015  3.593915     0.008842    0.000253    0.002150  
      2.160004  3.117729  1.787787    -0.008502   -0.014031    0.003940  
      2.219447  0.010558  3.557508     0.011827   -0.018720    0.007736  
      7.421126  1.849533  0.036282     0.005895    0.015451   -0.001409  
     -3.315820  6.699001  1.619908    -0.001006   -0.005487    0.006957  
      4.987075  1.118654  1.601721    -0.010371   -0.012540   -0.004060  
     -0.607587  1.946647  6.575029    -0.002622    0.008216   -0.002170  
      0.723449  6.894140  1.617574    -0.008605    0.001372   -0.002664  
      6.258728 -0.089030  3.389576     0.004370    0.001536    0.007771  
      0.723429  1.023073  1.771935     0.004134   -0.007597    0.002707  
     -2.170109  0.000137  6.779349    -0.000032    0.004693   -0.007758  
      2.044298 -2.979976  5.161644     0.008598   -0.001365    0.002665  
     -3.490979  4.003193  3.389648    -0.004370   -0.001535   -0.007780  
      2.044324  2.891089  5.007287    -0.004133    0.007586   -0.002706  
      2.170267  0.000130  6.779292     0.000029   -0.004696    0.007763  
      4.251409  3.076817  1.694715     0.057744    0.081718   -0.000048  
      4.151550  5.871112  3.389505    -0.000013   -0.000010    0.000007  
      1.383876  1.957084  3.389611    -0.000016    0.000000    0.000001  
      4.151542  0.000100  6.779265    -0.000009   -0.000010   -0.000006  
      1.283971  4.963231  1.572378     0.043347   -0.030551    0.052879  
     -1.483656  0.837340  5.084502    -0.057739   -0.081685    0.000038  
      1.283950  2.027682  0.122291     0.014722   -0.010416   -0.017967  
      1.483744 -0.837217  1.694812     0.058110    0.081723   -0.000155  
      4.051646  3.006245  4.962025     0.043100   -0.030633    0.052999  
     -1.483661  3.984776  3.511966     0.014512   -0.010376   -0.017733  
      1.284000  4.751385  5.084395    -0.058092   -0.081684    0.000151  
      1.483813  1.886490  6.656931    -0.014734    0.010413    0.017956  
      4.251393 -0.070603  3.267260    -0.014521    0.010350    0.017742  
      1.483765 -1.049066  5.206845    -0.043329    0.030536   -0.052862  
     -1.283903  0.907920  1.817188    -0.043082    0.030620   -0.052969  
     -1.383715  3.914186  6.779263    -0.000007   -0.000015    0.000001  
 
  49 f  =   15.590979 THz    97.961010 2PiTHz  520.059079 cm-1    64.479079 meV
             X         Y         Z           dx          dy          dz
      3.375392  5.064220  1.583443    -0.043570    0.050095    0.010284  
     -1.885782  2.913398  1.806051    -0.006425    0.036989   -0.049885  
      3.497608  7.689129  0.167701    -0.018786    0.027419   -0.031591  
      0.729941 -1.742092  3.426074     0.091634    0.016590    0.031335  
      3.649524 -1.063682  5.009619    -0.035960   -0.073075   -0.050529  
      3.497602  1.881150  3.185318    -0.037055   -0.058833   -0.026910  
      0.607734  0.796438  4.991441     0.049109    0.036315   -0.006186  
      3.375339  1.967512  0.204206     0.000434   -0.026644   -0.028900  
     -4.653373  2.064634  6.742949     0.060477    0.017356    0.030298  
      6.083576 -2.784850  5.159316     0.002834   -0.014890   -0.038464  
     -2.219333  2.795514  5.177507     0.049469    0.035160    0.019579  
      0.548308  3.903600  3.221711    -0.056709    0.077546    0.006443  
     -0.607628 -1.150056  5.195771     0.043605   -0.050121   -0.010315  
      4.653538  1.000780  4.973171     0.006399   -0.036970    0.049872  
     -0.729846 -3.774957  6.611526     0.018791   -0.027417    0.031600  
      2.037828  5.656242  3.353134    -0.091597   -0.016558   -0.031334  
     -0.881771  4.977838  1.769597     0.035925    0.073095    0.050568  
     -0.729847  2.033015  3.593915     0.037045    0.058794    0.026910  
      2.160004  3.117729  1.787787    -0.049060   -0.036344    0.006236  
      2.219447  0.010558  3.557508     0.056737   -0.077581   -0.006427  
      7.421126  1.849533  0.036282    -0.060506   -0.017330   -0.030353  
     -3.315820  6.699001  1.619908    -0.002794    0.014932    0.038461  
      4.987075  1.118654  1.601721    -0.049471   -0.035192   -0.019573  
     -0.607587  1.946647  6.575029    -0.000413    0.026622    0.028876  
      0.723449  6.894140  1.617574    -0.005161   -0.006038    0.010147  
      6.258728 -0.089030  3.389576    -0.000845   -0.007415   -0.002148  
      0.723429  1.023073  1.771935     0.004546   -0.001114    0.001571  
     -2.170109  0.000137  6.779349    -0.003872    0.003096    0.003025  
      2.044298 -2.979976  5.161644     0.005159    0.006045   -0.010145  
     -3.490979  4.003193  3.389648     0.000845    0.007416    0.002145  
      2.044324  2.891089  5.007287    -0.004548    0.001106   -0.001566  
      2.170267  0.000130  6.779292     0.003871   -0.003095   -0.003030  
      4.251409  3.076817  1.694715    -0.007441   -0.021509   -0.007831  
      4.151550  5.871112  3.389505    -0.000016   -0.000003    0.000005  
      1.383876  1.957084  3.389611    -0.000008    0.000016   -0.000006  
      4.151542  0.000100  6.779265    -0.000009   -0.000003    0.000006  
      1.283971  4.963231  1.572378     0.018070    0.040090   -0.017650  
     -1.483656  0.837340  5.084502     0.007421    0.021513    0.007818  
      1.283950  2.027682  0.122291     0.010329   -0.009840   -0.003540  
      1.483744 -0.837217  1.694812     0.032785    0.002763   -0.032025  
      4.051646  3.006245  4.962025     0.007302   -0.016244    0.010123  
     -1.483661  3.984776  3.511966     0.018705   -0.021409    0.045554  
      1.284000  4.751385  5.084395    -0.032785   -0.002743    0.032012  
      1.483813  1.886490  6.656931    -0.010314    0.009834    0.003517  
      4.251393 -0.070603  3.267260    -0.018703    0.021405   -0.045561  
      1.483765 -1.049066  5.206845    -0.018060   -0.040107    0.017688  
     -1.283903  0.907920  1.817188    -0.007293    0.016247   -0.010102  
     -1.383715  3.914186  6.779263    -0.000007    0.000002    0.000001  
 
  50 f  =   15.590871 THz    97.960330 2PiTHz  520.055472 cm-1    64.478632 meV
             X         Y         Z           dx          dy          dz
      3.375392  5.064220  1.583443    -0.022501   -0.015128   -0.094347  
     -1.885782  2.913398  1.806051    -0.027562    0.018446   -0.057266  
      3.497608  7.689129  0.167701    -0.053819    0.012326   -0.044441  
      0.729941 -1.742092  3.426074    -0.013852   -0.032812    0.027638  
      3.649524 -1.063682  5.009619    -0.029588    0.013953    0.008896  
      3.497602  1.881150  3.185318    -0.049239    0.013760    0.009765  
      0.607734  0.796438  4.991441     0.005858   -0.060959    0.071513  
      3.375339  1.967512  0.204206    -0.002879    0.092208    0.010930  
     -4.653373  2.064634  6.742949    -0.002021   -0.043777    0.028272  
      6.083576 -2.784850  5.159316     0.010422    0.068627    0.001601  
     -2.219333  2.795514  5.177507     0.017497   -0.043377    0.055568  
      0.548308  3.903600  3.221711    -0.014285    0.003733   -0.067946  
     -0.607628 -1.150056  5.195771     0.022498    0.015127    0.094390  
      4.653538  1.000780  4.973171     0.027558   -0.018447    0.057216  
     -0.729846 -3.774957  6.611526     0.053792   -0.012297    0.044482  
      2.037828  5.656242  3.353134     0.013853    0.032817   -0.027660  
     -0.881771  4.977838  1.769597     0.029673   -0.013936   -0.008951  
     -0.729847  2.033015  3.593915     0.049276   -0.013706   -0.009743  
      2.160004  3.117729  1.787787    -0.005847    0.060962   -0.071540  
      2.219447  0.010558  3.557508     0.014305   -0.003752    0.067892  
      7.421126  1.849533  0.036282     0.002027    0.043792   -0.028291  
     -3.315820  6.699001  1.619908    -0.010451   -0.068691   -0.001603  
      4.987075  1.118654  1.601721    -0.017516    0.043372   -0.055605  
     -0.607587  1.946647  6.575029     0.002816   -0.092228   -0.010875  
      0.723449  6.894140  1.617574     0.000314   -0.003756   -0.002561  
      6.258728 -0.089030  3.389576     0.000989   -0.006026    0.003878  
      0.723429  1.023073  1.771935     0.003238    0.005913    0.002750  
     -2.170109  0.000137  6.779349     0.012553    0.001139    0.000728  
      2.044298 -2.979976  5.161644    -0.000318    0.003746    0.002559  
     -3.490979  4.003193  3.389648    -0.000994    0.006019   -0.003873  
      2.044324  2.891089  5.007287    -0.003221   -0.005913   -0.002758  
      2.170267  0.000130  6.779292    -0.012549   -0.001138   -0.000718  
      4.251409  3.076817  1.694715     0.039688   -0.011878   -0.030943  
      4.151550  5.871112  3.389505     0.000011   -0.000004    0.000003  
      1.383876  1.957084  3.389611    -0.000006   -0.000014    0.000018  
      4.151542  0.000100  6.779265     0.000003   -0.000018    0.000012  
      1.283971  4.963231  1.572378    -0.036754   -0.015773   -0.014387  
     -1.483656  0.837340  5.084502    -0.039653    0.011890    0.030945  
      1.283950  2.027682  0.122291    -0.039621    0.019212   -0.025004  
      1.483744 -0.837217  1.694812     0.002827   -0.018257   -0.012349  
      4.051646  3.006245  4.962025     0.012071   -0.010838    0.018627  
     -1.483661  3.984776  3.511966     0.011743   -0.013751   -0.001133  
      1.284000  4.751385  5.084395    -0.002793    0.018287    0.012388  
      1.483813  1.886490  6.656931     0.039576   -0.019205    0.025034  
      4.251393 -0.070603  3.267260    -0.011754    0.013754    0.001147  
      1.483765 -1.049066  5.206845     0.036717    0.015806    0.014333  
     -1.283903  0.907920  1.817188    -0.012129    0.010872   -0.018684  
     -1.383715  3.914186  6.779263     0.000017   -0.000007    0.000008  
 
  51 f  =   15.590864 THz    97.960290 2PiTHz  520.055259 cm-1    64.478605 meV
             X         Y         Z           dx          dy          dz
      3.375392  5.064220  1.583443    -0.027916    0.001810    0.008398  
     -1.885782  2.913398  1.806051    -0.056449    0.015494    0.057743  
      3.497608  7.689129  0.167701    -0.074024    0.024292    0.043000  
      0.729941 -1.742092  3.426074     0.012082   -0.054409    0.015869  
      3.649524 -1.063682  5.009619     0.042602   -0.005271   -0.053337  
      3.497602  1.881150  3.185318     0.070328    0.002116   -0.042919  
      0.607734  0.796438  4.991441    -0.027001   -0.028603   -0.029205  
      3.375339  1.967512  0.204206     0.056372   -0.000321   -0.041231  
     -4.653373  2.064634  6.742949     0.018068   -0.082716    0.016671  
      6.083576 -2.784850  5.159316     0.063616    0.021546   -0.063310  
     -2.219333  2.795514  5.177507    -0.037251   -0.041755   -0.050426  
      0.548308  3.903600  3.221711    -0.027228    0.004976    0.011756  
     -0.607628 -1.150056  5.195771     0.027914   -0.001825   -0.008395  
      4.653538  1.000780  4.973171     0.056479   -0.015524   -0.057765  
     -0.729846 -3.774957  6.611526     0.074018   -0.024281   -0.042973  
      2.037828  5.656242  3.353134    -0.012077    0.054403   -0.015867  
     -0.881771  4.977838  1.769597    -0.042679    0.005238    0.053355  
     -0.729847  2.033015  3.593915    -0.070314   -0.002194    0.042838  
      2.160004  3.117729  1.787787     0.027025    0.028620    0.029225  
      2.219447  0.010558  3.557508     0.027237   -0.004985   -0.011762  
      7.421126  1.849533  0.036282    -0.018051    0.082700   -0.016665  
     -3.315820  6.699001  1.619908    -0.063647   -0.021454    0.063369  
      4.987075  1.118654  1.601721     0.037265    0.041731    0.050456  
     -0.607587  1.946647  6.575029    -0.056311    0.000367    0.041178  
      0.723449  6.894140  1.617574     0.003244   -0.001903    0.003526  
      6.258728 -0.089030  3.389576    -0.005960    0.008067    0.000869  
      0.723429  1.023073  1.771935     0.002410    0.004199    0.010545  
     -2.170109  0.000137  6.779349    -0.000890    0.003067   -0.003342  
      2.044298 -2.979976  5.161644    -0.003246    0.001920   -0.003523  
     -3.490979  4.003193  3.389648     0.005965   -0.008058   -0.000881  
      2.044324  2.891089  5.007287    -0.002428   -0.004203   -0.010542  
      2.170267  0.000130  6.779292     0.000883   -0.003078    0.003330  
      4.251409  3.076817  1.694715    -0.007519    0.027063    0.013681  
      4.151550  5.871112  3.389505    -0.000018   -0.000001   -0.000011  
      1.383876  1.957084  3.389611    -0.000009    0.000019   -0.000012  
      4.151542  0.000100  6.779265    -0.000006    0.000022   -0.000009  
      1.283971  4.963231  1.572378     0.004565    0.012724   -0.001349  
     -1.483656  0.837340  5.084502     0.007484   -0.027036   -0.013699  
      1.283950  2.027682  0.122291    -0.003847   -0.000788   -0.037868  
      1.483744 -0.837217  1.694812     0.006629   -0.026384   -0.029561  
      4.051646  3.006245  4.962025     0.030554    0.047019    0.007397  
     -1.483661  3.984776  3.511966    -0.025264    0.019113    0.003588  
      1.284000  4.751385  5.084395    -0.006647    0.026396    0.029513  
      1.483813  1.886490  6.656931     0.003864    0.000799    0.037871  
      4.251393 -0.070603  3.267260     0.025272   -0.019140   -0.003590  
      1.483765 -1.049066  5.206845    -0.004486   -0.012776    0.001447  
     -1.283903  0.907920  1.817188    -0.030479   -0.047059   -0.007292  
     -1.383715  3.914186  6.779263    -0.000018   -0.000004   -0.000015  
 
  52 f  =   15.539476 THz    97.637410 2PiTHz  518.341141 cm-1    64.266082 meV
             X         Y         Z           dx          dy          dz
      3.375392  5.064220  1.583443    -0.001888    0.011057   -0.000524  
     -1.885782  2.913398  1.806051    -0.007676   -0.015931   -0.011858  
      3.497608  7.689129  0.167701    -0.029822    0.022609   -0.059624  
      0.729941 -1.742092  3.426074    -0.016217   -0.041601    0.026597  
      3.649524 -1.063682  5.009619    -0.021330    0.036296    0.006245  
      3.497602  1.881150  3.185318    -0.018759    0.041837    0.037689  
      0.607734  0.796438  4.991441    -0.006769    0.018356   -0.008470  
      3.375339  1.967512  0.204206    -0.028012   -0.003572    0.022552  
     -4.653373  2.064634  6.742949     0.008703    0.006457    0.030729  
      6.083576 -2.784850  5.159316    -0.051106    0.020191    0.024854  
     -2.219333  2.795514  5.177507    -0.042179   -0.024550   -0.001182  
      0.548308  3.903600  3.221711    -0.045926    0.019193   -0.048681  
     -0.607628 -1.150056  5.195771     0.001900   -0.011057    0.000509  
      4.653538  1.000780  4.973171     0.007706    0.015911    0.011862  
     -0.729846 -3.774957  6.611526     0.029850   -0.022618    0.059572  
      2.037828  5.656242  3.353134     0.016204    0.041643   -0.026606  
     -0.881771  4.977838  1.769597     0.021349   -0.036269   -0.006238  
     -0.729847  2.033015  3.593915     0.018736   -0.041840   -0.037672  
      2.160004  3.117729  1.787787     0.006792   -0.018314    0.008486  
      2.219447  0.010558  3.557508     0.045898   -0.019169    0.048709  
      7.421126  1.849533  0.036282    -0.008739   -0.006466   -0.030732  
     -3.315820  6.699001  1.619908     0.051097   -0.020206   -0.024844  
      4.987075  1.118654  1.601721     0.042141    0.024512    0.001202  
     -0.607587  1.946647  6.575029     0.028002    0.003541   -0.022568  
      0.723449  6.894140  1.617574    -0.012456    0.005192    0.000814  
      6.258728 -0.089030  3.389576    -0.012421    0.003063    0.000413  
      0.723429  1.023073  1.771935    -0.012918    0.004137    0.001440  
     -2.170109  0.000137  6.779349    -0.010575    0.004491    0.000696  
      2.044298 -2.979976  5.161644     0.012466   -0.005192   -0.000808  
     -3.490979  4.003193  3.389648     0.012413   -0.003061   -0.000410  
      2.044324  2.891089  5.007287     0.012912   -0.004138   -0.001430  
      2.170267  0.000130  6.779292     0.010572   -0.004477   -0.000700  
      4.251409  3.076817  1.694715    -0.033975    0.002516    0.001131  
      4.151550  5.871112  3.389505     0.000003    0.000003    0.000010  
      1.383876  1.957084  3.389611    -0.000001    0.000007   -0.000002  
      4.151542  0.000100  6.779265     0.000004    0.000008    0.000010  
      1.283971  4.963231  1.572378     0.035971   -0.033894    0.006872  
     -1.483656  0.837340  5.084502     0.033959   -0.002569   -0.001126  
      1.283950  2.027682  0.122291     0.044437   -0.025656   -0.012760  
      1.483744 -0.837217  1.694812     0.066718   -0.026464   -0.015773  
      4.051646  3.006245  4.962025    -0.066058    0.000201   -0.002018  
     -1.483661  3.984776  3.511966    -0.063860    0.019859    0.000805  
      1.284000  4.751385  5.084395    -0.066756    0.026440    0.015753  
      1.483813  1.886490  6.656931    -0.044365    0.025618    0.012695  
      4.251393 -0.070603  3.267260     0.063915   -0.019878   -0.000859  
      1.483765 -1.049066  5.206845    -0.036008    0.033902   -0.006858  
     -1.283903  0.907920  1.817188     0.066069   -0.000189    0.002035  
     -1.383715  3.914186  6.779263    -0.000009    0.000019    0.000009  
 
  53 f  =   15.539268 THz    97.636101 2PiTHz  518.334192 cm-1    64.265220 meV
             X         Y         Z           dx          dy          dz
      3.375392  5.064220  1.583443     0.012063    0.017783   -0.035373  
     -1.885782  2.913398  1.806051    -0.024493    0.028975    0.002666  
      3.497608  7.689129  0.167701    -0.015822    0.037597   -0.000039  
      0.729941 -1.742092  3.426074     0.011474    0.036456    0.010005  
      3.649524 -1.063682  5.009619    -0.021220    0.021503    0.026066  
      3.497602  1.881150  3.185318     0.024239   -0.010854   -0.030245  
      0.607734  0.796438  4.991441     0.038761    0.060204    0.013349  
      3.375339  1.967512  0.204206    -0.039444    0.005694    0.019489  
     -4.653373  2.064634  6.742949     0.051895    0.051201   -0.003714  
      6.083576 -2.784850  5.159316     0.005899   -0.026476   -0.035695  
     -2.219333  2.795514  5.177507     0.029688    0.023607   -0.011270  
      0.548308  3.903600  3.221711     0.008160    0.005726   -0.036416  
     -0.607628 -1.150056  5.195771    -0.012086   -0.017766    0.035405  
      4.653538  1.000780  4.973171     0.024487   -0.028978   -0.002673  
     -0.729846 -3.774957  6.611526     0.015820   -0.037599    0.000043  
      2.037828  5.656242  3.353134    -0.011462   -0.036456   -0.009996  
     -0.881771  4.977838  1.769597     0.021229   -0.021525   -0.026085  
     -0.729847  2.033015  3.593915    -0.024239    0.010841    0.030257  
      2.160004  3.117729  1.787787    -0.038797   -0.060223   -0.013368  
      2.219447  0.010558  3.557508    -0.008167   -0.005724    0.036399  
      7.421126  1.849533  0.036282    -0.051856   -0.051217    0.003750  
     -3.315820  6.699001  1.619908    -0.005909    0.026487    0.035720  
      4.987075  1.118654  1.601721    -0.029682   -0.023581    0.011262  
     -0.607587  1.946647  6.575029     0.039437   -0.005680   -0.019468  
      0.723449  6.894140  1.617574     0.003794    0.011464   -0.002433  
      6.258728 -0.089030  3.389576     0.004802    0.010711   -0.003636  
      0.723429  1.023073  1.771935     0.003281    0.012296   -0.004504  
     -2.170109  0.000137  6.779349     0.003364    0.012178   -0.004589  
      2.044298 -2.979976  5.161644    -0.003795   -0.011467    0.002432  
     -3.490979  4.003193  3.389648    -0.004800   -0.010714    0.003635  
      2.044324  2.891089  5.007287    -0.003280   -0.012293    0.004501  
      2.170267  0.000130  6.779292    -0.003363   -0.012181    0.004594  
      4.251409  3.076817  1.694715     0.029741    0.048900   -0.022707  
      4.151550  5.871112  3.389505     0.000001    0.000002   -0.000008  
      1.383876  1.957084  3.389611     0.000002   -0.000008    0.000000  
      4.151542  0.000100  6.779265     0.000003    0.000005   -0.000005  
      1.283971  4.963231  1.572378    -0.008444   -0.057182    0.010345  
     -1.483656  0.837340  5.084502    -0.029724   -0.048873    0.022712  
      1.283950  2.027682  0.122291     0.001877   -0.059025    0.036891  
      1.483744 -0.837217  1.694812    -0.015292   -0.059357    0.004653  
      4.051646  3.006245  4.962025     0.022168    0.047771   -0.026337  
     -1.483661  3.984776  3.511966     0.024338    0.027807    0.003392  
      1.284000  4.751385  5.084395     0.015293    0.059360   -0.004654  
      1.483813  1.886490  6.656931    -0.001892    0.059026   -0.036882  
      4.251393 -0.070603  3.267260    -0.024348   -0.027807   -0.003389  
      1.483765 -1.049066  5.206845     0.008441    0.057193   -0.010375  
     -1.283903  0.907920  1.817188    -0.022173   -0.047770    0.026337  
     -1.383715  3.914186  6.779263     0.000004   -0.000005   -0.000006  
 
  54 f  =   15.539021 THz    97.634549 2PiTHz  518.325950 cm-1    64.264198 meV
             X         Y         Z           dx          dy          dz
      3.375392  5.064220  1.583443     0.048158   -0.035876    0.037076  
     -1.885782  2.913398  1.806051     0.045886   -0.018177    0.049733  
      3.497608  7.689129  0.167701    -0.003172   -0.007368    0.011215  
      0.729941 -1.742092  3.426074     0.027374    0.037702    0.019110  
      3.649524 -1.063682  5.009619    -0.043166    0.001235    0.039291  
      3.497602  1.881150  3.185318    -0.013348   -0.012618    0.035940  
      0.607734  0.796438  4.991441    -0.030496    0.009024   -0.003076  
      3.375339  1.967512  0.204206    -0.011579    0.025267    0.052431  
     -4.653373  2.064634  6.742949     0.000701   -0.014164    0.014566  
      6.083576 -2.784850  5.159316    -0.004547    0.027415    0.018951  
     -2.219333  2.795514  5.177507     0.005508    0.052099   -0.011191  
      0.548308  3.903600  3.221711     0.022107    0.006418   -0.000839  
     -0.607628 -1.150056  5.195771    -0.048164    0.035893   -0.037097  
      4.653538  1.000780  4.973171    -0.045901    0.018189   -0.049730  
     -0.729846 -3.774957  6.611526     0.003160    0.007386   -0.011177  
      2.037828  5.656242  3.353134    -0.027406   -0.037745   -0.019125  
     -0.881771  4.977838  1.769597     0.043170   -0.001231   -0.039278  
     -0.729847  2.033015  3.593915     0.013398    0.012659   -0.035945  
      2.160004  3.117729  1.787787     0.030472   -0.009038    0.003051  
      2.219447  0.010558  3.557508    -0.022082   -0.006426    0.000845  
      7.421126  1.849533  0.036282    -0.000674    0.014198   -0.014570  
     -3.315820  6.699001  1.619908     0.004548   -0.027442   -0.018957  
      4.987075  1.118654  1.601721    -0.005482   -0.052084    0.011190  
     -0.607587  1.946647  6.575029     0.011550   -0.025272   -0.052401  
      0.723449  6.894140  1.617574     0.003035    0.003918    0.011830  
      6.258728 -0.089030  3.389576     0.001717    0.002927    0.013140  
      0.723429  1.023073  1.771935     0.001521    0.002343    0.011181  
     -2.170109  0.000137  6.779349     0.001744    0.004126    0.012838  
      2.044298 -2.979976  5.161644    -0.003035   -0.003923   -0.011836  
     -3.490979  4.003193  3.389648    -0.001714   -0.002928   -0.013136  
      2.044324  2.891089  5.007287    -0.001514   -0.002336   -0.011188  
      2.170267  0.000130  6.779292    -0.001739   -0.004131   -0.012834  
      4.251409  3.076817  1.694715    -0.000961    0.023834    0.069651  
      4.151550  5.871112  3.389505     0.000009   -0.000001   -0.000003  
      1.383876  1.957084  3.389611     0.000001   -0.000006    0.000004  
      4.151542  0.000100  6.779265    -0.000003   -0.000007   -0.000007  
      1.283971  4.963231  1.572378    -0.025482   -0.028885   -0.054312  
     -1.483656  0.837340  5.084502     0.000956   -0.023831   -0.069657  
      1.283950  2.027682  0.122291     0.005674   -0.010761   -0.050472  
      1.483744 -0.837217  1.694812    -0.012569   -0.014297   -0.028478  
      4.051646  3.006245  4.962025     0.005322   -0.008773    0.048813  
     -1.483661  3.984776  3.511966     0.014741    0.016739    0.063417  
      1.284000  4.751385  5.084395     0.012558    0.014273    0.028496  
      1.483813  1.886490  6.656931    -0.005715    0.010784    0.050519  
      4.251393 -0.070603  3.267260    -0.014764   -0.016716   -0.063382  
      1.483765 -1.049066  5.206845     0.025484    0.028893    0.054281  
     -1.283903  0.907920  1.817188    -0.005338    0.008769   -0.048852  
     -1.383715  3.914186  6.779263     0.000007   -0.000010   -0.000000  
 
  55 f  =   15.338608 THz    96.375316 2PiTHz  511.640889 cm-1    63.435357 meV
             X         Y         Z           dx          dy          dz
      3.375392  5.064220  1.583443     0.007271   -0.003000    0.107777  
     -1.885782  2.913398  1.806051     0.033820   -0.026770    0.026145  
      3.497608  7.689129  0.167701    -0.016497    0.007299   -0.055248  
      0.729941 -1.742092  3.426074     0.057805    0.013972    0.036294  
      3.649524 -1.063682  5.009619     0.038628    0.000327   -0.038801  
      3.497602  1.881150  3.185318    -0.058218   -0.045160    0.025038  
      0.607734  0.796438  4.991441    -0.012315    0.037933   -0.033632  
      3.375339  1.967512  0.204206     0.053031    0.019044   -0.024625  
     -4.653373  2.064634  6.742949     0.038424   -0.070734    0.075406  
      6.083576 -2.784850  5.159316    -0.041968   -0.027661    0.014976  
     -2.219333  2.795514  5.177507    -0.066550    0.029068   -0.066736  
      0.548308  3.903600  3.221711    -0.079371    0.059771   -0.019814  
     -0.607628 -1.150056  5.195771     0.007276   -0.002989    0.107762  
      4.653538  1.000780  4.973171     0.033799   -0.026776    0.026134  
     -0.729846 -3.774957  6.611526    -0.016505    0.007313   -0.055251  
      2.037828  5.656242  3.353134     0.057772    0.013965    0.036287  
     -0.881771  4.977838  1.769597     0.038627    0.000361   -0.038787  
     -0.729847  2.033015  3.593915    -0.058196   -0.045135    0.025028  
      2.160004  3.117729  1.787787    -0.012314    0.037939   -0.033631  
      2.219447  0.010558  3.557508    -0.079375    0.059747   -0.019830  
      7.421126  1.849533  0.036282     0.038413   -0.070718    0.075398  
     -3.315820  6.699001  1.619908    -0.041979   -0.027663    0.014980  
      4.987075  1.118654  1.601721    -0.066566    0.029033   -0.066742  
     -0.607587  1.946647  6.575029     0.053030    0.019046   -0.024633  
      0.723449  6.894140  1.617574    -0.001413   -0.002363    0.003552  
      6.258728 -0.089030  3.389576     0.000255    0.000907   -0.000057  
      0.723429  1.023073  1.771935     0.000732    0.001127    0.001009  
     -2.170109  0.000137  6.779349    -0.003657   -0.000206   -0.000330  
      2.044298 -2.979976  5.161644    -0.001413   -0.002361    0.003545  
     -3.490979  4.003193  3.389648     0.000250    0.000910   -0.000063  
      2.044324  2.891089  5.007287     0.000729    0.001133    0.001001  
      2.170267  0.000130  6.779292    -0.003658   -0.000207   -0.000333  
      4.251409  3.076817  1.694715     0.015573    0.004480    0.009516  
      4.151550  5.871112  3.389505    -0.000503   -0.004945   -0.021187  
      1.383876  1.957084  3.389611     0.014741   -0.014387   -0.009075  
      4.151542  0.000100  6.779265     0.021256    0.012920   -0.008387  
      1.283971  4.963231  1.572378    -0.000547    0.017372    0.005377  
     -1.483656  0.837340  5.084502     0.015554    0.004461    0.009487  
      1.283950  2.027682  0.122291     0.010553   -0.021268   -0.011715  
      1.483744 -0.837217  1.694812     0.004964    0.012017   -0.009066  
      4.051646  3.006245  4.962025    -0.022097    0.001884    0.014051  
     -1.483661  3.984776  3.511966     0.004622   -0.012790   -0.021400  
      1.284000  4.751385  5.084395     0.004953    0.011974   -0.009048  
      1.483813  1.886490  6.656931     0.010542   -0.021266   -0.011669  
      4.251393 -0.070603  3.267260     0.004589   -0.012775   -0.021421  
      1.483765 -1.049066  5.206845    -0.000554    0.017367    0.005382  
     -1.283903  0.907920  1.817188    -0.022118    0.001902    0.014021  
     -1.383715  3.914186  6.779263     0.018718    0.013407   -0.016509  
 
  56 f  =   15.338537 THz    96.374870 2PiTHz  511.638519 cm-1    63.435063 meV
             X         Y         Z           dx          dy          dz
      3.375392  5.064220  1.583443    -0.044645    0.025510    0.020699  
     -1.885782  2.913398  1.806051    -0.037271    0.032372    0.016031  
      3.497608  7.689129  0.167701     0.034603   -0.029283   -0.038911  
      0.729941 -1.742092  3.426074     0.047441    0.052175    0.004062  
      3.649524 -1.063682  5.009619    -0.034528   -0.092324   -0.023268  
      3.497602  1.881150  3.185318    -0.066282   -0.047575    0.026303  
      0.607734  0.796438  4.991441    -0.024589   -0.081941    0.031143  
      3.375339  1.967512  0.204206     0.024502    0.075486    0.023506  
     -4.653373  2.064634  6.742949    -0.031574   -0.062793    0.006217  
      6.083576 -2.784850  5.159316     0.072347    0.063819   -0.020188  
     -2.219333  2.795514  5.177507     0.067462    0.052242    0.029222  
      0.548308  3.903600  3.221711     0.035307   -0.020225   -0.036860  
     -0.607628 -1.150056  5.195771    -0.044670    0.025501    0.020745  
      4.653538  1.000780  4.973171    -0.037276    0.032355    0.015994  
     -0.729846 -3.774957  6.611526     0.034607   -0.029245   -0.038885  
      2.037828  5.656242  3.353134     0.047449    0.052208    0.004006  
     -0.881771  4.977838  1.769597    -0.034514   -0.092264   -0.023287  
     -0.729847  2.033015  3.593915    -0.066302   -0.047636    0.026330  
      2.160004  3.117729  1.787787    -0.024604   -0.081897    0.031137  
      2.219447  0.010558  3.557508     0.035357   -0.020227   -0.036858  
      7.421126  1.849533  0.036282    -0.031562   -0.062778    0.006257  
     -3.315820  6.699001  1.619908     0.072395    0.063809   -0.020187  
      4.987075  1.118654  1.601721     0.067510    0.052222    0.029237  
     -0.607587  1.946647  6.575029     0.024463    0.075439    0.023482  
      0.723449  6.894140  1.617574    -0.001149   -0.000835    0.002167  
      6.258728 -0.089030  3.389576     0.001200   -0.003373   -0.000394  
      0.723429  1.023073  1.771935     0.000354    0.001308    0.002030  
     -2.170109  0.000137  6.779349     0.003405    0.000007   -0.000419  
      2.044298 -2.979976  5.161644    -0.001151   -0.000839    0.002175  
     -3.490979  4.003193  3.389648     0.001201   -0.003362   -0.000396  
      2.044324  2.891089  5.007287     0.000351    0.001303    0.002019  
      2.170267  0.000130  6.779292     0.003417    0.000008   -0.000420  
      4.251409  3.076817  1.694715     0.001989   -0.000620    0.022766  
      4.151550  5.871112  3.389505    -0.021751    0.014348   -0.000642  
      1.383876  1.957084  3.389611    -0.000461    0.008891   -0.021918  
      4.151542  0.000100  6.779265    -0.019815    0.016344    0.000112  
      1.283971  4.963231  1.572378    -0.014244    0.007168   -0.021050  
     -1.483656  0.837340  5.084502     0.002071   -0.000505    0.022760  
      1.283950  2.027682  0.122291    -0.011528   -0.008011    0.001470  
      1.483744 -0.837217  1.694812     0.020950   -0.013988    0.005721  
      4.051646  3.006245  4.962025    -0.011849    0.011461   -0.020571  
     -1.483661  3.984776  3.511966     0.002629    0.012975    0.000916  
      1.284000  4.751385  5.084395     0.021012   -0.013881    0.005725  
      1.483813  1.886490  6.656931    -0.011607   -0.007961    0.001586  
      4.251393 -0.070603  3.267260     0.002576    0.013026    0.001000  
      1.483765 -1.049066  5.206845    -0.014328    0.007230   -0.021151  
     -1.283903  0.907920  1.817188    -0.011928    0.011526   -0.020688  
     -1.383715  3.914186  6.779263    -0.008506   -0.001241   -0.022341  
 
  57 f  =   15.338511 THz    96.374708 2PiTHz  511.637658 cm-1    63.434956 meV
             X         Y         Z           dx          dy          dz
      3.375392  5.064220  1.583443     0.037500   -0.024682   -0.038327  
     -1.885782  2.913398  1.806051    -0.016914    0.011475    0.112113  
      3.497608  7.689129  0.167701    -0.087014    0.059869    0.011094  
      0.729941 -1.742092  3.426074     0.058753   -0.022531    0.066511  
      3.649524 -1.063682  5.009619    -0.011780    0.055176    0.042411  
      3.497602  1.881150  3.185318     0.035488   -0.039366   -0.044874  
      0.607734  0.796438  4.991441    -0.051893    0.036089   -0.056770  
      3.375339  1.967512  0.204206    -0.006107    0.073404    0.046624  
     -4.653373  2.064634  6.742949    -0.018730   -0.026507   -0.005603  
      6.083576 -2.784850  5.159316     0.044567   -0.023600   -0.056683  
     -2.219333  2.795514  5.177507    -0.002201   -0.018567    0.004214  
      0.548308  3.903600  3.221711     0.037968   -0.023875   -0.054201  
     -0.607628 -1.150056  5.195771     0.037487   -0.024686   -0.038302  
      4.653538  1.000780  4.973171    -0.016911    0.011462    0.112106  
     -0.729846 -3.774957  6.611526    -0.086998    0.059879    0.011096  
      2.037828  5.656242  3.353134     0.058754   -0.022535    0.066501  
     -0.881771  4.977838  1.769597    -0.011774    0.055186    0.042403  
     -0.729847  2.033015  3.593915     0.035472   -0.039379   -0.044862  
      2.160004  3.117729  1.787787    -0.051903    0.036100   -0.056785  
      2.219447  0.010558  3.557508     0.037983   -0.023880   -0.054198  
      7.421126  1.849533  0.036282    -0.018732   -0.026498   -0.005597  
     -3.315820  6.699001  1.619908     0.044579   -0.023591   -0.056671  
      4.987075  1.118654  1.601721    -0.002190   -0.018568    0.004205  
     -0.607587  1.946647  6.575029    -0.006113    0.073395    0.046612  
      0.723449  6.894140  1.617574    -0.000098    0.000241   -0.001045  
      6.258728 -0.089030  3.389576    -0.001347    0.003503   -0.000373  
      0.723429  1.023073  1.771935     0.001630    0.001831    0.003649  
     -2.170109  0.000137  6.779349     0.001563   -0.000505    0.000131  
      2.044298 -2.979976  5.161644    -0.000101    0.000241   -0.001040  
     -3.490979  4.003193  3.389648    -0.001350    0.003506   -0.000369  
      2.044324  2.891089  5.007287     0.001631    0.001827    0.003647  
      2.170267  0.000130  6.779292     0.001565   -0.000504    0.000129  
      4.251409  3.076817  1.694715    -0.008923   -0.022249    0.005858  
      4.151550  5.871112  3.389505    -0.006449   -0.025402    0.003772  
      1.383876  1.957084  3.389611    -0.017252   -0.016748   -0.014477  
      4.151542  0.000100  6.779265    -0.009092   -0.005384   -0.019823  
      1.283971  4.963231  1.572378    -0.011014    0.013044    0.012612  
     -1.483656  0.837340  5.084502    -0.008896   -0.022200    0.005864  
      1.283950  2.027682  0.122291     0.009015    0.013472   -0.017935  
      1.483744 -0.837217  1.694812    -0.014100   -0.018601   -0.004742  
      4.051646  3.006245  4.962025    -0.005735   -0.007160   -0.003345  
     -1.483661  3.984776  3.511966     0.025222    0.005300   -0.000000  
      1.284000  4.751385  5.084395    -0.014069   -0.018547   -0.004742  
      1.483813  1.886490  6.656931     0.008989    0.013491   -0.017903  
      4.251393 -0.070603  3.267260     0.025190    0.005323    0.000045  
      1.483765 -1.049066  5.206845    -0.011022    0.013053    0.012598  
     -1.283903  0.907920  1.817188    -0.005747   -0.007158   -0.003350  
     -1.383715  3.914186  6.779263     0.009599   -0.019624   -0.000778  
 
  58 f  =   15.277747 THz    95.992914 2PiTHz  509.610779 cm-1    63.183655 meV
             X         Y         Z           dx          dy          dz
      3.375392  5.064220  1.583443     0.017462    0.004716   -0.018228  
     -1.885782  2.913398  1.806051    -0.001325    0.017992    0.018152  
      3.497608  7.689129  0.167701     0.006782   -0.021867   -0.011519  
      0.729941 -1.742092  3.426074     0.006726    0.000888    0.024692  
      3.649524 -1.063682  5.009619    -0.001313   -0.024692    0.006532  
      3.497602  1.881150  3.185318     0.006870    0.020994   -0.013192  
      0.607734  0.796438  4.991441     0.017465   -0.018072    0.004979  
      3.375339  1.967512  0.204206     0.017461    0.013276    0.013127  
     -4.653373  2.064634  6.742949    -0.001342    0.006790   -0.024717  
      6.083576 -2.784850  5.159316    -0.022972   -0.009597   -0.006486  
     -2.219333  2.795514  5.177507    -0.022961    0.010328   -0.005022  
      0.548308  3.903600  3.221711    -0.022953   -0.000859    0.011605  
     -0.607628 -1.150056  5.195771    -0.017409   -0.004743    0.018184  
      4.653538  1.000780  4.973171     0.001425   -0.018077   -0.018226  
     -0.729846 -3.774957  6.611526    -0.006785    0.021878    0.011580  
      2.037828  5.656242  3.353134    -0.006857   -0.000972   -0.024753  
     -0.881771  4.977838  1.769597     0.001364    0.024817   -0.006482  
     -0.729847  2.033015  3.593915    -0.006764   -0.020883    0.013174  
      2.160004  3.117729  1.787787    -0.017400    0.018223   -0.005017  
      2.219447  0.010558  3.557508     0.022853    0.000907   -0.011476  
      7.421126  1.849533  0.036282     0.001418   -0.006660    0.024720  
     -3.315820  6.699001  1.619908     0.022798    0.009486    0.006565  
      4.987075  1.118654  1.601721     0.022861   -0.010428    0.004983  
     -0.607587  1.946647  6.575029    -0.017486   -0.013471   -0.013200  
      0.723449  6.894140  1.617574     0.001978    0.002796   -0.004848  
      6.258728 -0.089030  3.389576     0.001971   -0.005592   -0.000003  
      0.723429  1.023073  1.771935     0.001972    0.002794    0.004840  
     -2.170109  0.000137  6.779349    -0.005937   -0.000004   -0.000003  
      2.044298 -2.979976  5.161644    -0.001971   -0.002795    0.004846  
     -3.490979  4.003193  3.389648    -0.001974    0.005597    0.000003  
      2.044324  2.891089  5.007287    -0.001977   -0.002794   -0.004845  
      2.170267  0.000130  6.779292     0.005931    0.000003    0.000004  
      4.251409  3.076817  1.694715    -0.041928   -0.059289   -0.000044  
      4.151550  5.871112  3.389505     0.000024   -0.000004    0.000004  
      1.383876  1.957084  3.389611     0.000007   -0.000004    0.000023  
      4.151542  0.000100  6.779265     0.000021   -0.000006    0.000004  
      1.283971  4.963231  1.572378     0.041931   -0.029630    0.051359  
     -1.483656  0.837340  5.084502     0.041932    0.059306   -0.000008  
      1.283950  2.027682  0.122291     0.041918   -0.029606   -0.051328  
      1.483744 -0.837217  1.694812    -0.041915   -0.059265   -0.000002  
      4.051646  3.006245  4.962025     0.041922   -0.029642    0.051339  
     -1.483661  3.984776  3.511966     0.041878   -0.029646   -0.051353  
      1.284000  4.751385  5.084395     0.041866    0.059281   -0.000014  
      1.483813  1.886490  6.656931    -0.041898    0.029625    0.051334  
      4.251393 -0.070603  3.267260    -0.041888    0.029623    0.051341  
      1.483765 -1.049066  5.206845    -0.041909    0.029617   -0.051336  
     -1.283903  0.907920  1.817188    -0.041893    0.029624   -0.051300  
     -1.383715  3.914186  6.779263     0.000003    0.000010    0.000019  
 
  59 f  =   15.040561 THz    94.502634 2PiTHz  501.699124 cm-1    62.202736 meV
             X         Y         Z           dx          dy          dz
      3.375392  5.064220  1.583443     0.004476    0.004458   -0.060191  
     -1.885782  2.913398  1.806051     0.002699    0.005738    0.060209  
      3.497608  7.689129  0.167701     0.045586   -0.039874   -0.001122  
      0.729941 -1.742092  3.426074    -0.040901    0.014806   -0.064671  
      3.649524 -1.063682  5.009619    -0.030287   -0.017853    0.028311  
      3.497602  1.881150  3.185318    -0.004676    0.042492    0.014469  
      0.607734  0.796438  4.991441    -0.046109    0.046759   -0.041935  
      3.375339  1.967512  0.204206     0.041657    0.009814   -0.014462  
     -4.653373  2.064634  6.742949     0.027605   -0.033682    0.064691  
      6.083576 -2.784850  5.159316    -0.006679   -0.034488   -0.028346  
     -2.219333  2.795514  5.177507     0.059485   -0.027908    0.041977  
      0.548308  3.903600  3.221711    -0.052774    0.029695    0.001073  
     -0.607628 -1.150056  5.195771     0.004520    0.004444   -0.060177  
      4.653538  1.000780  4.973171     0.002711    0.005728    0.060212  
     -0.729846 -3.774957  6.611526     0.045589   -0.039864   -0.001113  
      2.037828  5.656242  3.353134    -0.040903    0.014832   -0.064675  
     -0.881771  4.977838  1.769597    -0.030295   -0.017822    0.028344  
     -0.729847  2.033015  3.593915    -0.004651    0.042498    0.014447  
      2.160004  3.117729  1.787787    -0.046120    0.046756   -0.041951  
      2.219447  0.010558  3.557508    -0.052773    0.029680    0.001114  
      7.421126  1.849533  0.036282     0.027575   -0.033669    0.064659  
     -3.315820  6.699001  1.619908    -0.006708   -0.034467   -0.028310  
      4.987075  1.118654  1.601721     0.059441   -0.027887    0.041941  
     -0.607587  1.946647  6.575029     0.041673    0.009807   -0.014471  
      0.723449  6.894140  1.617574     0.009842   -0.002841    0.002383  
      6.258728 -0.089030  3.389576    -0.003886   -0.001377   -0.009675  
      0.723429  1.023073  1.771935    -0.005956    0.008333   -0.002378  
     -2.170109  0.000137  6.779349     0.000003   -0.004122    0.009674  
      2.044298 -2.979976  5.161644     0.009843   -0.002836    0.002380  
     -3.490979  4.003193  3.389648    -0.003888   -0.001374   -0.009673  
      2.044324  2.891089  5.007287    -0.005956    0.008335   -0.002380  
      2.170267  0.000130  6.779292    -0.000002   -0.004121    0.009674  
      4.251409  3.076817  1.694715     0.035170    0.049719    0.000004  
      4.151550  5.871112  3.389505     0.020988    0.007429    0.015090  
      1.383876  1.957084  3.389611     0.001827   -0.023558    0.012852  
      4.151542  0.000100  6.779265    -0.000005    0.022270   -0.015083  
      1.283971  4.963231  1.572378    -0.025217    0.017834   -0.030874  
     -1.483656  0.837340  5.084502     0.035148    0.049718    0.000010  
      1.283950  2.027682  0.122291    -0.009981    0.007042    0.012208  
      1.483744 -0.837217  1.694812    -0.035134   -0.049712   -0.000006  
      4.051646  3.006245  4.962025     0.025178   -0.017796    0.030829  
     -1.483661  3.984776  3.511966     0.009962   -0.007050   -0.012198  
      1.284000  4.751385  5.084395    -0.035153   -0.049751    0.000016  
      1.483813  1.886490  6.656931    -0.009971    0.007023    0.012209  
      4.251393 -0.070603  3.267260     0.009961   -0.007032   -0.012216  
      1.483765 -1.049066  5.206845    -0.025205    0.017815   -0.030861  
     -1.283903  0.907920  1.817188     0.025184   -0.017802    0.030846  
     -1.383715  3.914186  6.779263    -0.022819   -0.006130   -0.012865  
 
  60 f  =   15.040522 THz    94.502389 2PiTHz  501.697822 cm-1    62.202574 meV
             X         Y         Z           dx          dy          dz
      3.375392  5.064220  1.583443    -0.050671    0.017526    0.036235  
     -1.885782  2.913398  1.806051     0.033444   -0.041961   -0.036208  
      3.497608  7.689129  0.167701    -0.020951    0.033108    0.051474  
      0.729941 -1.742092  3.426074    -0.028981   -0.030470   -0.003154  
      3.649524 -1.063682  5.009619    -0.014377   -0.073810   -0.012669  
      3.497602  1.881150  3.185318     0.049930    0.048625   -0.030892  
      0.607734  0.796438  4.991441     0.021447    0.035814   -0.006098  
      3.375339  1.967512  0.204206     0.029231    0.063259    0.030865  
     -4.653373  2.064634  6.742949    -0.019034   -0.037470    0.003159  
      6.083576 -2.784850  5.159316    -0.064821   -0.038179    0.012687  
     -2.219333  2.795514  5.177507     0.026571    0.032117    0.006089  
      0.548308  3.903600  3.221711     0.038176   -0.008714   -0.051467  
     -0.607628 -1.150056  5.195771    -0.050672    0.017531    0.036209  
      4.653538  1.000780  4.973171     0.033469   -0.041981   -0.036205  
     -0.729846 -3.774957  6.611526    -0.020971    0.033126    0.051490  
      2.037828  5.656242  3.353134    -0.028991   -0.030467   -0.003147  
     -0.881771  4.977838  1.769597    -0.014371   -0.073773   -0.012658  
     -0.729847  2.033015  3.593915     0.049963    0.048635   -0.030914  
      2.160004  3.117729  1.787787     0.021435    0.035809   -0.006096  
      2.219447  0.010558  3.557508     0.038198   -0.008719   -0.051456  
      7.421126  1.849533  0.036282    -0.019060   -0.037514    0.003156  
     -3.315820  6.699001  1.619908    -0.064812   -0.038134    0.012706  
      4.987075  1.118654  1.601721     0.026576    0.032100    0.006088  
     -0.607587  1.946647  6.575029     0.029280    0.063317    0.030863  
      0.723449  6.894140  1.617574     0.001193    0.008830    0.005587  
      6.258728 -0.089030  3.389576    -0.009124   -0.003225    0.004121  
      0.723429  1.023073  1.771935     0.007923    0.004067   -0.005587  
     -2.170109  0.000137  6.779349    -0.000005   -0.009675   -0.004125  
      2.044298 -2.979976  5.161644     0.001199    0.008830    0.005586  
     -3.490979  4.003193  3.389648    -0.009120   -0.003223    0.004122  
      2.044324  2.891089  5.007287     0.007928    0.004071   -0.005584  
      2.170267  0.000130  6.779292     0.000002   -0.009673   -0.004120  
      4.251409  3.076817  1.694715     0.008794    0.012448   -0.000007  
      4.151550  5.871112  3.389505     0.014226    0.005034   -0.022269  
      1.383876  1.957084  3.389611    -0.025290    0.002797    0.008713  
      4.151542  0.000100  6.779265     0.000008    0.015096    0.022269  
      1.283971  4.963231  1.572378     0.026066   -0.018412    0.031911  
     -1.483656  0.837340  5.084502     0.008810    0.012457    0.000000  
      1.283950  2.027682  0.122291    -0.034826    0.024624    0.042683  
      1.483744 -0.837217  1.694812    -0.008771   -0.012401   -0.000007  
      4.051646  3.006245  4.962025    -0.026081    0.018424   -0.031902  
     -1.483661  3.984776  3.511966     0.034836   -0.024639   -0.042670  
      1.284000  4.751385  5.084395    -0.008796   -0.012422   -0.000011  
      1.483813  1.886490  6.656931    -0.034853    0.024623    0.042668  
      4.251393 -0.070603  3.267260     0.034862   -0.024636   -0.042685  
      1.483765 -1.049066  5.206845     0.026029   -0.018418    0.031887  
     -1.283903  0.907920  1.817188    -0.026060    0.018435   -0.031893  
     -1.383715  3.914186  6.779263     0.011064   -0.022912   -0.008718  
 
  61 f  =   14.730395 THz    92.553800 2PiTHz  491.353079 cm-1    60.919990 meV
             X         Y         Z           dx          dy          dz
      3.375392  5.064220  1.583443    -0.029611    0.036776   -0.073518  
     -1.885782  2.913398  1.806051     0.044467   -0.015614    0.073589  
      3.497608  7.689129  0.167701     0.052798   -0.052961    0.045804  
      0.729941 -1.742092  3.426074    -0.046546    0.000841   -0.064074  
      3.649524 -1.063682  5.009619    -0.060921   -0.021416    0.044906  
      3.497602  1.881150  3.185318    -0.006212    0.069066    0.037460  
      0.607734  0.796438  4.991441    -0.037256    0.058276   -0.038387  
      3.375339  1.967512  0.204206     0.066941    0.017095   -0.037364  
     -4.653373  2.064634  6.742949     0.016507   -0.043345    0.064259  
      6.083576 -2.784850  5.159316     0.000171   -0.064430   -0.044820  
     -2.219333  2.795514  5.177507     0.067389   -0.015355    0.038376  
      0.548308  3.903600  3.221711    -0.067544    0.032165   -0.045747  
     -0.607628 -1.150056  5.195771     0.029969   -0.036787    0.073711  
      4.653538  1.000780  4.973171    -0.044767    0.016022   -0.073674  
     -0.729846 -3.774957  6.611526    -0.052644    0.053048   -0.045328  
      2.037828  5.656242  3.353134     0.046430   -0.000831    0.064076  
     -0.881771  4.977838  1.769597     0.060915    0.021427   -0.044811  
     -0.729847  2.033015  3.593915     0.006268   -0.068758   -0.037334  
      2.160004  3.117729  1.787787     0.037231   -0.058323    0.038487  
      2.219447  0.010558  3.557508     0.067527   -0.031894    0.045433  
      7.421126  1.849533  0.036282    -0.016151    0.043652   -0.063910  
     -3.315820  6.699001  1.619908    -0.000121    0.064723    0.044934  
      4.987075  1.118654  1.601721    -0.067439    0.015934   -0.038502  
     -0.607587  1.946647  6.575029    -0.067056   -0.017034    0.037385  
      0.723449  6.894140  1.617574     0.002945   -0.005225   -0.001814  
      6.258728 -0.089030  3.389576     0.002977    0.001049   -0.005430  
      0.723429  1.023073  1.771935    -0.005919    0.001039    0.001813  
     -2.170109  0.000137  6.779349    -0.000001    0.003157    0.005438  
      2.044298 -2.979976  5.161644    -0.002957    0.005246    0.001820  
     -3.490979  4.003193  3.389648    -0.002963   -0.001047    0.005433  
      2.044324  2.891089  5.007287     0.005923   -0.001030   -0.001825  
      2.170267  0.000130  6.779292    -0.000000   -0.003144   -0.005421  
      4.251409  3.076817  1.694715    -0.006047   -0.008608    0.000001  
      4.151550  5.871112  3.389505    -0.000010   -0.000049    0.000006  
      1.383876  1.957084  3.389611    -0.000032   -0.000030   -0.000019  
      4.151542  0.000100  6.779265    -0.000006   -0.000009   -0.000042  
      1.283971  4.963231  1.572378    -0.004896    0.003405   -0.005981  
     -1.483656  0.837340  5.084502     0.005925    0.008335   -0.000002  
      1.283950  2.027682  0.122291    -0.001056    0.000668    0.001288  
      1.483744 -0.837217  1.694812    -0.006070   -0.008588   -0.000034  
      4.051646  3.006245  4.962025    -0.004856    0.003410   -0.006043  
     -1.483661  3.984776  3.511966    -0.001104    0.000694    0.001274  
      1.284000  4.751385  5.084395     0.005921    0.008358   -0.000026  
      1.483813  1.886490  6.656931     0.001121   -0.000877   -0.001392  
      4.251393 -0.070603  3.267260     0.001117   -0.000867   -0.001438  
      1.483765 -1.049066  5.206845     0.004873   -0.003513    0.005974  
     -1.283903  0.907920  1.817188     0.004922   -0.003500    0.005945  
     -1.383715  3.914186  6.779263     0.000030   -0.000034    0.000004  
 
  62 f  =   14.730294 THz    92.553170 2PiTHz  491.349735 cm-1    60.919576 meV
             X         Y         Z           dx          dy          dz
      3.375392  5.064220  1.583443    -0.060032    0.025905    0.038097  
     -1.885782  2.913398  1.806051     0.044605   -0.048124   -0.038041  
      3.497608  7.689129  0.167701    -0.023152    0.032936    0.064372  
      0.729941 -1.742092  3.426074    -0.033960   -0.076647    0.010277  
      3.649524 -1.063682  5.009619     0.016283   -0.076887   -0.032295  
      3.497602  1.881150  3.185318     0.057315    0.024555   -0.057757  
      0.607734  0.796438  4.991441     0.056096    0.061245    0.016601  
      3.375339  1.967512  0.204206     0.004523    0.062264    0.057723  
     -4.653373  2.064634  6.742949    -0.060881   -0.057755   -0.010246  
      6.083576 -2.784850  5.159316    -0.077891   -0.010196    0.032568  
     -2.219333  2.795514  5.177507     0.038999    0.072967   -0.016405  
      0.548308  3.903600  3.221711     0.038797   -0.010903   -0.064117  
     -0.607628 -1.150056  5.195771     0.060348   -0.026068   -0.038111  
      4.653538  1.000780  4.973171    -0.044351    0.047895    0.038011  
     -0.729846 -3.774957  6.611526     0.023190   -0.032882   -0.064068  
      2.037828  5.656242  3.353134     0.034087    0.076601   -0.010270  
     -0.881771  4.977838  1.769597    -0.016469    0.076834    0.032663  
     -0.729847  2.033015  3.593915    -0.057068   -0.025025    0.057573  
      2.160004  3.117729  1.787787    -0.055887   -0.061206   -0.016465  
      2.219447  0.010558  3.557508    -0.038830    0.010860    0.064383  
      7.421126  1.849533  0.036282     0.060976    0.057647    0.010267  
     -3.315820  6.699001  1.619908     0.077873    0.010389   -0.032181  
      4.987075  1.118654  1.601721    -0.038969   -0.073151    0.016539  
     -0.607587  1.946647  6.575029    -0.003986   -0.062323   -0.057896  
      0.723449  6.894140  1.617574     0.005140    0.001804    0.003145  
      6.258728 -0.089030  3.389576    -0.005110   -0.001807   -0.003144  
      0.723429  1.023073  1.771935    -0.000016    0.005435   -0.003131  
     -2.170109  0.000137  6.779349    -0.000005   -0.005444    0.003149  
      2.044298 -2.979976  5.161644    -0.005122   -0.001797   -0.003136  
     -3.490979  4.003193  3.389648     0.005124    0.001815    0.003148  
      2.044324  2.891089  5.007287     0.000019   -0.005452    0.003137  
      2.170267  0.000130  6.779292     0.000001    0.005428   -0.003146  
      4.251409  3.076817  1.694715    -0.002209   -0.003056   -0.000046  
      4.151550  5.871112  3.389505    -0.000037    0.000021    0.000004  
      1.383876  1.957084  3.389611     0.000004    0.000019   -0.000039  
      4.151542  0.000100  6.779265    -0.000033    0.000029    0.000010  
      1.283971  4.963231  1.572378     0.004029   -0.002842    0.004934  
     -1.483656  0.837340  5.084502     0.002128    0.003099   -0.000087  
      1.283950  2.027682  0.122291    -0.006338    0.004475    0.007695  
      1.483744 -0.837217  1.694812    -0.002277   -0.003085   -0.000030  
      4.051646  3.006245  4.962025     0.003954   -0.002822    0.004906  
     -1.483661  3.984776  3.511966    -0.006308    0.004469    0.007675  
      1.284000  4.751385  5.084395     0.002156    0.003155   -0.000012  
      1.483813  1.886490  6.656931     0.006223   -0.004468   -0.007690  
      4.251393 -0.070603  3.267260     0.006258   -0.004368   -0.007686  
      1.483765 -1.049066  5.206845    -0.004223    0.002984   -0.005124  
     -1.283903  0.907920  1.817188    -0.004165    0.002949   -0.005112  
     -1.383715  3.914186  6.779263    -0.000015   -0.000011   -0.000036  
 
  63 f  =   14.711049 THz    92.432248 2PiTHz  490.707779 cm-1    60.839983 meV
             X         Y         Z           dx          dy          dz
      3.375392  5.064220  1.583443    -0.028996    0.027724    0.017023  
     -1.885782  2.913398  1.806051    -0.039180    0.023703    0.014842  
      3.497608  7.689129  0.167701    -0.016365    0.000974    0.013338  
      0.729941 -1.742092  3.426074    -0.047271   -0.057052    0.048847  
      3.649524 -1.063682  5.009619    -0.027745   -0.017478    0.012354  
      3.497602  1.881150  3.185318    -0.015263    0.077836    0.029536  
      0.607734  0.796438  4.991441    -0.091853   -0.030669   -0.008541  
      3.375339  1.967512  0.204206    -0.077368   -0.009647    0.028998  
     -4.653373  2.064634  6.742949     0.040874    0.064981    0.051270  
      6.083576 -2.784850  5.159316     0.007645    0.034411    0.012594  
     -2.219333  2.795514  5.177507    -0.002286    0.100959   -0.010366  
      0.548308  3.903600  3.221711    -0.006012    0.018269    0.007302  
     -0.607628 -1.150056  5.195771    -0.028773    0.027735    0.016595  
      4.653538  1.000780  4.973171    -0.039193    0.023694    0.014976  
     -0.729846 -3.774957  6.611526    -0.016214    0.000810    0.013572  
      2.037828  5.656242  3.353134    -0.047382   -0.056620    0.048504  
     -0.881771  4.977838  1.769597    -0.028270   -0.017171    0.012829  
     -0.729847  2.033015  3.593915    -0.015303    0.077762    0.029507  
      2.160004  3.117729  1.787787    -0.092103   -0.030587   -0.008781  
      2.219447  0.010558  3.557508    -0.006536    0.018480    0.007397  
      7.421126  1.849533  0.036282     0.040866    0.064901    0.051487  
     -3.315820  6.699001  1.619908     0.007564    0.034339    0.012606  
      4.987075  1.118654  1.601721    -0.002283    0.100755   -0.010323  
     -0.607587  1.946647  6.575029    -0.076935   -0.009830    0.028501  
      0.723449  6.894140  1.617574    -0.003543    0.001721   -0.000810  
      6.258728 -0.089030  3.389576    -0.000273   -0.000703    0.002922  
      0.723429  1.023073  1.771935    -0.002576    0.002821   -0.000968  
     -2.170109  0.000137  6.779349     0.000542    0.000673    0.003057  
      2.044298 -2.979976  5.161644    -0.003550    0.001691   -0.000841  
     -3.490979  4.003193  3.389648    -0.000270   -0.000686    0.002922  
      2.044324  2.891089  5.007287    -0.002596    0.002821   -0.000975  
      2.170267  0.000130  6.779292     0.000524    0.000708    0.003070  
      4.251409  3.076817  1.694715     0.015893   -0.013884    0.005289  
      4.151550  5.871112  3.389505     0.002149   -0.013718   -0.010339  
      1.383876  1.957084  3.389611     0.001619   -0.016073   -0.001044  
      4.151542  0.000100  6.779265     0.012880    0.002080   -0.011099  
      1.283971  4.963231  1.572378     0.019392   -0.025816   -0.007399  
     -1.483656  0.837340  5.084502     0.015835   -0.013852    0.005211  
      1.283950  2.027682  0.122291     0.037748   -0.024191   -0.038965  
      1.483744 -0.837217  1.694812     0.006199   -0.007027   -0.013936  
      4.051646  3.006245  4.962025     0.030650   -0.010791   -0.008068  
     -1.483661  3.984776  3.511966     0.033882   -0.028877   -0.039405  
      1.284000  4.751385  5.084395     0.006249   -0.007134   -0.013874  
      1.483813  1.886490  6.656931     0.037765   -0.024204   -0.038920  
      4.251393 -0.070603  3.267260     0.033848   -0.028902   -0.039470  
      1.483765 -1.049066  5.206845     0.019316   -0.025776   -0.007524  
     -1.283903  0.907920  1.817188     0.030651   -0.010808   -0.008003  
     -1.383715  3.914186  6.779263     0.015834    0.002699   -0.000703  
 
  64 f  =   14.710948 THz    92.431615 2PiTHz  490.704418 cm-1    60.839567 meV
             X         Y         Z           dx          dy          dz
      3.375392  5.064220  1.583443     0.104789   -0.027261    0.023746  
     -1.885782  2.913398  1.806051    -0.020121    0.045428   -0.022093  
      3.497608  7.689129  0.167701     0.037135    0.018365    0.107556  
      0.729941 -1.742092  3.426074     0.007747    0.019641   -0.016231  
      3.649524 -1.063682  5.009619    -0.008786    0.003792    0.049246  
      3.497602  1.881150  3.185318     0.037925   -0.016819   -0.004093  
      0.607734  0.796438  4.991441     0.044686    0.004013    0.034477  
      3.375339  1.967512  0.204206     0.058322    0.010978   -0.022716  
     -4.653373  2.064634  6.742949     0.056497    0.019468    0.047403  
      6.083576 -2.784850  5.159316     0.008034    0.059852    0.050080  
     -2.219333  2.795514  5.177507    -0.001786    0.049374   -0.005678  
      0.548308  3.903600  3.221711    -0.005183    0.037127   -0.035696  
     -0.607628 -1.150056  5.195771     0.104558   -0.027074    0.023489  
      4.653538  1.000780  4.973171    -0.019765    0.045196   -0.021920  
     -0.729846 -3.774957  6.611526     0.037276    0.018291    0.107896  
      2.037828  5.656242  3.353134     0.007429    0.019382   -0.016460  
     -0.881771  4.977838  1.769597    -0.009088    0.003470    0.049410  
     -0.729847  2.033015  3.593915     0.038107   -0.016483   -0.004187  
      2.160004  3.117729  1.787787     0.044613    0.004360    0.034301  
      2.219447  0.010558  3.557508    -0.005400    0.037229   -0.036061  
      7.421126  1.849533  0.036282     0.056423    0.019188    0.047625  
     -3.315820  6.699001  1.619908     0.007796    0.059623    0.050031  
      4.987075  1.118654  1.601721    -0.001350    0.049619   -0.005622  
     -0.607587  1.946647  6.575029     0.058654    0.011172   -0.022813  
      0.723449  6.894140  1.617574     0.000875    0.003455    0.002447  
      6.258728 -0.089030  3.389576     0.004020    0.001225   -0.000402  
      0.723429  1.023073  1.771935     0.001831   -0.001024   -0.000966  
     -2.170109  0.000137  6.779349    -0.000559    0.000670    0.002901  
      2.044298 -2.979976  5.161644     0.000902    0.003439    0.002444  
     -3.490979  4.003193  3.389648     0.004011    0.001223   -0.000432  
      2.044324  2.891089  5.007287     0.001811   -0.001011   -0.000972  
      2.170267  0.000130  6.779292    -0.000559    0.000675    0.002930  
      4.251409  3.076817  1.694715    -0.033615   -0.038929   -0.014831  
      4.151550  5.871112  3.389505    -0.011010   -0.008598    0.007348  
      1.383876  1.957084  3.389611    -0.011572   -0.002693   -0.013444  
      4.151542  0.000100  6.779265    -0.013526    0.001930   -0.010580  
      1.283971  4.963231  1.572378    -0.030202    0.005402   -0.019219  
     -1.483656  0.837340  5.084502    -0.033657   -0.038951   -0.014857  
      1.283950  2.027682  0.122291    -0.012739   -0.027509   -0.004909  
      1.483744 -0.837217  1.694812    -0.041281   -0.033519   -0.009313  
      4.051646  3.006245  4.962025    -0.017981   -0.000389   -0.032625  
     -1.483661  3.984776  3.511966    -0.014992   -0.010866   -0.016396  
      1.284000  4.751385  5.084395    -0.041279   -0.033549   -0.009300  
      1.483813  1.886490  6.656931    -0.012742   -0.027513   -0.004890  
      4.251393 -0.070603  3.267260    -0.015037   -0.010836   -0.016349  
      1.483765 -1.049066  5.206845    -0.030225    0.005423   -0.019220  
     -1.283903  0.907920  1.817188    -0.017947   -0.000404   -0.032610  
     -1.383715  3.914186  6.779263     0.002009   -0.014566   -0.005311  
 
  65 f  =   14.710869 THz    92.431117 2PiTHz  490.701775 cm-1    60.839239 meV
             X         Y         Z           dx          dy          dz
      3.375392  5.064220  1.583443    -0.011459   -0.005623   -0.013103  
     -1.885782  2.913398  1.806051     0.054875   -0.076779    0.017591  
      3.497608  7.689129  0.167701    -0.025348   -0.000374    0.006947  
      0.729941 -1.742092  3.426074     0.000833   -0.060230    0.047843  
      3.649524 -1.063682  5.009619    -0.063911   -0.029224    0.075992  
      3.497602  1.881150  3.185318     0.024728   -0.065878   -0.024397  
      0.607734  0.796438  4.991441    -0.038581   -0.016604    0.007676  
      3.375339  1.967512  0.204206     0.050481   -0.029006   -0.012367  
     -4.653373  2.064634  6.742949     0.009268   -0.002415    0.005515  
      6.083576 -2.784850  5.159316    -0.002931    0.035122    0.075304  
     -2.219333  2.795514  5.177507     0.011141   -0.020157    0.034424  
      0.548308  3.903600  3.221711    -0.007978   -0.027941    0.102554  
     -0.607628 -1.150056  5.195771    -0.011509   -0.005645   -0.012730  
      4.653538  1.000780  4.973171     0.054821   -0.076881    0.017145  
     -0.729846 -3.774957  6.611526    -0.025491   -0.000196    0.007321  
      2.037828  5.656242  3.353134     0.000819   -0.060319    0.047907  
     -0.881771  4.977838  1.769597    -0.063808   -0.029348    0.075849  
     -0.729847  2.033015  3.593915     0.024957   -0.066073   -0.024781  
      2.160004  3.117729  1.787787    -0.038156   -0.016429    0.007856  
      2.219447  0.010558  3.557508    -0.007876   -0.027954    0.102384  
      7.421126  1.849533  0.036282     0.008930   -0.002693    0.005442  
     -3.315820  6.699001  1.619908    -0.003354    0.035134    0.075559  
      4.987075  1.118654  1.601721     0.010976   -0.019912    0.034213  
     -0.607587  1.946647  6.575029     0.050462   -0.028819   -0.012111  
      0.723449  6.894140  1.617574     0.001843    0.000056   -0.000087  
      6.258728 -0.089030  3.389576     0.000794    0.000803    0.003174  
      0.723429  1.023073  1.771935    -0.002613   -0.002423    0.002202  
     -2.170109  0.000137  6.779349     0.000004   -0.004213    0.000967  
      2.044298 -2.979976  5.161644     0.001855    0.000063   -0.000072  
     -3.490979  4.003193  3.389648     0.000767    0.000797    0.003182  
      2.044324  2.891089  5.007287    -0.002607   -0.002394    0.002181  
      2.170267  0.000130  6.779292    -0.000010   -0.004240    0.000967  
      4.251409  3.076817  1.694715     0.014585    0.031286   -0.022025  
      4.151550  5.871112  3.389505    -0.011368    0.008664   -0.009061  
      1.383876  1.957084  3.389611     0.010886    0.001064   -0.011485  
      4.151542  0.000100  6.779265    -0.000037    0.015328    0.002824  
      1.283971  4.963231  1.572378    -0.017574    0.019174   -0.043979  
     -1.483656  0.837340  5.084502     0.014587    0.031336   -0.022028  
      1.283950  2.027682  0.122291     0.002768    0.006163   -0.022389  
      1.483744 -0.837217  1.694812     0.002447    0.039961   -0.014917  
      4.051646  3.006245  4.962025    -0.022090    0.028152   -0.035133  
     -1.483661  3.984776  3.511966     0.019432    0.016626   -0.014698  
      1.284000  4.751385  5.084395     0.002436    0.039861   -0.014917  
      1.483813  1.886490  6.656931     0.002750    0.006221   -0.022329  
      4.251393 -0.070603  3.267260     0.019400    0.016597   -0.014732  
      1.483765 -1.049066  5.206845    -0.017539    0.019171   -0.043995  
     -1.283903  0.907920  1.817188    -0.022081    0.028114   -0.035047  
     -1.383715  3.914186  6.779263     0.000417    0.006892   -0.016877  
 
  66 f  =   14.661359 THz    92.120037 2PiTHz  489.050302 cm-1    60.634482 meV
             X         Y         Z           dx          dy          dz
      3.375392  5.064220  1.583443    -0.052822    0.050787   -0.073577  
     -1.885782  2.913398  1.806051     0.084377   -0.042051    0.063086  
      3.497608  7.689129  0.167701    -0.047708    0.054112   -0.087925  
      0.729941 -1.742092  3.426074     0.019889   -0.028520    0.052458  
      3.649524 -1.063682  5.009619     0.028280    0.002525    0.000654  
      3.497602  1.881150  3.185318     0.024428    0.036562    0.014025  
      0.607734  0.796438  4.991441    -0.052780    0.019487   -0.037279  
      3.375339  1.967512  0.204206     0.018622    0.011231   -0.033570  
     -4.653373  2.064634  6.742949    -0.007412    0.042349   -0.055161  
      6.083576 -2.784850  5.159316     0.004759    0.052059    0.010649  
     -2.219333  2.795514  5.177507     0.062772   -0.003486    0.025870  
      0.548308  3.903600  3.221711     0.059458   -0.031303    0.077412  
     -0.607628 -1.150056  5.195771     0.052894   -0.050811    0.073591  
      4.653538  1.000780  4.973171    -0.084436    0.042175   -0.063142  
     -0.729846 -3.774957  6.611526     0.047776   -0.054102    0.087933  
      2.037828  5.656242  3.353134    -0.019857    0.028665   -0.052585  
     -0.881771  4.977838  1.769597    -0.028145   -0.002459   -0.000771  
     -0.729847  2.033015  3.593915    -0.024441   -0.036489   -0.014005  
      2.160004  3.117729  1.787787     0.052944   -0.019425    0.037282  
      2.219447  0.010558  3.557508    -0.059435    0.031352   -0.077624  
      7.421126  1.849533  0.036282     0.007375   -0.042403    0.055128  
     -3.315820  6.699001  1.619908    -0.004766   -0.052140   -0.010778  
      4.987075  1.118654  1.601721    -0.062792    0.003451   -0.025924  
     -0.607587  1.946647  6.575029    -0.018627   -0.011158    0.033573  
      0.723449  6.894140  1.617574    -0.000780    0.004564   -0.002138  
      6.258728 -0.089030  3.389576    -0.000615    0.002370   -0.004528  
      0.723429  1.023073  1.771935     0.004865   -0.001206    0.001201  
     -2.170109  0.000137  6.779349     0.003235    0.001999    0.003423  
      2.044298 -2.979976  5.161644     0.000781   -0.004562    0.002141  
     -3.490979  4.003193  3.389648     0.000613   -0.002370    0.004521  
      2.044324  2.891089  5.007287    -0.004857    0.001209   -0.001205  
      2.170267  0.000130  6.779292    -0.003235   -0.001994   -0.003428  
      4.251409  3.076817  1.694715    -0.018199   -0.025685   -0.003931  
      4.151550  5.871112  3.389505     0.000010   -0.000002    0.000010  
      1.383876  1.957084  3.389611    -0.000014    0.000003    0.000009  
      4.151542  0.000100  6.779265    -0.000007   -0.000010   -0.000001  
      1.283971  4.963231  1.572378    -0.007258   -0.005598   -0.000428  
     -1.483656  0.837340  5.084502     0.018151    0.025627    0.003962  
      1.283950  2.027682  0.122291    -0.007059   -0.028595    0.001477  
      1.483744 -0.837217  1.694812     0.017789    0.025869    0.001928  
      4.051646  3.006245  4.962025     0.013986    0.004902   -0.005369  
     -1.483661  3.984776  3.511966     0.015740    0.021691    0.009790  
      1.284000  4.751385  5.084395    -0.017817   -0.025950   -0.001894  
      1.483813  1.886490  6.656931     0.007015    0.028603   -0.001404  
      4.251393 -0.070603  3.267260    -0.015807   -0.021702   -0.009746  
      1.483765 -1.049066  5.206845     0.007269    0.005581    0.000516  
     -1.283903  0.907920  1.817188    -0.013982   -0.004943    0.005423  
     -1.383715  3.914186  6.779263    -0.000006   -0.000010    0.000016  
 
  67 f  =   14.661257 THz    92.119398 2PiTHz  489.046909 cm-1    60.634062 meV
             X         Y         Z           dx          dy          dz
      3.375392  5.064220  1.583443    -0.041876    0.045935    0.001137  
     -1.885782  2.913398  1.806051    -0.024250    0.007614    0.031342  
      3.497608  7.689129  0.167701    -0.019643   -0.002061    0.012151  
      0.729941 -1.742092  3.426074     0.057126    0.087133    0.015771  
      3.649524 -1.063682  5.009619     0.040904    0.054709   -0.016618  
      3.497602  1.881150  3.185318    -0.035716   -0.037105    0.036810  
      0.607734  0.796438  4.991441     0.054646    0.097123    0.014267  
      3.375339  1.967512  0.204206     0.032974    0.056167    0.026259  
     -4.653373  2.064634  6.742949    -0.072090   -0.071513   -0.007930  
      6.083576 -2.784850  5.159316    -0.038362   -0.039360   -0.014484  
     -2.219333  2.795514  5.177507    -0.051624   -0.094351    0.028248  
      0.548308  3.903600  3.221711     0.023134    0.006349    0.048738  
     -0.607628 -1.150056  5.195771     0.041763   -0.045903   -0.001137  
      4.653538  1.000780  4.973171     0.024314   -0.007722   -0.031298  
     -0.729846 -3.774957  6.611526     0.019599    0.002044   -0.012223  
      2.037828  5.656242  3.353134    -0.057156   -0.087217   -0.015704  
     -0.881771  4.977838  1.769597    -0.040958   -0.054757    0.016634  
     -0.729847  2.033015  3.593915     0.035701    0.037085   -0.036818  
      2.160004  3.117729  1.787787    -0.054749   -0.097154   -0.014300  
      2.219447  0.010558  3.557508    -0.023131   -0.006399   -0.048609  
      7.421126  1.849533  0.036282     0.072043    0.071502    0.007900  
     -3.315820  6.699001  1.619908     0.038359    0.039346    0.014498  
      4.987075  1.118654  1.601721     0.051641    0.094333   -0.028220  
     -0.607587  1.946647  6.575029    -0.032990   -0.056185   -0.026237  
      0.723449  6.894140  1.617574    -0.005024   -0.000259    0.001040  
      6.258728 -0.089030  3.389576     0.002558    0.004037    0.001865  
      0.723429  1.023073  1.771935     0.000640    0.004726    0.001783  
     -2.170109  0.000137  6.779349    -0.001702   -0.003264    0.003611  
      2.044298 -2.979976  5.161644     0.005024    0.000256   -0.001043  
     -3.490979  4.003193  3.389648    -0.002562   -0.004037   -0.001860  
      2.044324  2.891089  5.007287    -0.000642   -0.004725   -0.001782  
      2.170267  0.000130  6.779292     0.001703    0.003259   -0.003613  
      4.251409  3.076817  1.694715    -0.005701   -0.004400    0.014294  
      4.151550  5.871112  3.389505     0.000002    0.000007   -0.000014  
      1.383876  1.957084  3.389611     0.000013   -0.000002    0.000001  
      4.151542  0.000100  6.779265     0.000008    0.000006    0.000004  
      1.283971  4.963231  1.572378     0.013178   -0.021666   -0.015884  
     -1.483656  0.837340  5.084502     0.005743    0.004455   -0.014294  
      1.283950  2.027682  0.122291    -0.020939    0.008348    0.021923  
      1.483744 -0.837217  1.694812     0.008951    0.002174   -0.006641  
      4.051646  3.006245  4.962025    -0.021117    0.008223    0.014555  
     -1.483661  3.984776  3.511966     0.023781   -0.008629   -0.019484  
      1.284000  4.751385  5.084395    -0.008914   -0.002120    0.006639  
      1.483813  1.886490  6.656931     0.020953   -0.008326   -0.021938  
      4.251393 -0.070603  3.267260    -0.023743    0.008649    0.019475  
      1.483765 -1.049066  5.206845    -0.013159    0.021670    0.015861  
     -1.283903  0.907920  1.817188     0.021115   -0.008200   -0.014573  
     -1.383715  3.914186  6.779263    -0.000001    0.000010   -0.000007  
 
  68 f  =   14.661244 THz    92.119314 2PiTHz  489.046463 cm-1    60.634006 meV
             X         Y         Z           dx          dy          dz
      3.375392  5.064220  1.583443     0.036918   -0.004308   -0.045871  
     -1.885782  2.913398  1.806051     0.011277   -0.030856   -0.050602  
      3.497608  7.689129  0.167701    -0.032354    0.038835    0.045975  
      0.729941 -1.742092  3.426074    -0.007031    0.052758   -0.014654  
      3.649524 -1.063682  5.009619    -0.073319    0.050889    0.066639  
      3.497602  1.881150  3.185318     0.042922   -0.057292   -0.082927  
      0.607734  0.796438  4.991441    -0.010758    0.005210   -0.028279  
      3.375339  1.967512  0.204206     0.066818   -0.022879   -0.081223  
     -4.653373  2.064634  6.742949    -0.050726   -0.012832   -0.010908  
      6.083576 -2.784850  5.159316    -0.072454    0.049356    0.066307  
     -2.219333  2.795514  5.177507    -0.011802    0.010099   -0.030454  
      0.548308  3.903600  3.221711    -0.051736    0.019570    0.040154  
     -0.607628 -1.150056  5.195771    -0.036967    0.004387    0.045946  
      4.653538  1.000780  4.973171    -0.011344    0.030860    0.050678  
     -0.729846 -3.774957  6.611526     0.032300   -0.038821   -0.045826  
      2.037828  5.656242  3.353134     0.006849   -0.053028    0.014852  
     -0.881771  4.977838  1.769597     0.073129   -0.051001   -0.066461  
     -0.729847  2.033015  3.593915    -0.042916    0.057496    0.082996  
      2.160004  3.117729  1.787787     0.010387   -0.005314    0.028256  
      2.219447  0.010558  3.557508     0.051682   -0.019500   -0.040021  
      7.421126  1.849533  0.036282     0.050942    0.013059    0.011157  
     -3.315820  6.699001  1.619908     0.072464   -0.049165   -0.066137  
      4.987075  1.118654  1.601721     0.011822   -0.009727    0.030450  
     -0.607587  1.946647  6.575029    -0.066963    0.022832    0.081285  
      0.723449  6.894140  1.617574    -0.000876   -0.002357   -0.004488  
      6.258728 -0.089030  3.389576    -0.004442    0.001894    0.001695  
      0.723429  1.023073  1.771935     0.001602    0.001641   -0.004610  
     -2.170109  0.000137  6.779349    -0.003461    0.003471    0.001431  
      2.044298 -2.979976  5.161644     0.000870    0.002364    0.004487  
     -3.490979  4.003193  3.389648     0.004443   -0.001895   -0.001682  
      2.044324  2.891089  5.007287    -0.001613   -0.001630    0.004605  
      2.170267  0.000130  6.779292     0.003462   -0.003477   -0.001414  
      4.251409  3.076817  1.694715    -0.011189    0.009223   -0.023153  
      4.151550  5.871112  3.389505    -0.000002   -0.000023   -0.000023  
      1.383876  1.957084  3.389611     0.000007   -0.000035   -0.000008  
      4.151542  0.000100  6.779265     0.000019    0.000020   -0.000023  
      1.283971  4.963231  1.572378    -0.016200    0.010148   -0.025772  
     -1.483656  0.837340  5.084502     0.011252   -0.009252    0.023131  
      1.283950  2.027682  0.122291     0.000849   -0.004593    0.011136  
      1.483744 -0.837217  1.694812     0.021231   -0.016381    0.012887  
      4.051646  3.006245  4.962025     0.014451   -0.012350    0.025866  
     -1.483661  3.984776  3.511966    -0.005885   -0.002103   -0.011662  
      1.284000  4.751385  5.084395    -0.021250    0.016365   -0.012959  
      1.483813  1.886490  6.656931    -0.000739    0.004504   -0.011285  
      4.251393 -0.070603  3.267260     0.006032    0.002010    0.011480  
      1.483765 -1.049066  5.206845     0.016221   -0.010202    0.025668  
     -1.283903  0.907920  1.817188    -0.014385    0.012343   -0.025960  
     -1.383715  3.914186  6.779263     0.000032    0.000002   -0.000017  
 
  69 f  =   14.117709 THz    88.704179 2PiTHz  470.916070 cm-1    58.386125 meV
             X         Y         Z           dx          dy          dz
      3.375392  5.064220  1.583443     0.038828   -0.061973   -0.053004  
     -1.885782  2.913398  1.806051    -0.028328    0.004585    0.047173  
      3.497608  7.689129  0.167701    -0.037738    0.009744   -0.004436  
      0.729941 -1.742092  3.426074     0.029466   -0.015662    0.026688  
      3.649524 -1.063682  5.009619    -0.068208   -0.038348    0.000781  
      3.497602  1.881150  3.185318    -0.049607   -0.093063   -0.043981  
      0.607734  0.796438  4.991441    -0.062341    0.008404   -0.079487  
      3.375339  1.967512  0.204206    -0.015361    0.007467    0.020956  
     -4.653373  2.064634  6.742949    -0.023663   -0.022451   -0.016237  
      6.083576 -2.784850  5.159316     0.004437   -0.048109   -0.029316  
     -2.219333  2.795514  5.177507    -0.009685    0.008541   -0.040033  
      0.548308  3.903600  3.221711     0.036454   -0.058816   -0.097681  
     -0.607628 -1.150056  5.195771    -0.038804    0.061975    0.053034  
      4.653538  1.000780  4.973171     0.028303   -0.004557   -0.047162  
     -0.729846 -3.774957  6.611526     0.037747   -0.009745    0.004474  
      2.037828  5.656242  3.353134    -0.029495    0.015666   -0.026703  
     -0.881771  4.977838  1.769597     0.068228    0.038357   -0.000803  
     -0.729847  2.033015  3.593915     0.049613    0.093072    0.043978  
      2.160004  3.117729  1.787787     0.062346   -0.008406    0.079498  
      2.219447  0.010558  3.557508    -0.036471    0.058832    0.097695  
      7.421126  1.849533  0.036282     0.023653    0.022463    0.016233  
     -3.315820  6.699001  1.619908    -0.004413    0.048113    0.029285  
      4.987075  1.118654  1.601721     0.009676   -0.008522    0.040015  
     -0.607587  1.946647  6.575029     0.015371   -0.007456   -0.020970  
      0.723449  6.894140  1.617574    -0.002892   -0.003440   -0.003274  
      6.258728 -0.089030  3.389576    -0.002462   -0.002149   -0.003748  
      0.723429  1.023073  1.771935    -0.001160   -0.002434   -0.000954  
     -2.170109  0.000137  6.779349    -0.001015   -0.004126   -0.002916  
      2.044298 -2.979976  5.161644     0.002891    0.003439    0.003274  
     -3.490979  4.003193  3.389648     0.002463    0.002152    0.003748  
      2.044324  2.891089  5.007287     0.001159    0.002433    0.000954  
      2.170267  0.000130  6.779292     0.001015    0.004129    0.002914  
      4.251409  3.076817  1.694715    -0.036102   -0.026488    0.007794  
      4.151550  5.871112  3.389505    -0.000002   -0.000004    0.000005  
      1.383876  1.957084  3.389611     0.000004    0.000001   -0.000002  
      4.151542  0.000100  6.779265    -0.000001   -0.000003   -0.000002  
      1.283971  4.963231  1.572378    -0.004992   -0.025313    0.019289  
     -1.483656  0.837340  5.084502     0.036082    0.026455   -0.007791  
      1.283950  2.027682  0.122291    -0.009819    0.012389    0.019807  
      1.483744 -0.837217  1.694812     0.027558    0.032511   -0.001929  
      4.051646  3.006245  4.962025    -0.006029    0.016538   -0.015342  
     -1.483661  3.984776  3.511966     0.021626   -0.024138   -0.003385  
      1.284000  4.751385  5.084395    -0.027558   -0.032513    0.001939  
      1.483813  1.886490  6.656931     0.009821   -0.012402   -0.019816  
      4.251393 -0.070603  3.267260    -0.021629    0.024136    0.003377  
      1.483765 -1.049066  5.206845     0.004996    0.025313   -0.019291  
     -1.283903  0.907920  1.817188     0.006041   -0.016548    0.015352  
     -1.383715  3.914186  6.779263     0.000000    0.000002    0.000002  
 
  70 f  =   14.117684 THz    88.704028 2PiTHz  470.915265 cm-1    58.386025 meV
             X         Y         Z           dx          dy          dz
      3.375392  5.064220  1.583443     0.013905   -0.006640    0.026577  
     -1.885782  2.913398  1.806051     0.083868   -0.025909   -0.046760  
      3.497608  7.689129  0.167701     0.059424   -0.009643   -0.104168  
      0.729941 -1.742092  3.426074     0.038625    0.002045    0.007122  
      3.649524 -1.063682  5.009619     0.048459    0.019869   -0.026821  
      3.497602  1.881150  3.185318    -0.012028   -0.006306    0.010801  
      0.607734  0.796438  4.991441    -0.021423    0.016507   -0.062114  
      3.375339  1.967512  0.204206     0.065339    0.064957   -0.036745  
     -4.653373  2.064634  6.742949     0.046261   -0.037199    0.038549  
      6.083576 -2.784850  5.159316     0.004001    0.039341   -0.004802  
     -2.219333  2.795514  5.177507    -0.036623    0.049435   -0.091004  
      0.548308  3.903600  3.221711    -0.013747    0.013937   -0.035910  
     -0.607628 -1.150056  5.195771    -0.013917    0.006639   -0.026597  
      4.653538  1.000780  4.973171    -0.083874    0.025912    0.046731  
     -0.729846 -3.774957  6.611526    -0.059424    0.009654    0.104144  
      2.037828  5.656242  3.353134    -0.038602   -0.002074   -0.007095  
     -0.881771  4.977838  1.769597    -0.048461   -0.019853    0.026852  
     -0.729847  2.033015  3.593915     0.012069    0.006315   -0.010808  
      2.160004  3.117729  1.787787     0.021439   -0.016523    0.062144  
      2.219447  0.010558  3.557508     0.013734   -0.013919    0.035883  
      7.421126  1.849533  0.036282    -0.046256    0.037152   -0.038530  
     -3.315820  6.699001  1.619908    -0.004017   -0.039333    0.004830  
      4.987075  1.118654  1.601721     0.036643   -0.049468    0.091032  
     -0.607587  1.946647  6.575029    -0.065313   -0.064952    0.036746  
      0.723449  6.894140  1.617574     0.002394   -0.000034   -0.001821  
      6.258728 -0.089030  3.389576     0.003935    0.001516   -0.003621  
      0.723429  1.023073  1.771935     0.003348    0.002373   -0.003517  
     -2.170109  0.000137  6.779349     0.001509    0.001031   -0.004229  
      2.044298 -2.979976  5.161644    -0.002393    0.000034    0.001819  
     -3.490979  4.003193  3.389648    -0.003937   -0.001519    0.003621  
      2.044324  2.891089  5.007287    -0.003346   -0.002370    0.003520  
      2.170267  0.000130  6.779292    -0.001510   -0.001032    0.004230  
      4.251409  3.076817  1.694715     0.003596    0.035544    0.010954  
      4.151550  5.871112  3.389505    -0.000000    0.000000   -0.000005  
      1.383876  1.957084  3.389611    -0.000008   -0.000001    0.000003  
      4.151542  0.000100  6.779265    -0.000000   -0.000000    0.000002  
      1.283971  4.963231  1.572378     0.006881   -0.003563    0.012767  
     -1.483656  0.837340  5.084502    -0.003588   -0.035516   -0.010959  
      1.283950  2.027682  0.122291    -0.034908    0.018277    0.018961  
      1.483744 -0.837217  1.694812    -0.011267   -0.030112   -0.009187  
      4.051646  3.006245  4.962025    -0.017497   -0.016421   -0.015664  
     -1.483661  3.984776  3.511966     0.024004   -0.012902   -0.030992  
      1.284000  4.751385  5.084395     0.011251    0.030095    0.009172  
      1.483813  1.886490  6.656931     0.034905   -0.018277   -0.018964  
      4.251393 -0.070603  3.267260    -0.024004    0.012895    0.030998  
      1.483765 -1.049066  5.206845    -0.006880    0.003567   -0.012769  
     -1.283903  0.907920  1.817188     0.017480    0.016438    0.015643  
     -1.383715  3.914186  6.779263    -0.000001    0.000002    0.000001  
 
  71 f  =   14.117582 THz    88.703384 2PiTHz  470.911849 cm-1    58.385602 meV
             X         Y         Z           dx          dy          dz
      3.375392  5.064220  1.583443     0.058305   -0.053600   -0.031079  
     -1.885782  2.913398  1.806051     0.047692   -0.032543   -0.008678  
      3.497608  7.689129  0.167701    -0.010294    0.011784    0.009569  
      0.729941 -1.742092  3.426074     0.051970   -0.084396    0.056144  
      3.649524 -1.063682  5.009619     0.055761    0.058442    0.015260  
      3.497602  1.881150  3.185318     0.049579    0.022920    0.001747  
      0.607734  0.796438  4.991441     0.027485    0.023956    0.012153  
      3.375339  1.967512  0.204206    -0.024447   -0.070101    0.016278  
     -4.653373  2.064634  6.742949     0.086086   -0.020848    0.046530  
      6.083576 -2.784850  5.159316    -0.038534   -0.100054    0.008551  
     -2.219333  2.795514  5.177507    -0.009160   -0.044512    0.020985  
      0.548308  3.903600  3.221711    -0.001507   -0.014622   -0.011280  
     -0.607628 -1.150056  5.195771    -0.058339    0.053624    0.031091  
      4.653538  1.000780  4.973171    -0.047710    0.032554    0.008679  
     -0.729846 -3.774957  6.611526     0.010265   -0.011767   -0.009569  
      2.037828  5.656242  3.353134    -0.051972    0.084375   -0.056130  
     -0.881771  4.977838  1.769597    -0.055735   -0.058440   -0.015273  
     -0.729847  2.033015  3.593915    -0.049544   -0.022944   -0.001767  
      2.160004  3.117729  1.787787    -0.027480   -0.023987   -0.012114  
      2.219447  0.010558  3.557508     0.001474    0.014642    0.011296  
      7.421126  1.849533  0.036282    -0.086084    0.020838   -0.046531  
     -3.315820  6.699001  1.619908     0.038543    0.100036   -0.008550  
      4.987075  1.118654  1.601721     0.009179    0.044499   -0.020949  
     -0.607587  1.946647  6.575029     0.024489    0.070090   -0.016309  
      0.723449  6.894140  1.617574     0.003752   -0.003680    0.000456  
      6.258728 -0.089030  3.389576     0.002569   -0.001319    0.001951  
      0.723429  1.023073  1.771935     0.003953   -0.003720    0.000976  
     -2.170109  0.000137  6.779349     0.001603   -0.003586    0.002138  
      2.044298 -2.979976  5.161644    -0.003752    0.003679   -0.000456  
     -3.490979  4.003193  3.389648    -0.002570    0.001319   -0.001950  
      2.044324  2.891089  5.007287    -0.003951    0.003719   -0.000974  
      2.170267  0.000130  6.779292    -0.001604    0.003587   -0.002139  
      4.251409  3.076817  1.694715    -0.000664   -0.011168    0.001015  
      4.151550  5.871112  3.389505     0.000004    0.000003   -0.000001  
      1.383876  1.957084  3.389611     0.000004    0.000007   -0.000002  
      4.151542  0.000100  6.779265    -0.000002   -0.000009   -0.000001  
      1.283971  4.963231  1.572378    -0.035277    0.012395   -0.030466  
     -1.483656  0.837340  5.084502     0.000655    0.011175   -0.001019  
      1.283950  2.027682  0.122291     0.001050    0.004624    0.031749  
      1.483744 -0.837217  1.694812     0.013690    0.001951   -0.021387  
      4.051646  3.006245  4.962025     0.027055   -0.022476    0.031328  
     -1.483661  3.984776  3.511966     0.005506   -0.001714   -0.028068  
      1.284000  4.751385  5.084395    -0.013686   -0.001946    0.021390  
      1.483813  1.886490  6.656931    -0.001051   -0.004624   -0.031750  
      4.251393 -0.070603  3.267260    -0.005506    0.001716    0.028072  
      1.483765 -1.049066  5.206845     0.035283   -0.012389    0.030457  
     -1.283903  0.907920  1.817188    -0.027067    0.022484   -0.031341  
     -1.383715  3.914186  6.779263    -0.000003   -0.000001   -0.000003  
 
  72 f  =   13.909745 THz    87.397506 2PiTHz  463.979156 cm-1    57.526058 meV
             X         Y         Z           dx          dy          dz
      3.375392  5.064220  1.583443     0.071323   -0.030467    0.054572  
     -1.885782  2.913398  1.806051     0.052359   -0.057216    0.055065  
      3.497608  7.689129  0.167701     0.058455   -0.020388    0.070994  
      0.729941 -1.742092  3.426074    -0.056544    0.040661   -0.055982  
      3.649524 -1.063682  5.009619    -0.016195   -0.032017   -0.027110  
      3.497602  1.881150  3.185318    -0.046941   -0.009232    0.009337  
      0.607734  0.796438  4.991441    -0.044874    0.034835   -0.072433  
      3.375339  1.967512  0.204206    -0.007472    0.046424    0.009398  
     -4.653373  2.064634  6.742949    -0.056571    0.040668   -0.055736  
      6.083576 -2.784850  5.159316     0.024256    0.025067   -0.027008  
     -2.219333  2.795514  5.177507    -0.047373    0.031705   -0.072393  
      0.548308  3.903600  3.221711     0.039003   -0.048752    0.070936  
     -0.607628 -1.150056  5.195771     0.071311   -0.030457    0.054566  
      4.653538  1.000780  4.973171     0.052302   -0.057193    0.055090  
     -0.729846 -3.774957  6.611526     0.058426   -0.020390    0.071031  
      2.037828  5.656242  3.353134    -0.056565    0.040677   -0.055988  
     -0.881771  4.977838  1.769597    -0.016240   -0.032044   -0.027101  
     -0.729847  2.033015  3.593915    -0.046954   -0.009253    0.009321  
      2.160004  3.117729  1.787787    -0.044870    0.034835   -0.072428  
      2.219447  0.010558  3.557508     0.039005   -0.048751    0.070960  
      7.421126  1.849533  0.036282    -0.056637    0.040665   -0.055770  
     -3.315820  6.699001  1.619908     0.024249    0.025056   -0.027019  
      4.987075  1.118654  1.601721    -0.047367    0.031699   -0.072368  
     -0.607587  1.946647  6.575029    -0.007465    0.046428    0.009401  
      0.723449  6.894140  1.617574     0.002091    0.002466   -0.000558  
      6.258728 -0.089030  3.389576     0.001523    0.002811    0.000451  
      0.723429  1.023073  1.771935    -0.001610   -0.002804   -0.000590  
     -2.170109  0.000137  6.779349    -0.002167   -0.002353    0.000472  
      2.044298 -2.979976  5.161644     0.002087    0.002465   -0.000556  
     -3.490979  4.003193  3.389648     0.001520    0.002811    0.000451  
      2.044324  2.891089  5.007287    -0.001613   -0.002806   -0.000589  
      2.170267  0.000130  6.779292    -0.002169   -0.002353    0.000472  
      4.251409  3.076817  1.694715     0.013427   -0.009404   -0.001528  
      4.151550  5.871112  3.389505    -0.014097   -0.002252    0.014448  
      1.383876  1.957084  3.389611     0.016907   -0.001298   -0.009598  
      4.151542  0.000100  6.779265    -0.002608    0.014111    0.014227  
      1.283971  4.963231  1.572378     0.006403   -0.005189    0.008873  
     -1.483656  0.837340  5.084502     0.013417   -0.009417   -0.001531  
      1.283950  2.027682  0.122291    -0.015065   -0.005131   -0.008666  
      1.483744 -0.837217  1.694812    -0.001217    0.000941    0.015001  
      4.051646  3.006245  4.962025     0.007035   -0.004501    0.008777  
     -1.483661  3.984776  3.511966    -0.000186    0.016061   -0.008787  
      1.284000  4.751385  5.084395    -0.001206    0.000958    0.015010  
      1.483813  1.886490  6.656931    -0.015052   -0.005133   -0.008676  
      4.251393 -0.070603  3.267260    -0.000197    0.016063   -0.008771  
      1.483765 -1.049066  5.206845     0.006410   -0.005194    0.008879  
     -1.283903  0.907920  1.817188     0.007034   -0.004488    0.008774  
     -1.383715  3.914186  6.779263     0.007063   -0.015602   -0.009532  
 
  73 f  =   13.909719 THz    87.397342 2PiTHz  463.978281 cm-1    57.525949 meV
             X         Y         Z           dx          dy          dz
      3.375392  5.064220  1.583443     0.001474    0.019760    0.048714  
     -1.885782  2.913398  1.806051     0.009727    0.011511   -0.037270  
      3.497608  7.689129  0.167701     0.040102   -0.009617    0.000002  
      0.729941 -1.742092  3.426074    -0.060454   -0.072753    0.018314  
      3.649524 -1.063682  5.009619     0.061211    0.067504    0.001508  
      3.497602  1.881150  3.185318     0.062601    0.064291    0.002357  
      0.607734  0.796438  4.991441    -0.070198   -0.065839    0.006100  
      3.375339  1.967512  0.204206     0.050932    0.075549   -0.010882  
     -4.653373  2.064634  6.742949    -0.051742   -0.073646   -0.021440  
      6.083576 -2.784850  5.159316     0.049713    0.074156   -0.014542  
     -2.219333  2.795514  5.177507    -0.035289   -0.085294   -0.001545  
      0.548308  3.903600  3.221711    -0.029312    0.041163    0.011517  
     -0.607628 -1.150056  5.195771     0.001482    0.019742    0.048711  
      4.653538  1.000780  4.973171     0.009753    0.011486   -0.037269  
     -0.729846 -3.774957  6.611526     0.040101   -0.009604   -0.000007  
      2.037828  5.656242  3.353134    -0.060437   -0.072751    0.018320  
     -0.881771  4.977838  1.769597     0.061228    0.067528    0.001497  
     -0.729847  2.033015  3.593915     0.062602    0.064273    0.002350  
      2.160004  3.117729  1.787787    -0.070215   -0.065830    0.006071  
      2.219447  0.010558  3.557508    -0.029302    0.041153    0.011499  
      7.421126  1.849533  0.036282    -0.051732   -0.073659   -0.021431  
     -3.315820  6.699001  1.619908     0.049708    0.074155   -0.014527  
      4.987075  1.118654  1.601721    -0.035303   -0.085308   -0.001556  
     -0.607587  1.946647  6.575029     0.050926    0.075552   -0.010880  
      0.723449  6.894140  1.617574     0.001671   -0.001114   -0.002501  
      6.258728 -0.089030  3.389576    -0.002259    0.001785    0.001650  
      0.723429  1.023073  1.771935    -0.001286    0.001028    0.002868  
     -2.170109  0.000137  6.779349     0.002034   -0.001440   -0.002000  
      2.044298 -2.979976  5.161644     0.001670   -0.001114   -0.002502  
     -3.490979  4.003193  3.389648    -0.002258    0.001787    0.001650  
      2.044324  2.891089  5.007287    -0.001285    0.001028    0.002867  
      2.170267  0.000130  6.779292     0.002034   -0.001441   -0.002001  
      4.251409  3.076817  1.694715    -0.008058   -0.009090   -0.000023  
      4.151550  5.871112  3.389505    -0.005155    0.001285   -0.018280  
      1.383876  1.957084  3.389611     0.014121   -0.012141    0.004774  
      4.151542  0.000100  6.779265     0.002446   -0.007312    0.019232  
      1.283971  4.963231  1.572378     0.015923    0.005588   -0.009625  
     -1.483656  0.837340  5.084502    -0.008058   -0.009083   -0.000021  
      1.283950  2.027682  0.122291    -0.012347   -0.003648   -0.009374  
      1.483744 -0.837217  1.694812    -0.006976   -0.009856    0.001615  
      4.051646  3.006245  4.962025    -0.000118    0.014517    0.008628  
     -1.483661  3.984776  3.511966     0.001809   -0.013375    0.007829  
      1.284000  4.751385  5.084395    -0.006973   -0.009851    0.001610  
      1.483813  1.886490  6.656931    -0.012355   -0.003644   -0.009361  
      4.251393 -0.070603  3.267260     0.001815   -0.013377    0.007820  
      1.483765 -1.049066  5.206845     0.015927    0.005582   -0.009627  
     -1.283903  0.907920  1.817188    -0.000122    0.014516    0.008631  
     -1.383715  3.914186  6.779263    -0.018224    0.007101   -0.006394  
 
  74 f  =   13.909675 THz    87.397064 2PiTHz  463.976807 cm-1    57.525767 meV
             X         Y         Z           dx          dy          dz
      3.375392  5.064220  1.583443     0.043068   -0.042309   -0.062848  
     -1.885782  2.913398  1.806051     0.056498   -0.024916   -0.069845  
      3.497608  7.689129  0.167701     0.059867   -0.028851   -0.066014  
      0.729941 -1.742092  3.426074     0.041935   -0.006575    0.016794  
      3.649524 -1.063682  5.009619    -0.044866    0.028381    0.078742  
      3.497602  1.881150  3.185318    -0.049861    0.059692    0.053538  
      0.607734  0.796438  4.991441     0.000593    0.022589   -0.032677  
      3.375339  1.967512  0.204206    -0.065527    0.039805    0.052475  
     -4.653373  2.064634  6.742949     0.012001   -0.049957    0.013554  
      6.083576 -2.784850  5.159316    -0.034157    0.045388    0.077428  
     -2.219333  2.795514  5.177507    -0.027122   -0.022201   -0.033298  
      0.548308  3.903600  3.221711     0.042949   -0.040677   -0.065087  
     -0.607628 -1.150056  5.195771     0.043036   -0.042269   -0.062837  
      4.653538  1.000780  4.973171     0.056500   -0.024915   -0.069856  
     -0.729846 -3.774957  6.611526     0.059881   -0.028853   -0.066039  
      2.037828  5.656242  3.353134     0.041914   -0.006545    0.016775  
     -0.881771  4.977838  1.769597    -0.044859    0.028378    0.078722  
     -0.729847  2.033015  3.593915    -0.049869    0.059703    0.053552  
      2.160004  3.117729  1.787787     0.000579    0.022570   -0.032679  
      2.219447  0.010558  3.557508     0.042938   -0.040654   -0.065073  
      7.421126  1.849533  0.036282     0.011997   -0.049941    0.013557  
     -3.315820  6.699001  1.619908    -0.034140    0.045442    0.077429  
      4.987075  1.118654  1.601721    -0.027112   -0.022195   -0.033297  
     -0.607587  1.946647  6.575029    -0.065517    0.039826    0.052451  
      0.723449  6.894140  1.617574    -0.001401    0.001593   -0.002506  
      6.258728 -0.089030  3.389576     0.001303   -0.001805    0.002334  
      0.723429  1.023073  1.771935    -0.002206    0.000969   -0.002070  
     -2.170109  0.000137  6.779349     0.002500   -0.000872    0.002038  
      2.044298 -2.979976  5.161644    -0.001402    0.001596   -0.002507  
     -3.490979  4.003193  3.389648     0.001303   -0.001804    0.002333  
      2.044324  2.891089  5.007287    -0.002208    0.000971   -0.002070  
      2.170267  0.000130  6.779292     0.002499   -0.000869    0.002035  
      4.251409  3.076817  1.694715     0.013770   -0.010943    0.000160  
      4.151550  5.871112  3.389505    -0.017193   -0.008803   -0.006361  
      1.383876  1.957084  3.389611    -0.005977   -0.017588    0.009699  
      4.151542  0.000100  6.779265     0.003007    0.018188   -0.003308  
      1.283971  4.963231  1.572378    -0.011836   -0.005233    0.005988  
     -1.483656  0.837340  5.084502     0.013772   -0.010933    0.000155  
      1.283950  2.027682  0.122291    -0.007444    0.004869    0.008176  
      1.483744 -0.837217  1.694812    -0.000592   -0.000768   -0.018738  
      4.051646  3.006245  4.962025     0.000984    0.015453    0.007490  
     -1.483661  3.984776  3.511966    -0.006859    0.003255    0.009563  
      1.284000  4.751385  5.084395    -0.000604   -0.000783   -0.018733  
      1.483813  1.886490  6.656931    -0.007441    0.004863    0.008160  
      4.251393 -0.070603  3.267260    -0.006864    0.003266    0.009570  
      1.483765 -1.049066  5.206845    -0.011824   -0.005235    0.006005  
     -1.283903  0.907920  1.817188     0.000975    0.015457    0.007480  
     -1.383715  3.914186  6.779263     0.011790    0.012834    0.008787  
 
  75 f  =   13.660635 THz    85.832300 2PiTHz  455.669728 cm-1    56.495821 meV
             X         Y         Z           dx          dy          dz
      3.375392  5.064220  1.583443     0.012888   -0.021279   -0.012358  
     -1.885782  2.913398  1.806051    -0.024354    0.005062    0.012347  
      3.497608  7.689129  0.167701     0.015789    0.000968   -0.022790  
      0.729941 -1.742092  3.426074     0.015790   -0.020223    0.010561  
      3.649524 -1.063682  5.009619    -0.024363   -0.013218   -0.001784  
      3.497602  1.881150  3.185318     0.015799    0.019252    0.012230  
      0.607734  0.796438  4.991441     0.012885   -0.000070    0.024582  
      3.375339  1.967512  0.204206     0.012881    0.021320   -0.012235  
     -4.653373  2.064634  6.742949    -0.024359    0.008152   -0.010565  
      6.083576 -2.784850  5.159316    -0.004354   -0.027358    0.001776  
     -2.219333  2.795514  5.177507    -0.004342    0.012124   -0.024590  
      0.548308  3.903600  3.221711    -0.004344    0.015213    0.022790  
     -0.607628 -1.150056  5.195771     0.012871   -0.021262   -0.012328  
      4.653538  1.000780  4.973171    -0.024315    0.005052    0.012349  
     -0.729846 -3.774957  6.611526     0.015815    0.000970   -0.022805  
      2.037828  5.656242  3.353134     0.015804   -0.020215    0.010544  
     -0.881771  4.977838  1.769597    -0.024326   -0.013220   -0.001800  
     -0.729847  2.033015  3.593915     0.015801    0.019242    0.012247  
      2.160004  3.117729  1.787787     0.012876   -0.000044    0.024561  
      2.219447  0.010558  3.557508    -0.004340    0.015220    0.022787  
      7.421126  1.849533  0.036282    -0.024334    0.008165   -0.010559  
     -3.315820  6.699001  1.619908    -0.004353   -0.027355    0.001787  
      4.987075  1.118654  1.601721    -0.004352    0.012127   -0.024603  
     -0.607587  1.946647  6.575029     0.012878    0.021317   -0.012240  
      0.723449  6.894140  1.617574     0.004323    0.006116   -0.010594  
      6.258728 -0.089030  3.389576     0.004325   -0.012231    0.000001  
      0.723429  1.023073  1.771935     0.004324    0.006117    0.010593  
     -2.170109  0.000137  6.779349    -0.012972   -0.000000   -0.000002  
      2.044298 -2.979976  5.161644     0.004326    0.006117   -0.010593  
     -3.490979  4.003193  3.389648     0.004327   -0.012232    0.000002  
      2.044324  2.891089  5.007287     0.004326    0.006118    0.010593  
      2.170267  0.000130  6.779292    -0.012974   -0.000000   -0.000000  
      4.251409  3.076817  1.694715     0.039627    0.056047    0.000004  
      4.151550  5.871112  3.389505    -0.002587    0.007300   -0.000004  
      1.383876  1.957084  3.389611    -0.002582   -0.003650   -0.006325  
      4.151542  0.000100  6.779265     0.007741    0.000001   -0.000003  
      1.283971  4.963231  1.572378     0.039636   -0.028022    0.048543  
     -1.483656  0.837340  5.084502     0.039622    0.056049    0.000000  
      1.283950  2.027682  0.122291     0.039626   -0.028018   -0.048532  
      1.483744 -0.837217  1.694812    -0.039619   -0.056042    0.000001  
      4.051646  3.006245  4.962025    -0.039630    0.028025   -0.048527  
     -1.483661  3.984776  3.511966    -0.039633    0.028026    0.048541  
      1.284000  4.751385  5.084395    -0.039619   -0.056056    0.000005  
      1.483813  1.886490  6.656931     0.039633   -0.028000   -0.048532  
      4.251393 -0.070603  3.267260    -0.039627    0.028016    0.048543  
      1.483765 -1.049066  5.206845     0.039636   -0.028021    0.048536  
     -1.283903  0.907920  1.817188    -0.039629    0.028016   -0.048529  
     -1.383715  3.914186  6.779263    -0.002582   -0.003654    0.006320  
 
  76 f  =   13.516549 THz    84.926985 2PiTHz  450.863559 cm-1    55.899932 meV
             X         Y         Z           dx          dy          dz
      3.375392  5.064220  1.583443     0.074862   -0.028794   -0.009596  
     -1.885782  2.913398  1.806051    -0.052096    0.060980    0.009616  
      3.497608  7.689129  0.167701    -0.003529   -0.021639   -0.077723  
      0.729941 -1.742092  3.426074    -0.003543   -0.056496    0.057601  
      3.649524 -1.063682  5.009619    -0.052093   -0.038812    0.048008  
      3.497602  1.881150  3.185318    -0.003535    0.078140    0.020137  
      0.607734  0.796438  4.991441     0.074852    0.006086    0.029733  
      3.375339  1.967512  0.204206     0.074851    0.022689   -0.020137  
     -4.653373  2.064634  6.742949    -0.052086   -0.022155   -0.057606  
      6.083576 -2.784850  5.159316    -0.019217   -0.062058   -0.048000  
     -2.219333  2.795514  5.177507    -0.019219    0.072603   -0.029738  
      0.548308  3.903600  3.221711    -0.019218   -0.010546    0.077746  
     -0.607628 -1.150056  5.195771    -0.074843    0.028793    0.009610  
      4.653538  1.000780  4.973171     0.052093   -0.060981   -0.009594  
     -0.729846 -3.774957  6.611526     0.003532    0.021636    0.077754  
      2.037828  5.656242  3.353134     0.003539    0.056515   -0.057615  
     -0.881771  4.977838  1.769597     0.052094    0.038799   -0.048012  
     -0.729847  2.033015  3.593915     0.003533   -0.078157   -0.020136  
      2.160004  3.117729  1.787787    -0.074851   -0.006078   -0.029748  
      2.219447  0.010558  3.557508     0.019225    0.010540   -0.077745  
      7.421126  1.849533  0.036282     0.052100    0.022175    0.057614  
     -3.315820  6.699001  1.619908     0.019226    0.062051    0.047996  
      4.987075  1.118654  1.601721     0.019216   -0.072588    0.029735  
     -0.607587  1.946647  6.575029    -0.074851   -0.022710    0.020137  
      0.723449  6.894140  1.617574    -0.002216   -0.003134    0.005430  
      6.258728 -0.089030  3.389576    -0.002216    0.006270   -0.000001  
      0.723429  1.023073  1.771935    -0.002217   -0.003135   -0.005430  
     -2.170109  0.000137  6.779349     0.006649    0.000001    0.000002  
      2.044298 -2.979976  5.161644     0.002216    0.003135   -0.005428  
     -3.490979  4.003193  3.389648     0.002217   -0.006268   -0.000000  
      2.044324  2.891089  5.007287     0.002216    0.003134    0.005428  
      2.170267  0.000130  6.779292    -0.006648    0.000001    0.000000  
      4.251409  3.076817  1.694715     0.008144    0.011525   -0.000000  
      4.151550  5.871112  3.389505    -0.000003   -0.000002    0.000002  
      1.383876  1.957084  3.389611    -0.000002    0.000001   -0.000002  
      4.151542  0.000100  6.779265    -0.000002    0.000002   -0.000005  
      1.283971  4.963231  1.572378    -0.008160    0.005768   -0.009994  
     -1.483656  0.837340  5.084502    -0.008159   -0.011529   -0.000001  
      1.283950  2.027682  0.122291    -0.008154    0.005757    0.009985  
      1.483744 -0.837217  1.694812     0.008151    0.011530    0.000001  
      4.051646  3.006245  4.962025    -0.008150    0.005763   -0.009978  
     -1.483661  3.984776  3.511966    -0.008151    0.005763    0.009979  
      1.284000  4.751385  5.084395    -0.008147   -0.011529    0.000002  
      1.483813  1.886490  6.656931     0.008148   -0.005762   -0.009985  
      4.251393 -0.070603  3.267260     0.008157   -0.005764   -0.009994  
      1.483765 -1.049066  5.206845     0.008151   -0.005763    0.009983  
     -1.283903  0.907920  1.817188     0.008158   -0.005772    0.009986  
     -1.383715  3.914186  6.779263     0.000000   -0.000004   -0.000002  
 
  77 f  =   12.522161 THz    78.679059 2PiTHz  417.694337 cm-1    51.787474 meV
             X         Y         Z           dx          dy          dz
      3.375392  5.064220  1.583443     0.072864    0.013473    0.000090  
     -1.885782  2.913398  1.806051     0.031697   -0.021550   -0.019163  
      3.497608  7.689129  0.167701     0.030658    0.048843    0.050975  
      0.729941 -1.742092  3.426074    -0.001346    0.026853    0.076759  
      3.649524 -1.063682  5.009619     0.001378   -0.021573   -0.040501  
      3.497602  1.881150  3.185318    -0.043440    0.014204    0.013301  
      0.607734  0.796438  4.991441    -0.004219   -0.052457   -0.028316  
      3.375339  1.967512  0.204206    -0.053225    0.026301   -0.053151  
     -4.653373  2.064634  6.742949    -0.047736   -0.023939    0.024103  
      6.083576 -2.784850  5.159316    -0.046584    0.025685   -0.055457  
     -2.219333  2.795514  5.177507     0.076043   -0.030112   -0.019758  
      0.548308  3.903600  3.221711    -0.020511    0.009831    0.037573  
     -0.607628 -1.150056  5.195771    -0.072880   -0.013464   -0.000125  
      4.653538  1.000780  4.973171    -0.031658    0.021578    0.019135  
     -0.729846 -3.774957  6.611526    -0.030643   -0.048827   -0.050961  
      2.037828  5.656242  3.353134     0.001345   -0.026806   -0.076742  
     -0.881771  4.977838  1.769597    -0.001386    0.021616    0.040508  
     -0.729847  2.033015  3.593915     0.043385   -0.014230   -0.013303  
      2.160004  3.117729  1.787787     0.004220    0.052497    0.028353  
      2.219447  0.010558  3.557508     0.020505   -0.009837   -0.037555  
      7.421126  1.849533  0.036282     0.047679    0.023940   -0.024111  
     -3.315820  6.699001  1.619908     0.046554   -0.025706    0.055489  
      4.987075  1.118654  1.601721    -0.076062    0.030113    0.019815  
     -0.607587  1.946647  6.575029     0.053233   -0.026240    0.053132  
      0.723449  6.894140  1.617574     0.002442    0.000490    0.009772  
      6.258728 -0.089030  3.389576     0.009431   -0.003621    0.002216  
      0.723429  1.023073  1.771935    -0.009902   -0.000551    0.007000  
     -2.170109  0.000137  6.779349     0.001780   -0.009641   -0.007265  
      2.044298 -2.979976  5.161644    -0.002444   -0.000491   -0.009772  
     -3.490979  4.003193  3.389648    -0.009431    0.003625   -0.002215  
      2.044324  2.891089  5.007287     0.009903    0.000549   -0.006999  
      2.170267  0.000130  6.779292    -0.001782    0.009641    0.007264  
      4.251409  3.076817  1.694715     0.033978   -0.012365    0.008458  
      4.151550  5.871112  3.389505     0.000001    0.000001   -0.000011  
      1.383876  1.957084  3.389611     0.000010   -0.000007    0.000000  
      4.151542  0.000100  6.779265    -0.000000   -0.000019   -0.000002  
      1.283971  4.963231  1.572378    -0.011782   -0.013386    0.026431  
     -1.483656  0.837340  5.084502    -0.033973    0.012354   -0.008459  
      1.283950  2.027682  0.122291     0.056112    0.027358    0.031064  
      1.483744 -0.837217  1.694812    -0.012147   -0.003071   -0.030472  
      4.051646  3.006245  4.962025    -0.011924    0.031974    0.003655  
     -1.483661  3.984776  3.511966    -0.000339    0.028344   -0.017691  
      1.284000  4.751385  5.084395     0.012145    0.003070    0.030486  
      1.483813  1.886490  6.656931    -0.056116   -0.027362   -0.031069  
      4.251393 -0.070603  3.267260     0.000340   -0.028369    0.017702  
      1.483765 -1.049066  5.206845     0.011823    0.013407   -0.026468  
     -1.283903  0.907920  1.817188     0.011926   -0.031995   -0.003662  
     -1.383715  3.914186  6.779263     0.000013   -0.000025   -0.000010  
 
  78 f  =   12.522145 THz    78.678960 2PiTHz  417.693812 cm-1    51.787409 meV
             X         Y         Z           dx          dy          dz
      3.375392  5.064220  1.583443    -0.026106   -0.045581    0.047935  
     -1.885782  2.913398  1.806051     0.042210    0.060187    0.040341  
      3.497608  7.689129  0.167701     0.007086    0.073451   -0.014535  
      0.729941 -1.742092  3.426074     0.045557   -0.016661   -0.033686  
      3.649524 -1.063682  5.009619    -0.011030   -0.050482    0.052016  
      3.497602  1.881150  3.185318    -0.001165    0.049681    0.012663  
      0.607734  0.796438  4.991441     0.027157    0.009863   -0.039359  
      3.375339  1.967512  0.204206    -0.057230   -0.019373   -0.013570  
     -4.653373  2.064634  6.742949     0.022234   -0.043803   -0.054455  
      6.083576 -2.784850  5.159316     0.017338    0.035048    0.046111  
     -2.219333  2.795514  5.177507     0.010809   -0.049254   -0.035975  
      0.548308  3.903600  3.221711    -0.060844   -0.009452   -0.019818  
     -0.607628 -1.150056  5.195771     0.026120    0.045608   -0.047913  
      4.653538  1.000780  4.973171    -0.042205   -0.060206   -0.040313  
     -0.729846 -3.774957  6.611526    -0.007091   -0.073462    0.014517  
      2.037828  5.656242  3.353134    -0.045531    0.016620    0.033679  
     -0.881771  4.977838  1.769597     0.011045    0.050447   -0.052040  
     -0.729847  2.033015  3.593915     0.001215   -0.049656   -0.012652  
      2.160004  3.117729  1.787787    -0.027151   -0.009880    0.039308  
      2.219447  0.010558  3.557508     0.060860    0.009476    0.019819  
      7.421126  1.849533  0.036282    -0.022187    0.043807    0.054447  
     -3.315820  6.699001  1.619908    -0.017296   -0.035042   -0.046126  
      4.987075  1.118654  1.601721    -0.010779    0.049254    0.035939  
     -0.607587  1.946647  6.575029     0.057236    0.019320    0.013572  
      0.723449  6.894140  1.617574    -0.009373   -0.006029   -0.001126  
      6.258728 -0.089030  3.389576     0.003677    0.006189    0.008836  
      0.723429  1.023073  1.771935    -0.001488    0.011603   -0.002216  
     -2.170109  0.000137  6.779349    -0.006494   -0.006301    0.005095  
      2.044298 -2.979976  5.161644     0.009373    0.006029    0.001123  
     -3.490979  4.003193  3.389648    -0.003678   -0.006191   -0.008836  
      2.044324  2.891089  5.007287     0.001486   -0.011602    0.002215  
      2.170267  0.000130  6.779292     0.006495    0.006303   -0.005095  
      4.251409  3.076817  1.694715     0.044170   -0.026634    0.002624  
      4.151550  5.871112  3.389505    -0.000014   -0.000006    0.000005  
      1.383876  1.957084  3.389611    -0.000021    0.000005    0.000006  
      4.151542  0.000100  6.779265     0.000001    0.000006    0.000006  
      1.283971  4.963231  1.572378     0.018819    0.001130   -0.018791  
     -1.483656  0.837340  5.084502    -0.044177    0.026644   -0.002623  
      1.283950  2.027682  0.122291    -0.012290    0.008469    0.012278  
      1.483744 -0.837217  1.694812     0.002223   -0.006177    0.062288  
      4.051646  3.006245  4.962025    -0.006483    0.036942    0.030695  
     -1.483661  3.984776  3.511966     0.009150   -0.022050   -0.007003  
      1.284000  4.751385  5.084395    -0.002228    0.006167   -0.062304  
      1.483813  1.886490  6.656931     0.012290   -0.008470   -0.012276  
      4.251393 -0.070603  3.267260    -0.009150    0.022045    0.007015  
      1.483765 -1.049066  5.206845    -0.018851   -0.001141    0.018810  
     -1.283903  0.907920  1.817188     0.006482   -0.036907   -0.030677  
     -1.383715  3.914186  6.779263    -0.000016    0.000017    0.000004  
 
  79 f  =   12.522098 THz    78.678659 2PiTHz  417.692214 cm-1    51.787211 meV
             X         Y         Z           dx          dy          dz
      3.375392  5.064220  1.583443    -0.015935   -0.046469   -0.012725  
     -1.885782  2.913398  1.806051     0.002696   -0.061530    0.021603  
      3.497608  7.689129  0.167701    -0.038055    0.003813    0.009074  
      0.729941 -1.742092  3.426074     0.019064    0.043122   -0.028380  
      3.649524 -1.063682  5.009619    -0.051648    0.045920   -0.029390  
      3.497602  1.881150  3.185318    -0.023514    0.052056   -0.070492  
      0.607734  0.796438  4.991441     0.074108   -0.038422   -0.014230  
      3.375339  1.967512  0.204206    -0.011692    0.022509    0.047962  
     -4.653373  2.064634  6.742949     0.004845   -0.003344    0.065449  
      6.083576 -2.784850  5.159316     0.059622   -0.001899   -0.002709  
     -2.219333  2.795514  5.177507     0.011036    0.034903   -0.029438  
      0.548308  3.903600  3.221711    -0.043575   -0.063437    0.032989  
     -0.607628 -1.150056  5.195771     0.015926    0.046495    0.012748  
      4.653538  1.000780  4.973171    -0.002686    0.061532   -0.021586  
     -0.729846 -3.774957  6.611526     0.038091   -0.003810   -0.009092  
      2.037828  5.656242  3.353134    -0.019064   -0.043113    0.028396  
     -0.881771  4.977838  1.769597     0.051673   -0.045918    0.029395  
     -0.729847  2.033015  3.593915     0.023513   -0.052044    0.070516  
      2.160004  3.117729  1.787787    -0.074097    0.038430    0.014202  
      2.219447  0.010558  3.557508     0.043598    0.063435   -0.032988  
      7.421126  1.849533  0.036282    -0.004864    0.003363   -0.065448  
     -3.315820  6.699001  1.619908    -0.059611    0.001880    0.002723  
      4.987075  1.118654  1.601721    -0.011030   -0.034926    0.029465  
     -0.607587  1.946647  6.575029     0.011719   -0.022530   -0.047936  
      0.723449  6.894140  1.617574    -0.007055    0.009918    0.001865  
      6.258728 -0.089030  3.389576     0.006409    0.005606   -0.008324  
      0.723429  1.023073  1.771935     0.006582   -0.000069    0.006806  
     -2.170109  0.000137  6.779349     0.005372   -0.004426    0.008575  
      2.044298 -2.979976  5.161644     0.007055   -0.009916   -0.001863  
     -3.490979  4.003193  3.389648    -0.006413   -0.005606    0.008324  
      2.044324  2.891089  5.007287    -0.006581    0.000069   -0.006805  
      2.170267  0.000130  6.779292    -0.005368    0.004422   -0.008575  
      4.251409  3.076817  1.694715     0.015467   -0.031719    0.005326  
      4.151550  5.871112  3.389505    -0.000003    0.000000   -0.000015  
      1.383876  1.957084  3.389611     0.000000   -0.000005    0.000002  
      4.151542  0.000100  6.779265     0.000000    0.000005   -0.000013  
      1.283971  4.963231  1.572378     0.053386    0.008311   -0.025921  
     -1.483656  0.837340  5.084502    -0.015503    0.031741   -0.005325  
      1.283950  2.027682  0.122291    -0.006817   -0.004935    0.003889  
      1.483744 -0.837217  1.694812     0.007039    0.015810   -0.003307  
      4.051646  3.006245  4.962025    -0.004198   -0.031736   -0.027765  
     -1.483661  3.984776  3.511966     0.010870    0.051929   -0.027722  
      1.284000  4.751385  5.084395    -0.007034   -0.015799    0.003305  
      1.483813  1.886490  6.656931     0.006809    0.004933   -0.003897  
      4.251393 -0.070603  3.267260    -0.010863   -0.051945    0.027721  
      1.483765 -1.049066  5.206845    -0.053397   -0.008310    0.025920  
     -1.283903  0.907920  1.817188     0.004199    0.031719    0.027748  
     -1.383715  3.914186  6.779263    -0.000015    0.000000   -0.000005  
 
  80 f  =   12.324063 THz    77.434370 2PiTHz  411.086483 cm-1    50.968205 meV
             X         Y         Z           dx          dy          dz
      3.375392  5.064220  1.583443     0.000765    0.050137   -0.030795  
     -1.885782  2.913398  1.806051     0.068417    0.035157   -0.037424  
      3.497608  7.689129  0.167701     0.010105    0.059576   -0.022439  
      0.729941 -1.742092  3.426074     0.062516    0.012781    0.017170  
      3.649524 -1.063682  5.009619    -0.034959    0.022919   -0.042249  
      3.497602  1.881150  3.185318    -0.057689    0.014176   -0.035982  
      0.607734  0.796438  4.991441    -0.020241    0.046904   -0.020519  
      3.375339  1.967512  0.204206     0.027547    0.012316   -0.016589  
     -4.653373  2.064634  6.742949    -0.025130    0.040162   -0.034935  
      6.083576 -2.784850  5.159316    -0.014989    0.017585    0.028433  
     -2.219333  2.795514  5.177507     0.028994    0.026315    0.066830  
      0.548308  3.903600  3.221711     0.005055    0.063910    0.041456  
     -0.607628 -1.150056  5.195771     0.000798    0.050151   -0.030794  
      4.653538  1.000780  4.973171     0.068429    0.035133   -0.037436  
     -0.729846 -3.774957  6.611526     0.010110    0.059585   -0.022408  
      2.037828  5.656242  3.353134     0.062513    0.012796    0.017194  
     -0.881771  4.977838  1.769597    -0.034954    0.022929   -0.042270  
     -0.729847  2.033015  3.593915    -0.057710    0.014181   -0.035985  
      2.160004  3.117729  1.787787    -0.020253    0.046875   -0.020531  
      2.219447  0.010558  3.557508     0.005048    0.063915    0.041472  
      7.421126  1.849533  0.036282    -0.025152    0.040153   -0.034911  
     -3.315820  6.699001  1.619908    -0.015000    0.017583    0.028407  
      4.987075  1.118654  1.601721     0.029025    0.026301    0.066831  
     -0.607587  1.946647  6.575029     0.027535    0.012340   -0.016611  
      0.723449  6.894140  1.617574     0.000743    0.000541   -0.004143  
      6.258728 -0.089030  3.389576    -0.002742    0.004414   -0.000054  
      0.723429  1.023073  1.771935     0.001579   -0.000938    0.002218  
     -2.170109  0.000137  6.779349     0.000704   -0.001727    0.001483  
      2.044298 -2.979976  5.161644     0.000746    0.000543   -0.004140  
     -3.490979  4.003193  3.389648    -0.002737    0.004411   -0.000053  
      2.044324  2.891089  5.007287     0.001574   -0.000942    0.002221  
      2.170267  0.000130  6.779292     0.000706   -0.001729    0.001479  
      4.251409  3.076817  1.694715     0.022747   -0.020380   -0.001067  
      4.151550  5.871112  3.389505    -0.030728   -0.012123    0.009087  
      1.383876  1.957084  3.389611     0.010133   -0.058934    0.029347  
      4.151542  0.000100  6.779265    -0.000166   -0.064654    0.026732  
      1.283971  4.963231  1.572378     0.007989    0.002773   -0.002198  
     -1.483656  0.837340  5.084502     0.022765   -0.020383   -0.001066  
      1.283950  2.027682  0.122291    -0.042586   -0.013150   -0.028200  
      1.483744 -0.837217  1.694812    -0.003171   -0.002046    0.029229  
      4.051646  3.006245  4.962025     0.001422   -0.012662   -0.005744  
     -1.483661  3.984776  3.511966     0.001877   -0.047958    0.028205  
      1.284000  4.751385  5.084395    -0.003181   -0.002046    0.029212  
      1.483813  1.886490  6.656931    -0.042556   -0.013137   -0.028187  
      4.251393 -0.070603  3.267260     0.001876   -0.047944    0.028198  
      1.483765 -1.049066  5.206845     0.007980    0.002765   -0.002187  
     -1.283903  0.907920  1.817188     0.001419   -0.012660   -0.005747  
     -1.383715  3.914186  6.779263    -0.001950   -0.045465   -0.025931  
 
  81 f  =   12.324031 THz    77.434168 2PiTHz  411.085413 cm-1    50.968072 meV
             X         Y         Z           dx          dy          dz
      3.375392  5.064220  1.583443    -0.000120    0.052140    0.060412  
     -1.885782  2.913398  1.806051     0.014948    0.011980    0.056714  
      3.497608  7.689129  0.167701     0.075002    0.000599   -0.029623  
      0.729941 -1.742092  3.426074     0.001378   -0.001023    0.039358  
      3.649524 -1.063682  5.009619     0.055371   -0.005401    0.005874  
      3.497602  1.881150  3.185318     0.018494    0.018191    0.048909  
      0.607734  0.796438  4.991441     0.029048    0.024601   -0.044511  
      3.375339  1.967512  0.204206     0.022424   -0.044263    0.059670  
     -4.653373  2.064634  6.742949    -0.017414    0.056469    0.010389  
      6.083576 -2.784850  5.159316     0.033683   -0.054694    0.045143  
     -2.219333  2.795514  5.177507     0.030926   -0.022930    0.004040  
      0.548308  3.903600  3.221711     0.056597   -0.019039    0.005869  
     -0.607628 -1.150056  5.195771    -0.000137    0.052114    0.060422  
      4.653538  1.000780  4.973171     0.014953    0.011974    0.056742  
     -0.729846 -3.774957  6.611526     0.074982    0.000609   -0.029637  
      2.037828  5.656242  3.353134     0.001405   -0.001011    0.039337  
     -0.881771  4.977838  1.769597     0.055354   -0.005393    0.005892  
     -0.729847  2.033015  3.593915     0.018480    0.018230    0.048889  
      2.160004  3.117729  1.787787     0.029094    0.024600   -0.044527  
      2.219447  0.010558  3.557508     0.056560   -0.019065    0.005873  
      7.421126  1.849533  0.036282    -0.017402    0.056455    0.010399  
     -3.315820  6.699001  1.619908     0.033713   -0.054697    0.045154  
      4.987075  1.118654  1.601721     0.030926   -0.022917    0.004026  
     -0.607587  1.946647  6.575029     0.022417   -0.044243    0.059683  
      0.723449  6.894140  1.617574    -0.002545   -0.000051    0.000640  
      6.258728 -0.089030  3.389576    -0.000339   -0.001475   -0.002087  
      0.723429  1.023073  1.771935     0.000218    0.002386    0.004173  
     -2.170109  0.000137  6.779349     0.004487   -0.000771   -0.001237  
      2.044298 -2.979976  5.161644    -0.002550   -0.000046    0.000640  
     -3.490979  4.003193  3.389648    -0.000335   -0.001471   -0.002087  
      2.044324  2.891089  5.007287     0.000219    0.002389    0.004174  
      2.170267  0.000130  6.779292     0.004489   -0.000772   -0.001231  
      4.251409  3.076817  1.694715    -0.046079    0.030199    0.002306  
      4.151550  5.871112  3.389505    -0.041154   -0.014233   -0.053204  
      1.383876  1.957084  3.389611    -0.038967    0.017375    0.004557  
      4.151542  0.000100  6.779265    -0.001052   -0.010722   -0.043400  
      1.283971  4.963231  1.572378    -0.002399    0.001779   -0.002051  
     -1.483656  0.837340  5.084502    -0.046061    0.030180    0.002312  
      1.283950  2.027682  0.122291    -0.026780   -0.009169   -0.016678  
      1.483744 -0.837217  1.694812     0.000732   -0.002903   -0.055151  
      4.051646  3.006245  4.962025    -0.001710   -0.000685   -0.004035  
     -1.483661  3.984776  3.511966     0.001759   -0.023087    0.014661  
      1.284000  4.751385  5.084395     0.000734   -0.002904   -0.055132  
      1.483813  1.886490  6.656931    -0.026784   -0.009173   -0.016677  
      4.251393 -0.070603  3.267260     0.001768   -0.023067    0.014654  
      1.483765 -1.049066  5.206845    -0.002369    0.001785   -0.002074  
     -1.283903  0.907920  1.817188    -0.001713   -0.000695   -0.004040  
     -1.383715  3.914186  6.779263    -0.063214    0.000081   -0.026160  
 
  82 f  =   12.323967 THz    77.433769 2PiTHz  411.083293 cm-1    50.967810 meV
             X         Y         Z           dx          dy          dz
      3.375392  5.064220  1.583443     0.035617    0.030881    0.008869  
     -1.885782  2.913398  1.806051     0.004696   -0.033861    0.007604  
      3.497608  7.689129  0.167701    -0.029385   -0.012198   -0.021433  
      0.729941 -1.742092  3.426074     0.051753   -0.055540   -0.021058  
      3.649524 -1.063682  5.009619    -0.025289   -0.052994   -0.044931  
      3.497602  1.881150  3.185318     0.054003    0.028732   -0.022231  
      0.607734  0.796438  4.991441     0.003405   -0.024983   -0.070931  
      3.375339  1.967512  0.204206     0.002341   -0.067589   -0.018544  
     -4.653373  2.064634  6.742949     0.063163   -0.010633   -0.030967  
      6.083576 -2.784850  5.159316     0.045005    0.040045   -0.031501  
     -2.219333  2.795514  5.177507     0.039884    0.009443   -0.054323  
      0.548308  3.903600  3.221711     0.012717    0.049518   -0.009290  
     -0.607628 -1.150056  5.195771     0.035552    0.030836    0.008894  
      4.653538  1.000780  4.973171     0.004707   -0.033808    0.007629  
     -0.729846 -3.774957  6.611526    -0.029412   -0.012183   -0.021464  
      2.037828  5.656242  3.353134     0.051774   -0.055567   -0.021117  
     -0.881771  4.977838  1.769597    -0.025287   -0.053017   -0.044870  
     -0.729847  2.033015  3.593915     0.054033    0.028754   -0.022231  
      2.160004  3.117729  1.787787     0.003428   -0.024943   -0.070948  
      2.219447  0.010558  3.557508     0.012679    0.049526   -0.009318  
      7.421126  1.849533  0.036282     0.063196   -0.010643   -0.031017  
     -3.315820  6.699001  1.619908     0.045035    0.040047   -0.031438  
      4.987075  1.118654  1.601721     0.039850    0.009426   -0.054343  
     -0.607587  1.946647  6.575029     0.002343   -0.067619   -0.018531  
      0.723449  6.894140  1.617574     0.001177    0.003361   -0.002578  
      6.258728 -0.089030  3.389576    -0.000890   -0.002985    0.000949  
      0.723429  1.023073  1.771935    -0.002428   -0.002240   -0.001369  
     -2.170109  0.000137  6.779349     0.003615    0.001294    0.001241  
      2.044298 -2.979976  5.161644     0.001170    0.003357   -0.002582  
     -3.490979  4.003193  3.389648    -0.000894   -0.002980    0.000952  
      2.044324  2.891089  5.007287    -0.002426   -0.002231   -0.001373  
      2.170267  0.000130  6.779292     0.003612    0.001296    0.001245  
      4.251409  3.076817  1.694715     0.000649   -0.001276   -0.001136  
      4.151550  5.871112  3.389505    -0.042165   -0.014283    0.045326  
      1.383876  1.957084  3.389611    -0.052860   -0.009349    0.027834  
      4.151542  0.000100  6.779265    -0.000845    0.025949    0.048674  
      1.283971  4.963231  1.572378    -0.050703   -0.020188    0.030148  
     -1.483656  0.837340  5.084502     0.000673   -0.001293   -0.001141  
      1.283950  2.027682  0.122291    -0.010498   -0.000836   -0.002441  
      1.483744 -0.837217  1.694812     0.000247   -0.000991    0.007448  
      4.051646  3.006245  4.962025     0.002393    0.053728    0.029464  
     -1.483661  3.984776  3.511966    -0.002014   -0.007347    0.008254  
      1.284000  4.751385  5.084395     0.000251   -0.000996    0.007496  
      1.483813  1.886490  6.656931    -0.010553   -0.000853   -0.002466  
      4.251393 -0.070603  3.267260    -0.002014   -0.007399    0.008277  
      1.483765 -1.049066  5.206845    -0.050692   -0.020185    0.030136  
     -1.283903  0.907920  1.817188     0.002391    0.053729    0.029468  
     -1.383715  3.914186  6.779263    -0.020388    0.042406    0.017330  
 
  83 f  =   11.843720 THz    74.416289 2PiTHz  395.063982 cm-1    48.981669 meV
             X         Y         Z           dx          dy          dz
      3.375392  5.064220  1.583443    -0.010866    0.002865    0.020396  
     -1.885782  2.913398  1.806051    -0.024972    0.017186    0.002363  
      3.497608  7.689129  0.167701     0.028622    0.007942   -0.011790  
      0.729941 -1.742092  3.426074    -0.019812    0.001314    0.031641  
      3.649524 -1.063682  5.009619    -0.024730    0.024897    0.008091  
      3.497602  1.881150  3.185318    -0.000030   -0.010583   -0.043457  
      0.607734  0.796438  4.991441     0.012391   -0.029001   -0.040553  
      3.375339  1.967512  0.204206     0.028846   -0.009436   -0.016811  
     -4.653373  2.064634  6.742949    -0.028311    0.024956    0.025185  
      6.083576 -2.784850  5.159316    -0.009796   -0.000128    0.030993  
     -2.219333  2.795514  5.177507     0.033086   -0.010911   -0.019981  
      0.548308  3.903600  3.221711    -0.015153   -0.022757   -0.031578  
     -0.607628 -1.150056  5.195771    -0.010876    0.002848    0.020376  
      4.653538  1.000780  4.973171    -0.024964    0.017191    0.002349  
     -0.729846 -3.774957  6.611526     0.028630    0.007932   -0.011797  
      2.037828  5.656242  3.353134    -0.019841    0.001331    0.031634  
     -0.881771  4.977838  1.769597    -0.024745    0.024891    0.008083  
     -0.729847  2.033015  3.593915    -0.000011   -0.010579   -0.043445  
      2.160004  3.117729  1.787787     0.012396   -0.028992   -0.040542  
      2.219447  0.010558  3.557508    -0.015147   -0.022764   -0.031573  
      7.421126  1.849533  0.036282    -0.028301    0.024968    0.025180  
     -3.315820  6.699001  1.619908    -0.009793   -0.000116    0.031013  
      4.987075  1.118654  1.601721     0.033075   -0.010905   -0.019970  
     -0.607587  1.946647  6.575029     0.028849   -0.009458   -0.016791  
      0.723449  6.894140  1.617574    -0.003842   -0.000602    0.003232  
      6.258728 -0.089030  3.389576     0.001455   -0.000695   -0.002924  
      0.723429  1.023073  1.771935     0.001385    0.004042    0.007134  
     -2.170109  0.000137  6.779349     0.005127   -0.002257   -0.001335  
      2.044298 -2.979976  5.161644    -0.003846   -0.000604    0.003233  
     -3.490979  4.003193  3.389648     0.001454   -0.000692   -0.002925  
      2.044324  2.891089  5.007287     0.001390    0.004045    0.007134  
      2.170267  0.000130  6.779292     0.005126   -0.002259   -0.001336  
      4.251409  3.076817  1.694715     0.044085   -0.021347    0.000280  
      4.151550  5.871112  3.389505     0.074540    0.026713   -0.027648  
      1.383876  1.957084  3.389611    -0.022900   -0.023326    0.019815  
      4.151542  0.000100  6.779265    -0.001533   -0.066364    0.022657  
      1.283971  4.963231  1.572378    -0.022405   -0.017729    0.034612  
     -1.483656  0.837340  5.084502     0.044063   -0.021340    0.000278  
      1.283950  2.027682  0.122291    -0.059170   -0.022810   -0.026432  
      1.483744 -0.837217  1.694812     0.001719    0.008596   -0.002828  
      4.051646  3.006245  4.962025     0.013317   -0.029116   -0.001135  
     -1.483661  3.984776  3.511966     0.000624    0.079816   -0.036834  
      1.284000  4.751385  5.084395     0.001722    0.008603   -0.002859  
      1.483813  1.886490  6.656931    -0.059195   -0.022809   -0.026426  
      4.251393 -0.070603  3.267260     0.000632    0.079801   -0.036840  
      1.483765 -1.049066  5.206845    -0.022392   -0.017723    0.034608  
     -1.283903  0.907920  1.817188     0.013314   -0.029097   -0.001127  
     -1.383715  3.914186  6.779263    -0.021068    0.066408    0.028199  
 
  84 f  =   11.843660 THz    74.415913 2PiTHz  395.061985 cm-1    48.981421 meV
             X         Y         Z           dx          dy          dz
      3.375392  5.064220  1.583443     0.030132    0.024748    0.010742  
     -1.885782  2.913398  1.806051    -0.038892   -0.025794   -0.014028  
      3.497608  7.689129  0.167701    -0.011600   -0.043172    0.014046  
      0.729941 -1.742092  3.426074     0.021451    0.016905    0.008883  
      3.649524 -1.063682  5.009619    -0.039524    0.001521   -0.017433  
      3.497602  1.881150  3.185318     0.003165    0.024467   -0.006940  
      0.607734  0.796438  4.991441     0.010863    0.023887   -0.011662  
      3.375339  1.967512  0.204206     0.003950   -0.028986    0.029656  
     -4.653373  2.064634  6.742949    -0.036921   -0.016631   -0.000001  
      6.083576 -2.784850  5.159316     0.015523    0.015966    0.014072  
     -2.219333  2.795514  5.177507    -0.016679   -0.030440    0.016649  
      0.548308  3.903600  3.221711     0.013189    0.034812   -0.013155  
     -0.607628 -1.150056  5.195771     0.030118    0.024767    0.010747  
      4.653538  1.000780  4.973171    -0.038907   -0.025805   -0.014027  
     -0.729846 -3.774957  6.611526    -0.011596   -0.043172    0.014022  
      2.037828  5.656242  3.353134     0.021463    0.016922    0.008872  
     -0.881771  4.977838  1.769597    -0.039553    0.001519   -0.017457  
     -0.729847  2.033015  3.593915     0.003150    0.024481   -0.006953  
      2.160004  3.117729  1.787787     0.010876    0.023873   -0.011637  
      2.219447  0.010558  3.557508     0.013188    0.034779   -0.013162  
      7.421126  1.849533  0.036282    -0.036929   -0.016639    0.000018  
     -3.315820  6.699001  1.619908     0.015536    0.015969    0.014069  
      4.987075  1.118654  1.601721    -0.016676   -0.030414    0.016658  
     -0.607587  1.946647  6.575029     0.003952   -0.028974    0.029670  
      0.723449  6.894140  1.617574     0.001851    0.005097   -0.004813  
      6.258728 -0.089030  3.389576    -0.002036   -0.002949   -0.001030  
      0.723429  1.023073  1.771935    -0.001304   -0.003146    0.000551  
     -2.170109  0.000137  6.779349     0.007582    0.001364    0.001149  
      2.044298 -2.979976  5.161644     0.001850    0.005097   -0.004814  
     -3.490979  4.003193  3.389648    -0.002035   -0.002947   -0.001032  
      2.044324  2.891089  5.007287    -0.001301   -0.003149    0.000550  
      2.170267  0.000130  6.779292     0.007582    0.001364    0.001153  
      4.251409  3.076817  1.694715    -0.054007    0.051696   -0.005772  
      4.151550  5.871112  3.389505    -0.027916   -0.009204   -0.076847  
      1.383876  1.957084  3.389611     0.043468   -0.067759    0.021914  
      4.151542  0.000100  6.779265    -0.002269    0.047015   -0.007693  
      1.283971  4.963231  1.572378    -0.018585   -0.003007    0.015244  
     -1.483656  0.837340  5.084502    -0.054027    0.051706   -0.005774  
      1.283950  2.027682  0.122291     0.017094   -0.006285   -0.008176  
      1.483744 -0.837217  1.694812     0.010892    0.005795    0.077040  
      4.051646  3.006245  4.962025     0.002233   -0.058678   -0.033908  
     -1.483661  3.984776  3.511966     0.010049    0.008515   -0.022464  
      1.284000  4.751385  5.084395     0.010901    0.005806    0.077054  
      1.483813  1.886490  6.656931     0.017100   -0.006281   -0.008163  
      4.251393 -0.070603  3.267260     0.010055    0.008547   -0.022484  
      1.483765 -1.049066  5.206845    -0.018585   -0.003001    0.015233  
     -1.283903  0.907920  1.817188     0.002239   -0.058679   -0.033895  
     -1.383715  3.914186  6.779263     0.029689    0.032501    0.033431  
 
  85 f  =   11.843614 THz    74.415620 2PiTHz  395.060433 cm-1    48.981229 meV
             X         Y         Z           dx          dy          dz
      3.375392  5.064220  1.583443    -0.008673    0.043873   -0.013960  
     -1.885782  2.913398  1.806051    -0.006141   -0.022598    0.022885  
      3.497608  7.689129  0.167701    -0.014955   -0.001074   -0.030514  
      0.729941 -1.742092  3.426074    -0.018017    0.041498    0.010282  
      3.649524 -1.063682  5.009619    -0.001350   -0.013825    0.031860  
      3.497602  1.881150  3.185318     0.034164   -0.012017    0.020138  
      0.607734  0.796438  4.991441     0.028805    0.004391    0.007934  
      3.375339  1.967512  0.204206    -0.015892   -0.001659   -0.034324  
     -4.653373  2.064634  6.742949    -0.003280   -0.010578    0.023483  
      6.083576 -2.784850  5.159316    -0.032255    0.036834   -0.014994  
     -2.219333  2.795514  5.177507     0.002159   -0.010436   -0.034171  
      0.548308  3.903600  3.221711     0.031197    0.000375    0.009914  
     -0.607628 -1.150056  5.195771    -0.008672    0.043889   -0.013973  
      4.653538  1.000780  4.973171    -0.006179   -0.022591    0.022890  
     -0.729846 -3.774957  6.611526    -0.014926   -0.001058   -0.030542  
      2.037828  5.656242  3.353134    -0.017993    0.041484    0.010297  
     -0.881771  4.977838  1.769597    -0.001372   -0.013828    0.031858  
     -0.729847  2.033015  3.593915     0.034178   -0.012024    0.020152  
      2.160004  3.117729  1.787787     0.028779    0.004366    0.007929  
      2.219447  0.010558  3.557508     0.031212    0.000341    0.009898  
      7.421126  1.849533  0.036282    -0.003305   -0.010599    0.023480  
     -3.315820  6.699001  1.619908    -0.032240    0.036858   -0.015028  
      4.987075  1.118654  1.601721     0.002176   -0.010427   -0.034128  
     -0.607587  1.946647  6.575029    -0.015908   -0.001643   -0.034327  
      0.723449  6.894140  1.617574     0.000219   -0.000413    0.005089  
      6.258728 -0.089030  3.389576     0.003463   -0.008179    0.000618  
      0.723429  1.023073  1.771935    -0.003829   -0.000514   -0.002884  
     -2.170109  0.000137  6.779349     0.000715    0.001746   -0.002625  
      2.044298 -2.979976  5.161644     0.000223   -0.000417    0.005090  
     -3.490979  4.003193  3.389648     0.003466   -0.008175    0.000625  
      2.044324  2.891089  5.007287    -0.003828   -0.000514   -0.002891  
      2.170267  0.000130  6.779292     0.000707    0.001746   -0.002627  
      4.251409  3.076817  1.694715    -0.030762    0.001655   -0.003746  
      4.151550  5.871112  3.389505    -0.003908    0.001432    0.021792  
      1.383876  1.957084  3.389611    -0.062736   -0.020562    0.038903  
      4.151542  0.000100  6.779265    -0.000214   -0.023010   -0.081061  
      1.283971  4.963231  1.572378     0.070413    0.015022   -0.034601  
     -1.483656  0.837340  5.084502    -0.030793    0.001704   -0.003745  
      1.283950  2.027682  0.122291    -0.044891   -0.022981   -0.036437  
      1.483744 -0.837217  1.694812    -0.007831   -0.014533    0.050405  
      4.051646  3.006245  4.962025     0.000970    0.043405    0.038451  
     -1.483661  3.984776  3.511966     0.009041    0.016397   -0.015127  
      1.284000  4.751385  5.084395    -0.007845   -0.014547    0.050414  
      1.483813  1.886490  6.656931    -0.044838   -0.022958   -0.036396  
      4.251393 -0.070603  3.267260     0.009054    0.016407   -0.015141  
      1.483765 -1.049066  5.206845     0.070436    0.015043   -0.034643  
     -1.283903  0.907920  1.817188     0.000989    0.043392    0.038464  
     -1.383715  3.914186  6.779263     0.070908   -0.009701    0.021778  
 
  86 f  =   11.511330 THz    72.327820 2PiTHz  383.976637 cm-1    47.607014 meV
             X         Y         Z           dx          dy          dz
      3.375392  5.064220  1.583443    -0.012808    0.026782   -0.004785  
     -1.885782  2.913398  1.806051    -0.036623   -0.005139    0.025939  
      3.497608  7.689129  0.167701    -0.001199    0.015334   -0.027245  
      0.729941 -1.742092  3.426074     0.053690   -0.036137    0.006989  
      3.649524 -1.063682  5.009619     0.004337    0.014030    0.028642  
      3.497602  1.881150  3.185318     0.027748   -0.009001   -0.009430  
      0.607734  0.796438  4.991441    -0.029107   -0.029200   -0.029806  
      3.375339  1.967512  0.204206    -0.018920    0.048628    0.009274  
     -4.653373  2.064634  6.742949    -0.047357   -0.018156   -0.006296  
      6.083576 -2.784850  5.159316     0.025075    0.011068   -0.042737  
     -2.219333  2.795514  5.177507     0.005217   -0.003722    0.063049  
      0.548308  3.903600  3.221711     0.003946   -0.030594   -0.028212  
     -0.607628 -1.150056  5.195771     0.012811   -0.026687    0.004758  
      4.653538  1.000780  4.973171     0.036639    0.005154   -0.025886  
     -0.729846 -3.774957  6.611526     0.001165   -0.015309    0.027200  
      2.037828  5.656242  3.353134    -0.053675    0.036190   -0.007020  
     -0.881771  4.977838  1.769597    -0.004238   -0.014050   -0.028601  
     -0.729847  2.033015  3.593915    -0.027708    0.009028    0.009470  
      2.160004  3.117729  1.787787     0.029129    0.029221    0.029814  
      2.219447  0.010558  3.557508    -0.003858    0.030639    0.028295  
      7.421126  1.849533  0.036282     0.047282    0.018164    0.006385  
     -3.315820  6.699001  1.619908    -0.025139   -0.010941    0.042737  
      4.987075  1.118654  1.601721    -0.005254    0.003725   -0.063059  
     -0.607587  1.946647  6.575029     0.018903   -0.048590   -0.009339  
      0.723449  6.894140  1.617574     0.006502   -0.003210    0.002746  
      6.258728 -0.089030  3.389576     0.002497   -0.001692    0.007279  
      0.723429  1.023073  1.771935    -0.002129   -0.001582   -0.010765  
     -2.170109  0.000137  6.779349    -0.009406    0.004878   -0.000694  
      2.044298 -2.979976  5.161644    -0.006497    0.003197   -0.002744  
     -3.490979  4.003193  3.389648    -0.002495    0.001673   -0.007286  
      2.044324  2.891089  5.007287     0.002118    0.001575    0.010758  
      2.170267  0.000130  6.779292     0.009403   -0.004881    0.000696  
      4.251409  3.076817  1.694715    -0.003809    0.048619    0.001493  
      4.151550  5.871112  3.389505    -0.000010   -0.000005    0.000020  
      1.383876  1.957084  3.389611    -0.000025    0.000010    0.000006  
      4.151542  0.000100  6.779265    -0.000002   -0.000006   -0.000060  
      1.283971  4.963231  1.572378     0.031196    0.023598   -0.046906  
     -1.483656  0.837340  5.084502     0.003813   -0.048593   -0.001499  
      1.283950  2.027682  0.122291     0.077312    0.025685    0.044573  
      1.483744 -0.837217  1.694812    -0.022526   -0.029980    0.039565  
      4.051646  3.006245  4.962025     0.016549   -0.064143   -0.015491  
     -1.483661  3.984776  3.511966     0.001638   -0.010037    0.010861  
      1.284000  4.751385  5.084395     0.022531    0.029983   -0.039551  
      1.483813  1.886490  6.656931    -0.077320   -0.025669   -0.044571  
      4.251393 -0.070603  3.267260    -0.001620    0.010036   -0.010858  
      1.483765 -1.049066  5.206845    -0.031196   -0.023597    0.046919  
     -1.283903  0.907920  1.817188    -0.016567    0.064118    0.015470  
     -1.383715  3.914186  6.779263     0.000043   -0.000002    0.000015  
 
  87 f  =   11.511302 THz    72.327643 2PiTHz  383.975698 cm-1    47.606898 meV
             X         Y         Z           dx          dy          dz
      3.375392  5.064220  1.583443     0.023635   -0.040836   -0.001948  
     -1.885782  2.913398  1.806051     0.042279   -0.013431    0.015703  
      3.497608  7.689129  0.167701    -0.053432   -0.009390    0.033383  
      0.729941 -1.742092  3.426074    -0.013886   -0.034111    0.005808  
      3.649524 -1.063682  5.009619     0.030334    0.027787    0.033705  
      3.497602  1.881150  3.185318     0.024200   -0.014573   -0.026021  
      0.607734  0.796438  4.991441     0.008421    0.022233   -0.057088  
      3.375339  1.967512  0.204206     0.000714    0.023329   -0.015248  
     -4.653373  2.064634  6.742949    -0.029628    0.036203   -0.001874  
      6.083576 -2.784850  5.159316     0.005131   -0.026467   -0.007361  
     -2.219333  2.795514  5.177507    -0.025393   -0.038897   -0.003667  
      0.548308  3.903600  3.221711     0.001843    0.038200    0.032795  
     -0.607628 -1.150056  5.195771    -0.023606    0.040765    0.001930  
      4.653538  1.000780  4.973171    -0.042161    0.013462   -0.015711  
     -0.729846 -3.774957  6.611526     0.053473    0.009458   -0.033452  
      2.037828  5.656242  3.353134     0.013911    0.034009   -0.005879  
     -0.881771  4.977838  1.769597    -0.030285   -0.027771   -0.033754  
     -0.729847  2.033015  3.593915    -0.024174    0.014544    0.026054  
      2.160004  3.117729  1.787787    -0.008418   -0.022292    0.057066  
      2.219447  0.010558  3.557508    -0.001866   -0.038256   -0.032827  
      7.421126  1.849533  0.036282     0.029709   -0.036181    0.001823  
     -3.315820  6.699001  1.619908    -0.005146    0.026472    0.007312  
      4.987075  1.118654  1.601721     0.025459    0.038929    0.003637  
     -0.607587  1.946647  6.575029    -0.000677   -0.023326    0.015275  
      0.723449  6.894140  1.617574    -0.001231    0.002888    0.008354  
      6.258728 -0.089030  3.389576     0.004866   -0.010855   -0.001762  
      0.723429  1.023073  1.771935    -0.007347    0.002200    0.000584  
     -2.170109  0.000137  6.779349     0.005051    0.002867   -0.006354  
      2.044298 -2.979976  5.161644     0.001222   -0.002894   -0.008349  
     -3.490979  4.003193  3.389648    -0.004874    0.010865    0.001768  
      2.044324  2.891089  5.007287     0.007339   -0.002194   -0.000577  
      2.170267  0.000130  6.779292    -0.005068   -0.002866    0.006362  
      4.251409  3.076817  1.694715     0.077442   -0.028330   -0.000344  
      4.151550  5.871112  3.389505    -0.000000    0.000001    0.000027  
      1.383876  1.957084  3.389611     0.000005    0.000032   -0.000021  
      4.151542  0.000100  6.779265     0.000002   -0.000020    0.000029  
      1.283971  4.963231  1.572378     0.025810   -0.014395    0.019615  
     -1.483656  0.837340  5.084502    -0.077457    0.028361    0.000348  
      1.283950  2.027682  0.122291    -0.008792   -0.018030   -0.023664  
      1.483744 -0.837217  1.694812    -0.009782   -0.019499   -0.019223  
      4.051646  3.006245  4.962025    -0.019450   -0.038813   -0.055521  
     -1.483661  3.984776  3.511966    -0.012229   -0.066962    0.055552  
      1.284000  4.751385  5.084395     0.009786    0.019506    0.019245  
      1.483813  1.886490  6.656931     0.008809    0.018036    0.023657  
      4.251393 -0.070603  3.267260     0.012248    0.066946   -0.055564  
      1.483765 -1.049066  5.206845    -0.025823    0.014370   -0.019609  
     -1.283903  0.907920  1.817188     0.019466    0.038806    0.055499  
     -1.383715  3.914186  6.779263    -0.000025   -0.000009   -0.000015  
 
  88 f  =   11.511160 THz    72.326754 2PiTHz  383.970983 cm-1    47.606313 meV
             X         Y         Z           dx          dy          dz
      3.375392  5.064220  1.583443     0.014130    0.030368    0.048681  
     -1.885782  2.913398  1.806051    -0.021526   -0.020666    0.038458  
      3.497608  7.689129  0.167701    -0.027989    0.010635   -0.026184  
      0.729941 -1.742092  3.426074     0.023796    0.020608    0.002226  
      3.649524 -1.063682  5.009619     0.051494    0.000574   -0.010299  
      3.497602  1.881150  3.185318    -0.047834   -0.029101   -0.032738  
      0.607734  0.796438  4.991441     0.001556    0.005978    0.012906  
      3.375339  1.967512  0.204206     0.023733    0.030867   -0.038999  
     -4.653373  2.064634  6.742949     0.021625   -0.036103    0.006682  
      6.083576 -2.784850  5.159316     0.004318   -0.055323    0.013499  
     -2.219333  2.795514  5.177507    -0.000925    0.010191   -0.018056  
      0.548308  3.903600  3.221711    -0.025587    0.031751   -0.025836  
     -0.607628 -1.150056  5.195771    -0.014155   -0.030354   -0.048678  
      4.653538  1.000780  4.973171     0.021520    0.020699   -0.038447  
     -0.729846 -3.774957  6.611526     0.027971   -0.010666    0.026199  
      2.037828  5.656242  3.353134    -0.023816   -0.020524   -0.002220  
     -0.881771  4.977838  1.769597    -0.051528   -0.000549    0.010304  
     -0.729847  2.033015  3.593915     0.047828    0.029135    0.032694  
      2.160004  3.117729  1.787787    -0.001569   -0.005977   -0.012966  
      2.219447  0.010558  3.557508     0.025641   -0.031690    0.025846  
      7.421126  1.849533  0.036282    -0.021694    0.036120   -0.006671  
     -3.315820  6.699001  1.619908    -0.004347    0.055346   -0.013494  
      4.987075  1.118654  1.601721     0.000910   -0.010172    0.018021  
     -0.607587  1.946647  6.575029    -0.023746   -0.030860    0.038934  
      0.723449  6.894140  1.617574     0.005009    0.007778   -0.006556  
      6.258728 -0.089030  3.389576    -0.006232   -0.004494    0.001540  
      0.723429  1.023073  1.771935    -0.003224   -0.008476   -0.002054  
     -2.170109  0.000137  6.779349     0.006101    0.005143    0.004200  
      2.044298 -2.979976  5.161644    -0.005003   -0.007779    0.006562  
     -3.490979  4.003193  3.389648     0.006237    0.004485   -0.001536  
      2.044324  2.891089  5.007287     0.003229    0.008470    0.002058  
      2.170267  0.000130  6.779292    -0.006094   -0.005152   -0.004197  
      4.251409  3.076817  1.694715     0.028594   -0.035529    0.003879  
      4.151550  5.871112  3.389505    -0.000011   -0.000004   -0.000000  
      1.383876  1.957084  3.389611    -0.000005   -0.000009    0.000007  
      4.151542  0.000100  6.779265    -0.000000    0.000021   -0.000006  
      1.283971  4.963231  1.572378    -0.072063   -0.017550    0.028084  
     -1.483656  0.837340  5.084502    -0.028600    0.035535   -0.003899  
      1.283950  2.027682  0.122291     0.027860   -0.013545   -0.027023  
      1.483744 -0.837217  1.694812     0.009148    0.008847    0.085393  
      4.051646  3.006245  4.962025     0.005880   -0.039956   -0.007299  
     -1.483661  3.984776  3.511966    -0.023135    0.052199    0.008576  
      1.284000  4.751385  5.084395    -0.009162   -0.008836   -0.085447  
      1.483813  1.886490  6.656931    -0.027796    0.013576    0.027059  
      4.251393 -0.070603  3.267260     0.023127   -0.052264   -0.008528  
      1.483765 -1.049066  5.206845     0.072035    0.017566   -0.028100  
     -1.283903  0.907920  1.817188    -0.005902    0.039955    0.007268  
     -1.383715  3.914186  6.779263    -0.000003    0.000004    0.000002  
 
  89 f  =   11.412604 THz    71.707507 2PiTHz  380.683498 cm-1    47.198717 meV
             X         Y         Z           dx          dy          dz
      3.375392  5.064220  1.583443    -0.009439   -0.073211   -0.000570  
     -1.885782  2.913398  1.806051     0.072705    0.035572    0.004092  
      3.497608  7.689129  0.167701     0.016685    0.012199   -0.052434  
      0.729941 -1.742092  3.426074    -0.024692    0.002694   -0.021589  
      3.649524 -1.063682  5.009619    -0.038731    0.045009   -0.019723  
      3.497602  1.881150  3.185318     0.017032   -0.019248   -0.016286  
      0.607734  0.796438  4.991441    -0.008029   -0.067614   -0.068750  
      3.375339  1.967512  0.204206     0.025765   -0.003882   -0.025046  
     -4.653373  2.064634  6.742949    -0.012666    0.024011   -0.016562  
      6.083576 -2.784850  5.159316    -0.059151    0.031336   -0.021484  
     -2.219333  2.795514  5.177507     0.057095    0.033177   -0.066244  
      0.548308  3.903600  3.221711     0.001227   -0.017757   -0.048155  
     -0.607628 -1.150056  5.195771    -0.009419   -0.073234   -0.000555  
      4.653538  1.000780  4.973171     0.072739    0.035555    0.004112  
     -0.729846 -3.774957  6.611526     0.016641    0.012194   -0.052415  
      2.037828  5.656242  3.353134    -0.024702    0.002677   -0.021590  
     -0.881771  4.977838  1.769597    -0.038703    0.045035   -0.019709  
     -0.729847  2.033015  3.593915     0.017025   -0.019261   -0.016321  
      2.160004  3.117729  1.787787    -0.008009   -0.067600   -0.068782  
      2.219447  0.010558  3.557508     0.001225   -0.017710   -0.048130  
      7.421126  1.849533  0.036282    -0.012682    0.024025   -0.016551  
     -3.315820  6.699001  1.619908    -0.059141    0.031302   -0.021486  
      4.987075  1.118654  1.601721     0.057074    0.033151   -0.066257  
     -0.607587  1.946647  6.575029     0.025769   -0.003855   -0.025063  
      0.723449  6.894140  1.617574    -0.003152   -0.002794    0.011777  
      6.258728 -0.089030  3.389576    -0.000075    0.000419    0.006808  
      0.723429  1.023073  1.771935     0.000805    0.002949    0.011313  
     -2.170109  0.000137  6.779349    -0.001505   -0.000809    0.006726  
      2.044298 -2.979976  5.161644    -0.003153   -0.002789    0.011781  
     -3.490979  4.003193  3.389648    -0.000074    0.000409    0.006807  
      2.044324  2.891089  5.007287     0.000801    0.002949    0.011314  
      2.170267  0.000130  6.779292    -0.001499   -0.000806    0.006724  
      4.251409  3.076817  1.694715    -0.044811    0.033763   -0.010792  
      4.151550  5.871112  3.389505     0.042506    0.015099   -0.013290  
      1.383876  1.957084  3.389611    -0.013526    0.025676   -0.007118  
      4.151542  0.000100  6.779265    -0.000247   -0.043152   -0.018062  
      1.283971  4.963231  1.572378    -0.003749   -0.001497   -0.021132  
     -1.483656  0.837340  5.084502    -0.044749    0.033735   -0.010791  
      1.283950  2.027682  0.122291     0.044240    0.005137    0.005600  
      1.483744 -0.837217  1.694812    -0.006659    0.006816    0.037200  
      4.051646  3.006245  4.962025     0.000273   -0.002980   -0.025244  
     -1.483661  3.984776  3.511966     0.011629   -0.041117    0.005636  
      1.284000  4.751385  5.084395    -0.006661    0.006807    0.037211  
      1.483813  1.886490  6.656931     0.044235    0.005119    0.005574  
      4.251393 -0.070603  3.267260     0.011617   -0.041142    0.005672  
      1.483765 -1.049066  5.206845    -0.003752   -0.001511   -0.021110  
     -1.283903  0.907920  1.817188     0.000262   -0.003014   -0.025281  
     -1.383715  3.914186  6.779263    -0.023977    0.002657   -0.005851  
 
  90 f  =   11.412564 THz    71.707252 2PiTHz  380.682145 cm-1    47.198549 meV
             X         Y         Z           dx          dy          dz
      3.375392  5.064220  1.583443    -0.000222    0.058763   -0.035027  
     -1.885782  2.913398  1.806051     0.046661    0.014546    0.034670  
      3.497608  7.689129  0.167701    -0.004361    0.055238   -0.028682  
      0.729941 -1.742092  3.426074     0.018100   -0.010269   -0.036441  
      3.649524 -1.063682  5.009619     0.081667   -0.005282    0.014345  
      3.497602  1.881150  3.185318     0.034913    0.029317    0.067163  
      0.607734  0.796438  4.991441     0.032340   -0.015998   -0.014046  
      3.375339  1.967512  0.204206     0.012911    0.043560   -0.063648  
     -4.653373  2.064634  6.742949    -0.013099    0.010630    0.038694  
      6.083576 -2.784850  5.159316    -0.024309    0.071447   -0.011830  
     -2.219333  2.795514  5.177507    -0.033624    0.020840    0.023445  
      0.548308  3.903600  3.221711     0.053402    0.016223    0.035125  
     -0.607628 -1.150056  5.195771    -0.000227    0.058789   -0.035024  
      4.653538  1.000780  4.973171     0.046644    0.014528    0.034708  
     -0.729846 -3.774957  6.611526    -0.004387    0.055248   -0.028719  
      2.037828  5.656242  3.353134     0.018142   -0.010300   -0.036443  
     -0.881771  4.977838  1.769597     0.081687   -0.005265    0.014381  
     -0.729847  2.033015  3.593915     0.034945    0.029312    0.067131  
      2.160004  3.117729  1.787787     0.032318   -0.016026   -0.014088  
      2.219447  0.010558  3.557508     0.053390    0.016198    0.035098  
      7.421126  1.849533  0.036282    -0.013147    0.010621    0.038694  
     -3.315820  6.699001  1.619908    -0.024267    0.071431   -0.011854  
      4.987075  1.118654  1.601721    -0.033630    0.020834    0.023522  
     -0.607587  1.946647  6.575029     0.012891    0.043624   -0.063650  
      0.723449  6.894140  1.617574    -0.004639   -0.007692    0.002662  
      6.258728 -0.089030  3.389576    -0.002541   -0.009505    0.000168  
      0.723429  1.023073  1.771935    -0.005923   -0.007345   -0.004216  
     -2.170109  0.000137  6.779349    -0.008114   -0.005463   -0.001079  
      2.044298 -2.979976  5.161644    -0.004636   -0.007693    0.002663  
     -3.490979  4.003193  3.389648    -0.002536   -0.009509    0.000176  
      2.044324  2.891089  5.007287    -0.005928   -0.007349   -0.004228  
      2.170267  0.000130  6.779292    -0.008121   -0.005456   -0.001078  
      4.251409  3.076817  1.694715     0.017684    0.018757    0.000786  
      4.151550  5.871112  3.389505     0.011425    0.002629    0.036641  
      1.383876  1.957084  3.389611    -0.021522    0.028064   -0.009201  
      4.151542  0.000100  6.779265    -0.001328    0.017468   -0.034236  
      1.283971  4.963231  1.572378    -0.049743   -0.016886    0.032598  
     -1.483656  0.837340  5.084502     0.017699    0.018792    0.000787  
      1.283950  2.027682  0.122291     0.008808    0.017343   -0.001103  
      1.483744 -0.837217  1.694812     0.015320    0.020461   -0.002238  
      4.051646  3.006245  4.962025     0.000849   -0.052693   -0.029414  
     -1.483661  3.984776  3.511966     0.012085    0.020179   -0.000073  
      1.284000  4.751385  5.084395     0.015296    0.020431   -0.002192  
      1.483813  1.886490  6.656931     0.008883    0.017361   -0.001069  
      4.251393 -0.070603  3.267260     0.012084    0.020159   -0.000051  
      1.483765 -1.049066  5.206845    -0.049706   -0.016864    0.032553  
     -1.283903  0.907920  1.817188     0.000861   -0.052766   -0.029435  
     -1.383715  3.914186  6.779263     0.037101   -0.011825    0.009793  
 
  91 f  =   11.412496 THz    71.706829 2PiTHz  380.679901 cm-1    47.198271 meV
             X         Y         Z           dx          dy          dz
      3.375392  5.064220  1.583443    -0.033527    0.030656    0.009125  
     -1.885782  2.913398  1.806051    -0.039493    0.021588    0.009526  
      3.497608  7.689129  0.167701    -0.035684   -0.055853    0.028681  
      0.729941 -1.742092  3.426074    -0.025145    0.089836    0.027038  
      3.649524 -1.063682  5.009619    -0.029304    0.012449    0.021148  
      3.497602  1.881150  3.185318    -0.007665    0.018221   -0.066128  
      0.607734  0.796438  4.991441    -0.010187    0.010040   -0.034850  
      3.375339  1.967512  0.204206    -0.019579    0.001640   -0.066851  
     -4.653373  2.064634  6.742949    -0.093273   -0.006098    0.027460  
      6.083576 -2.784850  5.159316    -0.021815    0.024311    0.021002  
     -2.219333  2.795514  5.177507    -0.013184    0.006531   -0.034632  
      0.548308  3.903600  3.221711     0.041358    0.052405    0.029031  
     -0.607628 -1.150056  5.195771    -0.033533    0.030745    0.009171  
      4.653538  1.000780  4.973171    -0.039571    0.021575    0.009555  
     -0.729846 -3.774957  6.611526    -0.035657   -0.055825    0.028622  
      2.037828  5.656242  3.353134    -0.025091    0.089868    0.027035  
     -0.881771  4.977838  1.769597    -0.029286    0.012441    0.021126  
     -0.729847  2.033015  3.593915    -0.007714    0.018196   -0.066131  
      2.160004  3.117729  1.787787    -0.010216    0.010004   -0.034814  
      2.219447  0.010558  3.557508     0.041334    0.052398    0.028976  
      7.421126  1.849533  0.036282    -0.093254   -0.006169    0.027464  
     -3.315820  6.699001  1.619908    -0.021813    0.024293    0.021000  
      4.987075  1.118654  1.601721    -0.013162    0.006568   -0.034619  
     -0.607587  1.946647  6.575029    -0.019575    0.001667   -0.066868  
      0.723449  6.894140  1.617574     0.005641   -0.003644    0.001433  
      6.258728 -0.089030  3.389576     0.007545   -0.009545    0.000120  
      0.723429  1.023073  1.771935     0.005247   -0.004183    0.001394  
     -2.170109  0.000137  6.779349     0.011424   -0.003989    0.000114  
      2.044298 -2.979976  5.161644     0.005648   -0.003640    0.001423  
     -3.490979  4.003193  3.389648     0.007537   -0.009541    0.000127  
      2.044324  2.891089  5.007287     0.005247   -0.004195    0.001387  
      2.170267  0.000130  6.779292     0.011418   -0.003986    0.000122  
      4.251409  3.076817  1.694715     0.023249   -0.016256   -0.011349  
      4.151550  5.871112  3.389505    -0.005598   -0.003978   -0.026332  
      1.383876  1.957084  3.389611    -0.036368   -0.016608    0.024621  
      4.151542  0.000100  6.779265     0.001871    0.006742   -0.026731  
      1.283971  4.963231  1.572378    -0.019227    0.013912   -0.003871  
     -1.483656  0.837340  5.084502     0.023218   -0.016248   -0.011341  
      1.283950  2.027682  0.122291     0.028636    0.020942    0.034683  
      1.483744 -0.837217  1.694812    -0.010169    0.007354   -0.050734  
      4.051646  3.006245  4.962025    -0.019541    0.012958   -0.004222  
     -1.483661  3.984776  3.511966    -0.010045   -0.033873    0.034711  
      1.284000  4.751385  5.084395    -0.010162    0.007361   -0.050625  
      1.483813  1.886490  6.656931     0.028696    0.020954    0.034695  
      4.251393 -0.070603  3.267260    -0.010057   -0.033776    0.034673  
      1.483765 -1.049066  5.206845    -0.019301    0.013915   -0.003874  
     -1.283903  0.907920  1.817188    -0.019515    0.012927   -0.004191  
     -1.383715  3.914186  6.779263     0.003942    0.039700    0.024730  
 
  92 f  =   11.046227 THz    69.405492 2PiTHz  368.462474 cm-1    45.683504 meV
             X         Y         Z           dx          dy          dz
      3.375392  5.064220  1.583443    -0.038668    0.048702   -0.021277  
     -1.885782  2.913398  1.806051     0.058803   -0.020215    0.021274  
      3.497608  7.689129  0.167701     0.007297   -0.026523    0.059672  
      0.729941 -1.742092  3.426074    -0.023422   -0.000175    0.037855  
      3.649524 -1.063682  5.009619    -0.066461    0.030027   -0.009951  
      3.497602  1.881150  3.185318     0.016162    0.005550    0.071597  
      0.607734  0.796438  4.991441     0.038795   -0.010715   -0.019066  
      3.375339  1.967512  0.204206    -0.000142    0.017070   -0.071597  
     -4.653373  2.064634  6.742949     0.007647   -0.022156   -0.037860  
      6.083576 -2.784850  5.159316     0.050469   -0.052653    0.009965  
     -2.219333  2.795514  5.177507    -0.023015    0.033019    0.019048  
      0.548308  3.903600  3.221711    -0.027434   -0.001963   -0.059689  
     -0.607628 -1.150056  5.195771    -0.038659    0.048691   -0.021272  
      4.653538  1.000780  4.973171     0.058818   -0.020218    0.021272  
     -0.729846 -3.774957  6.611526     0.007301   -0.026528    0.059685  
      2.037828  5.656242  3.353134    -0.023448   -0.000151    0.037863  
     -0.881771  4.977838  1.769597    -0.066459    0.030017   -0.009979  
     -0.729847  2.033015  3.593915     0.016133    0.005564    0.071599  
      2.160004  3.117729  1.787787     0.038809   -0.010704   -0.019035  
      2.219447  0.010558  3.557508    -0.027435   -0.001956   -0.059678  
      7.421126  1.849533  0.036282     0.007676   -0.022158   -0.037859  
     -3.315820  6.699001  1.619908     0.050455   -0.052650    0.009979  
      4.987075  1.118654  1.601721    -0.023005    0.033021    0.019018  
     -0.607587  1.946647  6.575029    -0.000135    0.017054   -0.071611  
      0.723449  6.894140  1.617574    -0.013617    0.006008   -0.002086  
      6.258728 -0.089030  3.389576     0.003413    0.001205    0.014587  
      0.723429  1.023073  1.771935     0.010203   -0.010834    0.002087  
     -2.170109  0.000137  6.779349    -0.000004    0.003622   -0.014587  
      2.044298 -2.979976  5.161644    -0.013617    0.006009   -0.002090  
     -3.490979  4.003193  3.389648     0.003411    0.001208    0.014586  
      2.044324  2.891089  5.007287     0.010203   -0.010833    0.002093  
      2.170267  0.000130  6.779292     0.000003    0.003618   -0.014586  
      4.251409  3.076817  1.694715    -0.000582   -0.000821   -0.000001  
      4.151550  5.871112  3.389505     0.031777    0.011233   -0.051233  
      1.383876  1.957084  3.389611    -0.057724    0.007110    0.019462  
      4.151542  0.000100  6.779265     0.000001    0.033683    0.051229  
      1.283971  4.963231  1.572378    -0.016899    0.011958   -0.020711  
     -1.483656  0.837340  5.084502    -0.000589   -0.000836   -0.000004  
      1.283950  2.027682  0.122291     0.017493   -0.012364   -0.021418  
      1.483744 -0.837217  1.694812     0.000576    0.000821    0.000002  
      4.051646  3.006245  4.962025     0.016909   -0.011962    0.020703  
     -1.483661  3.984776  3.511966    -0.017489    0.012367    0.021421  
      1.284000  4.751385  5.084395     0.000589    0.000837   -0.000009  
      1.483813  1.886490  6.656931     0.017492   -0.012360   -0.021418  
      4.251393 -0.070603  3.267260    -0.017490    0.012376    0.021417  
      1.483765 -1.049066  5.206845    -0.016915    0.011947   -0.020692  
     -1.283903  0.907920  1.817188     0.016901   -0.011927    0.020713  
     -1.383715  3.914186  6.779263     0.025938   -0.052057   -0.019464  
 
  93 f  =   11.046103 THz    69.404713 2PiTHz  368.458343 cm-1    45.682992 meV
             X         Y         Z           dx          dy          dz
      3.375392  5.064220  1.583443     0.022479    0.053330   -0.011969  
     -1.885782  2.913398  1.806051     0.042808    0.038972    0.011994  
      3.497608  7.689129  0.167701    -0.022842   -0.053079    0.012429  
      0.729941 -1.742092  3.426074     0.005097   -0.074908   -0.013926  
      3.649524 -1.063682  5.009619     0.029500    0.007736   -0.038265  
      3.497602  1.881150  3.185318     0.017744   -0.041170   -0.019643  
      0.607734  0.796438  4.991441     0.022247    0.055565    0.047432  
      3.375339  1.967512  0.204206    -0.044721    0.003002    0.019668  
     -4.653373  2.064634  6.742949    -0.072293   -0.020155    0.013921  
      6.083576 -2.784850  5.159316    -0.002541    0.030409    0.038254  
     -2.219333  2.795514  5.177507     0.044976    0.039502   -0.047427  
      0.548308  3.903600  3.221711    -0.042433   -0.039241   -0.012439  
     -0.607628 -1.150056  5.195771     0.022493    0.053322   -0.011978  
      4.653538  1.000780  4.973171     0.042795    0.038969    0.011981  
     -0.729846 -3.774957  6.611526    -0.022845   -0.053074    0.012436  
      2.037828  5.656242  3.353134     0.005094   -0.074911   -0.013904  
     -0.881771  4.977838  1.769597     0.029531    0.007732   -0.038250  
     -0.729847  2.033015  3.593915     0.017763   -0.041172   -0.019626  
      2.160004  3.117729  1.787787     0.022232    0.055565    0.047412  
      2.219447  0.010558  3.557508    -0.042442   -0.039246   -0.012458  
      7.421126  1.849533  0.036282    -0.072313   -0.020148    0.013907  
     -3.315820  6.699001  1.619908    -0.002543    0.030414    0.038241  
      4.987075  1.118654  1.601721     0.044991    0.039489   -0.047427  
     -0.607587  1.946647  6.575029    -0.044737    0.003013    0.019660  
      0.723449  6.894140  1.617574    -0.003921   -0.011814   -0.008421  
      6.258728 -0.089030  3.389576     0.013751    0.004863   -0.003620  
      0.723429  1.023073  1.771935    -0.009831   -0.007634    0.008424  
     -2.170109  0.000137  6.779349    -0.000000    0.014587    0.003620  
      2.044298 -2.979976  5.161644    -0.003918   -0.011814   -0.008421  
     -3.490979  4.003193  3.389648     0.013752    0.004863   -0.003618  
      2.044324  2.891089  5.007287    -0.009834   -0.007632    0.008423  
      2.170267  0.000130  6.779292    -0.000001    0.014586    0.003615  
      4.251409  3.076817  1.694715     0.019847    0.028081    0.000001  
      4.151550  5.871112  3.389505    -0.048297   -0.017075   -0.033706  
      1.383876  1.957084  3.389611    -0.003355    0.053611   -0.029584  
      4.151542  0.000100  6.779265    -0.000001   -0.051246    0.033703  
      1.283971  4.963231  1.572378    -0.010442    0.007377   -0.012780  
     -1.483656  0.837340  5.084502     0.019852    0.028096    0.000002  
      1.283950  2.027682  0.122291    -0.009423    0.006662    0.011536  
      1.483744 -0.837217  1.694812    -0.019852   -0.028083    0.000012  
      4.051646  3.006245  4.962025     0.010439   -0.007365    0.012786  
     -1.483661  3.984776  3.511966     0.009425   -0.006649   -0.011550  
      1.284000  4.751385  5.084395    -0.019862   -0.028094    0.000004  
      1.483813  1.886490  6.656931    -0.009419    0.006664    0.011543  
      4.251393 -0.070603  3.267260     0.009423   -0.006675   -0.011540  
      1.483765 -1.049066  5.206845    -0.010425    0.007382   -0.012789  
     -1.283903  0.907920  1.817188     0.010440   -0.007371    0.012780  
     -1.383715  3.914186  6.779263     0.051646    0.014696    0.029568  
 
  94 f  =   10.648413 THz    66.905955 2PiTHz  355.192839 cm-1    44.038280 meV
             X         Y         Z           dx          dy          dz
      3.375392  5.064220  1.583443     0.040738    0.013531    0.015087  
     -1.885782  2.913398  1.806051    -0.000927    0.042942   -0.015087  
      3.497608  7.689129  0.167701    -0.032200   -0.019446   -0.025554  
      0.729941 -1.742092  3.426074    -0.061296    0.036499    0.001101  
      3.649524 -1.063682  5.009619    -0.053997   -0.013407   -0.084736  
      3.497602  1.881150  3.185318     0.093497   -0.014549    0.036251  
      0.607734  0.796438  4.991441     0.004154    0.003910   -0.071126  
      3.375339  1.967512  0.204206    -0.044884    0.083365   -0.036350  
     -4.653373  2.064634  6.742949     0.054881   -0.045543   -0.001091  
      6.083576 -2.784850  5.159316     0.005310   -0.055348    0.084694  
     -2.219333  2.795514  5.177507     0.002280    0.005136    0.071064  
      0.548308  3.903600  3.221711    -0.007602   -0.036911    0.025485  
     -0.607628 -1.150056  5.195771    -0.040783   -0.013395   -0.015100  
      4.653538  1.000780  4.973171     0.000836   -0.042902    0.015080  
     -0.729846 -3.774957  6.611526     0.032289    0.019525    0.025457  
      2.037828  5.656242  3.353134     0.061209   -0.036503   -0.001099  
     -0.881771  4.977838  1.769597     0.053979    0.013448    0.084734  
     -0.729847  2.033015  3.593915    -0.093515    0.014530   -0.036339  
      2.160004  3.117729  1.787787    -0.004069   -0.003854    0.071095  
      2.219447  0.010558  3.557508     0.007600    0.036856   -0.025562  
      7.421126  1.849533  0.036282    -0.054819    0.045620    0.001105  
     -3.315820  6.699001  1.619908    -0.005337    0.055372   -0.084764  
      4.987075  1.118654  1.601721    -0.002288   -0.005190   -0.071171  
     -0.607587  1.946647  6.575029     0.044857   -0.083277    0.036265  
      0.723449  6.894140  1.617574    -0.015112    0.005314   -0.003082  
      6.258728 -0.089030  3.389576     0.005074    0.001781    0.015415  
      0.723429  1.023073  1.771935     0.010042   -0.012477    0.003112  
     -2.170109  0.000137  6.779349    -0.000000    0.005352   -0.015406  
      2.044298 -2.979976  5.161644     0.015113   -0.005318    0.003111  
     -3.490979  4.003193  3.389648    -0.005048   -0.001788   -0.015400  
      2.044324  2.891089  5.007287    -0.010062    0.012474   -0.003086  
      2.170267  0.000130  6.779292     0.000003   -0.005385    0.015406  
      4.251409  3.076817  1.694715    -0.003112   -0.004334   -0.000014  
      4.151550  5.871112  3.389505    -0.000067   -0.000019    0.000056  
      1.383876  1.957084  3.389611     0.000056   -0.000073    0.000014  
      4.151542  0.000100  6.779265    -0.000002    0.000021    0.000098  
      1.283971  4.963231  1.572378     0.004004   -0.002818    0.004878  
     -1.483656  0.837340  5.084502     0.003057    0.004390   -0.000014  
      1.283950  2.027682  0.122291    -0.007082    0.005014    0.008666  
      1.483744 -0.837217  1.694812    -0.003096   -0.004358   -0.000042  
      4.051646  3.006245  4.962025     0.003992   -0.002831    0.004871  
     -1.483661  3.984776  3.511966    -0.007076    0.005051    0.008653  
      1.284000  4.751385  5.084395     0.003083    0.004382   -0.000059  
      1.483813  1.886490  6.656931     0.007094   -0.005000   -0.008677  
      4.251393 -0.070603  3.267260     0.007087   -0.004989   -0.008692  
      1.483765 -1.049066  5.206845    -0.003987    0.002838   -0.004923  
     -1.283903  0.907920  1.817188    -0.003998    0.002821   -0.004911  
     -1.383715  3.914186  6.779263     0.000031   -0.000030   -0.000014  
 
  95 f  =   10.648397 THz    66.905849 2PiTHz  355.192276 cm-1    44.038210 meV
             X         Y         Z           dx          dy          dz
      3.375392  5.064220  1.583443    -0.028242   -0.076548   -0.053595  
     -1.885782  2.913398  1.806051    -0.062828   -0.052209    0.053694  
      3.497608  7.689129  0.167701     0.089346    0.033500   -0.021241  
      0.729941 -1.742092  3.426074    -0.072707    0.006943    0.034884  
      3.649524 -1.063682  5.009619     0.032095    0.017465   -0.002656  
      3.497602  1.881150  3.185318    -0.016666   -0.028344   -0.016175  
      0.607734  0.796438  4.991441     0.049472    0.009642   -0.063122  
      3.375339  1.967512  0.204206    -0.021240   -0.025226    0.016247  
     -4.653373  2.064634  6.742949     0.030691   -0.066124   -0.034820  
      6.083576 -2.784850  5.159316     0.005711    0.036268    0.002622  
     -2.219333  2.795514  5.177507    -0.007477    0.049817    0.063171  
      0.548308  3.903600  3.221711     0.001733    0.095454    0.021096  
     -0.607628 -1.150056  5.195771     0.028315    0.076753    0.053700  
      4.653538  1.000780  4.973171     0.062831    0.052194   -0.053599  
     -0.729846 -3.774957  6.611526    -0.089356   -0.033382    0.021079  
      2.037828  5.656242  3.353134     0.072511   -0.006748   -0.034826  
     -0.881771  4.977838  1.769597    -0.032313   -0.017416    0.002741  
     -0.729847  2.033015  3.593915     0.016819    0.028383    0.016228  
      2.160004  3.117729  1.787787    -0.049398   -0.009493    0.063318  
      2.219447  0.010558  3.557508    -0.001745   -0.095318   -0.021196  
      7.421126  1.849533  0.036282    -0.030593    0.066214    0.034890  
     -3.315820  6.699001  1.619908    -0.005745   -0.036070   -0.002784  
      4.987075  1.118654  1.601721     0.007451   -0.049778   -0.063283  
     -0.607587  1.946647  6.575029     0.021079    0.025264   -0.016141  
      0.723449  6.894140  1.617574     0.002907    0.013356    0.008903  
      6.258728 -0.089030  3.389576    -0.014524   -0.005160    0.005370  
      0.723429  1.023073  1.771935     0.011630    0.007152   -0.008893  
     -2.170109  0.000137  6.779349     0.000007   -0.015420   -0.005397  
      2.044298 -2.979976  5.161644    -0.002857   -0.013387   -0.008884  
     -3.490979  4.003193  3.389648     0.014528    0.005110   -0.005368  
      2.044324  2.891089  5.007287    -0.011662   -0.007198    0.008901  
      2.170267  0.000130  6.779292     0.000003    0.015397    0.005340  
      4.251409  3.076817  1.694715    -0.006431   -0.009004   -0.000008  
      4.151550  5.871112  3.389505     0.000000    0.000018   -0.000042  
      1.383876  1.957084  3.389611     0.000147   -0.000064   -0.000011  
      4.151542  0.000100  6.779265    -0.000003   -0.000159    0.000106  
      1.283971  4.963231  1.572378    -0.005908    0.004162   -0.007174  
     -1.483656  0.837340  5.084502     0.006374    0.009094   -0.000004  
      1.283950  2.027682  0.122291    -0.000494    0.000411    0.000676  
      1.483744 -0.837217  1.694812    -0.006396   -0.009019   -0.000029  
      4.051646  3.006245  4.962025    -0.005889    0.004224   -0.007153  
     -1.483661  3.984776  3.511966    -0.000526    0.000453    0.000628  
      1.284000  4.751385  5.084395     0.006396    0.009068   -0.000017  
      1.483813  1.886490  6.656931     0.000557   -0.000327   -0.000610  
      4.251393 -0.070603  3.267260     0.000530   -0.000290   -0.000661  
      1.483765 -1.049066  5.206845     0.005825   -0.004141    0.007220  
     -1.283903  0.907920  1.817188     0.005854   -0.004084    0.007231  
     -1.383715  3.914186  6.779263    -0.000086   -0.000123   -0.000111  
 
  96 f  =   10.633744 THz    66.813781 2PiTHz  354.703504 cm-1    43.977610 meV
             X         Y         Z           dx          dy          dz
      3.375392  5.064220  1.583443     0.002219    0.060296    0.023677  
     -1.885782  2.913398  1.806051    -0.042995   -0.012211    0.022909  
      3.497608  7.689129  0.167701     0.000858    0.028872   -0.055737  
      0.729941 -1.742092  3.426074    -0.052266    0.010930    0.017899  
      3.649524 -1.063682  5.009619    -0.060825    0.009581   -0.008967  
      3.497602  1.881150  3.185318     0.004091    0.017551   -0.000457  
      0.607734  0.796438  4.991441     0.022424    0.036974    0.009867  
      3.375339  1.967512  0.204206    -0.027769    0.004683    0.004287  
     -4.653373  2.064634  6.742949    -0.001547    0.044353    0.018967  
      6.083576 -2.784850  5.159316    -0.022892    0.054995   -0.027799  
     -2.219333  2.795514  5.177507    -0.020107   -0.021700   -0.012841  
      0.548308  3.903600  3.221711    -0.018481    0.002343   -0.050986  
     -0.607628 -1.150056  5.195771     0.002176    0.060073    0.023546  
      4.653538  1.000780  4.973171    -0.043216   -0.012319    0.023069  
     -0.729846 -3.774957  6.611526     0.001096    0.028928   -0.055818  
      2.037828  5.656242  3.353134    -0.052560    0.010985    0.018007  
     -0.881771  4.977838  1.769597    -0.060811    0.009632   -0.009102  
     -0.729847  2.033015  3.593915     0.004159    0.017440   -0.000449  
      2.160004  3.117729  1.787787     0.022588    0.037014    0.009578  
      2.219447  0.010558  3.557508    -0.018475    0.002600   -0.050875  
      7.421126  1.849533  0.036282    -0.001333    0.044076    0.018848  
     -3.315820  6.699001  1.619908    -0.022893    0.055058   -0.027684  
      4.987075  1.118654  1.601721    -0.020115   -0.021528   -0.012553  
     -0.607587  1.946647  6.575029    -0.027890    0.004719    0.004286  
      0.723449  6.894140  1.617574     0.012030    0.000886    0.009514  
      6.258728 -0.089030  3.389576     0.009178   -0.008736   -0.003377  
      0.723429  1.023073  1.771935    -0.002834   -0.012529    0.008816  
     -2.170109  0.000137  6.779349     0.008303   -0.008684   -0.007693  
      2.044298 -2.979976  5.161644     0.012022    0.000934    0.009541  
     -3.490979  4.003193  3.389648     0.009135   -0.008748   -0.003339  
      2.044324  2.891089  5.007287    -0.002779   -0.012522    0.008797  
      2.170267  0.000130  6.779292     0.008304   -0.008722   -0.007730  
      4.251409  3.076817  1.694715    -0.035032    0.029047   -0.009500  
      4.151550  5.871112  3.389505     0.009708    0.011711    0.038451  
      1.383876  1.957084  3.389611     0.089764   -0.015755   -0.027846  
      4.151542  0.000100  6.779265    -0.005736   -0.035462    0.061723  
      1.283971  4.963231  1.572378    -0.027011    0.005750    0.006300  
     -1.483656  0.837340  5.084502    -0.035064    0.029011   -0.009503  
      1.283950  2.027682  0.122291    -0.005675    0.008054    0.003735  
      1.483744 -0.837217  1.694812    -0.008273    0.010133   -0.031313  
      4.051646  3.006245  4.962025    -0.013476    0.028469    0.008362  
     -1.483661  3.984776  3.511966    -0.004854    0.021372   -0.003281  
      1.284000  4.751385  5.084395    -0.008291    0.010099   -0.031294  
      1.483813  1.886490  6.656931    -0.005684    0.008067    0.003747  
      4.251393 -0.070603  3.267260    -0.004865    0.021392   -0.003273  
      1.483765 -1.049066  5.206845    -0.027034    0.005757    0.006294  
     -1.283903  0.907920  1.817188    -0.013486    0.028464    0.008333  
     -1.383715  3.914186  6.779263     0.015879   -0.079912   -0.042482  
 
  97 f  =   10.633637 THz    66.813113 2PiTHz  354.699956 cm-1    43.977170 meV
             X         Y         Z           dx          dy          dz
      3.375392  5.064220  1.583443     0.003054    0.030980   -0.009510  
     -1.885782  2.913398  1.806051     0.031181    0.032140   -0.012454  
      3.497608  7.689129  0.167701     0.033687    0.026801   -0.002854  
      0.729941 -1.742092  3.426074    -0.014894    0.049010   -0.008575  
      3.649524 -1.063682  5.009619     0.017362    0.015343    0.044408  
      3.497602  1.881150  3.185318     0.034310   -0.026066   -0.024673  
      0.607734  0.796438  4.991441     0.022686    0.018583    0.042512  
      3.375339  1.967512  0.204206    -0.022233    0.042499   -0.002890  
     -4.653373  2.064634  6.742949     0.069709   -0.009259   -0.004120  
      6.083576 -2.784850  5.159316     0.020841   -0.017447   -0.041512  
     -2.219333  2.795514  5.177507     0.023430    0.027131   -0.060552  
      0.548308  3.903600  3.221711     0.024741    0.018959    0.019330  
     -0.607628 -1.150056  5.195771     0.003042    0.030856   -0.009593  
      4.653538  1.000780  4.973171     0.031044    0.032083   -0.012375  
     -0.729846 -3.774957  6.611526     0.033812    0.026839   -0.002892  
      2.037828  5.656242  3.353134    -0.015068    0.049053   -0.008509  
     -0.881771  4.977838  1.769597     0.017374    0.015370    0.044338  
     -0.729847  2.033015  3.593915     0.034369   -0.026138   -0.024645  
      2.160004  3.117729  1.787787     0.022774    0.018609    0.042316  
      2.219447  0.010558  3.557508     0.024737    0.019108    0.019396  
      7.421126  1.849533  0.036282     0.069825   -0.009416   -0.004195  
     -3.315820  6.699001  1.619908     0.020833   -0.017419   -0.041435  
      4.987075  1.118654  1.601721     0.023436    0.027222   -0.060398  
     -0.607587  1.946647  6.575029    -0.022310    0.042531   -0.002891  
      0.723449  6.894140  1.617574    -0.001856   -0.013885    0.001957  
      6.258728 -0.089030  3.389576    -0.003869   -0.006047    0.013403  
      0.723429  1.023073  1.771935    -0.014898    0.002315   -0.001338  
     -2.170109  0.000137  6.779349    -0.009317   -0.008006   -0.006550  
      2.044298 -2.979976  5.161644    -0.001863   -0.013855    0.001974  
     -3.490979  4.003193  3.389648    -0.003892   -0.006054    0.013427  
      2.044324  2.891089  5.007287    -0.014871    0.002317   -0.001348  
      2.170267  0.000130  6.779292    -0.009320   -0.008027   -0.006576  
      4.251409  3.076817  1.694715     0.013822    0.009733   -0.000323  
      4.151550  5.871112  3.389505    -0.070231   -0.021599   -0.050639  
      1.383876  1.957084  3.389611     0.002400   -0.074338    0.046146  
      4.151542  0.000100  6.779265     0.006439   -0.029435    0.056179  
      1.283971  4.963231  1.572378     0.021995    0.006121   -0.013505  
     -1.483656  0.837340  5.084502     0.013825    0.009698   -0.000320  
      1.283950  2.027682  0.122291     0.040238    0.022320    0.012818  
      1.483744 -0.837217  1.694812     0.010320    0.012215   -0.002018  
      4.051646  3.006245  4.962025     0.005933   -0.000193   -0.004035  
     -1.483661  3.984776  3.511966     0.013645    0.040460   -0.019367  
      1.284000  4.751385  5.084395     0.010309    0.012195   -0.002015  
      1.483813  1.886490  6.656931     0.040221    0.022324    0.012821  
      4.251393 -0.070603  3.267260     0.013640    0.040455   -0.019357  
      1.483765 -1.049066  5.206845     0.021984    0.006123   -0.013509  
     -1.283903  0.907920  1.817188     0.005929   -0.000199   -0.004059  
     -1.383715  3.914186  6.779263    -0.061661    0.020104   -0.020984  
 
  98 f  =   10.633593 THz    66.812834 2PiTHz  354.698474 cm-1    43.976986 meV
             X         Y         Z           dx          dy          dz
      3.375392  5.064220  1.583443    -0.039072    0.021015   -0.025642  
     -1.885782  2.913398  1.806051    -0.046763    0.019104   -0.024861  
      3.497608  7.689129  0.167701     0.042960    0.008545   -0.011861  
      0.729941 -1.742092  3.426074    -0.002072   -0.043386   -0.009436  
      3.649524 -1.063682  5.009619     0.031818    0.005856   -0.020915  
      3.497602  1.881150  3.185318    -0.042266   -0.017734   -0.054611  
      0.607734  0.796438  4.991441     0.022677   -0.003239   -0.052019  
      3.375339  1.967512  0.204206     0.016284    0.030113   -0.059608  
     -4.653373  2.064634  6.742949     0.011869    0.018007   -0.010518  
      6.083576 -2.784850  5.159316    -0.001790   -0.032783   -0.000947  
     -2.219333  2.795514  5.177507     0.002785   -0.033042   -0.027959  
      0.548308  3.903600  3.221711    -0.002779   -0.057103   -0.017053  
     -0.607628 -1.150056  5.195771    -0.038952    0.021161   -0.025526  
      4.653538  1.000780  4.973171    -0.046684    0.019233   -0.024978  
     -0.729846 -3.774957  6.611526     0.042740    0.008445   -0.011851  
      2.037828  5.656242  3.353134    -0.002035   -0.043311   -0.009477  
     -0.881771  4.977838  1.769597     0.031731    0.005802   -0.021025  
     -0.729847  2.033015  3.593915    -0.042096   -0.017706   -0.054521  
      2.160004  3.117729  1.787787     0.022601   -0.003242   -0.052023  
      2.219447  0.010558  3.557508    -0.002831   -0.057327   -0.017072  
      7.421126  1.849533  0.036282     0.011908    0.018072   -0.010472  
     -3.315820  6.699001  1.619908    -0.001800   -0.032922   -0.000830  
      4.987075  1.118654  1.601721     0.002820   -0.033101   -0.027988  
     -0.607587  1.946647  6.575029     0.016267    0.030285   -0.059698  
      0.723449  6.894140  1.617574    -0.009193    0.005476    0.009499  
      6.258728 -0.089030  3.389576     0.011559    0.007232    0.007149  
      0.723429  1.023073  1.771935    -0.001828    0.007818    0.010253  
     -2.170109  0.000137  6.779349     0.000239   -0.010140    0.011835  
      2.044298 -2.979976  5.161644    -0.009216    0.005465    0.009477  
     -3.490979  4.003193  3.389648     0.011589    0.007249    0.007161  
      2.044324  2.891089  5.007287    -0.001838    0.007788    0.010273  
      2.170267  0.000130  6.779292     0.000245   -0.010105    0.011816  
      4.251409  3.076817  1.694715    -0.016856    0.007364   -0.010235  
      4.151550  5.871112  3.389505    -0.055323   -0.021734    0.071036  
      1.383876  1.957084  3.389611    -0.004839   -0.036196    0.013188  
      4.151542  0.000100  6.779265    -0.000165    0.083453    0.046057  
      1.283971  4.963231  1.572378     0.022132    0.004102   -0.029628  
     -1.483656  0.837340  5.084502    -0.016840    0.007353   -0.010231  
      1.283950  2.027682  0.122291    -0.007250   -0.011729   -0.017526  
      1.483744 -0.837217  1.694812    -0.006942    0.000329   -0.037823  
      4.051646  3.006245  4.962025     0.002488   -0.027505   -0.031827  
     -1.483661  3.984776  3.511966     0.003671   -0.009321   -0.010010  
      1.284000  4.751385  5.084395    -0.006932    0.000349   -0.037828  
      1.483813  1.886490  6.656931    -0.007261   -0.011724   -0.017524  
      4.251393 -0.070603  3.267260     0.003650   -0.009320   -0.009994  
      1.483765 -1.049066  5.206845     0.022139    0.004085   -0.029603  
     -1.283903  0.907920  1.817188     0.002509   -0.027524   -0.031814  
     -1.383715  3.914186  6.779263     0.063509    0.017197    0.028884  
 
  99 f  =   10.429767 THz    65.532160 2PiTHz  347.899588 cm-1    43.134032 meV
             X         Y         Z           dx          dy          dz
      3.375392  5.064220  1.583443    -0.010070   -0.061702    0.030963  
     -1.885782  2.913398  1.806051    -0.037994   -0.002123    0.024346  
      3.497608  7.689129  0.167701    -0.024003   -0.092628    0.070221  
      0.729941 -1.742092  3.426074     0.030313   -0.021798    0.017591  
      3.649524 -1.063682  5.009619    -0.023617    0.029285   -0.009903  
      3.497602  1.881150  3.185318    -0.008601    0.008247    0.028685  
      0.607734  0.796438  4.991441     0.008780    0.052041    0.026951  
      3.375339  1.967512  0.204206     0.014552    0.042804   -0.045547  
     -4.653373  2.064634  6.742949     0.107491    0.016792   -0.042381  
      6.083576 -2.784850  5.159316    -0.070018    0.092181   -0.010952  
     -2.219333  2.795514  5.177507     0.046410    0.001384   -0.013799  
      0.548308  3.903600  3.221711     0.027805   -0.007904    0.013022  
     -0.607628 -1.150056  5.195771     0.010076    0.061733   -0.030956  
      4.653538  1.000780  4.973171     0.037984    0.002121   -0.024335  
     -0.729846 -3.774957  6.611526     0.024008    0.092638   -0.070240  
      2.037828  5.656242  3.353134    -0.030338    0.021797   -0.017583  
     -0.881771  4.977838  1.769597     0.023587   -0.029274    0.009897  
     -0.729847  2.033015  3.593915     0.008599   -0.008258   -0.028681  
      2.160004  3.117729  1.787787    -0.008760   -0.052019   -0.026935  
      2.219447  0.010558  3.557508    -0.027829    0.007890   -0.013051  
      7.421126  1.849533  0.036282    -0.107483   -0.016774    0.042378  
     -3.315820  6.699001  1.619908     0.070019   -0.092173    0.010930  
      4.987075  1.118654  1.601721    -0.046416   -0.001389    0.013791  
     -0.607587  1.946647  6.575029    -0.014561   -0.042799    0.045549  
      0.723449  6.894140  1.617574     0.007126   -0.005709    0.004618  
      6.258728 -0.089030  3.389576    -0.005748    0.003491    0.008202  
      0.723429  1.023073  1.771935     0.006640    0.010398    0.014495  
     -2.170109  0.000137  6.779349     0.009655    0.008172   -0.001499  
      2.044298 -2.979976  5.161644    -0.007123    0.005709   -0.004615  
     -3.490979  4.003193  3.389648     0.005753   -0.003491   -0.008201  
      2.044324  2.891089  5.007287    -0.006640   -0.010403   -0.014491  
      2.170267  0.000130  6.779292    -0.009654   -0.008176    0.001494  
      4.251409  3.076817  1.694715    -0.014227   -0.011949   -0.003427  
      4.151550  5.871112  3.389505    -0.000005    0.000000    0.000008  
      1.383876  1.957084  3.389611     0.000003   -0.000010    0.000004  
      4.151542  0.000100  6.779265    -0.000002    0.000005    0.000016  
      1.283971  4.963231  1.572378     0.015063   -0.007368    0.006940  
     -1.483656  0.837340  5.084502     0.014220    0.011953    0.003425  
      1.283950  2.027682  0.122291     0.020059    0.029736    0.015088  
      1.483744 -0.837217  1.694812     0.022420    0.006155    0.026123  
      4.051646  3.006245  4.962025     0.002827   -0.012690   -0.033124  
     -1.483661  3.984776  3.511966     0.005295   -0.005729   -0.008252  
      1.284000  4.751385  5.084395    -0.022423   -0.006150   -0.026136  
      1.483813  1.886490  6.656931    -0.020051   -0.029734   -0.015087  
      4.251393 -0.070603  3.267260    -0.005301    0.005740    0.008255  
      1.483765 -1.049066  5.206845    -0.015052    0.007374   -0.006951  
     -1.283903  0.907920  1.817188    -0.002832    0.012695    0.033122  
     -1.383715  3.914186  6.779263    -0.000011   -0.000009   -0.000011  
 
 100 f  =   10.429700 THz    65.531738 2PiTHz  347.897346 cm-1    43.133754 meV
             X         Y         Z           dx          dy          dz
      3.375392  5.064220  1.583443    -0.010281    0.071530   -0.033953  
     -1.885782  2.913398  1.806051    -0.098894   -0.023860   -0.035955  
      3.497608  7.689129  0.167701    -0.025486    0.014283    0.021774  
      0.729941 -1.742092  3.426074     0.008921    0.011563   -0.004258  
      3.649524 -1.063682  5.009619     0.020921    0.024847    0.014414  
      3.497602  1.881150  3.185318     0.019718    0.008336    0.110921  
      0.607734  0.796438  4.991441    -0.014131   -0.037586   -0.072399  
      3.375339  1.967512  0.204206     0.006302   -0.010038    0.088518  
     -4.653373  2.064634  6.742949     0.015320   -0.000763   -0.022394  
      6.083576 -2.784850  5.159316    -0.026900   -0.003935    0.014104  
     -2.219333  2.795514  5.177507     0.058687    0.034014   -0.084703  
      0.548308  3.903600  3.221711    -0.037542    0.000716    0.004501  
     -0.607628 -1.150056  5.195771     0.010276   -0.071505    0.033951  
      4.653538  1.000780  4.973171     0.098887    0.023868    0.035942  
     -0.729846 -3.774957  6.611526     0.025494   -0.014287   -0.021781  
      2.037828  5.656242  3.353134    -0.008924   -0.011560    0.004260  
     -0.881771  4.977838  1.769597    -0.020924   -0.024848   -0.014409  
     -0.729847  2.033015  3.593915    -0.019719   -0.008349   -0.110958  
      2.160004  3.117729  1.787787     0.014136    0.037604    0.072403  
      2.219447  0.010558  3.557508     0.037541   -0.000715   -0.004497  
      7.421126  1.849533  0.036282    -0.015296    0.000758    0.022383  
     -3.315820  6.699001  1.619908     0.026909    0.003930   -0.014118  
      4.987075  1.118654  1.601721    -0.058672   -0.034015    0.084669  
     -0.607587  1.946647  6.575029    -0.006321    0.010048   -0.088527  
      0.723449  6.894140  1.617574     0.003458    0.008401    0.003614  
      6.258728 -0.089030  3.389576    -0.007292    0.016169   -0.003543  
      0.723429  1.023073  1.771935    -0.007109   -0.001467    0.006597  
     -2.170109  0.000137  6.779349    -0.013182    0.002667   -0.006477  
      2.044298 -2.979976  5.161644    -0.003457   -0.008404   -0.003611  
     -3.490979  4.003193  3.389648     0.007293   -0.016168    0.003548  
      2.044324  2.891089  5.007287     0.007104    0.001467   -0.006592  
      2.170267  0.000130  6.779292     0.013181   -0.002670    0.006479  
      4.251409  3.076817  1.694715     0.025510   -0.024682    0.019604  
      4.151550  5.871112  3.389505    -0.000017   -0.000005    0.000004  
      1.383876  1.957084  3.389611     0.000004   -0.000003   -0.000001  
      4.151542  0.000100  6.779265     0.000002    0.000001    0.000011  
      1.283971  4.963231  1.572378    -0.020689    0.010562   -0.003251  
     -1.483656  0.837340  5.084502    -0.025503    0.024684   -0.019608  
      1.283950  2.027682  0.122291    -0.021146   -0.001520    0.010133  
      1.483744 -0.837217  1.694812     0.002566    0.004837    0.000638  
      4.051646  3.006245  4.962025     0.021322   -0.023372   -0.004663  
     -1.483661  3.984776  3.511966     0.000760   -0.030881   -0.008059  
      1.284000  4.751385  5.084395    -0.002565   -0.004834   -0.000662  
      1.483813  1.886490  6.656931     0.021147    0.001524   -0.010129  
      4.251393 -0.070603  3.267260    -0.000756    0.030879    0.008058  
      1.483765 -1.049066  5.206845     0.020697   -0.010559    0.003247  
     -1.283903  0.907920  1.817188    -0.021322    0.023370    0.004657  
     -1.383715  3.914186  6.779263     0.000000    0.000008    0.000002  
 
 101 f  =   10.429636 THz    65.531337 2PiTHz  347.895219 cm-1    43.133490 meV
             X         Y         Z           dx          dy          dz
      3.375392  5.064220  1.583443     0.012884   -0.065311   -0.012341  
     -1.885782  2.913398  1.806051    -0.033833   -0.024942   -0.019472  
      3.497608  7.689129  0.167701    -0.013064    0.010034   -0.011724  
      0.729941 -1.742092  3.426074    -0.019947    0.106001    0.047487  
      3.649524 -1.063682  5.009619     0.106631   -0.040521    0.006225  
      3.497602  1.881150  3.185318     0.030589    0.027837    0.019686  
      0.607734  0.796438  4.991441    -0.009821    0.062732    0.037848  
      3.375339  1.967512  0.204206     0.011011    0.002139   -0.060091  
     -4.653373  2.064634  6.742949    -0.024045    0.024411   -0.016923  
      6.083576 -2.784850  5.159316     0.036643   -0.001437    0.005154  
     -2.219333  2.795514  5.177507     0.037024    0.017355   -0.005926  
      0.548308  3.903600  3.221711    -0.069172   -0.057055   -0.073169  
     -0.607628 -1.150056  5.195771    -0.012892    0.065331    0.012332  
      4.653538  1.000780  4.973171     0.033837    0.024953    0.019471  
     -0.729846 -3.774957  6.611526     0.013070   -0.010052    0.011724  
      2.037828  5.656242  3.353134     0.019955   -0.106039   -0.047483  
     -0.881771  4.977838  1.769597    -0.106599    0.040522   -0.006224  
     -0.729847  2.033015  3.593915    -0.030589   -0.027853   -0.019689  
      2.160004  3.117729  1.787787     0.009842   -0.062731   -0.037855  
      2.219447  0.010558  3.557508     0.069166    0.057026    0.073169  
      7.421126  1.849533  0.036282     0.024044   -0.024419    0.016921  
     -3.315820  6.699001  1.619908    -0.036628    0.001420   -0.005142  
      4.987075  1.118654  1.601721    -0.037012   -0.017358    0.005909  
     -0.607587  1.946647  6.575029    -0.011008   -0.002140    0.060074  
      0.723449  6.894140  1.617574     0.007771    0.007150   -0.015638  
      6.258728 -0.089030  3.389576     0.006088    0.008217    0.003501  
      0.723429  1.023073  1.771935    -0.005351    0.006631   -0.005018  
     -2.170109  0.000137  6.779349     0.010252   -0.004261   -0.006922  
      2.044298 -2.979976  5.161644    -0.007778   -0.007149    0.015637  
     -3.490979  4.003193  3.389648    -0.006083   -0.008210   -0.003499  
      2.044324  2.891089  5.007287     0.005347   -0.006628    0.005022  
      2.170267  0.000130  6.779292    -0.010253    0.004265    0.006923  
      4.251409  3.076817  1.694715    -0.015622   -0.012601   -0.002324  
      4.151550  5.871112  3.389505    -0.000010   -0.000005    0.000011  
      1.383876  1.957084  3.389611    -0.000005    0.000000    0.000001  
      4.151542  0.000100  6.779265     0.000000    0.000010    0.000006  
      1.283971  4.963231  1.572378     0.021031   -0.002178   -0.032915  
     -1.483656  0.837340  5.084502     0.015631    0.012594    0.002323  
      1.283950  2.027682  0.122291     0.015727    0.000601   -0.009753  
      1.483744 -0.837217  1.694812     0.000095    0.023579   -0.024501  
      4.051646  3.006245  4.962025     0.006841   -0.007163    0.004777  
     -1.483661  3.984776  3.511966    -0.021923   -0.022082    0.017098  
      1.284000  4.751385  5.084395    -0.000096   -0.023583    0.024498  
      1.483813  1.886490  6.656931    -0.015738   -0.000612    0.009740  
      4.251393 -0.070603  3.267260     0.021924    0.022082   -0.017095  
      1.483765 -1.049066  5.206845    -0.021028    0.002177    0.032909  
     -1.283903  0.907920  1.817188    -0.006839    0.007146   -0.004787  
     -1.383715  3.914186  6.779263     0.000012    0.000005    0.000008  
 
 102 f  =   10.015593 THz    62.929824 2PiTHz  334.084209 cm-1    41.421144 meV
             X         Y         Z           dx          dy          dz
      3.375392  5.064220  1.583443     0.013443    0.066437   -0.036088  
     -1.885782  2.913398  1.806051     0.058165    0.034829    0.036084  
      3.497608  7.689129  0.167701    -0.006338   -0.071473    0.027384  
      0.729941 -1.742092  3.426074    -0.006347    0.059456    0.048209  
      3.649524 -1.063682  5.009619     0.058176   -0.048672    0.012105  
      3.497602  1.881150  3.185318    -0.006339    0.012016   -0.075594  
      0.607734  0.796438  4.991441     0.013444   -0.064462   -0.039497  
      3.375339  1.967512  0.204206     0.013447   -0.001959    0.075570  
     -4.653373  2.064634  6.742949     0.058172    0.013849   -0.048198  
      6.083576 -2.784850  5.159316    -0.065262    0.038612   -0.012107  
     -2.219333  2.795514  5.177507    -0.065272   -0.008826    0.039501  
      0.548308  3.903600  3.221711    -0.065268   -0.029806   -0.027387  
     -0.607628 -1.150056  5.195771    -0.013445   -0.066421    0.036086  
      4.653538  1.000780  4.973171    -0.058178   -0.034825   -0.036089  
     -0.729846 -3.774957  6.611526     0.006348    0.071480   -0.027386  
      2.037828  5.656242  3.353134     0.006344   -0.059468   -0.048206  
     -0.881771  4.977838  1.769597    -0.058164    0.048671   -0.012099  
     -0.729847  2.033015  3.593915     0.006326   -0.012016    0.075582  
      2.160004  3.117729  1.787787    -0.013439    0.064466    0.039483  
      2.219447  0.010558  3.557508     0.065265    0.029790    0.027389  
      7.421126  1.849533  0.036282    -0.058166   -0.013843    0.048202  
     -3.315820  6.699001  1.619908     0.065268   -0.038617    0.012107  
      4.987075  1.118654  1.601721     0.065270    0.008818   -0.039502  
     -0.607587  1.946647  6.575029    -0.013444    0.001962   -0.075578  
      0.723449  6.894140  1.617574    -0.005120   -0.007236    0.012532  
      6.258728 -0.089030  3.389576    -0.005115    0.014473    0.000001  
      0.723429  1.023073  1.771935    -0.005117   -0.007237   -0.012535  
     -2.170109  0.000137  6.779349     0.015355   -0.000001    0.000000  
      2.044298 -2.979976  5.161644     0.005116    0.007237   -0.012532  
     -3.490979  4.003193  3.389648     0.005116   -0.014472   -0.000001  
      2.044324  2.891089  5.007287     0.005116    0.007236    0.012535  
      2.170267  0.000130  6.779292    -0.015354   -0.000001    0.000001  
      4.251409  3.076817  1.694715     0.005831    0.008242    0.000001  
      4.151550  5.871112  3.389505     0.000003    0.000001   -0.000002  
      1.383876  1.957084  3.389611    -0.000001    0.000005   -0.000003  
      4.151542  0.000100  6.779265     0.000000    0.000006    0.000003  
      1.283971  4.963231  1.572378    -0.005823    0.004121   -0.007147  
     -1.483656  0.837340  5.084502    -0.005825   -0.008243   -0.000000  
      1.283950  2.027682  0.122291    -0.005825    0.004119    0.007139  
      1.483744 -0.837217  1.694812     0.005829    0.008247    0.000007  
      4.051646  3.006245  4.962025    -0.005831    0.004122   -0.007139  
     -1.483661  3.984776  3.511966    -0.005830    0.004127    0.007141  
      1.284000  4.751385  5.084395    -0.005827   -0.008246   -0.000002  
      1.483813  1.886490  6.656931     0.005829   -0.004120   -0.007140  
      4.251393 -0.070603  3.267260     0.005831   -0.004131   -0.007138  
      1.483765 -1.049066  5.206845     0.005816   -0.004123    0.007149  
     -1.283903  0.907920  1.817188     0.005830   -0.004123    0.007136  
     -1.383715  3.914186  6.779263     0.000001    0.000001    0.000000  
 
 103 f  =    9.705229 THz    60.979753 2PiTHz  323.731597 cm-1    40.137585 meV
             X         Y         Z           dx          dy          dz
      3.375392  5.064220  1.583443     0.037849    0.025023    0.033330  
     -1.885782  2.913398  1.806051    -0.004893   -0.044239    0.027735  
      3.497608  7.689129  0.167701    -0.006900    0.043047   -0.047805  
      0.729941 -1.742092  3.426074    -0.043247    0.002144   -0.002874  
      3.649524 -1.063682  5.009619    -0.071431    0.014595   -0.031723  
      3.497602  1.881150  3.185318     0.027294   -0.017819    0.050767  
      0.607734  0.796438  4.991441     0.021105    0.017155    0.032357  
      3.375339  1.967512  0.204206     0.017231   -0.013733    0.059009  
     -4.653373  2.064634  6.742949     0.000251    0.035019   -0.013076  
      6.083576 -2.784850  5.159316    -0.030855    0.057650   -0.042285  
     -2.219333  2.795514  5.177507     0.002354   -0.026980    0.015814  
      0.548308  3.903600  3.221711    -0.045536   -0.001880   -0.042742  
     -0.607628 -1.150056  5.195771     0.037850    0.025035    0.033359  
      4.653538  1.000780  4.973171    -0.004920   -0.044273    0.027745  
     -0.729846 -3.774957  6.611526    -0.006923    0.042998   -0.047815  
      2.037828  5.656242  3.353134    -0.043231    0.002124   -0.002900  
     -0.881771  4.977838  1.769597    -0.071419    0.014617   -0.031692  
     -0.729847  2.033015  3.593915     0.027291   -0.017836    0.050762  
      2.160004  3.117729  1.787787     0.021095    0.017154    0.032350  
      2.219447  0.010558  3.557508    -0.045528   -0.001863   -0.042752  
      7.421126  1.849533  0.036282     0.000275    0.035040   -0.013095  
     -3.315820  6.699001  1.619908    -0.030861    0.057654   -0.042263  
      4.987075  1.118654  1.601721     0.002362   -0.026953    0.015833  
     -0.607587  1.946647  6.575029     0.017239   -0.013686    0.058992  
      0.723449  6.894140  1.617574     0.010808   -0.001391    0.005262  
      6.258728 -0.089030  3.389576    -0.001905    0.007188   -0.006370  
      0.723429  1.023073  1.771935     0.002966   -0.008991    0.007208  
     -2.170109  0.000137  6.779349    -0.006126   -0.002154   -0.008386  
      2.044298 -2.979976  5.161644     0.010810   -0.001385    0.005259  
     -3.490979  4.003193  3.389648    -0.001903    0.007187   -0.006366  
      2.044324  2.891089  5.007287     0.002965   -0.008991    0.007207  
      2.170267  0.000130  6.779292    -0.006125   -0.002150   -0.008386  
      4.251409  3.076817  1.694715     0.049598   -0.032483    0.005031  
      4.151550  5.871112  3.389505    -0.034762   -0.007334    0.003873  
      1.383876  1.957084  3.389611    -0.060006    0.012133    0.019529  
      4.151542  0.000100  6.779265    -0.003863    0.047889   -0.002296  
      1.283971  4.963231  1.572378     0.032723    0.013025   -0.030269  
     -1.483656  0.837340  5.084502     0.049613   -0.032505    0.005034  
      1.283950  2.027682  0.122291    -0.000149    0.009461    0.014689  
      1.483744 -0.837217  1.694812     0.000888    0.001949   -0.004386  
      4.051646  3.006245  4.962025    -0.000720   -0.043086   -0.035341  
     -1.483661  3.984776  3.511966    -0.009998   -0.016194    0.021470  
      1.284000  4.751385  5.084395     0.000895    0.001950   -0.004399  
      1.483813  1.886490  6.656931    -0.000136    0.009480    0.014699  
      4.251393 -0.070603  3.267260    -0.009995   -0.016191    0.021460  
      1.483765 -1.049066  5.206845     0.032737    0.013032   -0.030268  
     -1.283903  0.907920  1.817188    -0.000717   -0.043053   -0.035327  
     -1.383715  3.914186  6.779263    -0.020187    0.057824    0.026181  
 
 104 f  =    9.705156 THz    60.979295 2PiTHz  323.729166 cm-1    40.137283 meV
             X         Y         Z           dx          dy          dz
      3.375392  5.064220  1.583443    -0.000895    0.076753   -0.016847  
     -1.885782  2.913398  1.806051    -0.064880   -0.025020   -0.024066  
      3.497608  7.689129  0.167701     0.055121    0.044823   -0.008835  
      0.729941 -1.742092  3.426074    -0.022913   -0.033074    0.016265  
      3.649524 -1.063682  5.009619     0.007383   -0.025675    0.016178  
      3.497602  1.881150  3.185318    -0.035954   -0.016114   -0.045381  
      0.607734  0.796438  4.991441     0.021373    0.044635   -0.007901  
      3.375339  1.967512  0.204206    -0.007941    0.047077   -0.034780  
     -4.653373  2.064634  6.742949     0.044979    0.026172    0.003183  
      6.083576 -2.784850  5.159316     0.035310   -0.004576    0.002588  
     -2.219333  2.795514  5.177507    -0.020147   -0.036784   -0.029139  
      0.548308  3.903600  3.221711    -0.027319   -0.059252   -0.002286  
     -0.607628 -1.150056  5.195771    -0.000904    0.076746   -0.016874  
      4.653538  1.000780  4.973171    -0.064859   -0.024997   -0.024072  
     -0.729846 -3.774957  6.611526     0.055126    0.044830   -0.008812  
      2.037828  5.656242  3.353134    -0.022920   -0.033054    0.016290  
     -0.881771  4.977838  1.769597     0.007381   -0.025691    0.016158  
     -0.729847  2.033015  3.593915    -0.035957   -0.016098   -0.045382  
      2.160004  3.117729  1.787787     0.021377    0.044628   -0.007893  
      2.219447  0.010558  3.557508    -0.027327   -0.059273   -0.002283  
      7.421126  1.849533  0.036282     0.044979    0.026172    0.003190  
     -3.315820  6.699001  1.619908     0.035305   -0.004558    0.002570  
      4.987075  1.118654  1.601721    -0.020155   -0.036804   -0.029161  
     -0.607587  1.946647  6.575029    -0.007936    0.047046   -0.034751  
      0.723449  6.894140  1.617574     0.003449    0.008510   -0.002992  
      6.258728 -0.089030  3.389576     0.007874    0.005606    0.006925  
      0.723429  1.023073  1.771935    -0.009374   -0.005142   -0.000488  
     -2.170109  0.000137  6.779349    -0.001008   -0.011286    0.004331  
      2.044298 -2.979976  5.161644     0.003448    0.008504   -0.002989  
     -3.490979  4.003193  3.389648     0.007872    0.005611    0.006922  
      2.044324  2.891089  5.007287    -0.009374   -0.005139   -0.000485  
      2.170267  0.000130  6.779292    -0.001008   -0.011287    0.004332  
      4.251409  3.076817  1.694715     0.027263   -0.015967    0.002645  
      4.151550  5.871112  3.389505     0.025078    0.010646   -0.058166  
      1.383876  1.957084  3.389611    -0.014498    0.041465   -0.022614  
      4.151542  0.000100  6.779265    -0.000637   -0.010858   -0.066067  
      1.283971  4.963231  1.572378    -0.036191   -0.001648    0.008676  
     -1.483656  0.837340  5.084502     0.027250   -0.015952    0.002646  
      1.283950  2.027682  0.122291     0.022447    0.004602    0.004234  
      1.483744 -0.837217  1.694812     0.006227   -0.001081    0.067359  
      4.051646  3.006245  4.962025    -0.009675    0.024566    0.002149  
     -1.483661  3.984776  3.511966     0.001835   -0.039626    0.012939  
      1.284000  4.751385  5.084395     0.006226   -0.001079    0.067373  
      1.483813  1.886490  6.656931     0.022448    0.004597    0.004236  
      4.251393 -0.070603  3.267260     0.001832   -0.039630    0.012946  
      1.483765 -1.049066  5.206845    -0.036200   -0.001651    0.008675  
     -1.283903  0.907920  1.817188    -0.009675    0.024549    0.002142  
     -1.383715  3.914186  6.779263    -0.029439    0.006615   -0.014067  
 
 105 f  =    9.705100 THz    60.978941 2PiTHz  323.727287 cm-1    40.137050 meV
             X         Y         Z           dx          dy          dz
      3.375392  5.064220  1.583443     0.013711   -0.006360   -0.020885  
     -1.885782  2.913398  1.806051    -0.035803   -0.009130    0.022000  
      3.497608  7.689129  0.167701    -0.017601    0.015275    0.012539  
      0.729941 -1.742092  3.426074     0.031653   -0.061451   -0.038351  
      3.649524 -1.063682  5.009619     0.018950   -0.021290   -0.043644  
      3.497602  1.881150  3.185318    -0.036863    0.019497    0.031974  
      0.607734  0.796438  4.991441     0.026821   -0.031787   -0.063137  
      3.375339  1.967512  0.204206     0.035526   -0.018109   -0.031096  
     -4.653373  2.064634  6.742949    -0.059068    0.029081    0.039527  
      6.083576 -2.784850  5.159316    -0.024918    0.025964    0.037133  
     -2.219333  2.795514  5.177507    -0.049054   -0.004253    0.063205  
      0.548308  3.903600  3.221711     0.000088   -0.033996   -0.026270  
     -0.607628 -1.150056  5.195771     0.013713   -0.006377   -0.020901  
      4.653538  1.000780  4.973171    -0.035780   -0.009091    0.022003  
     -0.729846 -3.774957  6.611526    -0.017591    0.015297    0.012552  
      2.037828  5.656242  3.353134     0.031628   -0.061446   -0.038331  
     -0.881771  4.977838  1.769597     0.018928   -0.021313   -0.043678  
     -0.729847  2.033015  3.593915    -0.036867    0.019504    0.031977  
      2.160004  3.117729  1.787787     0.026824   -0.031780   -0.063118  
      2.219447  0.010558  3.557508     0.000104   -0.033998   -0.026260  
      7.421126  1.849533  0.036282    -0.059059    0.029057    0.039529  
     -3.315820  6.699001  1.619908    -0.024923    0.025973    0.037139  
      4.987075  1.118654  1.601721    -0.049059   -0.004283    0.063189  
     -0.607587  1.946647  6.575029     0.035524   -0.018127   -0.031098  
      0.723449  6.894140  1.617574    -0.003376    0.007606    0.007961  
      6.258728 -0.089030  3.389576     0.008631   -0.000897   -0.007725  
      0.723429  1.023073  1.771935     0.006590   -0.004987   -0.006917  
     -2.170109  0.000137  6.779349    -0.006115    0.004016    0.007689  
      2.044298 -2.979976  5.161644    -0.003378    0.007602    0.007962  
     -3.490979  4.003193  3.389648     0.008629   -0.000901   -0.007725  
      2.044324  2.891089  5.007287     0.006592   -0.004986   -0.006913  
      2.170267  0.000130  6.779292    -0.006113    0.004014    0.007687  
      4.251409  3.076817  1.694715     0.001355   -0.020693    0.001105  
      4.151550  5.871112  3.389505    -0.046979   -0.019100   -0.033881  
      1.383876  1.957084  3.389611    -0.015171   -0.040895    0.025329  
      4.151542  0.000100  6.779265    -0.003854   -0.046185    0.013190  
      1.283971  4.963231  1.572378     0.028716    0.009458   -0.022783  
     -1.483656  0.837340  5.084502     0.001347   -0.020678    0.001102  
      1.283950  2.027682  0.122291     0.051984    0.023385    0.029668  
      1.483744 -0.837217  1.694812    -0.008553   -0.013673    0.010757  
      4.051646  3.006245  4.962025    -0.004324    0.029958    0.016022  
     -1.483661  3.984776  3.511966     0.003075    0.043801   -0.022055  
      1.284000  4.751385  5.084395    -0.008558   -0.013675    0.010767  
      1.483813  1.886490  6.656931     0.051989    0.023380    0.029669  
      4.251393 -0.070603  3.267260     0.003076    0.043812   -0.022050  
      1.483765 -1.049066  5.206845     0.028716    0.009453   -0.022785  
     -1.283903  0.907920  1.817188    -0.004325    0.029933    0.016009  
     -1.383715  3.914186  6.779263    -0.052596   -0.012408   -0.025515  
 
 106 f  =    9.438702 THz    59.305112 2PiTHz  314.841201 cm-1    39.035316 meV
             X         Y         Z           dx          dy          dz
      3.375392  5.064220  1.583443    -0.038047   -0.031224   -0.063493  
     -1.885782  2.913398  1.806051     0.042835    0.066324   -0.017301  
      3.497608  7.689129  0.167701     0.027936    0.044401    0.011110  
      0.729941 -1.742092  3.426074    -0.044460    0.040356    0.041373  
      3.649524 -1.063682  5.009619    -0.050239   -0.027651   -0.089428  
      3.497602  1.881150  3.185318     0.017896    0.016091    0.022784  
      0.607734  0.796438  4.991441    -0.009237    0.034764    0.036236  
      3.375339  1.967512  0.204206     0.046945   -0.084886    0.043230  
     -4.653373  2.064634  6.742949     0.006957   -0.043319    0.028125  
      6.083576 -2.784850  5.159316     0.015204    0.029421   -0.007354  
     -2.219333  2.795514  5.177507    -0.038959   -0.030215   -0.054086  
      0.548308  3.903600  3.221711     0.023319   -0.042064    0.020816  
     -0.607628 -1.150056  5.195771     0.038016    0.031211    0.063443  
      4.653538  1.000780  4.973171    -0.042887   -0.066375    0.017303  
     -0.729846 -3.774957  6.611526    -0.027902   -0.044401   -0.011085  
      2.037828  5.656242  3.353134     0.044511   -0.040387   -0.041382  
     -0.881771  4.977838  1.769597     0.050233    0.027607    0.089407  
     -0.729847  2.033015  3.593915    -0.017897   -0.016076   -0.022797  
      2.160004  3.117729  1.787787     0.009227   -0.034780   -0.036245  
      2.219447  0.010558  3.557508    -0.023317    0.042080   -0.020820  
      7.421126  1.849533  0.036282    -0.006954    0.043330   -0.028116  
     -3.315820  6.699001  1.619908    -0.015188   -0.029461    0.007398  
      4.987075  1.118654  1.601721     0.038914    0.030193    0.054061  
     -0.607587  1.946647  6.575029    -0.046967    0.084927   -0.043292  
      0.723449  6.894140  1.617574    -0.000584   -0.007289   -0.000940  
      6.258728 -0.089030  3.389576    -0.004776    0.006587   -0.004672  
      0.723429  1.023073  1.771935     0.005434    0.002836    0.009151  
     -2.170109  0.000137  6.779349    -0.000057   -0.004203   -0.005606  
      2.044298 -2.979976  5.161644     0.000587    0.007299    0.000937  
     -3.490979  4.003193  3.389648     0.004782   -0.006592    0.004678  
      2.044324  2.891089  5.007287    -0.005433   -0.002830   -0.009151  
      2.170267  0.000130  6.779292     0.000055    0.004207    0.005614  
      4.251409  3.076817  1.694715     0.013253    0.005283    0.002274  
      4.151550  5.871112  3.389505     0.000002   -0.000005   -0.000012  
      1.383876  1.957084  3.389611     0.000007    0.000009   -0.000004  
      4.151542  0.000100  6.779265    -0.000004   -0.000044   -0.000007  
      1.283971  4.963231  1.572378    -0.026398   -0.017981    0.005027  
     -1.483656  0.837340  5.084502    -0.013272   -0.005289   -0.002276  
      1.283950  2.027682  0.122291     0.039225   -0.005423    0.011843  
      1.483744 -0.837217  1.694812    -0.011116   -0.006804    0.030493  
      4.051646  3.006245  4.962025    -0.009861   -0.055539   -0.017870  
     -1.483661  3.984776  3.511966    -0.001461   -0.013182    0.029727  
      1.284000  4.751385  5.084395     0.011121    0.006801   -0.030472  
      1.483813  1.886490  6.656931    -0.039207    0.005429   -0.011839  
      4.251393 -0.070603  3.267260     0.001466    0.013195   -0.029746  
      1.483765 -1.049066  5.206845     0.026380    0.017986   -0.005030  
     -1.283903  0.907920  1.817188     0.009861    0.055556    0.017894  
     -1.383715  3.914186  6.779263    -0.000012   -0.000007   -0.000017  
 
 107 f  =    9.438626 THz    59.304637 2PiTHz  314.838679 cm-1    39.035004 meV
             X         Y         Z           dx          dy          dz
      3.375392  5.064220  1.583443    -0.016606   -0.061035   -0.035028  
     -1.885782  2.913398  1.806051     0.043612    0.029553   -0.049806  
      3.497608  7.689129  0.167701    -0.079525   -0.035498    0.017921  
      0.729941 -1.742092  3.426074    -0.054016   -0.007467    0.025757  
      3.649524 -1.063682  5.009619     0.032974   -0.039263    0.015676  
      3.497602  1.881150  3.185318    -0.013459   -0.020704    0.042157  
      0.607734  0.796438  4.991441     0.052706    0.007497   -0.069641  
      3.375339  1.967512  0.204206    -0.002979    0.039692    0.035600  
     -4.653373  2.064634  6.742949    -0.030183    0.076473    0.030050  
      6.083576 -2.784850  5.159316     0.046119   -0.009293   -0.010613  
     -2.219333  2.795514  5.177507     0.011499   -0.043452   -0.040713  
      0.548308  3.903600  3.221711    -0.010955    0.087125    0.014829  
     -0.607628 -1.150056  5.195771     0.016622    0.061014    0.034999  
      4.653538  1.000780  4.973171    -0.043633   -0.029548    0.049835  
     -0.729846 -3.774957  6.611526     0.079553    0.035497   -0.017938  
      2.037828  5.656242  3.353134     0.054050    0.007445   -0.025796  
     -0.881771  4.977838  1.769597    -0.032950    0.039248   -0.015690  
     -0.729847  2.033015  3.593915     0.013477    0.020685   -0.042164  
      2.160004  3.117729  1.787787    -0.052720   -0.007503    0.069654  
      2.219447  0.010558  3.557508     0.010948   -0.087126   -0.014812  
      7.421126  1.849533  0.036282     0.030169   -0.076442   -0.030022  
     -3.315820  6.699001  1.619908    -0.046128    0.009302    0.010629  
      4.987075  1.118654  1.601721    -0.011475    0.043431    0.040681  
     -0.607587  1.946647  6.575029     0.002975   -0.039686   -0.035590  
      0.723449  6.894140  1.617574    -0.007583   -0.001723    0.004473  
      6.258728 -0.089030  3.389576     0.000368   -0.009040   -0.003887  
      0.723429  1.023073  1.771935    -0.000501    0.007771    0.001241  
     -2.170109  0.000137  6.779349     0.006156    0.004758   -0.003586  
      2.044298 -2.979976  5.161644     0.007578    0.001727   -0.004474  
     -3.490979  4.003193  3.389648    -0.000367    0.009041    0.003887  
      2.044324  2.891089  5.007287     0.000497   -0.007771   -0.001238  
      2.170267  0.000130  6.779292    -0.006163   -0.004753    0.003585  
      4.251409  3.076817  1.694715    -0.048075    0.029283    0.017602  
      4.151550  5.871112  3.389505     0.000027    0.000007   -0.000030  
      1.383876  1.957084  3.389611    -0.000007   -0.000010    0.000012  
      4.151542  0.000100  6.779265    -0.000005    0.000016    0.000011  
      1.283971  4.963231  1.572378    -0.009914    0.010547   -0.014546  
     -1.483656  0.837340  5.084502     0.048073   -0.029301   -0.017601  
      1.283950  2.027682  0.122291     0.009555    0.006255    0.007817  
      1.483744 -0.837217  1.694812    -0.011785    0.013047    0.050203  
      4.051646  3.006245  4.962025     0.013795    0.002092    0.018674  
     -1.483661  3.984776  3.511966    -0.002646    0.026581   -0.021144  
      1.284000  4.751385  5.084395     0.011794   -0.013038   -0.050201  
      1.483813  1.886490  6.656931    -0.009555   -0.006253   -0.007815  
      4.251393 -0.070603  3.267260     0.002655   -0.026596    0.021145  
      1.483765 -1.049066  5.206845     0.009913   -0.010551    0.014549  
     -1.283903  0.907920  1.817188    -0.013797   -0.002079   -0.018670  
     -1.383715  3.914186  6.779263     0.000012   -0.000020   -0.000009  
 
 108 f  =    9.438598 THz    59.304457 2PiTHz  314.837725 cm-1    39.034885 meV
             X         Y         Z           dx          dy          dz
      3.375392  5.064220  1.583443    -0.034722   -0.042564    0.012719  
     -1.885782  2.913398  1.806051    -0.007684    0.019092   -0.051331  
      3.497608  7.689129  0.167701     0.059810   -0.016904    0.014460  
      0.729941 -1.742092  3.426074     0.076050   -0.004607    0.009399  
      3.649524 -1.063682  5.009619    -0.013755   -0.007048    0.021453  
      3.497602  1.881150  3.185318     0.100877   -0.018585    0.028996  
      0.607734  0.796438  4.991441     0.008128    0.036435   -0.056316  
      3.375339  1.967512  0.204206    -0.026750   -0.002010    0.000622  
     -4.653373  2.064634  6.742949    -0.053304    0.029438    0.027801  
      6.083576 -2.784850  5.159316    -0.006150    0.052978   -0.092399  
     -2.219333  2.795514  5.177507    -0.027341    0.018049    0.068957  
      0.548308  3.903600  3.221711    -0.041623   -0.049429    0.000991  
     -0.607628 -1.150056  5.195771     0.034744    0.042555   -0.012716  
      4.653538  1.000780  4.973171     0.007658   -0.019072    0.051319  
     -0.729846 -3.774957  6.611526    -0.059818    0.016898   -0.014483  
      2.037828  5.656242  3.353134    -0.076055    0.004621   -0.009425  
     -0.881771  4.977838  1.769597     0.013787    0.007035   -0.021419  
     -0.729847  2.033015  3.593915    -0.100912    0.018591   -0.029043  
      2.160004  3.117729  1.787787    -0.008157   -0.036409    0.056310  
      2.219447  0.010558  3.557508     0.041626    0.049424   -0.000958  
      7.421126  1.849533  0.036282     0.053320   -0.029447   -0.027774  
     -3.315820  6.699001  1.619908     0.006138   -0.052962    0.092370  
      4.987075  1.118654  1.601721     0.027357   -0.018066   -0.068963  
     -0.607587  1.946647  6.575029     0.026750    0.001992   -0.000600  
      0.723449  6.894140  1.617574     0.001032   -0.003522    0.009301  
      6.258728 -0.089030  3.389576     0.005992    0.001235   -0.003491  
      0.723429  1.023073  1.771935     0.005392    0.000410   -0.004699  
     -2.170109  0.000137  6.779349    -0.009917    0.002976   -0.002194  
      2.044298 -2.979976  5.161644    -0.001030    0.003519   -0.009301  
     -3.490979  4.003193  3.389648    -0.005989   -0.001234    0.003493  
      2.044324  2.891089  5.007287    -0.005395   -0.000410    0.004697  
      2.170267  0.000130  6.779292     0.009922   -0.002976    0.002196  
      4.251409  3.076817  1.694715     0.005559   -0.024279   -0.002433  
      4.151550  5.871112  3.389505     0.000009    0.000005   -0.000021  
      1.383876  1.957084  3.389611    -0.000022    0.000008    0.000002  
      4.151542  0.000100  6.779265     0.000003    0.000010    0.000030  
      1.283971  4.963231  1.572378    -0.041489   -0.026130    0.021015  
     -1.483656  0.837340  5.084502    -0.005573    0.024279    0.002431  
      1.283950  2.027682  0.122291    -0.029782   -0.005752   -0.038653  
      1.483744 -0.837217  1.694812     0.009797    0.013424    0.010370  
      4.051646  3.006245  4.962025    -0.008439   -0.013620   -0.003201  
     -1.483661  3.984776  3.511966    -0.018695    0.037113   -0.019042  
      1.284000  4.751385  5.084395    -0.009792   -0.013417   -0.010372  
      1.483813  1.886490  6.656931     0.029786    0.005749    0.038646  
      4.251393 -0.070603  3.267260     0.018692   -0.037111    0.019045  
      1.483765 -1.049066  5.206845     0.041493    0.026127   -0.021006  
     -1.283903  0.907920  1.817188     0.008430    0.013628    0.003194  
     -1.383715  3.914186  6.779263     0.000009   -0.000019   -0.000006  
 
 109 f  =    9.214460 THz    57.896158 2PiTHz  307.361290 cm-1    38.107926 meV
             X         Y         Z           dx          dy          dz
      3.375392  5.064220  1.583443    -0.044285    0.008324    0.011819  
     -1.885782  2.913398  1.806051     0.022653   -0.038875   -0.011803  
      3.497608  7.689129  0.167701     0.001116    0.022075    0.040927  
      0.729941 -1.742092  3.426074    -0.021042    0.010711    0.042030  
      3.649524 -1.063682  5.009619    -0.039732   -0.001365   -0.007281  
      3.497602  1.881150  3.185318     0.019880    0.015400    0.031672  
      0.607734  0.796438  4.991441     0.036390   -0.021506   -0.023426  
      3.375339  1.967512  0.204206     0.007886    0.023944   -0.031665  
     -4.653373  2.064634  6.742949     0.017101   -0.016234   -0.042076  
      6.083576 -2.784850  5.159316     0.012012   -0.037914    0.007369  
     -2.219333  2.795514  5.177507    -0.032421    0.027090    0.023428  
      0.548308  3.903600  3.221711     0.020366    0.008409   -0.040917  
     -0.607628 -1.150056  5.195771    -0.044155    0.008419    0.011772  
      4.653538  1.000780  4.973171     0.022614   -0.038886   -0.011790  
     -0.729846 -3.774957  6.611526     0.001183    0.022122    0.040958  
      2.037828  5.656242  3.353134    -0.021108    0.010714    0.042143  
     -0.881771  4.977838  1.769597    -0.039736   -0.001356   -0.007384  
     -0.729847  2.033015  3.593915     0.019857    0.015384    0.031695  
      2.160004  3.117729  1.787787     0.036267   -0.021523   -0.023337  
      2.219447  0.010558  3.557508     0.020470    0.008404   -0.040952  
      7.421126  1.849533  0.036282     0.017142   -0.016314   -0.042048  
     -3.315820  6.699001  1.619908     0.011909   -0.037954    0.007335  
      4.987075  1.118654  1.601721    -0.032411    0.027108    0.023388  
     -0.607587  1.946647  6.575029     0.007894    0.023868   -0.031705  
      0.723449  6.894140  1.617574     0.002192    0.002593    0.002391  
      6.258728 -0.089030  3.389576    -0.003901   -0.001372   -0.000294  
      0.723429  1.023073  1.771935     0.001721    0.002936   -0.002400  
     -2.170109  0.000137  6.779349     0.000000   -0.004145    0.000290  
      2.044298 -2.979976  5.161644     0.002195    0.002591    0.002387  
     -3.490979  4.003193  3.389648    -0.003897   -0.001387   -0.000293  
      2.044324  2.891089  5.007287     0.001716    0.002924   -0.002404  
      2.170267  0.000130  6.779292     0.000006   -0.004154    0.000288  
      4.251409  3.076817  1.694715     0.011038    0.015703    0.000004  
      4.151550  5.871112  3.389505    -0.081093   -0.028666    0.064517  
      1.383876  1.957084  3.389611     0.093225    0.020081   -0.049664  
      4.151542  0.000100  6.779265    -0.000001   -0.086017   -0.064497  
      1.283971  4.963231  1.572378    -0.012734    0.008920   -0.015422  
     -1.483656  0.837340  5.084502     0.011097    0.015678    0.000008  
      1.283950  2.027682  0.122291     0.001606   -0.001064   -0.001886  
      1.483744 -0.837217  1.694812    -0.011100   -0.015665   -0.000035  
      4.051646  3.006245  4.962025     0.012640   -0.008918    0.015492  
     -1.483661  3.984776  3.511966    -0.001559    0.001085    0.001909  
      1.284000  4.751385  5.084395    -0.011080   -0.015698    0.000081  
      1.483813  1.886490  6.656931     0.001512   -0.001132   -0.001930  
      4.251393 -0.070603  3.267260    -0.001547    0.001092    0.001920  
      1.483765 -1.049066  5.206845    -0.012571    0.008943   -0.015526  
     -1.283903  0.907920  1.817188     0.012633   -0.008909    0.015487  
     -1.383715  3.914186  6.779263    -0.012153    0.094616    0.049668  
 
 110 f  =    9.214274 THz    57.894992 2PiTHz  307.355101 cm-1    38.107159 meV
             X         Y         Z           dx          dy          dz
      3.375392  5.064220  1.583443    -0.016370   -0.040572    0.001286  
     -1.885782  2.913398  1.806051    -0.032807   -0.028981   -0.001250  
      3.497608  7.689129  0.167701     0.023566    0.035513   -0.010054  
      0.729941 -1.742092  3.426074    -0.010927    0.034402   -0.021373  
      3.649524 -1.063682  5.009619    -0.003142   -0.033431    0.036408  
      3.497602  1.881150  3.185318    -0.012919    0.044809   -0.016754  
      0.607734  0.796438  4.991441    -0.030035   -0.005439   -0.028741  
      3.375339  1.967512  0.204206     0.046531    0.002762    0.016739  
     -4.653373  2.064634  6.742949     0.036069    0.001168    0.021377  
      6.083576 -2.784850  5.159316    -0.030490   -0.014127   -0.036389  
     -2.219333  2.795514  5.177507     0.004935   -0.030158    0.028731  
      0.548308  3.903600  3.221711     0.025620    0.034047    0.010047  
     -0.607628 -1.150056  5.195771    -0.016404   -0.040574    0.001274  
      4.653538  1.000780  4.973171    -0.032792   -0.028964   -0.001287  
     -0.729846 -3.774957  6.611526     0.023576    0.035490   -0.010072  
      2.037828  5.656242  3.353134    -0.010917    0.034386   -0.021380  
     -0.881771  4.977838  1.769597    -0.003160   -0.033444    0.036415  
     -0.729847  2.033015  3.593915    -0.012872    0.044775   -0.016744  
      2.160004  3.117729  1.787787    -0.030047   -0.005421   -0.028762  
      2.219447  0.010558  3.557508     0.025616    0.034045    0.010051  
      7.421126  1.849533  0.036282     0.036050    0.001190    0.021398  
     -3.315820  6.699001  1.619908    -0.030473   -0.014111   -0.036413  
      4.987075  1.118654  1.601721     0.004890   -0.030138    0.028751  
     -0.607587  1.946647  6.575029     0.046557    0.002753    0.016766  
      0.723449  6.894140  1.617574     0.003240   -0.002592   -0.000156  
      6.258728 -0.089030  3.389576     0.000271    0.000110   -0.004143  
      0.723429  1.023073  1.771935    -0.003529    0.002192    0.000161  
     -2.170109  0.000137  6.779349     0.000015    0.000292    0.004141  
      2.044298 -2.979976  5.161644     0.003240   -0.002592   -0.000162  
     -3.490979  4.003193  3.389648     0.000272    0.000117   -0.004147  
      2.044324  2.891089  5.007287    -0.003529    0.002192    0.000159  
      2.170267  0.000130  6.779292     0.000013    0.000293    0.004138  
      4.251409  3.076817  1.694715    -0.008187   -0.011561   -0.000006  
      4.151550  5.871112  3.389505    -0.060854   -0.021486   -0.085992  
      1.383876  1.957084  3.389611    -0.039830    0.092665   -0.037273  
      4.151542  0.000100  6.779265     0.000028   -0.064517    0.086007  
      1.283971  4.963231  1.572378    -0.005492    0.003882   -0.006718  
     -1.483656  0.837340  5.084502    -0.008146   -0.011594    0.000002  
      1.283950  2.027682  0.122291     0.013699   -0.009706   -0.016791  
      1.483744 -0.837217  1.694812     0.008178    0.011567    0.000010  
      4.051646  3.006245  4.962025     0.005496   -0.003897    0.006704  
     -1.483661  3.984776  3.511966    -0.013710    0.009681    0.016798  
      1.284000  4.751385  5.084395     0.008178    0.011572    0.000001  
      1.483813  1.886490  6.656931     0.013733   -0.009687   -0.016782  
      4.251393 -0.070603  3.267260    -0.013715    0.009697    0.016796  
      1.483765 -1.049066  5.206845    -0.005505    0.003877   -0.006716  
     -1.283903  0.907920  1.817188     0.005488   -0.003880    0.006727  
     -1.383715  3.914186  6.779263     0.100668   -0.006682    0.037271  
 
 111 f  =    9.181687 THz    57.690239 2PiTHz  306.268101 cm-1    37.972388 meV
             X         Y         Z           dx          dy          dz
      3.375392  5.064220  1.583443     0.032748    0.045219    0.050610  
     -1.885782  2.913398  1.806051     0.031742    0.045957   -0.050616  
      3.497608  7.689129  0.167701    -0.073569   -0.016356   -0.000636  
      0.729941 -1.742092  3.426074    -0.073546    0.007588    0.014493  
      3.649524 -1.063682  5.009619     0.031689    0.020927    0.065010  
      3.497602  1.881150  3.185318    -0.073540    0.008691   -0.013815  
      0.607734  0.796438  4.991441     0.032786    0.021237   -0.064396  
      3.375339  1.967512  0.204206     0.032670   -0.066440    0.013831  
     -4.653373  2.064634  6.742949     0.031642   -0.066805   -0.014467  
      6.083576 -2.784850  5.159316     0.009161    0.036850   -0.065041  
     -2.219333  2.795514  5.177507     0.009134    0.037954    0.064382  
      0.548308  3.903600  3.221711     0.009055   -0.074832    0.000654  
     -0.607628 -1.150056  5.195771     0.032769    0.045242    0.050625  
      4.653538  1.000780  4.973171     0.031713    0.045966   -0.050618  
     -0.729846 -3.774957  6.611526    -0.073557   -0.016395   -0.000636  
      2.037828  5.656242  3.353134    -0.073526    0.007559    0.014483  
     -0.881771  4.977838  1.769597     0.031706    0.020908    0.065061  
     -0.729847  2.033015  3.593915    -0.073512    0.008631   -0.013799  
      2.160004  3.117729  1.787787     0.032728    0.021263   -0.064388  
      2.219447  0.010558  3.557508     0.009082   -0.074811    0.000614  
      7.421126  1.849533  0.036282     0.031658   -0.066785   -0.014506  
     -3.315820  6.699001  1.619908     0.009132    0.036865   -0.065044  
      4.987075  1.118654  1.601721     0.009108    0.037990    0.064421  
     -0.607587  1.946647  6.575029     0.032690   -0.066426    0.013806  
      0.723449  6.894140  1.617574    -0.003915   -0.005531    0.009582  
      6.258728 -0.089030  3.389576    -0.003911    0.011064    0.000004  
      0.723429  1.023073  1.771935    -0.003905   -0.005529   -0.009572  
     -2.170109  0.000137  6.779349     0.011739   -0.000000   -0.000008  
      2.044298 -2.979976  5.161644    -0.003911   -0.005527    0.009576  
     -3.490979  4.003193  3.389648    -0.003909    0.011065    0.000006  
      2.044324  2.891089  5.007287    -0.003911   -0.005538   -0.009589  
      2.170267  0.000130  6.779292     0.011730    0.000001   -0.000005  
      4.251409  3.076817  1.694715     0.012136    0.017248   -0.000003  
      4.151550  5.871112  3.389505    -0.007568    0.021605    0.000100  
      1.383876  1.957084  3.389611    -0.007611   -0.010904   -0.018631  
      4.151542  0.000100  6.779265     0.022890    0.000088   -0.000105  
      1.283971  4.963231  1.572378     0.012129   -0.008616    0.014934  
     -1.483656  0.837340  5.084502     0.012216    0.017180    0.000006  
      1.283950  2.027682  0.122291     0.012159   -0.008592   -0.014867  
      1.483744 -0.837217  1.694812    -0.012175   -0.017215    0.000028  
      4.051646  3.006245  4.962025    -0.012171    0.008595   -0.014911  
     -1.483661  3.984776  3.511966    -0.012155    0.008552    0.014896  
      1.284000  4.751385  5.084395    -0.012167   -0.017210   -0.000020  
      1.483813  1.886490  6.656931     0.012144   -0.008585   -0.014880  
      4.251393 -0.070603  3.267260    -0.012143    0.008636    0.014854  
      1.483765 -1.049066  5.206845     0.012194   -0.008606    0.014894  
     -1.283903  0.907920  1.817188    -0.012169    0.008612   -0.014910  
     -1.383715  3.914186  6.779263    -0.007736   -0.010811    0.018634  
 
 112 f  =    9.106956 THz    57.220694 2PiTHz  303.775361 cm-1    37.663328 meV
             X         Y         Z           dx          dy          dz
      3.375392  5.064220  1.583443    -0.054988   -0.016741   -0.009481  
     -1.885782  2.913398  1.806051     0.003683   -0.007246   -0.018127  
      3.497608  7.689129  0.167701    -0.028885   -0.053082   -0.037390  
      0.729941 -1.742092  3.426074     0.004949   -0.013630   -0.037309  
      3.649524 -1.063682  5.009619    -0.013332    0.004943    0.017786  
      3.497602  1.881150  3.185318     0.026228   -0.028568   -0.007350  
      0.607734  0.796438  4.991441    -0.004782    0.030741   -0.008981  
      3.375339  1.967512  0.204206     0.060587    0.006797    0.035669  
     -4.653373  2.064634  6.742949     0.008131    0.033589    0.003014  
      6.083576 -2.784850  5.159316     0.044665    0.012553    0.025337  
     -2.219333  2.795514  5.177507    -0.049676    0.036963    0.015730  
      0.548308  3.903600  3.221711     0.004950    0.009709    0.005111  
     -0.607628 -1.150056  5.195771     0.055040    0.016735    0.009508  
      4.653538  1.000780  4.973171    -0.003680    0.007293    0.018128  
     -0.729846 -3.774957  6.611526     0.028887    0.053110    0.037343  
      2.037828  5.656242  3.353134    -0.004971    0.013657    0.037273  
     -0.881771  4.977838  1.769597     0.013343   -0.004925   -0.017760  
     -0.729847  2.033015  3.593915    -0.026260    0.028573    0.007336  
      2.160004  3.117729  1.787787     0.004751   -0.030723    0.008979  
      2.219447  0.010558  3.557508    -0.004956   -0.009713   -0.005079  
      7.421126  1.849533  0.036282    -0.008117   -0.033570   -0.003000  
     -3.315820  6.699001  1.619908    -0.044684   -0.012512   -0.025398  
      4.987075  1.118654  1.601721     0.049730   -0.036989   -0.015691  
     -0.607587  1.946647  6.575029    -0.060532   -0.006843   -0.035592  
      0.723449  6.894140  1.617574     0.002937    0.005754   -0.009052  
      6.258728 -0.089030  3.389576    -0.002296    0.007301   -0.001930  
      0.723429  1.023073  1.771935     0.000038    0.000541   -0.003591  
     -2.170109  0.000137  6.779349     0.000777    0.002186   -0.001280  
      2.044298 -2.979976  5.161644    -0.002942   -0.005764    0.009053  
     -3.490979  4.003193  3.389648     0.002289   -0.007298    0.001921  
      2.044324  2.891089  5.007287    -0.000043   -0.000550    0.003594  
      2.170267  0.000130  6.779292    -0.000779   -0.002186    0.001280  
      4.251409  3.076817  1.694715     0.059812   -0.046048    0.014350  
      4.151550  5.871112  3.389505     0.000030    0.000016   -0.000056  
      1.383876  1.957084  3.389611    -0.000048    0.000005    0.000014  
      4.151542  0.000100  6.779265     0.000002    0.000051    0.000044  
      1.283971  4.963231  1.572378    -0.022996   -0.000506    0.013217  
     -1.483656  0.837340  5.084502    -0.059805    0.046026   -0.014346  
      1.283950  2.027682  0.122291     0.083470    0.046325    0.039625  
      1.483744 -0.837217  1.694812    -0.003510    0.006242   -0.038998  
      4.051646  3.006245  4.962025    -0.008551    0.049869    0.041044  
     -1.483661  3.984776  3.511966     0.001957    0.008249   -0.001382  
      1.284000  4.751385  5.084395     0.003522   -0.006224    0.038977  
      1.483813  1.886490  6.656931    -0.083463   -0.046335   -0.039636  
      4.251393 -0.070603  3.267260    -0.001972   -0.008248    0.001402  
      1.483765 -1.049066  5.206845     0.023022    0.000496   -0.013204  
     -1.283903  0.907920  1.817188     0.008545   -0.049853   -0.041063  
     -1.383715  3.914186  6.779263     0.000056   -0.000029    0.000013  
 
 113 f  =    9.106851 THz    57.220035 2PiTHz  303.771863 cm-1    37.662894 meV
             X         Y         Z           dx          dy          dz
      3.375392  5.064220  1.583443     0.038290    0.021711   -0.032452  
     -1.885782  2.913398  1.806051    -0.013049    0.012437   -0.025081  
      3.497608  7.689129  0.167701     0.013439   -0.020399    0.011725  
      0.729941 -1.742092  3.426074    -0.030800   -0.014634    0.052507  
      3.649524 -1.063682  5.009619     0.001942   -0.014765   -0.023820  
      3.497602  1.881150  3.185318     0.020383   -0.046259    0.031473  
      0.607734  0.796438  4.991441    -0.066176    0.018102    0.017205  
      3.375339  1.967512  0.204206     0.028972   -0.022794   -0.005644  
     -4.653373  2.064634  6.742949     0.009072    0.004803    0.017697  
      6.083576 -2.784850  5.159316    -0.031784    0.001691   -0.030443  
     -2.219333  2.795514  5.177507    -0.022643    0.019591   -0.003976  
      0.548308  3.903600  3.221711     0.054343    0.024472   -0.024963  
     -0.607628 -1.150056  5.195771    -0.038347   -0.021683    0.032515  
      4.653538  1.000780  4.973171     0.013119   -0.012442    0.025044  
     -0.729846 -3.774957  6.611526    -0.013479    0.020447   -0.011662  
      2.037828  5.656242  3.353134     0.030691    0.014674   -0.052434  
     -0.881771  4.977838  1.769597    -0.001967    0.014793    0.023866  
     -0.729847  2.033015  3.593915    -0.020405    0.046280   -0.031421  
      2.160004  3.117729  1.787787     0.066250   -0.018124   -0.017274  
      2.219447  0.010558  3.557508    -0.054303   -0.024520    0.024901  
      7.421126  1.849533  0.036282    -0.009036   -0.004852   -0.017751  
     -3.315820  6.699001  1.619908     0.031786   -0.001727    0.030402  
      4.987075  1.118654  1.601721     0.022607   -0.019516    0.004085  
     -0.607587  1.946647  6.575029    -0.028920    0.022784    0.005631  
      0.723449  6.894140  1.617574     0.001638   -0.000665   -0.003579  
      6.258728 -0.089030  3.389576     0.001992   -0.008123   -0.001618  
      0.723429  1.023073  1.771935    -0.002704   -0.005839   -0.008303  
     -2.170109  0.000137  6.779349     0.001055   -0.001294   -0.002174  
      2.044298 -2.979976  5.161644    -0.001639    0.000659    0.003587  
     -3.490979  4.003193  3.389648    -0.001997    0.008127    0.001610  
      2.044324  2.891089  5.007287     0.002704    0.005839    0.008287  
      2.170267  0.000130  6.779292    -0.001049    0.001282    0.002170  
      4.251409  3.076817  1.694715     0.060718   -0.039682    0.015279  
      4.151550  5.871112  3.389505    -0.000074   -0.000017    0.000038  
      1.383876  1.957084  3.389611     0.000073    0.000008   -0.000044  
      4.151542  0.000100  6.779265     0.000007   -0.000053   -0.000039  
      1.283971  4.963231  1.572378     0.082994    0.012580   -0.061608  
     -1.483656  0.837340  5.084502    -0.060695    0.039718   -0.015276  
      1.283950  2.027682  0.122291    -0.021399   -0.014380   -0.015064  
      1.483744 -0.837217  1.694812     0.007452   -0.008523    0.049121  
      4.051646  3.006245  4.962025    -0.002218    0.020613    0.014815  
     -1.483661  3.984776  3.511966     0.005550    0.049120   -0.017931  
      1.284000  4.751385  5.084395    -0.007483    0.008491   -0.049111  
      1.483813  1.886490  6.656931     0.021412    0.014376    0.015052  
      4.251393 -0.070603  3.267260    -0.005564   -0.049117    0.017953  
      1.483765 -1.049066  5.206845    -0.083008   -0.012574    0.061590  
     -1.283903  0.907920  1.817188     0.002234   -0.020594   -0.014788  
     -1.383715  3.914186  6.779263     0.000002    0.000084    0.000061  
 
 114 f  =    9.106756 THz    57.219435 2PiTHz  303.768680 cm-1    37.662499 meV
             X         Y         Z           dx          dy          dz
      3.375392  5.064220  1.583443     0.004188    0.015177   -0.007356  
     -1.885782  2.913398  1.806051    -0.006926   -0.071092   -0.015601  
      3.497608  7.689129  0.167701     0.012579   -0.025716   -0.009476  
      0.729941 -1.742092  3.426074     0.014260    0.008298    0.030130  
      3.649524 -1.063682  5.009619    -0.007163    0.052706   -0.050584  
      3.497602  1.881150  3.185318     0.008342    0.030958   -0.023740  
      0.607734  0.796438  4.991441     0.010206   -0.021054   -0.009376  
      3.375339  1.967512  0.204206    -0.002548    0.002982    0.017464  
     -4.653373  2.064634  6.742949    -0.009197    0.016131    0.068755  
      6.083576 -2.784850  5.159316    -0.000507   -0.009319   -0.043248  
     -2.219333  2.795514  5.177507     0.004884    0.038358    0.014253  
      0.548308  3.903600  3.221711    -0.005566   -0.037004    0.031230  
     -0.607628 -1.150056  5.195771    -0.004225   -0.015204    0.007340  
      4.653538  1.000780  4.973171     0.006934    0.071081    0.015627  
     -0.729846 -3.774957  6.611526    -0.012527    0.025750    0.009489  
      2.037828  5.656242  3.353134    -0.014240   -0.008302   -0.030121  
     -0.881771  4.977838  1.769597     0.007122   -0.052694    0.050535  
     -0.729847  2.033015  3.593915    -0.008287   -0.030961    0.023763  
      2.160004  3.117729  1.787787    -0.010206    0.021029    0.009408  
      2.219447  0.010558  3.557508     0.005559    0.037048   -0.031248  
      7.421126  1.849533  0.036282     0.009186   -0.016082   -0.068774  
     -3.315820  6.699001  1.619908     0.000502    0.009280    0.043274  
      4.987075  1.118654  1.601721    -0.004879   -0.038358   -0.014273  
     -0.607587  1.946647  6.575029     0.002550   -0.002939   -0.017469  
      0.723449  6.894140  1.617574     0.003184    0.001703   -0.001368  
      6.258728 -0.089030  3.389576     0.003498   -0.002749   -0.000342  
      0.723429  1.023073  1.771935     0.003767    0.001451    0.003873  
     -2.170109  0.000137  6.779349     0.011834   -0.000033    0.000276  
      2.044298 -2.979976  5.161644    -0.003187   -0.001703    0.001364  
     -3.490979  4.003193  3.389648    -0.003499    0.002744    0.000341  
      2.044324  2.891089  5.007287    -0.003763   -0.001451   -0.003868  
      2.170267  0.000130  6.779292    -0.011841    0.000027   -0.000277  
      4.251409  3.076817  1.694715    -0.012654    0.005358   -0.001224  
      4.151550  5.871112  3.389505    -0.000016   -0.000011   -0.000006  
      1.383876  1.957084  3.389611     0.000033    0.000001   -0.000005  
      4.151542  0.000100  6.779265    -0.000008    0.000011   -0.000028  
      1.283971  4.963231  1.572378    -0.002566   -0.000753    0.006185  
     -1.483656  0.837340  5.084502     0.012664   -0.005368    0.001226  
      1.283950  2.027682  0.122291    -0.000258   -0.003299   -0.001757  
      1.483744 -0.837217  1.694812     0.015284   -0.007218    0.084826  
      4.051646  3.006245  4.962025    -0.014953    0.066123    0.045856  
     -1.483661  3.984776  3.511966    -0.016345   -0.083718    0.038446  
      1.284000  4.751385  5.084395    -0.015286    0.007227   -0.084823  
      1.483813  1.886490  6.656931     0.000249    0.003301    0.001763  
      4.251393 -0.070603  3.267260     0.016349    0.083713   -0.038449  
      1.483765 -1.049066  5.206845     0.002535    0.000751   -0.006188  
     -1.283903  0.907920  1.817188     0.014970   -0.066107   -0.045833  
     -1.383715  3.914186  6.779263     0.000024    0.000019    0.000017  
 
 115 f  =    8.824656 THz    55.446948 2PiTHz  294.358837 cm-1    36.495828 meV
             X         Y         Z           dx          dy          dz
      3.375392  5.064220  1.583443    -0.021082   -0.034845   -0.023247  
     -1.885782  2.913398  1.806051     0.012862    0.007534   -0.015069  
      3.497608  7.689129  0.167701    -0.025216    0.034821    0.007753  
      0.729941 -1.742092  3.426074    -0.020545   -0.009739   -0.020944  
      3.649524 -1.063682  5.009619    -0.008609    0.017988   -0.021469  
      3.497602  1.881150  3.185318    -0.045789   -0.000689   -0.001717  
      0.607734  0.796438  4.991441    -0.041913    0.019995    0.047908  
      3.375339  1.967512  0.204206    -0.030754    0.046025   -0.022148  
     -4.653373  2.064634  6.742949     0.006119    0.007679   -0.008985  
      6.083576 -2.784850  5.159316    -0.040676    0.008069   -0.036178  
     -2.219333  2.795514  5.177507    -0.048344    0.031542    0.036183  
      0.548308  3.903600  3.221711    -0.050181   -0.014615    0.011031  
     -0.607628 -1.150056  5.195771    -0.021080   -0.034839   -0.023245  
      4.653538  1.000780  4.973171     0.012856    0.007538   -0.015060  
     -0.729846 -3.774957  6.611526    -0.025197    0.034828    0.007763  
      2.037828  5.656242  3.353134    -0.020532   -0.009747   -0.020941  
     -0.881771  4.977838  1.769597    -0.008628    0.017995   -0.021483  
     -0.729847  2.033015  3.593915    -0.045786   -0.000690   -0.001718  
      2.160004  3.117729  1.787787    -0.041919    0.019995    0.047916  
      2.219447  0.010558  3.557508    -0.050167   -0.014628    0.011035  
      7.421126  1.849533  0.036282     0.006129    0.007662   -0.008984  
     -3.315820  6.699001  1.619908    -0.040693    0.008079   -0.036189  
      4.987075  1.118654  1.601721    -0.048344    0.031547    0.036187  
     -0.607587  1.946647  6.575029    -0.030756    0.046013   -0.022154  
      0.723449  6.894140  1.617574     0.017302   -0.015833   -0.002785  
      6.258728 -0.089030  3.389576     0.016980   -0.004104    0.011113  
      0.723429  1.023073  1.771935     0.022736   -0.000211   -0.004247  
     -2.170109  0.000137  6.779349     0.014119   -0.005616    0.006533  
      2.044298 -2.979976  5.161644     0.017301   -0.015833   -0.002784  
     -3.490979  4.003193  3.389648     0.016981   -0.004105    0.011114  
      2.044324  2.891089  5.007287     0.022736   -0.000212   -0.004249  
      2.170267  0.000130  6.779292     0.014115   -0.005616    0.006533  
      4.251409  3.076817  1.694715    -0.048002    0.032673    0.011064  
      4.151550  5.871112  3.389505    -0.048918   -0.016486   -0.025430  
      1.383876  1.957084  3.389611    -0.067057    0.018359    0.016365  
      4.151542  0.000100  6.779265    -0.001148    0.021197   -0.016585  
      1.283971  4.963231  1.572378    -0.031108   -0.014498    0.012750  
     -1.483656  0.837340  5.084502    -0.048000    0.032673    0.011060  
      1.283950  2.027682  0.122291    -0.037780   -0.002564   -0.026186  
      1.483744 -0.837217  1.694812    -0.003137    0.000971   -0.008146  
      4.051646  3.006245  4.962025    -0.001977    0.012700    0.004670  
     -1.483661  3.984776  3.511966    -0.007966    0.017753   -0.013565  
      1.284000  4.751385  5.084395    -0.003133    0.000968   -0.008146  
      1.483813  1.886490  6.656931    -0.037795   -0.002572   -0.026195  
      4.251393 -0.070603  3.267260    -0.007967    0.017756   -0.013564  
      1.483765 -1.049066  5.206845    -0.031101   -0.014499    0.012749  
     -1.283903  0.907920  1.817188    -0.001983    0.012692    0.004661  
     -1.383715  3.914186  6.779263    -0.061282    0.041663   -0.000911  
 
 116 f  =    8.824595 THz    55.446566 2PiTHz  294.356804 cm-1    36.495576 meV
             X         Y         Z           dx          dy          dz
      3.375392  5.064220  1.583443     0.029002    0.029136    0.011219  
     -1.885782  2.913398  1.806051     0.029727    0.051053   -0.018407  
      3.497608  7.689129  0.167701     0.038386    0.045085    0.008499  
      0.729941 -1.742092  3.426074     0.022756    0.001135    0.020121  
      3.649524 -1.063682  5.009619    -0.026009    0.040649   -0.032889  
      3.497602  1.881150  3.185318    -0.027805    0.026734   -0.039386  
      0.607734  0.796438  4.991441    -0.019483    0.034448   -0.009283  
      3.375339  1.967512  0.204206     0.024714    0.007746    0.035448  
     -4.653373  2.064634  6.742949    -0.007461    0.033242   -0.023383  
      6.083576 -2.784850  5.159316     0.029334   -0.010711    0.020943  
     -2.219333  2.795514  5.177507     0.017857    0.011910    0.033946  
      0.548308  3.903600  3.221711     0.003483    0.047034   -0.003561  
     -0.607628 -1.150056  5.195771     0.028997    0.029156    0.011225  
      4.653538  1.000780  4.973171     0.029722    0.051035   -0.018412  
     -0.729846 -3.774957  6.611526     0.038375    0.045056    0.008491  
      2.037828  5.656242  3.353134     0.022774    0.001116    0.020113  
     -0.881771  4.977838  1.769597    -0.026016    0.040665   -0.032889  
     -0.729847  2.033015  3.593915    -0.027798    0.026719   -0.039397  
      2.160004  3.117729  1.787787    -0.019494    0.034444   -0.009289  
      2.219447  0.010558  3.557508     0.003490    0.047035   -0.003556  
      7.421126  1.849533  0.036282    -0.007454    0.033255   -0.023368  
     -3.315820  6.699001  1.619908     0.029333   -0.010713    0.020938  
      4.987075  1.118654  1.601721     0.017841    0.011933    0.033954  
     -0.607587  1.946647  6.575029     0.024729    0.007755    0.035460  
      0.723449  6.894140  1.617574    -0.014330   -0.015303   -0.004487  
      6.258728 -0.089030  3.389576    -0.008576   -0.015485   -0.006972  
      0.723429  1.023073  1.771935     0.002124   -0.021182    0.000869  
     -2.170109  0.000137  6.779349    -0.005156   -0.019925    0.009855  
      2.044298 -2.979976  5.161644    -0.014328   -0.015301   -0.004490  
     -3.490979  4.003193  3.389648    -0.008575   -0.015486   -0.006973  
      2.044324  2.891089  5.007287     0.002122   -0.021183    0.000866  
      2.170267  0.000130  6.779292    -0.005152   -0.019923    0.009855  
      4.251409  3.076817  1.694715    -0.011102    0.012462    0.003338  
      4.151550  5.871112  3.389505     0.042246    0.015934    0.013341  
      1.383876  1.957084  3.389611    -0.004311    0.053873   -0.028524  
      4.151542  0.000100  6.779265     0.000400    0.067246   -0.018161  
      1.283971  4.963231  1.572378     0.026851    0.019321   -0.011775  
     -1.483656  0.837340  5.084502    -0.011074    0.012444    0.003343  
      1.283950  2.027682  0.122291     0.026738    0.007596    0.018518  
      1.483744 -0.837217  1.694812     0.000977    0.003911    0.000619  
      4.051646  3.006245  4.962025     0.010076    0.047326    0.018093  
     -1.483661  3.984776  3.511966    -0.006282    0.040627   -0.027503  
      1.284000  4.751385  5.084395     0.000984    0.003914    0.000625  
      1.483813  1.886490  6.656931     0.026757    0.007606    0.018523  
      4.251393 -0.070603  3.267260    -0.006282    0.040626   -0.027504  
      1.483765 -1.049066  5.206845     0.026856    0.019325   -0.011774  
     -1.283903  0.907920  1.817188     0.010072    0.047365    0.018117  
     -1.383715  3.914186  6.779263     0.026937    0.043472    0.035280  
 
 117 f  =    8.824479 THz    55.445839 2PiTHz  294.352945 cm-1    36.495097 meV
             X         Y         Z           dx          dy          dz
      3.375392  5.064220  1.583443    -0.030462   -0.027372    0.033177  
     -1.885782  2.913398  1.806051     0.013375    0.033638    0.034575  
      3.497608  7.689129  0.167701     0.027739    0.023325   -0.002393  
      0.729941 -1.742092  3.426074    -0.044010    0.020874    0.050348  
      3.649524 -1.063682  5.009619     0.021811    0.019542    0.040601  
      3.497602  1.881150  3.185318     0.003110   -0.029111    0.028175  
      0.607734  0.796438  4.991441    -0.008678   -0.015577    0.019220  
      3.375339  1.967512  0.204206     0.025658    0.007212    0.024626  
     -4.653373  2.064634  6.742949    -0.033687    0.031899    0.052417  
      6.083576 -2.784850  5.159316    -0.014783   -0.026036    0.038057  
     -2.219333  2.795514  5.177507     0.009113    0.013098    0.017107  
      0.548308  3.903600  3.221711    -0.014378   -0.038615   -0.001785  
     -0.607628 -1.150056  5.195771    -0.030443   -0.027366    0.033178  
      4.653538  1.000780  4.973171     0.013374    0.033626    0.034570  
     -0.729846 -3.774957  6.611526     0.027740    0.023302   -0.002394  
      2.037828  5.656242  3.353134    -0.044012    0.020868    0.050361  
     -0.881771  4.977838  1.769597     0.021817    0.019543    0.040602  
     -0.729847  2.033015  3.593915     0.003110   -0.029128    0.028163  
      2.160004  3.117729  1.787787    -0.008695   -0.015576    0.019229  
      2.219447  0.010558  3.557508    -0.014361   -0.038606   -0.001797  
      7.421126  1.849533  0.036282    -0.033686    0.031910    0.052426  
     -3.315820  6.699001  1.619908    -0.014793   -0.026038    0.038046  
      4.987075  1.118654  1.601721     0.009108    0.013110    0.017130  
     -0.607587  1.946647  6.575029     0.025659    0.007225    0.024613  
      0.723449  6.894140  1.617574    -0.004145   -0.000769   -0.017654  
      6.258728 -0.089030  3.389576     0.012644    0.003179   -0.019649  
      0.723429  1.023073  1.771935    -0.000294    0.006069   -0.017907  
     -2.170109  0.000137  6.779349     0.002026   -0.011390   -0.020456  
      2.044298 -2.979976  5.161644    -0.004145   -0.000768   -0.017658  
     -3.490979  4.003193  3.389648     0.012645    0.003179   -0.019650  
      2.044324  2.891089  5.007287    -0.000295    0.006068   -0.017911  
      2.170267  0.000130  6.779292     0.002029   -0.011389   -0.020456  
      4.251409  3.076817  1.694715    -0.006957    0.004698    0.006662  
      4.151550  5.871112  3.389505    -0.026439   -0.009228    0.068300  
      1.383876  1.957084  3.389611    -0.019118   -0.032077    0.027496  
      4.151542  0.000100  6.779265    -0.000170    0.022634    0.069753  
      1.283971  4.963231  1.572378    -0.027993   -0.015360    0.017348  
     -1.483656  0.837340  5.084502    -0.006940    0.004682    0.006664  
      1.283950  2.027682  0.122291     0.018083    0.002029    0.017985  
      1.483744 -0.837217  1.694812    -0.010595    0.007282    0.060185  
      4.051646  3.006245  4.962025     0.004228    0.027677    0.015872  
     -1.483661  3.984776  3.511966     0.004492   -0.020962    0.020150  
      1.284000  4.751385  5.084395    -0.010589    0.007281    0.060200  
      1.483813  1.886490  6.656931     0.018074    0.002029    0.017980  
      4.251393 -0.070603  3.267260     0.004491   -0.020951    0.020143  
      1.483765 -1.049066  5.206845    -0.027960   -0.015353    0.017328  
     -1.283903  0.907920  1.817188     0.004227    0.027702    0.015886  
     -1.383715  3.914186  6.779263     0.020113    0.025844    0.024371  
 
 118 f  =    8.768873 THz    55.096452 2PiTHz  292.498111 cm-1    36.265127 meV
             X         Y         Z           dx          dy          dz
      3.375392  5.064220  1.583443     0.032029    0.018287   -0.032090  
     -1.885782  2.913398  1.806051    -0.009490   -0.021281    0.026292  
      3.497608  7.689129  0.167701    -0.012635    0.035149    0.016471  
      0.729941 -1.742092  3.426074     0.027726   -0.008672   -0.035068  
      3.649524 -1.063682  5.009619     0.014841   -0.039563    0.013713  
      3.497602  1.881150  3.185318    -0.009470   -0.015273    0.027601  
      0.607734  0.796438  4.991441     0.014579    0.007032   -0.002150  
      3.375339  1.967512  0.204206    -0.012359    0.028812   -0.009345  
     -4.653373  2.064634  6.742949     0.007231    0.001505    0.018806  
      6.083576 -2.784850  5.159316     0.011171    0.019291   -0.014166  
     -2.219333  2.795514  5.177507    -0.037455    0.026704    0.020510  
      0.548308  3.903600  3.221711     0.016429   -0.024902    0.005453  
     -0.607628 -1.150056  5.195771     0.032025    0.018282   -0.032093  
      4.653538  1.000780  4.973171    -0.009481   -0.021271    0.026283  
     -0.729846 -3.774957  6.611526    -0.012644    0.035139    0.016476  
      2.037828  5.656242  3.353134     0.027721   -0.008676   -0.035067  
     -0.881771  4.977838  1.769597     0.014843   -0.039573    0.013717  
     -0.729847  2.033015  3.593915    -0.009468   -0.015285    0.027609  
      2.160004  3.117729  1.787787     0.014577    0.007039   -0.002154  
      2.219447  0.010558  3.557508     0.016432   -0.024885    0.005448  
      7.421126  1.849533  0.036282     0.007228    0.001518    0.018808  
     -3.315820  6.699001  1.619908     0.011176    0.019297   -0.014167  
      4.987075  1.118654  1.601721    -0.037463    0.026699    0.020503  
     -0.607587  1.946647  6.575029    -0.012352    0.028815   -0.009339  
      0.723449  6.894140  1.617574    -0.001749   -0.001032   -0.001646  
      6.258728 -0.089030  3.389576    -0.001468   -0.002052   -0.001543  
      0.723429  1.023073  1.771935    -0.003343   -0.003293   -0.005228  
     -2.170109  0.000137  6.779349    -0.005211   -0.001147   -0.001538  
      2.044298 -2.979976  5.161644    -0.001752   -0.001033   -0.001645  
     -3.490979  4.003193  3.389648    -0.001466   -0.002050   -0.001544  
      2.044324  2.891089  5.007287    -0.003343   -0.003292   -0.005227  
      2.170267  0.000130  6.779292    -0.005211   -0.001147   -0.001539  
      4.251409  3.076817  1.694715    -0.033900    0.021444    0.006963  
      4.151550  5.871112  3.389505     0.107542    0.035600   -0.037528  
      1.383876  1.957084  3.389611     0.032352   -0.039976   -0.003278  
      4.151542  0.000100  6.779265    -0.008037   -0.025869    0.085211  
      1.283971  4.963231  1.572378     0.027522    0.009014   -0.019634  
     -1.483656  0.837340  5.084502    -0.033889    0.021438    0.006967  
      1.283950  2.027682  0.122291    -0.017372    0.005444   -0.018105  
      1.483744 -0.837217  1.694812     0.006483   -0.007106   -0.027584  
      4.051646  3.006245  4.962025    -0.006881    0.010039    0.009036  
     -1.483661  3.984776  3.511966     0.005414   -0.051438    0.033369  
      1.284000  4.751385  5.084395     0.006480   -0.007105   -0.027585  
      1.483813  1.886490  6.656931    -0.017367    0.005448   -0.018102  
      4.251393 -0.070603  3.267260     0.005417   -0.051420    0.033358  
      1.483765 -1.049066  5.206845     0.027525    0.009014   -0.019637  
     -1.283903  0.907920  1.817188    -0.006881    0.010043    0.009040  
     -1.383715  3.914186  6.779263    -0.013907    0.106995    0.055600  
 
 119 f  =    8.768722 THz    55.095502 2PiTHz  292.493067 cm-1    36.264502 meV
             X         Y         Z           dx          dy          dz
      3.375392  5.064220  1.583443    -0.022148   -0.024152   -0.019564  
     -1.885782  2.913398  1.806051     0.013065    0.041154    0.027682  
      3.497608  7.689129  0.167701    -0.019341    0.013416   -0.006584  
      0.729941 -1.742092  3.426074    -0.012131    0.004264   -0.023909  
      3.649524 -1.063682  5.009619     0.009334    0.025138    0.000353  
      3.497602  1.881150  3.185318     0.034144   -0.011431    0.012919  
      0.607734  0.796438  4.991441     0.035507   -0.035449   -0.011548  
      3.375339  1.967512  0.204206     0.003080   -0.016405   -0.016955  
     -4.653373  2.064634  6.742949    -0.016332    0.030095    0.019657  
      6.083576 -2.784850  5.159316    -0.045694   -0.000934   -0.022155  
     -2.219333  2.795514  5.177507     0.016403    0.012984    0.006809  
      0.548308  3.903600  3.221711     0.024472   -0.006473   -0.015536  
     -0.607628 -1.150056  5.195771    -0.022143   -0.024144   -0.019572  
      4.653538  1.000780  4.973171     0.013061    0.041128    0.027670  
     -0.729846 -3.774957  6.611526    -0.019360    0.013384   -0.006592  
      2.037828  5.656242  3.353134    -0.012135    0.004258   -0.023900  
     -0.881771  4.977838  1.769597     0.009344    0.025150    0.000347  
     -0.729847  2.033015  3.593915     0.034149   -0.011441    0.012915  
      2.160004  3.117729  1.787787     0.035504   -0.035451   -0.011559  
      2.219447  0.010558  3.557508     0.024475   -0.006458   -0.015532  
      7.421126  1.849533  0.036282    -0.016335    0.030124    0.019681  
     -3.315820  6.699001  1.619908    -0.045689   -0.000946   -0.022163  
      4.987075  1.118654  1.601721     0.016397    0.013005    0.006814  
     -0.607587  1.946647  6.575029     0.003091   -0.016397   -0.016946  
      0.723449  6.894140  1.617574    -0.002526   -0.003716    0.006141  
      6.258728 -0.089030  3.389576    -0.000239   -0.003156    0.002057  
      0.723429  1.023073  1.771935    -0.000366   -0.000690    0.003244  
     -2.170109  0.000137  6.779349    -0.002507   -0.001350    0.002074  
      2.044298 -2.979976  5.161644    -0.002527   -0.003714    0.006136  
     -3.490979  4.003193  3.389648    -0.000236   -0.003160    0.002056  
      2.044324  2.891089  5.007287    -0.000366   -0.000689    0.003242  
      2.170267  0.000130  6.779292    -0.002499   -0.001347    0.002073  
      4.251409  3.076817  1.694715     0.038749   -0.029438   -0.004399  
      4.151550  5.871112  3.389505    -0.039945   -0.018881   -0.103522  
      1.383876  1.957084  3.389611     0.109968   -0.004651   -0.038037  
      4.151542  0.000100  6.779265    -0.003872    0.114778   -0.004219  
      1.283971  4.963231  1.572378    -0.007031   -0.012799    0.000576  
     -1.483656  0.837340  5.084502     0.038758   -0.029449   -0.004392  
      1.283950  2.027682  0.122291    -0.043238   -0.010442   -0.027229  
      1.483744 -0.837217  1.694812    -0.009869    0.004938    0.014659  
      4.051646  3.006245  4.962025     0.003625    0.042484    0.023793  
     -1.483661  3.984776  3.511966     0.008660   -0.009128    0.014393  
      1.284000  4.751385  5.084395    -0.009864    0.004940    0.014688  
      1.483813  1.886490  6.656931    -0.043235   -0.010440   -0.027230  
      4.251393 -0.070603  3.267260     0.008657   -0.009134    0.014394  
      1.483765 -1.049066  5.206845    -0.007017   -0.012792    0.000565  
     -1.283903  0.907920  1.817188     0.003620    0.042532    0.023822  
     -1.383715  3.914186  6.779263    -0.009422   -0.001541    0.009680  
 
 120 f  =    8.768526 THz    55.094272 2PiTHz  292.486536 cm-1    36.263692 meV
             X         Y         Z           dx          dy          dz
      3.375392  5.064220  1.583443    -0.003264    0.011411   -0.009497  
     -1.885782  2.913398  1.806051    -0.012658    0.003603    0.007220  
      3.497608  7.689129  0.167701    -0.027052   -0.032287   -0.005480  
      0.729941 -1.742092  3.426074     0.018657    0.014219    0.026827  
      3.649524 -1.063682  5.009619     0.010735   -0.001496    0.035821  
      3.497602  1.881150  3.185318     0.003009    0.033051   -0.020750  
      0.607734  0.796438  4.991441     0.007434    0.016685   -0.028802  
      3.375339  1.967512  0.204206    -0.036890   -0.009619   -0.031294  
     -4.653373  2.064634  6.742949    -0.010113   -0.015205    0.042258  
      6.083576 -2.784850  5.159316    -0.003864   -0.003877    0.027855  
     -2.219333  2.795514  5.177507    -0.023464   -0.000287   -0.022272  
      0.548308  3.903600  3.221711     0.036850    0.029110   -0.008645  
     -0.607628 -1.150056  5.195771    -0.003255    0.011414   -0.009485  
      4.653538  1.000780  4.973171    -0.012659    0.003625    0.007233  
     -0.729846 -3.774957  6.611526    -0.027036   -0.032264   -0.005463  
      2.037828  5.656242  3.353134     0.018668    0.014224    0.026828  
     -0.881771  4.977838  1.769597     0.010737   -0.001510    0.035827  
     -0.729847  2.033015  3.593915     0.003007    0.033059   -0.020745  
      2.160004  3.117729  1.787787     0.007432    0.016684   -0.028793  
      2.219447  0.010558  3.557508     0.036841    0.029093   -0.008654  
      7.421126  1.849533  0.036282    -0.010112   -0.015227    0.042233  
     -3.315820  6.699001  1.619908    -0.003880   -0.003870    0.027854  
      4.987075  1.118654  1.601721    -0.023453   -0.000305   -0.022276  
     -0.607587  1.946647  6.575029    -0.036907   -0.009625   -0.031309  
      0.723449  6.894140  1.617574     0.001769   -0.001826   -0.000760  
      6.258728 -0.089030  3.389576     0.003240   -0.006171   -0.000561  
      0.723429  1.023073  1.771935     0.001239   -0.002594   -0.001782  
     -2.170109  0.000137  6.779349     0.004985   -0.001935   -0.000549  
      2.044298 -2.979976  5.161644     0.001770   -0.001827   -0.000756  
     -3.490979  4.003193  3.389648     0.003241   -0.006169   -0.000559  
      2.044324  2.891089  5.007287     0.001237   -0.002596   -0.001781  
      2.170267  0.000130  6.779292     0.004981   -0.001935   -0.000549  
      4.251409  3.076817  1.694715     0.001842   -0.002025   -0.011937  
      4.151550  5.871112  3.389505    -0.001923   -0.011982    0.051668  
      1.383876  1.957084  3.389611    -0.005120    0.099606   -0.059684  
      4.151542  0.000100  6.779265     0.007702    0.030915    0.086841  
      1.283971  4.963231  1.572378     0.043027    0.022571   -0.020079  
     -1.483656  0.837340  5.084502     0.001831   -0.002016   -0.011944  
      1.283950  2.027682  0.122291    -0.022053   -0.009455   -0.015691  
      1.483744 -0.837217  1.694812    -0.001956    0.000660    0.054952  
      4.051646  3.006245  4.962025    -0.009096   -0.036845   -0.011825  
     -1.483661  3.984776  3.511966     0.006245    0.005060   -0.000963  
      1.284000  4.751385  5.084395    -0.001957    0.000663    0.054930  
      1.483813  1.886490  6.656931    -0.022069   -0.009466   -0.015703  
      4.251393 -0.070603  3.267260     0.006246    0.005072   -0.000963  
      1.483765 -1.049066  5.206845     0.043021    0.022566   -0.020074  
     -1.283903  0.907920  1.817188    -0.009091   -0.036889   -0.011857  
     -1.383715  3.914186  6.779263    -0.113463    0.007259   -0.042762  
 
 121 f  =    6.198655 THz    38.947299 2PiTHz  206.764878 cm-1    25.635566 meV
             X         Y         Z           dx          dy          dz
      3.375392  5.064220  1.583443    -0.014034   -0.031410   -0.008720  
     -1.885782  2.913398  1.806051     0.012604    0.012616    0.009192  
      3.497608  7.689129  0.167701    -0.012102   -0.010168    0.042152  
      0.729941 -1.742092  3.426074     0.012410   -0.009483    0.017816  
      3.649524 -1.063682  5.009619    -0.033503   -0.007427   -0.031058  
      3.497602  1.881150  3.185318    -0.028287    0.016469    0.015569  
      0.607734  0.796438  4.991441     0.034782    0.018345   -0.012705  
      3.375339  1.967512  0.204206    -0.005493    0.020485    0.012094  
     -4.653373  2.064634  6.742949     0.034975   -0.006938    0.016543  
      6.083576 -2.784850  5.159316    -0.000815    0.044786   -0.014780  
     -2.219333  2.795514  5.177507     0.003409   -0.028255   -0.029626  
      0.548308  3.903600  3.221711     0.010887   -0.008755    0.038488  
     -0.607628 -1.150056  5.195771     0.014027    0.031408    0.008730  
      4.653538  1.000780  4.973171    -0.012602   -0.012612   -0.009205  
     -0.729846 -3.774957  6.611526     0.012094    0.010174   -0.042147  
      2.037828  5.656242  3.353134    -0.012414    0.009492   -0.017813  
     -0.881771  4.977838  1.769597     0.033507    0.007430    0.031067  
     -0.729847  2.033015  3.593915     0.028276   -0.016460   -0.015568  
      2.160004  3.117729  1.787787    -0.034790   -0.018347    0.012693  
      2.219447  0.010558  3.557508    -0.010876    0.008751   -0.038488  
      7.421126  1.849533  0.036282    -0.034962    0.006936   -0.016543  
     -3.315820  6.699001  1.619908     0.000817   -0.044793    0.014776  
      4.987075  1.118654  1.601721    -0.003414    0.028258    0.029639  
     -0.607587  1.946647  6.575029     0.005494   -0.020487   -0.012095  
      0.723449  6.894140  1.617574     0.015733    0.023494   -0.026417  
      6.258728 -0.089030  3.389576     0.006435   -0.003137    0.008491  
      0.723429  1.023073  1.771935    -0.020917   -0.030172   -0.046332  
     -2.170109  0.000137  6.779349    -0.016015   -0.000397    0.009558  
      2.044298 -2.979976  5.161644    -0.015732   -0.023499    0.026412  
     -3.490979  4.003193  3.389648    -0.006427    0.003137   -0.008492  
      2.044324  2.891089  5.007287     0.020915    0.030165    0.046341  
      2.170267  0.000130  6.779292     0.016012    0.000405   -0.009561  
      4.251409  3.076817  1.694715    -0.008570    0.009090   -0.005434  
      4.151550  5.871112  3.389505     0.000000   -0.000000    0.000002  
      1.383876  1.957084  3.389611    -0.000002   -0.000001    0.000003  
      4.151542  0.000100  6.779265    -0.000000    0.000004   -0.000003  
      1.283971  4.963231  1.572378    -0.008891    0.005316    0.001398  
     -1.483656  0.837340  5.084502     0.008568   -0.009084    0.005433  
      1.283950  2.027682  0.122291    -0.007838    0.000495   -0.013816  
      1.483744 -0.837217  1.694812     0.008172   -0.008818   -0.009566  
      4.051646  3.006245  4.962025     0.010517    0.003571    0.002414  
     -1.483661  3.984776  3.511966    -0.002419   -0.010071    0.010962  
      1.284000  4.751385  5.084395    -0.008173    0.008812    0.009569  
      1.483813  1.886490  6.656931     0.007835   -0.000493    0.013819  
      4.251393 -0.070603  3.267260     0.002422    0.010073   -0.010967  
      1.483765 -1.049066  5.206845     0.008892   -0.005314   -0.001399  
     -1.283903  0.907920  1.817188    -0.010519   -0.003568   -0.002416  
     -1.383715  3.914186  6.779263    -0.000005   -0.000003   -0.000004  
 
 122 f  =    6.198592 THz    38.946901 2PiTHz  206.762768 cm-1    25.635305 meV
             X         Y         Z           dx          dy          dz
      3.375392  5.064220  1.583443     0.027197   -0.030740   -0.007873  
     -1.885782  2.913398  1.806051     0.020784   -0.030895    0.017322  
      3.497608  7.689129  0.167701    -0.030898   -0.019415   -0.006730  
      0.729941 -1.742092  3.426074    -0.041794    0.011438    0.012857  
      3.649524 -1.063682  5.009619     0.025845   -0.005832   -0.027155  
      3.497602  1.881150  3.185318    -0.031727   -0.001373   -0.026423  
      0.607734  0.796438  4.991441     0.011877    0.000572    0.042542  
      3.375339  1.967512  0.204206     0.018001    0.029469   -0.031218  
     -4.653373  2.064634  6.742949     0.005975    0.037895    0.010993  
      6.083576 -2.784850  5.159316     0.018699   -0.007399   -0.004332  
     -2.219333  2.795514  5.177507     0.016091    0.003529    0.018804  
      0.548308  3.903600  3.221711     0.015371    0.002629   -0.011864  
     -0.607628 -1.150056  5.195771    -0.027200    0.030741    0.007883  
      4.653538  1.000780  4.973171    -0.020788    0.030889   -0.017331  
     -0.729846 -3.774957  6.611526     0.030894    0.019428    0.006727  
      2.037828  5.656242  3.353134     0.041783   -0.011429   -0.012853  
     -0.881771  4.977838  1.769597    -0.025848    0.005826    0.027169  
     -0.729847  2.033015  3.593915     0.031724    0.001374    0.026419  
      2.160004  3.117729  1.787787    -0.011883   -0.000576   -0.042548  
      2.219447  0.010558  3.557508    -0.015362   -0.002637    0.011868  
      7.421126  1.849533  0.036282    -0.005961   -0.037895   -0.010988  
     -3.315820  6.699001  1.619908    -0.018703    0.007404    0.004327  
      4.987075  1.118654  1.601721    -0.016094   -0.003537   -0.018802  
     -0.607587  1.946647  6.575029    -0.017996   -0.029463    0.031215  
      0.723449  6.894140  1.617574    -0.000322   -0.014421    0.023728  
      6.258728 -0.089030  3.389576    -0.002855    0.031036   -0.004060  
      0.723429  1.023073  1.771935     0.007917   -0.005366   -0.004087  
     -2.170109  0.000137  6.779349    -0.059903   -0.001173   -0.002561  
      2.044298 -2.979976  5.161644     0.000316    0.014417   -0.023737  
     -3.490979  4.003193  3.389648     0.002861   -0.031036    0.004062  
      2.044324  2.891089  5.007287    -0.007914    0.005360    0.004092  
      2.170267  0.000130  6.779292     0.059900    0.001185    0.002559  
      4.251409  3.076817  1.694715     0.013069   -0.004962   -0.009508  
      4.151550  5.871112  3.389505     0.000004    0.000001    0.000004  
      1.383876  1.957084  3.389611    -0.000000   -0.000004    0.000003  
      4.151542  0.000100  6.779265     0.000001   -0.000000   -0.000002  
      1.283971  4.963231  1.572378    -0.007276   -0.009851   -0.005332  
     -1.483656  0.837340  5.084502    -0.013065    0.004966    0.009508  
      1.283950  2.027682  0.122291    -0.010198    0.006698   -0.002773  
      1.483744 -0.837217  1.694812    -0.001024   -0.003502    0.015189  
      4.051646  3.006245  4.962025    -0.003335    0.004139    0.010641  
     -1.483661  3.984776  3.511966     0.001975   -0.011354   -0.001179  
      1.284000  4.751385  5.084395     0.001022    0.003497   -0.015185  
      1.483813  1.886490  6.656931     0.010194   -0.006696    0.002776  
      4.251393 -0.070603  3.267260    -0.001972    0.011348    0.001175  
      1.483765 -1.049066  5.206845     0.007274    0.009849    0.005338  
     -1.283903  0.907920  1.817188     0.003335   -0.004144   -0.010640  
     -1.383715  3.914186  6.779263    -0.000001    0.000001   -0.000002  
 
 123 f  =    6.198514 THz    38.946411 2PiTHz  206.760165 cm-1    25.634982 meV
             X         Y         Z           dx          dy          dz
      3.375392  5.064220  1.583443     0.020687    0.005025    0.028740  
     -1.885782  2.913398  1.806051     0.038528    0.011505   -0.024090  
      3.497608  7.689129  0.167701     0.028599   -0.007067    0.003847  
      0.729941 -1.742092  3.426074    -0.004233   -0.039629    0.009624  
      3.649524 -1.063682  5.009619    -0.016882   -0.018575    0.008748  
      3.497602  1.881150  3.185318    -0.010575   -0.030887   -0.014127  
      0.607734  0.796438  4.991441     0.003585   -0.017498   -0.017568  
      3.375339  1.967512  0.204206    -0.031769    0.022303   -0.003884  
     -4.653373  2.064634  6.742949    -0.028552    0.012473    0.013369  
      6.083576 -2.784850  5.159316     0.002015   -0.009531   -0.039254  
     -2.219333  2.795514  5.177507    -0.009201   -0.028967    0.032365  
      0.548308  3.903600  3.221711     0.000498    0.044828    0.014663  
     -0.607628 -1.150056  5.195771    -0.020698   -0.005017   -0.028740  
      4.653538  1.000780  4.973171    -0.038517   -0.011507    0.024092  
     -0.729846 -3.774957  6.611526    -0.028596    0.007065   -0.003836  
      2.037828  5.656242  3.353134     0.004230    0.039630   -0.009611  
     -0.881771  4.977838  1.769597     0.016879    0.018584   -0.008740  
     -0.729847  2.033015  3.593915     0.010570    0.030887    0.014136  
      2.160004  3.117729  1.787787    -0.003583    0.017492    0.017564  
      2.219447  0.010558  3.557508    -0.000500   -0.044834   -0.014673  
      7.421126  1.849533  0.036282     0.028553   -0.012474   -0.013371  
     -3.315820  6.699001  1.619908    -0.002004    0.009527    0.039255  
      4.987075  1.118654  1.601721     0.009197    0.028973   -0.032368  
     -0.607587  1.946647  6.575029     0.031770   -0.022306    0.003873  
      0.723449  6.894140  1.617574     0.016542    0.013514   -0.037040  
      6.258728 -0.089030  3.389576    -0.021694    0.050010    0.003050  
      0.723429  1.023073  1.771935     0.004564    0.002055    0.021702  
     -2.170109  0.000137  6.779349     0.007855   -0.009826   -0.000081  
      2.044298 -2.979976  5.161644    -0.016530   -0.013520    0.037041  
     -3.490979  4.003193  3.389648     0.021692   -0.050009   -0.003063  
      2.044324  2.891089  5.007287    -0.004571   -0.002050   -0.021702  
      2.170267  0.000130  6.779292    -0.007858    0.009826    0.000089  
      4.251409  3.076817  1.694715    -0.002348   -0.007264   -0.006361  
      4.151550  5.871112  3.389505    -0.000002   -0.000000   -0.000002  
      1.383876  1.957084  3.389611    -0.000005    0.000005   -0.000001  
      4.151542  0.000100  6.779265    -0.000001   -0.000002    0.000008  
      1.283971  4.963231  1.572378     0.010832    0.008559   -0.009589  
     -1.483656  0.837340  5.084502     0.002343    0.007261    0.006360  
      1.283950  2.027682  0.122291    -0.009183   -0.008781   -0.000376  
      1.483744 -0.837217  1.694812     0.007945    0.003349    0.003978  
      4.051646  3.006245  4.962025    -0.003035   -0.016946   -0.001649  
     -1.483661  3.984776  3.511966     0.010989   -0.003180    0.008788  
      1.284000  4.751385  5.084395    -0.007942   -0.003346   -0.003974  
      1.483813  1.886490  6.656931     0.009186    0.008781    0.000377  
      4.251393 -0.070603  3.267260    -0.010989    0.003176   -0.008783  
      1.483765 -1.049066  5.206845    -0.010831   -0.008562    0.009593  
     -1.283903  0.907920  1.817188     0.003032    0.016951    0.001647  
     -1.383715  3.914186  6.779263     0.000007   -0.000004    0.000002  
 
 124 f  =    6.182800 THz    38.847677 2PiTHz  206.236003 cm-1    25.569994 meV
             X         Y         Z           dx          dy          dz
      3.375392  5.064220  1.583443    -0.008421   -0.010632    0.031904  
     -1.885782  2.913398  1.806051    -0.007129   -0.011548   -0.031888  
      3.497608  7.689129  0.167701    -0.018233    0.029449    0.000774  
      0.729941 -1.742092  3.426074    -0.018274   -0.014067   -0.025900  
      3.649524 -1.063682  5.009619    -0.007154    0.033359    0.005954  
      3.497602  1.881150  3.185318    -0.018258   -0.015448    0.025086  
      0.607734  0.796438  4.991441    -0.008457    0.032910   -0.006717  
      3.375339  1.967512  0.204206    -0.008463   -0.022269   -0.025174  
     -4.653373  2.064634  6.742949    -0.007194   -0.021807    0.025939  
      6.083576 -2.784850  5.159316     0.033885    0.004338   -0.006001  
     -2.219333  2.795514  5.177507     0.033875    0.002980    0.006809  
      0.548308  3.903600  3.221711     0.033882   -0.007313   -0.000802  
     -0.607628 -1.150056  5.195771     0.008418    0.010631   -0.031903  
      4.653538  1.000780  4.973171     0.007130    0.011548    0.031887  
     -0.729846 -3.774957  6.611526     0.018235   -0.029450   -0.000778  
      2.037828  5.656242  3.353134     0.018273    0.014070    0.025901  
     -0.881771  4.977838  1.769597     0.007155   -0.033360   -0.005952  
     -0.729847  2.033015  3.593915     0.018261    0.015449   -0.025088  
      2.160004  3.117729  1.787787     0.008454   -0.032910    0.006718  
      2.219447  0.010558  3.557508    -0.033880    0.007318    0.000806  
      7.421126  1.849533  0.036282     0.007194    0.021805   -0.025940  
     -3.315820  6.699001  1.619908    -0.033886   -0.004340    0.006000  
      4.987075  1.118654  1.601721    -0.033872   -0.002981   -0.006812  
     -0.607587  1.946647  6.575029     0.008462    0.022271    0.025176  
      0.723449  6.894140  1.617574    -0.012332   -0.017458    0.030235  
      6.258728 -0.089030  3.389576    -0.012355    0.034973   -0.000006  
      0.723429  1.023073  1.771935    -0.012326   -0.017454   -0.030206  
     -2.170109  0.000137  6.779349     0.036952   -0.000011   -0.000009  
      2.044298 -2.979976  5.161644     0.012331    0.017461   -0.030234  
     -3.490979  4.003193  3.389648     0.012357   -0.034972    0.000006  
      2.044324  2.891089  5.007287     0.012326    0.017450    0.030203  
      2.170267  0.000130  6.779292    -0.036954    0.000013    0.000010  
      4.251409  3.076817  1.694715    -0.011101   -0.015728   -0.000013  
      4.151550  5.871112  3.389505     0.000001   -0.000000    0.000002  
      1.383876  1.957084  3.389611    -0.000000   -0.000001   -0.000001  
      4.151542  0.000100  6.779265    -0.000002    0.000000    0.000000  
      1.283971  4.963231  1.572378     0.011114   -0.007865    0.013595  
     -1.483656  0.837340  5.084502     0.011098    0.015730    0.000013  
      1.283950  2.027682  0.122291     0.011096   -0.007859   -0.013615  
      1.483744 -0.837217  1.694812    -0.011113   -0.015720    0.000023  
      4.051646  3.006245  4.962025     0.011109   -0.007868    0.013624  
     -1.483661  3.984776  3.511966     0.011124   -0.007873   -0.013610  
      1.284000  4.751385  5.084395     0.011113    0.015718   -0.000023  
      1.483813  1.886490  6.656931    -0.011099    0.007858    0.013613  
      4.251393 -0.070603  3.267260    -0.011123    0.007872    0.013610  
      1.483765 -1.049066  5.206845    -0.011114    0.007866   -0.013595  
     -1.283903  0.907920  1.817188    -0.011108    0.007867   -0.013624  
     -1.383715  3.914186  6.779263     0.000001    0.000001    0.000000  
 
 125 f  =    5.725550 THz    35.974692 2PiTHz  190.983793 cm-1    23.678962 meV
             X         Y         Z           dx          dy          dz
      3.375392  5.064220  1.583443    -0.004124    0.003731    0.006492  
     -1.885782  2.913398  1.806051    -0.035440    0.018006    0.000264  
      3.497608  7.689129  0.167701    -0.000992   -0.022355    0.016416  
      0.729941 -1.742092  3.426074     0.003306   -0.037620    0.014966  
      3.649524 -1.063682  5.009619     0.001829    0.007168    0.001831  
      3.497602  1.881150  3.185318     0.002929   -0.024196    0.001285  
      0.607734  0.796438  4.991441    -0.022186    0.004228   -0.002468  
      3.375339  1.967512  0.204206     0.029785    0.013815   -0.023555  
     -4.653373  2.064634  6.742949     0.026417    0.008285   -0.009294  
      6.083576 -2.784850  5.159316    -0.020390    0.018753    0.001817  
     -2.219333  2.795514  5.177507     0.004531   -0.000007    0.005097  
      0.548308  3.903600  3.221711     0.012645    0.007807   -0.017432  
     -0.607628 -1.150056  5.195771     0.004134   -0.003706   -0.006520  
      4.653538  1.000780  4.973171     0.035459   -0.017993   -0.000239  
     -0.729846 -3.774957  6.611526     0.000997    0.022321   -0.016415  
      2.037828  5.656242  3.353134    -0.003308    0.037591   -0.014969  
     -0.881771  4.977838  1.769597    -0.001814   -0.007150   -0.001844  
     -0.729847  2.033015  3.593915    -0.002929    0.024168   -0.001282  
      2.160004  3.117729  1.787787     0.022201   -0.004200    0.002495  
      2.219447  0.010558  3.557508    -0.012676   -0.007809    0.017434  
      7.421126  1.849533  0.036282    -0.026449   -0.008300    0.009294  
     -3.315820  6.699001  1.619908     0.020404   -0.018734   -0.001809  
      4.987075  1.118654  1.601721    -0.004517    0.000030   -0.005121  
     -0.607587  1.946647  6.575029    -0.029817   -0.013825    0.023556  
      0.723449  6.894140  1.617574    -0.036958    0.023561    0.000397  
      6.258728 -0.089030  3.389576     0.036454    0.014229   -0.022123  
      0.723429  1.023073  1.771935    -0.000407    0.003273    0.003259  
     -2.170109  0.000137  6.779349     0.001263   -0.040570    0.019418  
      2.044298 -2.979976  5.161644     0.036975   -0.023540   -0.000373  
     -3.490979  4.003193  3.389648    -0.036485   -0.014238    0.022113  
      2.044324  2.891089  5.007287     0.000423   -0.003249   -0.003279  
      2.170267  0.000130  6.779292    -0.001263    0.040534   -0.019412  
      4.251409  3.076817  1.694715    -0.002588    0.015350   -0.007374  
      4.151550  5.871112  3.389505    -0.000006   -0.000002   -0.000009  
      1.383876  1.957084  3.389611    -0.000004    0.000009   -0.000004  
      4.151542  0.000100  6.779265     0.000000   -0.000008    0.000010  
      1.283971  4.963231  1.572378    -0.015847    0.007378   -0.000114  
     -1.483656  0.837340  5.084502     0.002574   -0.015366    0.007373  
      1.283950  2.027682  0.122291     0.011492   -0.015284    0.000876  
      1.483744 -0.837217  1.694812    -0.017806   -0.000934    0.006239  
      4.051646  3.006245  4.962025    -0.003523   -0.014341    0.011892  
     -1.483661  3.984776  3.511966    -0.013347   -0.006003    0.009889  
      1.284000  4.751385  5.084395     0.017816    0.000947   -0.006239  
      1.483813  1.886490  6.656931    -0.011480    0.015274   -0.000892  
      4.251393 -0.070603  3.267260     0.013333    0.006009   -0.009871  
      1.483765 -1.049066  5.206845     0.015843   -0.007375    0.000110  
     -1.283903  0.907920  1.817188     0.003526    0.014340   -0.011890  
     -1.383715  3.914186  6.779263     0.000008    0.000002    0.000006  
 
 126 f  =    5.725432 THz    35.973949 2PiTHz  190.979847 cm-1    23.678473 meV
             X         Y         Z           dx          dy          dz
      3.375392  5.064220  1.583443    -0.029712    0.010412    0.005204  
     -1.885782  2.913398  1.806051     0.015271    0.007015    0.012412  
      3.497608  7.689129  0.167701     0.001512   -0.003639   -0.037836  
      0.729941 -1.742092  3.426074     0.003308   -0.006265   -0.019443  
      3.649524 -1.063682  5.009619    -0.038540   -0.002108    0.013992  
      3.497602  1.881150  3.185318    -0.001479   -0.017979   -0.031682  
      0.607734  0.796438  4.991441     0.022446    0.010579    0.021572  
      3.375339  1.967512  0.204206     0.009495   -0.002348   -0.003054  
     -4.653373  2.064634  6.742949     0.018675    0.000227    0.008513  
      6.083576 -2.784850  5.159316     0.005422    0.010858    0.014102  
     -2.219333  2.795514  5.177507    -0.020652   -0.002290    0.012894  
      0.548308  3.903600  3.221711     0.013179    0.000428    0.001177  
     -0.607628 -1.150056  5.195771     0.029786   -0.010451   -0.005224  
      4.653538  1.000780  4.973171    -0.015338   -0.006964   -0.012390  
     -0.729846 -3.774957  6.611526    -0.001499    0.003619    0.037753  
      2.037828  5.656242  3.353134    -0.003322    0.006232    0.019360  
     -0.881771  4.977838  1.769597     0.038625    0.002061   -0.014015  
     -0.729847  2.033015  3.593915     0.001491    0.017954    0.031583  
      2.160004  3.117729  1.787787    -0.022489   -0.010497   -0.021564  
      2.219447  0.010558  3.557508    -0.013197   -0.000420   -0.001096  
      7.421126  1.849533  0.036282    -0.018707   -0.000252   -0.008429  
     -3.315820  6.699001  1.619908    -0.005492   -0.010784   -0.014078  
      4.987075  1.118654  1.601721     0.020742    0.002268   -0.012901  
     -0.607587  1.946647  6.575029    -0.009521    0.002345    0.003153  
      0.723449  6.894140  1.617574     0.024223    0.013514    0.021085  
      6.258728 -0.089030  3.389576     0.018989    0.002767    0.004680  
      0.723429  1.023073  1.771935    -0.043788   -0.000061    0.017739  
     -2.170109  0.000137  6.779349     0.000799   -0.017248   -0.043050  
      2.044298 -2.979976  5.161644    -0.024280   -0.013441   -0.021062  
     -3.490979  4.003193  3.389648    -0.019027   -0.002778   -0.004586  
      2.044324  2.891089  5.007287     0.043882    0.000038   -0.017765  
      2.170267  0.000130  6.779292    -0.000798    0.017208    0.042960  
      4.251409  3.076817  1.694715    -0.015615   -0.004455    0.007835  
      4.151550  5.871112  3.389505    -0.000026   -0.000008    0.000013  
      1.383876  1.957084  3.389611     0.000020    0.000010   -0.000014  
      4.151542  0.000100  6.779265     0.000000   -0.000024   -0.000011  
      1.283971  4.963231  1.572378    -0.004630   -0.000705   -0.018700  
     -1.483656  0.837340  5.084502     0.015631    0.004478   -0.007835  
      1.283950  2.027682  0.122291    -0.012134   -0.010585    0.002034  
      1.483744 -0.837217  1.694812     0.006830    0.010716    0.011780  
      4.051646  3.006245  4.962025     0.019003   -0.002478    0.005202  
     -1.483661  3.984776  3.511966    -0.011561   -0.001482   -0.014386  
      1.284000  4.751385  5.084395    -0.006846   -0.010739   -0.011779  
      1.483813  1.886490  6.656931     0.012160    0.010569   -0.002066  
      4.251393 -0.070603  3.267260     0.011534    0.001500    0.014416  
      1.483765 -1.049066  5.206845     0.004593    0.000733    0.018648  
     -1.283903  0.907920  1.817188    -0.018959    0.002448   -0.005151  
     -1.383715  3.914186  6.779263     0.000002    0.000024    0.000015  
 
 127 f  =    5.725401 THz    35.973756 2PiTHz  190.978821 cm-1    23.678345 meV
             X         Y         Z           dx          dy          dz
      3.375392  5.064220  1.583443     0.011739   -0.030651    0.009635  
     -1.885782  2.913398  1.806051     0.000273    0.015495    0.003021  
      3.497608  7.689129  0.167701     0.006074    0.004410   -0.001273  
      0.729941 -1.742092  3.426074     0.004225    0.012438    0.004375  
      3.649524 -1.063682  5.009619    -0.000691   -0.018376    0.013428  
      3.497602  1.881150  3.185318     0.005389    0.017108    0.004952  
      0.607734  0.796438  4.991441     0.006672    0.021163    0.013310  
      3.375339  1.967512  0.204206    -0.007994   -0.001737   -0.021498  
     -4.653373  2.064634  6.742949    -0.021136   -0.009379   -0.021490  
      6.083576 -2.784850  5.159316     0.001964    0.031143    0.013445  
     -2.219333  2.795514  5.177507    -0.000806   -0.034078    0.021397  
      0.548308  3.903600  3.221711    -0.010768   -0.007785   -0.037309  
     -0.607628 -1.150056  5.195771    -0.011748    0.030699   -0.009660  
      4.653538  1.000780  4.973171    -0.000231   -0.015495   -0.002993  
     -0.729846 -3.774957  6.611526    -0.006069   -0.004454    0.001307  
      2.037828  5.656242  3.353134    -0.004218   -0.012474   -0.004346  
     -0.881771  4.977838  1.769597     0.000674    0.018421   -0.013440  
     -0.729847  2.033015  3.593915    -0.005393   -0.017142   -0.004917  
      2.160004  3.117729  1.787787    -0.006629   -0.021156   -0.013284  
      2.219447  0.010558  3.557508     0.010728    0.007774    0.037271  
      7.421126  1.849533  0.036282     0.021096    0.009372    0.021464  
     -3.315820  6.699001  1.619908    -0.001916   -0.031135   -0.013430  
      4.987075  1.118654  1.601721     0.000800    0.034110   -0.021423  
     -0.607587  1.946647  6.575029     0.007970    0.001717    0.021463  
      0.723449  6.894140  1.617574     0.006155    0.031722    0.017680  
      6.258728 -0.089030  3.389576    -0.017289   -0.007269   -0.041570  
      0.723429  1.023073  1.771935     0.008403   -0.041610    0.020754  
     -2.170109  0.000137  6.779349     0.003787    0.017213    0.002716  
      2.044298 -2.979976  5.161644    -0.006108   -0.031726   -0.017663  
     -3.490979  4.003193  3.389648     0.017257    0.007260    0.041534  
      2.044324  2.891089  5.007287    -0.008418    0.041659   -0.020775  
      2.170267  0.000130  6.779292    -0.003790   -0.017245   -0.002675  
      4.251409  3.076817  1.694715     0.006232    0.009968    0.015377  
      4.151550  5.871112  3.389505     0.000000    0.000000   -0.000013  
      1.383876  1.957084  3.389611    -0.000010    0.000006    0.000001  
      4.151542  0.000100  6.779265    -0.000001   -0.000000    0.000015  
      1.283971  4.963231  1.572378     0.004235    0.017396   -0.000943  
     -1.483656  0.837340  5.084502    -0.006252   -0.009999   -0.015377  
      1.283950  2.027682  0.122291    -0.003299    0.001815    0.018830  
      1.483744 -0.837217  1.694812     0.003411   -0.016802    0.006844  
      4.051646  3.006245  4.962025    -0.001777    0.007797    0.013502  
     -1.483661  3.984776  3.511966     0.007994   -0.014998   -0.007350  
      1.284000  4.751385  5.084395    -0.003390    0.016832   -0.006846  
      1.483813  1.886490  6.656931     0.003309   -0.001818   -0.018840  
      4.251393 -0.070603  3.267260    -0.008002    0.015001    0.007358  
      1.483765 -1.049066  5.206845    -0.004223   -0.017404    0.000959  
     -1.283903  0.907920  1.817188     0.001768   -0.007792   -0.013516  
     -1.383715  3.914186  6.779263     0.000011   -0.000011   -0.000002  
 
 128 f  =    5.634891 THz    35.405064 2PiTHz  187.959729 cm-1    23.304026 meV
             X         Y         Z           dx          dy          dz
      3.375392  5.064220  1.583443     0.016642   -0.030834   -0.014573  
     -1.885782  2.913398  1.806051    -0.034645    0.005391    0.014560  
      3.497608  7.689129  0.167701     0.020897    0.004313   -0.031360  
      0.729941 -1.742092  3.426074    -0.032037   -0.003796    0.006213  
      3.649524 -1.063682  5.009619     0.027538    0.004965   -0.027746  
      3.497602  1.881150  3.185318     0.011142   -0.032292   -0.019584  
      0.607734  0.796438  4.991441     0.017503    0.014027   -0.023995  
      3.375339  1.967512  0.204206    -0.034153   -0.000260    0.019614  
     -4.653373  2.064634  6.742949     0.007107   -0.031463   -0.006198  
      6.083576 -2.784850  5.159316    -0.004513    0.027577    0.027722  
     -2.219333  2.795514  5.177507     0.007413    0.021219    0.023954  
      0.548308  3.903600  3.221711    -0.002901    0.021145    0.031397  
     -0.607628 -1.150056  5.195771    -0.016632    0.030868    0.014544  
      4.653538  1.000780  4.973171     0.034671   -0.005374   -0.014526  
     -0.729846 -3.774957  6.611526    -0.020889   -0.004356    0.031372  
      2.037828  5.656242  3.353134     0.032033    0.003753   -0.006208  
     -0.881771  4.977838  1.769597    -0.027526   -0.004933    0.027731  
     -0.729847  2.033015  3.593915    -0.011146    0.032255    0.019594  
      2.160004  3.117729  1.787787    -0.017474   -0.014000    0.024020  
      2.219447  0.010558  3.557508     0.002857   -0.021156   -0.031414  
      7.421126  1.849533  0.036282    -0.007152    0.031450    0.006195  
     -3.315820  6.699001  1.619908     0.004538   -0.027550   -0.027704  
      4.987075  1.118654  1.601721    -0.007396   -0.021191   -0.023980  
     -0.607587  1.946647  6.575029     0.034125    0.000240   -0.019623  
      0.723449  6.894140  1.617574     0.010196   -0.031942   -0.014282  
      6.258728 -0.089030  3.389576     0.023285    0.008235   -0.026763  
      0.723429  1.023073  1.771935    -0.033478   -0.000981    0.014240  
     -2.170109  0.000137  6.779349     0.000008    0.024690    0.026804  
      2.044298 -2.979976  5.161644    -0.010165    0.031960    0.014303  
     -3.490979  4.003193  3.389648    -0.023327   -0.008250    0.026752  
      2.044324  2.891089  5.007287     0.033486    0.001022   -0.014268  
      2.170267  0.000130  6.779292    -0.000007   -0.024735   -0.026789  
      4.251409  3.076817  1.694715    -0.002815   -0.003988   -0.000012  
      4.151550  5.871112  3.389505    -0.000006   -0.000002   -0.000011  
      1.383876  1.957084  3.389611    -0.000005    0.000012   -0.000005  
      4.151542  0.000100  6.779265     0.000000   -0.000007    0.000012  
      1.283971  4.963231  1.572378     0.012150   -0.008599    0.014893  
     -1.483656  0.837340  5.084502     0.002802    0.003965    0.000013  
      1.283950  2.027682  0.122291    -0.014941    0.010576    0.018301  
      1.483744 -0.837217  1.694812    -0.002808   -0.003962   -0.000008  
      4.051646  3.006245  4.962025     0.012137   -0.008599    0.014875  
     -1.483661  3.984776  3.511966    -0.014971    0.010594    0.018348  
      1.284000  4.751385  5.084395     0.002826    0.003990    0.000009  
      1.483813  1.886490  6.656931     0.014960   -0.010586   -0.018323  
      4.251393 -0.070603  3.267260     0.014953   -0.010583   -0.018328  
      1.483765 -1.049066  5.206845    -0.012152    0.008596   -0.014891  
     -1.283903  0.907920  1.817188    -0.012136    0.008599   -0.014873  
     -1.383715  3.914186  6.779263     0.000013   -0.000003    0.000003  
 
 129 f  =    5.634852 THz    35.404822 2PiTHz  187.958447 cm-1    23.303867 meV
             X         Y         Z           dx          dy          dz
      3.375392  5.064220  1.583443     0.029826   -0.001945    0.019476  
     -1.885782  2.913398  1.806051    -0.011772    0.027448   -0.019489  
      3.497608  7.689129  0.167701    -0.024941   -0.001510   -0.025414  
      0.729941 -1.742092  3.426074    -0.005627    0.036094   -0.017333  
      3.649524 -1.063682  5.009619    -0.024110   -0.014802   -0.019032  
      3.497602  1.881150  3.185318     0.030556    0.010292    0.011191  
      0.607734  0.796438  4.991441    -0.029317   -0.011391   -0.025435  
      3.375339  1.967512  0.204206    -0.000500    0.032230   -0.011167  
     -4.653373  2.064634  6.742949     0.035883    0.006725    0.017331  
      6.083576 -2.784850  5.159316    -0.005915   -0.027699    0.019019  
     -2.219333  2.795514  5.177507    -0.000954   -0.031416    0.025418  
      0.548308  3.903600  3.221711     0.006874   -0.024015    0.025432  
     -0.607628 -1.150056  5.195771    -0.029863    0.001955   -0.019458  
      4.653538  1.000780  4.973171     0.011799   -0.027482    0.019469  
     -0.729846 -3.774957  6.611526     0.024931    0.001531    0.025463  
      2.037828  5.656242  3.353134     0.005640   -0.036066    0.017376  
     -0.881771  4.977838  1.769597     0.024056    0.014820    0.019042  
     -0.729847  2.033015  3.593915    -0.030561   -0.010265   -0.011137  
      2.160004  3.117729  1.787787     0.029337    0.011340    0.025423  
      2.219447  0.010558  3.557508    -0.006854    0.024018   -0.025482  
      7.421126  1.849533  0.036282    -0.035861   -0.006705   -0.017380  
     -3.315820  6.699001  1.619908     0.005951    0.027653   -0.019033  
      4.987075  1.118654  1.601721     0.000899    0.031419   -0.025401  
     -0.607587  1.946647  6.575029     0.000526   -0.032227    0.011118  
      0.723449  6.894140  1.617574     0.032788    0.003542    0.015438  
      6.258728 -0.089030  3.389576    -0.025233   -0.008927   -0.024750  
      0.723429  1.023073  1.771935    -0.007558    0.032111   -0.015458  
     -2.170109  0.000137  6.779349    -0.000003   -0.026740    0.024774  
      2.044298 -2.979976  5.161644    -0.032765   -0.003590   -0.015459  
     -3.490979  4.003193  3.389648     0.025267    0.008936    0.024706  
      2.044324  2.891089  5.007287     0.007498   -0.032103    0.015478  
      2.170267  0.000130  6.779292     0.000004    0.026770   -0.024730  
      4.251409  3.076817  1.694715     0.015665    0.022139   -0.000006  
      4.151550  5.871112  3.389505     0.000017    0.000005   -0.000002  
      1.383876  1.957084  3.389611    -0.000011   -0.000008    0.000010  
      4.151542  0.000100  6.779265     0.000000    0.000014    0.000000  
      1.283971  4.963231  1.572378     0.010276   -0.007263    0.012597  
     -1.483656  0.837340  5.084502    -0.015670   -0.022147    0.000006  
      1.283950  2.027682  0.122291     0.005394   -0.003803   -0.006589  
      1.483744 -0.837217  1.694812     0.015650    0.022128   -0.000007  
      4.051646  3.006245  4.962025     0.010233   -0.007242    0.012552  
     -1.483661  3.984776  3.511966     0.005411   -0.003819   -0.006607  
      1.284000  4.751385  5.084395    -0.015646   -0.022117    0.000008  
      1.483813  1.886490  6.656931    -0.005409    0.003814    0.006612  
      4.251393 -0.070603  3.267260    -0.005390    0.003810    0.006582  
      1.483765 -1.049066  5.206845    -0.010254    0.007246   -0.012569  
     -1.283903  0.907920  1.817188    -0.010258    0.007259   -0.012578  
     -1.383715  3.914186  6.779263    -0.000003   -0.000014   -0.000010  
 
 130 f  =    5.605732 THz    35.221852 2PiTHz  186.987088 cm-1    23.183434 meV
             X         Y         Z           dx          dy          dz
      3.375392  5.064220  1.583443    -0.017934    0.029877   -0.010512  
     -1.885782  2.913398  1.806051     0.034137   -0.006924    0.010518  
      3.497608  7.689129  0.167701     0.000456   -0.017538    0.031816  
      0.729941 -1.742092  3.426074     0.005032   -0.012514    0.027747  
      3.649524 -1.063682  5.009619    -0.020669    0.029984   -0.002154  
      3.497602  1.881150  3.185318    -0.005501   -0.011506    0.034128  
      0.607734  0.796438  4.991441     0.026922   -0.010069    0.011346  
      3.375339  1.967512  0.204206    -0.008995   -0.009019   -0.034144  
     -4.653373  2.064634  6.742949    -0.013441    0.000569   -0.027748  
      6.083576 -2.784850  5.159316     0.035149   -0.009487    0.002160  
     -2.219333  2.795514  5.177507    -0.018472    0.022038   -0.011333  
      0.548308  3.903600  3.221711    -0.016662   -0.005406   -0.031824  
     -0.607628 -1.150056  5.195771    -0.017818    0.029801   -0.010493  
      4.653538  1.000780  4.973171     0.034061   -0.006873    0.010479  
     -0.729846 -3.774957  6.611526     0.000461   -0.017529    0.031846  
      2.037828  5.656242  3.353134     0.005008   -0.012480    0.027783  
     -0.881771  4.977838  1.769597    -0.020601    0.029953   -0.002193  
     -0.729847  2.033015  3.593915    -0.005447   -0.011479    0.034196  
      2.160004  3.117729  1.787787     0.026857   -0.010066    0.011267  
      2.219447  0.010558  3.557508    -0.016698   -0.005408   -0.031830  
      7.421126  1.849533  0.036282    -0.013468    0.000543   -0.027787  
     -3.315820  6.699001  1.619908     0.035122   -0.009473    0.002183  
      4.987075  1.118654  1.601721    -0.018431    0.021977   -0.011280  
     -0.607587  1.946647  6.575029    -0.009046   -0.008979   -0.034168  
      0.723449  6.894140  1.617574     0.033579   -0.013095    0.006157  
      6.258728 -0.089030  3.389576    -0.010003   -0.003539   -0.034915  
      0.723429  1.023073  1.771935    -0.023579    0.027292   -0.006139  
     -2.170109  0.000137  6.779349    -0.000008   -0.010661    0.034893  
      2.044298 -2.979976  5.161644     0.033570   -0.013089    0.006129  
     -3.490979  4.003193  3.389648    -0.010063   -0.003543   -0.035028  
      2.044324  2.891089  5.007287    -0.023506    0.027270   -0.006138  
      2.170267  0.000130  6.779292     0.000006   -0.010634    0.035039  
      4.251409  3.076817  1.694715    -0.013942   -0.019697    0.000002  
      4.151550  5.871112  3.389505     0.007899    0.002797   -0.017909  
      1.383876  1.957084  3.389611    -0.018574    0.004754    0.004839  
      4.151542  0.000100  6.779265    -0.000000    0.008378    0.017904  
      1.283971  4.963231  1.572378     0.012576   -0.008916    0.015393  
     -1.483656  0.837340  5.084502    -0.013886   -0.019655    0.000001  
      1.283950  2.027682  0.122291     0.001306   -0.000950   -0.001633  
      1.483744 -0.837217  1.694812     0.013919    0.019689    0.000008  
      4.051646  3.006245  4.962025    -0.012583    0.008913   -0.015441  
     -1.483661  3.984776  3.511966    -0.001333    0.000946    0.001601  
      1.284000  4.751385  5.084395     0.013920    0.019665   -0.000009  
      1.483813  1.886490  6.656931     0.001332   -0.000930   -0.001599  
      4.251393 -0.070603  3.267260    -0.001306    0.000929    0.001635  
      1.483765 -1.049066  5.206845     0.012610   -0.008898    0.015450  
     -1.283903  0.907920  1.817188    -0.012610    0.008901   -0.015411  
     -1.383715  3.914186  6.779263     0.010677   -0.015920   -0.004836  
 
 131 f  =    5.605692 THz    35.221602 2PiTHz  186.985762 cm-1    23.183269 meV
             X         Y         Z           dx          dy          dz
      3.375392  5.064220  1.583443    -0.020772   -0.011734    0.022646  
     -1.885782  2.913398  1.806051    -0.004166   -0.023454   -0.022628  
      3.497608  7.689129  0.167701    -0.006018    0.030671    0.010123  
      0.729941 -1.742092  3.426074     0.003422    0.034690    0.015194  
      3.649524 -1.063682  5.009619    -0.027460   -0.010775    0.014239  
      3.497602  1.881150  3.185318     0.002624    0.028296    0.016141  
      0.607734  0.796438  4.991441    -0.005081   -0.033509   -0.017235  
      3.375339  1.967512  0.204206     0.025843    0.011909   -0.016186  
     -4.653373  2.064634  6.742949     0.031606    0.014790   -0.015214  
      6.083576 -2.784850  5.159316    -0.001022   -0.029428   -0.014199  
     -2.219333  2.795514  5.177507    -0.029929   -0.015977    0.017269  
      0.548308  3.903600  3.221711     0.030941    0.004544   -0.010173  
     -0.607628 -1.150056  5.195771    -0.020698   -0.011721    0.022662  
      4.653538  1.000780  4.973171    -0.004133   -0.023461   -0.022686  
     -0.729846 -3.774957  6.611526    -0.006081    0.030683    0.010184  
      2.037828  5.656242  3.353134     0.003430    0.034776    0.015191  
     -0.881771  4.977838  1.769597    -0.027456   -0.010796    0.014200  
     -0.729847  2.033015  3.593915     0.002633    0.028388    0.016222  
      2.160004  3.117729  1.787787    -0.005151   -0.033568   -0.017273  
      2.219447  0.010558  3.557508     0.030931    0.004492   -0.010136  
      7.421126  1.849533  0.036282     0.031609    0.014830   -0.015175  
     -3.315820  6.699001  1.619908    -0.001014   -0.029536   -0.014238  
      4.987075  1.118654  1.601721    -0.029903   -0.016023    0.017238  
     -0.607587  1.946647  6.575029     0.025844    0.011950   -0.016188  
      0.723449  6.894140  1.617574    -0.007808   -0.029448   -0.020177  
      6.258728 -0.089030  3.389576     0.033027    0.011666   -0.010659  
      0.723429  1.023073  1.771935    -0.025221   -0.017200    0.020232  
     -2.170109  0.000137  6.779349     0.000006    0.034975    0.010611  
      2.044298 -2.979976  5.161644    -0.007787   -0.029467   -0.020192  
     -3.490979  4.003193  3.389648     0.032917    0.011643   -0.010628  
      2.044324  2.891089  5.007287    -0.025124   -0.017143    0.020140  
      2.170267  0.000130  6.779292    -0.000013    0.034976    0.010673  
      4.251409  3.076817  1.694715     0.006482    0.009196    0.000008  
      4.151550  5.871112  3.389505     0.016886    0.005969    0.008379  
      1.383876  1.957084  3.389611    -0.001600   -0.016780    0.010339  
      4.151542  0.000100  6.779265    -0.000003    0.017910   -0.008382  
      1.283971  4.963231  1.572378     0.008787   -0.006213    0.010758  
     -1.483656  0.837340  5.084502     0.006534    0.009217   -0.000011  
      1.283950  2.027682  0.122291    -0.015322    0.010818    0.018765  
      1.483744 -0.837217  1.694812    -0.006520   -0.009214    0.000017  
      4.051646  3.006245  4.962025    -0.008782    0.006214   -0.010765  
     -1.483661  3.984776  3.511966     0.015281   -0.010820   -0.018742  
      1.284000  4.751385  5.084395    -0.006496   -0.009195   -0.000016  
      1.483813  1.886490  6.656931    -0.015288    0.010837    0.018721  
      4.251393 -0.070603  3.267260     0.015331   -0.010824   -0.018745  
      1.483765 -1.049066  5.206845     0.008801   -0.006226    0.010791  
     -1.283903  0.907920  1.817188    -0.008808    0.006228   -0.010787  
     -1.383715  3.914186  6.779263    -0.015286   -0.007100   -0.010336  
 
 132 f  =    5.053959 THz    31.754964 2PiTHz  168.581941 cm-1    20.901487 meV
             X         Y         Z           dx          dy          dz
      3.375392  5.064220  1.583443    -0.000244   -0.016926   -0.004216  
     -1.885782  2.913398  1.806051     0.032553   -0.004648   -0.005692  
      3.497608  7.689129  0.167701    -0.031738   -0.015877   -0.005359  
      0.729941 -1.742092  3.426074     0.011755    0.028476   -0.020003  
      3.649524 -1.063682  5.009619     0.014935    0.008633   -0.013744  
      3.497602  1.881150  3.185318     0.020452    0.024899    0.024006  
      0.607734  0.796438  4.991441    -0.010521   -0.003123    0.028858  
      3.375339  1.967512  0.204206    -0.030204   -0.019265    0.024912  
     -4.653373  2.064634  6.742949    -0.008747   -0.030209   -0.022922  
      6.083576 -2.784850  5.159316    -0.003039   -0.018320   -0.029605  
     -2.219333  2.795514  5.177507     0.002008    0.009528    0.011713  
      0.548308  3.903600  3.221711     0.003788    0.036927    0.014341  
     -0.607628 -1.150056  5.195771    -0.000241   -0.016925   -0.004206  
      4.653538  1.000780  4.973171     0.032549   -0.004651   -0.005688  
     -0.729846 -3.774957  6.611526    -0.031731   -0.015881   -0.005354  
      2.037828  5.656242  3.353134     0.011764    0.028476   -0.019998  
     -0.881771  4.977838  1.769597     0.014931    0.008642   -0.013747  
     -0.729847  2.033015  3.593915     0.020456    0.024905    0.024006  
      2.160004  3.117729  1.787787    -0.010524   -0.003125    0.028860  
      2.219447  0.010558  3.557508     0.003795    0.036918    0.014346  
      7.421126  1.849533  0.036282    -0.008740   -0.030214   -0.022916  
     -3.315820  6.699001  1.619908    -0.003045   -0.018320   -0.029608  
      4.987075  1.118654  1.601721     0.002015    0.009531    0.011720  
     -0.607587  1.946647  6.575029    -0.030206   -0.019262    0.024903  
      0.723449  6.894140  1.617574    -0.014747    0.032554    0.007143  
      6.258728 -0.089030  3.389576     0.040755    0.015199   -0.010697  
      0.723429  1.023073  1.771935    -0.019270   -0.007036    0.003421  
     -2.170109  0.000137  6.779349    -0.003089   -0.040354    0.008455  
      2.044298 -2.979976  5.161644    -0.014766    0.032556    0.007136  
     -3.490979  4.003193  3.389648     0.040744    0.015193   -0.010707  
      2.044324  2.891089  5.007287    -0.019280   -0.007024    0.003413  
      2.170267  0.000130  6.779292    -0.003086   -0.040354    0.008447  
      4.251409  3.076817  1.694715     0.000583   -0.006373    0.009521  
      4.151550  5.871112  3.389505     0.012302    0.004883   -0.016796  
      1.383876  1.957084  3.389611    -0.010107    0.001329   -0.002394  
      4.151542  0.000100  6.779265    -0.002086   -0.017675   -0.008667  
      1.283971  4.963231  1.572378    -0.011405    0.010693   -0.006970  
     -1.483656  0.837340  5.084502     0.000585   -0.006371    0.009529  
      1.283950  2.027682  0.122291    -0.005689   -0.022640   -0.002853  
      1.483744 -0.837217  1.694812    -0.010024    0.001119   -0.007929  
      4.051646  3.006245  4.962025    -0.004735    0.004038   -0.016265  
     -1.483661  3.984776  3.511966     0.019610    0.011970   -0.002181  
      1.284000  4.751385  5.084395    -0.010034    0.001125   -0.007930  
      1.483813  1.886490  6.656931    -0.005691   -0.022640   -0.002861  
      4.251393 -0.070603  3.267260     0.019616    0.011973   -0.002175  
      1.483765 -1.049066  5.206845    -0.011409    0.010694   -0.006973  
     -1.283903  0.907920  1.817188    -0.004729    0.004036   -0.016262  
     -1.383715  3.914186  6.779263    -0.013892    0.010067   -0.003665  
 
 133 f  =    5.053874 THz    31.754428 2PiTHz  168.579098 cm-1    20.901135 meV
             X         Y         Z           dx          dy          dz
      3.375392  5.064220  1.583443    -0.003960   -0.031760   -0.017895  
     -1.885782  2.913398  1.806051    -0.004976    0.035496   -0.014908  
      3.497608  7.689129  0.167701     0.000892   -0.001834    0.038542  
      0.729941 -1.742092  3.426074     0.028036   -0.026647    0.001883  
      3.649524 -1.063682  5.009619     0.035514    0.009508   -0.011334  
      3.497602  1.881150  3.185318    -0.028473    0.023090   -0.002911  
      0.607734  0.796438  4.991441    -0.030630   -0.012896   -0.025382  
      3.375339  1.967512  0.204206    -0.003982    0.002406   -0.004710  
     -4.653373  2.064634  6.742949     0.005924    0.001839    0.007787  
      6.083576 -2.784850  5.159316     0.002581   -0.033907    0.020608  
     -2.219333  2.795514  5.177507    -0.003238    0.036045    0.009126  
      0.548308  3.903600  3.221711     0.003261   -0.003664   -0.001098  
     -0.607628 -1.150056  5.195771    -0.003965   -0.031762   -0.017908  
      4.653538  1.000780  4.973171    -0.004976    0.035497   -0.014929  
     -0.729846 -3.774957  6.611526     0.000885   -0.001836    0.038539  
      2.037828  5.656242  3.353134     0.028035   -0.026642    0.001882  
     -0.881771  4.977838  1.769597     0.035518    0.009502   -0.011334  
     -0.729847  2.033015  3.593915    -0.028462    0.023089   -0.002903  
      2.160004  3.117729  1.787787    -0.030636   -0.012885   -0.025393  
      2.219447  0.010558  3.557508     0.003254   -0.003664   -0.001100  
      7.421126  1.849533  0.036282     0.005920    0.001854    0.007789  
     -3.315820  6.699001  1.619908     0.002596   -0.033912    0.020600  
      4.987075  1.118654  1.601721    -0.003244    0.036050    0.009118  
     -0.607587  1.946647  6.575029    -0.003975    0.002407   -0.004704  
      0.723449  6.894140  1.617574     0.039632    0.006610    0.018046  
      6.258728 -0.089030  3.389576    -0.007401    0.005510   -0.003094  
      0.723429  1.023073  1.771935    -0.025896   -0.019277    0.025561  
     -2.170109  0.000137  6.779349    -0.002919   -0.001155   -0.041672  
      2.044298 -2.979976  5.161644     0.039640    0.006611    0.018048  
     -3.490979  4.003193  3.389648    -0.007407    0.005506   -0.003064  
      2.044324  2.891089  5.007287    -0.025901   -0.019291    0.025569  
      2.170267  0.000130  6.779292    -0.002918   -0.001168   -0.041646  
      4.251409  3.076817  1.694715    -0.002995    0.014125   -0.014209  
      4.151550  5.871112  3.389505    -0.004409    0.003934    0.000353  
      1.383876  1.957084  3.389611    -0.017596    0.001897    0.008695  
      4.151542  0.000100  6.779265    -0.001972    0.011793   -0.016026  
      1.283971  4.963231  1.572378    -0.000522   -0.004496   -0.015325  
     -1.483656  0.837340  5.084502    -0.002994    0.014127   -0.014227  
      1.283950  2.027682  0.122291    -0.012036   -0.006028    0.011371  
      1.483744 -0.837217  1.694812     0.017599   -0.000442    0.008386  
      4.051646  3.006245  4.962025    -0.014358    0.008334    0.003397  
     -1.483661  3.984776  3.511966     0.001332    0.015255    0.010000  
      1.284000  4.751385  5.084395     0.017604   -0.000445    0.008388  
      1.483813  1.886490  6.656931    -0.012035   -0.006038    0.011379  
      4.251393 -0.070603  3.267260     0.001333    0.015257    0.009992  
      1.483765 -1.049066  5.206845    -0.000520   -0.004498   -0.015317  
     -1.283903  0.907920  1.817188    -0.014352    0.008342    0.003385  
     -1.383715  3.914186  6.779263     0.011002    0.013982    0.011244  
 
 134 f  =    5.053840 THz    31.754216 2PiTHz  168.577973 cm-1    20.900995 meV
             X         Y         Z           dx          dy          dz
      3.375392  5.064220  1.583443    -0.038937    0.013312   -0.006964  
     -1.885782  2.913398  1.806051     0.025265    0.000262   -0.011491  
      3.497608  7.689129  0.167701     0.015286    0.003986   -0.019077  
      0.729941 -1.742092  3.426074    -0.017801   -0.003081    0.014711  
      3.649524 -1.063682  5.009619     0.015447    0.002685    0.034324  
      3.497602  1.881150  3.185318     0.003520   -0.016435   -0.011929  
      0.607734  0.796438  4.991441    -0.021993   -0.002895    0.014053  
      3.375339  1.967512  0.204206    -0.024585    0.027474   -0.009181  
     -4.653373  2.064634  6.742949     0.040140   -0.011525    0.005784  
      6.083576 -2.784850  5.159316     0.003044   -0.019608   -0.013965  
     -2.219333  2.795514  5.177507     0.003255    0.017344   -0.038124  
      0.548308  3.903600  3.221711    -0.000526   -0.010529    0.040891  
     -0.607628 -1.150056  5.195771    -0.038945    0.013317   -0.006967  
      4.653538  1.000780  4.973171     0.025262    0.000260   -0.011495  
     -0.729846 -3.774957  6.611526     0.015274    0.003987   -0.019067  
      2.037828  5.656242  3.353134    -0.017803   -0.003089    0.014707  
     -0.881771  4.977838  1.769597     0.015450    0.002690    0.034334  
     -0.729847  2.033015  3.593915     0.003509   -0.016438   -0.011918  
      2.160004  3.117729  1.787787    -0.021992   -0.002893    0.014047  
      2.219447  0.010558  3.557508    -0.000532   -0.010518    0.040887  
      7.421126  1.849533  0.036282     0.040138   -0.011514    0.005777  
     -3.315820  6.699001  1.619908     0.003046   -0.019608   -0.013965  
      4.987075  1.118654  1.601721     0.003257    0.017345   -0.038138  
     -0.607587  1.946647  6.575029    -0.024580    0.027478   -0.009173  
      0.723449  6.894140  1.617574    -0.004110    0.021997    0.018382  
      6.258728 -0.089030  3.389576    -0.009487   -0.004126   -0.043591  
      0.723429  1.023073  1.771935     0.027617   -0.034139    0.007001  
     -2.170109  0.000137  6.779349    -0.006462    0.019864    0.014734  
      2.044298 -2.979976  5.161644    -0.004103    0.021987    0.018380  
     -3.490979  4.003193  3.389648    -0.009474   -0.004120   -0.043585  
      2.044324  2.891089  5.007287     0.027636   -0.034156    0.007000  
      2.170267  0.000130  6.779292    -0.006460    0.019849    0.014735  
      4.251409  3.076817  1.694715    -0.015395   -0.007265   -0.012529  
      4.151550  5.871112  3.389505    -0.015563   -0.006022   -0.013383  
      1.383876  1.957084  3.389611     0.001125   -0.018958    0.009516  
      4.151542  0.000100  6.779265    -0.004368    0.003150    0.011377  
      1.283971  4.963231  1.572378    -0.010770    0.011337    0.014018  
     -1.483656  0.837340  5.084502    -0.015398   -0.007266   -0.012534  
      1.283950  2.027682  0.122291    -0.008316    0.003096    0.006848  
      1.483744 -0.837217  1.694812     0.001703   -0.019353    0.008152  
      4.051646  3.006245  4.962025     0.013593   -0.003229   -0.014278  
     -1.483661  3.984776  3.511966    -0.005152    0.003940    0.008938  
      1.284000  4.751385  5.084395     0.001710   -0.019362    0.008152  
      1.483813  1.886490  6.656931    -0.008308    0.003086    0.006847  
      4.251393 -0.070603  3.267260    -0.005159    0.003941    0.008939  
      1.483765 -1.049066  5.206845    -0.010771    0.011330    0.014016  
     -1.283903  0.907920  1.817188     0.013582   -0.003227   -0.014279  
     -1.383715  3.914186  6.779263    -0.009962    0.008246    0.005669  
 
 135 f  =    4.750115 THz    29.845852 2PiTHz  158.446779 cm-1    19.644888 meV
             X         Y         Z           dx          dy          dz
      3.375392  5.064220  1.583443    -0.009095    0.012914   -0.002978  
     -1.885782  2.913398  1.806051    -0.008821    0.013500    0.001180  
      3.497608  7.689129  0.167701    -0.024071    0.018176   -0.000401  
      0.729941 -1.742092  3.426074    -0.015106   -0.007339   -0.020912  
      3.649524 -1.063682  5.009619    -0.000786   -0.006118    0.017103  
      3.497602  1.881150  3.185318    -0.015091   -0.007420    0.021103  
      0.607734  0.796438  4.991441    -0.000934   -0.006043   -0.016338  
      3.375339  1.967512  0.204206    -0.002249    0.003341    0.019612  
     -4.653373  2.064634  6.742949    -0.002416    0.002719   -0.019501  
      6.083576 -2.784850  5.159316    -0.003408   -0.007266    0.021377  
     -2.219333  2.795514  5.177507    -0.003794   -0.007629   -0.020908  
      0.548308  3.903600  3.221711    -0.015291    0.023404   -0.000523  
     -0.607628 -1.150056  5.195771     0.009075   -0.012835    0.002988  
      4.653538  1.000780  4.973171     0.008747   -0.013507   -0.001233  
     -0.729846 -3.774957  6.611526     0.024121   -0.018268    0.000423  
      2.037828  5.656242  3.353134     0.015183    0.007358    0.020998  
     -0.881771  4.977838  1.769597     0.000725    0.006079   -0.017062  
     -0.729847  2.033015  3.593915     0.015130    0.007488   -0.021168  
      2.160004  3.117729  1.787787     0.000919    0.006112    0.016273  
      2.219447  0.010558  3.557508     0.015332   -0.023364    0.000548  
      7.421126  1.849533  0.036282     0.002398   -0.002779    0.019512  
     -3.315820  6.699001  1.619908     0.003481    0.007284   -0.021333  
      4.987075  1.118654  1.601721     0.003770    0.007584    0.020853  
     -0.607587  1.946647  6.575029     0.002193   -0.003393   -0.019618  
      0.723449  6.894140  1.617574     0.043339   -0.015343    0.006754  
      6.258728 -0.089030  3.389576     0.037501    0.006450   -0.001349  
      0.723429  1.023073  1.771935     0.042011   -0.019208   -0.003642  
     -2.170109  0.000137  6.779349     0.010106   -0.014307   -0.000202  
      2.044298 -2.979976  5.161644    -0.043318    0.015218   -0.006649  
     -3.490979  4.003193  3.389648    -0.037459   -0.006340    0.001311  
      2.044324  2.891089  5.007287    -0.041899    0.019233    0.003617  
      2.170267  0.000130  6.779292    -0.010280    0.014299    0.000162  
      4.251409  3.076817  1.694715    -0.008484   -0.001414   -0.002765  
      4.151550  5.871112  3.389505     0.000007    0.000036   -0.000003  
      1.383876  1.957084  3.389611     0.000023    0.000008   -0.000002  
      4.151542  0.000100  6.779265    -0.000061   -0.000003   -0.000004  
      1.283971  4.963231  1.572378     0.010875   -0.013137    0.002888  
     -1.483656  0.837340  5.084502     0.008455    0.001439    0.002765  
      1.283950  2.027682  0.122291     0.011983   -0.009797   -0.003463  
      1.483744 -0.837217  1.694812     0.028235   -0.012549   -0.002627  
      4.051646  3.006245  4.962025    -0.026137   -0.001111    0.001356  
     -1.483661  3.984776  3.511966    -0.025175    0.002483   -0.003097  
      1.284000  4.751385  5.084395    -0.028210    0.012531    0.002652  
      1.483813  1.886490  6.656931    -0.011992    0.009816    0.003429  
      4.251393 -0.070603  3.267260     0.025197   -0.002485    0.003114  
      1.483765 -1.049066  5.206845    -0.010903    0.013069   -0.002887  
     -1.283903  0.907920  1.817188     0.026197    0.001146   -0.001384  
     -1.383715  3.914186  6.779263    -0.000003   -0.000038    0.000036  
 
 136 f  =    4.750015 THz    29.845222 2PiTHz  158.443434 cm-1    19.644473 meV
             X         Y         Z           dx          dy          dz
      3.375392  5.064220  1.583443     0.014473    0.011935   -0.004309  
     -1.885782  2.913398  1.806051     0.013669    0.011456    0.008870  
      3.497608  7.689129  0.167701     0.012938    0.014342    0.001384  
      0.729941 -1.742092  3.426074    -0.014480   -0.013454    0.003923  
      3.649524 -1.063682  5.009619    -0.011816   -0.017155   -0.012364  
      3.497602  1.881150  3.185318    -0.015818   -0.011568   -0.004161  
      0.607734  0.796438  4.991441    -0.010706   -0.020478    0.013473  
      3.375339  1.967512  0.204206    -0.007644   -0.023328   -0.008928  
     -4.653373  2.064634  6.742949    -0.005646   -0.025899    0.008479  
      6.083576 -2.784850  5.159316    -0.015933   -0.014727    0.001099  
     -2.219333  2.795514  5.177507    -0.013246   -0.016184   -0.000920  
      0.548308  3.903600  3.221711     0.021972    0.004273    0.001011  
     -0.607628 -1.150056  5.195771    -0.014453   -0.011977    0.004341  
      4.653538  1.000780  4.973171    -0.013632   -0.011459   -0.008873  
     -0.729846 -3.774957  6.611526    -0.012927   -0.014295   -0.001401  
      2.037828  5.656242  3.353134     0.014442    0.013429   -0.003936  
     -0.881771  4.977838  1.769597     0.011809    0.017187    0.012339  
     -0.729847  2.033015  3.593915     0.015795    0.011524    0.004169  
      2.160004  3.117729  1.787787     0.010694    0.020456   -0.013443  
      2.219447  0.010558  3.557508    -0.022027   -0.004273   -0.001026  
      7.421126  1.849533  0.036282     0.005652    0.025955   -0.008521  
     -3.315820  6.699001  1.619908     0.015918    0.014698   -0.001123  
      4.987075  1.118654  1.601721     0.013279    0.016179    0.000966  
     -0.607587  1.946647  6.575029     0.007687    0.023370    0.008965  
      0.723449  6.894140  1.617574     0.005193    0.034804    0.014249  
      6.258728 -0.089030  3.389576     0.023742    0.017352   -0.004734  
      0.723429  1.023073  1.771935     0.010189    0.035608   -0.018323  
     -2.170109  0.000137  6.779349     0.003287    0.044828   -0.001120  
      2.044298 -2.979976  5.161644    -0.005213   -0.034748   -0.014246  
     -3.490979  4.003193  3.389648    -0.023721   -0.017458    0.004764  
      2.044324  2.891089  5.007287    -0.010258   -0.035611    0.018272  
      2.170267  0.000130  6.779292    -0.003218   -0.044777    0.001138  
      4.251409  3.076817  1.694715    -0.009592   -0.016578    0.003017  
      4.151550  5.871112  3.389505     0.000008   -0.000037    0.000005  
      1.383876  1.957084  3.389611    -0.000016   -0.000006   -0.000018  
      4.151542  0.000100  6.779265     0.000024    0.000011    0.000001  
      1.283971  4.963231  1.572378     0.001718    0.024268    0.005156  
     -1.483656  0.837340  5.084502     0.009616    0.016569   -0.003021  
      1.283950  2.027682  0.122291    -0.001319    0.026192   -0.011597  
      1.483744 -0.837217  1.694812     0.003071    0.021193    0.000391  
      4.051646  3.006245  4.962025    -0.009807   -0.012456    0.008268  
     -1.483661  3.984776  3.511966    -0.012508   -0.009993   -0.009039  
      1.284000  4.751385  5.084395    -0.003092   -0.021179   -0.000404  
      1.483813  1.886490  6.656931     0.001316   -0.026175    0.011592  
      4.251393 -0.070603  3.267260     0.012512    0.009987    0.009053  
      1.483765 -1.049066  5.206845    -0.001705   -0.024228   -0.005141  
     -1.283903  0.907920  1.817188     0.009774    0.012425   -0.008261  
     -1.383715  3.914186  6.779263    -0.000002    0.000014    0.000000  
 
 137 f  =    4.749885 THz    29.844407 2PiTHz  158.439108 cm-1    19.643937 meV
             X         Y         Z           dx          dy          dz
      3.375392  5.064220  1.583443     0.001952    0.003079    0.029839  
     -1.885782  2.913398  1.806051    -0.003600   -0.004839    0.028921  
      3.497608  7.689129  0.167701    -0.000538   -0.000887    0.015557  
      0.729941 -1.742092  3.426074     0.017565   -0.009215   -0.002907  
      3.649524 -1.063682  5.009619    -0.011691    0.020533    0.007496  
      3.497602  1.881150  3.185318    -0.016442    0.011265   -0.001471  
      0.607734  0.796438  4.991441     0.013417   -0.017602    0.004791  
      3.375339  1.967512  0.204206    -0.015206    0.014599   -0.001123  
     -4.653373  2.064634  6.742949     0.015464   -0.010508   -0.003230  
      6.083576 -2.784850  5.159316    -0.021334    0.006306    0.006576  
     -2.219333  2.795514  5.177507     0.023046   -0.004553    0.005771  
      0.548308  3.903600  3.221711    -0.001467   -0.000626    0.015595  
     -0.607628 -1.150056  5.195771    -0.001936   -0.003112   -0.029801  
      4.653538  1.000780  4.973171     0.003655    0.004829   -0.028931  
     -0.729846 -3.774957  6.611526     0.000540    0.000932   -0.015583  
      2.037828  5.656242  3.353134    -0.017615    0.009199    0.002886  
     -0.881771  4.977838  1.769597     0.011688   -0.020496   -0.007520  
     -0.729847  2.033015  3.593915     0.016418   -0.011318    0.001478  
      2.160004  3.117729  1.787787    -0.013431    0.017591   -0.004752  
      2.219447  0.010558  3.557508     0.001405    0.000628   -0.015603  
      7.421126  1.849533  0.036282    -0.015455    0.010552    0.003180  
     -3.315820  6.699001  1.619908     0.021324   -0.006332   -0.006617  
      4.987075  1.118654  1.601721    -0.023005    0.004543   -0.005723  
     -0.607587  1.946647  6.575029     0.015237   -0.014562    0.001172  
      0.723449  6.894140  1.617574    -0.008700   -0.017400   -0.023793  
      6.258728 -0.089030  3.389576    -0.003460   -0.002005   -0.046774  
      0.723429  1.023073  1.771935     0.010715    0.010472   -0.021614  
     -2.170109  0.000137  6.779349    -0.000092   -0.000998   -0.047018  
      2.044298 -2.979976  5.161644     0.008668    0.017471    0.023794  
     -3.490979  4.003193  3.389648     0.003494    0.001886    0.046795  
      2.044324  2.891089  5.007287    -0.010776   -0.010469    0.021564  
      2.170267  0.000130  6.779292     0.000154    0.001045    0.047048  
      4.251409  3.076817  1.694715    -0.001727    0.002799    0.031576  
      4.151550  5.871112  3.389505     0.000010   -0.000043    0.000002  
      1.383876  1.957084  3.389611    -0.000014   -0.000006   -0.000016  
      4.151542  0.000100  6.779265     0.000022    0.000009    0.000004  
      1.283971  4.963231  1.572378    -0.006743   -0.010407   -0.019871  
     -1.483656  0.837340  5.084502     0.001746   -0.002822   -0.031579  
      1.283950  2.027682  0.122291     0.004643    0.003566   -0.018913  
      1.483744 -0.837217  1.694812    -0.001986   -0.000179   -0.006498  
      4.051646  3.006245  4.962025    -0.005425   -0.008351    0.018971  
     -1.483661  3.984776  3.511966     0.004362    0.006744    0.020312  
      1.284000  4.751385  5.084395     0.001960    0.000196    0.006484  
      1.483813  1.886490  6.656931    -0.004646   -0.003549    0.018906  
      4.251393 -0.070603  3.267260    -0.004350   -0.006755   -0.020302  
      1.483765 -1.049066  5.206845     0.006747    0.010455    0.019883  
     -1.283903  0.907920  1.817188     0.005398    0.008318   -0.018968  
     -1.383715  3.914186  6.779263    -0.000001    0.000014   -0.000002  
 
 138 f  =    4.725214 THz    29.689396 2PiTHz  157.616176 cm-1    19.541906 meV
             X         Y         Z           dx          dy          dz
      3.375392  5.064220  1.583443    -0.003899   -0.011785    0.027164  
     -1.885782  2.913398  1.806051     0.008259    0.012705   -0.005460  
      3.497608  7.689129  0.167701     0.018174   -0.000052   -0.009768  
      0.729941 -1.742092  3.426074    -0.008872   -0.004757    0.012449  
      3.649524 -1.063682  5.009619    -0.006527    0.028025   -0.000842  
      3.497602  1.881150  3.185318    -0.000405   -0.012982   -0.015394  
      0.607734  0.796438  4.991441    -0.014458   -0.011182   -0.003181  
      3.375339  1.967512  0.204206     0.014146    0.002306    0.014285  
     -4.653373  2.064634  6.742949    -0.011201    0.017280   -0.016812  
      6.083576 -2.784850  5.159316    -0.004808   -0.020943    0.002203  
     -2.219333  2.795514  5.177507     0.028836   -0.000635    0.011452  
      0.548308  3.903600  3.221711    -0.018655    0.004368   -0.013987  
     -0.607628 -1.150056  5.195771    -0.003864   -0.011773    0.027210  
      4.653538  1.000780  4.973171     0.008281    0.012701   -0.005403  
     -0.729846 -3.774957  6.611526     0.018214   -0.000046   -0.009741  
      2.037828  5.656242  3.353134    -0.008854   -0.004787    0.012467  
     -0.881771  4.977838  1.769597    -0.006564    0.028040   -0.000865  
     -0.729847  2.033015  3.593915    -0.000441   -0.012976   -0.015420  
      2.160004  3.117729  1.787787    -0.014454   -0.011236   -0.003138  
      2.219447  0.010558  3.557508    -0.018606    0.004353   -0.013959  
      7.421126  1.849533  0.036282    -0.011184    0.017218   -0.016783  
     -3.315820  6.699001  1.619908    -0.004861   -0.020951    0.002196  
      4.987075  1.118654  1.601721     0.028858   -0.000659    0.011479  
     -0.607587  1.946647  6.575029     0.014112    0.002290    0.014249  
      0.723449  6.894140  1.617574     0.017207    0.022030    0.008696  
      6.258728 -0.089030  3.389576     0.016076   -0.029138    0.021994  
      0.723429  1.023073  1.771935    -0.022956   -0.018531   -0.044063  
     -2.170109  0.000137  6.779349    -0.010543    0.024630    0.012621  
      2.044298 -2.979976  5.161644     0.017162    0.022068    0.008676  
     -3.490979  4.003193  3.389648     0.016070   -0.029119    0.021913  
      2.044324  2.891089  5.007287    -0.022961   -0.018440   -0.044126  
      2.170267  0.000130  6.779292    -0.010545    0.024713    0.012544  
      4.251409  3.076817  1.694715     0.003781    0.001127    0.007463  
      4.151550  5.871112  3.389505     0.008873   -0.021332    0.009982  
      1.383876  1.957084  3.389611    -0.015000   -0.014823   -0.030402  
      4.151542  0.000100  6.779265    -0.007412    0.011558    0.004265  
      1.283971  4.963231  1.572378     0.001354    0.012201    0.007937  
     -1.483656  0.837340  5.084502     0.003772    0.001106    0.007522  
      1.283950  2.027682  0.122291    -0.008993    0.009876   -0.008813  
      1.483744 -0.837217  1.694812     0.005723   -0.000264   -0.008221  
      4.051646  3.006245  4.962025    -0.008792   -0.014088    0.000993  
     -1.483661  3.984776  3.511966     0.009909    0.001945    0.011187  
      1.284000  4.751385  5.084395     0.005699   -0.000219   -0.008226  
      1.483813  1.886490  6.656931    -0.008997    0.009932   -0.008859  
      4.251393 -0.070603  3.267260     0.009920    0.001940    0.011207  
      1.483765 -1.049066  5.206845     0.001337    0.012233    0.007911  
     -1.283903  0.907920  1.817188    -0.008790   -0.014122    0.001035  
     -1.383715  3.914186  6.779263     0.009536    0.009962    0.001870  
 
 139 f  =    4.725114 THz    29.688767 2PiTHz  157.612836 cm-1    19.541492 meV
             X         Y         Z           dx          dy          dz
      3.375392  5.064220  1.583443    -0.005129   -0.013651   -0.009292  
     -1.885782  2.913398  1.806051     0.012775    0.004082    0.024503  
      3.497608  7.689129  0.167701    -0.012719    0.020785   -0.010498  
      0.729941 -1.742092  3.426074    -0.020571    0.000251   -0.020452  
      3.649524 -1.063682  5.009619     0.019247    0.007643   -0.001548  
      3.497602  1.881150  3.185318    -0.002703   -0.015800    0.017820  
      0.607734  0.796438  4.991441     0.010150   -0.023854    0.015125  
      3.375339  1.967512  0.204206     0.011877    0.010325   -0.012931  
     -4.653373  2.064634  6.742949     0.006110    0.011730    0.009858  
      6.083576 -2.784850  5.159316    -0.025428   -0.002280   -0.004722  
     -2.219333  2.795514  5.177507     0.001940    0.017042   -0.000040  
      0.548308  3.903600  3.221711     0.001804   -0.017210   -0.006117  
     -0.607628 -1.150056  5.195771    -0.005084   -0.013683   -0.009261  
      4.653538  1.000780  4.973171     0.012814    0.004042    0.024533  
     -0.729846 -3.774957  6.611526    -0.012627    0.020737   -0.010483  
      2.037828  5.656242  3.353134    -0.020517    0.000258   -0.020381  
     -0.881771  4.977838  1.769597     0.019231    0.007667   -0.001611  
     -0.729847  2.033015  3.593915    -0.002678   -0.015774    0.017743  
      2.160004  3.117729  1.787787     0.010156   -0.023867    0.015194  
      2.219447  0.010558  3.557508     0.001871   -0.017288   -0.006100  
      7.421126  1.849533  0.036282     0.006129    0.011688    0.009929  
     -3.315820  6.699001  1.619908    -0.025448   -0.002264   -0.004786  
      4.987075  1.118654  1.601721     0.001961    0.017050    0.000034  
     -0.607587  1.946647  6.575029     0.011864    0.010306   -0.013004  
      0.723449  6.894140  1.617574     0.002520    0.028059   -0.040244  
      6.258728 -0.089030  3.389576    -0.026354   -0.006676    0.007722  
      0.723429  1.023073  1.771935    -0.017412   -0.016975    0.014444  
     -2.170109  0.000137  6.779349     0.042437   -0.004120    0.017444  
      2.044298 -2.979976  5.161644     0.002373    0.028123   -0.040274  
     -3.490979  4.003193  3.389648    -0.026462   -0.006686    0.007683  
      2.044324  2.891089  5.007287    -0.017534   -0.016869    0.014421  
      2.170267  0.000130  6.779292     0.042403   -0.004031    0.017405  
      4.251409  3.076817  1.694715     0.002212   -0.005496    0.002822  
      4.151550  5.871112  3.389505    -0.012267   -0.002471    0.001983  
      1.383876  1.957084  3.389611    -0.006814   -0.008726    0.006083  
      4.151542  0.000100  6.779265     0.029817   -0.000889    0.007915  
      1.283971  4.963231  1.572378     0.010241    0.014235    0.000355  
     -1.483656  0.837340  5.084502     0.002231   -0.005503    0.002861  
      1.283950  2.027682  0.122291     0.003136   -0.009333    0.012416  
      1.483744 -0.837217  1.694812    -0.001811   -0.002650   -0.006325  
      4.051646  3.006245  4.962025    -0.012429   -0.005306    0.007497  
     -1.483661  3.984776  3.511966    -0.013281    0.003515   -0.008357  
      1.284000  4.751385  5.084395    -0.001904   -0.002589   -0.006324  
      1.483813  1.886490  6.656931     0.003100   -0.009273    0.012401  
      4.251393 -0.070603  3.267260    -0.013202    0.003505   -0.008337  
      1.483765 -1.049066  5.206845     0.010200    0.014289    0.000336  
     -1.283903  0.907920  1.817188    -0.012354   -0.005320    0.007515  
     -1.383715  3.914186  6.779263     0.005372    0.018787   -0.027361  
 
 140 f  =    4.725105 THz    29.688712 2PiTHz  157.612544 cm-1    19.541456 meV
             X         Y         Z           dx          dy          dz
      3.375392  5.064220  1.583443     0.017349   -0.008557   -0.008017  
     -1.885782  2.913398  1.806051     0.013454   -0.012249   -0.016098  
      3.497608  7.689129  0.167701    -0.003635    0.017379    0.013684  
      0.729941 -1.742092  3.426074    -0.002157   -0.020896   -0.009666  
      3.649524 -1.063682  5.009619     0.000529   -0.010091   -0.016359  
      3.497602  1.881150  3.185318    -0.022302   -0.008822    0.008744  
      0.607734  0.796438  4.991441    -0.005518    0.013440    0.013127  
      3.375339  1.967512  0.204206     0.001394    0.023380    0.016090  
     -4.653373  2.064634  6.742949     0.015821    0.010831   -0.016919  
      6.083576 -2.784850  5.159316     0.015595   -0.001530   -0.015601  
     -2.219333  2.795514  5.177507    -0.008783   -0.003723    0.016758  
      0.548308  3.903600  3.221711    -0.023741    0.002957    0.012628  
     -0.607628 -1.150056  5.195771     0.017383   -0.008552   -0.007978  
      4.653538  1.000780  4.973171     0.013477   -0.012260   -0.016048  
     -0.729846 -3.774957  6.611526    -0.003585    0.017369    0.013710  
      2.037828  5.656242  3.353134    -0.002130   -0.020914   -0.009635  
     -0.881771  4.977838  1.769597     0.000498   -0.010076   -0.016390  
     -0.729847  2.033015  3.593915    -0.022322   -0.008807    0.008707  
      2.160004  3.117729  1.787787    -0.005516    0.013395    0.013175  
      2.219447  0.010558  3.557508    -0.023690    0.002925    0.012654  
      7.421126  1.849533  0.036282     0.015841    0.010778   -0.016885  
     -3.315820  6.699001  1.619908     0.015545   -0.001532   -0.015617  
      4.987075  1.118654  1.601721    -0.008763   -0.003739    0.016795  
     -0.607587  1.946647  6.575029     0.001367    0.023366    0.016050  
      0.723449  6.894140  1.617574    -0.027185    0.003648    0.023999  
      6.258728 -0.089030  3.389576     0.009352   -0.043251   -0.015942  
      0.723429  1.023073  1.771935    -0.014484    0.025652    0.010933  
     -2.170109  0.000137  6.779349     0.033157    0.013031   -0.018270  
      2.044298 -2.979976  5.161644    -0.027252    0.003689    0.023975  
     -3.490979  4.003193  3.389648     0.009325   -0.043243   -0.016014  
      2.044324  2.891089  5.007287    -0.014513    0.025746    0.010881  
      2.170267  0.000130  6.779292     0.033146    0.013107   -0.018338  
      4.251409  3.076817  1.694715     0.009461   -0.005740   -0.018364  
      4.151550  5.871112  3.389505     0.008733   -0.029630   -0.007354  
      1.383876  1.957084  3.389611    -0.005826    0.012536    0.009076  
      4.151542  0.000100  6.779265     0.023302    0.004816   -0.008773  
      1.283971  4.963231  1.572378    -0.001537    0.006976   -0.000756  
     -1.483656  0.837340  5.084502     0.009457   -0.005755   -0.018311  
      1.283950  2.027682  0.122291     0.004256    0.006808    0.001255  
      1.483744 -0.837217  1.694812    -0.015398    0.011819    0.006726  
      4.051646  3.006245  4.962025    -0.006560   -0.003028   -0.002498  
     -1.483661  3.984776  3.511966     0.000470   -0.007083    0.006189  
      1.284000  4.751385  5.084395    -0.015436    0.011866    0.006720  
      1.483813  1.886490  6.656931     0.004246    0.006862    0.001217  
      4.251393 -0.070603  3.267260     0.000494   -0.007089    0.006211  
      1.483765 -1.049066  5.206845    -0.001558    0.007012   -0.000781  
     -1.283903  0.907920  1.817188    -0.006544   -0.003053   -0.002461  
     -1.383715  3.914186  6.779263    -0.013621   -0.000947    0.017075  
 
 141 f  =    4.402124 THz    27.659363 2PiTHz  146.839064 cm-1    18.205715 meV
             X         Y         Z           dx          dy          dz
      3.375392  5.064220  1.583443     0.006079    0.015878    0.027161  
     -1.885782  2.913398  1.806051     0.012939    0.011021   -0.027169  
      3.497608  7.689129  0.167701    -0.031699    0.002243    0.004201  
      0.729941 -1.742092  3.426074    -0.031694    0.002521   -0.004046  
      3.649524 -1.063682  5.009619     0.012945    0.018012    0.023127  
      3.497602  1.881150  3.185318    -0.031692   -0.004757   -0.000153  
      0.607734  0.796438  4.991441     0.006080    0.015592   -0.027330  
      3.375339  1.967512  0.204206     0.006078   -0.031469    0.000164  
     -4.653373  2.064634  6.742949     0.012940   -0.029043    0.004039  
      6.083576 -2.784850  5.159316     0.012675    0.018205   -0.023132  
     -2.219333  2.795514  5.177507     0.012665    0.010932    0.027329  
      0.548308  3.903600  3.221711     0.012676   -0.029131   -0.004201  
     -0.607628 -1.150056  5.195771     0.006083    0.015870    0.027165  
      4.653538  1.000780  4.973171     0.012942    0.011017   -0.027165  
     -0.729846 -3.774957  6.611526    -0.031699    0.002237    0.004206  
      2.037828  5.656242  3.353134    -0.031687    0.002523   -0.004041  
     -0.881771  4.977838  1.769597     0.012942    0.018016    0.023126  
     -0.729847  2.033015  3.593915    -0.031692   -0.004751   -0.000158  
      2.160004  3.117729  1.787787     0.006084    0.015590   -0.027326  
      2.219447  0.010558  3.557508     0.012676   -0.029136   -0.004198  
      7.421126  1.849533  0.036282     0.012944   -0.029043    0.004042  
     -3.315820  6.699001  1.619908     0.012672    0.018210   -0.023135  
      4.987075  1.118654  1.601721     0.012672    0.010930    0.027335  
     -0.607587  1.946647  6.575029     0.006075   -0.031461    0.000158  
      0.723449  6.894140  1.617574     0.012425    0.017573   -0.030436  
      6.258728 -0.089030  3.389576     0.012430   -0.035140    0.000001  
      0.723429  1.023073  1.771935     0.012428    0.017576    0.030448  
     -2.170109  0.000137  6.779349    -0.037264   -0.000006    0.000001  
      2.044298 -2.979976  5.161644     0.012419    0.017571   -0.030444  
     -3.490979  4.003193  3.389648     0.012419   -0.035141   -0.000006  
      2.044324  2.891089  5.007287     0.012423    0.017576    0.030440  
      2.170267  0.000130  6.779292    -0.037273   -0.000006   -0.000004  
      4.251409  3.076817  1.694715    -0.008637   -0.012214   -0.000002  
      4.151550  5.871112  3.389505     0.008808   -0.024912   -0.000003  
      1.383876  1.957084  3.389611     0.008812    0.012460    0.021584  
      4.151542  0.000100  6.779265    -0.026420   -0.000002   -0.000001  
      1.283971  4.963231  1.572378    -0.008635    0.006107   -0.010576  
     -1.483656  0.837340  5.084502    -0.008631   -0.012212    0.000001  
      1.283950  2.027682  0.122291    -0.008631    0.006102    0.010580  
      1.483744 -0.837217  1.694812     0.008635    0.012214    0.000003  
      4.051646  3.006245  4.962025     0.008632   -0.006102    0.010576  
     -1.483661  3.984776  3.511966     0.008630   -0.006106   -0.010581  
      1.284000  4.751385  5.084395     0.008632    0.012212   -0.000000  
      1.483813  1.886490  6.656931    -0.008635    0.006104    0.010576  
      4.251393 -0.070603  3.267260     0.008637   -0.006103   -0.010576  
      1.483765 -1.049066  5.206845    -0.008636    0.006104   -0.010579  
     -1.283903  0.907920  1.817188     0.008636   -0.006102    0.010577  
     -1.383715  3.914186  6.779263     0.008806    0.012458   -0.021581  
 
 142 fi =    0.002727 THz     0.017136 2PiTHz    0.090974 cm-1     0.011279 meV
             X         Y         Z           dx          dy          dz
      3.375392  5.064220  1.583443     0.020238    0.008848    0.024326  
     -1.885782  2.913398  1.806051     0.020239    0.008848    0.024328  
      3.497608  7.689129  0.167701     0.020237    0.008850    0.024328  
      0.729941 -1.742092  3.426074     0.020238    0.008849    0.024327  
      3.649524 -1.063682  5.009619     0.020238    0.008847    0.024327  
      3.497602  1.881150  3.185318     0.020237    0.008847    0.024328  
      0.607734  0.796438  4.991441     0.020236    0.008847    0.024328  
      3.375339  1.967512  0.204206     0.020237    0.008849    0.024329  
     -4.653373  2.064634  6.742949     0.020237    0.008847    0.024329  
      6.083576 -2.784850  5.159316     0.020239    0.008847    0.024327  
     -2.219333  2.795514  5.177507     0.020237    0.008849    0.024328  
      0.548308  3.903600  3.221711     0.020237    0.008848    0.024328  
     -0.607628 -1.150056  5.195771     0.020238    0.008848    0.024326  
      4.653538  1.000780  4.973171     0.020239    0.008848    0.024328  
     -0.729846 -3.774957  6.611526     0.020237    0.008850    0.024328  
      2.037828  5.656242  3.353134     0.020238    0.008848    0.024327  
     -0.881771  4.977838  1.769597     0.020238    0.008847    0.024328  
     -0.729847  2.033015  3.593915     0.020237    0.008848    0.024329  
      2.160004  3.117729  1.787787     0.020237    0.008847    0.024328  
      2.219447  0.010558  3.557508     0.020237    0.008848    0.024328  
      7.421126  1.849533  0.036282     0.020237    0.008848    0.024328  
     -3.315820  6.699001  1.619908     0.020239    0.008846    0.024327  
      4.987075  1.118654  1.601721     0.020237    0.008849    0.024327  
     -0.607587  1.946647  6.575029     0.020237    0.008849    0.024329  
      0.723449  6.894140  1.617574     0.020234    0.008852    0.024329  
      6.258728 -0.089030  3.389576     0.020240    0.008849    0.024324  
      0.723429  1.023073  1.771935     0.020236    0.008847    0.024330  
     -2.170109  0.000137  6.779349     0.020239    0.008844    0.024329  
      2.044298 -2.979976  5.161644     0.020235    0.008852    0.024329  
     -3.490979  4.003193  3.389648     0.020241    0.008849    0.024324  
      2.044324  2.891089  5.007287     0.020237    0.008846    0.024330  
      2.170267  0.000130  6.779292     0.020239    0.008844    0.024328  
      4.251409  3.076817  1.694715     0.020230    0.008840    0.024329  
      4.151550  5.871112  3.389505     0.020256    0.008854    0.024343  
      1.383876  1.957084  3.389611     0.020245    0.008844    0.024333  
      4.151542  0.000100  6.779265     0.020242    0.008853    0.024347  
      1.283971  4.963231  1.572378     0.020233    0.008857    0.024317  
     -1.483656  0.837340  5.084502     0.020230    0.008839    0.024329  
      1.283950  2.027682  0.122291     0.020247    0.008845    0.024330  
      1.483744 -0.837217  1.694812     0.020230    0.008840    0.024332  
      4.051646  3.006245  4.962025     0.020232    0.008859    0.024319  
     -1.483661  3.984776  3.511966     0.020244    0.008842    0.024328  
      1.284000  4.751385  5.084395     0.020231    0.008840    0.024331  
      1.483813  1.886490  6.656931     0.020247    0.008845    0.024330  
      4.251393 -0.070603  3.267260     0.020243    0.008842    0.024328  
      1.483765 -1.049066  5.206845     0.020234    0.008857    0.024316  
     -1.283903  0.907920  1.817188     0.020231    0.008860    0.024320  
     -1.383715  3.914186  6.779263     0.020252    0.008858    0.024342  
 
 143 fi =    0.002763 THz     0.017359 2PiTHz    0.092158 cm-1     0.011426 meV
             X         Y         Z           dx          dy          dz
      3.375392  5.064220  1.583443     0.011591   -0.030708    0.001526  
     -1.885782  2.913398  1.806051     0.011591   -0.030709    0.001524  
      3.497608  7.689129  0.167701     0.011592   -0.030708    0.001526  
      0.729941 -1.742092  3.426074     0.011591   -0.030708    0.001526  
      3.649524 -1.063682  5.009619     0.011593   -0.030708    0.001526  
      3.497602  1.881150  3.185318     0.011591   -0.030709    0.001527  
      0.607734  0.796438  4.991441     0.011591   -0.030710    0.001525  
      3.375339  1.967512  0.204206     0.011593   -0.030707    0.001526  
     -4.653373  2.064634  6.742949     0.011593   -0.030707    0.001525  
      6.083576 -2.784850  5.159316     0.011592   -0.030709    0.001526  
     -2.219333  2.795514  5.177507     0.011593   -0.030707    0.001525  
      0.548308  3.903600  3.221711     0.011591   -0.030709    0.001526  
     -0.607628 -1.150056  5.195771     0.011591   -0.030708    0.001526  
      4.653538  1.000780  4.973171     0.011591   -0.030708    0.001524  
     -0.729846 -3.774957  6.611526     0.011593   -0.030708    0.001526  
      2.037828  5.656242  3.353134     0.011591   -0.030708    0.001526  
     -0.881771  4.977838  1.769597     0.011593   -0.030709    0.001526  
     -0.729847  2.033015  3.593915     0.011591   -0.030709    0.001527  
      2.160004  3.117729  1.787787     0.011591   -0.030710    0.001525  
      2.219447  0.010558  3.557508     0.011591   -0.030709    0.001526  
      7.421126  1.849533  0.036282     0.011592   -0.030708    0.001525  
     -3.315820  6.699001  1.619908     0.011591   -0.030708    0.001526  
      4.987075  1.118654  1.601721     0.011593   -0.030708    0.001525  
     -0.607587  1.946647  6.575029     0.011593   -0.030707    0.001526  
      0.723449  6.894140  1.617574     0.011595   -0.030707    0.001528  
      6.258728 -0.089030  3.389576     0.011592   -0.030709    0.001525  
      0.723429  1.023073  1.771935     0.011587   -0.030710    0.001528  
     -2.170109  0.000137  6.779349     0.011592   -0.030707    0.001522  
      2.044298 -2.979976  5.161644     0.011595   -0.030706    0.001527  
     -3.490979  4.003193  3.389648     0.011592   -0.030709    0.001525  
      2.044324  2.891089  5.007287     0.011587   -0.030710    0.001528  
      2.170267  0.000130  6.779292     0.011592   -0.030707    0.001522  
      4.251409  3.076817  1.694715     0.011604   -0.030703    0.001524  
      4.151550  5.871112  3.389505     0.011594   -0.030713    0.001528  
      1.383876  1.957084  3.389611     0.011599   -0.030731    0.001534  
      4.151542  0.000100  6.779265     0.011594   -0.030730    0.001525  
      1.283971  4.963231  1.572378     0.011582   -0.030708    0.001519  
     -1.483656  0.837340  5.084502     0.011603   -0.030703    0.001523  
      1.283950  2.027682  0.122291     0.011590   -0.030704    0.001538  
      1.483744 -0.837217  1.694812     0.011600   -0.030702    0.001522  
      4.051646  3.006245  4.962025     0.011582   -0.030709    0.001516  
     -1.483661  3.984776  3.511966     0.011588   -0.030709    0.001537  
      1.284000  4.751385  5.084395     0.011599   -0.030702    0.001521  
      1.483813  1.886490  6.656931     0.011589   -0.030704    0.001538  
      4.251393 -0.070603  3.267260     0.011588   -0.030709    0.001537  
      1.483765 -1.049066  5.206845     0.011582   -0.030707    0.001518  
     -1.283903  0.907920  1.817188     0.011582   -0.030710    0.001515  
     -1.383715  3.914186  6.779263     0.011604   -0.030727    0.001521  
 
 144 fi =    0.002804 THz     0.017620 2PiTHz    0.093543 cm-1     0.011598 meV
             X         Y         Z           dx          dy          dz
      3.375392  5.064220  1.583443     0.023146    0.007644   -0.022036  
     -1.885782  2.913398  1.806051     0.023146    0.007643   -0.022034  
      3.497608  7.689129  0.167701     0.023147    0.007642   -0.022033  
      0.729941 -1.742092  3.426074     0.023147    0.007642   -0.022036  
      3.649524 -1.063682  5.009619     0.023145    0.007643   -0.022035  
      3.497602  1.881150  3.185318     0.023147    0.007642   -0.022035  
      0.607734  0.796438  4.991441     0.023147    0.007641   -0.022034  
      3.375339  1.967512  0.204206     0.023147    0.007642   -0.022033  
     -4.653373  2.064634  6.742949     0.023146    0.007643   -0.022035  
      6.083576 -2.784850  5.159316     0.023145    0.007642   -0.022035  
     -2.219333  2.795514  5.177507     0.023147    0.007642   -0.022034  
      0.548308  3.903600  3.221711     0.023148    0.007643   -0.022034  
     -0.607628 -1.150056  5.195771     0.023146    0.007643   -0.022036  
      4.653538  1.000780  4.973171     0.023146    0.007643   -0.022033  
     -0.729846 -3.774957  6.611526     0.023147    0.007643   -0.022034  
      2.037828  5.656242  3.353134     0.023146    0.007642   -0.022036  
     -0.881771  4.977838  1.769597     0.023145    0.007643   -0.022035  
     -0.729847  2.033015  3.593915     0.023147    0.007642   -0.022035  
      2.160004  3.117729  1.787787     0.023147    0.007641   -0.022034  
      2.219447  0.010558  3.557508     0.023148    0.007643   -0.022034  
      7.421126  1.849533  0.036282     0.023146    0.007643   -0.022035  
     -3.315820  6.699001  1.619908     0.023146    0.007642   -0.022034  
      4.987075  1.118654  1.601721     0.023147    0.007642   -0.022034  
     -0.607587  1.946647  6.575029     0.023146    0.007643   -0.022033  
      0.723449  6.894140  1.617574     0.023147    0.007644   -0.022034  
      6.258728 -0.089030  3.389576     0.023143    0.007642   -0.022037  
      0.723429  1.023073  1.771935     0.023148    0.007638   -0.022034  
     -2.170109  0.000137  6.779349     0.023147    0.007645   -0.022033  
      2.044298 -2.979976  5.161644     0.023147    0.007644   -0.022034  
     -3.490979  4.003193  3.389648     0.023143    0.007642   -0.022037  
      2.044324  2.891089  5.007287     0.023149    0.007638   -0.022034  
      2.170267  0.000130  6.779292     0.023147    0.007645   -0.022033  
      4.251409  3.076817  1.694715     0.023146    0.007629   -0.022038  
      4.151550  5.871112  3.389505     0.023162    0.007649   -0.022053  
      1.383876  1.957084  3.389611     0.023167    0.007648   -0.022048  
      4.151542  0.000100  6.779265     0.023150    0.007650   -0.022051  
      1.283971  4.963231  1.572378     0.023154    0.007646   -0.022036  
     -1.483656  0.837340  5.084502     0.023146    0.007629   -0.022038  
      1.283950  2.027682  0.122291     0.023138    0.007649   -0.022024  
      1.483744 -0.837217  1.694812     0.023144    0.007631   -0.022043  
      4.051646  3.006245  4.962025     0.023151    0.007645   -0.022031  
     -1.483661  3.984776  3.511966     0.023137    0.007650   -0.022026  
      1.284000  4.751385  5.084395     0.023143    0.007631   -0.022043  
      1.483813  1.886490  6.656931     0.023138    0.007649   -0.022024  
      4.251393 -0.070603  3.267260     0.023137    0.007651   -0.022025  
      1.483765 -1.049066  5.206845     0.023154    0.007646   -0.022035  
     -1.283903  0.907920  1.817188     0.023151    0.007645   -0.022031  
     -1.383715  3.914186  6.779263     0.023160    0.007641   -0.022035  
 
