 Eigenvectors and eigenvalues of the dynamical matrix
 ----------------------------------------------------
 
 
   1 f  =   33.096284 THz   207.950084 2PiTHz 1103.973194 cm-1   136.875170 meV
             X         Y         Z           dx          dy          dz
      0.000000  0.000000  0.000000    -0.013051    0.017172   -0.004271  
      3.215196  3.633217  3.697462     0.013051   -0.017172   -0.004271  
      0.000000  3.633217  3.697462    -0.013051   -0.017172   -0.004271  
      3.215196  0.000000  0.000000     0.013051    0.017172   -0.004271  
      4.822794  2.021090  6.201088    -0.000003   -0.002219   -0.000349  
      1.607598  5.245344  1.193835     0.000003   -0.002233   -0.000356  
      1.607598  5.654307  4.891297    -0.000009    0.002219   -0.000349  
      4.822794  1.612127  2.503626     0.000009    0.002233   -0.000355  
      1.607598  2.686230  6.461630    -0.000000   -0.052096   -0.001345  
      4.822794  4.580204  0.933293     0.000001   -0.052121   -0.001336  
      4.822794  6.319447  4.630755     0.000009    0.052097   -0.001347  
      1.607598  0.946987  2.764168    -0.000008    0.052120   -0.001334  
      6.064900  5.405781  4.643522     0.044590   -0.024028    0.000690  
      3.580688  5.493871  0.946060    -0.044714    0.024100    0.000699  
      0.365492  1.772564  6.448863     0.044565    0.024003    0.000692  
      2.849704  1.860654  2.751401    -0.044735   -0.024122    0.000697  
      0.365492  1.860654  2.751401     0.044661   -0.024051    0.000698  
      3.580688  5.405781  4.643522    -0.044516   -0.023958    0.000691  
      6.064900  5.493871  0.946060     0.044685    0.024075    0.000696  
      2.849704  1.772564  6.448863    -0.044538    0.023981    0.000689  
      4.822794  1.134617  0.805268    -0.000001   -0.004617   -0.003572  
      1.607598  6.131817  6.589655     0.000001   -0.004614   -0.003562  
      1.607598  4.767834  2.892194     0.000002    0.004617   -0.003572  
      4.822794  2.498600  4.502729    -0.000002    0.004613   -0.003563  
      4.822794  7.240401  5.880687    -0.000011   -0.034354   -0.030940  
      1.607598  0.026033  1.514236     0.000011   -0.034325   -0.030915  
      1.607598  3.607184  5.211698    -0.000001    0.034354   -0.030940  
      4.822794  3.659250  2.183226     0.000001    0.034324   -0.030913  
      1.607598  3.516876  0.371314    -0.000004    0.037311    0.038353  
      4.822794  3.749558  7.023609     0.000004    0.037250    0.038301  
      4.822794  7.150094  3.326147    -0.000004   -0.037312    0.038355  
      1.607598  0.116341  4.068776     0.000004   -0.037248    0.038297  
 
   2 f  =   32.234194 THz   202.533416 2PiTHz 1075.216985 cm-1   133.309856 meV
             X         Y         Z           dx          dy          dz
      0.000000  0.000000  0.000000     0.000003    0.000009   -0.000022  
      3.215196  3.633217  3.697462    -0.000031   -0.000005    0.000031  
      0.000000  3.633217  3.697462     0.000015    0.000011    0.000035  
      3.215196  0.000000  0.000000    -0.000023    0.000037   -0.000035  
      4.822794  2.021090  6.201088    -0.000009    0.006854   -0.006905  
      1.607598  5.245344  1.193835    -0.000008   -0.006874    0.006922  
      1.607598  5.654307  4.891297    -0.000006   -0.006870   -0.006920  
      4.822794  1.612127  2.503626    -0.000005    0.006857    0.006907  
      1.607598  2.686230  6.461630     0.000018    0.032121   -0.033395  
      4.822794  4.580204  0.933293     0.000017   -0.032145    0.033240  
      4.822794  6.319447  4.630755     0.000004   -0.032199   -0.033262  
      1.607598  0.946987  2.764168     0.000002    0.032069    0.033374  
      6.064900  5.405781  4.643522    -0.041914    0.025588    0.000042  
      3.580688  5.493871  0.946060    -0.041742    0.025488   -0.000047  
      0.365492  1.772564  6.448863    -0.041864   -0.025564    0.000048  
      2.849704  1.860654  2.751401    -0.041695   -0.025474   -0.000053  
      0.365492  1.860654  2.751401     0.041717   -0.025495   -0.000054  
      3.580688  5.405781  4.643522     0.041932    0.025605    0.000041  
      6.064900  5.493871  0.946060     0.041764    0.025517   -0.000047  
      2.849704  1.772564  6.448863     0.041884   -0.025590    0.000049  
      4.822794  1.134617  0.805268    -0.000001   -0.010956   -0.043275  
      1.607598  6.131817  6.589655    -0.000001    0.010974    0.043405  
      1.607598  4.767834  2.892194    -0.000002    0.010972   -0.043411  
      4.822794  2.498600  4.502729    -0.000002   -0.010957    0.043269  
      4.822794  7.240401  5.880687    -0.000006    0.032650    0.039558  
      1.607598  0.026033  1.514236    -0.000007   -0.032702   -0.039599  
      1.607598  3.607184  5.211698    -0.000008   -0.032697    0.039605  
      4.822794  3.659250  2.183226    -0.000008    0.032654   -0.039550  
      1.607598  3.516876  0.371314    -0.000008    0.027757    0.031680  
      4.822794  3.749558  7.023609    -0.000008   -0.027527   -0.031402  
      4.822794  7.150094  3.326147    -0.000006   -0.027575    0.031448  
      1.607598  0.116341  4.068776    -0.000006    0.027709   -0.031634  
 
   3 f  =   32.051584 THz   201.386043 2PiTHz 1069.125771 cm-1   132.554642 meV
             X         Y         Z           dx          dy          dz
      0.000000  0.000000  0.000000     0.002703   -0.005642    0.016040  
      3.215196  3.633217  3.697462     0.002703   -0.005643   -0.016040  
      0.000000  3.633217  3.697462    -0.002703   -0.005643   -0.016040  
      3.215196  0.000000  0.000000    -0.002703   -0.005642    0.016040  
      4.822794  2.021090  6.201088    -0.000003    0.003768   -0.005415  
      1.607598  5.245344  1.193835     0.000003    0.003746   -0.005390  
      1.607598  5.654307  4.891297     0.000000    0.003746    0.005390  
      4.822794  1.612127  2.503626    -0.000000    0.003768    0.005415  
      1.607598  2.686230  6.461630     0.000014    0.025502    0.040412  
      4.822794  4.580204  0.933293    -0.000014    0.025399    0.040529  
      4.822794  6.319447  4.630755    -0.000007    0.025397   -0.040528  
      1.607598  0.946987  2.764168     0.000007    0.025505   -0.040413  
      6.064900  5.405781  4.643522     0.023653   -0.010221    0.001970  
      3.580688  5.493871  0.946060     0.023659   -0.010220   -0.001972  
      0.365492  1.772564  6.448863    -0.023771   -0.010288   -0.001971  
      2.849704  1.860654  2.751401    -0.023774   -0.010295    0.001970  
      0.365492  1.860654  2.751401     0.023756   -0.010279    0.001974  
      3.580688  5.405781  4.643522    -0.023634   -0.010204    0.001974  
      6.064900  5.493871  0.946060    -0.023638   -0.010212   -0.001973  
      2.849704  1.772564  6.448863     0.023751   -0.010280   -0.001972  
      4.822794  1.134617  0.805268     0.000001   -0.005052   -0.043395  
      1.607598  6.131817  6.589655    -0.000001   -0.005014   -0.043247  
      1.607598  4.767834  2.892194    -0.000002   -0.005014    0.043246  
      4.822794  2.498600  4.502729     0.000001   -0.005052    0.043396  
      4.822794  7.240401  5.880687    -0.000001    0.018527    0.018391  
      1.607598  0.026033  1.514236     0.000001    0.018407    0.018248  
      1.607598  3.607184  5.211698    -0.000004    0.018407   -0.018249  
      4.822794  3.659250  2.183226     0.000003    0.018528   -0.018392  
      1.607598  3.516876  0.371314    -0.000005   -0.051275   -0.066326  
      4.822794  3.749558  7.023609     0.000005   -0.051357   -0.066422  
      4.822794  7.150094  3.326147     0.000001   -0.051361    0.066425  
      1.607598  0.116341  4.068776    -0.000001   -0.051272    0.066325  
 
   4 f  =   30.191663 THz   189.699814 2PiTHz 1007.085481 cm-1   124.862630 meV
             X         Y         Z           dx          dy          dz
      0.000000  0.000000  0.000000     0.000003   -0.000002    0.000006  
      3.215196  3.633217  3.697462     0.000001   -0.000003   -0.000004  
      0.000000  3.633217  3.697462    -0.000000   -0.000004   -0.000005  
      3.215196  0.000000  0.000000    -0.000003   -0.000000    0.000004  
      4.822794  2.021090  6.201088    -0.000000    0.001500    0.002384  
      1.607598  5.245344  1.193835    -0.000001   -0.001494   -0.002380  
      1.607598  5.654307  4.891297     0.000000    0.001500   -0.002383  
      4.822794  1.612127  2.503626     0.000001   -0.001493    0.002380  
      1.607598  2.686230  6.461630     0.000002    0.014364   -0.008003  
      4.822794  4.580204  0.933293     0.000009   -0.014379    0.008010  
      4.822794  6.319447  4.630755    -0.000000    0.014358    0.008002  
      1.607598  0.946987  2.764168    -0.000008   -0.014374   -0.008019  
      6.064900  5.405781  4.643522     0.063305   -0.032959    0.003028  
      3.580688  5.493871  0.946060    -0.063363    0.032995    0.003029  
      0.365492  1.772564  6.448863    -0.063323   -0.032970   -0.003028  
      2.849704  1.860654  2.751401     0.063370    0.032997   -0.003030  
      0.365492  1.860654  2.751401    -0.063356    0.032988   -0.003030  
      3.580688  5.405781  4.643522    -0.063307   -0.032961    0.003028  
      6.064900  5.493871  0.946060     0.063349    0.032984    0.003029  
      2.849704  1.772564  6.448863     0.063321   -0.032969   -0.003029  
      4.822794  1.134617  0.805268    -0.000001    0.001649    0.001633  
      1.607598  6.131817  6.589655     0.000000   -0.001648   -0.001630  
      1.607598  4.767834  2.892194     0.000000    0.001649   -0.001634  
      4.822794  2.498600  4.502729    -0.000001   -0.001648    0.001628  
      4.822794  7.240401  5.880687     0.000000    0.023859    0.019626  
      1.607598  0.026033  1.514236     0.000001   -0.023871   -0.019635  
      1.607598  3.607184  5.211698    -0.000000    0.023863   -0.019629  
      4.822794  3.659250  2.183226    -0.000001   -0.023867    0.019632  
      1.607598  3.516876  0.371314     0.000000    0.043831    0.044465  
      4.822794  3.749558  7.023609    -0.000000   -0.043850   -0.044486  
      4.822794  7.150094  3.326147     0.000000    0.043824   -0.044459  
      1.607598  0.116341  4.068776     0.000001   -0.043869    0.044510  
 
   5 f  =   30.104398 THz   189.151509 2PiTHz 1004.174617 cm-1   124.501729 meV
             X         Y         Z           dx          dy          dz
      0.000000  0.000000  0.000000    -0.004759    0.005188   -0.011481  
      3.215196  3.633217  3.697462    -0.004758    0.005189    0.011480  
      0.000000  3.633217  3.697462     0.004758    0.005189    0.011481  
      3.215196  0.000000  0.000000     0.004759    0.005187   -0.011480  
      4.822794  2.021090  6.201088     0.000026   -0.007864   -0.005235  
      1.607598  5.245344  1.193835    -0.000025   -0.007860   -0.005234  
      1.607598  5.654307  4.891297    -0.000013   -0.007859    0.005232  
      4.822794  1.612127  2.503626     0.000013   -0.007866    0.005237  
      1.607598  2.686230  6.461630    -0.000220    0.025250   -0.014119  
      4.822794  4.580204  0.933293     0.000214    0.025254   -0.014130  
      4.822794  6.319447  4.630755     0.000091    0.025249    0.014136  
      1.607598  0.946987  2.764168    -0.000086    0.025255    0.014120  
      6.064900  5.405781  4.643522     0.062607   -0.036257    0.001750  
      3.580688  5.493871  0.946060     0.062437   -0.036140   -0.001748  
      0.365492  1.772564  6.448863    -0.062441   -0.036143   -0.001749  
      2.849704  1.860654  2.751401    -0.062535   -0.036226    0.001746  
      0.365492  1.860654  2.751401     0.062676   -0.036332    0.001744  
      3.580688  5.405781  4.643522    -0.062757   -0.036370    0.001749  
      6.064900  5.493871  0.946060    -0.062827   -0.036437   -0.001745  
      2.849704  1.772564  6.448863     0.062842   -0.036449   -0.001746  
      4.822794  1.134617  0.805268    -0.000026   -0.001316   -0.010544  
      1.607598  6.131817  6.589655     0.000026   -0.001318   -0.010553  
      1.607598  4.767834  2.892194     0.000020   -0.001318    0.010552  
      4.822794  2.498600  4.502729    -0.000020   -0.001317    0.010547  
      4.822794  7.240401  5.880687    -0.000024    0.010098    0.005925  
      1.607598  0.026033  1.514236     0.000023    0.010065    0.005894  
      1.607598  3.607184  5.211698     0.000015    0.010090   -0.005919  
      4.822794  3.659250  2.183226    -0.000015    0.010067   -0.005896  
      1.607598  3.516876  0.371314     0.000016    0.036488    0.039993  
      4.822794  3.749558  7.023609    -0.000016    0.036483    0.039989  
      4.822794  7.150094  3.326147    -0.000009    0.036533   -0.040041  
      1.607598  0.116341  4.068776     0.000010    0.036456   -0.039960  
 
   6 f  =   29.951348 THz   188.189867 2PiTHz  999.069415 cm-1   123.868765 meV
             X         Y         Z           dx          dy          dz
      0.000000  0.000000  0.000000     0.008758    0.012164    0.002600  
      3.215196  3.633217  3.697462    -0.008758   -0.012164    0.002602  
      0.000000  3.633217  3.697462     0.008758   -0.012164    0.002602  
      3.215196  0.000000  0.000000    -0.008757    0.012164    0.002599  
      4.822794  2.021090  6.201088    -0.000046   -0.002302    0.000963  
      1.607598  5.245344  1.193835     0.000045   -0.002296    0.000946  
      1.607598  5.654307  4.891297     0.000023    0.002300    0.000965  
      4.822794  1.612127  2.503626    -0.000024    0.002295    0.000946  
      1.607598  2.686230  6.461630     0.000422    0.001052   -0.022407  
      4.822794  4.580204  0.933293    -0.000410    0.000937   -0.022595  
      4.822794  6.319447  4.630755    -0.000209   -0.001057   -0.022400  
      1.607598  0.946987  2.764168     0.000214   -0.000924   -0.022597  
      6.064900  5.405781  4.643522    -0.048281    0.027680   -0.003430  
      3.580688  5.493871  0.946060     0.048857   -0.028069   -0.003438  
      0.365492  1.772564  6.448863    -0.048860   -0.028125   -0.003436  
      2.849704  1.860654  2.751401     0.048248    0.027607   -0.003432  
      0.365492  1.860654  2.751401    -0.048647    0.027916   -0.003437  
      3.580688  5.405781  4.643522     0.048671    0.027981   -0.003436  
      6.064900  5.493871  0.946060    -0.048097   -0.027489   -0.003433  
      2.849704  1.772564  6.448863     0.048077   -0.027527   -0.003430  
      4.822794  1.134617  0.805268     0.000052   -0.001051   -0.008150  
      1.607598  6.131817  6.589655    -0.000051   -0.001061   -0.008264  
      1.607598  4.767834  2.892194    -0.000042    0.001050   -0.008150  
      4.822794  2.498600  4.502729     0.000043    0.001061   -0.008261  
      4.822794  7.240401  5.880687     0.000046   -0.016375   -0.011304  
      1.607598  0.026033  1.514236    -0.000045   -0.016301   -0.011225  
      1.607598  3.607184  5.211698    -0.000033    0.016371   -0.011300  
      4.822794  3.659250  2.183226     0.000034    0.016309   -0.011232  
      1.607598  3.516876  0.371314    -0.000020    0.058569    0.065890  
      4.822794  3.749558  7.023609     0.000021    0.058817    0.066221  
      4.822794  7.150094  3.326147     0.000010   -0.058565    0.065882  
      1.607598  0.116341  4.068776    -0.000010   -0.058808    0.066214  
 
   7 f  =   29.684250 THz   186.511646 2PiTHz  990.160013 cm-1   122.764140 meV
             X         Y         Z           dx          dy          dz
      0.000000  0.000000  0.000000     0.000061    0.000048    0.000038  
      3.215196  3.633217  3.697462    -0.000024   -0.000061   -0.000023  
      0.000000  3.633217  3.697462     0.000023   -0.000059   -0.000022  
      3.215196  0.000000  0.000000    -0.000062    0.000048    0.000039  
      4.822794  2.021090  6.201088     0.006311    0.000004    0.000017  
      1.607598  5.245344  1.193835    -0.006310    0.000004    0.000014  
      1.607598  5.654307  4.891297    -0.006312    0.000035   -0.000005  
      4.822794  1.612127  2.503626     0.006311    0.000036   -0.000009  
      1.607598  2.686230  6.461630    -0.057951   -0.000076   -0.000071  
      4.822794  4.580204  0.933293     0.057934   -0.000067   -0.000076  
      4.822794  6.319447  4.630755     0.057961   -0.000101   -0.000196  
      1.607598  0.946987  2.764168    -0.057944   -0.000097   -0.000199  
      6.064900  5.405781  4.643522    -0.053339    0.040720   -0.000124  
      3.580688  5.493871  0.946060    -0.052812    0.040405    0.000070  
      0.365492  1.772564  6.448863     0.052836    0.040426    0.000070  
      2.849704  1.860654  2.751401     0.053301    0.040695   -0.000122  
      0.365492  1.860654  2.751401     0.052520   -0.040232    0.000064  
      3.580688  5.405781  4.643522    -0.052517   -0.040235    0.000063  
      6.064900  5.493871  0.946060    -0.052984   -0.040503   -0.000115  
      2.849704  1.772564  6.448863     0.053006   -0.040521   -0.000117  
      4.822794  1.134617  0.805268    -0.008712   -0.000005   -0.000033  
      1.607598  6.131817  6.589655     0.008711   -0.000007   -0.000041  
      1.607598  4.767834  2.892194     0.008712    0.000005   -0.000065  
      4.822794  2.498600  4.502729    -0.008712    0.000008   -0.000074  
      4.822794  7.240401  5.880687    -0.006789   -0.000056   -0.000014  
      1.607598  0.026033  1.514236     0.006785   -0.000043    0.000000  
      1.607598  3.607184  5.211698     0.006788    0.000073   -0.000075  
      4.822794  3.659250  2.183226    -0.006787    0.000064   -0.000057  
      1.607598  3.516876  0.371314     0.002773    0.000252    0.000294  
      4.822794  3.749558  7.023609    -0.002776    0.000245    0.000284  
      4.822794  7.150094  3.326147    -0.002774   -0.000435    0.000495  
      1.607598  0.116341  4.068776     0.002775   -0.000421    0.000484  
 
   8 f  =   29.439936 THz   184.976572 2PiTHz  982.010552 cm-1   121.753736 meV
             X         Y         Z           dx          dy          dz
      0.000000  0.000000  0.000000    -0.000018   -0.000028   -0.000007  
      3.215196  3.633217  3.697462     0.000003    0.000019    0.000009  
      0.000000  3.633217  3.697462    -0.000004    0.000043    0.000016  
      3.215196  0.000000  0.000000     0.000016   -0.000010   -0.000008  
      4.822794  2.021090  6.201088    -0.004986   -0.000001   -0.000005  
      1.607598  5.245344  1.193835     0.004972   -0.000003   -0.000012  
      1.607598  5.654307  4.891297    -0.004988   -0.000010    0.000000  
      4.822794  1.612127  2.503626     0.004969   -0.000008   -0.000007  
      1.607598  2.686230  6.461630     0.057159    0.000042    0.000029  
      4.822794  4.580204  0.933293    -0.057028    0.000048    0.000021  
      4.822794  6.319447  4.630755     0.057180    0.000037    0.000089  
      1.607598  0.946987  2.764168    -0.056991    0.000035    0.000078  
      6.064900  5.405781  4.643522    -0.053852    0.041155    0.000033  
      3.580688  5.493871  0.946060     0.053840   -0.041124    0.000031  
      0.365492  1.772564  6.448863    -0.053982   -0.041226    0.000028  
      2.849704  1.860654  2.751401     0.053654    0.041009    0.000036  
      0.365492  1.860654  2.751401     0.054026   -0.041222   -0.000013  
      3.580688  5.405781  4.643522    -0.054176   -0.041341   -0.000013  
      6.064900  5.493871  0.946060     0.053909    0.041160   -0.000017  
      2.849704  1.772564  6.448863    -0.054009    0.041240   -0.000019  
      4.822794  1.134617  0.805268     0.002820    0.000011    0.000029  
      1.607598  6.131817  6.589655    -0.002801    0.000006    0.000010  
      1.607598  4.767834  2.892194     0.002819   -0.000008    0.000040  
      4.822794  2.498600  4.502729    -0.002800   -0.000004    0.000025  
      4.822794  7.240401  5.880687     0.004783   -0.000027   -0.000075  
      1.607598  0.026033  1.514236    -0.004777    0.000001   -0.000040  
      1.607598  3.607184  5.211698     0.004784    0.000004   -0.000022  
      4.822794  3.659250  2.183226    -0.004773   -0.000023    0.000008  
      1.607598  3.516876  0.371314    -0.001006   -0.000056   -0.000055  
      4.822794  3.749558  7.023609     0.001010   -0.000078   -0.000075  
      4.822794  7.150094  3.326147    -0.001005    0.000126   -0.000123  
      1.607598  0.116341  4.068776     0.001011    0.000142   -0.000140  
 
   9 f  =   29.406283 THz   184.765127 2PiTHz  980.888027 cm-1   121.614561 meV
             X         Y         Z           dx          dy          dz
      0.000000  0.000000  0.000000     0.000130   -0.007271    0.001332  
      3.215196  3.633217  3.697462     0.000131   -0.007270   -0.001334  
      0.000000  3.633217  3.697462     0.000130    0.007272    0.001334  
      3.215196  0.000000  0.000000     0.000131    0.007269   -0.001333  
      4.822794  2.021090  6.201088    -0.005452    0.000049    0.000165  
      1.607598  5.245344  1.193835    -0.005466   -0.000049   -0.000165  
      1.607598  5.654307  4.891297    -0.005453   -0.000049    0.000165  
      4.822794  1.612127  2.503626    -0.005468    0.000048   -0.000165  
      1.607598  2.686230  6.461630     0.057074    0.000051    0.000310  
      4.822794  4.580204  0.933293     0.057235   -0.000048   -0.000307  
      4.822794  6.319447  4.630755     0.057091   -0.000048    0.000308  
      1.607598  0.946987  2.764168     0.057252    0.000049   -0.000303  
      6.064900  5.405781  4.643522    -0.054295    0.041213   -0.000436  
      3.580688  5.493871  0.946060    -0.054432    0.041316    0.000436  
      0.365492  1.772564  6.448863    -0.054276   -0.041198   -0.000436  
      2.849704  1.860654  2.751401    -0.054447   -0.041327    0.000437  
      0.365492  1.860654  2.751401    -0.053153    0.040594   -0.000346  
      3.580688  5.405781  4.643522    -0.053014   -0.040488    0.000347  
      6.064900  5.493871  0.946060    -0.053141   -0.040586   -0.000345  
      2.849704  1.772564  6.448863    -0.052995    0.040473    0.000346  
      4.822794  1.134617  0.805268     0.007074    0.000096    0.000400  
      1.607598  6.131817  6.589655     0.007082   -0.000096   -0.000398  
      1.607598  4.767834  2.892194     0.007074   -0.000098    0.000400  
      4.822794  2.498600  4.502729     0.007082    0.000097   -0.000398  
      4.822794  7.240401  5.880687     0.003934   -0.000587   -0.000697  
      1.607598  0.026033  1.514236     0.003947    0.000588    0.000696  
      1.607598  3.607184  5.211698     0.003935    0.000587   -0.000699  
      4.822794  3.659250  2.183226     0.003949   -0.000591    0.000704  
      1.607598  3.516876  0.371314     0.002029    0.000247    0.000175  
      4.822794  3.749558  7.023609     0.002026   -0.000258   -0.000188  
      4.822794  7.150094  3.326147     0.002030   -0.000251    0.000179  
      1.607598  0.116341  4.068776     0.002026    0.000261   -0.000190  
 
  10 f  =   29.381464 THz   184.609180 2PiTHz  980.060132 cm-1   121.511915 meV
             X         Y         Z           dx          dy          dz
      0.000000  0.000000  0.000000     0.000373   -0.004593    0.005184  
      3.215196  3.633217  3.697462    -0.000374    0.004592    0.005186  
      0.000000  3.633217  3.697462    -0.000373   -0.004591   -0.005185  
      3.215196  0.000000  0.000000     0.000375    0.004592   -0.005186  
      4.822794  2.021090  6.201088    -0.005290    0.000045    0.000139  
      1.607598  5.245344  1.193835    -0.005289   -0.000045   -0.000139  
      1.607598  5.654307  4.891297     0.005287   -0.000044    0.000138  
      4.822794  1.612127  2.503626     0.005291    0.000043   -0.000138  
      1.607598  2.686230  6.461630     0.057049    0.000023    0.000236  
      4.822794  4.580204  0.933293     0.057037   -0.000016   -0.000236  
      4.822794  6.319447  4.630755    -0.057018   -0.000023    0.000232  
      1.607598  0.946987  2.764168    -0.057064    0.000028   -0.000225  
      6.064900  5.405781  4.643522     0.053452   -0.040718    0.000503  
      3.580688  5.493871  0.946060    -0.054451    0.041290    0.000580  
      0.365492  1.772564  6.448863    -0.054463   -0.041295   -0.000580  
      2.849704  1.860654  2.751401     0.053491    0.040750   -0.000503  
      0.365492  1.860654  2.751401     0.054486   -0.041316    0.000579  
      3.580688  5.405781  4.643522     0.054432    0.041274   -0.000578  
      6.064900  5.493871  0.946060    -0.053477   -0.040740   -0.000502  
      2.849704  1.772564  6.448863    -0.053479    0.040741    0.000501  
      4.822794  1.134617  0.805268     0.000888    0.000081    0.000327  
      1.607598  6.131817  6.589655     0.000889   -0.000080   -0.000325  
      1.607598  4.767834  2.892194    -0.000886   -0.000081    0.000332  
      4.822794  2.498600  4.502729    -0.000890    0.000081   -0.000328  
      4.822794  7.240401  5.880687     0.004949   -0.000490   -0.000595  
      1.607598  0.026033  1.514236     0.004949    0.000485    0.000588  
      1.607598  3.607184  5.211698    -0.004947    0.000479   -0.000584  
      4.822794  3.659250  2.183226    -0.004951   -0.000484    0.000588  
      1.607598  3.516876  0.371314     0.002740    0.000247    0.000209  
      4.822794  3.749558  7.023609     0.002740   -0.000252   -0.000213  
      4.822794  7.150094  3.326147    -0.002741   -0.000252    0.000220  
      1.607598  0.116341  4.068776    -0.002740    0.000259   -0.000229  
 
  11 f  =   29.239007 THz   183.714099 2PiTHz  975.308291 cm-1   120.922762 meV
             X         Y         Z           dx          dy          dz
      0.000000  0.000000  0.000000     0.000014    0.000118   -0.000062  
      3.215196  3.633217  3.697462    -0.000004    0.000052   -0.000032  
      0.000000  3.633217  3.697462     0.000017   -0.000025    0.000043  
      3.215196  0.000000  0.000000    -0.000013   -0.000134    0.000064  
      4.822794  2.021090  6.201088     0.000117    0.004304    0.012975  
      1.607598  5.245344  1.193835     0.000116   -0.004297   -0.012980  
      1.607598  5.654307  4.891297     0.000014   -0.004307    0.012981  
      4.822794  1.612127  2.503626     0.000010    0.004294   -0.012974  
      1.607598  2.686230  6.461630    -0.001297    0.008732    0.026436  
      4.822794  4.580204  0.933293    -0.001283   -0.008659   -0.026416  
      4.822794  6.319447  4.630755    -0.000159   -0.008729    0.026419  
      1.607598  0.946987  2.764168    -0.000118    0.008667   -0.026424  
      6.064900  5.405781  4.643522    -0.050483    0.029553   -0.003421  
      3.580688  5.493871  0.946060    -0.049408    0.028771    0.003411  
      0.365492  1.772564  6.448863    -0.049437   -0.028748   -0.003408  
      2.849704  1.860654  2.751401    -0.050537   -0.029611    0.003424  
      0.365492  1.860654  2.751401     0.050769   -0.029791    0.003422  
      3.580688  5.405781  4.643522     0.050790    0.029789   -0.003418  
      6.064900  5.493871  0.946060     0.051833    0.030608    0.003434  
      2.849704  1.772564  6.448863     0.051891   -0.030608   -0.003431  
      4.822794  1.134617  0.805268    -0.000096    0.007142    0.031241  
      1.607598  6.131817  6.589655    -0.000096   -0.007141   -0.031247  
      1.607598  4.767834  2.892194    -0.000079   -0.007147    0.031264  
      4.822794  2.498600  4.502729    -0.000075    0.007137   -0.031227  
      4.822794  7.240401  5.880687    -0.000102   -0.046403   -0.055689  
      1.607598  0.026033  1.514236    -0.000101    0.046520    0.055817  
      1.607598  3.607184  5.211698    -0.000004    0.046426   -0.055714  
      4.822794  3.659250  2.183226     0.000000   -0.046504    0.055803  
      1.607598  3.516876  0.371314    -0.000060    0.016094    0.009524  
      4.822794  3.749558  7.023609    -0.000060   -0.016227   -0.009678  
      4.822794  7.150094  3.326147     0.000005   -0.016099    0.009534  
      1.607598  0.116341  4.068776     0.000003    0.016229   -0.009678  
 
  12 f  =   28.957232 THz   181.943655 2PiTHz  965.909294 cm-1   119.757436 meV
             X         Y         Z           dx          dy          dz
      0.000000  0.000000  0.000000    -0.000030   -0.000020   -0.000009  
      3.215196  3.633217  3.697462     0.000016   -0.000005   -0.000020  
      0.000000  3.633217  3.697462    -0.000040    0.000021   -0.000023  
      3.215196  0.000000  0.000000     0.000008    0.000020   -0.000028  
      4.822794  2.021090  6.201088    -0.000019    0.001178   -0.003462  
      1.607598  5.245344  1.193835    -0.000019   -0.001179    0.003450  
      1.607598  5.654307  4.891297    -0.000007   -0.001174   -0.003466  
      4.822794  1.612127  2.503626    -0.000005    0.001184    0.003448  
      1.607598  2.686230  6.461630     0.000152    0.042999    0.025771  
      4.822794  4.580204  0.933293     0.000150   -0.043077   -0.025533  
      4.822794  6.319447  4.630755    -0.000009   -0.043006    0.025740  
      1.607598  0.946987  2.764168    -0.000026    0.043015   -0.025540  
      6.064900  5.405781  4.643522    -0.008841    0.014027    0.001974  
      3.580688  5.493871  0.946060    -0.009118    0.014222   -0.001953  
      0.365492  1.772564  6.448863    -0.008995   -0.014142    0.001971  
      2.849704  1.860654  2.751401    -0.008917   -0.014071   -0.001955  
      0.365492  1.860654  2.751401     0.009016   -0.014157   -0.001951  
      3.580688  5.405781  4.643522     0.008909    0.014087    0.001969  
      6.064900  5.493871  0.946060     0.008867    0.014047   -0.001956  
      2.849704  1.772564  6.448863     0.008740   -0.013962    0.001975  
      4.822794  1.134617  0.805268     0.000007   -0.005840   -0.003311  
      1.607598  6.131817  6.589655     0.000007    0.005852    0.003385  
      1.607598  4.767834  2.892194     0.000004    0.005839   -0.003310  
      4.822794  2.498600  4.502729     0.000003   -0.005852    0.003375  
      4.822794  7.240401  5.880687     0.000004    0.013301    0.021233  
      1.607598  0.026033  1.514236     0.000004   -0.013368   -0.021340  
      1.607598  3.607184  5.211698    -0.000010   -0.013287    0.021215  
      4.822794  3.659250  2.183226    -0.000012    0.013410   -0.021389  
      1.607598  3.516876  0.371314     0.000003   -0.058308   -0.078321  
      4.822794  3.749558  7.023609     0.000002    0.058052    0.077987  
      4.822794  7.150094  3.326147    -0.000013    0.058273   -0.078274  
      1.607598  0.116341  4.068776    -0.000012   -0.058017    0.077945  
 
  13 f  =   28.849231 THz   181.265061 2PiTHz  962.306748 cm-1   119.310777 meV
             X         Y         Z           dx          dy          dz
      0.000000  0.000000  0.000000    -0.000004   -0.000002   -0.000002  
      3.215196  3.633217  3.697462    -0.000004   -0.000001    0.000001  
      0.000000  3.633217  3.697462     0.000004   -0.000004    0.000000  
      3.215196  0.000000  0.000000     0.000002   -0.000001   -0.000001  
      4.822794  2.021090  6.201088     0.000000   -0.000474    0.001755  
      1.607598  5.245344  1.193835    -0.000000    0.000472   -0.001756  
      1.607598  5.654307  4.891297     0.000000   -0.000472   -0.001753  
      4.822794  1.612127  2.503626     0.000001    0.000472    0.001754  
      1.607598  2.686230  6.461630    -0.000002    0.050010    0.018705  
      4.822794  4.580204  0.933293     0.000001   -0.049980   -0.018725  
      4.822794  6.319447  4.630755     0.000002    0.050034   -0.018723  
      1.607598  0.946987  2.764168    -0.000005   -0.050007    0.018738  
      6.064900  5.405781  4.643522     0.027270   -0.021601   -0.001359  
      3.580688  5.493871  0.946060    -0.027257    0.021584   -0.001357  
      0.365492  1.772564  6.448863    -0.027275   -0.021597    0.001356  
      2.849704  1.860654  2.751401     0.027272    0.021599    0.001356  
      0.365492  1.860654  2.751401    -0.027270    0.021598    0.001357  
      3.580688  5.405781  4.643522    -0.027281   -0.021609   -0.001357  
      6.064900  5.493871  0.946060     0.027259    0.021588   -0.001356  
      2.849704  1.772564  6.448863     0.027281   -0.021605    0.001355  
      4.822794  1.134617  0.805268    -0.000001   -0.000429   -0.009413  
      1.607598  6.131817  6.589655    -0.000000    0.000431    0.009409  
      1.607598  4.767834  2.892194     0.000001   -0.000432    0.009412  
      4.822794  2.498600  4.502729    -0.000000    0.000434   -0.009412  
      4.822794  7.240401  5.880687    -0.000000   -0.019020   -0.022357  
      1.607598  0.026033  1.514236    -0.000000    0.018992    0.022319  
      1.607598  3.607184  5.211698     0.000000   -0.019013    0.022346  
      4.822794  3.659250  2.183226     0.000000    0.018984   -0.022306  
      1.607598  3.516876  0.371314     0.000000   -0.049120   -0.065612  
      4.822794  3.749558  7.023609    -0.000000    0.049122    0.065615  
      4.822794  7.150094  3.326147     0.000001   -0.049162    0.065668  
      1.607598  0.116341  4.068776     0.000001    0.049149   -0.065652  
 
  14 f  =   28.539355 THz   179.318059 2PiTHz  951.970428 cm-1   118.029237 meV
             X         Y         Z           dx          dy          dz
      0.000000  0.000000  0.000000    -0.013167   -0.005930   -0.000414  
      3.215196  3.633217  3.697462    -0.013167   -0.005930    0.000413  
      0.000000  3.633217  3.697462     0.013167   -0.005930    0.000414  
      3.215196  0.000000  0.000000     0.013167   -0.005930   -0.000413  
      4.822794  2.021090  6.201088     0.000003   -0.000527    0.002986  
      1.607598  5.245344  1.193835    -0.000002   -0.000529    0.002993  
      1.607598  5.654307  4.891297    -0.000003   -0.000532   -0.002986  
      4.822794  1.612127  2.503626     0.000003   -0.000524   -0.002994  
      1.607598  2.686230  6.461630    -0.000054    0.044028   -0.025753  
      4.822794  4.580204  0.933293     0.000047    0.043999   -0.025702  
      4.822794  6.319447  4.630755     0.000017    0.043998    0.025771  
      1.607598  0.946987  2.764168    -0.000014    0.044028    0.025681  
      6.064900  5.405781  4.643522    -0.000739   -0.003553   -0.000791  
      3.580688  5.493871  0.946060    -0.000762   -0.003537    0.000795  
      0.365492  1.772564  6.448863     0.000772   -0.003530    0.000791  
      2.849704  1.860654  2.751401     0.000700   -0.003586   -0.000794  
      0.365492  1.860654  2.751401    -0.000690   -0.003594   -0.000794  
      3.580688  5.405781  4.643522     0.000724   -0.003565   -0.000791  
      6.064900  5.493871  0.946060     0.000662   -0.003615    0.000794  
      2.849704  1.772564  6.448863    -0.000658   -0.003617    0.000790  
      4.822794  1.134617  0.805268    -0.000006    0.006745    0.011044  
      1.607598  6.131817  6.589655     0.000005    0.006741    0.011019  
      1.607598  4.767834  2.892194     0.000004    0.006749   -0.011045  
      4.822794  2.498600  4.502729    -0.000004    0.006737   -0.011018  
      4.822794  7.240401  5.880687    -0.000007   -0.058710   -0.075496  
      1.607598  0.026033  1.514236     0.000007   -0.058651   -0.075425  
      1.607598  3.607184  5.211698     0.000000   -0.058714    0.075507  
      4.822794  3.659250  2.183226     0.000000   -0.058649    0.075418  
      1.607598  3.516876  0.371314    -0.000003   -0.022282   -0.025627  
      4.822794  3.749558  7.023609     0.000003   -0.022306   -0.025662  
      4.822794  7.150094  3.326147    -0.000002   -0.022262    0.025597  
      1.607598  0.116341  4.068776     0.000003   -0.022328    0.025695  
 
  15 f  =   28.417164 THz   178.550310 2PiTHz  947.894574 cm-1   117.523896 meV
             X         Y         Z           dx          dy          dz
      0.000000  0.000000  0.000000     0.000008   -0.000001    0.000004  
      3.215196  3.633217  3.697462     0.000007    0.000009    0.000006  
      0.000000  3.633217  3.697462    -0.000007    0.000005    0.000003  
      3.215196  0.000000  0.000000    -0.000009    0.000003    0.000001  
      4.822794  2.021090  6.201088    -0.000001   -0.003053   -0.005507  
      1.607598  5.245344  1.193835    -0.000001    0.003056    0.005506  
      1.607598  5.654307  4.891297     0.000001   -0.003057    0.005511  
      4.822794  1.612127  2.503626     0.000001    0.003053   -0.005504  
      1.607598  2.686230  6.461630     0.000003    0.020513   -0.049195  
      4.822794  4.580204  0.933293     0.000006   -0.020563    0.049186  
      4.822794  6.319447  4.630755    -0.000003    0.020510    0.049160  
      1.607598  0.946987  2.764168    -0.000003   -0.020564   -0.049225  
      6.064900  5.405781  4.643522    -0.001885    0.002531    0.002227  
      3.580688  5.493871  0.946060     0.001886   -0.002523    0.002227  
      0.365492  1.772564  6.448863     0.001904    0.002535   -0.002229  
      2.849704  1.860654  2.751401    -0.001919   -0.002540   -0.002228  
      0.365492  1.860654  2.751401     0.001915   -0.002536   -0.002229  
      3.580688  5.405781  4.643522     0.001881    0.002527    0.002229  
      6.064900  5.493871  0.946060    -0.001890   -0.002528    0.002228  
      2.849704  1.772564  6.448863    -0.001903    0.002536   -0.002230  
      4.822794  1.134617  0.805268    -0.000000    0.006462    0.017200  
      1.607598  6.131817  6.589655     0.000001   -0.006474   -0.017226  
      1.607598  4.767834  2.892194     0.000001    0.006465   -0.017209  
      4.822794  2.498600  4.502729     0.000000   -0.006470    0.017214  
      4.822794  7.240401  5.880687     0.000001   -0.057525   -0.073180  
      1.607598  0.026033  1.514236     0.000002    0.057642    0.073327  
      1.607598  3.607184  5.211698     0.000001   -0.057563    0.073228  
      4.822794  3.659250  2.183226     0.000000    0.057596   -0.073270  
      1.607598  3.516876  0.371314    -0.000001    0.016513    0.026180  
      4.822794  3.749558  7.023609    -0.000001   -0.016473   -0.026127  
      4.822794  7.150094  3.326147     0.000001    0.016503   -0.026161  
      1.607598  0.116341  4.068776     0.000001   -0.016479    0.026143  
 
  16 f  =   28.201263 THz   177.193763 2PiTHz  940.692887 cm-1   116.631001 meV
             X         Y         Z           dx          dy          dz
      0.000000  0.000000  0.000000     0.003785   -0.007741    0.009435  
      3.215196  3.633217  3.697462    -0.003785    0.007741    0.009435  
      0.000000  3.633217  3.697462     0.003785    0.007741    0.009434  
      3.215196  0.000000  0.000000    -0.003785   -0.007740    0.009434  
      4.822794  2.021090  6.201088     0.000004    0.004692    0.004573  
      1.607598  5.245344  1.193835    -0.000004    0.004681    0.004590  
      1.607598  5.654307  4.891297    -0.000002   -0.004690    0.004569  
      4.822794  1.612127  2.503626     0.000002   -0.004683    0.004595  
      1.607598  2.686230  6.461630     0.000033    0.004560   -0.048762  
      4.822794  4.580204  0.933293    -0.000028    0.004451   -0.048845  
      4.822794  6.319447  4.630755    -0.000002   -0.004576   -0.048800  
      1.607598  0.946987  2.764168     0.000000   -0.004437   -0.048808  
      6.064900  5.405781  4.643522     0.026974   -0.009786   -0.001923  
      3.580688  5.493871  0.946060    -0.026936    0.009767   -0.001932  
      0.365492  1.772564  6.448863     0.026907    0.009731   -0.001920  
      2.849704  1.860654  2.751401    -0.026996   -0.009815   -0.001930  
      0.365492  1.860654  2.751401     0.026979   -0.009799   -0.001929  
      3.580688  5.405781  4.643522    -0.026954   -0.009768   -0.001921  
      6.064900  5.493871  0.946060     0.027040    0.009851   -0.001931  
      2.849704  1.772564  6.448863    -0.027019    0.009820   -0.001920  
      4.822794  1.134617  0.805268     0.000002   -0.005163   -0.015422  
      1.607598  6.131817  6.589655    -0.000002   -0.005129   -0.015359  
      1.607598  4.767834  2.892194    -0.000001    0.005158   -0.015408  
      4.822794  2.498600  4.502729     0.000002    0.005134   -0.015372  
      4.822794  7.240401  5.880687     0.000001    0.055831    0.069581  
      1.607598  0.026033  1.514236    -0.000001    0.055725    0.069428  
      1.607598  3.607184  5.211698     0.000007   -0.055784    0.069523  
      4.822794  3.659250  2.183226    -0.000007   -0.055768    0.069482  
      1.607598  3.516876  0.371314     0.000007    0.013992    0.026847  
      4.822794  3.749558  7.023609    -0.000006    0.014161    0.027078  
      4.822794  7.150094  3.326147    -0.000003   -0.014004    0.026865  
      1.607598  0.116341  4.068776     0.000003   -0.014149    0.027058  
 
  17 f  =   26.219941 THz   164.744747 2PiTHz  874.603086 cm-1   108.436914 meV
             X         Y         Z           dx          dy          dz
      0.000000  0.000000  0.000000    -0.016600    0.018317    0.004596  
      3.215196  3.633217  3.697462    -0.016600    0.018317   -0.004596  
      0.000000  3.633217  3.697462     0.016600    0.018317   -0.004596  
      3.215196  0.000000  0.000000     0.016600    0.018317    0.004596  
      4.822794  2.021090  6.201088    -0.000001   -0.011310    0.033854  
      1.607598  5.245344  1.193835     0.000001   -0.011300    0.033815  
      1.607598  5.654307  4.891297     0.000000   -0.011301   -0.033815  
      4.822794  1.612127  2.503626    -0.000000   -0.011310   -0.033854  
      1.607598  2.686230  6.461630     0.000004    0.005456    0.018275  
      4.822794  4.580204  0.933293    -0.000004    0.005436    0.018303  
      4.822794  6.319447  4.630755    -0.000002    0.005438   -0.018304  
      1.607598  0.946987  2.764168     0.000002    0.005454   -0.018275  
      6.064900  5.405781  4.643522     0.014117   -0.008285    0.001885  
      3.580688  5.493871  0.946060     0.014112   -0.008279   -0.001886  
      0.365492  1.772564  6.448863    -0.014112   -0.008282   -0.001891  
      2.849704  1.860654  2.751401    -0.014112   -0.008283    0.001891  
      0.365492  1.860654  2.751401     0.014107   -0.008280    0.001894  
      3.580688  5.405781  4.643522    -0.014111   -0.008281    0.001888  
      6.064900  5.493871  0.946060    -0.014112   -0.008283   -0.001887  
      2.849704  1.772564  6.448863     0.014111   -0.008285   -0.001892  
      4.822794  1.134617  0.805268    -0.000000    0.024023    0.093963  
      1.607598  6.131817  6.589655     0.000000    0.023997    0.093851  
      1.607598  4.767834  2.892194    -0.000001    0.023998   -0.093851  
      4.822794  2.498600  4.502729     0.000001    0.024023   -0.093965  
      4.822794  7.240401  5.880687     0.000000    0.016777    0.011768  
      1.607598  0.026033  1.514236    -0.000000    0.016744    0.011735  
      1.607598  3.607184  5.211698    -0.000001    0.016743   -0.011734  
      4.822794  3.659250  2.183226     0.000001    0.016778   -0.011769  
      1.607598  3.516876  0.371314    -0.000000   -0.007808   -0.021359  
      4.822794  3.749558  7.023609     0.000000   -0.007811   -0.021371  
      4.822794  7.150094  3.326147     0.000001   -0.007814    0.021374  
      1.607598  0.116341  4.068776    -0.000001   -0.007805    0.021357  
 
  18 f  =   26.142189 THz   164.256221 2PiTHz  872.009577 cm-1   108.115360 meV
             X         Y         Z           dx          dy          dz
      0.000000  0.000000  0.000000    -0.000009    0.000014    0.000004  
      3.215196  3.633217  3.697462    -0.000012    0.000013   -0.000001  
      0.000000  3.633217  3.697462     0.000011    0.000009   -0.000004  
      3.215196  0.000000  0.000000     0.000010    0.000009    0.000004  
      4.822794  2.021090  6.201088     0.000001    0.007549   -0.031992  
      1.607598  5.245344  1.193835     0.000001   -0.007563    0.032036  
      1.607598  5.654307  4.891297     0.000002   -0.007563   -0.032033  
      4.822794  1.612127  2.503626     0.000002    0.007549    0.031994  
      1.607598  2.686230  6.461630     0.000001   -0.016678    0.021916  
      4.822794  4.580204  0.933293     0.000002    0.016690   -0.021890  
      4.822794  6.319447  4.630755    -0.000004    0.016684    0.021893  
      1.607598  0.946987  2.764168    -0.000004   -0.016682   -0.021913  
      6.064900  5.405781  4.643522    -0.001087   -0.000382    0.004406  
      3.580688  5.493871  0.946060    -0.001087   -0.000378   -0.004403  
      0.365492  1.772564  6.448863    -0.001112    0.000366    0.004403  
      2.849704  1.860654  2.751401    -0.001096    0.000375   -0.004403  
      0.365492  1.860654  2.751401     0.001098    0.000377   -0.004406  
      3.580688  5.405781  4.643522     0.001088   -0.000384    0.004408  
      6.064900  5.493871  0.946060     0.001071   -0.000394   -0.004409  
      2.849704  1.772564  6.448863     0.001097    0.000382    0.004408  
      4.822794  1.134617  0.805268     0.000000   -0.020742   -0.090973  
      1.607598  6.131817  6.589655     0.000000    0.020769    0.091081  
      1.607598  4.767834  2.892194     0.000000    0.020771   -0.091087  
      4.822794  2.498600  4.502729     0.000000   -0.020741    0.090969  
      4.822794  7.240401  5.880687     0.000001   -0.031147   -0.033748  
      1.607598  0.026033  1.514236     0.000001    0.031158    0.033753  
      1.607598  3.607184  5.211698     0.000002    0.031167   -0.033763  
      4.822794  3.659250  2.183226     0.000002   -0.031139    0.033738  
      1.607598  3.516876  0.371314     0.000006   -0.001264   -0.007099  
      4.822794  3.749558  7.023609     0.000006    0.001251    0.007072  
      4.822794  7.150094  3.326147     0.000001    0.001254   -0.007072  
      1.607598  0.116341  4.068776     0.000001   -0.001261    0.007098  
 
  19 f  =   22.052384 THz   138.559216 2PiTHz  735.588354 cm-1    91.201291 meV
             X         Y         Z           dx          dy          dz
      0.000000  0.000000  0.000000    -0.015111    0.005510    0.011017  
      3.215196  3.633217  3.697462     0.015111   -0.005510    0.011017  
      0.000000  3.633217  3.697462    -0.015111   -0.005510    0.011017  
      3.215196  0.000000  0.000000     0.015112    0.005511    0.011017  
      4.822794  2.021090  6.201088     0.000001    0.011326   -0.027994  
      1.607598  5.245344  1.193835    -0.000000    0.011290   -0.027904  
      1.607598  5.654307  4.891297    -0.000002   -0.011292   -0.027907  
      4.822794  1.612127  2.503626     0.000002   -0.011324   -0.027991  
      1.607598  2.686230  6.461630    -0.000007    0.004753   -0.012253  
      4.822794  4.580204  0.933293     0.000006    0.004752   -0.012301  
      4.822794  6.319447  4.630755    -0.000004   -0.004760   -0.012299  
      1.607598  0.946987  2.764168     0.000005   -0.004745   -0.012255  
      6.064900  5.405781  4.643522     0.006578    0.002733   -0.004629  
      3.580688  5.493871  0.946060    -0.006576   -0.002735   -0.004629  
      0.365492  1.772564  6.448863     0.006553   -0.002723   -0.004647  
      2.849704  1.860654  2.751401    -0.006561    0.002722   -0.004644  
      0.365492  1.860654  2.751401     0.006543    0.002734   -0.004645  
      3.580688  5.405781  4.643522    -0.006560    0.002744   -0.004630  
      6.064900  5.493871  0.946060     0.006568   -0.002743   -0.004628  
      2.849704  1.772564  6.448863    -0.006545   -0.002731   -0.004645  
      4.822794  1.134617  0.805268     0.000003    0.040829    0.102226  
      1.607598  6.131817  6.589655    -0.000003    0.040701    0.101907  
      1.607598  4.767834  2.892194    -0.000000   -0.040698    0.101899  
      4.822794  2.498600  4.502729    -0.000000   -0.040832    0.102234  
      4.822794  7.240401  5.880687    -0.000004    0.004866   -0.002478  
      1.607598  0.026033  1.514236     0.000004    0.004835   -0.002481  
      1.607598  3.607184  5.211698    -0.000007   -0.004836   -0.002481  
      4.822794  3.659250  2.183226     0.000007   -0.004866   -0.002478  
      1.607598  3.516876  0.371314     0.000000    0.002746    0.012851  
      4.822794  3.749558  7.023609    -0.000000    0.002755    0.012893  
      4.822794  7.150094  3.326147    -0.000004   -0.002752    0.012891  
      1.607598  0.116341  4.068776     0.000004   -0.002749    0.012853  
 
  20 f  =   22.007490 THz   138.277136 2PiTHz  734.090840 cm-1    91.015623 meV
             X         Y         Z           dx          dy          dz
      0.000000  0.000000  0.000000    -0.000023    0.000006    0.000019  
      3.215196  3.633217  3.697462     0.000025   -0.000009    0.000019  
      0.000000  3.633217  3.697462    -0.000023   -0.000009    0.000017  
      3.215196  0.000000  0.000000     0.000025    0.000010    0.000017  
      4.822794  2.021090  6.201088    -0.000001   -0.010586    0.027406  
      1.607598  5.245344  1.193835    -0.000001    0.010623   -0.027496  
      1.607598  5.654307  4.891297     0.000001   -0.010623   -0.027496  
      4.822794  1.612127  2.503626     0.000000    0.010586    0.027407  
      1.607598  2.686230  6.461630     0.000003    0.002241   -0.014135  
      4.822794  4.580204  0.933293     0.000001   -0.002225    0.014095  
      4.822794  6.319447  4.630755     0.000000    0.002226    0.014096  
      1.607598  0.946987  2.764168     0.000000   -0.002239   -0.014135  
      6.064900  5.405781  4.643522    -0.006092   -0.003584   -0.004966  
      3.580688  5.493871  0.946060     0.006094    0.003583   -0.004965  
      0.365492  1.772564  6.448863     0.006115   -0.003593    0.004951  
      2.849704  1.860654  2.751401    -0.006113    0.003592    0.004951  
      0.365492  1.860654  2.751401     0.006113    0.003593    0.004952  
      3.580688  5.405781  4.643522     0.006092   -0.003585   -0.004966  
      6.064900  5.493871  0.946060    -0.006091    0.003585   -0.004967  
      2.849704  1.772564  6.448863    -0.006113   -0.003594    0.004953  
      4.822794  1.134617  0.805268    -0.000001   -0.041489   -0.102408  
      1.607598  6.131817  6.589655    -0.000002    0.041620    0.102732  
      1.607598  4.767834  2.892194    -0.000001   -0.041620    0.102732  
      4.822794  2.498600  4.502729    -0.000001    0.041489   -0.102408  
      4.822794  7.240401  5.880687    -0.000000   -0.009457   -0.001111  
      1.607598  0.026033  1.514236    -0.000000    0.009473    0.001104  
      1.607598  3.607184  5.211698    -0.000001   -0.009472    0.001103  
      4.822794  3.659250  2.183226    -0.000001    0.009457   -0.001113  
      1.607598  3.516876  0.371314    -0.000000    0.001864    0.012143  
      4.822794  3.749558  7.023609     0.000000   -0.001857   -0.012101  
      4.822794  7.150094  3.326147     0.000001    0.001856   -0.012103  
      1.607598  0.116341  4.068776     0.000001   -0.001865    0.012142  
 
  21 f  =   18.694672 THz   117.462089 2PiTHz  623.587137 cm-1    77.314916 meV
             X         Y         Z           dx          dy          dz
      0.000000  0.000000  0.000000     0.000025    0.000014   -0.000009  
      3.215196  3.633217  3.697462    -0.000000    0.000002    0.000005  
      0.000000  3.633217  3.697462     0.000031   -0.000025   -0.000005  
      3.215196  0.000000  0.000000     0.000005   -0.000002   -0.000012  
      4.822794  2.021090  6.201088     0.000005   -0.025786   -0.003490  
      1.607598  5.245344  1.193835     0.000004    0.025780    0.003491  
      1.607598  5.654307  4.891297     0.000009    0.025783   -0.003491  
      4.822794  1.612127  2.503626     0.000010   -0.025779    0.003489  
      1.607598  2.686230  6.461630    -0.000025   -0.038486   -0.018969  
      4.822794  4.580204  0.933293    -0.000023    0.038473    0.018956  
      4.822794  6.319447  4.630755    -0.000041    0.038488   -0.018954  
      1.607598  0.946987  2.764168    -0.000044   -0.038466    0.018965  
      6.064900  5.405781  4.643522    -0.052842   -0.029698    0.010493  
      3.580688  5.493871  0.946060    -0.052774   -0.029647   -0.010503  
      0.365492  1.772564  6.448863    -0.052849    0.029698    0.010500  
      2.849704  1.860654  2.751401    -0.052779    0.029646   -0.010516  
      0.365492  1.860654  2.751401     0.052793    0.029662   -0.010511  
      3.580688  5.405781  4.643522     0.052859   -0.029714    0.010487  
      6.064900  5.493871  0.946060     0.052795   -0.029668   -0.010506  
      2.849704  1.772564  6.448863     0.052869    0.029721    0.010505  
      4.822794  1.134617  0.805268    -0.000002    0.015497   -0.001145  
      1.607598  6.131817  6.589655    -0.000002   -0.015495    0.001165  
      1.607598  4.767834  2.892194     0.000002   -0.015496   -0.001145  
      4.822794  2.498600  4.502729     0.000001    0.015495    0.001164  
      4.822794  7.240401  5.880687     0.000009   -0.009630    0.021245  
      1.607598  0.026033  1.514236     0.000010    0.009656   -0.021221  
      1.607598  3.607184  5.211698     0.000010    0.009645    0.021248  
      4.822794  3.659250  2.183226     0.000009   -0.009646   -0.021223  
      1.607598  3.516876  0.371314     0.000016   -0.033356   -0.024030  
      4.822794  3.749558  7.023609     0.000015    0.033347    0.024015  
      4.822794  7.150094  3.326147     0.000007    0.033335   -0.024025  
      1.607598  0.116341  4.068776     0.000008   -0.033360    0.024015  
 
  22 f  =   18.272371 THz   114.808695 2PiTHz  609.500699 cm-1    75.568421 meV
             X         Y         Z           dx          dy          dz
      0.000000  0.000000  0.000000     0.007002   -0.003784    0.022357  
      3.215196  3.633217  3.697462     0.007002   -0.003784   -0.022358  
      0.000000  3.633217  3.697462    -0.007002   -0.003783   -0.022357  
      3.215196  0.000000  0.000000    -0.007002   -0.003785    0.022358  
      4.822794  2.021090  6.201088    -0.000008   -0.011741   -0.009154  
      1.607598  5.245344  1.193835     0.000009   -0.011719   -0.009150  
      1.607598  5.654307  4.891297    -0.000006   -0.011735    0.009156  
      4.822794  1.612127  2.503626     0.000006   -0.011726    0.009148  
      1.607598  2.686230  6.461630     0.000022    0.020417    0.049124  
      4.822794  4.580204  0.933293    -0.000023    0.020438    0.049144  
      4.822794  6.319447  4.630755     0.000011    0.020424   -0.049114  
      1.607598  0.946987  2.764168    -0.000010    0.020430   -0.049154  
      6.064900  5.405781  4.643522    -0.020442   -0.007282    0.034968  
      3.580688  5.493871  0.946060    -0.020468   -0.007274   -0.034994  
      0.365492  1.772564  6.448863     0.020431   -0.007251   -0.034983  
      2.849704  1.860654  2.751401     0.020439   -0.007275    0.034994  
      0.365492  1.860654  2.751401    -0.020448   -0.007266    0.035003  
      3.580688  5.405781  4.643522     0.020452   -0.007272    0.034977  
      6.064900  5.493871  0.946060     0.020460   -0.007298   -0.034988  
      2.849704  1.772564  6.448863    -0.020424   -0.007273   -0.034977  
      4.822794  1.134617  0.805268     0.000000    0.002681    0.002172  
      1.607598  6.131817  6.589655    -0.000000    0.002672    0.002177  
      1.607598  4.767834  2.892194    -0.000002    0.002676   -0.002177  
      4.822794  2.498600  4.502729     0.000001    0.002677   -0.002172  
      4.822794  7.240401  5.880687    -0.000013   -0.048925    0.008627  
      1.607598  0.026033  1.514236     0.000012   -0.048971    0.008628  
      1.607598  3.607184  5.211698    -0.000016   -0.048939   -0.008620  
      4.822794  3.659250  2.183226     0.000017   -0.048957   -0.008635  
      1.607598  3.516876  0.371314    -0.000011    0.057741    0.007860  
      4.822794  3.749558  7.023609     0.000011    0.057769    0.007879  
      4.822794  7.150094  3.326147    -0.000005    0.057737   -0.007867  
      1.607598  0.116341  4.068776     0.000004    0.057773   -0.007872  
 
  23 f  =   18.214050 THz   114.442250 2PiTHz  607.555303 cm-1    75.327223 meV
             X         Y         Z           dx          dy          dz
      0.000000  0.000000  0.000000     0.000012   -0.000004    0.000018  
      3.215196  3.633217  3.697462    -0.000009    0.000001    0.000009  
      0.000000  3.633217  3.697462     0.000011    0.000007    0.000011  
      3.215196  0.000000  0.000000    -0.000006    0.000004    0.000016  
      4.822794  2.021090  6.201088    -0.000002    0.024851    0.008437  
      1.607598  5.245344  1.193835    -0.000001   -0.024834   -0.008435  
      1.607598  5.654307  4.891297    -0.000000    0.024825   -0.008428  
      4.822794  1.612127  2.503626    -0.000002   -0.024864    0.008445  
      1.607598  2.686230  6.461630     0.000001    0.027232    0.041212  
      4.822794  4.580204  0.933293    -0.000002   -0.027212   -0.041225  
      4.822794  6.319447  4.630755     0.000001    0.027231   -0.041259  
      1.607598  0.946987  2.764168     0.000005   -0.027218    0.041179  
      6.064900  5.405781  4.643522    -0.028825   -0.015374    0.026672  
      3.580688  5.493871  0.946060     0.028806    0.015365    0.026647  
      0.365492  1.772564  6.448863     0.028828   -0.015383   -0.026630  
      2.849704  1.860654  2.751401    -0.028814    0.015384   -0.026615  
      0.365492  1.860654  2.751401     0.028821    0.015379   -0.026618  
      3.580688  5.405781  4.643522     0.028828   -0.015374    0.026675  
      6.064900  5.493871  0.946060    -0.028807    0.015366    0.026657  
      2.849704  1.772564  6.448863    -0.028827   -0.015387   -0.026642  
      4.822794  1.134617  0.805268     0.000000   -0.006611    0.001338  
      1.607598  6.131817  6.589655    -0.000000    0.006617   -0.001348  
      1.607598  4.767834  2.892194     0.000002   -0.006616   -0.001349  
      4.822794  2.498600  4.502729     0.000003    0.006614    0.001338  
      4.822794  7.240401  5.880687    -0.000003   -0.047269    0.013401  
      1.607598  0.026033  1.514236    -0.000006    0.047185   -0.013413  
      1.607598  3.607184  5.211698    -0.000000   -0.047210   -0.013417  
      4.822794  3.659250  2.183226     0.000001    0.047241    0.013391  
      1.607598  3.516876  0.371314    -0.000006    0.049204    0.020244  
      4.822794  3.749558  7.023609    -0.000005   -0.049225   -0.020233  
      4.822794  7.150094  3.326147     0.000005    0.049266   -0.020240  
      1.607598  0.116341  4.068776     0.000002   -0.049171    0.020242  
 
  24 f  =   18.193398 THz   114.312488 2PiTHz  606.866418 cm-1    75.241812 meV
             X         Y         Z           dx          dy          dz
      0.000000  0.000000  0.000000    -0.019169    0.004635   -0.025497  
      3.215196  3.633217  3.697462     0.019169   -0.004636   -0.025497  
      0.000000  3.633217  3.697462    -0.019169   -0.004636   -0.025498  
      3.215196  0.000000  0.000000     0.019169    0.004637   -0.025498  
      4.822794  2.021090  6.201088     0.000003   -0.026208   -0.008343  
      1.607598  5.245344  1.193835    -0.000004   -0.026245   -0.008376  
      1.607598  5.654307  4.891297     0.000003    0.026234   -0.008352  
      4.822794  1.612127  2.503626    -0.000003    0.026218   -0.008366  
      1.607598  2.686230  6.461630     0.000015   -0.004349    0.043110  
      4.822794  4.580204  0.933293    -0.000013   -0.004354    0.042948  
      4.822794  6.319447  4.630755    -0.000014    0.004378    0.043069  
      1.607598  0.946987  2.764168     0.000014    0.004326    0.042989  
      6.064900  5.405781  4.643522    -0.007341   -0.013749   -0.034684  
      3.580688  5.493871  0.946060     0.007333    0.013698   -0.034584  
      0.365492  1.772564  6.448863    -0.007319    0.013725   -0.034715  
      2.849704  1.860654  2.751401     0.007290   -0.013689   -0.034609  
      0.365492  1.860654  2.751401    -0.007285   -0.013694   -0.034607  
      3.580688  5.405781  4.643522     0.007335   -0.013755   -0.034682  
      6.064900  5.493871  0.946060    -0.007305    0.013719   -0.034577  
      2.849704  1.772564  6.448863     0.007292    0.013744   -0.034707  
      4.822794  1.134617  0.805268     0.000002   -0.003854    0.009615  
      1.607598  6.131817  6.589655    -0.000002   -0.003849    0.009648  
      1.607598  4.767834  2.892194    -0.000003    0.003846    0.009614  
      4.822794  2.498600  4.502729     0.000003    0.003856    0.009649  
      4.822794  7.240401  5.880687     0.000003    0.052969    0.018896  
      1.607598  0.026033  1.514236    -0.000003    0.052877    0.018850  
      1.607598  3.607184  5.211698     0.000006   -0.053019    0.018880  
      4.822794  3.659250  2.183226    -0.000007   -0.052827    0.018866  
      1.607598  3.516876  0.371314     0.000016    0.056072   -0.007937  
      4.822794  3.749558  7.023609    -0.000017    0.055897   -0.007941  
      4.822794  7.150094  3.326147     0.000007   -0.056019   -0.007960  
      1.607598  0.116341  4.068776    -0.000007   -0.055948   -0.007917  
 
  25 f  =   18.177731 THz   114.214051 2PiTHz  606.343834 cm-1    75.177020 meV
             X         Y         Z           dx          dy          dz
      0.000000  0.000000  0.000000     0.000031    0.000033    0.000018  
      3.215196  3.633217  3.697462     0.000008    0.000077    0.000029  
      0.000000  3.633217  3.697462     0.000009    0.000020    0.000037  
      3.215196  0.000000  0.000000    -0.000023   -0.000122    0.000090  
      4.822794  2.021090  6.201088     0.000033   -0.002218    0.010215  
      1.607598  5.245344  1.193835     0.000035    0.002286   -0.010186  
      1.607598  5.654307  4.891297     0.000011    0.002232    0.010202  
      4.822794  1.612127  2.503626     0.000010   -0.002273   -0.010199  
      1.607598  2.686230  6.461630    -0.000064   -0.010996    0.047302  
      4.822794  4.580204  0.933293    -0.000069    0.011054   -0.047384  
      4.822794  6.319447  4.630755    -0.000024    0.010952    0.047307  
      1.607598  0.946987  2.764168    -0.000021   -0.011098   -0.047380  
      6.064900  5.405781  4.643522    -0.016607   -0.023923   -0.040094  
      3.580688  5.493871  0.946060    -0.016727   -0.023990    0.040164  
      0.365492  1.772564  6.448863    -0.016674    0.023929   -0.040099  
      2.849704  1.860654  2.751401    -0.016754    0.024049    0.040188  
      0.365492  1.860654  2.751401     0.016740    0.024070    0.040184  
      3.580688  5.405781  4.643522     0.016591   -0.023950   -0.040092  
      6.064900  5.493871  0.946060     0.016670   -0.024068    0.040180  
      2.849704  1.772564  6.448863     0.016621    0.024005   -0.040114  
      4.822794  1.134617  0.805268    -0.000001    0.004172   -0.013795  
      1.607598  6.131817  6.589655    -0.000002   -0.004163    0.013734  
      1.607598  4.767834  2.892194    -0.000008   -0.004179   -0.013790  
      4.822794  2.498600  4.502729    -0.000007    0.004157    0.013738  
      4.822794  7.240401  5.880687     0.000014    0.059250    0.010697  
      1.607598  0.026033  1.514236     0.000011   -0.059363   -0.010851  
      1.607598  3.607184  5.211698     0.000052   -0.059258    0.010728  
      4.822794  3.659250  2.183226     0.000055    0.059354   -0.010821  
      1.607598  3.516876  0.371314     0.000028    0.043245   -0.008839  
      4.822794  3.749558  7.023609     0.000030   -0.043357    0.008916  
      4.822794  7.150094  3.326147     0.000018   -0.043249   -0.008825  
      1.607598  0.116341  4.068776     0.000016    0.043354    0.008930  
 
  26 f  =   17.950985 THz   112.789365 2PiTHz  598.780404 cm-1    74.239275 meV
             X         Y         Z           dx          dy          dz
      0.000000  0.000000  0.000000     0.030292    0.010193    0.022688  
      3.215196  3.633217  3.697462     0.030293    0.010195   -0.022689  
      0.000000  3.633217  3.697462    -0.030293    0.010196   -0.022688  
      3.215196  0.000000  0.000000    -0.030292    0.010192    0.022690  
      4.822794  2.021090  6.201088    -0.000009    0.010722    0.009768  
      1.607598  5.245344  1.193835     0.000010    0.010719    0.009777  
      1.607598  5.654307  4.891297     0.000003    0.010722   -0.009778  
      4.822794  1.612127  2.503626    -0.000004    0.010721   -0.009767  
      1.607598  2.686230  6.461630     0.000007   -0.041313    0.009961  
      4.822794  4.580204  0.933293    -0.000009   -0.041316    0.010004  
      4.822794  6.319447  4.630755    -0.000013   -0.041318   -0.010005  
      1.607598  0.946987  2.764168     0.000016   -0.041320   -0.009956  
      6.064900  5.405781  4.643522     0.047635    0.035215    0.025132  
      3.580688  5.493871  0.946060     0.047619    0.035217   -0.025120  
      0.365492  1.772564  6.448863    -0.047606    0.035197   -0.025085  
      2.849704  1.860654  2.751401    -0.047622    0.035196    0.025094  
      0.365492  1.860654  2.751401     0.047625    0.035184    0.025088  
      3.580688  5.405781  4.643522    -0.047637    0.035206    0.025126  
      6.064900  5.493871  0.946060    -0.047646    0.035195   -0.025135  
      2.849704  1.772564  6.448863     0.047631    0.035178   -0.025101  
      4.822794  1.134617  0.805268     0.000002   -0.006786   -0.005117  
      1.607598  6.131817  6.589655    -0.000002   -0.006783   -0.005126  
      1.607598  4.767834  2.892194     0.000001   -0.006784    0.005127  
      4.822794  2.498600  4.502729    -0.000001   -0.006785    0.005112  
      4.822794  7.240401  5.880687     0.000006   -0.031458   -0.034338  
      1.607598  0.026033  1.514236    -0.000008   -0.031403   -0.034334  
      1.607598  3.607184  5.211698    -0.000007   -0.031407    0.034331  
      4.822794  3.659250  2.183226     0.000008   -0.031457    0.034334  
      1.607598  3.516876  0.371314    -0.000019    0.011926   -0.016205  
      4.822794  3.749558  7.023609     0.000019    0.011959   -0.016212  
      4.822794  7.150094  3.326147     0.000005    0.011962    0.016216  
      1.607598  0.116341  4.068776    -0.000005    0.011919    0.016208  
 
  27 f  =   17.855795 THz   112.191269 2PiTHz  595.605213 cm-1    73.845602 meV
             X         Y         Z           dx          dy          dz
      0.000000  0.000000  0.000000    -0.016167   -0.032115    0.011125  
      3.215196  3.633217  3.697462     0.016164    0.032117    0.011128  
      0.000000  3.633217  3.697462    -0.016164    0.032114    0.011127  
      3.215196  0.000000  0.000000     0.016167   -0.032118    0.011125  
      4.822794  2.021090  6.201088    -0.000016   -0.005837   -0.002917  
      1.607598  5.245344  1.193835     0.000017   -0.005831   -0.002904  
      1.607598  5.654307  4.891297     0.000047    0.005836   -0.002915  
      4.822794  1.612127  2.503626    -0.000046    0.005830   -0.002904  
      1.607598  2.686230  6.461630     0.000013    0.047303    0.015677  
      4.822794  4.580204  0.933293    -0.000015    0.047263    0.015778  
      4.822794  6.319447  4.630755    -0.000125   -0.047294    0.015680  
      1.607598  0.946987  2.764168     0.000123   -0.047263    0.015776  
      6.064900  5.405781  4.643522     0.047296    0.038199   -0.001359  
      3.580688  5.493871  0.946060    -0.047415   -0.038132   -0.001475  
      0.365492  1.772564  6.448863     0.047368   -0.038131   -0.001381  
      2.849704  1.860654  2.751401    -0.047354    0.038211   -0.001452  
      0.365492  1.860654  2.751401     0.047424    0.038091   -0.001484  
      3.580688  5.405781  4.643522    -0.047368    0.038076   -0.001394  
      6.064900  5.493871  0.946060     0.047362   -0.038167   -0.001458  
      2.849704  1.772564  6.448863    -0.047315   -0.038162   -0.001363  
      4.822794  1.134617  0.805268     0.000017    0.003238   -0.016725  
      1.607598  6.131817  6.589655    -0.000018    0.003233   -0.016751  
      1.607598  4.767834  2.892194    -0.000011   -0.003238   -0.016728  
      4.822794  2.498600  4.502729     0.000011   -0.003232   -0.016749  
      4.822794  7.240401  5.880687     0.000092    0.009233   -0.035889  
      1.607598  0.026033  1.514236    -0.000090    0.009373   -0.035870  
      1.607598  3.607184  5.211698    -0.000038   -0.009228   -0.035897  
      4.822794  3.659250  2.183226     0.000039   -0.009370   -0.035869  
      1.607598  3.516876  0.371314    -0.000019    0.014906    0.029494  
      4.822794  3.749558  7.023609     0.000020    0.015014    0.029487  
      4.822794  7.150094  3.326147     0.000059   -0.014909    0.029490  
      1.607598  0.116341  4.068776    -0.000059   -0.015015    0.029488  
 
  28 f  =   17.421685 THz   109.463673 2PiTHz  581.124846 cm-1    72.050266 meV
             X         Y         Z           dx          dy          dz
      0.000000  0.000000  0.000000    -0.000000    0.000021   -0.000010  
      3.215196  3.633217  3.697462    -0.000004    0.000008    0.000001  
      0.000000  3.633217  3.697462     0.000001   -0.000005    0.000002  
      3.215196  0.000000  0.000000    -0.000003   -0.000014    0.000005  
      4.822794  2.021090  6.201088     0.000004   -0.006624   -0.010446  
      1.607598  5.245344  1.193835     0.000007    0.006626    0.010448  
      1.607598  5.654307  4.891297     0.000003   -0.006625    0.010446  
      4.822794  1.612127  2.503626     0.000003    0.006623   -0.010447  
      1.607598  2.686230  6.461630    -0.000003    0.035775   -0.024298  
      4.822794  4.580204  0.933293    -0.000009   -0.035783    0.024291  
      4.822794  6.319447  4.630755    -0.000009    0.035781    0.024295  
      1.607598  0.946987  2.764168    -0.000009   -0.035778   -0.024294  
      6.064900  5.405781  4.643522    -0.040911   -0.038952   -0.022525  
      3.580688  5.493871  0.946060     0.040903    0.038963   -0.022526  
      0.365492  1.772564  6.448863     0.040898   -0.038956    0.022528  
      2.849704  1.860654  2.751401    -0.040909    0.038949    0.022525  
      0.365492  1.860654  2.751401     0.040909    0.038951    0.022523  
      3.580688  5.405781  4.643522     0.040910   -0.038957   -0.022525  
      6.064900  5.493871  0.946060    -0.040920    0.038944   -0.022522  
      2.849704  1.772564  6.448863    -0.040909   -0.038942    0.022525  
      4.822794  1.134617  0.805268    -0.000001   -0.003850    0.013160  
      1.607598  6.131817  6.589655    -0.000002    0.003849   -0.013159  
      1.607598  4.767834  2.892194    -0.000000   -0.003851   -0.013158  
      4.822794  2.498600  4.502729    -0.000001    0.003848    0.013162  
      4.822794  7.240401  5.880687     0.000002    0.027051    0.038028  
      1.607598  0.026033  1.514236     0.000000   -0.027050   -0.038029  
      1.607598  3.607184  5.211698     0.000010    0.027054   -0.038026  
      4.822794  3.659250  2.183226     0.000014   -0.027049    0.038029  
      1.607598  3.516876  0.371314     0.000004   -0.029237    0.030486  
      4.822794  3.749558  7.023609     0.000008    0.029233   -0.030490  
      4.822794  7.150094  3.326147     0.000002   -0.029230   -0.030488  
      1.607598  0.116341  4.068776     0.000001    0.029235    0.030489  
 
  29 f  =   17.041063 THz   107.072157 2PiTHz  568.428677 cm-1    70.476142 meV
             X         Y         Z           dx          dy          dz
      0.000000  0.000000  0.000000     0.008984   -0.081075    0.024640  
      3.215196  3.633217  3.697462     0.008983   -0.081071   -0.024638  
      0.000000  3.633217  3.697462     0.008983    0.081073    0.024639  
      3.215196  0.000000  0.000000     0.008984    0.081072   -0.024639  
      4.822794  2.021090  6.201088    -0.027335   -0.000030    0.000000  
      1.607598  5.245344  1.193835    -0.027377    0.000030   -0.000000  
      1.607598  5.654307  4.891297    -0.027376    0.000025    0.000005  
      4.822794  1.612127  2.503626    -0.027334   -0.000025   -0.000005  
      1.607598  2.686230  6.461630     0.046290   -0.000049    0.000033  
      4.822794  4.580204  0.933293     0.046360    0.000052   -0.000033  
      4.822794  6.319447  4.630755     0.046356    0.000063    0.000044  
      1.607598  0.946987  2.764168     0.046291   -0.000065   -0.000043  
      6.064900  5.405781  4.643522     0.028540   -0.031201   -0.002394  
      3.580688  5.493871  0.946060     0.028548   -0.031193    0.002377  
      0.365492  1.772564  6.448863     0.028501    0.031140   -0.002390  
      2.849704  1.860654  2.751401     0.028490    0.031142    0.002389  
      0.365492  1.860654  2.751401     0.028514   -0.031120   -0.002318  
      3.580688  5.405781  4.643522     0.028561    0.031182    0.002324  
      6.064900  5.493871  0.946060     0.028555    0.031183   -0.002322  
      2.849704  1.772564  6.448863     0.028505   -0.031131    0.002337  
      4.822794  1.134617  0.805268     0.005863    0.000017   -0.000005  
      1.607598  6.131817  6.589655     0.005880   -0.000016    0.000004  
      1.607598  4.767834  2.892194     0.005878   -0.000018   -0.000012  
      4.822794  2.498600  4.502729     0.005866    0.000017    0.000011  
      4.822794  7.240401  5.880687    -0.045407    0.000055    0.000012  
      1.607598  0.026033  1.514236    -0.045321   -0.000056   -0.000014  
      1.607598  3.607184  5.211698    -0.045336   -0.000046    0.000000  
      4.822794  3.659250  2.183226    -0.045394    0.000046   -0.000003  
      1.607598  3.516876  0.371314    -0.028742    0.000015    0.000006  
      4.822794  3.749558  7.023609    -0.028830   -0.000016   -0.000004  
      4.822794  7.150094  3.326147    -0.028824   -0.000031   -0.000004  
      1.607598  0.116341  4.068776    -0.028746    0.000031    0.000006  
 
  30 f  =   16.984675 THz   106.717858 2PiTHz  566.547760 cm-1    70.242938 meV
             X         Y         Z           dx          dy          dz
      0.000000  0.000000  0.000000     0.000007    0.000032    0.000003  
      3.215196  3.633217  3.697462     0.000012    0.000075   -0.000008  
      0.000000  3.633217  3.697462    -0.000027   -0.000044   -0.000039  
      3.215196  0.000000  0.000000    -0.000023   -0.000105    0.000051  
      4.822794  2.021090  6.201088     0.027442    0.000005    0.000002  
      1.607598  5.245344  1.193835    -0.027394    0.000003    0.000001  
      1.607598  5.654307  4.891297    -0.027399    0.000021   -0.000011  
      4.822794  1.612127  2.503626     0.027439    0.000021   -0.000013  
      1.607598  2.686230  6.461630    -0.045146    0.000064    0.000041  
      4.822794  4.580204  0.933293     0.045073    0.000060    0.000037  
      4.822794  6.319447  4.630755     0.045079   -0.000078    0.000025  
      1.607598  0.946987  2.764168    -0.045145   -0.000082    0.000022  
      6.064900  5.405781  4.643522     0.030063   -0.036263    0.002044  
      3.580688  5.493871  0.946060     0.029967   -0.036335   -0.002056  
      0.365492  1.772564  6.448863    -0.030016   -0.036392   -0.002050  
      2.849704  1.860654  2.751401    -0.030107   -0.036302    0.002053  
      0.365492  1.860654  2.751401    -0.030004    0.036391   -0.002036  
      3.580688  5.405781  4.643522     0.029968    0.036345   -0.002032  
      6.064900  5.493871  0.946060     0.030046    0.036258    0.002035  
      2.849704  1.772564  6.448863    -0.030105    0.036308    0.002022  
      4.822794  1.134617  0.805268    -0.009477    0.000004   -0.000018  
      1.607598  6.131817  6.589655     0.009471    0.000005   -0.000017  
      1.607598  4.767834  2.892194     0.009467   -0.000007   -0.000022  
      4.822794  2.498600  4.502729    -0.009481   -0.000007   -0.000022  
      4.822794  7.240401  5.880687    -0.045846   -0.000015   -0.000051  
      1.607598  0.026033  1.514236     0.045899   -0.000018   -0.000054  
      1.607598  3.607184  5.211698     0.045911   -0.000014   -0.000041  
      4.822794  3.659250  2.183226    -0.045829   -0.000014   -0.000041  
      1.607598  3.516876  0.371314     0.052847    0.000011    0.000026  
      4.822794  3.749558  7.023609    -0.052801    0.000004    0.000025  
      4.822794  7.150094  3.326147    -0.052803   -0.000012    0.000026  
      1.607598  0.116341  4.068776     0.052852   -0.000010    0.000027  
 
  31 f  =   16.740042 THz   105.180786 2PiTHz  558.387696 cm-1    69.231220 meV
             X         Y         Z           dx          dy          dz
      0.000000  0.000000  0.000000     0.000005   -0.000105   -0.000012  
      3.215196  3.633217  3.697462    -0.000031    0.000147    0.000039  
      0.000000  3.633217  3.697462     0.000030    0.000162    0.000052  
      3.215196  0.000000  0.000000    -0.000009   -0.000125    0.000002  
      4.822794  2.021090  6.201088    -0.022964   -0.000003    0.000004  
      1.607598  5.245344  1.193835     0.022973   -0.000004    0.000004  
      1.607598  5.654307  4.891297    -0.022969   -0.000004    0.000008  
      4.822794  1.612127  2.503626     0.022964   -0.000005    0.000008  
      1.607598  2.686230  6.461630     0.050422    0.000038    0.000005  
      4.822794  4.580204  0.933293    -0.050434    0.000038    0.000003  
      4.822794  6.319447  4.630755     0.050431   -0.000059    0.000030  
      1.607598  0.946987  2.764168    -0.050418   -0.000056    0.000031  
      6.064900  5.405781  4.643522     0.023729   -0.038336    0.001842  
      3.580688  5.493871  0.946060    -0.023732    0.038344    0.001865  
      0.365492  1.772564  6.448863     0.023717    0.038340    0.001867  
      2.849704  1.860654  2.751401    -0.023723   -0.038330    0.001841  
      0.365492  1.860654  2.751401    -0.023715    0.038295   -0.001902  
      3.580688  5.405781  4.643522     0.023716    0.038307   -0.001899  
      6.064900  5.493871  0.946060    -0.023727   -0.038300   -0.001875  
      2.849704  1.772564  6.448863     0.023717   -0.038291   -0.001879  
      4.822794  1.134617  0.805268    -0.006449    0.000021   -0.000024  
      1.607598  6.131817  6.589655     0.006452    0.000021   -0.000024  
      1.607598  4.767834  2.892194    -0.006451   -0.000021   -0.000019  
      4.822794  2.498600  4.502729     0.006450   -0.000022   -0.000018  
      4.822794  7.240401  5.880687    -0.048938    0.000105   -0.000074  
      1.607598  0.026033  1.514236     0.048929    0.000109   -0.000073  
      1.607598  3.607184  5.211698    -0.048929   -0.000069   -0.000074  
      4.822794  3.659250  2.183226     0.048942   -0.000063   -0.000070  
      1.607598  3.516876  0.371314    -0.051171   -0.000049    0.000069  
      4.822794  3.749558  7.023609     0.051179   -0.000046    0.000065  
      4.822794  7.150094  3.326147    -0.051175    0.000038    0.000075  
      1.607598  0.116341  4.068776     0.051169    0.000039    0.000075  
 
  32 f  =   16.709887 THz   104.991317 2PiTHz  557.381838 cm-1    69.106509 meV
             X         Y         Z           dx          dy          dz
      0.000000  0.000000  0.000000     0.006593   -0.069323    0.051090  
      3.215196  3.633217  3.697462    -0.006592    0.069326    0.051089  
      0.000000  3.633217  3.697462    -0.006593   -0.069327   -0.051091  
      3.215196  0.000000  0.000000     0.006591    0.069323   -0.051088  
      4.822794  2.021090  6.201088    -0.027783   -0.000012    0.000002  
      1.607598  5.245344  1.193835    -0.027783    0.000012   -0.000002  
      1.607598  5.654307  4.891297     0.027778    0.000010    0.000004  
      4.822794  1.612127  2.503626     0.027789   -0.000010   -0.000005  
      1.607598  2.686230  6.461630     0.044305   -0.000001    0.000031  
      4.822794  4.580204  0.933293     0.044297   -0.000000   -0.000031  
      4.822794  6.319447  4.630755    -0.044292    0.000000    0.000026  
      1.607598  0.946987  2.764168    -0.044312   -0.000002   -0.000027  
      6.064900  5.405781  4.643522    -0.028843    0.031478    0.006838  
      3.580688  5.493871  0.946060     0.028856   -0.031487    0.006877  
      0.365492  1.772564  6.448863     0.028850    0.031494   -0.006876  
      2.849704  1.860654  2.751401    -0.028861   -0.031490   -0.006843  
      0.365492  1.860654  2.751401    -0.028856    0.031500    0.006884  
      3.580688  5.405781  4.643522    -0.028840   -0.031485   -0.006874  
      6.064900  5.493871  0.946060     0.028847    0.031481   -0.006846  
      2.849704  1.772564  6.448863     0.028843   -0.031488    0.006841  
      4.822794  1.134617  0.805268    -0.011929    0.000004   -0.000005  
      1.607598  6.131817  6.589655    -0.011925   -0.000005    0.000005  
      1.607598  4.767834  2.892194     0.011925   -0.000006   -0.000010  
      4.822794  2.498600  4.502729     0.011928    0.000005    0.000010  
      4.822794  7.240401  5.880687     0.045299    0.000031    0.000000  
      1.607598  0.026033  1.514236     0.045325   -0.000033   -0.000002  
      1.607598  3.607184  5.211698    -0.045312   -0.000029   -0.000010  
      4.822794  3.659250  2.183226    -0.045310    0.000030    0.000012  
      1.607598  3.516876  0.371314    -0.027830    0.000004    0.000008  
      4.822794  3.749558  7.023609    -0.027824   -0.000002   -0.000010  
      4.822794  7.150094  3.326147     0.027820   -0.000009   -0.000000  
      1.607598  0.116341  4.068776     0.027835    0.000011    0.000001  
 
  33 f  =   15.150508 THz    95.193451 2PiTHz  505.366560 cm-1    62.657440 meV
             X         Y         Z           dx          dy          dz
      0.000000  0.000000  0.000000     0.059571   -0.129079    0.038049  
      3.215196  3.633217  3.697462    -0.059574    0.129084    0.038051  
      0.000000  3.633217  3.697462     0.059573    0.129081    0.038050  
      3.215196  0.000000  0.000000    -0.059570   -0.129071    0.038046  
      4.822794  2.021090  6.201088     0.000017    0.008751    0.003294  
      1.607598  5.245344  1.193835    -0.000017    0.008728    0.003294  
      1.607598  5.654307  4.891297     0.000017   -0.008752    0.003294  
      4.822794  1.612127  2.503626    -0.000017   -0.008729    0.003293  
      1.607598  2.686230  6.461630    -0.000058   -0.010388    0.005879  
      4.822794  4.580204  0.933293     0.000056   -0.010405    0.005883  
      4.822794  6.319447  4.630755    -0.000064    0.010387    0.005879  
      1.607598  0.946987  2.764168     0.000064    0.010406    0.005883  
      6.064900  5.405781  4.643522    -0.012507   -0.023356   -0.013922  
      3.580688  5.493871  0.946060     0.012514    0.023354   -0.013955  
      0.365492  1.772564  6.448863    -0.012511    0.023349   -0.013943  
      2.849704  1.860654  2.751401     0.012512   -0.023362   -0.013937  
      0.365492  1.860654  2.751401    -0.012498   -0.023450   -0.013958  
      3.580688  5.405781  4.643522     0.012494   -0.023447   -0.013944  
      6.064900  5.493871  0.946060    -0.012495    0.023458   -0.013939  
      2.849704  1.772564  6.448863     0.012491    0.023455   -0.013924  
      4.822794  1.134617  0.805268     0.000011    0.017641   -0.005468  
      1.607598  6.131817  6.589655    -0.000012    0.017655   -0.005473  
      1.607598  4.767834  2.892194     0.000008   -0.017641   -0.005467  
      4.822794  2.498600  4.502729    -0.000007   -0.017656   -0.005473  
      4.822794  7.240401  5.880687     0.000080    0.037610   -0.038032  
      1.607598  0.026033  1.514236    -0.000079    0.037633   -0.038044  
      1.607598  3.607184  5.211698     0.000063   -0.037613   -0.038031  
      4.822794  3.659250  2.183226    -0.000062   -0.037631   -0.038044  
      1.607598  3.516876  0.371314     0.000080   -0.025904    0.035692  
      4.822794  3.749558  7.023609    -0.000079   -0.025909    0.035697  
      4.822794  7.150094  3.326147     0.000050    0.025906    0.035693  
      1.607598  0.116341  4.068776    -0.000049    0.025908    0.035697  
 
  34 f  =   14.512132 THz    91.182415 2PiTHz  484.072623 cm-1    60.017329 meV
             X         Y         Z           dx          dy          dz
      0.000000  0.000000  0.000000    -0.073509    0.138834   -0.078898  
      3.215196  3.633217  3.697462    -0.073504    0.138825    0.078894  
      0.000000  3.633217  3.697462     0.073504    0.138825    0.078894  
      3.215196  0.000000  0.000000     0.073507    0.138828   -0.078896  
      4.822794  2.021090  6.201088     0.000000   -0.027143   -0.000909  
      1.607598  5.245344  1.193835    -0.000000   -0.027138   -0.000907  
      1.607598  5.654307  4.891297    -0.000006   -0.027140    0.000907  
      4.822794  1.612127  2.503626     0.000006   -0.027140    0.000909  
      1.607598  2.686230  6.461630    -0.000000   -0.006624    0.004613  
      4.822794  4.580204  0.933293     0.000001   -0.006615    0.004610  
      4.822794  6.319447  4.630755     0.000001   -0.006616   -0.004609  
      1.607598  0.946987  2.764168    -0.000001   -0.006624   -0.004614  
      6.064900  5.405781  4.643522    -0.001960    0.009220   -0.002879  
      3.580688  5.493871  0.946060    -0.001987    0.009179    0.002875  
      0.365492  1.772564  6.448863     0.001990    0.009177    0.002874  
      2.849704  1.860654  2.751401     0.001967    0.009211   -0.002873  
      0.365492  1.860654  2.751401    -0.001989    0.009197   -0.002883  
      3.580688  5.405781  4.643522     0.001982    0.009207   -0.002888  
      6.064900  5.493871  0.946060     0.001961    0.009238    0.002890  
      2.849704  1.772564  6.448863    -0.001961    0.009236    0.002887  
      4.822794  1.134617  0.805268     0.000001    0.001877   -0.023939  
      1.607598  6.131817  6.589655    -0.000001    0.001878   -0.023939  
      1.607598  4.767834  2.892194     0.000006    0.001880    0.023941  
      4.822794  2.498600  4.502729    -0.000006    0.001877    0.023937  
      4.822794  7.240401  5.880687     0.000012    0.007018   -0.016450  
      1.607598  0.026033  1.514236    -0.000013    0.007008   -0.016455  
      1.607598  3.607184  5.211698     0.000024    0.007015    0.016461  
      4.822794  3.659250  2.183226    -0.000025    0.007014    0.016448  
      1.607598  3.516876  0.371314     0.000050    0.014527   -0.019343  
      4.822794  3.749558  7.023609    -0.000052    0.014527   -0.019340  
      4.822794  7.150094  3.326147     0.000000    0.014526    0.019342  
      1.607598  0.116341  4.068776     0.000000    0.014525    0.019338  
 
  35 f  =   13.567872 THz    85.249453 2PiTHz  452.575492 cm-1    56.112184 meV
             X         Y         Z           dx          dy          dz
      0.000000  0.000000  0.000000     0.000143   -0.000296    0.000150  
      3.215196  3.633217  3.697462     0.000103   -0.000218   -0.000090  
      0.000000  3.633217  3.697462     0.000080    0.000156    0.000096  
      3.215196  0.000000  0.000000     0.000127    0.000305   -0.000176  
      4.822794  2.021090  6.201088    -0.000013    0.025810   -0.006776  
      1.607598  5.245344  1.193835    -0.000011   -0.025819    0.006758  
      1.607598  5.654307  4.891297    -0.000012   -0.025815   -0.006763  
      4.822794  1.612127  2.503626    -0.000013    0.025813    0.006771  
      1.607598  2.686230  6.461630    -0.000055   -0.018544    0.001594  
      4.822794  4.580204  0.933293    -0.000056    0.018588   -0.001597  
      4.822794  6.319447  4.630755    -0.000038    0.018547    0.001590  
      1.607598  0.946987  2.764168    -0.000038   -0.018585   -0.001601  
      6.064900  5.405781  4.643522    -0.000177    0.006745    0.001302  
      3.580688  5.493871  0.946060    -0.000192    0.006740   -0.001253  
      0.365492  1.772564  6.448863    -0.000196   -0.006725    0.001272  
      2.849704  1.860654  2.751401    -0.000175   -0.006758   -0.001294  
      0.365492  1.860654  2.751401     0.000169   -0.006723   -0.001293  
      3.580688  5.405781  4.643522     0.000170    0.006711    0.001303  
      6.064900  5.493871  0.946060     0.000147    0.006741   -0.001322  
      2.849704  1.772564  6.448863     0.000155   -0.006729    0.001346  
      4.822794  1.134617  0.805268     0.000003   -0.009171    0.019360  
      1.607598  6.131817  6.589655     0.000005    0.009158   -0.019347  
      1.607598  4.767834  2.892194     0.000032    0.009160    0.019345  
      4.822794  2.498600  4.502729     0.000032   -0.009171   -0.019363  
      4.822794  7.240401  5.880687     0.000076   -0.050847    0.064714  
      1.607598  0.026033  1.514236     0.000077    0.050831   -0.064728  
      1.607598  3.607184  5.211698     0.000028    0.050865    0.064726  
      4.822794  3.659250  2.183226     0.000033   -0.050815   -0.064718  
      1.607598  3.516876  0.371314     0.000041    0.056801   -0.047647  
      4.822794  3.749558  7.023609     0.000044   -0.056784    0.047644  
      4.822794  7.150094  3.326147     0.000033   -0.056785   -0.047636  
      1.607598  0.116341  4.068776     0.000032    0.056797    0.047653  
 
  36 f  =   13.268237 THz    83.366793 2PiTHz  442.580752 cm-1    54.872995 meV
             X         Y         Z           dx          dy          dz
      0.000000  0.000000  0.000000    -0.060343    0.145443   -0.078716  
      3.215196  3.633217  3.697462    -0.060356    0.145472    0.078728  
      0.000000  3.633217  3.697462    -0.060354   -0.145466   -0.078730  
      3.215196  0.000000  0.000000    -0.060342   -0.145435    0.078718  
      4.822794  2.021090  6.201088     0.006271    0.000031   -0.000008  
      1.607598  5.245344  1.193835     0.006268   -0.000028    0.000010  
      1.607598  5.654307  4.891297     0.006270   -0.000024   -0.000013  
      4.822794  1.612127  2.503626     0.006268    0.000026    0.000012  
      1.607598  2.686230  6.461630     0.025509   -0.000042    0.000007  
      4.822794  4.580204  0.933293     0.025509    0.000044   -0.000007  
      4.822794  6.319447  4.630755     0.025513    0.000044    0.000008  
      1.607598  0.946987  2.764168     0.025516   -0.000042   -0.000008  
      6.064900  5.405781  4.643522     0.011409   -0.009793    0.006800  
      3.580688  5.493871  0.946060     0.011420   -0.009774   -0.006821  
      0.365492  1.772564  6.448863     0.011414    0.009783    0.006801  
      2.849704  1.860654  2.751401     0.011412    0.009791   -0.006818  
      0.365492  1.860654  2.751401     0.011427   -0.009812    0.006825  
      3.580688  5.405781  4.643522     0.011422    0.009817   -0.006807  
      6.064900  5.493871  0.946060     0.011412    0.009823    0.006818  
      2.849704  1.772564  6.448863     0.011410   -0.009825   -0.006799  
      4.822794  1.134617  0.805268    -0.006970    0.000007    0.000025  
      1.607598  6.131817  6.589655    -0.006957   -0.000004   -0.000026  
      1.607598  4.767834  2.892194    -0.006970    0.000005    0.000031  
      4.822794  2.498600  4.502729    -0.006957   -0.000004   -0.000031  
      4.822794  7.240401  5.880687    -0.038394   -0.000077    0.000102  
      1.607598  0.026033  1.514236    -0.038382    0.000069   -0.000094  
      1.607598  3.607184  5.211698    -0.038393    0.000097    0.000119  
      4.822794  3.659250  2.183226    -0.038376   -0.000109   -0.000130  
      1.607598  3.516876  0.371314    -0.022952    0.000110   -0.000086  
      4.822794  3.749558  7.023609    -0.022964   -0.000122    0.000097  
      4.822794  7.150094  3.326147    -0.022958   -0.000092   -0.000073  
      1.607598  0.116341  4.068776    -0.022970    0.000084    0.000066  
 
  37 f  =   13.212333 THz    83.015536 2PiTHz  440.715988 cm-1    54.641794 meV
             X         Y         Z           dx          dy          dz
      0.000000  0.000000  0.000000    -0.060450    0.089716   -0.070049  
      3.215196  3.633217  3.697462     0.060450   -0.089717   -0.070051  
      0.000000  3.633217  3.697462    -0.060462   -0.089742   -0.070062  
      3.215196  0.000000  0.000000     0.060463    0.089747   -0.070063  
      4.822794  2.021090  6.201088    -0.000016   -0.007783    0.013271  
      1.607598  5.245344  1.193835     0.000015   -0.007788    0.013275  
      1.607598  5.654307  4.891297    -0.000006    0.007782    0.013272  
      4.822794  1.612127  2.503626     0.000006    0.007790    0.013272  
      1.607598  2.686230  6.461630    -0.000012    0.000957   -0.006700  
      4.822794  4.580204  0.933293     0.000006    0.000952   -0.006701  
      4.822794  6.319447  4.630755    -0.000018   -0.000956   -0.006700  
      1.607598  0.946987  2.764168     0.000022   -0.000951   -0.006700  
      6.064900  5.405781  4.643522    -0.006968   -0.009436    0.003626  
      3.580688  5.493871  0.946060     0.006952    0.009417    0.003641  
      0.365492  1.772564  6.448863    -0.006957    0.009418    0.003635  
      2.849704  1.860654  2.751401     0.006974   -0.009439    0.003620  
      0.365492  1.860654  2.751401    -0.006998   -0.009494    0.003651  
      3.580688  5.405781  4.643522     0.006998   -0.009491    0.003650  
      6.064900  5.493871  0.946060    -0.007016    0.009511    0.003632  
      2.849704  1.772564  6.448863     0.007015    0.009517    0.003638  
      4.822794  1.134617  0.805268     0.000003    0.012811   -0.000816  
      1.607598  6.131817  6.589655    -0.000005    0.012824   -0.000822  
      1.607598  4.767834  2.892194     0.000008   -0.012812   -0.000816  
      4.822794  2.498600  4.502729    -0.000007   -0.012821   -0.000822  
      4.822794  7.240401  5.880687     0.000030    0.051252   -0.043969  
      1.607598  0.026033  1.514236    -0.000030    0.051259   -0.043975  
      1.607598  3.607184  5.211698     0.000051   -0.051265   -0.043981  
      4.822794  3.659250  2.183226    -0.000049   -0.051252   -0.043970  
      1.607598  3.516876  0.371314     0.000061   -0.046782    0.036953  
      4.822794  3.749558  7.023609    -0.000054   -0.046769    0.036940  
      4.822794  7.150094  3.326147     0.000048    0.046774    0.036945  
      1.607598  0.116341  4.068776    -0.000053    0.046770    0.036941  
 
  38 f  =   13.173232 THz    82.769860 2PiTHz  439.411733 cm-1    54.480087 meV
             X         Y         Z           dx          dy          dz
      0.000000  0.000000  0.000000     0.032110   -0.047691   -0.005579  
      3.215196  3.633217  3.697462     0.032132   -0.047739    0.005553  
      0.000000  3.633217  3.697462    -0.032123   -0.047720    0.005562  
      3.215196  0.000000  0.000000    -0.032139   -0.047758   -0.005544  
      4.822794  2.021090  6.201088    -0.000003   -0.005596   -0.013120  
      1.607598  5.245344  1.193835     0.000002   -0.005574   -0.013112  
      1.607598  5.654307  4.891297     0.000000   -0.005583    0.013119  
      4.822794  1.612127  2.503626     0.000002   -0.005586    0.013114  
      1.607598  2.686230  6.461630     0.000001   -0.012499    0.001201  
      4.822794  4.580204  0.933293     0.000012   -0.012500    0.001197  
      4.822794  6.319447  4.630755    -0.000006   -0.012500   -0.001200  
      1.607598  0.946987  2.764168     0.000001   -0.012500   -0.001199  
      6.064900  5.405781  4.643522    -0.007715   -0.019087   -0.004613  
      3.580688  5.493871  0.946060    -0.007737   -0.019125    0.004662  
      0.365492  1.772564  6.448863     0.007726   -0.019103    0.004663  
      2.849704  1.860654  2.751401     0.007732   -0.019116   -0.004612  
      0.365492  1.860654  2.751401    -0.007737   -0.019118   -0.004662  
      3.580688  5.405781  4.643522     0.007712   -0.019087   -0.004647  
      6.064900  5.493871  0.946060     0.007730   -0.019099    0.004617  
      2.849704  1.772564  6.448863    -0.007701   -0.019079    0.004594  
      4.822794  1.134617  0.805268     0.000022   -0.014535    0.011291  
      1.607598  6.131817  6.589655    -0.000020   -0.014515    0.011285  
      1.607598  4.767834  2.892194     0.000017   -0.014536   -0.011293  
      4.822794  2.498600  4.502729    -0.000023   -0.014515   -0.011283  
      4.822794  7.240401  5.880687     0.000011    0.056833   -0.057130  
      1.607598  0.026033  1.514236    -0.000020    0.056879   -0.057169  
      1.607598  3.607184  5.211698     0.000027    0.056815    0.057113  
      4.822794  3.659250  2.183226    -0.000029    0.056890    0.057180  
      1.607598  3.516876  0.371314    -0.000020    0.054547   -0.052386  
      4.822794  3.749558  7.023609     0.000003    0.054618   -0.052445  
      4.822794  7.150094  3.326147    -0.000014    0.054569    0.052407  
      1.607598  0.116341  4.068776     0.000021    0.054602    0.052429  
 
  39 f  =   13.044892 THz    81.963473 2PiTHz  435.130753 cm-1    53.949313 meV
             X         Y         Z           dx          dy          dz
      0.000000  0.000000  0.000000     0.066935   -0.151656    0.064982  
      3.215196  3.633217  3.697462    -0.066913    0.151614    0.064974  
      0.000000  3.633217  3.697462    -0.066914   -0.151614   -0.064955  
      3.215196  0.000000  0.000000     0.066916    0.151627   -0.064979  
      4.822794  2.021090  6.201088     0.001534    0.000014    0.000012  
      1.607598  5.245344  1.193835     0.001535   -0.000016   -0.000020  
      1.607598  5.654307  4.891297    -0.001536    0.000022   -0.000008  
      4.822794  1.612127  2.503626    -0.001536   -0.000026    0.000012  
      1.607598  2.686230  6.461630    -0.026764    0.000003   -0.000011  
      4.822794  4.580204  0.933293    -0.026763   -0.000006    0.000013  
      4.822794  6.319447  4.630755     0.026759   -0.000014    0.000001  
      1.607598  0.946987  2.764168     0.026758    0.000011   -0.000001  
      6.064900  5.405781  4.643522     0.018056   -0.007379    0.011254  
      3.580688  5.493871  0.946060    -0.018065    0.007359    0.011252  
      0.365492  1.772564  6.448863    -0.018058   -0.007369   -0.011252  
      2.849704  1.860654  2.751401     0.018057    0.007376   -0.011251  
      0.365492  1.860654  2.751401     0.018143   -0.007259    0.011288  
      3.580688  5.405781  4.643522     0.018141    0.007258   -0.011299  
      6.064900  5.493871  0.946060    -0.018141   -0.007277   -0.011293  
      2.849704  1.772564  6.448863    -0.018140    0.007274    0.011298  
      4.822794  1.134617  0.805268    -0.000094    0.000038   -0.000023  
      1.607598  6.131817  6.589655    -0.000095   -0.000046    0.000029  
      1.607598  4.767834  2.892194     0.000098    0.000042    0.000012  
      4.822794  2.498600  4.502729     0.000094   -0.000042   -0.000017  
      4.822794  7.240401  5.880687    -0.015013    0.000148   -0.000140  
      1.607598  0.026033  1.514236    -0.015019   -0.000142    0.000132  
      1.607598  3.607184  5.211698     0.015023    0.000120    0.000098  
      4.822794  3.659250  2.183226     0.015024   -0.000092   -0.000071  
      1.607598  3.516876  0.371314     0.032801    0.000108   -0.000090  
      4.822794  3.749558  7.023609     0.032797   -0.000082    0.000065  
      4.822794  7.150094  3.326147    -0.032798    0.000139    0.000112  
      1.607598  0.116341  4.068776    -0.032792   -0.000132   -0.000104  
 
  40 f  =   13.016253 THz    81.783527 2PiTHz  434.175454 cm-1    53.830871 meV
             X         Y         Z           dx          dy          dz
      0.000000  0.000000  0.000000     0.000101   -0.000254    0.000119  
      3.215196  3.633217  3.697462    -0.000180    0.000382    0.000146  
      0.000000  3.633217  3.697462    -0.000130   -0.000318   -0.000151  
      3.215196  0.000000  0.000000     0.000134    0.000295   -0.000098  
      4.822794  2.021090  6.201088     0.000005   -0.009801   -0.006514  
      1.607598  5.245344  1.193835    -0.000001    0.009808    0.006529  
      1.607598  5.654307  4.891297     0.000001   -0.009803    0.006512  
      4.822794  1.612127  2.503626    -0.000005    0.009808   -0.006530  
      1.607598  2.686230  6.461630    -0.000048    0.002305    0.002635  
      4.822794  4.580204  0.933293    -0.000048   -0.002294   -0.002638  
      4.822794  6.319447  4.630755     0.000055    0.002306   -0.002635  
      1.607598  0.946987  2.764168     0.000058   -0.002294    0.002639  
      6.064900  5.405781  4.643522     0.020451    0.025158    0.010632  
      3.580688  5.493871  0.946060    -0.020436   -0.025143    0.010624  
      0.365492  1.772564  6.448863    -0.020447    0.025157   -0.010638  
      2.849704  1.860654  2.751401     0.020452   -0.025147   -0.010637  
      0.365492  1.860654  2.751401    -0.020369   -0.025178   -0.010600  
      3.580688  5.405781  4.643522    -0.020385    0.025203    0.010624  
      6.064900  5.493871  0.946060     0.020388   -0.025187    0.010614  
      2.849704  1.772564  6.448863     0.020385    0.025199   -0.010619  
      4.822794  1.134617  0.805268     0.000006   -0.021202    0.010103  
      1.607598  6.131817  6.589655     0.000015    0.021211   -0.010118  
      1.607598  4.767834  2.892194    -0.000013   -0.021198   -0.010102  
      4.822794  2.498600  4.502729    -0.000007    0.021211    0.010118  
      4.822794  7.240401  5.880687    -0.000057   -0.062655    0.054957  
      1.607598  0.026033  1.514236    -0.000045    0.062597   -0.054900  
      1.607598  3.607184  5.211698     0.000044   -0.062649   -0.054952  
      4.822794  3.659250  2.183226     0.000036    0.062602    0.054904  
      1.607598  3.516876  0.371314     0.000060   -0.057392    0.045600  
      4.822794  3.749558  7.023609     0.000053    0.057350   -0.045558  
      4.822794  7.150094  3.326147    -0.000063   -0.057399   -0.045606  
      1.607598  0.116341  4.068776    -0.000070    0.057344    0.045552  
 
  41 f  =   12.697554 THz    79.781083 2PiTHz  423.544803 cm-1    52.512839 meV
             X         Y         Z           dx          dy          dz
      0.000000  0.000000  0.000000     0.076079    0.021440   -0.088124  
      3.215196  3.633217  3.697462     0.076083    0.021428    0.088123  
      0.000000  3.633217  3.697462    -0.076078    0.021442    0.088126  
      3.215196  0.000000  0.000000    -0.076082    0.021429   -0.088124  
      4.822794  2.021090  6.201088    -0.000031    0.005350   -0.037574  
      1.607598  5.245344  1.193835     0.000033    0.005361   -0.037567  
      1.607598  5.654307  4.891297    -0.000021    0.005358    0.037567  
      4.822794  1.612127  2.503626     0.000019    0.005352    0.037573  
      1.607598  2.686230  6.461630     0.000010    0.004085    0.011607  
      4.822794  4.580204  0.933293    -0.000011    0.004089    0.011604  
      4.822794  6.319447  4.630755     0.000003    0.004091   -0.011604  
      1.607598  0.946987  2.764168    -0.000003    0.004082   -0.011607  
      6.064900  5.405781  4.643522     0.011732    0.012051   -0.025620  
      3.580688  5.493871  0.946060     0.011648    0.011972    0.025746  
      0.365492  1.772564  6.448863    -0.011650    0.011972    0.025729  
      2.849704  1.860654  2.751401    -0.011725    0.012034   -0.025624  
      0.365492  1.860654  2.751401     0.011675    0.011995   -0.025766  
      3.580688  5.405781  4.643522    -0.011679    0.012006   -0.025777  
      6.064900  5.493871  0.946060    -0.011758    0.012076    0.025657  
      2.849704  1.772564  6.448863     0.011754    0.012067    0.025658  
      4.822794  1.134617  0.805268     0.000046   -0.022483    0.049042  
      1.607598  6.131817  6.589655    -0.000053   -0.022475    0.049036  
      1.607598  4.767834  2.892194     0.000056   -0.022480   -0.049039  
      4.822794  2.498600  4.502729    -0.000048   -0.022479   -0.049040  
      4.822794  7.240401  5.880687     0.000075   -0.025434    0.015023  
      1.607598  0.026033  1.514236    -0.000066   -0.025453    0.015028  
      1.607598  3.607184  5.211698     0.000051   -0.025456   -0.015033  
      4.822794  3.659250  2.183226    -0.000060   -0.025430   -0.015018  
      1.607598  3.516876  0.371314     0.000016   -0.008141   -0.004558  
      4.822794  3.749558  7.023609    -0.000012   -0.008121   -0.004572  
      4.822794  7.150094  3.326147    -0.000052   -0.008127    0.004567  
      1.607598  0.116341  4.068776     0.000050   -0.008136    0.004562  
 
  42 f  =   12.547017 THz    78.835235 2PiTHz  418.523449 cm-1    51.890271 meV
             X         Y         Z           dx          dy          dz
      0.000000  0.000000  0.000000     0.000095   -0.000136   -0.000098  
      3.215196  3.633217  3.697462     0.000078    0.000038    0.000080  
      0.000000  3.633217  3.697462    -0.000089   -0.000075    0.000119  
      3.215196  0.000000  0.000000    -0.000046    0.000039   -0.000101  
      4.822794  2.021090  6.201088     0.013069   -0.000016   -0.000047  
      1.607598  5.245344  1.193835    -0.013109   -0.000016   -0.000049  
      1.607598  5.654307  4.891297     0.013115   -0.000017    0.000051  
      4.822794  1.612127  2.503626    -0.013062   -0.000018    0.000051  
      1.607598  2.686230  6.461630     0.001678   -0.000002    0.000010  
      4.822794  4.580204  0.933293    -0.001675   -0.000002    0.000012  
      4.822794  6.319447  4.630755     0.001659    0.000002   -0.000010  
      1.607598  0.946987  2.764168    -0.001693    0.000005   -0.000011  
      6.064900  5.405781  4.643522    -0.015717   -0.015343   -0.060912  
      3.580688  5.493871  0.946060     0.015744    0.015409   -0.060829  
      0.365492  1.772564  6.448863    -0.015684    0.015333   -0.060657  
      2.849704  1.860654  2.751401     0.015631   -0.015267   -0.060712  
      0.365492  1.860654  2.751401     0.015679    0.015349    0.060641  
      3.580688  5.405781  4.643522    -0.015756    0.015408    0.060841  
      6.064900  5.493871  0.946060     0.015704   -0.015346    0.060898  
      2.849704  1.772564  6.448863    -0.015651   -0.015279    0.060729  
      4.822794  1.134617  0.805268    -0.052642   -0.000006    0.000047  
      1.607598  6.131817  6.589655     0.052781   -0.000011    0.000051  
      1.607598  4.767834  2.892194    -0.052779   -0.000025   -0.000058  
      4.822794  2.498600  4.502729     0.052644   -0.000026   -0.000058  
      4.822794  7.240401  5.880687    -0.047502    0.000012   -0.000026  
      1.607598  0.026033  1.514236     0.047325    0.000002   -0.000016  
      1.607598  3.607184  5.211698    -0.047324   -0.000004    0.000000  
      4.822794  3.659250  2.183226     0.047506   -0.000012   -0.000006  
      1.607598  3.516876  0.371314     0.041538    0.000007   -0.000019  
      4.822794  3.749558  7.023609    -0.041626   -0.000003   -0.000011  
      4.822794  7.150094  3.326147     0.041645    0.000029    0.000041  
      1.607598  0.116341  4.068776    -0.041514    0.000020    0.000034  
 
  43 f  =   12.518371 THz    78.655246 2PiTHz  417.567918 cm-1    51.771800 meV
             X         Y         Z           dx          dy          dz
      0.000000  0.000000  0.000000     0.007785   -0.043044   -0.005496  
      3.215196  3.633217  3.697462    -0.007775    0.043054   -0.005485  
      0.000000  3.633217  3.697462    -0.007787   -0.043045    0.005496  
      3.215196  0.000000  0.000000     0.007777    0.043057    0.005485  
      4.822794  2.021090  6.201088    -0.014288    0.000007   -0.000007  
      1.607598  5.245344  1.193835    -0.014245   -0.000004    0.000004  
      1.607598  5.654307  4.891297     0.014247   -0.000000   -0.000009  
      4.822794  1.612127  2.503626     0.014288    0.000004    0.000012  
      1.607598  2.686230  6.461630     0.006704   -0.000004    0.000005  
      4.822794  4.580204  0.933293     0.006705    0.000006   -0.000004  
      4.822794  6.319447  4.630755    -0.006710    0.000006    0.000001  
      1.607598  0.946987  2.764168    -0.006701   -0.000005   -0.000003  
      6.064900  5.405781  4.643522    -0.021139   -0.019902   -0.057482  
      3.580688  5.493871  0.946060     0.021145    0.019919   -0.057472  
      0.365492  1.772564  6.448863     0.021191   -0.019957    0.057686  
      2.849704  1.860654  2.751401    -0.021195    0.019962    0.057666  
      0.365492  1.860654  2.751401    -0.021190   -0.019966   -0.057663  
      3.580688  5.405781  4.643522    -0.021137    0.019909    0.057474  
      6.064900  5.493871  0.946060     0.021134   -0.019906    0.057457  
      2.849704  1.772564  6.448863     0.021184    0.019949   -0.057663  
      4.822794  1.134617  0.805268     0.043212    0.000002    0.000008  
      1.607598  6.131817  6.589655     0.043036   -0.000003   -0.000003  
      1.607598  4.767834  2.892194    -0.043037    0.000014    0.000011  
      4.822794  2.498600  4.502729    -0.043209   -0.000020   -0.000018  
      4.822794  7.240401  5.880687    -0.053214    0.000003    0.000009  
      1.607598  0.026033  1.514236    -0.053358   -0.000012   -0.000003  
      1.607598  3.607184  5.211698     0.053366    0.000025    0.000031  
      4.822794  3.659250  2.183226     0.053203   -0.000037   -0.000042  
      1.607598  3.516876  0.371314    -0.034423    0.000016   -0.000013  
      4.822794  3.749558  7.023609    -0.034271   -0.000023    0.000020  
      4.822794  7.150094  3.326147     0.034290   -0.000003   -0.000006  
      1.607598  0.116341  4.068776     0.034408   -0.000004    0.000002  
 
  44 f  =   11.915588 THz    74.867848 2PiTHz  397.461234 cm-1    49.278890 meV
             X         Y         Z           dx          dy          dz
      0.000000  0.000000  0.000000     0.004377   -0.011564   -0.005283  
      3.215196  3.633217  3.697462     0.004377   -0.011565    0.005284  
      0.000000  3.633217  3.697462     0.004381    0.011552   -0.005285  
      3.215196  0.000000  0.000000     0.004382    0.011550    0.005285  
      4.822794  2.021090  6.201088     0.023704    0.000005    0.000004  
      1.607598  5.245344  1.193835     0.023686   -0.000011   -0.000006  
      1.607598  5.654307  4.891297     0.023702   -0.000008    0.000005  
      4.822794  1.612127  2.503626     0.023687    0.000003   -0.000003  
      1.607598  2.686230  6.461630    -0.002931    0.000009   -0.000003  
      4.822794  4.580204  0.933293    -0.002925   -0.000008    0.000003  
      4.822794  6.319447  4.630755    -0.002931   -0.000004   -0.000001  
      1.607598  0.946987  2.764168    -0.002925    0.000004    0.000000  
      6.064900  5.405781  4.643522    -0.037264   -0.041185   -0.041668  
      3.580688  5.493871  0.946060    -0.037246   -0.041175    0.041693  
      0.365492  1.772564  6.448863    -0.037271    0.041201   -0.041649  
      2.849704  1.860654  2.751401    -0.037249    0.041177    0.041672  
      0.365492  1.860654  2.751401    -0.037231   -0.041148   -0.041675  
      3.580688  5.405781  4.643522    -0.037250    0.041167    0.041670  
      6.064900  5.493871  0.946060    -0.037229    0.041145   -0.041697  
      2.849704  1.772564  6.448863    -0.037251   -0.041159    0.041658  
      4.822794  1.134617  0.805268     0.018643   -0.000001   -0.000000  
      1.607598  6.131817  6.589655     0.018623    0.000007   -0.000001  
      1.607598  4.767834  2.892194     0.018648    0.000008   -0.000001  
      4.822794  2.498600  4.502729     0.018624   -0.000003    0.000001  
      4.822794  7.240401  5.880687    -0.049245    0.000001   -0.000003  
      1.607598  0.026033  1.514236    -0.049239    0.000002    0.000001  
      1.607598  3.607184  5.211698    -0.049235   -0.000005   -0.000012  
      4.822794  3.659250  2.183226    -0.049251    0.000007    0.000012  
      1.607598  3.516876  0.371314     0.038060   -0.000009    0.000006  
      4.822794  3.749558  7.023609     0.038108    0.000010   -0.000007  
      4.822794  7.150094  3.326147     0.038080    0.000009    0.000004  
      1.607598  0.116341  4.068776     0.038082   -0.000008   -0.000003  
 
  45 f  =   11.841896 THz    74.404825 2PiTHz  395.003120 cm-1    48.974123 meV
             X         Y         Z           dx          dy          dz
      0.000000  0.000000  0.000000     0.031730    0.093818   -0.003618  
      3.215196  3.633217  3.697462     0.031730    0.093820    0.003620  
      0.000000  3.633217  3.697462    -0.031730    0.093821    0.003618  
      3.215196  0.000000  0.000000    -0.031726    0.093824   -0.003622  
      4.822794  2.021090  6.201088     0.000170    0.040298    0.014049  
      1.607598  5.245344  1.193835    -0.000167    0.040295    0.014044  
      1.607598  5.654307  4.891297     0.000149    0.040299   -0.014043  
      4.822794  1.612127  2.503626    -0.000147    0.040294   -0.014050  
      1.607598  2.686230  6.461630    -0.000058   -0.008657    0.001066  
      4.822794  4.580204  0.933293     0.000056   -0.008652    0.001072  
      4.822794  6.319447  4.630755    -0.000053   -0.008660   -0.001070  
      1.607598  0.946987  2.764168     0.000053   -0.008648   -0.001067  
      6.064900  5.405781  4.643522    -0.013206   -0.045082    0.011262  
      3.580688  5.493871  0.946060    -0.012774   -0.044695   -0.011174  
      0.365492  1.772564  6.448863     0.012767   -0.044692   -0.011179  
      2.849704  1.860654  2.751401     0.013199   -0.045060    0.011260  
      0.365492  1.860654  2.751401    -0.012819   -0.044734    0.011376  
      3.580688  5.405781  4.643522     0.012819   -0.044746    0.011385  
      6.064900  5.493871  0.946060     0.013248   -0.045114   -0.011470  
      2.849704  1.772564  6.448863    -0.013254   -0.045123   -0.011458  
      4.822794  1.134617  0.805268     0.000009   -0.039884    0.002837  
      1.607598  6.131817  6.589655    -0.000008   -0.039897    0.002845  
      1.607598  4.767834  2.892194     0.000025   -0.039903   -0.002845  
      4.822794  2.498600  4.502729    -0.000020   -0.039879   -0.002836  
      4.822794  7.240401  5.880687    -0.000153   -0.008014   -0.006379  
      1.607598  0.026033  1.514236     0.000148   -0.007995   -0.006377  
      1.607598  3.607184  5.211698     0.000028   -0.007998    0.006381  
      4.822794  3.659250  2.183226    -0.000036   -0.008011    0.006375  
      1.607598  3.516876  0.371314    -0.000309   -0.001469   -0.001032  
      4.822794  3.749558  7.023609     0.000317   -0.001489   -0.001016  
      4.822794  7.150094  3.326147    -0.000065   -0.001486    0.001021  
      1.607598  0.116341  4.068776     0.000067   -0.001472    0.001027  
 
  46 f  =   11.731302 THz    73.709943 2PiTHz  391.314106 cm-1    48.516744 meV
             X         Y         Z           dx          dy          dz
      0.000000  0.000000  0.000000     0.000115    0.000165   -0.000039  
      3.215196  3.633217  3.697462    -0.000056   -0.000006   -0.000036  
      0.000000  3.633217  3.697462     0.000060   -0.000002   -0.000036  
      3.215196  0.000000  0.000000    -0.000119    0.000168   -0.000043  
      4.822794  2.021090  6.201088     0.023531    0.000029    0.000014  
      1.607598  5.245344  1.193835    -0.023532    0.000032    0.000013  
      1.607598  5.654307  4.891297    -0.023512    0.000045   -0.000013  
      4.822794  1.612127  2.503626     0.023521    0.000045   -0.000014  
      1.607598  2.686230  6.461630    -0.005852    0.000011    0.000001  
      4.822794  4.580204  0.933293     0.005849    0.000013    0.000001  
      4.822794  6.319447  4.630755     0.005845   -0.000035   -0.000006  
      1.607598  0.946987  2.764168    -0.005846   -0.000034   -0.000005  
      6.064900  5.405781  4.643522     0.031498    0.033778    0.051289  
      3.580688  5.493871  0.946060     0.031527    0.033876   -0.051282  
      0.365492  1.772564  6.448863    -0.031529    0.033874   -0.051289  
      2.849704  1.860654  2.751401    -0.031505    0.033785    0.051302  
      0.365492  1.860654  2.751401    -0.031538   -0.033947   -0.051281  
      3.580688  5.405781  4.643522     0.031526   -0.033934   -0.051263  
      6.064900  5.493871  0.946060     0.031547   -0.033885    0.051265  
      2.849704  1.772564  6.448863    -0.031548   -0.033885    0.051266  
      4.822794  1.134617  0.805268     0.013825   -0.000053    0.000011  
      1.607598  6.131817  6.589655    -0.013817   -0.000052    0.000010  
      1.607598  4.767834  2.892194    -0.013818   -0.000025    0.000004  
      4.822794  2.498600  4.502729     0.013813   -0.000018    0.000008  
      4.822794  7.240401  5.880687     0.062266   -0.000018   -0.000018  
      1.607598  0.026033  1.514236    -0.062269   -0.000011   -0.000021  
      1.607598  3.607184  5.211698    -0.062276    0.000009    0.000009  
      4.822794  3.659250  2.183226     0.062266    0.000015    0.000013  
      1.607598  3.516876  0.371314     0.017103   -0.000008    0.000009  
      4.822794  3.749558  7.023609    -0.017097   -0.000004    0.000006  
      4.822794  7.150094  3.326147    -0.017118    0.000005    0.000016  
      1.607598  0.116341  4.068776     0.017126    0.000012    0.000020  
 
  47 f  =   11.648454 THz    73.189393 2PiTHz  388.550593 cm-1    48.174112 meV
             X         Y         Z           dx          dy          dz
      0.000000  0.000000  0.000000    -0.000105   -0.000303   -0.000086  
      3.215196  3.633217  3.697462    -0.000143   -0.000388    0.000003  
      0.000000  3.633217  3.697462     0.000139   -0.000398    0.000003  
      3.215196  0.000000  0.000000     0.000102   -0.000310   -0.000090  
      4.822794  2.021090  6.201088     0.037112   -0.000173   -0.000067  
      1.607598  5.245344  1.193835    -0.037126   -0.000174   -0.000064  
      1.607598  5.654307  4.891297     0.037128   -0.000178    0.000090  
      4.822794  1.612127  2.503626    -0.037141   -0.000178    0.000092  
      1.607598  2.686230  6.461630    -0.011365    0.000011    0.000003  
      4.822794  4.580204  0.933293     0.011367    0.000013    0.000003  
      4.822794  6.319447  4.630755    -0.011369    0.000057   -0.000000  
      1.607598  0.946987  2.764168     0.011370    0.000059   -0.000001  
      6.064900  5.405781  4.643522    -0.048644   -0.042174    0.016445  
      3.580688  5.493871  0.946060     0.048765    0.042567    0.016569  
      0.365492  1.772564  6.448863    -0.048742    0.042540    0.016580  
      2.849704  1.860654  2.751401     0.048662   -0.042191    0.016430  
      0.365492  1.860654  2.751401     0.048783    0.042606   -0.016567  
      3.580688  5.405781  4.643522    -0.048759    0.042578   -0.016582  
      6.064900  5.493871  0.946060     0.048640   -0.042188   -0.016460  
      2.849704  1.772564  6.448863    -0.048619   -0.042168   -0.016475  
      4.822794  1.134617  0.805268     0.012835    0.000189    0.000005  
      1.607598  6.131817  6.589655    -0.012848    0.000191    0.000003  
      1.607598  4.767834  2.892194     0.012844    0.000160    0.000001  
      4.822794  2.498600  4.502729    -0.012852    0.000156   -0.000003  
      4.822794  7.240401  5.880687    -0.007672    0.000065   -0.000005  
      1.607598  0.026033  1.514236     0.007694    0.000060   -0.000002  
      1.607598  3.607184  5.211698    -0.007651   -0.000030   -0.000066  
      4.822794  3.659250  2.183226     0.007672   -0.000033   -0.000071  
      1.607598  3.516876  0.371314    -0.046320   -0.000026    0.000019  
      4.822794  3.749558  7.023609     0.046305   -0.000027    0.000021  
      4.822794  7.150094  3.326147    -0.046326    0.000045    0.000033  
      1.607598  0.116341  4.068776     0.046310    0.000042    0.000029  
 
  48 f  =   11.508281 THz    72.308660 2PiTHz  383.874922 cm-1    47.594403 meV
             X         Y         Z           dx          dy          dz
      0.000000  0.000000  0.000000    -0.000051   -0.000129   -0.000038  
      3.215196  3.633217  3.697462    -0.000009   -0.000076    0.000042  
      0.000000  3.633217  3.697462     0.000010   -0.000080    0.000044  
      3.215196  0.000000  0.000000     0.000050   -0.000133   -0.000038  
      4.822794  2.021090  6.201088     0.026742   -0.000050   -0.000032  
      1.607598  5.245344  1.193835    -0.026739   -0.000054   -0.000034  
      1.607598  5.654307  4.891297    -0.026741   -0.000070    0.000043  
      4.822794  1.612127  2.503626     0.026725   -0.000067    0.000040  
      1.607598  2.686230  6.461630    -0.003559   -0.000004    0.000011  
      4.822794  4.580204  0.933293     0.003552   -0.000006    0.000011  
      4.822794  6.319447  4.630755     0.003558    0.000024    0.000006  
      1.607598  0.946987  2.764168    -0.003550    0.000028    0.000007  
      6.064900  5.405781  4.643522     0.037813    0.037773   -0.036895  
      3.580688  5.493871  0.946060     0.037795    0.037702    0.036885  
      0.365492  1.772564  6.448863    -0.037804    0.037709    0.036892  
      2.849704  1.860654  2.751401    -0.037788    0.037756   -0.036908  
      0.365492  1.860654  2.751401    -0.037730   -0.037546    0.036832  
      3.580688  5.405781  4.643522     0.037757   -0.037575    0.036815  
      6.064900  5.493871  0.946060     0.037758   -0.037635   -0.036838  
      2.849704  1.772564  6.448863    -0.037768   -0.037634   -0.036844  
      4.822794  1.134617  0.805268     0.000283    0.000071    0.000002  
      1.607598  6.131817  6.589655    -0.000285    0.000069    0.000006  
      1.607598  4.767834  2.892194    -0.000285    0.000038   -0.000020  
      4.822794  2.498600  4.502729     0.000280    0.000039   -0.000018  
      4.822794  7.240401  5.880687    -0.032003    0.000030   -0.000001  
      1.607598  0.026033  1.514236     0.032022    0.000031   -0.000001  
      1.607598  3.607184  5.211698     0.032011   -0.000021   -0.000021  
      4.822794  3.659250  2.183226    -0.032008   -0.000025   -0.000023  
      1.607598  3.516876  0.371314    -0.063461   -0.000004   -0.000000  
      4.822794  3.749558  7.023609     0.063464   -0.000005    0.000000  
      4.822794  7.150094  3.326147     0.063446    0.000013    0.000008  
      1.607598  0.116341  4.068776    -0.063464    0.000011    0.000007  
 
  49 f  =   10.775784 THz    67.706247 2PiTHz  359.441458 cm-1    44.565041 meV
             X         Y         Z           dx          dy          dz
      0.000000  0.000000  0.000000     0.000073   -0.000080   -0.000030  
      3.215196  3.633217  3.697462    -0.000087    0.000024   -0.000071  
      0.000000  3.633217  3.697462     0.000008   -0.000085    0.000050  
      3.215196  0.000000  0.000000    -0.000034    0.000109   -0.000005  
      4.822794  2.021090  6.201088     0.000102   -0.028569    0.021899  
      1.607598  5.245344  1.193835     0.000103    0.028582   -0.021898  
      1.607598  5.654307  4.891297    -0.000089    0.028561    0.021905  
      4.822794  1.612127  2.503626    -0.000092   -0.028587   -0.021891  
      1.607598  2.686230  6.461630     0.000007    0.007931    0.004653  
      4.822794  4.580204  0.933293     0.000007   -0.007974   -0.004634  
      4.822794  6.319447  4.630755    -0.000025   -0.007934    0.004648  
      1.607598  0.946987  2.764168    -0.000024    0.007973   -0.004637  
      6.064900  5.405781  4.643522     0.015539    0.017924    0.009848  
      3.580688  5.493871  0.946060     0.015289    0.017567   -0.010004  
      0.365492  1.772564  6.448863     0.015306   -0.017616    0.009993  
      2.849704  1.860654  2.751401     0.015520   -0.017866   -0.009875  
      0.365492  1.860654  2.751401    -0.015303   -0.017553   -0.010036  
      3.580688  5.405781  4.643522    -0.015327    0.017616    0.010006  
      6.064900  5.493871  0.946060    -0.015538    0.017866   -0.009888  
      2.849704  1.772564  6.448863    -0.015556   -0.017915    0.009870  
      4.822794  1.134617  0.805268     0.000113    0.080927   -0.045603  
      1.607598  6.131817  6.589655     0.000112   -0.080891    0.045605  
      1.607598  4.767834  2.892194    -0.000130   -0.080908   -0.045605  
      4.822794  2.498600  4.502729    -0.000135    0.080917    0.045606  
      4.822794  7.240401  5.880687     0.000043   -0.022984    0.014441  
      1.607598  0.026033  1.514236     0.000048    0.023032   -0.014447  
      1.607598  3.607184  5.211698    -0.000025    0.022982    0.014445  
      4.822794  3.659250  2.183226    -0.000024   -0.023035   -0.014445  
      1.607598  3.516876  0.371314    -0.000063    0.027007   -0.013593  
      4.822794  3.749558  7.023609    -0.000059   -0.027036    0.013598  
      4.822794  7.150094  3.326147     0.000099   -0.027013   -0.013597  
      1.607598  0.116341  4.068776     0.000102    0.027036    0.013598  
 
  50 f  =   10.726990 THz    67.399666 2PiTHz  357.813873 cm-1    44.363246 meV
             X         Y         Z           dx          dy          dz
      0.000000  0.000000  0.000000     0.008370   -0.023026   -0.010501  
      3.215196  3.633217  3.697462    -0.008370    0.023026   -0.010500  
      0.000000  3.633217  3.697462    -0.008373   -0.023024    0.010500  
      3.215196  0.000000  0.000000     0.008375    0.023025    0.010501  
      4.822794  2.021090  6.201088     0.032204    0.000151    0.000013  
      1.607598  5.245344  1.193835     0.032210   -0.000151   -0.000013  
      1.607598  5.654307  4.891297    -0.032202   -0.000155    0.000010  
      4.822794  1.612127  2.503626    -0.032209    0.000155   -0.000010  
      1.607598  2.686230  6.461630     0.004480    0.000019   -0.000031  
      4.822794  4.580204  0.933293     0.004479   -0.000018    0.000030  
      4.822794  6.319447  4.630755    -0.004480   -0.000021   -0.000029  
      1.607598  0.946987  2.764168    -0.004478    0.000020    0.000029  
      6.064900  5.405781  4.643522     0.038330    0.050617   -0.022876  
      3.580688  5.493871  0.946060    -0.038467   -0.050938   -0.022928  
      0.365492  1.772564  6.448863    -0.038463    0.050936    0.022916  
      2.849704  1.860654  2.751401     0.038339   -0.050624    0.022886  
      0.365492  1.860654  2.751401     0.038469    0.050940   -0.022932  
      3.580688  5.405781  4.643522     0.038461   -0.050934    0.022927  
      6.064900  5.493871  0.946060    -0.038340    0.050628    0.022900  
      2.849704  1.772564  6.448863    -0.038335   -0.050623   -0.022888  
      4.822794  1.134617  0.805268     0.041605   -0.000233    0.000075  
      1.607598  6.131817  6.589655     0.041607    0.000234   -0.000075  
      1.607598  4.767834  2.892194    -0.041610    0.000227    0.000070  
      4.822794  2.498600  4.502729    -0.041599   -0.000228   -0.000071  
      4.822794  7.240401  5.880687     0.018183    0.000045   -0.000078  
      1.607598  0.026033  1.514236     0.018171   -0.000045    0.000077  
      1.607598  3.607184  5.211698    -0.018185   -0.000036   -0.000072  
      4.822794  3.659250  2.183226    -0.018171    0.000036    0.000070  
      1.607598  3.516876  0.371314    -0.031582   -0.000088    0.000033  
      4.822794  3.749558  7.023609    -0.031593    0.000088   -0.000034  
      4.822794  7.150094  3.326147     0.031579    0.000080    0.000031  
      1.607598  0.116341  4.068776     0.031590   -0.000081   -0.000029  
 
  51 f  =   10.637454 THz    66.837092 2PiTHz  354.827255 cm-1    43.992953 meV
             X         Y         Z           dx          dy          dz
      0.000000  0.000000  0.000000    -0.000180   -0.000063    0.000027  
      3.215196  3.633217  3.697462     0.000277    0.000002    0.000063  
      0.000000  3.633217  3.697462    -0.000145    0.000169   -0.000009  
      3.215196  0.000000  0.000000     0.000238   -0.000103   -0.000029  
      4.822794  2.021090  6.201088    -0.000057    0.033942    0.035279  
      1.607598  5.245344  1.193835    -0.000055   -0.033978   -0.035289  
      1.607598  5.654307  4.891297     0.000094   -0.033951    0.035291  
      4.822794  1.612127  2.503626     0.000092    0.033970   -0.035277  
      1.607598  2.686230  6.461630     0.000019    0.022325   -0.007547  
      4.822794  4.580204  0.933293     0.000019   -0.022346    0.007513  
      4.822794  6.319447  4.630755     0.000043   -0.022327   -0.007548  
      1.607598  0.946987  2.764168     0.000044    0.022344    0.007513  
      6.064900  5.405781  4.643522    -0.008194   -0.050300    0.022435  
      3.580688  5.493871  0.946060    -0.007976   -0.050011   -0.022320  
      0.365492  1.772564  6.448863    -0.008027    0.050079    0.022355  
      2.849704  1.860654  2.751401    -0.008148    0.050248   -0.022405  
      0.365492  1.860654  2.751401     0.007918    0.049908   -0.022157  
      3.580688  5.405781  4.643522     0.007957   -0.049955    0.022174  
      6.064900  5.493871  0.946060     0.008079   -0.050125   -0.022228  
      2.849704  1.772564  6.448863     0.008135    0.050197    0.022265  
      4.822794  1.134617  0.805268    -0.000041    0.004885   -0.028296  
      1.607598  6.131817  6.589655    -0.000044   -0.004890    0.028303  
      1.607598  4.767834  2.892194     0.000112   -0.004893   -0.028308  
      4.822794  2.498600  4.502729     0.000108    0.004882    0.028291  
      4.822794  7.240401  5.880687     0.000004   -0.014776   -0.012900  
      1.607598  0.026033  1.514236    -0.000001    0.014717    0.012920  
      1.607598  3.607184  5.211698     0.000022    0.014785   -0.012895  
      4.822794  3.659250  2.183226     0.000025   -0.014711    0.012925  
      1.607598  3.516876  0.371314    -0.000070    0.000010   -0.004424  
      4.822794  3.749558  7.023609    -0.000076    0.000024    0.004391  
      4.822794  7.150094  3.326147    -0.000161   -0.000003   -0.004418  
      1.607598  0.116341  4.068776    -0.000154   -0.000016    0.004399  
 
  52 f  =   10.274915 THz    64.559195 2PiTHz  342.734272 cm-1    42.493615 meV
             X         Y         Z           dx          dy          dz
      0.000000  0.000000  0.000000     0.169101    0.074346   -0.045481  
      3.215196  3.633217  3.697462    -0.169099   -0.074346   -0.045480  
      0.000000  3.633217  3.697462     0.169100   -0.074346   -0.045480  
      3.215196  0.000000  0.000000    -0.169098    0.074348   -0.045482  
      4.822794  2.021090  6.201088    -0.000041    0.009728    0.002505  
      1.607598  5.245344  1.193835     0.000042    0.009615    0.002426  
      1.607598  5.654307  4.891297     0.000003   -0.009721    0.002507  
      4.822794  1.612127  2.503626    -0.000002   -0.009622    0.002424  
      1.607598  2.686230  6.461630    -0.000011    0.001945    0.009212  
      4.822794  4.580204  0.933293     0.000011    0.001911    0.009236  
      4.822794  6.319447  4.630755     0.000004   -0.001941    0.009215  
      1.607598  0.946987  2.764168    -0.000003   -0.001915    0.009233  
      6.064900  5.405781  4.643522     0.011354    0.008973   -0.014705  
      3.580688  5.493871  0.946060    -0.011404   -0.009130   -0.014692  
      0.365492  1.772564  6.448863     0.011375   -0.009000   -0.014625  
      2.849704  1.860654  2.751401    -0.011380    0.009088   -0.014749  
      0.365492  1.860654  2.751401     0.011380    0.009103   -0.014664  
      3.580688  5.405781  4.643522    -0.011356    0.008989   -0.014621  
      6.064900  5.493871  0.946060     0.011359   -0.009075   -0.014742  
      2.849704  1.772564  6.448863    -0.011333   -0.008949   -0.014680  
      4.822794  1.134617  0.805268    -0.000019   -0.018531    0.013200  
      1.607598  6.131817  6.589655     0.000021   -0.018481    0.013248  
      1.607598  4.767834  2.892194    -0.000052    0.018538    0.013206  
      4.822794  2.498600  4.502729     0.000052    0.018474    0.013242  
      4.822794  7.240401  5.880687    -0.000010    0.006878   -0.001770  
      1.607598  0.026033  1.514236     0.000010    0.006888   -0.001737  
      1.607598  3.607184  5.211698     0.000026   -0.006882   -0.001777  
      4.822794  3.659250  2.183226    -0.000026   -0.006884   -0.001729  
      1.607598  3.516876  0.371314    -0.000038   -0.005991    0.009633  
      4.822794  3.749558  7.023609     0.000035   -0.005972    0.009643  
      4.822794  7.150094  3.326147     0.000014    0.005997    0.009636  
      1.607598  0.116341  4.068776    -0.000014    0.005965    0.009639  
 
  53 f  =   10.014193 THz    62.921030 2PiTHz  334.037520 cm-1    41.415355 meV
             X         Y         Z           dx          dy          dz
      0.000000  0.000000  0.000000    -0.000037    0.000012   -0.000010  
      3.215196  3.633217  3.697462    -0.000008    0.000031    0.000019  
      0.000000  3.633217  3.697462    -0.000046   -0.000013   -0.000006  
      3.215196  0.000000  0.000000    -0.000007   -0.000021    0.000019  
      4.822794  2.021090  6.201088    -0.000025    0.030316   -0.016281  
      1.607598  5.245344  1.193835    -0.000027   -0.030315    0.016277  
      1.607598  5.654307  4.891297    -0.000032    0.030317    0.016279  
      4.822794  1.612127  2.503626    -0.000033   -0.030315   -0.016282  
      1.607598  2.686230  6.461630    -0.000001    0.005174   -0.010774  
      4.822794  4.580204  0.933293    -0.000000   -0.005178    0.010776  
      4.822794  6.319447  4.630755    -0.000000    0.005176    0.010774  
      1.607598  0.946987  2.764168    -0.000001   -0.005175   -0.010775  
      6.064900  5.405781  4.643522     0.007281    0.015979   -0.053911  
      3.580688  5.493871  0.946060    -0.007202   -0.015887   -0.053789  
      0.365492  1.772564  6.448863    -0.007207    0.015886    0.053796  
      2.849704  1.860654  2.751401     0.007283   -0.015980    0.053915  
      0.365492  1.860654  2.751401    -0.007199   -0.015878    0.053788  
      3.580688  5.405781  4.643522    -0.007197    0.015877   -0.053789  
      6.064900  5.493871  0.946060     0.007273   -0.015973   -0.053907  
      2.849704  1.772564  6.448863     0.007274    0.015970    0.053916  
      4.822794  1.134617  0.805268    -0.000027    0.036266   -0.029934  
      1.607598  6.131817  6.589655    -0.000024   -0.036251    0.029928  
      1.607598  4.767834  2.892194    -0.000030    0.036253    0.029925  
      4.822794  2.498600  4.502729    -0.000024   -0.036256   -0.029930  
      4.822794  7.240401  5.880687    -0.000016   -0.032598    0.034644  
      1.607598  0.026033  1.514236    -0.000021    0.032595   -0.034640  
      1.607598  3.607184  5.211698    -0.000026   -0.032595   -0.034640  
      4.822794  3.659250  2.183226    -0.000025    0.032596    0.034645  
      1.607598  3.516876  0.371314     0.000064    0.023887   -0.018691  
      4.822794  3.749558  7.023609     0.000064   -0.023888    0.018693  
      4.822794  7.150094  3.326147     0.000072    0.023884    0.018688  
      1.607598  0.116341  4.068776     0.000075   -0.023887   -0.018693  
 
  54 f  =    9.984225 THz    62.732734 2PiTHz  333.037888 cm-1    41.291417 meV
             X         Y         Z           dx          dy          dz
      0.000000  0.000000  0.000000    -0.019361    0.015484   -0.010875  
      3.215196  3.633217  3.697462    -0.019371    0.015485    0.010872  
      0.000000  3.633217  3.697462    -0.019363   -0.015486   -0.010875  
      3.215196  0.000000  0.000000    -0.019371   -0.015483    0.010873  
      4.822794  2.021090  6.201088    -0.023065    0.000019    0.000086  
      1.607598  5.245344  1.193835    -0.023059   -0.000022   -0.000087  
      1.607598  5.654307  4.891297    -0.023064   -0.000095    0.000042  
      4.822794  1.612127  2.503626    -0.023063    0.000097   -0.000043  
      1.607598  2.686230  6.461630    -0.000214    0.000027    0.000002  
      4.822794  4.580204  0.933293    -0.000213   -0.000023   -0.000003  
      4.822794  6.319447  4.630755    -0.000211   -0.000031   -0.000027  
      1.607598  0.946987  2.764168    -0.000216    0.000027    0.000026  
      6.064900  5.405781  4.643522     0.030023    0.036492   -0.051186  
      3.580688  5.493871  0.946060     0.030035    0.036520    0.051325  
      0.365492  1.772564  6.448863     0.030043   -0.036526   -0.051315  
      2.849704  1.860654  2.751401     0.030017   -0.036494    0.051188  
      0.365492  1.860654  2.751401     0.030054    0.036656   -0.051390  
      3.580688  5.405781  4.643522     0.030061   -0.036662    0.051392  
      6.064900  5.493871  0.946060     0.030032   -0.036617   -0.051258  
      2.849704  1.772564  6.448863     0.030040    0.036631    0.051253  
      4.822794  1.134617  0.805268    -0.021220   -0.000047   -0.000008  
      1.607598  6.131817  6.589655    -0.021239    0.000044    0.000009  
      1.607598  4.767834  2.892194    -0.021225   -0.000026   -0.000081  
      4.822794  2.498600  4.502729    -0.021236    0.000030    0.000082  
      4.822794  7.240401  5.880687    -0.018740    0.000033   -0.000067  
      1.607598  0.026033  1.514236    -0.018734   -0.000035    0.000066  
      1.607598  3.607184  5.211698    -0.018745    0.000057    0.000021  
      4.822794  3.659250  2.183226    -0.018730   -0.000054   -0.000020  
      1.607598  3.516876  0.371314     0.056698   -0.000035    0.000018  
      4.822794  3.749558  7.023609     0.056699    0.000037   -0.000018  
      4.822794  7.150094  3.326147     0.056704   -0.000019   -0.000031  
      1.607598  0.116341  4.068776     0.056696    0.000018    0.000031  
 
  55 f  =    9.282338 THz    58.322652 2PiTHz  309.625481 cm-1    38.388650 meV
             X         Y         Z           dx          dy          dz
      0.000000  0.000000  0.000000    -0.050786    0.026924    0.049106  
      3.215196  3.633217  3.697462     0.050782   -0.026925    0.049108  
      0.000000  3.633217  3.697462    -0.050782   -0.026926    0.049106  
      3.215196  0.000000  0.000000     0.050788    0.026923    0.049107  
      4.822794  2.021090  6.201088     0.000183    0.037475    0.020041  
      1.607598  5.245344  1.193835    -0.000185    0.037459    0.020083  
      1.607598  5.654307  4.891297    -0.000145   -0.037476    0.020043  
      4.822794  1.612127  2.503626     0.000143   -0.037458    0.020080  
      1.607598  2.686230  6.461630     0.000251   -0.023547    0.010354  
      4.822794  4.580204  0.933293    -0.000251   -0.023556    0.010358  
      4.822794  6.319447  4.630755    -0.000190    0.023546    0.010355  
      1.607598  0.946987  2.764168     0.000190    0.023559    0.010358  
      6.064900  5.405781  4.643522     0.002756    0.032052   -0.047084  
      3.580688  5.493871  0.946060    -0.002971   -0.032000   -0.047383  
      0.365492  1.772564  6.448863     0.002953   -0.031948   -0.047377  
      2.849704  1.860654  2.751401    -0.002775    0.032111   -0.047093  
      0.365492  1.860654  2.751401     0.002923    0.031972   -0.047400  
      3.580688  5.405781  4.643522    -0.002900    0.031908   -0.047382  
      6.064900  5.493871  0.946060     0.002726   -0.032073   -0.047111  
      2.849704  1.772564  6.448863    -0.002704   -0.032016   -0.047097  
      4.822794  1.134617  0.805268    -0.000654    0.002602   -0.003488  
      1.607598  6.131817  6.589655     0.000653    0.002625   -0.003541  
      1.607598  4.767834  2.892194     0.000940   -0.002610   -0.003488  
      4.822794  2.498600  4.502729    -0.000942   -0.002630   -0.003543  
      4.822794  7.240401  5.880687    -0.000199    0.009305    0.005566  
      1.607598  0.026033  1.514236     0.000196    0.009320    0.005574  
      1.607598  3.607184  5.211698    -0.000018   -0.009306    0.005564  
      4.822794  3.659250  2.183226     0.000015   -0.009316    0.005575  
      1.607598  3.516876  0.371314     0.000166   -0.009215   -0.006144  
      4.822794  3.749558  7.023609    -0.000163   -0.009257   -0.006130  
      4.822794  7.150094  3.326147    -0.000009    0.009215   -0.006142  
      1.607598  0.116341  4.068776     0.000016    0.009255   -0.006133  
 
  56 f  =    9.264281 THz    58.209195 2PiTHz  309.023157 cm-1    38.313971 meV
             X         Y         Z           dx          dy          dz
      0.000000  0.000000  0.000000     0.000394   -0.000215   -0.000413  
      3.215196  3.633217  3.697462    -0.000501    0.000175   -0.000428  
      0.000000  3.633217  3.697462     0.000492    0.000174   -0.000416  
      3.215196  0.000000  0.000000    -0.000374   -0.000208   -0.000407  
      4.822794  2.021090  6.201088     0.021027   -0.000274   -0.000152  
      1.607598  5.245344  1.193835    -0.021021   -0.000275   -0.000150  
      1.607598  5.654307  4.891297    -0.021023    0.000284   -0.000157  
      4.822794  1.612127  2.503626     0.021024    0.000283   -0.000155  
      1.607598  2.686230  6.461630     0.029828    0.000177   -0.000079  
      4.822794  4.580204  0.933293    -0.029827    0.000177   -0.000079  
      4.822794  6.319447  4.630755    -0.029828   -0.000146   -0.000071  
      1.607598  0.946987  2.764168     0.029827   -0.000144   -0.000070  
      6.064900  5.405781  4.643522    -0.012596    0.006770    0.014944  
      3.580688  5.493871  0.946060    -0.012562    0.007218   -0.014222  
      0.365492  1.772564  6.448863     0.012562    0.007217   -0.014225  
      2.849704  1.860654  2.751401     0.012600    0.006765    0.014952  
      0.365492  1.860654  2.751401     0.012561   -0.007184   -0.014185  
      3.580688  5.405781  4.643522    -0.012557   -0.007193   -0.014180  
      6.064900  5.493871  0.946060    -0.012596   -0.006738    0.014903  
      2.849704  1.772564  6.448863     0.012596   -0.006738    0.014908  
      4.822794  1.134617  0.805268    -0.107056   -0.000070    0.000037  
      1.607598  6.131817  6.589655     0.107026   -0.000074    0.000037  
      1.607598  4.767834  2.892194     0.107047   -0.000089    0.000005  
      4.822794  2.498600  4.502729    -0.107040   -0.000090    0.000003  
      4.822794  7.240401  5.880687    -0.015343   -0.000047   -0.000030  
      1.607598  0.026033  1.514236     0.015326   -0.000047   -0.000028  
      1.607598  3.607184  5.211698     0.015337    0.000086   -0.000030  
      4.822794  3.659250  2.183226    -0.015330    0.000087   -0.000031  
      1.607598  3.516876  0.371314     0.006907    0.000063    0.000052  
      4.822794  3.749558  7.023609    -0.006926    0.000063    0.000052  
      4.822794  7.150094  3.326147    -0.006906   -0.000073    0.000038  
      1.607598  0.116341  4.068776     0.006925   -0.000073    0.000038  
 
  57 f  =    9.132295 THz    57.379903 2PiTHz  304.620576 cm-1    37.768121 meV
             X         Y         Z           dx          dy          dz
      0.000000  0.000000  0.000000    -0.001632   -0.000605   -0.000124  
      3.215196  3.633217  3.697462    -0.001992   -0.000586   -0.000133  
      0.000000  3.633217  3.697462     0.002137   -0.000555   -0.000062  
      3.215196  0.000000  0.000000     0.001806   -0.000571   -0.000176  
      4.822794  2.021090  6.201088     0.016424    0.000000   -0.000133  
      1.607598  5.245344  1.193835    -0.016340   -0.000001   -0.000135  
      1.607598  5.654307  4.891297     0.016422    0.000099   -0.000015  
      4.822794  1.612127  2.503626    -0.016347    0.000097   -0.000014  
      1.607598  2.686230  6.461630     0.006449    0.000417   -0.000087  
      4.822794  4.580204  0.933293    -0.006426    0.000413   -0.000084  
      4.822794  6.319447  4.630755     0.006450    0.000432    0.000129  
      1.607598  0.946987  2.764168    -0.006430    0.000427    0.000130  
      6.064900  5.405781  4.643522     0.009209    0.008218    0.003200  
      3.580688  5.493871  0.946060    -0.009109   -0.007135    0.002077  
      0.365492  1.772564  6.448863     0.009114   -0.007144    0.002064  
      2.849704  1.860654  2.751401    -0.009197    0.008189    0.003215  
      0.365492  1.860654  2.751401    -0.009110   -0.007144   -0.001841  
      3.580688  5.405781  4.643522     0.009119   -0.007158   -0.001835  
      6.064900  5.493871  0.946060    -0.009201    0.008205   -0.002984  
      2.849704  1.772564  6.448863     0.009206    0.008226   -0.002970  
      4.822794  1.134617  0.805268     0.090116   -0.002089    0.000474  
      1.607598  6.131817  6.589655    -0.090380   -0.002085    0.000473  
      1.607598  4.767834  2.892194     0.090125   -0.002321   -0.000608  
      4.822794  2.498600  4.502729    -0.090352   -0.002323   -0.000607  
      4.822794  7.240401  5.880687    -0.067915    0.000512    0.000127  
      1.607598  0.026033  1.514236     0.067869    0.000509    0.000127  
      1.607598  3.607184  5.211698    -0.067907    0.000481   -0.000058  
      4.822794  3.659250  2.183226     0.067879    0.000479   -0.000054  
      1.607598  3.516876  0.371314     0.040961   -0.000099    0.000180  
      4.822794  3.749558  7.023609    -0.041048   -0.000100    0.000180  
      4.822794  7.150094  3.326147     0.040974   -0.000096   -0.000125  
      1.607598  0.116341  4.068776    -0.041033   -0.000099   -0.000124  
 
  58 f  =    9.119997 THz    57.302630 2PiTHz  304.210350 cm-1    37.717259 meV
             X         Y         Z           dx          dy          dz
      0.000000  0.000000  0.000000     0.082431    0.025324    0.001039  
      3.215196  3.633217  3.697462     0.082432    0.025328   -0.001039  
      0.000000  3.633217  3.697462    -0.082427    0.025329   -0.001042  
      3.215196  0.000000  0.000000    -0.082430    0.025323    0.001033  
      4.822794  2.021090  6.201088     0.000392   -0.002025    0.002842  
      1.607598  5.245344  1.193835    -0.000391   -0.002027    0.002845  
      1.607598  5.654307  4.891297     0.000363   -0.002029   -0.002832  
      4.822794  1.612127  2.503626    -0.000362   -0.002020   -0.002848  
      1.607598  2.686230  6.461630     0.000172   -0.017999    0.004515  
      4.822794  4.580204  0.933293    -0.000174   -0.017969    0.004519  
      4.822794  6.319447  4.630755     0.000124   -0.017996   -0.004521  
      1.607598  0.946987  2.764168    -0.000122   -0.017979   -0.004519  
      6.064900  5.405781  4.643522    -0.001816   -0.022723   -0.024146  
      3.580688  5.493871  0.946060    -0.002250   -0.023057    0.024268  
      0.365492  1.772564  6.448863     0.002249   -0.023085    0.024252  
      2.849704  1.860654  2.751401     0.001812   -0.022690   -0.024156  
      0.365492  1.860654  2.751401    -0.002223   -0.023066   -0.024296  
      3.580688  5.405781  4.643522     0.002226   -0.023095   -0.024285  
      6.064900  5.493871  0.946060     0.001790   -0.022699    0.024184  
      2.849704  1.772564  6.448863    -0.001789   -0.022722    0.024169  
      4.822794  1.134617  0.805268     0.002017    0.093985   -0.023225  
      1.607598  6.131817  6.589655    -0.002013    0.093992   -0.023214  
      1.607598  4.767834  2.892194     0.002185    0.094023    0.023234  
      4.822794  2.498600  4.502729    -0.002195    0.093981    0.023220  
      4.822794  7.240401  5.880687    -0.001595   -0.021023   -0.004039  
      1.607598  0.026033  1.514236     0.001603   -0.020997   -0.004042  
      1.607598  3.607184  5.211698    -0.001586   -0.021016    0.004038  
      4.822794  3.659250  2.183226     0.001577   -0.021000    0.004035  
      1.607598  3.516876  0.371314     0.000968    0.004028   -0.006369  
      4.822794  3.749558  7.023609    -0.000969    0.004042   -0.006365  
      4.822794  7.150094  3.326147     0.000958    0.004029    0.006365  
      1.607598  0.116341  4.068776    -0.000960    0.004040    0.006367  
 
  59 f  =    9.103696 THz    57.200211 2PiTHz  303.666621 cm-1    37.649846 meV
             X         Y         Z           dx          dy          dz
      0.000000  0.000000  0.000000    -0.059380    0.015517   -0.022415  
      3.215196  3.633217  3.697462    -0.059377    0.015514    0.022420  
      0.000000  3.633217  3.697462    -0.059374   -0.015516   -0.022419  
      3.215196  0.000000  0.000000    -0.059379   -0.015517    0.022416  
      4.822794  2.021090  6.201088    -0.030638    0.000002    0.000002  
      1.607598  5.245344  1.193835    -0.030682   -0.000002   -0.000002  
      1.607598  5.654307  4.891297    -0.030638    0.000002    0.000006  
      4.822794  1.612127  2.503626    -0.030679   -0.000002   -0.000006  
      1.607598  2.686230  6.461630    -0.009720   -0.000011   -0.000002  
      4.822794  4.580204  0.933293    -0.009740    0.000012    0.000002  
      4.822794  6.319447  4.630755    -0.009724   -0.000001    0.000000  
      1.607598  0.946987  2.764168    -0.009734    0.000001   -0.000000  
      6.064900  5.405781  4.643522    -0.004591   -0.008291    0.007890  
      3.580688  5.493871  0.946060    -0.004612   -0.008295   -0.007885  
      0.365492  1.772564  6.448863    -0.004589    0.008278    0.007883  
      2.849704  1.860654  2.751401    -0.004613    0.008315   -0.007878  
      0.365492  1.860654  2.751401    -0.004615   -0.008305    0.007875  
      3.580688  5.405781  4.643522    -0.004594    0.008281   -0.007886  
      6.064900  5.493871  0.946060    -0.004616    0.008316    0.007881  
      2.849704  1.772564  6.448863    -0.004593   -0.008298   -0.007880  
      4.822794  1.134617  0.805268     0.098919    0.000002   -0.000007  
      1.607598  6.131817  6.589655     0.098706   -0.000003    0.000008  
      1.607598  4.767834  2.892194     0.098923   -0.000010   -0.000003  
      4.822794  2.498600  4.502729     0.098689    0.000007    0.000002  
      4.822794  7.240401  5.880687     0.018460    0.000005   -0.000007  
      1.607598  0.026033  1.514236     0.018643   -0.000005    0.000006  
      1.607598  3.607184  5.211698     0.018463   -0.000008   -0.000001  
      4.822794  3.659250  2.183226     0.018628    0.000009    0.000001  
      1.607598  3.516876  0.371314     0.024800    0.000001   -0.000006  
      4.822794  3.749558  7.023609     0.024693   -0.000001    0.000006  
      4.822794  7.150094  3.326147     0.024794   -0.000002   -0.000001  
      1.607598  0.116341  4.068776     0.024694    0.000002    0.000001  
 
  60 f  =    9.030684 THz    56.741458 2PiTHz  301.231177 cm-1    37.347889 meV
             X         Y         Z           dx          dy          dz
      0.000000  0.000000  0.000000    -0.020633   -0.021436    0.003025  
      3.215196  3.633217  3.697462     0.020614    0.021429    0.003025  
      0.000000  3.633217  3.697462    -0.020619    0.021429    0.003029  
      3.215196  0.000000  0.000000     0.020638   -0.021434    0.003027  
      4.822794  2.021090  6.201088     0.000045   -0.005358    0.025825  
      1.607598  5.245344  1.193835    -0.000043   -0.005335    0.025813  
      1.607598  5.654307  4.891297     0.000027    0.005362    0.025820  
      4.822794  1.612127  2.503626    -0.000027    0.005333    0.025821  
      1.607598  2.686230  6.461630     0.000007    0.025313   -0.021039  
      4.822794  4.580204  0.933293    -0.000008    0.025306   -0.021049  
      4.822794  6.319447  4.630755    -0.000015   -0.025299   -0.021038  
      1.607598  0.946987  2.764168     0.000015   -0.025311   -0.021048  
      6.064900  5.405781  4.643522     0.000405   -0.021587   -0.025861  
      3.580688  5.493871  0.946060    -0.000396    0.021644   -0.025832  
      0.365492  1.772564  6.448863     0.000407    0.021608   -0.025821  
      2.849704  1.860654  2.751401    -0.000391   -0.021645   -0.025852  
      0.365492  1.860654  2.751401     0.000375   -0.021670   -0.025817  
      3.580688  5.405781  4.643522    -0.000391   -0.021608   -0.025827  
      6.064900  5.493871  0.946060     0.000372    0.021657   -0.025866  
      2.849704  1.772564  6.448863    -0.000385    0.021621   -0.025860  
      4.822794  1.134617  0.805268     0.000108   -0.076312    0.045095  
      1.607598  6.131817  6.589655    -0.000115   -0.076330    0.045109  
      1.607598  4.767834  2.892194     0.000202    0.076290    0.045087  
      4.822794  2.498600  4.502729    -0.000195    0.076308    0.045106  
      4.822794  7.240401  5.880687    -0.000134   -0.017275   -0.024514  
      1.607598  0.026033  1.514236     0.000134   -0.017288   -0.024530  
      1.607598  3.607184  5.211698    -0.000099    0.017286   -0.024515  
      4.822794  3.659250  2.183226     0.000100    0.017287   -0.024530  
      1.607598  3.516876  0.371314     0.000047    0.005810   -0.006961  
      4.822794  3.749558  7.023609    -0.000056    0.005817   -0.006971  
      4.822794  7.150094  3.326147     0.000083   -0.005809   -0.006966  
      1.607598  0.116341  4.068776    -0.000078   -0.005821   -0.006971  
 
  61 f  =    8.873270 THz    55.752400 2PiTHz  295.980431 cm-1    36.696880 meV
             X         Y         Z           dx          dy          dz
      0.000000  0.000000  0.000000    -0.058239    0.013796    0.045202  
      3.215196  3.633217  3.697462     0.058238   -0.013801    0.045203  
      0.000000  3.633217  3.697462     0.058244    0.013806   -0.045211  
      3.215196  0.000000  0.000000    -0.058233   -0.013808   -0.045211  
      4.822794  2.021090  6.201088    -0.010945   -0.000007   -0.000013  
      1.607598  5.245344  1.193835    -0.010952    0.000005    0.000018  
      1.607598  5.654307  4.891297     0.010951    0.000007    0.000022  
      4.822794  1.612127  2.503626     0.010950   -0.000005   -0.000018  
      1.607598  2.686230  6.461630    -0.010514   -0.000027   -0.000011  
      4.822794  4.580204  0.933293    -0.010520    0.000028    0.000007  
      4.822794  6.319447  4.630755     0.010517   -0.000017   -0.000003  
      1.607598  0.946987  2.764168     0.010520    0.000020   -0.000000  
      6.064900  5.405781  4.643522    -0.004887   -0.012167   -0.000170  
      3.580688  5.493871  0.946060     0.004887    0.012185   -0.000133  
      0.365492  1.772564  6.448863     0.004894   -0.012189    0.000132  
      2.849704  1.860654  2.751401    -0.004884    0.012168    0.000168  
      0.365492  1.860654  2.751401    -0.004885   -0.012122   -0.000144  
      3.580688  5.405781  4.643522    -0.004889    0.012130    0.000148  
      6.064900  5.493871  0.946060     0.004881   -0.012106    0.000180  
      2.849704  1.772564  6.448863     0.004887    0.012111   -0.000183  
      4.822794  1.134617  0.805268     0.088252   -0.000016   -0.000008  
      1.607598  6.131817  6.589655     0.088264    0.000002    0.000016  
      1.607598  4.767834  2.892194    -0.088241   -0.000010    0.000007  
      4.822794  2.498600  4.502729    -0.088291    0.000005   -0.000003  
      4.822794  7.240401  5.880687     0.053074   -0.000028    0.000005  
      1.607598  0.026033  1.514236     0.053094    0.000031   -0.000008  
      1.607598  3.607184  5.211698    -0.053093   -0.000019   -0.000007  
      4.822794  3.659250  2.183226    -0.053080    0.000020    0.000003  
      1.607598  3.516876  0.371314     0.044570    0.000001   -0.000022  
      4.822794  3.749558  7.023609     0.044556    0.000001    0.000017  
      4.822794  7.150094  3.326147    -0.044561    0.000001    0.000008  
      1.607598  0.116341  4.068776    -0.044567   -0.000002   -0.000012  
 
  62 f  =    8.622527 THz    54.176935 2PiTHz  287.616544 cm-1    35.659891 meV
             X         Y         Z           dx          dy          dz
      0.000000  0.000000  0.000000    -0.000002   -0.000025   -0.000024  
      3.215196  3.633217  3.697462    -0.000100   -0.000006   -0.000042  
      0.000000  3.633217  3.697462    -0.000008   -0.000033    0.000053  
      3.215196  0.000000  0.000000     0.000074    0.000007    0.000030  
      4.822794  2.021090  6.201088     0.000009    0.002291   -0.028491  
      1.607598  5.245344  1.193835     0.000011   -0.002291    0.028479  
      1.607598  5.654307  4.891297    -0.000007    0.002292    0.028493  
      4.822794  1.612127  2.503626    -0.000007   -0.002289   -0.028479  
      1.607598  2.686230  6.461630     0.000006   -0.048189   -0.002458  
      4.822794  4.580204  0.933293     0.000006    0.048203    0.002462  
      4.822794  6.319447  4.630755     0.000001   -0.048201    0.002456  
      1.607598  0.946987  2.764168     0.000001    0.048190   -0.002463  
      6.064900  5.405781  4.643522     0.000237   -0.055117    0.007055  
      3.580688  5.493871  0.946060    -0.000231    0.055129    0.007071  
      0.365492  1.772564  6.448863    -0.000233   -0.055106   -0.007084  
      2.849704  1.860654  2.751401     0.000232    0.055119   -0.007057  
      0.365492  1.860654  2.751401    -0.000236    0.055112   -0.007079  
      3.580688  5.405781  4.643522    -0.000237   -0.055115    0.007081  
      6.064900  5.493871  0.946060     0.000236    0.055128    0.007054  
      2.849704  1.772564  6.448863     0.000244   -0.055099   -0.007067  
      4.822794  1.134617  0.805268    -0.000052   -0.014454   -0.014366  
      1.607598  6.131817  6.589655    -0.000065    0.014407    0.014389  
      1.607598  4.767834  2.892194     0.000034   -0.014435    0.014372  
      4.822794  2.498600  4.502729     0.000024    0.014421   -0.014382  
      4.822794  7.240401  5.880687    -0.000022   -0.041101   -0.000878  
      1.607598  0.026033  1.514236    -0.000018    0.041092    0.000876  
      1.607598  3.607184  5.211698     0.000018   -0.041089    0.000880  
      4.822794  3.659250  2.183226     0.000018    0.041104   -0.000875  
      1.607598  3.516876  0.371314    -0.000039   -0.008444   -0.017920  
      4.822794  3.749558  7.023609    -0.000044    0.008438    0.017931  
      4.822794  7.150094  3.326147     0.000037   -0.008442    0.017927  
      1.607598  0.116341  4.068776     0.000038    0.008438   -0.017924  
 
  63 f  =    8.525207 THz    53.565453 2PiTHz  284.370286 cm-1    35.257406 meV
             X         Y         Z           dx          dy          dz
      0.000000  0.000000  0.000000    -0.006290    0.075372    0.100982  
      3.215196  3.633217  3.697462     0.006290   -0.075372    0.100979  
      0.000000  3.633217  3.697462    -0.006284   -0.075370    0.100977  
      3.215196  0.000000  0.000000     0.006281    0.075372    0.100971  
      4.822794  2.021090  6.201088     0.000006    0.006149   -0.019880  
      1.607598  5.245344  1.193835    -0.000007    0.006166   -0.020053  
      1.607598  5.654307  4.891297     0.000011   -0.006150   -0.019886  
      4.822794  1.612127  2.503626    -0.000008   -0.006165   -0.020049  
      1.607598  2.686230  6.461630    -0.000015    0.029455    0.014904  
      4.822794  4.580204  0.933293     0.000014    0.029526    0.014910  
      4.822794  6.319447  4.630755    -0.000032   -0.029446    0.014903  
      1.607598  0.946987  2.764168     0.000033   -0.029535    0.014911  
      6.064900  5.405781  4.643522    -0.004754   -0.038380   -0.015201  
      3.580688  5.493871  0.946060     0.004782    0.038489   -0.015094  
      0.365492  1.772564  6.448863    -0.004751    0.038383   -0.015144  
      2.849704  1.860654  2.751401     0.004786   -0.038507   -0.015152  
      0.365492  1.860654  2.751401    -0.004763   -0.038494   -0.015084  
      3.580688  5.405781  4.643522     0.004730   -0.038366   -0.015137  
      6.064900  5.493871  0.946060    -0.004767    0.038491   -0.015143  
      2.849704  1.772564  6.448863     0.004733    0.038382   -0.015194  
      4.822794  1.134617  0.805268    -0.000015   -0.001809   -0.024311  
      1.607598  6.131817  6.589655     0.000022   -0.001657   -0.024176  
      1.607598  4.767834  2.892194     0.000052    0.001816   -0.024312  
      4.822794  2.498600  4.502729    -0.000061    0.001653   -0.024173  
      4.822794  7.240401  5.880687    -0.000021   -0.022866    0.011797  
      1.607598  0.026033  1.514236     0.000024   -0.022855    0.011741  
      1.607598  3.607184  5.211698     0.000002    0.022873    0.011797  
      4.822794  3.659250  2.183226    -0.000003    0.022848    0.011741  
      1.607598  3.516876  0.371314    -0.000031   -0.016071    0.035422  
      4.822794  3.749558  7.023609     0.000038   -0.015949    0.035403  
      4.822794  7.150094  3.326147     0.000027    0.016070    0.035416  
      1.607598  0.116341  4.068776    -0.000035    0.015950    0.035409  
 
  64 f  =    8.303300 THz    52.171171 2PiTHz  276.968267 cm-1    34.339673 meV
             X         Y         Z           dx          dy          dz
      0.000000  0.000000  0.000000    -0.000015    0.000126    0.000143  
      3.215196  3.633217  3.697462    -0.000017   -0.000120    0.000118  
      0.000000  3.633217  3.697462     0.000007   -0.000104    0.000122  
      3.215196  0.000000  0.000000    -0.000066    0.000119    0.000111  
      4.822794  2.021090  6.201088    -0.000011    0.007709   -0.043465  
      1.607598  5.245344  1.193835    -0.000009   -0.007726    0.043393  
      1.607598  5.654307  4.891297    -0.000005   -0.007714   -0.043464  
      4.822794  1.612127  2.503626    -0.000006    0.007721    0.043392  
      1.607598  2.686230  6.461630     0.000014    0.021540    0.005048  
      4.822794  4.580204  0.933293     0.000012   -0.021434   -0.005010  
      4.822794  6.319447  4.630755     0.000007   -0.021545    0.005051  
      1.607598  0.946987  2.764168     0.000008    0.021431   -0.005007  
      6.064900  5.405781  4.643522    -0.005733   -0.023253    0.025892  
      3.580688  5.493871  0.946060    -0.005719   -0.023099   -0.025941  
      0.365492  1.772564  6.448863    -0.005740    0.023269    0.025903  
      2.849704  1.860654  2.751401    -0.005718    0.023092   -0.025949  
      0.365492  1.860654  2.751401     0.005733    0.023110   -0.025981  
      3.580688  5.405781  4.643522     0.005753   -0.023278    0.025924  
      6.064900  5.493871  0.946060     0.005729   -0.023098   -0.025968  
      2.849704  1.772564  6.448863     0.005749    0.023263    0.025934  
      4.822794  1.134617  0.805268     0.000017    0.061263    0.030911  
      1.607598  6.131817  6.589655     0.000004   -0.061267   -0.030981  
      1.607598  4.767834  2.892194    -0.000016   -0.061252    0.030915  
      4.822794  2.498600  4.502729    -0.000014    0.061282   -0.030976  
      4.822794  7.240401  5.880687    -0.000000    0.020891   -0.019087  
      1.607598  0.026033  1.514236     0.000007   -0.021017    0.019150  
      1.607598  3.607184  5.211698     0.000002   -0.020898   -0.019091  
      4.822794  3.659250  2.183226    -0.000006    0.021012    0.019147  
      1.607598  3.516876  0.371314     0.000019    0.029133   -0.002733  
      4.822794  3.749558  7.023609     0.000013   -0.029189    0.002864  
      4.822794  7.150094  3.326147    -0.000019   -0.029124   -0.002722  
      1.607598  0.116341  4.068776    -0.000015    0.029197    0.002872  
 
  65 f  =    8.004487 THz    50.293676 2PiTHz  267.000949 cm-1    33.103884 meV
             X         Y         Z           dx          dy          dz
      0.000000  0.000000  0.000000     0.119401   -0.020266   -0.122941  
      3.215196  3.633217  3.697462     0.119393   -0.020267    0.122942  
      0.000000  3.633217  3.697462     0.119386    0.020268   -0.122941  
      3.215196  0.000000  0.000000     0.119394    0.020268    0.122940  
      4.822794  2.021090  6.201088    -0.010152    0.000005   -0.000008  
      1.607598  5.245344  1.193835    -0.010156   -0.000006    0.000009  
      1.607598  5.654307  4.891297    -0.010154    0.000011   -0.000011  
      4.822794  1.612127  2.503626    -0.010156   -0.000012    0.000009  
      1.607598  2.686230  6.461630    -0.006771    0.000002   -0.000002  
      4.822794  4.580204  0.933293    -0.006772    0.000000    0.000001  
      4.822794  6.319447  4.630755    -0.006767   -0.000015    0.000005  
      1.607598  0.946987  2.764168    -0.006772    0.000015   -0.000003  
      6.064900  5.405781  4.643522    -0.002036    0.005407    0.029530  
      3.580688  5.493871  0.946060    -0.002040    0.005421   -0.029542  
      0.365492  1.772564  6.448863    -0.002039   -0.005421    0.029543  
      2.849704  1.860654  2.751401    -0.002036   -0.005409   -0.029526  
      0.365492  1.860654  2.751401    -0.002051    0.005401    0.029539  
      3.580688  5.405781  4.643522    -0.002049   -0.005400   -0.029541  
      6.064900  5.493871  0.946060    -0.002045   -0.005392    0.029523  
      2.849704  1.772564  6.448863    -0.002044    0.005395   -0.029527  
      4.822794  1.134617  0.805268     0.000472   -0.000012    0.000012  
      1.607598  6.131817  6.589655     0.000476    0.000012   -0.000013  
      1.607598  4.767834  2.892194     0.000475   -0.000049   -0.000011  
      4.822794  2.498600  4.502729     0.000475    0.000049    0.000012  
      4.822794  7.240401  5.880687    -0.032379    0.000000   -0.000001  
      1.607598  0.026033  1.514236    -0.032384   -0.000001    0.000003  
      1.607598  3.607184  5.211698    -0.032389   -0.000006    0.000004  
      4.822794  3.659250  2.183226    -0.032383    0.000007   -0.000004  
      1.607598  3.516876  0.371314     0.034232   -0.000003   -0.000000  
      4.822794  3.749558  7.023609     0.034233    0.000003    0.000001  
      4.822794  7.150094  3.326147     0.034239   -0.000003    0.000008  
      1.607598  0.116341  4.068776     0.034237    0.000003   -0.000007  
 
  66 f  =    7.955609 THz    49.986568 2PiTHz  265.370565 cm-1    32.901742 meV
             X         Y         Z           dx          dy          dz
      0.000000  0.000000  0.000000     0.000155    0.000034    0.000034  
      3.215196  3.633217  3.697462    -0.000054    0.000019   -0.000040  
      0.000000  3.633217  3.697462    -0.000219    0.000012    0.000040  
      3.215196  0.000000  0.000000    -0.000008    0.000000   -0.000037  
      4.822794  2.021090  6.201088     0.000020    0.024655    0.007105  
      1.607598  5.245344  1.193835     0.000020   -0.024687   -0.007079  
      1.607598  5.654307  4.891297    -0.000016    0.024654   -0.007105  
      4.822794  1.612127  2.503626    -0.000016   -0.024687    0.007078  
      1.607598  2.686230  6.461630    -0.000021   -0.003630   -0.003539  
      4.822794  4.580204  0.933293    -0.000020    0.003649    0.003522  
      4.822794  6.319447  4.630755     0.000024   -0.003629    0.003541  
      1.607598  0.946987  2.764168     0.000024    0.003648   -0.003518  
      6.064900  5.405781  4.643522     0.005638    0.003313   -0.027495  
      3.580688  5.493871  0.946060    -0.005641   -0.003298   -0.027476  
      0.365492  1.772564  6.448863    -0.005634    0.003312    0.027468  
      2.849704  1.860654  2.751401     0.005646   -0.003301    0.027503  
      0.365492  1.860654  2.751401    -0.005668   -0.003397    0.027487  
      3.580688  5.405781  4.643522    -0.005662    0.003412   -0.027477  
      6.064900  5.493871  0.946060     0.005674   -0.003398   -0.027513  
      2.849704  1.772564  6.448863     0.005666    0.003412    0.027501  
      4.822794  1.134617  0.805268     0.000006   -0.100904    0.040056  
      1.607598  6.131817  6.589655     0.000012    0.100906   -0.040084  
      1.607598  4.767834  2.892194    -0.000014   -0.100910   -0.040060  
      4.822794  2.498600  4.502729    -0.000013    0.100897    0.040080  
      4.822794  7.240401  5.880687     0.000088    0.004724   -0.009583  
      1.607598  0.026033  1.514236     0.000084   -0.004715    0.009601  
      1.607598  3.607184  5.211698    -0.000069    0.004725    0.009585  
      4.822794  3.659250  2.183226    -0.000067   -0.004712   -0.009596  
      1.607598  3.516876  0.371314    -0.000093    0.003606   -0.009541  
      4.822794  3.749558  7.023609    -0.000092   -0.003606    0.009539  
      4.822794  7.150094  3.326147     0.000073    0.003608    0.009544  
      1.607598  0.116341  4.068776     0.000072   -0.003604   -0.009534  
 
  67 f  =    7.950262 THz    49.952968 2PiTHz  265.192186 cm-1    32.879626 meV
             X         Y         Z           dx          dy          dz
      0.000000  0.000000  0.000000     0.087351    0.005840   -0.002868  
      3.215196  3.633217  3.697462    -0.087423   -0.005853   -0.002884  
      0.000000  3.633217  3.697462    -0.087360    0.005836    0.002884  
      3.215196  0.000000  0.000000     0.087411   -0.005849    0.002880  
      4.822794  2.021090  6.201088     0.015119   -0.000034   -0.000020  
      1.607598  5.245344  1.193835     0.015121    0.000044    0.000010  
      1.607598  5.654307  4.891297    -0.015119   -0.000023   -0.000007  
      4.822794  1.612127  2.503626    -0.015117    0.000034    0.000014  
      1.607598  2.686230  6.461630    -0.017633    0.000006    0.000004  
      4.822794  4.580204  0.933293    -0.017628   -0.000014    0.000005  
      4.822794  6.319447  4.630755     0.017632    0.000015   -0.000012  
      1.607598  0.946987  2.764168     0.017631   -0.000024    0.000005  
      6.064900  5.405781  4.643522    -0.010753   -0.039101    0.004471  
      3.580688  5.493871  0.946060     0.010762    0.039123    0.004504  
      0.365492  1.772564  6.448863     0.010756   -0.039126   -0.004489  
      2.849704  1.860654  2.751401    -0.010756    0.039096   -0.004483  
      0.365492  1.860654  2.751401    -0.010743   -0.039140    0.004427  
      3.580688  5.405781  4.643522    -0.010745    0.039131   -0.004431  
      6.064900  5.493871  0.946060     0.010740   -0.039112   -0.004410  
      2.849704  1.772564  6.448863     0.010741    0.039106    0.004416  
      4.822794  1.134617  0.805268     0.006810    0.000165   -0.000043  
      1.607598  6.131817  6.589655     0.006809   -0.000156    0.000048  
      1.607598  4.767834  2.892194    -0.006814    0.000094    0.000040  
      4.822794  2.498600  4.502729    -0.006807   -0.000094   -0.000050  
      4.822794  7.240401  5.880687     0.062214    0.000006    0.000011  
      1.607598  0.026033  1.514236     0.062218   -0.000012   -0.000015  
      1.607598  3.607184  5.211698    -0.062211   -0.000009   -0.000010  
      4.822794  3.659250  2.183226    -0.062218    0.000004    0.000017  
      1.607598  3.516876  0.371314    -0.064843   -0.000011    0.000018  
      4.822794  3.749558  7.023609    -0.064839    0.000014   -0.000016  
      4.822794  7.150094  3.326147     0.064840    0.000005   -0.000014  
      1.607598  0.116341  4.068776     0.064840   -0.000002    0.000014  
 
  68 f  =    7.879527 THz    49.508531 2PiTHz  262.832745 cm-1    32.587093 meV
             X         Y         Z           dx          dy          dz
      0.000000  0.000000  0.000000    -0.138418   -0.025286    0.015888  
      3.215196  3.633217  3.697462    -0.138377   -0.025284   -0.015884  
      0.000000  3.633217  3.697462     0.138425   -0.025287   -0.015894  
      3.215196  0.000000  0.000000     0.138385   -0.025283    0.015890  
      4.822794  2.021090  6.201088    -0.000008    0.025332   -0.022903  
      1.607598  5.245344  1.193835     0.000001    0.025304   -0.022922  
      1.607598  5.654307  4.891297     0.000004    0.025331    0.022900  
      4.822794  1.612127  2.503626     0.000002    0.025304    0.022923  
      1.607598  2.686230  6.461630     0.000003   -0.021934    0.020387  
      4.822794  4.580204  0.933293     0.000003   -0.021943    0.020395  
      4.822794  6.319447  4.630755    -0.000006   -0.021934   -0.020390  
      1.607598  0.946987  2.764168    -0.000001   -0.021943   -0.020392  
      6.064900  5.405781  4.643522     0.007378   -0.015610   -0.021638  
      3.580688  5.493871  0.946060     0.007363   -0.015651    0.021601  
      0.365492  1.772564  6.448863    -0.007375   -0.015613    0.021631  
      2.849704  1.860654  2.751401    -0.007369   -0.015642   -0.021605  
      0.365492  1.860654  2.751401     0.007375   -0.015627   -0.021608  
      3.580688  5.405781  4.643522    -0.007375   -0.015628   -0.021640  
      6.064900  5.493871  0.946060    -0.007378   -0.015624    0.021617  
      2.849704  1.772564  6.448863     0.007380   -0.015618    0.021642  
      4.822794  1.134617  0.805268     0.000006    0.023148    0.016822  
      1.607598  6.131817  6.589655    -0.000008    0.023252    0.016770  
      1.607598  4.767834  2.892194     0.000024    0.023152   -0.016819  
      4.822794  2.498600  4.502729    -0.000021    0.023249   -0.016773  
      4.822794  7.240401  5.880687    -0.000028   -0.017566   -0.013538  
      1.607598  0.026033  1.514236     0.000001   -0.017582   -0.013525  
      1.607598  3.607184  5.211698    -0.000004   -0.017565    0.013535  
      4.822794  3.659250  2.183226     0.000029   -0.017584    0.013528  
      1.607598  3.516876  0.371314     0.000018    0.001701    0.003933  
      4.822794  3.749558  7.023609     0.000008    0.001696    0.003938  
      4.822794  7.150094  3.326147    -0.000000    0.001698   -0.003935  
      1.607598  0.116341  4.068776    -0.000024    0.001700   -0.003935  
 
  69 f  =    7.292860 THz    45.822390 2PiTHz  243.263621 cm-1    30.160831 meV
             X         Y         Z           dx          dy          dz
      0.000000  0.000000  0.000000     0.000060   -0.000031   -0.000200  
      3.215196  3.633217  3.697462    -0.000056    0.000021   -0.000168  
      0.000000  3.633217  3.697462    -0.000082    0.000054   -0.000083  
      3.215196  0.000000  0.000000     0.000069   -0.000030   -0.000057  
      4.822794  2.021090  6.201088    -0.000022   -0.001191   -0.013816  
      1.607598  5.245344  1.193835    -0.000018    0.001192    0.013791  
      1.607598  5.654307  4.891297    -0.000003    0.001188   -0.013811  
      4.822794  1.612127  2.503626    -0.000003   -0.001194    0.013794  
      1.607598  2.686230  6.461630     0.000018    0.027486   -0.007217  
      4.822794  4.580204  0.933293     0.000021   -0.027464    0.007253  
      4.822794  6.319447  4.630755     0.000005   -0.027488   -0.007216  
      1.607598  0.946987  2.764168     0.000003    0.027461    0.007253  
      6.064900  5.405781  4.643522     0.000817   -0.023898   -0.059646  
      3.580688  5.493871  0.946060     0.000812   -0.023883    0.059550  
      0.365492  1.772564  6.448863     0.000809    0.023927   -0.059630  
      2.849704  1.860654  2.751401     0.000818    0.023856    0.059567  
      0.365492  1.860654  2.751401    -0.000802    0.023893    0.059521  
      3.580688  5.405781  4.643522    -0.000802   -0.023930   -0.059593  
      6.064900  5.493871  0.946060    -0.000809   -0.023861    0.059535  
      2.849704  1.772564  6.448863    -0.000806    0.023909   -0.059612  
      4.822794  1.134617  0.805268     0.000007    0.023417    0.000309  
      1.607598  6.131817  6.589655     0.000007   -0.023416   -0.000320  
      1.607598  4.767834  2.892194     0.000010   -0.023414    0.000306  
      4.822794  2.498600  4.502729     0.000006    0.023421   -0.000323  
      4.822794  7.240401  5.880687     0.000007   -0.055666    0.019449  
      1.607598  0.026033  1.514236    -0.000002    0.055523   -0.019324  
      1.607598  3.607184  5.211698     0.000004    0.055667    0.019449  
      4.822794  3.659250  2.183226     0.000010   -0.055521   -0.019322  
      1.607598  3.516876  0.371314     0.000017   -0.023452    0.026179  
      4.822794  3.749558  7.023609     0.000016    0.023355   -0.026050  
      4.822794  7.150094  3.326147    -0.000035    0.023450    0.026180  
      1.607598  0.116341  4.068776    -0.000033   -0.023358   -0.026053  
 
  70 f  =    7.155792 THz    44.961167 2PiTHz  238.691529 cm-1    29.593964 meV
             X         Y         Z           dx          dy          dz
      0.000000  0.000000  0.000000    -0.017479   -0.045335   -0.112868  
      3.215196  3.633217  3.697462     0.017470    0.045332   -0.112871  
      0.000000  3.633217  3.697462    -0.017474    0.045331   -0.112866  
      3.215196  0.000000  0.000000     0.017464   -0.045326   -0.112864  
      4.822794  2.021090  6.201088    -0.000003    0.000292    0.005667  
      1.607598  5.245344  1.193835     0.000006    0.000323    0.005623  
      1.607598  5.654307  4.891297     0.000019   -0.000298    0.005669  
      4.822794  1.612127  2.503626    -0.000019   -0.000317    0.005621  
      1.607598  2.686230  6.461630     0.000023    0.012658    0.008047  
      4.822794  4.580204  0.933293    -0.000022    0.012725    0.008036  
      4.822794  6.319447  4.630755    -0.000021   -0.012653    0.008047  
      1.607598  0.946987  2.764168     0.000021   -0.012730    0.008035  
      6.064900  5.405781  4.643522     0.002503   -0.008037   -0.030623  
      3.580688  5.493871  0.946060    -0.002496    0.008163   -0.030786  
      0.365492  1.772564  6.448863     0.002503    0.008075   -0.030666  
      2.849704  1.860654  2.751401    -0.002500   -0.008131   -0.030753  
      0.365492  1.860654  2.751401     0.002496   -0.008164   -0.030787  
      3.580688  5.405781  4.643522    -0.002501   -0.008068   -0.030667  
      6.064900  5.493871  0.946060     0.002499    0.008124   -0.030749  
      2.849704  1.772564  6.448863    -0.002503    0.008039   -0.030627  
      4.822794  1.134617  0.805268     0.000029    0.030335   -0.004983  
      1.607598  6.131817  6.589655    -0.000028    0.030423   -0.004967  
      1.607598  4.767834  2.892194    -0.000047   -0.030334   -0.004982  
      4.822794  2.498600  4.502729     0.000042   -0.030424   -0.004968  
      4.822794  7.240401  5.880687    -0.000052   -0.053744    0.042803  
      1.607598  0.026033  1.514236     0.000048   -0.053875    0.042844  
      1.607598  3.607184  5.211698     0.000079    0.053745    0.042799  
      4.822794  3.659250  2.183226    -0.000079    0.053875    0.042850  
      1.607598  3.516876  0.371314    -0.000003   -0.024458    0.033278  
      4.822794  3.749558  7.023609     0.000004   -0.024515    0.033349  
      4.822794  7.150094  3.326147    -0.000006    0.024465    0.033279  
      1.607598  0.116341  4.068776     0.000013    0.024508    0.033347  
 
  71 f  =    7.085900 THz    44.522022 2PiTHz  236.360176 cm-1    29.304914 meV
             X         Y         Z           dx          dy          dz
      0.000000  0.000000  0.000000     0.134647    0.024411   -0.101206  
      3.215196  3.633217  3.697462    -0.134655   -0.024411   -0.101210  
      0.000000  3.633217  3.697462    -0.134652    0.024413    0.101203  
      3.215196  0.000000  0.000000     0.134650   -0.024411    0.101207  
      4.822794  2.021090  6.201088    -0.020921   -0.000011    0.000001  
      1.607598  5.245344  1.193835    -0.020950    0.000011   -0.000001  
      1.607598  5.654307  4.891297     0.020921   -0.000007    0.000018  
      4.822794  1.612127  2.503626     0.020948    0.000008   -0.000016  
      1.607598  2.686230  6.461630     0.007734   -0.000004   -0.000017  
      4.822794  4.580204  0.933293     0.007753    0.000004    0.000017  
      4.822794  6.319447  4.630755    -0.007733    0.000014   -0.000014  
      1.607598  0.946987  2.764168    -0.007753   -0.000016    0.000013  
      6.064900  5.405781  4.643522     0.000224    0.014523   -0.008306  
      3.580688  5.493871  0.946060    -0.000235   -0.014552   -0.008290  
      0.365492  1.772564  6.448863    -0.000224    0.014511    0.008343  
      2.849704  1.860654  2.751401     0.000233   -0.014566    0.008251  
      0.365492  1.860654  2.751401     0.000236    0.014540   -0.008295  
      3.580688  5.405781  4.643522     0.000226   -0.014500    0.008344  
      6.064900  5.493871  0.946060    -0.000236    0.014557    0.008259  
      2.849704  1.772564  6.448863    -0.000225   -0.014514   -0.008313  
      4.822794  1.134617  0.805268     0.017589   -0.000036    0.000002  
      1.607598  6.131817  6.589655     0.017622    0.000039   -0.000001  
      1.607598  4.767834  2.892194    -0.017593    0.000014    0.000000  
      4.822794  2.498600  4.502729    -0.017625   -0.000015   -0.000001  
      4.822794  7.240401  5.880687     0.013050    0.000026   -0.000026  
      1.607598  0.026033  1.514236     0.012934   -0.000029    0.000026  
      1.607598  3.607184  5.211698    -0.013051   -0.000031   -0.000044  
      4.822794  3.659250  2.183226    -0.012932    0.000031    0.000044  
      1.607598  3.516876  0.371314     0.047612    0.000051   -0.000057  
      4.822794  3.749558  7.023609     0.047630   -0.000051    0.000056  
      4.822794  7.150094  3.326147    -0.047606   -0.000016   -0.000031  
      1.607598  0.116341  4.068776    -0.047626    0.000017    0.000032  
 
  72 f  =    7.039891 THz    44.232937 2PiTHz  234.825471 cm-1    29.114635 meV
             X         Y         Z           dx          dy          dz
      0.000000  0.000000  0.000000     0.000092    0.000039   -0.000020  
      3.215196  3.633217  3.697462    -0.000039   -0.000015   -0.000031  
      0.000000  3.633217  3.697462    -0.000099    0.000020    0.000073  
      3.215196  0.000000  0.000000     0.000135   -0.000022    0.000105  
      4.822794  2.021090  6.201088    -0.020848    0.000036   -0.000046  
      1.607598  5.245344  1.193835     0.020820    0.000013   -0.000069  
      1.607598  5.654307  4.891297     0.020849   -0.000008   -0.000070  
      4.822794  1.612127  2.503626    -0.020818   -0.000031   -0.000053  
      1.607598  2.686230  6.461630     0.015347   -0.000036    0.000020  
      4.822794  4.580204  0.933293    -0.015344   -0.000024    0.000020  
      4.822794  6.319447  4.630755    -0.015351    0.000024    0.000014  
      1.607598  0.946987  2.764168     0.015341    0.000034    0.000021  
      6.064900  5.405781  4.643522     0.007150    0.030103    0.040400  
      3.580688  5.493871  0.946060     0.007164    0.030052   -0.040337  
      0.365492  1.772564  6.448863    -0.007166    0.030060   -0.040343  
      2.849704  1.860654  2.751401    -0.007144    0.030084    0.040444  
      0.365492  1.860654  2.751401    -0.007166   -0.030045   -0.040350  
      3.580688  5.405781  4.643522     0.007167   -0.030080   -0.040333  
      6.064900  5.493871  0.946060     0.007149   -0.030087    0.040417  
      2.849704  1.772564  6.448863    -0.007150   -0.030114    0.040425  
      4.822794  1.134617  0.805268     0.022992   -0.000150    0.000009  
      1.607598  6.131817  6.589655    -0.022962   -0.000165    0.000008  
      1.607598  4.767834  2.892194    -0.022989    0.000166    0.000008  
      4.822794  2.498600  4.502729     0.022968    0.000143    0.000013  
      4.822794  7.240401  5.880687    -0.089206    0.000050   -0.000013  
      1.607598  0.026033  1.514236     0.089224    0.000051    0.000006  
      1.607598  3.607184  5.211698     0.089204   -0.000039    0.000017  
      4.822794  3.659250  2.183226    -0.089225   -0.000047   -0.000003  
      1.607598  3.516876  0.371314     0.014510   -0.000054    0.000053  
      4.822794  3.749558  7.023609    -0.014462   -0.000018    0.000031  
      4.822794  7.150094  3.326147    -0.014529    0.000014    0.000020  
      1.607598  0.116341  4.068776     0.014441    0.000044    0.000045  
 
  73 f  =    6.909221 THz    43.411917 2PiTHz  230.466811 cm-1    28.574230 meV
             X         Y         Z           dx          dy          dz
      0.000000  0.000000  0.000000     0.074050    0.007823   -0.034345  
      3.215196  3.633217  3.697462     0.074054    0.007833    0.034322  
      0.000000  3.633217  3.697462     0.074039   -0.007820   -0.034341  
      3.215196  0.000000  0.000000     0.074061   -0.007833    0.034330  
      4.822794  2.021090  6.201088     0.005783   -0.000023   -0.000022  
      1.607598  5.245344  1.193835     0.005776    0.000027    0.000010  
      1.607598  5.654307  4.891297     0.005778   -0.000023    0.000013  
      4.822794  1.612127  2.503626     0.005784    0.000017   -0.000026  
      1.607598  2.686230  6.461630    -0.011355    0.000007    0.000016  
      4.822794  4.580204  0.933293    -0.011349   -0.000010   -0.000008  
      4.822794  6.319447  4.630755    -0.011349    0.000014    0.000012  
      1.607598  0.946987  2.764168    -0.011354   -0.000009   -0.000005  
      6.064900  5.405781  4.643522     0.005106    0.021233   -0.041637  
      3.580688  5.493871  0.946060     0.005108    0.021207    0.041653  
      0.365492  1.772564  6.448863     0.005112   -0.021227   -0.041626  
      2.849704  1.860654  2.751401     0.005108   -0.021232    0.041635  
      0.365492  1.860654  2.751401     0.005102    0.021191   -0.041661  
      3.580688  5.405781  4.643522     0.005103   -0.021183    0.041668  
      6.064900  5.493871  0.946060     0.005097   -0.021195   -0.041670  
      2.849704  1.772564  6.448863     0.005102    0.021208    0.041650  
      4.822794  1.134617  0.805268     0.047208   -0.000025   -0.000007  
      1.607598  6.131817  6.589655     0.047229   -0.000004    0.000007  
      1.607598  4.767834  2.892194     0.047213   -0.000010   -0.000001  
      4.822794  2.498600  4.502729     0.047222    0.000037    0.000001  
      4.822794  7.240401  5.880687    -0.002374    0.000009    0.000026  
      1.607598  0.026033  1.514236    -0.002391   -0.000008   -0.000018  
      1.607598  3.607184  5.211698    -0.002403   -0.000014    0.000002  
      4.822794  3.659250  2.183226    -0.002365    0.000014    0.000008  
      1.607598  3.516876  0.371314    -0.078050    0.000016   -0.000000  
      4.822794  3.749558  7.023609    -0.078043   -0.000029    0.000016  
      4.822794  7.150094  3.326147    -0.078047    0.000047    0.000036  
      1.607598  0.116341  4.068776    -0.078050   -0.000036   -0.000024  
 
  74 f  =    6.799525 THz    42.722676 2PiTHz  226.807742 cm-1    28.120563 meV
             X         Y         Z           dx          dy          dz
      0.000000  0.000000  0.000000    -0.000260   -0.000185   -0.000166  
      3.215196  3.633217  3.697462     0.000196    0.000192   -0.000213  
      0.000000  3.633217  3.697462    -0.000176    0.000147   -0.000189  
      3.215196  0.000000  0.000000     0.000107   -0.000134   -0.000196  
      4.822794  2.021090  6.201088    -0.000002   -0.039917   -0.031672  
      1.607598  5.245344  1.193835     0.000011    0.040068    0.031278  
      1.607598  5.654307  4.891297    -0.000008   -0.040067    0.031280  
      4.822794  1.612127  2.503626    -0.000022    0.039917   -0.031673  
      1.607598  2.686230  6.461630     0.000011    0.018253   -0.000256  
      4.822794  4.580204  0.933293     0.000006   -0.018438    0.000470  
      4.822794  6.319447  4.630755    -0.000002    0.018436    0.000460  
      1.607598  0.946987  2.764168     0.000007   -0.018257   -0.000266  
      6.064900  5.405781  4.643522    -0.002666    0.015219    0.003816  
      3.580688  5.493871  0.946060     0.002664   -0.015231    0.003751  
      0.365492  1.772564  6.448863     0.002613    0.015062   -0.003607  
      2.849704  1.860654  2.751401    -0.002624   -0.015026   -0.003635  
      0.365492  1.860654  2.751401     0.002605   -0.015081   -0.003613  
      3.580688  5.405781  4.643522     0.002657    0.015234    0.003724  
      6.064900  5.493871  0.946060    -0.002659   -0.015229    0.003801  
      2.849704  1.772564  6.448863    -0.002617    0.015032   -0.003623  
      4.822794  1.134617  0.805268    -0.000031   -0.036516   -0.001534  
      1.607598  6.131817  6.589655    -0.000028    0.035587    0.001570  
      1.607598  4.767834  2.892194    -0.000030   -0.035579    0.001569  
      4.822794  2.498600  4.502729    -0.000010    0.036521   -0.001533  
      4.822794  7.240401  5.880687    -0.000038   -0.005412    0.024658  
      1.607598  0.026033  1.514236     0.000024    0.005549   -0.024464  
      1.607598  3.607184  5.211698     0.000034   -0.005547   -0.024450  
      4.822794  3.659250  2.183226    -0.000005    0.005416    0.024672  
      1.607598  3.516876  0.371314     0.000029    0.058206   -0.036925  
      4.822794  3.749558  7.023609     0.000026   -0.058561    0.037324  
      4.822794  7.150094  3.326147     0.000061    0.058552    0.037307  
      1.607598  0.116341  4.068776     0.000065   -0.058214   -0.036940  
 
  75 f  =    6.795676 THz    42.698493 2PiTHz  226.679360 cm-1    28.104646 meV
             X         Y         Z           dx          dy          dz
      0.000000  0.000000  0.000000     0.031926    0.028471    0.033940  
      3.215196  3.633217  3.697462    -0.031895   -0.028461    0.033938  
      0.000000  3.633217  3.697462     0.031928   -0.028465    0.033921  
      3.215196  0.000000  0.000000    -0.031896    0.028463    0.033943  
      4.822794  2.021090  6.201088    -0.000051   -0.013204    0.033402  
      1.607598  5.245344  1.193835     0.000052   -0.012767    0.033777  
      1.607598  5.654307  4.891297     0.000041    0.012735    0.033774  
      4.822794  1.612127  2.503626    -0.000040    0.013235    0.033404  
      1.607598  2.686230  6.461630    -0.000002    0.015635   -0.017467  
      4.822794  4.580204  0.933293    -0.000002    0.015411   -0.017468  
      4.822794  6.319447  4.630755    -0.000032   -0.015420   -0.017466  
      1.607598  0.946987  2.764168     0.000029   -0.015627   -0.017468  
      6.064900  5.405781  4.643522     0.003950   -0.015061   -0.012681  
      3.580688  5.493871  0.946060    -0.003913    0.015159   -0.012736  
      0.365492  1.772564  6.448863     0.003946    0.015331   -0.012838  
      2.849704  1.860654  2.751401    -0.003975   -0.015248   -0.012660  
      0.365492  1.860654  2.751401     0.003947   -0.015348   -0.012788  
      3.580688  5.405781  4.643522    -0.003917   -0.015177   -0.012777  
      6.064900  5.493871  0.946060     0.003948    0.015081   -0.012619  
      2.849704  1.772564  6.448863    -0.003981    0.015264   -0.012692  
      4.822794  1.134617  0.805268     0.000038    0.079253   -0.002957  
      1.607598  6.131817  6.589655    -0.000027    0.079601   -0.002919  
      1.607598  4.767834  2.892194    -0.000010   -0.079676   -0.002934  
      4.822794  2.498600  4.502729     0.000031   -0.079182   -0.002941  
      4.822794  7.240401  5.880687    -0.000172   -0.011158   -0.017877  
      1.607598  0.026033  1.514236     0.000172   -0.011076   -0.018185  
      1.607598  3.607184  5.211698     0.000128    0.011093   -0.018162  
      4.822794  3.659250  2.183226    -0.000125    0.011135   -0.017905  
      1.607598  3.516876  0.371314    -0.000030    0.030177   -0.033220  
      4.822794  3.749558  7.023609     0.000003    0.029555   -0.032830  
      4.822794  7.150094  3.326147    -0.000031   -0.029491   -0.032787  
      1.607598  0.116341  4.068776     0.000002   -0.030232   -0.033257  
 
  76 f  =    6.664988 THz    41.877354 2PiTHz  222.320068 cm-1    27.564163 meV
             X         Y         Z           dx          dy          dz
      0.000000  0.000000  0.000000    -0.003520   -0.049940   -0.127906  
      3.215196  3.633217  3.697462    -0.003524   -0.049940    0.127901  
      0.000000  3.633217  3.697462     0.003521   -0.049940    0.127906  
      3.215196  0.000000  0.000000     0.003519   -0.049936   -0.127896  
      4.822794  2.021090  6.201088     0.000005    0.008196   -0.001146  
      1.607598  5.245344  1.193835    -0.000005    0.008196   -0.001146  
      1.607598  5.654307  4.891297     0.000003    0.008195    0.001142  
      4.822794  1.612127  2.503626    -0.000001    0.008200    0.001156  
      1.607598  2.686230  6.461630     0.000005   -0.004713    0.008649  
      4.822794  4.580204  0.933293    -0.000005   -0.004715    0.008648  
      4.822794  6.319447  4.630755     0.000001   -0.004716   -0.008650  
      1.607598  0.946987  2.764168    -0.000001   -0.004715   -0.008651  
      6.064900  5.405781  4.643522    -0.003268   -0.007985    0.046531  
      3.580688  5.493871  0.946060    -0.003272   -0.007986   -0.046536  
      0.365492  1.772564  6.448863     0.003272   -0.007983   -0.046526  
      2.849704  1.860654  2.751401     0.003267   -0.007983    0.046534  
      0.365492  1.860654  2.751401    -0.003269   -0.007984    0.046533  
      3.580688  5.405781  4.643522     0.003269   -0.007986    0.046529  
      6.064900  5.493871  0.946060     0.003266   -0.007984   -0.046542  
      2.849704  1.772564  6.448863    -0.003265   -0.007980   -0.046528  
      4.822794  1.134617  0.805268    -0.000003    0.031431   -0.001195  
      1.607598  6.131817  6.589655     0.000006    0.031436   -0.001211  
      1.607598  4.767834  2.892194    -0.000009    0.031417    0.001199  
      4.822794  2.498600  4.502729     0.000006    0.031433    0.001206  
      4.822794  7.240401  5.880687    -0.000002    0.021452   -0.022300  
      1.607598  0.026033  1.514236     0.000003    0.021450   -0.022298  
      1.607598  3.607184  5.211698     0.000003    0.021449    0.022295  
      4.822794  3.659250  2.183226    -0.000004    0.021456    0.022301  
      1.607598  3.516876  0.371314    -0.000003   -0.033031    0.024951  
      4.822794  3.749558  7.023609     0.000002   -0.033037    0.024952  
      4.822794  7.150094  3.326147     0.000003   -0.033036   -0.024952  
      1.607598  0.116341  4.068776    -0.000004   -0.033037   -0.024956  
 
  77 f  =    6.475432 THz    40.686337 2PiTHz  215.997148 cm-1    26.780221 meV
             X         Y         Z           dx          dy          dz
      0.000000  0.000000  0.000000    -0.104204   -0.099887   -0.053166  
      3.215196  3.633217  3.697462    -0.104232   -0.099934    0.053236  
      0.000000  3.633217  3.697462    -0.104227    0.099928   -0.053227  
      3.215196  0.000000  0.000000    -0.104203    0.099889    0.053170  
      4.822794  2.021090  6.201088     0.026156   -0.000003   -0.000001  
      1.607598  5.245344  1.193835     0.026161    0.000003    0.000002  
      1.607598  5.654307  4.891297     0.026169   -0.000003    0.000001  
      4.822794  1.612127  2.503626     0.026167    0.000004   -0.000001  
      1.607598  2.686230  6.461630    -0.010560    0.000006    0.000027  
      4.822794  4.580204  0.933293    -0.010560   -0.000006   -0.000030  
      4.822794  6.319447  4.630755    -0.010553   -0.000008    0.000021  
      1.607598  0.946987  2.764168    -0.010551    0.000007   -0.000020  
      6.064900  5.405781  4.643522     0.009548    0.030258    0.012990  
      3.580688  5.493871  0.946060     0.009539    0.030255   -0.013016  
      0.365492  1.772564  6.448863     0.009536   -0.030251    0.013010  
      2.849704  1.860654  2.751401     0.009547   -0.030256   -0.012990  
      0.365492  1.860654  2.751401     0.009549    0.030265    0.012965  
      3.580688  5.405781  4.643522     0.009549   -0.030267   -0.012965  
      6.064900  5.493871  0.946060     0.009540   -0.030261    0.012976  
      2.849704  1.772564  6.448863     0.009538    0.030256   -0.012967  
      4.822794  1.134617  0.805268     0.014379   -0.000009    0.000005  
      1.607598  6.131817  6.589655     0.014365    0.000011   -0.000005  
      1.607598  4.767834  2.892194     0.014388    0.000002    0.000003  
      4.822794  2.498600  4.502729     0.014381   -0.000004   -0.000003  
      4.822794  7.240401  5.880687    -0.042585   -0.000014    0.000030  
      1.607598  0.026033  1.514236    -0.042575    0.000013   -0.000028  
      1.607598  3.607184  5.211698    -0.042576    0.000009    0.000032  
      4.822794  3.659250  2.183226    -0.042585   -0.000014   -0.000037  
      1.607598  3.516876  0.371314    -0.009536   -0.000006    0.000031  
      4.822794  3.749558  7.023609    -0.009536    0.000011   -0.000038  
      4.822794  7.150094  3.326147    -0.009537    0.000015    0.000034  
      1.607598  0.116341  4.068776    -0.009536   -0.000014   -0.000033  
 
  78 f  =    6.416362 THz    40.315190 2PiTHz  214.026793 cm-1    26.535928 meV
             X         Y         Z           dx          dy          dz
      0.000000  0.000000  0.000000    -0.055097   -0.090862   -0.131138  
      3.215196  3.633217  3.697462     0.055048    0.090814   -0.131115  
      0.000000  3.633217  3.697462     0.055050   -0.090817    0.131122  
      3.215196  0.000000  0.000000    -0.055101    0.090869    0.131154  
      4.822794  2.021090  6.201088     0.018713    0.000014    0.000012  
      1.607598  5.245344  1.193835     0.018714   -0.000017   -0.000011  
      1.607598  5.654307  4.891297    -0.018701    0.000002   -0.000008  
      4.822794  1.612127  2.503626    -0.018701   -0.000000    0.000009  
      1.607598  2.686230  6.461630     0.015376   -0.000001    0.000013  
      4.822794  4.580204  0.933293     0.015375    0.000001   -0.000013  
      4.822794  6.319447  4.630755    -0.015381    0.000002    0.000018  
      1.607598  0.946987  2.764168    -0.015381   -0.000001   -0.000021  
      6.064900  5.405781  4.643522    -0.020452   -0.010612    0.029817  
      3.580688  5.493871  0.946060     0.020457    0.010626    0.029785  
      0.365492  1.772564  6.448863     0.020454   -0.010623   -0.029789  
      2.849704  1.860654  2.751401    -0.020455    0.010615   -0.029813  
      0.365492  1.860654  2.751401    -0.020451   -0.010611    0.029785  
      3.580688  5.405781  4.643522    -0.020449    0.010608   -0.029795  
      6.064900  5.493871  0.946060     0.020458   -0.010630   -0.029798  
      2.849704  1.772564  6.448863     0.020456    0.010627    0.029809  
      4.822794  1.134617  0.805268     0.023849    0.000011    0.000005  
      1.607598  6.131817  6.589655     0.023846   -0.000012   -0.000005  
      1.607598  4.767834  2.892194    -0.023840    0.000004   -0.000001  
      4.822794  2.498600  4.502729    -0.023840   -0.000005    0.000002  
      4.822794  7.240401  5.880687    -0.002498   -0.000002    0.000017  
      1.607598  0.026033  1.514236    -0.002486    0.000004   -0.000022  
      1.607598  3.607184  5.211698     0.002477    0.000005    0.000018  
      4.822794  3.659250  2.183226     0.002465   -0.000007   -0.000019  
      1.607598  3.516876  0.371314    -0.000027   -0.000018    0.000025  
      4.822794  3.749558  7.023609    -0.000023    0.000019   -0.000026  
      4.822794  7.150094  3.326147     0.000021    0.000003    0.000016  
      1.607598  0.116341  4.068776     0.000020   -0.000004   -0.000021  
 
  79 f  =    6.070404 THz    38.141471 2PiTHz  202.486869 cm-1    25.105161 meV
             X         Y         Z           dx          dy          dz
      0.000000  0.000000  0.000000    -0.029950   -0.052740   -0.076445  
      3.215196  3.633217  3.697462    -0.029940   -0.052732    0.076435  
      0.000000  3.633217  3.697462     0.029955   -0.052744    0.076444  
      3.215196  0.000000  0.000000     0.029947   -0.052739   -0.076438  
      4.822794  2.021090  6.201088     0.000027    0.010038    0.015364  
      1.607598  5.245344  1.193835    -0.000028    0.010174    0.015369  
      1.607598  5.654307  4.891297     0.000028    0.010169   -0.015358  
      4.822794  1.612127  2.503626    -0.000029    0.010043   -0.015375  
      1.607598  2.686230  6.461630     0.000008   -0.003496   -0.028021  
      4.822794  4.580204  0.933293    -0.000008   -0.003600   -0.027259  
      4.822794  6.319447  4.630755     0.000010   -0.003597    0.027258  
      1.607598  0.946987  2.764168    -0.000009   -0.003500    0.028022  
      6.064900  5.405781  4.643522     0.001361   -0.004062    0.001950  
      3.580688  5.493871  0.946060     0.001319   -0.004109   -0.001888  
      0.365492  1.772564  6.448863    -0.001269   -0.004072   -0.002357  
      2.849704  1.860654  2.751401    -0.001314   -0.004032    0.002419  
      0.365492  1.860654  2.751401     0.001268   -0.004083    0.002340  
      3.580688  5.405781  4.643522    -0.001317   -0.004109    0.001882  
      6.064900  5.493871  0.946060    -0.001361   -0.004071   -0.001939  
      2.849704  1.772564  6.448863     0.001311   -0.004034   -0.002407  
      4.822794  1.134617  0.805268    -0.000047    0.001029   -0.010896  
      1.607598  6.131817  6.589655     0.000043    0.001208   -0.010835  
      1.607598  4.767834  2.892194    -0.000040    0.001198    0.010840  
      4.822794  2.498600  4.502729     0.000044    0.001040    0.010891  
      4.822794  7.240401  5.880687    -0.000034   -0.036217    0.054530  
      1.607598  0.026033  1.514236     0.000040   -0.036358    0.055475  
      1.607598  3.607184  5.211698    -0.000023   -0.036355   -0.055478  
      4.822794  3.659250  2.183226     0.000024   -0.036219   -0.054527  
      1.607598  3.516876  0.371314     0.000008    0.039601   -0.059524  
      4.822794  3.749558  7.023609    -0.000007    0.038989   -0.058418  
      4.822794  7.150094  3.326147     0.000007    0.039003    0.058427  
      1.607598  0.116341  4.068776    -0.000010    0.039588    0.059517  
 
  80 f  =    6.041178 THz    37.957841 2PiTHz  201.512011 cm-1    24.984294 meV
             X         Y         Z           dx          dy          dz
      0.000000  0.000000  0.000000     0.000123    0.000321    0.000557  
      3.215196  3.633217  3.697462     0.000255    0.000391   -0.000493  
      0.000000  3.633217  3.697462    -0.000204    0.000461   -0.000699  
      3.215196  0.000000  0.000000    -0.000396    0.000587    0.000787  
      4.822794  2.021090  6.201088     0.000026   -0.008510    0.000044  
      1.607598  5.245344  1.193835     0.000027    0.008307   -0.000305  
      1.607598  5.654307  4.891297    -0.000011    0.008336    0.000311  
      4.822794  1.612127  2.503626    -0.000005   -0.008477   -0.000035  
      1.607598  2.686230  6.461630     0.000015    0.006431   -0.046478  
      4.822794  4.580204  0.933293     0.000015   -0.006366    0.046898  
      4.822794  6.319447  4.630755    -0.000008   -0.006374   -0.046910  
      1.607598  0.946987  2.764168    -0.000005    0.006423    0.046468  
      6.064900  5.405781  4.643522     0.002984   -0.002226   -0.028219  
      3.580688  5.493871  0.946060     0.003003   -0.002190    0.028217  
      0.365492  1.772564  6.448863     0.003025    0.002271   -0.028207  
      2.849704  1.860654  2.751401     0.003008    0.002281    0.028193  
      0.365492  1.860654  2.751401    -0.003019    0.002271    0.028168  
      3.580688  5.405781  4.643522    -0.003003   -0.002212   -0.028190  
      6.064900  5.493871  0.946060    -0.002983   -0.002224    0.028170  
      2.849704  1.772564  6.448863    -0.003009    0.002302   -0.028175  
      4.822794  1.134617  0.805268    -0.000020   -0.010893   -0.003097  
      1.607598  6.131817  6.589655    -0.000019    0.010898    0.003291  
      1.607598  4.767834  2.892194     0.000009    0.010889   -0.003286  
      4.822794  2.498600  4.502729     0.000013   -0.010906    0.003103  
      4.822794  7.240401  5.880687     0.000009    0.008920   -0.058775  
      1.607598  0.026033  1.514236     0.000006   -0.008328    0.057869  
      1.607598  3.607184  5.211698     0.000019   -0.008325   -0.057883  
      4.822794  3.659250  2.183226     0.000021    0.008923    0.058760  
      1.607598  3.516876  0.371314    -0.000048    0.036723   -0.066743  
      4.822794  3.749558  7.023609    -0.000054   -0.037381    0.067687  
      4.822794  7.150094  3.326147    -0.000006   -0.037367   -0.067687  
      1.607598  0.116341  4.068776    -0.000003    0.036736    0.066744  
 
  81 f  =    5.831605 THz    36.641057 2PiTHz  194.521416 cm-1    24.117571 meV
             X         Y         Z           dx          dy          dz
      0.000000  0.000000  0.000000    -0.000007   -0.000062   -0.000111  
      3.215196  3.633217  3.697462    -0.000004   -0.000040    0.000083  
      0.000000  3.633217  3.697462     0.000023   -0.000043    0.000067  
      3.215196  0.000000  0.000000     0.000032   -0.000067   -0.000093  
      4.822794  2.021090  6.201088    -0.040172    0.000013    0.000019  
      1.607598  5.245344  1.193835     0.040169    0.000010    0.000027  
      1.607598  5.654307  4.891297    -0.040172    0.000008   -0.000015  
      4.822794  1.612127  2.503626     0.040170    0.000001   -0.000026  
      1.607598  2.686230  6.461630    -0.013155    0.000002   -0.000015  
      4.822794  4.580204  0.933293     0.013153   -0.000005   -0.000006  
      4.822794  6.319447  4.630755    -0.013156    0.000002    0.000020  
      1.607598  0.946987  2.764168     0.013154   -0.000005    0.000008  
      6.064900  5.405781  4.643522    -0.027043   -0.028925   -0.036322  
      3.580688  5.493871  0.946060     0.027043    0.028926   -0.036299  
      0.365492  1.772564  6.448863    -0.027044    0.028934   -0.036316  
      2.849704  1.860654  2.751401     0.027041   -0.028935   -0.036328  
      0.365492  1.860654  2.751401     0.027048    0.028940    0.036293  
      3.580688  5.405781  4.643522    -0.027049    0.028948    0.036320  
      6.064900  5.493871  0.946060     0.027045   -0.028948    0.036323  
      2.849704  1.772564  6.448863    -0.027047   -0.028942    0.036320  
      4.822794  1.134617  0.805268     0.059363   -0.000012   -0.000019  
      1.607598  6.131817  6.589655    -0.059356   -0.000000   -0.000011  
      1.607598  4.767834  2.892194     0.059362   -0.000008    0.000018  
      4.822794  2.498600  4.502729    -0.059355   -0.000006    0.000011  
      4.822794  7.240401  5.880687     0.033774   -0.000022    0.000041  
      1.607598  0.026033  1.514236    -0.033764   -0.000031    0.000032  
      1.607598  3.607184  5.211698     0.033774   -0.000021   -0.000031  
      4.822794  3.659250  2.183226    -0.033767   -0.000029   -0.000024  
      1.607598  3.516876  0.371314     0.004688    0.000037   -0.000044  
      4.822794  3.749558  7.023609    -0.004694    0.000029   -0.000034  
      4.822794  7.150094  3.326147     0.004684    0.000032    0.000036  
      1.607598  0.116341  4.068776    -0.004694    0.000027    0.000027  
 
  82 f  =    5.360337 THz    33.679992 2PiTHz  178.801602 cm-1    22.168563 meV
             X         Y         Z           dx          dy          dz
      0.000000  0.000000  0.000000     0.000018    0.000030    0.000048  
      3.215196  3.633217  3.697462     0.000024    0.000033   -0.000071  
      0.000000  3.633217  3.697462     0.000028   -0.000024    0.000047  
      3.215196  0.000000  0.000000     0.000017   -0.000016   -0.000033  
      4.822794  2.021090  6.201088    -0.000002   -0.034559    0.023248  
      1.607598  5.245344  1.193835    -0.000000    0.034562   -0.023254  
      1.607598  5.654307  4.891297    -0.000009   -0.034561   -0.023249  
      4.822794  1.612127  2.503626     0.000011    0.034558    0.023254  
      1.607598  2.686230  6.461630    -0.000002   -0.012148    0.033903  
      4.822794  4.580204  0.933293    -0.000008    0.012149   -0.033909  
      4.822794  6.319447  4.630755    -0.000008   -0.012150   -0.033900  
      1.607598  0.946987  2.764168     0.000007    0.012149    0.033909  
      6.064900  5.405781  4.643522    -0.000599   -0.014717   -0.050226  
      3.580688  5.493871  0.946060     0.000595    0.014734   -0.050231  
      0.365492  1.772564  6.448863     0.000593   -0.014722    0.050232  
      2.849704  1.860654  2.751401    -0.000587    0.014716    0.050203  
      0.365492  1.860654  2.751401     0.000605    0.014731    0.050248  
      3.580688  5.405781  4.643522     0.000593   -0.014732   -0.050216  
      6.064900  5.493871  0.946060    -0.000596    0.014712   -0.050220  
      2.849704  1.772564  6.448863    -0.000598   -0.014724    0.050213  
      4.822794  1.134617  0.805268     0.000028    0.013464    0.025472  
      1.607598  6.131817  6.589655    -0.000002   -0.013463   -0.025470  
      1.607598  4.767834  2.892194     0.000012    0.013464   -0.025473  
      4.822794  2.498600  4.502729     0.000004   -0.013466    0.025467  
      4.822794  7.240401  5.880687    -0.000012   -0.031037   -0.015542  
      1.607598  0.026033  1.514236    -0.000025    0.031034    0.015552  
      1.607598  3.607184  5.211698    -0.000026   -0.031038    0.015544  
      4.822794  3.659250  2.183226    -0.000029    0.031031   -0.015554  
      1.607598  3.516876  0.371314     0.000023    0.011561    0.016556  
      4.822794  3.749558  7.023609    -0.000002   -0.011554   -0.016569  
      4.822794  7.150094  3.326147    -0.000015    0.011558   -0.016554  
      1.607598  0.116341  4.068776     0.000016   -0.011557    0.016567  
 
  83 f  =    5.246375 THz    32.963944 2PiTHz  175.000222 cm-1    21.697252 meV
             X         Y         Z           dx          dy          dz
      0.000000  0.000000  0.000000     0.042313    0.052075    0.122404  
      3.215196  3.633217  3.697462     0.042321    0.052080   -0.122415  
      0.000000  3.633217  3.697462     0.042321   -0.052081    0.122415  
      3.215196  0.000000  0.000000     0.042314   -0.052077   -0.122408  
      4.822794  2.021090  6.201088     0.005696    0.000028   -0.000011  
      1.607598  5.245344  1.193835     0.005709   -0.000027    0.000011  
      1.607598  5.654307  4.891297     0.005706   -0.000005    0.000007  
      4.822794  1.612127  2.503626     0.005707    0.000004   -0.000007  
      1.607598  2.686230  6.461630    -0.010092    0.000004   -0.000050  
      4.822794  4.580204  0.933293    -0.010080   -0.000003    0.000050  
      4.822794  6.319447  4.630755    -0.010083    0.000001   -0.000022  
      1.607598  0.946987  2.764168    -0.010082   -0.000001    0.000022  
      6.064900  5.405781  4.643522     0.005890    0.024017    0.023559  
      3.580688  5.493871  0.946060     0.005891    0.024009   -0.023523  
      0.365492  1.772564  6.448863     0.005883   -0.024011    0.023519  
      2.849704  1.860654  2.751401     0.005891   -0.024017   -0.023556  
      0.365492  1.860654  2.751401     0.005881    0.023989    0.023579  
      3.580688  5.405781  4.643522     0.005881   -0.023992   -0.023580  
      6.064900  5.493871  0.946060     0.005883   -0.023995    0.023625  
      2.849704  1.772564  6.448863     0.005875    0.024000   -0.023621  
      4.822794  1.134617  0.805268     0.031197    0.000024   -0.000016  
      1.607598  6.131817  6.589655     0.031199   -0.000023    0.000016  
      1.607598  4.767834  2.892194     0.031208   -0.000034    0.000002  
      4.822794  2.498600  4.502729     0.031198    0.000034   -0.000003  
      4.822794  7.240401  5.880687    -0.067733    0.000022   -0.000031  
      1.607598  0.026033  1.514236    -0.067730   -0.000022    0.000031  
      1.607598  3.607184  5.211698    -0.067740   -0.000003   -0.000045  
      4.822794  3.659250  2.183226    -0.067733    0.000003    0.000045  
      1.607598  3.516876  0.371314     0.010513   -0.000002   -0.000049  
      4.822794  3.749558  7.023609     0.010528    0.000003    0.000049  
      4.822794  7.150094  3.326147     0.010519   -0.000006   -0.000031  
      1.607598  0.116341  4.068776     0.010522    0.000004    0.000030  
 
  84 f  =    4.999125 THz    31.410426 2PiTHz  166.752847 cm-1    20.674709 meV
             X         Y         Z           dx          dy          dz
      0.000000  0.000000  0.000000     0.000273    0.000174    0.000480  
      3.215196  3.633217  3.697462    -0.000192   -0.000096    0.000354  
      0.000000  3.633217  3.697462    -0.000001    0.000016    0.000196  
      3.215196  0.000000  0.000000     0.000088   -0.000068    0.000075  
      4.822794  2.021090  6.201088     0.000054   -0.040940   -0.002288  
      1.607598  5.245344  1.193835     0.000047    0.040534    0.002275  
      1.607598  5.654307  4.891297    -0.000073    0.040940   -0.002275  
      4.822794  1.612127  2.503626    -0.000068   -0.040537    0.002287  
      1.607598  2.686230  6.461630     0.000065    0.032586    0.013584  
      4.822794  4.580204  0.933293     0.000058   -0.032748   -0.013694  
      4.822794  6.319447  4.630755    -0.000054   -0.032591    0.013604  
      1.607598  0.946987  2.764168    -0.000047    0.032743   -0.013677  
      6.064900  5.405781  4.643522     0.002093   -0.025199    0.020996  
      3.580688  5.493871  0.946060     0.002161   -0.025346   -0.021026  
      0.365492  1.772564  6.448863     0.002194    0.025195    0.020860  
      2.849704  1.860654  2.751401     0.002063    0.025362   -0.021139  
      0.365492  1.860654  2.751401    -0.002157    0.025367   -0.021006  
      3.580688  5.405781  4.643522    -0.002191   -0.025215    0.020868  
      6.064900  5.493871  0.946060    -0.002061   -0.025380   -0.021148  
      2.849704  1.772564  6.448863    -0.002084    0.025226    0.020970  
      4.822794  1.134617  0.805268     0.000104   -0.060451    0.007728  
      1.607598  6.131817  6.589655     0.000098    0.060482   -0.007637  
      1.607598  4.767834  2.892194    -0.000068    0.060457    0.007718  
      4.822794  2.498600  4.502729    -0.000057   -0.060473   -0.007647  
      4.822794  7.240401  5.880687    -0.000105   -0.026578    0.009132  
      1.607598  0.026033  1.514236    -0.000101    0.026464   -0.009006  
      1.607598  3.607184  5.211698     0.000044    0.026576    0.009114  
      4.822794  3.659250  2.183226     0.000045   -0.026467   -0.009023  
      1.607598  3.516876  0.371314     0.000018    0.038567    0.006733  
      4.822794  3.749558  7.023609     0.000006   -0.038926   -0.006661  
      4.822794  7.150094  3.326147    -0.000002   -0.038568    0.006753  
      1.607598  0.116341  4.068776     0.000010    0.038926   -0.006643  
 
  85 f  =    4.812606 THz    30.238492 2PiTHz  160.531242 cm-1    19.903328 meV
             X         Y         Z           dx          dy          dz
      0.000000  0.000000  0.000000    -0.016683   -0.002463   -0.064081  
      3.215196  3.633217  3.697462     0.016683    0.002458   -0.064073  
      0.000000  3.633217  3.697462    -0.016661    0.002443   -0.064052  
      3.215196  0.000000  0.000000     0.016659   -0.002444   -0.064054  
      4.822794  2.021090  6.201088    -0.000089    0.049533    0.001092  
      1.607598  5.245344  1.193835     0.000082    0.049861    0.001117  
      1.607598  5.654307  4.891297     0.000115   -0.049532    0.001088  
      4.822794  1.612127  2.503626    -0.000108   -0.049861    0.001115  
      1.607598  2.686230  6.461630    -0.000128    0.022003    0.010490  
      4.822794  4.580204  0.933293     0.000119    0.021727    0.010410  
      4.822794  6.319447  4.630755     0.000116   -0.022002    0.010491  
      1.607598  0.946987  2.764168    -0.000106   -0.021727    0.010402  
      6.064900  5.405781  4.643522    -0.004096   -0.027159    0.020281  
      3.580688  5.493871  0.946060     0.004254    0.026844    0.019953  
      0.365492  1.772564  6.448863    -0.004236    0.027031    0.020105  
      2.849704  1.860654  2.751401     0.004126   -0.026968    0.020142  
      0.365492  1.860654  2.751401    -0.004257   -0.026849    0.019961  
      3.580688  5.405781  4.643522     0.004238   -0.027032    0.020121  
      6.064900  5.493871  0.946060    -0.004129    0.026972    0.020164  
      2.849704  1.772564  6.448863     0.004099    0.027162    0.020297  
      4.822794  1.134617  0.805268    -0.000140    0.002181   -0.011128  
      1.607598  6.131817  6.589655     0.000127    0.002627   -0.011180  
      1.607598  4.767834  2.892194     0.000149   -0.002184   -0.011126  
      4.822794  2.498600  4.502729    -0.000136   -0.002629   -0.011177  
      4.822794  7.240401  5.880687     0.000027    0.011719   -0.015246  
      1.607598  0.026033  1.514236    -0.000008    0.011917   -0.015292  
      1.607598  3.607184  5.211698    -0.000011   -0.011718   -0.015247  
      4.822794  3.659250  2.183226    -0.000004   -0.011917   -0.015285  
      1.607598  3.516876  0.371314    -0.000245    0.049807   -0.013113  
      4.822794  3.749558  7.023609     0.000245    0.049493   -0.013135  
      4.822794  7.150094  3.326147     0.000232   -0.049805   -0.013111  
      1.607598  0.116341  4.068776    -0.000233   -0.049494   -0.013143  
 
  86 f  =    4.730415 THz    29.722072 2PiTHz  157.789649 cm-1    19.563414 meV
             X         Y         Z           dx          dy          dz
      0.000000  0.000000  0.000000    -0.005166    0.046041    0.060170  
      3.215196  3.633217  3.697462    -0.004722    0.046341   -0.060615  
      0.000000  3.633217  3.697462     0.005165    0.046041   -0.060175  
      3.215196  0.000000  0.000000     0.004724    0.046341    0.060609  
      4.822794  2.021090  6.201088    -0.000087   -0.003515   -0.035772  
      1.607598  5.245344  1.193835    -0.000072   -0.003538   -0.035771  
      1.607598  5.654307  4.891297     0.000059   -0.003538    0.035773  
      4.822794  1.612127  2.503626     0.000100   -0.003524    0.035770  
      1.607598  2.686230  6.461630    -0.000093   -0.006861   -0.035914  
      4.822794  4.580204  0.933293    -0.000100   -0.006847   -0.035923  
      4.822794  6.319447  4.630755     0.000086   -0.006845    0.035932  
      1.607598  0.946987  2.764168     0.000106   -0.006867    0.035906  
      6.064900  5.405781  4.643522     0.000113   -0.006544    0.043530  
      3.580688  5.493871  0.946060    -0.000019   -0.006497   -0.043746  
      0.365492  1.772564  6.448863    -0.000133   -0.006529   -0.043530  
      2.849704  1.860654  2.751401     0.000034   -0.006537    0.043730  
      0.365492  1.860654  2.751401     0.000141   -0.006544    0.043529  
      3.580688  5.405781  4.643522     0.000013   -0.006505    0.043764  
      6.064900  5.493871  0.946060    -0.000121   -0.006555   -0.043527  
      2.849704  1.772564  6.448863    -0.000027   -0.006539   -0.043743  
      4.822794  1.134617  0.805268    -0.000121    0.027062    0.024719  
      1.607598  6.131817  6.589655    -0.000158    0.027043    0.024722  
      1.607598  4.767834  2.892194     0.000148    0.027036   -0.024722  
      4.822794  2.498600  4.502729     0.000132    0.027068   -0.024720  
      4.822794  7.240401  5.880687     0.000162    0.006550    0.025383  
      1.607598  0.026033  1.514236     0.000154    0.006537    0.025350  
      1.607598  3.607184  5.211698    -0.000150    0.006542   -0.025359  
      4.822794  3.659250  2.183226    -0.000164    0.006544   -0.025376  
      1.607598  3.516876  0.371314     0.000027   -0.013555   -0.029672  
      4.822794  3.749558  7.023609    -0.000046   -0.013529   -0.029690  
      4.822794  7.150094  3.326147     0.000013   -0.013529    0.029698  
      1.607598  0.116341  4.068776     0.000005   -0.013564    0.029661  
 
  87 f  =    4.721184 THz    29.664076 2PiTHz  157.481756 cm-1    19.525241 meV
             X         Y         Z           dx          dy          dz
      0.000000  0.000000  0.000000     0.068618    0.046333    0.068352  
      3.215196  3.633217  3.697462    -0.068648   -0.046034    0.067957  
      0.000000  3.633217  3.697462    -0.068619    0.046329   -0.068359  
      3.215196  0.000000  0.000000     0.068658   -0.046041   -0.067988  
      4.822794  2.021090  6.201088     0.024978    0.000083   -0.000109  
      1.607598  5.245344  1.193835     0.024943   -0.000088   -0.000120  
      1.607598  5.654307  4.891297    -0.024972   -0.000104    0.000125  
      4.822794  1.612127  2.503626    -0.024948    0.000066    0.000105  
      1.607598  2.686230  6.461630     0.030080   -0.000081   -0.000137  
      4.822794  4.580204  0.933293     0.030042    0.000044   -0.000093  
      4.822794  6.319447  4.630755    -0.030075    0.000034    0.000083  
      1.607598  0.946987  2.764168    -0.030051   -0.000085    0.000151  
      6.064900  5.405781  4.643522    -0.023760    0.003273    0.033746  
      3.580688  5.493871  0.946060     0.023737   -0.003210    0.033571  
      0.365492  1.772564  6.448863     0.023756    0.003194   -0.033828  
      2.849704  1.860654  2.751401    -0.023748   -0.003311   -0.033487  
      0.365492  1.860654  2.751401    -0.023740    0.003176    0.033867  
      3.580688  5.405781  4.643522    -0.023750   -0.003240   -0.033552  
      6.064900  5.493871  0.946060     0.023742    0.003267   -0.033766  
      2.849704  1.772564  6.448863     0.023765   -0.003317    0.033475  
      4.822794  1.134617  0.805268     0.043503    0.000199    0.000062  
      1.607598  6.131817  6.589655     0.043461   -0.000024    0.000093  
      1.607598  4.767834  2.892194    -0.043493   -0.000023   -0.000092  
      4.822794  2.498600  4.502729    -0.043463    0.000199   -0.000069  
      4.822794  7.240401  5.880687    -0.048735    0.000069    0.000052  
      1.607598  0.026033  1.514236    -0.048747   -0.000024    0.000107  
      1.607598  3.607184  5.211698     0.048740   -0.000031   -0.000103  
      4.822794  3.659250  2.183226     0.048726    0.000065   -0.000071  
      1.607598  3.516876  0.371314     0.003201   -0.000102   -0.000115  
      4.822794  3.749558  7.023609     0.003152    0.000034   -0.000085  
      4.822794  7.150094  3.326147    -0.003203    0.000019    0.000070  
      1.607598  0.116341  4.068776    -0.003149   -0.000121    0.000118  
 
  88 f  =    4.646387 THz    29.194112 2PiTHz  154.986795 cm-1    19.215905 meV
             X         Y         Z           dx          dy          dz
      0.000000  0.000000  0.000000     0.000049    0.000006    0.000206  
      3.215196  3.633217  3.697462    -0.000051    0.000014    0.000217  
      0.000000  3.633217  3.697462    -0.000015    0.000059    0.000143  
      3.215196  0.000000  0.000000     0.000002   -0.000028    0.000157  
      4.822794  2.021090  6.201088    -0.030875   -0.000176   -0.000015  
      1.607598  5.245344  1.193835     0.030898   -0.000160   -0.000022  
      1.607598  5.654307  4.891297     0.030878    0.000150   -0.000004  
      4.822794  1.612127  2.503626    -0.030903    0.000153    0.000006  
      1.607598  2.686230  6.461630    -0.037438   -0.000070   -0.000023  
      4.822794  4.580204  0.933293     0.037469   -0.000070   -0.000035  
      4.822794  6.319447  4.630755     0.037444    0.000065   -0.000024  
      1.607598  0.946987  2.764168    -0.037469    0.000077   -0.000012  
      6.064900  5.405781  4.643522     0.021439   -0.018316    0.030122  
      3.580688  5.493871  0.946060     0.021427   -0.018507   -0.030263  
      0.365492  1.772564  6.448863    -0.021407   -0.018504   -0.030265  
      2.849704  1.860654  2.751401    -0.021461   -0.018302    0.030114  
      0.365492  1.860654  2.751401    -0.021428    0.018521   -0.030222  
      3.580688  5.405781  4.643522     0.021406    0.018512   -0.030256  
      6.064900  5.493871  0.946060     0.021453    0.018324    0.030086  
      2.849704  1.772564  6.448863    -0.021433    0.018318    0.030130  
      4.822794  1.134617  0.805268    -0.042779   -0.000017    0.000049  
      1.607598  6.131817  6.589655     0.042805   -0.000015    0.000038  
      1.607598  4.767834  2.892194     0.042782    0.000033    0.000029  
      4.822794  2.498600  4.502729    -0.042814    0.000017    0.000034  
      4.822794  7.240401  5.880687     0.005208   -0.000033    0.000052  
      1.607598  0.026033  1.514236    -0.005232   -0.000021    0.000064  
      1.607598  3.607184  5.211698    -0.005189    0.000030    0.000050  
      4.822794  3.659250  2.183226     0.005235    0.000042    0.000049  
      1.607598  3.516876  0.371314    -0.069115   -0.000169    0.000048  
      4.822794  3.749558  7.023609     0.069117   -0.000178    0.000041  
      4.822794  7.150094  3.326147     0.069104    0.000167    0.000048  
      1.607598  0.116341  4.068776    -0.069117    0.000178    0.000061  
 
  89 f  =    4.064547 THz    25.538300 2PiTHz  135.578686 cm-1    16.809607 meV
             X         Y         Z           dx          dy          dz
      0.000000  0.000000  0.000000    -0.000002   -0.000002   -0.000020  
      3.215196  3.633217  3.697462     0.000017    0.000018   -0.000029  
      0.000000  3.633217  3.697462     0.000012   -0.000008    0.000015  
      3.215196  0.000000  0.000000     0.000002    0.000004    0.000007  
      4.822794  2.021090  6.201088     0.000016    0.003630   -0.039348  
      1.607598  5.245344  1.193835    -0.000015   -0.003621    0.039337  
      1.607598  5.654307  4.891297     0.000024    0.003626    0.039341  
      4.822794  1.612127  2.503626    -0.000023   -0.003626   -0.039343  
      1.607598  2.686230  6.461630     0.000017    0.007979    0.038172  
      4.822794  4.580204  0.933293    -0.000021   -0.007979   -0.038171  
      4.822794  6.319447  4.630755     0.000026    0.007979   -0.038173  
      1.607598  0.946987  2.764168    -0.000017   -0.007978    0.038171  
      6.064900  5.405781  4.643522     0.001989    0.010157   -0.014164  
      3.580688  5.493871  0.946060    -0.001983   -0.010154   -0.014161  
      0.365492  1.772564  6.448863    -0.001958    0.010169    0.014125  
      2.849704  1.860654  2.751401     0.001950   -0.010160    0.014119  
      0.365492  1.860654  2.751401    -0.001987   -0.010162    0.014173  
      3.580688  5.405781  4.643522    -0.001947    0.010165   -0.014123  
      6.064900  5.493871  0.946060     0.001954   -0.010171   -0.014135  
      2.849704  1.772564  6.448863     0.001979    0.010152    0.014155  
      4.822794  1.134617  0.805268     0.000012   -0.012645   -0.032871  
      1.607598  6.131817  6.589655    -0.000009    0.012647    0.032869  
      1.607598  4.767834  2.892194     0.000019   -0.012636    0.032867  
      4.822794  2.498600  4.502729    -0.000019    0.012653   -0.032874  
      4.822794  7.240401  5.880687     0.000051    0.025267   -0.050927  
      1.607598  0.026033  1.514236    -0.000032   -0.025258    0.050919  
      1.607598  3.607184  5.211698     0.000022    0.025264    0.050922  
      4.822794  3.659250  2.183226    -0.000043   -0.025261   -0.050922  
      1.607598  3.516876  0.371314     0.000013   -0.015727    0.051737  
      4.822794  3.749558  7.023609     0.000004    0.015724   -0.051734  
      4.822794  7.150094  3.326147    -0.000011   -0.015727   -0.051738  
      1.607598  0.116341  4.068776     0.000012    0.015724    0.051734  
 
  90 f  =    3.979734 THz    25.005407 2PiTHz  132.749639 cm-1    16.458850 meV
             X         Y         Z           dx          dy          dz
      0.000000  0.000000  0.000000     0.000028    0.000014    0.000046  
      3.215196  3.633217  3.697462    -0.000017   -0.000006    0.000002  
      0.000000  3.633217  3.697462     0.000037   -0.000020    0.000024  
      3.215196  0.000000  0.000000    -0.000028    0.000013    0.000049  
      4.822794  2.021090  6.201088     0.035051   -0.000007    0.000022  
      1.607598  5.245344  1.193835    -0.035056    0.000002   -0.000019  
      1.607598  5.654307  4.891297     0.035025    0.000014   -0.000021  
      4.822794  1.612127  2.503626    -0.035021    0.000021    0.000018  
      1.607598  2.686230  6.461630     0.031854   -0.000000   -0.000031  
      4.822794  4.580204  0.933293    -0.031860    0.000005    0.000014  
      4.822794  6.319447  4.630755     0.031847   -0.000017    0.000022  
      1.607598  0.946987  2.764168    -0.031840   -0.000010   -0.000018  
      6.064900  5.405781  4.643522     0.030110   -0.001779   -0.039115  
      3.580688  5.493871  0.946060    -0.030137    0.001750   -0.039139  
      0.365492  1.772564  6.448863     0.030136    0.001736   -0.039157  
      2.849704  1.860654  2.751401    -0.030106   -0.001774   -0.039121  
      0.365492  1.860654  2.751401    -0.030100    0.001780    0.039113  
      3.580688  5.405781  4.643522     0.030109    0.001768    0.039137  
      6.064900  5.493871  0.946060    -0.030131   -0.001767    0.039145  
      2.849704  1.772564  6.448863     0.030124   -0.001772    0.039127  
      4.822794  1.134617  0.805268     0.029054    0.000013    0.000019  
      1.607598  6.131817  6.589655    -0.029051    0.000005   -0.000015  
      1.607598  4.767834  2.892194     0.029026    0.000005   -0.000015  
      4.822794  2.498600  4.502729    -0.029011   -0.000005    0.000023  
      4.822794  7.240401  5.880687     0.061709   -0.000019    0.000032  
      1.607598  0.026033  1.514236    -0.061706    0.000008   -0.000022  
      1.607598  3.607184  5.211698     0.061715   -0.000015   -0.000036  
      4.822794  3.659250  2.183226    -0.061731    0.000010    0.000025  
      1.607598  3.516876  0.371314    -0.021291    0.000018   -0.000044  
      4.822794  3.749558  7.023609     0.021281   -0.000011    0.000021  
      4.822794  7.150094  3.326147    -0.021255    0.000010    0.000029  
      1.607598  0.116341  4.068776     0.021252   -0.000013   -0.000029  
 
  91 f  =    3.889817 THz    24.440439 2PiTHz  129.750318 cm-1    16.086982 meV
             X         Y         Z           dx          dy          dz
      0.000000  0.000000  0.000000     0.000012    0.000009    0.000036  
      3.215196  3.633217  3.697462    -0.000012   -0.000003    0.000016  
      0.000000  3.633217  3.697462     0.000016   -0.000008    0.000014  
      3.215196  0.000000  0.000000    -0.000015    0.000011    0.000023  
      4.822794  2.021090  6.201088     0.036478   -0.000008   -0.000003  
      1.607598  5.245344  1.193835    -0.036473   -0.000007    0.000005  
      1.607598  5.654307  4.891297    -0.036503    0.000004    0.000004  
      4.822794  1.612127  2.503626     0.036498    0.000006   -0.000004  
      1.607598  2.686230  6.461630     0.010154    0.000004    0.000003  
      4.822794  4.580204  0.933293    -0.010152    0.000002   -0.000008  
      4.822794  6.319447  4.630755    -0.010178   -0.000001   -0.000009  
      1.607598  0.946987  2.764168     0.010173   -0.000001    0.000004  
      6.064900  5.405781  4.643522    -0.031959   -0.031576    0.032655  
      3.580688  5.493871  0.946060    -0.031933   -0.031573   -0.032643  
      0.365492  1.772564  6.448863     0.031936   -0.031575   -0.032625  
      2.849704  1.860654  2.751401     0.031955   -0.031574    0.032674  
      0.365492  1.860654  2.751401     0.031955    0.031575   -0.032662  
      3.580688  5.405781  4.643522    -0.031960    0.031576   -0.032662  
      6.064900  5.493871  0.946060    -0.031933    0.031575    0.032640  
      2.849704  1.772564  6.448863     0.031938    0.031581    0.032632  
      4.822794  1.134617  0.805268     0.038068   -0.000004   -0.000001  
      1.607598  6.131817  6.589655    -0.038074   -0.000003    0.000006  
      1.607598  4.767834  2.892194    -0.038088   -0.000001    0.000006  
      4.822794  2.498600  4.502729     0.038094    0.000004   -0.000000  
      4.822794  7.240401  5.880687    -0.018753    0.000002   -0.000011  
      1.607598  0.026033  1.514236     0.018759    0.000000    0.000005  
      1.607598  3.607184  5.211698     0.018705   -0.000000    0.000001  
      4.822794  3.659250  2.183226    -0.018719   -0.000005   -0.000013  
      1.607598  3.516876  0.371314    -0.058917   -0.000003    0.000005  
      4.822794  3.749558  7.023609     0.058924    0.000000   -0.000010  
      4.822794  7.150094  3.326147     0.058933   -0.000001   -0.000009  
      1.607598  0.116341  4.068776    -0.058942    0.000002    0.000005  
 
  92 f  =    3.119593 THz    19.600978 2PiTHz  104.058408 cm-1    12.901592 meV
             X         Y         Z           dx          dy          dz
      0.000000  0.000000  0.000000     0.002679   -0.012473    0.020666  
      3.215196  3.633217  3.697462    -0.002679    0.012473    0.020666  
      0.000000  3.633217  3.697462    -0.002680   -0.012472   -0.020667  
      3.215196  0.000000  0.000000     0.002679    0.012472   -0.020669  
      4.822794  2.021090  6.201088     0.037663    0.000012    0.000004  
      1.607598  5.245344  1.193835     0.037665   -0.000012   -0.000004  
      1.607598  5.654307  4.891297    -0.037663   -0.000011    0.000002  
      4.822794  1.612127  2.503626    -0.037666    0.000012   -0.000003  
      1.607598  2.686230  6.461630     0.021249   -0.000007    0.000006  
      4.822794  4.580204  0.933293     0.021257    0.000008   -0.000004  
      4.822794  6.319447  4.630755    -0.021262    0.000007    0.000002  
      1.607598  0.946987  2.764168    -0.021247   -0.000006   -0.000005  
      6.064900  5.405781  4.643522    -0.026371   -0.009820   -0.041110  
      3.580688  5.493871  0.946060     0.026371    0.009838   -0.041105  
      0.365492  1.772564  6.448863     0.026370   -0.009847    0.041099  
      2.849704  1.860654  2.751401    -0.026376    0.009848    0.041085  
      0.365492  1.860654  2.751401    -0.026373   -0.009854   -0.041089  
      3.580688  5.405781  4.643522    -0.026368    0.009828    0.041110  
      6.064900  5.493871  0.946060     0.026372   -0.009828    0.041100  
      2.849704  1.772564  6.448863     0.026371    0.009839   -0.041094  
      4.822794  1.134617  0.805268    -0.035856    0.000007   -0.000001  
      1.607598  6.131817  6.589655    -0.035856   -0.000007    0.000000  
      1.607598  4.767834  2.892194     0.035861   -0.000009   -0.000001  
      4.822794  2.498600  4.502729     0.035851    0.000009    0.000001  
      4.822794  7.240401  5.880687     0.030208    0.000004    0.000002  
      1.607598  0.026033  1.514236     0.030222   -0.000003   -0.000005  
      1.607598  3.607184  5.211698    -0.030225   -0.000002    0.000007  
      4.822794  3.659250  2.183226    -0.030208    0.000004   -0.000004  
      1.607598  3.516876  0.371314     0.055868   -0.000008    0.000008  
      4.822794  3.749558  7.023609     0.055884    0.000005   -0.000003  
      4.822794  7.150094  3.326147    -0.055905    0.000011    0.000005  
      1.607598  0.116341  4.068776    -0.055850   -0.000010   -0.000008  
 
  93 f  =    2.950378 THz    18.537771 2PiTHz   98.414015 cm-1    12.201777 meV
             X         Y         Z           dx          dy          dz
      0.000000  0.000000  0.000000     0.000038    0.000006    0.000038  
      3.215196  3.633217  3.697462    -0.000031   -0.000014    0.000003  
      0.000000  3.633217  3.697462     0.000031   -0.000026    0.000010  
      3.215196  0.000000  0.000000    -0.000040    0.000007    0.000019  
      4.822794  2.021090  6.201088     0.003078    0.000003    0.000015  
      1.607598  5.245344  1.193835    -0.003063    0.000006    0.000008  
      1.607598  5.654307  4.891297     0.003063    0.000006   -0.000006  
      4.822794  1.612127  2.503626    -0.003080    0.000008    0.000002  
      1.607598  2.686230  6.461630     0.030140    0.000021    0.000000  
      4.822794  4.580204  0.933293    -0.030131    0.000024    0.000004  
      4.822794  6.319447  4.630755     0.030134   -0.000031   -0.000006  
      1.607598  0.946987  2.764168    -0.030141   -0.000027   -0.000013  
      6.064900  5.405781  4.643522    -0.000620   -0.041453    0.031386  
      3.580688  5.493871  0.946060     0.000622    0.041450    0.031395  
      0.365492  1.772564  6.448863    -0.000607    0.041435    0.031414  
      2.849704  1.860654  2.751401     0.000612   -0.041449    0.031402  
      0.365492  1.860654  2.751401     0.000618    0.041435   -0.031415  
      3.580688  5.405781  4.643522    -0.000624    0.041431   -0.031397  
      6.064900  5.493871  0.946060     0.000633   -0.041444   -0.031384  
      2.849704  1.772564  6.448863    -0.000620   -0.041438   -0.031405  
      4.822794  1.134617  0.805268    -0.010828    0.000011   -0.000001  
      1.607598  6.131817  6.589655     0.010817    0.000006   -0.000008  
      1.607598  4.767834  2.892194    -0.010810   -0.000017    0.000002  
      4.822794  2.498600  4.502729     0.010832   -0.000019    0.000008  
      4.822794  7.240401  5.880687     0.036604   -0.000012   -0.000005  
      1.607598  0.026033  1.514236    -0.036597   -0.000005   -0.000016  
      1.607598  3.607184  5.211698     0.036587    0.000004    0.000001  
      4.822794  3.659250  2.183226    -0.036610    0.000008    0.000006  
      1.607598  3.516876  0.371314     0.083523    0.000014   -0.000004  
      4.822794  3.749558  7.023609    -0.083502    0.000009    0.000006  
      4.822794  7.150094  3.326147     0.083502   -0.000013   -0.000010  
      1.607598  0.116341  4.068776    -0.083526   -0.000018   -0.000022  
 
  94 fi =    0.013959 THz     0.087707 2PiTHz    0.465622 cm-1     0.057730 meV
             X         Y         Z           dx          dy          dz
      0.000000  0.000000  0.000000     0.039114    0.000032    0.000077  
      3.215196  3.633217  3.697462     0.039114    0.000032   -0.000209  
      0.000000  3.633217  3.697462     0.039114   -0.000129    0.000076  
      3.215196  0.000000  0.000000     0.039114   -0.000129   -0.000210  
      4.822794  2.021090  6.201088     0.038950   -0.000049   -0.000066  
      1.607598  5.245344  1.193835     0.038950   -0.000049   -0.000067  
      1.607598  5.654307  4.891297     0.038949   -0.000049   -0.000067  
      4.822794  1.612127  2.503626     0.038949   -0.000049   -0.000066  
      1.607598  2.686230  6.461630     0.038926   -0.000050   -0.000068  
      4.822794  4.580204  0.933293     0.038927   -0.000048   -0.000065  
      4.822794  6.319447  4.630755     0.038925   -0.000049   -0.000066  
      1.607598  0.946987  2.764168     0.038926   -0.000047   -0.000067  
      6.064900  5.405781  4.643522     0.038926   -0.000032    0.000021  
      3.580688  5.493871  0.946060     0.038927   -0.000030   -0.000155  
      0.365492  1.772564  6.448863     0.038927   -0.000068    0.000021  
      2.849704  1.860654  2.751401     0.038927   -0.000065   -0.000153  
      0.365492  1.860654  2.751401     0.038927   -0.000029    0.000021  
      3.580688  5.405781  4.643522     0.038926   -0.000067   -0.000154  
      6.064900  5.493871  0.946060     0.038927   -0.000064    0.000022  
      2.849704  1.772564  6.448863     0.038928   -0.000032   -0.000154  
      4.822794  1.134617  0.805268     0.038997   -0.000049   -0.000065  
      1.607598  6.131817  6.589655     0.038996   -0.000048   -0.000068  
      1.607598  4.767834  2.892194     0.038997   -0.000049   -0.000068  
      4.822794  2.498600  4.502729     0.038998   -0.000049   -0.000066  
      4.822794  7.240401  5.880687     0.038764   -0.000050   -0.000065  
      1.607598  0.026033  1.514236     0.038765   -0.000047   -0.000068  
      1.607598  3.607184  5.211698     0.038765   -0.000050   -0.000068  
      4.822794  3.659250  2.183226     0.038765   -0.000047   -0.000065  
      1.607598  3.516876  0.371314     0.039020   -0.000049   -0.000069  
      4.822794  3.749558  7.023609     0.039022   -0.000049   -0.000064  
      4.822794  7.150094  3.326147     0.039020   -0.000049   -0.000065  
      1.607598  0.116341  4.068776     0.039019   -0.000049   -0.000069  
 
  95 fi =    0.014799 THz     0.092986 2PiTHz    0.493648 cm-1     0.061204 meV
             X         Y         Z           dx          dy          dz
      0.000000  0.000000  0.000000     0.000017    0.038883    0.000272  
      3.215196  3.633217  3.697462     0.000017    0.038883    0.000293  
      0.000000  3.633217  3.697462     0.000082    0.038883    0.000294  
      3.215196  0.000000  0.000000     0.000081    0.038883    0.000273  
      4.822794  2.021090  6.201088     0.000049    0.038956    0.000337  
      1.607598  5.245344  1.193835     0.000048    0.038956    0.000335  
      1.607598  5.654307  4.891297     0.000050    0.038956    0.000229  
      4.822794  1.612127  2.503626     0.000049    0.038957    0.000230  
      1.607598  2.686230  6.461630     0.000049    0.038938    0.000298  
      4.822794  4.580204  0.933293     0.000048    0.038939    0.000301  
      4.822794  6.319447  4.630755     0.000050    0.038937    0.000267  
      1.607598  0.946987  2.764168     0.000049    0.038939    0.000265  
      6.064900  5.405781  4.643522     0.000047    0.038915    0.000156  
      3.580688  5.493871  0.946060     0.000047    0.038920    0.000411  
      0.365492  1.772564  6.448863     0.000051    0.038918    0.000410  
      2.849704  1.860654  2.751401     0.000051    0.038918    0.000154  
      0.365492  1.860654  2.751401     0.000047    0.038919    0.000154  
      3.580688  5.405781  4.643522     0.000051    0.038917    0.000154  
      6.064900  5.493871  0.946060     0.000050    0.038918    0.000409  
      2.849704  1.772564  6.448863     0.000047    0.038916    0.000409  
      4.822794  1.134617  0.805268     0.000049    0.038887    0.000248  
      1.607598  6.131817  6.589655     0.000049    0.038891    0.000245  
      1.607598  4.767834  2.892194     0.000049    0.038888    0.000318  
      4.822794  2.498600  4.502729     0.000049    0.038892    0.000321  
      4.822794  7.240401  5.880687     0.000050    0.038867    0.000324  
      1.607598  0.026033  1.514236     0.000048    0.038869    0.000321  
      1.607598  3.607184  5.211698     0.000050    0.038867    0.000241  
      4.822794  3.659250  2.183226     0.000048    0.038869    0.000244  
      1.607598  3.516876  0.371314     0.000050    0.039076    0.000207  
      4.822794  3.749558  7.023609     0.000047    0.039074    0.000212  
      4.822794  7.150094  3.326147     0.000051    0.039077    0.000360  
      1.607598  0.116341  4.068776     0.000048    0.039075    0.000354  
 
  96 fi =    0.015594 THz     0.097982 2PiTHz    0.520168 cm-1     0.064493 meV
             X         Y         Z           dx          dy          dz
      0.000000  0.000000  0.000000     0.000076   -0.000264    0.038949  
      3.215196  3.633217  3.697462     0.000057   -0.000300    0.038948  
      0.000000  3.633217  3.697462     0.000075   -0.000300    0.038948  
      3.215196  0.000000  0.000000     0.000057   -0.000265    0.038947  
      4.822794  2.021090  6.201088     0.000066   -0.000298    0.038953  
      1.607598  5.245344  1.193835     0.000067   -0.000298    0.038956  
      1.607598  5.654307  4.891297     0.000066   -0.000268    0.038957  
      4.822794  1.612127  2.503626     0.000066   -0.000268    0.038954  
      1.607598  2.686230  6.461630     0.000066   -0.000240    0.038937  
      4.822794  4.580204  0.933293     0.000067   -0.000241    0.038933  
      4.822794  6.319447  4.630755     0.000066   -0.000325    0.038933  
      1.607598  0.946987  2.764168     0.000066   -0.000326    0.038937  
      6.064900  5.405781  4.643522     0.000071   -0.000329    0.038864  
      3.580688  5.493871  0.946060     0.000062   -0.000236    0.038862  
      0.365492  1.772564  6.448863     0.000071   -0.000234    0.038864  
      2.849704  1.860654  2.751401     0.000061   -0.000331    0.038866  
      0.365492  1.860654  2.751401     0.000071   -0.000331    0.038866  
      3.580688  5.405781  4.643522     0.000061   -0.000330    0.038865  
      6.064900  5.493871  0.946060     0.000072   -0.000236    0.038863  
      2.849704  1.772564  6.448863     0.000061   -0.000234    0.038863  
      4.822794  1.134617  0.805268     0.000066   -0.000335    0.038988  
      1.607598  6.131817  6.589655     0.000067   -0.000335    0.038992  
      1.607598  4.767834  2.892194     0.000067   -0.000230    0.038991  
      4.822794  2.498600  4.502729     0.000066   -0.000231    0.038987  
      4.822794  7.240401  5.880687     0.000065   -0.000309    0.038911  
      1.607598  0.026033  1.514236     0.000066   -0.000311    0.038916  
      1.607598  3.607184  5.211698     0.000065   -0.000253    0.038917  
      4.822794  3.659250  2.183226     0.000066   -0.000255    0.038912  
      1.607598  3.516876  0.371314     0.000067   -0.000344    0.039027  
      4.822794  3.749558  7.023609     0.000067   -0.000342    0.039020  
      4.822794  7.150094  3.326147     0.000065   -0.000226    0.039019  
      1.607598  0.116341  4.068776     0.000066   -0.000223    0.039026  
 
