 Eigenvectors and eigenvalues of the dynamical matrix
 ----------------------------------------------------
 
 
   1 f  =   18.301663 THz   114.992743 2PiTHz  610.477782 cm-1    75.689564 meV
             X         Y         Z           dx          dy          dz
      1.706152  0.000000  2.370126     0.000020   -0.000795   -0.000008  
      1.706152  2.981131  2.370126     0.000011    0.047808   -0.000010  
      1.706152  5.868218  2.370126     0.000006   -0.046869   -0.000013  
      0.000000  0.000000  0.000000    -0.000011   -0.001031    0.000009  
     -0.852930  4.424674  2.370868    -0.000013    0.000793   -0.000020  
     -0.852930  7.405806  2.370868    -0.000007   -0.047799   -0.000016  
     -0.852930  1.443543  2.370868    -0.000014    0.046865   -0.000014  
      2.559081  4.424674 -0.000742     0.000012    0.001032    0.000024  
      2.559081  1.475408 -0.000742     0.000007    0.019844    0.000008  
      2.559081  7.373941 -0.000742     0.000005   -0.020274    0.000009  
      0.000000  5.900082  0.000000    -0.000005   -0.019847    0.000003  
      0.000000  2.949267  0.000000    -0.000006    0.020277    0.000002  
      3.346702  0.000000  1.137771     0.023463    0.001244    0.045670  
      2.527823  1.531918  3.616824    -0.020720   -0.057690   -0.031549  
      2.527823  7.317431  3.616824    -0.020658    0.057489   -0.031172  
      0.884480  7.317431  1.123428     0.020656    0.057477    0.031149  
      0.884480  1.531918  1.123428     0.020703   -0.057683    0.031556  
      0.065601  0.000000  3.602481    -0.023521    0.001240   -0.045780  
      0.787621  4.424674  1.138512    -0.023511   -0.001240   -0.045772  
     -0.031258  5.956592  3.617566     0.020702    0.057700    0.031566  
     -0.031258  2.892756  3.617566     0.020656   -0.057498    0.031177  
      3.443562  2.892756  1.122686    -0.020631   -0.057503   -0.031215  
      3.443562  5.956592  1.122686    -0.020690    0.057701   -0.031592  
      2.624683  4.424674  3.601740     0.023544   -0.001240    0.045804  
 
   2 f  =   18.247432 THz   114.651999 2PiTHz  608.668830 cm-1    75.465283 meV
             X         Y         Z           dx          dy          dz
      1.706152  0.000000  2.370126     0.000011   -0.064305    0.000010  
      1.706152  2.981131  2.370126     0.000006    0.037365    0.000003  
      1.706152  5.868218  2.370126     0.000012    0.038528    0.000014  
      0.000000  0.000000  0.000000    -0.000009   -0.084276   -0.000017  
     -0.852930  4.424674  2.370868    -0.000008    0.064307    0.000003  
     -0.852930  7.405806  2.370868    -0.000012   -0.037360    0.000011  
     -0.852930  1.443543  2.370868    -0.000007   -0.038535   -0.000000  
      2.559081  4.424674 -0.000742     0.000009    0.084277   -0.000002  
      2.559081  1.475408 -0.000742     0.000000   -0.017853    0.000001  
      2.559081  7.373941 -0.000742     0.000006   -0.017353   -0.000006  
      0.000000  5.900082  0.000000    -0.000003    0.017851   -0.000007  
      0.000000  2.949267  0.000000    -0.000004    0.017355   -0.000001  
      3.346702  0.000000  1.137771    -0.000288    0.100350   -0.000550  
      2.527823  1.531918  3.616824    -0.001645   -0.008857   -0.017625  
      2.527823  7.317431  3.616824     0.002188   -0.010278    0.018372  
      0.884480  7.317431  1.123428    -0.002230   -0.010259   -0.018293  
      0.884480  1.531918  1.123428     0.001666   -0.008875    0.017641  
      0.065601  0.000000  3.602481     0.000287    0.100346    0.000545  
      0.787621  4.424674  1.138512     0.000296   -0.100354    0.000566  
     -0.031258  5.956592  3.617566     0.001652    0.008851    0.017615  
     -0.031258  2.892756  3.617566    -0.002193    0.010283   -0.018371  
      3.443562  2.892756  1.122686     0.002218    0.010287    0.018364  
      3.443562  5.956592  1.122686    -0.001662    0.008861   -0.017623  
      2.624683  4.424674  3.601740    -0.000288   -0.100352   -0.000546  
 
   3 f  =   17.319239 THz   108.819986 2PiTHz  577.707620 cm-1    71.626584 meV
             X         Y         Z           dx          dy          dz
      1.706152  0.000000  2.370126     0.061525    0.000009    0.010741  
      1.706152  2.981131  2.370126     0.051105   -0.000037    0.012516  
      1.706152  5.868218  2.370126     0.051083    0.000029    0.012497  
      0.000000  0.000000  0.000000    -0.056814    0.000018   -0.038651  
     -0.852930  4.424674  2.370868    -0.061535   -0.000014   -0.010837  
     -0.852930  7.405806  2.370868    -0.051079    0.000002   -0.012614  
     -0.852930  1.443543  2.370868    -0.051104    0.000015   -0.012601  
      2.559081  4.424674 -0.000742     0.056815   -0.000017    0.038793  
      2.559081  1.475408 -0.000742     0.019591    0.000005    0.006485  
      2.559081  7.373941 -0.000742     0.019580    0.000003    0.006492  
      0.000000  5.900082  0.000000    -0.019581    0.000008   -0.006442  
      0.000000  2.949267  0.000000    -0.019587   -0.000016   -0.006448  
      3.346702  0.000000  1.137771    -0.025192   -0.000012   -0.039631  
      2.527823  1.531918  3.616824    -0.020406    0.026380    0.053384  
      2.527823  7.317431  3.616824    -0.020385   -0.026381    0.053376  
      0.884480  7.317431  1.123428    -0.020382    0.026311    0.053278  
      0.884480  1.531918  1.123428    -0.020427   -0.026343    0.053374  
      0.065601  0.000000  3.602481    -0.025201   -0.000030   -0.039642  
      0.787621  4.424674  1.138512     0.025208    0.000038    0.039645  
     -0.031258  5.956592  3.617566     0.020418   -0.026402   -0.053444  
     -0.031258  2.892756  3.617566     0.020451    0.026407   -0.053480  
      3.443562  2.892756  1.122686     0.020397   -0.026414   -0.053468  
      3.443562  5.956592  1.122686     0.020382    0.026418   -0.053456  
      2.624683  4.424674  3.601740     0.025130    0.000032    0.039536  
 
   4 f  =   17.232297 THz   108.273714 2PiTHz  574.807551 cm-1    71.267021 meV
             X         Y         Z           dx          dy          dz
      1.706152  0.000000  2.370126    -0.002580    0.000005    0.056832  
      1.706152  2.981131  2.370126     0.000847   -0.000032    0.055864  
      1.706152  5.868218  2.370126     0.000823    0.000029    0.055853  
      0.000000  0.000000  0.000000    -0.002049    0.000014   -0.078107  
     -0.852930  4.424674  2.370868    -0.002701   -0.000009    0.056822  
     -0.852930  7.405806  2.370868     0.000755   -0.000039    0.055831  
     -0.852930  1.443543  2.370868     0.000728    0.000051    0.055832  
      2.559081  4.424674 -0.000742    -0.001942   -0.000011   -0.078038  
      2.559081  1.475408 -0.000742    -0.000239    0.000015   -0.024012  
      2.559081  7.373941 -0.000742    -0.000248   -0.000009   -0.024009  
      0.000000  5.900082  0.000000    -0.000277   -0.000002   -0.024022  
      0.000000  2.949267  0.000000    -0.000285   -0.000004   -0.024024  
      3.346702  0.000000  1.137771     0.020601    0.000005    0.039001  
      2.527823  1.531918  3.616824    -0.009357    0.026220    0.052052  
      2.527823  7.317431  3.616824    -0.009323   -0.026223    0.052035  
      0.884480  7.317431  1.123428    -0.009162    0.025911    0.051543  
      0.884480  1.531918  1.123428    -0.009208   -0.025925    0.051600  
      0.065601  0.000000  3.602481     0.020918   -0.000035    0.039457  
      0.787621  4.424674  1.138512     0.020657    0.000037    0.039086  
     -0.031258  5.956592  3.617566    -0.009296    0.026216    0.051976  
     -0.031258  2.892756  3.617566    -0.009255   -0.026208    0.051947  
      3.443562  2.892756  1.122686    -0.009155    0.025838    0.051459  
      3.443562  5.956592  1.122686    -0.009182   -0.025841    0.051472  
      2.624683  4.424674  3.601740     0.020967    0.000008    0.039538  
 
   5 f  =   17.142407 THz   107.708920 2PiTHz  571.809150 cm-1    70.895267 meV
             X         Y         Z           dx          dy          dz
      1.706152  0.000000  2.370126    -0.000002   -0.000003   -0.000223  
      1.706152  2.981131  2.370126    -0.000012   -0.010544   -0.000234  
      1.706152  5.868218  2.370126     0.000011    0.010549   -0.000223  
      0.000000  0.000000  0.000000     0.000014   -0.000016    0.000319  
     -0.852930  4.424674  2.370868     0.000012    0.000011   -0.000235  
     -0.852930  7.405806  2.370868    -0.000015   -0.010531   -0.000220  
     -0.852930  1.443543  2.370868     0.000013    0.010520   -0.000222  
      2.559081  4.424674 -0.000742     0.000010    0.000010    0.000328  
      2.559081  1.475408 -0.000742    -0.000006    0.002069    0.000098  
      2.559081  7.373941 -0.000742     0.000004   -0.002073    0.000095  
      0.000000  5.900082  0.000000    -0.000003    0.002090    0.000098  
      0.000000  2.949267  0.000000     0.000004   -0.002083    0.000100  
      3.346702  0.000000  1.137771    -0.037276   -0.000002   -0.054174  
      2.527823  1.531918  3.616824    -0.014977    0.042313    0.059792  
      2.527823  7.317431  3.616824    -0.015005   -0.042307    0.059806  
      0.884480  7.317431  1.123428     0.015054   -0.042509   -0.060187  
      0.884480  1.531918  1.123428     0.015096    0.042527   -0.060252  
      0.065601  0.000000  3.602481     0.037126    0.000024    0.053913  
      0.787621  4.424674  1.138512    -0.037319   -0.000036   -0.054253  
     -0.031258  5.956592  3.617566    -0.015030    0.042231    0.059754  
     -0.031258  2.892756  3.617566    -0.015066   -0.042242    0.059789  
      3.443562  2.892756  1.122686     0.015116   -0.042466   -0.060203  
      3.443562  5.956592  1.122686     0.015134    0.042471   -0.060214  
      2.624683  4.424674  3.601740     0.037142   -0.000024    0.053923  
 
   6 f  =   16.454341 THz   103.385675 2PiTHz  548.857744 cm-1    68.049657 meV
             X         Y         Z           dx          dy          dz
      1.706152  0.000000  2.370126     0.000001    0.000009    0.000050  
      1.706152  2.981131  2.370126     0.000020    0.006396   -0.000015  
      1.706152  5.868218  2.370126    -0.000004   -0.006411   -0.000025  
      0.000000  0.000000  0.000000     0.000023    0.000019   -0.000058  
     -0.852930  4.424674  2.370868     0.000017   -0.000006   -0.000049  
     -0.852930  7.405806  2.370868    -0.000001   -0.006075    0.000030  
     -0.852930  1.443543  2.370868    -0.000025    0.006087    0.000028  
      2.559081  4.424674 -0.000742    -0.000018   -0.000016    0.000036  
      2.559081  1.475408 -0.000742     0.000011    0.000266   -0.000018  
      2.559081  7.373941 -0.000742     0.000001   -0.000256   -0.000014  
      0.000000  5.900082  0.000000    -0.000003   -0.000405    0.000010  
      0.000000  2.949267  0.000000    -0.000012    0.000388    0.000009  
      3.346702  0.000000  1.137771     0.048289    0.000050    0.068634  
      2.527823  1.531918  3.616824     0.061430    0.020008   -0.006782  
      2.527823  7.317431  3.616824     0.061530   -0.019862   -0.007069  
      0.884480  7.317431  1.123428    -0.061622   -0.019904    0.007074  
      0.884480  1.531918  1.123428    -0.061589    0.020029    0.006875  
      0.065601  0.000000  3.602481    -0.048272    0.000035   -0.068651  
      0.787621  4.424674  1.138512    -0.048623   -0.000016   -0.068951  
     -0.031258  5.956592  3.617566    -0.061829   -0.020363    0.006667  
     -0.031258  2.892756  3.617566    -0.061903    0.020235    0.006908  
      3.443562  2.892756  1.122686     0.062063    0.020297   -0.006941  
      3.443562  5.956592  1.122686     0.061929   -0.020433   -0.006650  
      2.624683  4.424674  3.601740     0.048611   -0.000030    0.068964  
 
   7 f  =   16.379542 THz   102.915695 2PiTHz  546.362696 cm-1    67.740310 meV
             X         Y         Z           dx          dy          dz
      1.706152  0.000000  2.370126     0.000035   -0.000030    0.000010  
      1.706152  2.981131  2.370126     0.000036    0.037810    0.000009  
      1.706152  5.868218  2.370126    -0.000013   -0.037775   -0.000012  
      0.000000  0.000000  0.000000    -0.000055   -0.000042   -0.000021  
     -0.852930  4.424674  2.370868    -0.000029   -0.000036    0.000017  
     -0.852930  7.405806  2.370868    -0.000013    0.037873   -0.000017  
     -0.852930  1.443543  2.370868    -0.000064   -0.037837   -0.000022  
      2.559081  4.424674 -0.000742     0.000013   -0.000044    0.000019  
      2.559081  1.475408 -0.000742     0.000033   -0.016672   -0.000000  
      2.559081  7.373941 -0.000742     0.000010    0.016718    0.000008  
      0.000000  5.900082  0.000000     0.000014   -0.016663   -0.000003  
      0.000000  2.949267  0.000000    -0.000006    0.016709   -0.000005  
      3.346702  0.000000  1.137771    -0.045517   -0.000066   -0.043531  
      2.527823  1.531918  3.616824    -0.051653   -0.043269   -0.012787  
      2.527823  7.317431  3.616824    -0.051457    0.043157   -0.012781  
      0.884480  7.317431  1.123428     0.051429    0.043077    0.012685  
      0.884480  1.531918  1.123428     0.051478   -0.043229    0.012869  
      0.065601  0.000000  3.602481     0.045568   -0.000101    0.043666  
      0.787621  4.424674  1.138512    -0.045120   -0.000017   -0.043014  
     -0.031258  5.956592  3.617566    -0.051170   -0.043146   -0.012853  
     -0.031258  2.892756  3.617566    -0.050926    0.043108   -0.012989  
      3.443562  2.892756  1.122686     0.050870    0.042940    0.012834  
      3.443562  5.956592  1.122686     0.050991   -0.042998    0.012798  
      2.624683  4.424674  3.601740     0.045206   -0.000050    0.043127  
 
   8 f  =   16.290363 THz   102.355372 2PiTHz  543.388031 cm-1    67.371499 meV
             X         Y         Z           dx          dy          dz
      1.706152  0.000000  2.370126    -0.000003    0.023233    0.000002  
      1.706152  2.981131  2.370126     0.000016   -0.013403    0.000004  
      1.706152  5.868218  2.370126    -0.000020   -0.013494   -0.000008  
      0.000000  0.000000  0.000000     0.000004    0.026492    0.000000  
     -0.852930  4.424674  2.370868     0.000004    0.023234   -0.000002  
     -0.852930  7.405806  2.370868     0.000019   -0.013402    0.000009  
     -0.852930  1.443543  2.370868    -0.000017   -0.013495   -0.000005  
      2.559081  4.424674 -0.000742    -0.000004    0.026493    0.000001  
      2.559081  1.475408 -0.000742     0.000008   -0.018372   -0.000001  
      2.559081  7.373941 -0.000742    -0.000008   -0.018331   -0.000000  
      0.000000  5.900082  0.000000     0.000009   -0.018371    0.000000  
      0.000000  2.949267  0.000000    -0.000007   -0.018331    0.000002  
      3.346702  0.000000  1.137771    -0.000058    0.061464   -0.000055  
      2.527823  1.531918  3.616824     0.061676    0.028066   -0.006816  
      2.527823  7.317431  3.616824    -0.061835    0.028182    0.006794  
      0.884480  7.317431  1.123428     0.061872    0.028165   -0.006841  
      0.884480  1.531918  1.123428    -0.061731    0.028062    0.006856  
      0.065601  0.000000  3.602481     0.000062    0.061429    0.000059  
      0.787621  4.424674  1.138512    -0.000046    0.061454   -0.000038  
     -0.031258  5.956592  3.617566     0.061703    0.028070   -0.006827  
     -0.031258  2.892756  3.617566    -0.061819    0.028166    0.006808  
      3.443562  2.892756  1.122686     0.061868    0.028158   -0.006850  
      3.443562  5.956592  1.122686    -0.061750    0.028060    0.006870  
      2.624683  4.424674  3.601740     0.000044    0.061424    0.000036  
 
   9 f  =   16.181002 THz   101.668233 2PiTHz  539.740125 cm-1    66.919217 meV
             X         Y         Z           dx          dy          dz
      1.706152  0.000000  2.370126     0.000051    0.000028    0.000003  
      1.706152  2.981131  2.370126    -0.041585    0.000050   -0.013057  
      1.706152  5.868218  2.370126     0.041593   -0.000010    0.013124  
      0.000000  0.000000  0.000000    -0.000057   -0.000053   -0.000030  
     -0.852930  4.424674  2.370868    -0.000026   -0.000008    0.000054  
     -0.852930  7.405806  2.370868    -0.041615   -0.000011   -0.013124  
     -0.852930  1.443543  2.370868     0.041557   -0.000049    0.013108  
      2.559081  4.424674 -0.000742     0.000021    0.000047   -0.000046  
      2.559081  1.475408 -0.000742    -0.017698   -0.000027    0.002500  
      2.559081  7.373941 -0.000742     0.017742   -0.000012   -0.002499  
      0.000000  5.900082  0.000000    -0.017717   -0.000008    0.002495  
      0.000000  2.949267  0.000000     0.017736    0.000018   -0.002534  
      3.346702  0.000000  1.137771     0.000014   -0.038697    0.000057  
      2.527823  1.531918  3.616824     0.058402   -0.008389   -0.047759  
      2.527823  7.317431  3.616824    -0.058523   -0.008281    0.047754  
      0.884480  7.317431  1.123428    -0.057903    0.007464    0.046015  
      0.884480  1.531918  1.123428     0.057867    0.007415   -0.045976  
      0.065601  0.000000  3.602481    -0.000011    0.038305   -0.000003  
      0.787621  4.424674  1.138512     0.000017   -0.037920    0.000041  
     -0.031258  5.956592  3.617566     0.057726   -0.007685   -0.046203  
     -0.031258  2.892756  3.617566    -0.057993   -0.007498    0.046155  
      3.443562  2.892756  1.122686    -0.058571    0.008198    0.047692  
      3.443562  5.956592  1.122686     0.058494    0.008209   -0.047651  
      2.624683  4.424674  3.601740     0.000086    0.039080    0.000101  
 
  10 f  =   16.152491 THz   101.489096 2PiTHz  538.789117 cm-1    66.801307 meV
             X         Y         Z           dx          dy          dz
      1.706152  0.000000  2.370126     0.000031   -0.001309   -0.000023  
      1.706152  2.981131  2.370126    -0.000451   -0.002413   -0.000105  
      1.706152  5.868218  2.370126     0.000475   -0.002413    0.000157  
      0.000000  0.000000  0.000000    -0.000040    0.005234   -0.000000  
     -0.852930  4.424674  2.370868    -0.000040    0.001303    0.000040  
     -0.852930  7.405806  2.370868    -0.000475    0.002465   -0.000184  
     -0.852930  1.443543  2.370868     0.000454    0.002373    0.000153  
      2.559081  4.424674 -0.000742     0.000033   -0.005254   -0.000024  
      2.559081  1.475408 -0.000742    -0.000188    0.001242    0.000031  
      2.559081  7.373941 -0.000742     0.000199    0.001274   -0.000017  
      0.000000  5.900082  0.000000    -0.000209   -0.001262    0.000019  
      0.000000  2.949267  0.000000     0.000201   -0.001251   -0.000047  
      3.346702  0.000000  1.137771    -0.000108    0.033566   -0.000144  
      2.527823  1.531918  3.616824    -0.027826    0.033589    0.072193  
      2.527823  7.317431  3.616824     0.027586    0.033633   -0.072117  
      0.884480  7.317431  1.123428    -0.028787    0.033864    0.073160  
      0.884480  1.531918  1.123428     0.029128    0.033736   -0.073196  
      0.065601  0.000000  3.602481     0.000070    0.034493    0.000125  
      0.787621  4.424674  1.138512     0.000079   -0.034184    0.000137  
     -0.031258  5.956592  3.617566     0.028960   -0.033957   -0.073340  
     -0.031258  2.892756  3.617566    -0.028872   -0.033870    0.073229  
      3.443562  2.892756  1.122686     0.027443   -0.033753   -0.072180  
      3.443562  5.956592  1.122686    -0.027667   -0.033775    0.072292  
      2.624683  4.424674  3.601740    -0.000023   -0.033357   -0.000086  
 
  11 f  =   16.118085 THz   101.272916 2PiTHz  537.641452 cm-1    66.659014 meV
             X         Y         Z           dx          dy          dz
      1.706152  0.000000  2.370126    -0.027098    0.000002   -0.007540  
      1.706152  2.981131  2.370126     0.017908    0.000030    0.005246  
      1.706152  5.868218  2.370126     0.017987   -0.000032    0.005276  
      0.000000  0.000000  0.000000     0.027155   -0.000002    0.012413  
     -0.852930  4.424674  2.370868    -0.027126    0.000002   -0.007509  
     -0.852930  7.405806  2.370868     0.017901    0.000031    0.005229  
     -0.852930  1.443543  2.370868     0.017978   -0.000032    0.005252  
      2.559081  4.424674 -0.000742     0.027191   -0.000005    0.012396  
      2.559081  1.475408 -0.000742    -0.018821   -0.000017    0.001565  
      2.559081  7.373941 -0.000742    -0.018786    0.000016    0.001559  
      0.000000  5.900082  0.000000    -0.018821   -0.000016    0.001553  
      0.000000  2.949267  0.000000    -0.018790    0.000013    0.001549  
      3.346702  0.000000  1.137771    -0.011747    0.000026   -0.026227  
      2.527823  1.531918  3.616824     0.065012    0.041447    0.006421  
      2.527823  7.317431  3.616824     0.064931   -0.041512    0.006542  
      0.884480  7.317431  1.123428     0.065037    0.041547    0.006506  
      0.884480  1.531918  1.123428     0.065194   -0.041591    0.006455  
      0.065601  0.000000  3.602481    -0.011665    0.000099   -0.026171  
      0.787621  4.424674  1.138512    -0.011724    0.000018   -0.026215  
     -0.031258  5.956592  3.617566     0.064974    0.041412    0.006406  
     -0.031258  2.892756  3.617566     0.064904   -0.041486    0.006534  
      3.443562  2.892756  1.122686     0.064993    0.041524    0.006501  
      3.443562  5.956592  1.122686     0.065129   -0.041567    0.006464  
      2.624683  4.424674  3.601740    -0.011653    0.000106   -0.026173  
 
  12 f  =   16.112130 THz   101.235496 2PiTHz  537.442795 cm-1    66.634384 meV
             X         Y         Z           dx          dy          dz
      1.706152  0.000000  2.370126    -0.000005   -0.002709   -0.000019  
      1.706152  2.981131  2.370126    -0.000061    0.001175   -0.000005  
      1.706152  5.868218  2.370126     0.000095    0.001165    0.000035  
      0.000000  0.000000  0.000000     0.000002    0.006562    0.000011  
     -0.852930  4.424674  2.370868    -0.000035   -0.002708    0.000013  
     -0.852930  7.405806  2.370868    -0.000068    0.001182   -0.000035  
     -0.852930  1.443543  2.370868     0.000085    0.001174    0.000026  
      2.559081  4.424674 -0.000742     0.000034    0.006539   -0.000003  
      2.559081  1.475408 -0.000742    -0.000043    0.000419    0.000008  
      2.559081  7.373941 -0.000742     0.000021    0.000423    0.000002  
      0.000000  5.900082  0.000000    -0.000048    0.000412    0.000003  
      0.000000  2.949267  0.000000     0.000020    0.000419   -0.000013  
      3.346702  0.000000  1.137771    -0.000019   -0.091168   -0.000016  
      2.527823  1.531918  3.616824     0.029210    0.043661    0.030128  
      2.527823  7.317431  3.616824    -0.029115    0.043613   -0.030123  
      0.884480  7.317431  1.123428     0.029021    0.043715    0.030301  
      0.884480  1.531918  1.123428    -0.028881    0.043609   -0.030274  
      0.065601  0.000000  3.602481    -0.000014   -0.091019   -0.000026  
      0.787621  4.424674  1.138512    -0.000004   -0.091255   -0.000010  
     -0.031258  5.956592  3.617566     0.029269    0.043544    0.029897  
     -0.031258  2.892756  3.617566    -0.029245    0.043530   -0.029898  
      3.443562  2.892756  1.122686     0.029070    0.043598    0.030095  
      3.443562  5.956592  1.122686    -0.028985    0.043533   -0.030077  
      2.624683  4.424674  3.601740     0.000010   -0.091114   -0.000006  
 
  13 f  =   15.936155 THz   100.129817 2PiTHz  531.572925 cm-1    65.906613 meV
             X         Y         Z           dx          dy          dz
      1.706152  0.000000  2.370126     0.036411    0.000004   -0.058180  
      1.706152  2.981131  2.370126     0.002379    0.000006    0.035049  
      1.706152  5.868218  2.370126     0.002326   -0.000007    0.034980  
      0.000000  0.000000  0.000000    -0.036827   -0.000003    0.043620  
     -0.852930  4.424674  2.370868    -0.036377    0.000005    0.058179  
     -0.852930  7.405806  2.370868    -0.002356   -0.000021   -0.035034  
     -0.852930  1.443543  2.370868    -0.002384    0.000012   -0.034998  
      2.559081  4.424674 -0.000742     0.036792    0.000007   -0.043630  
      2.559081  1.475408 -0.000742    -0.002074   -0.000000    0.017033  
      2.559081  7.373941 -0.000742    -0.002118   -0.000006    0.017040  
      0.000000  5.900082  0.000000     0.002111   -0.000000   -0.017035  
      0.000000  2.949267  0.000000     0.002120   -0.000002   -0.017038  
      3.346702  0.000000  1.137771    -0.026006   -0.000027   -0.011142  
      2.527823  1.531918  3.616824     0.067706    0.028225   -0.008247  
      2.527823  7.317431  3.616824     0.067864   -0.028346   -0.008158  
      0.884480  7.317431  1.123428     0.067681    0.028264   -0.008170  
      0.884480  1.531918  1.123428     0.067495   -0.028248   -0.008102  
      0.065601  0.000000  3.602481    -0.026046    0.000056   -0.011176  
      0.787621  4.424674  1.138512     0.025994    0.000139    0.011103  
     -0.031258  5.956592  3.617566    -0.067799   -0.028237    0.008277  
     -0.031258  2.892756  3.617566    -0.067809    0.028332    0.008130  
      3.443562  2.892756  1.122686    -0.067726   -0.028322    0.008152  
      3.443562  5.956592  1.122686    -0.067621    0.028268    0.008158  
      2.624683  4.424674  3.601740     0.026026   -0.000048    0.011171  
 
  14 f  =   15.759273 THz    99.018431 2PiTHz  525.672757 cm-1    65.175086 meV
             X         Y         Z           dx          dy          dz
      1.706152  0.000000  2.370126     0.000043    0.000006   -0.000053  
      1.706152  2.981131  2.370126    -0.003808   -0.000003   -0.040195  
      1.706152  5.868218  2.370126     0.003821   -0.000006    0.040261  
      0.000000  0.000000  0.000000    -0.000048    0.000015    0.000031  
     -0.852930  4.424674  2.370868    -0.000043   -0.000010    0.000057  
     -0.852930  7.405806  2.370868     0.003786    0.000010    0.040186  
     -0.852930  1.443543  2.370868    -0.003803    0.000004   -0.040252  
      2.559081  4.424674 -0.000742     0.000040   -0.000010   -0.000038  
      2.559081  1.475408 -0.000742    -0.013873    0.000005    0.017223  
      2.559081  7.373941 -0.000742     0.013880    0.000007   -0.017197  
      0.000000  5.900082  0.000000     0.013866   -0.000008   -0.017224  
      0.000000  2.949267  0.000000    -0.013866   -0.000005    0.017195  
      3.346702  0.000000  1.137771    -0.000019    0.056647   -0.000005  
      2.527823  1.531918  3.616824     0.057332    0.007507   -0.030651  
      2.527823  7.317431  3.616824    -0.057251    0.007487    0.030638  
      0.884480  7.317431  1.123428    -0.057216   -0.007407    0.030722  
      0.884480  1.531918  1.123428     0.057308   -0.007451   -0.030721  
      0.065601  0.000000  3.602481    -0.000018   -0.056656   -0.000010  
      0.787621  4.424674  1.138512     0.000018   -0.056690    0.000011  
     -0.031258  5.956592  3.617566    -0.057319   -0.007513    0.030636  
     -0.031258  2.892756  3.617566     0.057198   -0.007468   -0.030625  
      3.443562  2.892756  1.122686     0.057189    0.007429   -0.030686  
      3.443562  5.956592  1.122686    -0.057277    0.007455    0.030698  
      2.624683  4.424674  3.601740     0.000023    0.056666    0.000014  
 
  15 f  =   15.287958 THz    96.057071 2PiTHz  509.951379 cm-1    63.225884 meV
             X         Y         Z           dx          dy          dz
      1.706152  0.000000  2.370126     0.000002    0.006160   -0.000001  
      1.706152  2.981131  2.370126     0.000040   -0.006731   -0.000117  
      1.706152  5.868218  2.370126    -0.000038   -0.006729    0.000119  
      0.000000  0.000000  0.000000    -0.000001   -0.000474    0.000002  
     -0.852930  4.424674  2.370868    -0.000003   -0.006159    0.000001  
     -0.852930  7.405806  2.370868    -0.000043    0.006737    0.000113  
     -0.852930  1.443543  2.370868     0.000043    0.006722   -0.000113  
      2.559081  4.424674 -0.000742     0.000002    0.000475   -0.000003  
      2.559081  1.475408 -0.000742     0.000072    0.007271    0.000162  
      2.559081  7.373941 -0.000742    -0.000071    0.007272   -0.000161  
      0.000000  5.900082  0.000000    -0.000074   -0.007274   -0.000162  
      0.000000  2.949267  0.000000     0.000072   -0.007270    0.000161  
      3.346702  0.000000  1.137771     0.000056    0.021851    0.000037  
      2.527823  1.531918  3.616824     0.072100    0.045736    0.000654  
      2.527823  7.317431  3.616824    -0.072230    0.045684   -0.000521  
      0.884480  7.317431  1.123428     0.072790    0.046554    0.001634  
      0.884480  1.531918  1.123428    -0.072668    0.046623   -0.001777  
      0.065601  0.000000  3.602481    -0.000067    0.022365   -0.000052  
      0.787621  4.424674  1.138512    -0.000064   -0.021877   -0.000049  
     -0.031258  5.956592  3.617566    -0.072083   -0.045725   -0.000649  
     -0.031258  2.892756  3.617566     0.072226   -0.045672    0.000502  
      3.443562  2.892756  1.122686    -0.072805   -0.046558   -0.001636  
      3.443562  5.956592  1.122686     0.072669   -0.046629    0.001793  
      2.624683  4.424674  3.601740     0.000075   -0.022342    0.000065  
 
  16 f  =   15.270572 THz    95.947834 2PiTHz  509.371455 cm-1    63.153983 meV
             X         Y         Z           dx          dy          dz
      1.706152  0.000000  2.370126     0.000018    0.000058   -0.000010  
      1.706152  2.981131  2.370126    -0.004151   -0.000065    0.013577  
      1.706152  5.868218  2.370126     0.004117   -0.000067   -0.013554  
      0.000000  0.000000  0.000000    -0.000014   -0.000027    0.000066  
     -0.852930  4.424674  2.370868    -0.000014   -0.000053    0.000012  
     -0.852930  7.405806  2.370868     0.004164    0.000063   -0.013560  
     -0.852930  1.443543  2.370868    -0.004134    0.000061    0.013540  
      2.559081  4.424674 -0.000742     0.000019    0.000011   -0.000060  
      2.559081  1.475408 -0.000742    -0.006866    0.000072   -0.017237  
      2.559081  7.373941 -0.000742     0.006867    0.000072    0.017278  
      0.000000  5.900082  0.000000     0.006874   -0.000067    0.017238  
      0.000000  2.949267  0.000000    -0.006877   -0.000071   -0.017277  
      3.346702  0.000000  1.137771    -0.000076    0.024571   -0.000109  
      2.527823  1.531918  3.616824     0.028046    0.045758    0.059371  
      2.527823  7.317431  3.616824    -0.027970    0.045811   -0.059449  
      0.884480  7.317431  1.123428    -0.026568   -0.044942   -0.059442  
      0.884480  1.531918  1.123428     0.026654   -0.044834    0.059320  
      0.065601  0.000000  3.602481    -0.000092   -0.024131   -0.000105  
      0.787621  4.424674  1.138512     0.000074   -0.024498    0.000091  
     -0.031258  5.956592  3.617566    -0.028048   -0.045774   -0.059397  
     -0.031258  2.892756  3.617566     0.028029   -0.045840    0.059452  
      3.443562  2.892756  1.122686     0.026579    0.044922    0.059439  
      3.443562  5.956592  1.122686    -0.026717    0.044859   -0.059320  
      2.624683  4.424674  3.601740     0.000101    0.024066    0.000128  
 
  17 f  =   15.156501 THz    95.231107 2PiTHz  505.566469 cm-1    62.682225 meV
             X         Y         Z           dx          dy          dz
      1.706152  0.000000  2.370126     0.074506    0.000012   -0.048396  
      1.706152  2.981131  2.370126    -0.018549   -0.000025   -0.005049  
      1.706152  5.868218  2.370126    -0.018522    0.000006   -0.004865  
      0.000000  0.000000  0.000000    -0.040652    0.000030   -0.007209  
     -0.852930  4.424674  2.370868     0.074621    0.000013   -0.048499  
     -0.852930  7.405806  2.370868    -0.018566   -0.000023   -0.004988  
     -0.852930  1.443543  2.370868    -0.018545    0.000003   -0.004797  
      2.559081  4.424674 -0.000742    -0.040703    0.000024   -0.006940  
      2.559081  1.475408 -0.000742     0.015429   -0.000009    0.002459  
      2.559081  7.373941 -0.000742     0.015429   -0.000007    0.002488  
      0.000000  5.900082  0.000000     0.015448   -0.000008    0.002504  
      0.000000  2.949267  0.000000     0.015458   -0.000011    0.002531  
      3.346702  0.000000  1.137771    -0.064317   -0.000571   -0.062984  
      2.527823  1.531918  3.616824    -0.018828    0.027108    0.030057  
      2.527823  7.317431  3.616824    -0.018964   -0.026677    0.029349  
      0.884480  7.317431  1.123428    -0.018742    0.026730    0.029229  
      0.884480  1.531918  1.123428    -0.018507   -0.027087    0.029822  
      0.065601  0.000000  3.602481    -0.064421    0.000604   -0.063181  
      0.787621  4.424674  1.138512    -0.064714   -0.000606   -0.063490  
     -0.031258  5.956592  3.617566    -0.018765    0.026803    0.029756  
     -0.031258  2.892756  3.617566    -0.018922   -0.026371    0.029077  
      3.443562  2.892756  1.122686    -0.018879    0.026512    0.029121  
      3.443562  5.956592  1.122686    -0.018625   -0.026874    0.029698  
      2.624683  4.424674  3.601740    -0.064674    0.000647   -0.063542  
 
  18 f  =   15.138945 THz    95.120795 2PiTHz  504.980841 cm-1    62.609617 meV
             X         Y         Z           dx          dy          dz
      1.706152  0.000000  2.370126    -0.000509    0.000080    0.000335  
      1.706152  2.981131  2.370126    -0.000462   -0.000062   -0.013405  
      1.706152  5.868218  2.370126     0.000706   -0.000057    0.013472  
      0.000000  0.000000  0.000000     0.000285    0.000130    0.000002  
     -0.852930  4.424674  2.370868    -0.000462    0.000083    0.000317  
     -0.852930  7.405806  2.370868    -0.000467   -0.000065   -0.013403  
     -0.852930  1.443543  2.370868     0.000706   -0.000060    0.013492  
      2.559081  4.424674 -0.000742     0.000250    0.000146    0.000078  
      2.559081  1.475408 -0.000742     0.000086   -0.000044   -0.002303  
      2.559081  7.373941 -0.000742    -0.000307   -0.000046    0.002256  
      0.000000  5.900082  0.000000     0.000115   -0.000036   -0.002277  
      0.000000  2.949267  0.000000    -0.000299   -0.000042    0.002256  
      3.346702  0.000000  1.137771     0.000508   -0.092003    0.000516  
      2.527823  1.531918  3.616824     0.013374    0.029923    0.049463  
      2.527823  7.317431  3.616824    -0.013106    0.030145   -0.049750  
      0.884480  7.317431  1.123428    -0.013347   -0.030016   -0.049528  
      0.884480  1.531918  1.123428     0.013653   -0.029752    0.049188  
      0.065601  0.000000  3.602481     0.000485    0.092183    0.000500  
      0.787621  4.424674  1.138512     0.000351   -0.091959    0.000320  
     -0.031258  5.956592  3.617566     0.013340    0.029785    0.049361  
     -0.031258  2.892756  3.617566    -0.013109    0.030256   -0.049832  
      3.443562  2.892756  1.122686    -0.013380   -0.030066   -0.049534  
      3.443562  5.956592  1.122686     0.013541   -0.029595    0.049093  
      2.624683  4.424674  3.601740     0.000361    0.092144    0.000326  
 
  19 f  =   15.100380 THz    94.878485 2PiTHz  503.694456 cm-1    62.450125 meV
             X         Y         Z           dx          dy          dz
      1.706152  0.000000  2.370126    -0.017051    0.000006    0.009722  
      1.706152  2.981131  2.370126     0.002851    0.000051   -0.006644  
      1.706152  5.868218  2.370126     0.002880   -0.000061   -0.006659  
      0.000000  0.000000  0.000000     0.011061    0.000020   -0.038637  
     -0.852930  4.424674  2.370868     0.016624    0.000005   -0.009441  
     -0.852930  7.405806  2.370868    -0.002752    0.000036    0.006696  
     -0.852930  1.443543  2.370868    -0.002771   -0.000044    0.006650  
      2.559081  4.424674 -0.000742    -0.010813    0.000011    0.038666  
      2.559081  1.475408 -0.000742    -0.005532   -0.000012   -0.006386  
      2.559081  7.373941 -0.000742    -0.005550    0.000006   -0.006364  
      0.000000  5.900082  0.000000     0.005436   -0.000020    0.006375  
      0.000000  2.949267  0.000000     0.005465    0.000007    0.006339  
      3.346702  0.000000  1.137771     0.055276    0.000281    0.073200  
      2.527823  1.531918  3.616824     0.011881    0.045014    0.031178  
      2.527823  7.317431  3.616824     0.011927   -0.044964    0.031096  
      0.884480  7.317431  1.123428     0.011267    0.045123    0.031699  
      0.884480  1.531918  1.123428     0.011246   -0.045104    0.031705  
      0.065601  0.000000  3.602481     0.055763   -0.000259    0.073817  
      0.787621  4.424674  1.138512    -0.055019   -0.000035   -0.073123  
     -0.031258  5.956592  3.617566    -0.011549   -0.045162   -0.031642  
     -0.031258  2.892756  3.617566    -0.011498    0.044997   -0.031345  
      3.443562  2.892756  1.122686    -0.011449   -0.045248   -0.031508  
      3.443562  5.956592  1.122686    -0.011418    0.045426   -0.031841  
      2.624683  4.424674  3.601740    -0.055234    0.000050   -0.073143  
 
  20 f  =   15.085858 THz    94.787244 2PiTHz  503.210072 cm-1    62.390069 meV
             X         Y         Z           dx          dy          dz
      1.706152  0.000000  2.370126    -0.000039    0.027722    0.000025  
      1.706152  2.981131  2.370126     0.000005   -0.022457    0.000032  
      1.706152  5.868218  2.370126     0.000012   -0.022426   -0.000039  
      0.000000  0.000000  0.000000     0.000013    0.048243    0.000006  
     -0.852930  4.424674  2.370868    -0.000047    0.027725    0.000024  
     -0.852930  7.405806  2.370868     0.000013   -0.022463    0.000030  
     -0.852930  1.443543  2.370868     0.000010   -0.022424   -0.000027  
      2.559081  4.424674 -0.000742     0.000023    0.048234    0.000001  
      2.559081  1.475408 -0.000742    -0.000004   -0.016257    0.000006  
      2.559081  7.373941 -0.000742    -0.000005   -0.016266   -0.000008  
      0.000000  5.900082  0.000000    -0.000020   -0.016258    0.000006  
      0.000000  2.949267  0.000000    -0.000003   -0.016270   -0.000010  
      3.346702  0.000000  1.137771    -0.000029    0.035657    0.000014  
      2.527823  1.531918  3.616824    -0.047119    0.033280    0.050655  
      2.527823  7.317431  3.616824     0.047154    0.033451   -0.050775  
      0.884480  7.317431  1.123428    -0.047085    0.033547    0.050986  
      0.884480  1.531918  1.123428     0.047046    0.033488   -0.050940  
      0.065601  0.000000  3.602481     0.000064    0.035113    0.000009  
      0.787621  4.424674  1.138512     0.000184    0.035604    0.000219  
     -0.031258  5.956592  3.617566    -0.047259    0.033388    0.050817  
     -0.031258  2.892756  3.617566     0.046977    0.033348   -0.050568  
      3.443562  2.892756  1.122686    -0.046902    0.033497    0.050833  
      3.443562  5.956592  1.122686     0.047262    0.033531   -0.051116  
      2.624683  4.424674  3.601740    -0.000084    0.035179   -0.000109  
 
  21 f  =   15.057557 THz    94.609421 2PiTHz  502.266038 cm-1    62.273024 meV
             X         Y         Z           dx          dy          dz
      1.706152  0.000000  2.370126    -0.000098    0.000041    0.000041  
      1.706152  2.981131  2.370126     0.000025   -0.002010   -0.000001  
      1.706152  5.868218  2.370126     0.000013    0.001948   -0.000001  
      0.000000  0.000000  0.000000     0.000080    0.000072   -0.000108  
     -0.852930  4.424674  2.370868    -0.000008    0.000067    0.000039  
     -0.852930  7.405806  2.370868     0.000004    0.002092    0.000023  
     -0.852930  1.443543  2.370868     0.000003   -0.002203   -0.000000  
      2.559081  4.424674 -0.000742    -0.000001    0.000099    0.000115  
      2.559081  1.475408 -0.000742    -0.000038    0.000897   -0.000012  
      2.559081  7.373941 -0.000742    -0.000038   -0.000986   -0.000021  
      0.000000  5.900082  0.000000     0.000018   -0.001000    0.000008  
      0.000000  2.949267  0.000000     0.000006    0.000973    0.000015  
      3.346702  0.000000  1.137771     0.052491    0.000045    0.048362  
      2.527823  1.531918  3.616824    -0.048989    0.021981    0.048709  
      2.527823  7.317431  3.616824    -0.048634   -0.022036    0.048636  
      0.884480  7.317431  1.123428     0.048831   -0.021700   -0.048412  
      0.884480  1.531918  1.123428     0.049162    0.021695   -0.048576  
      0.065601  0.000000  3.602481    -0.051992    0.000055   -0.047742  
      0.787621  4.424674  1.138512    -0.052662    0.000136   -0.048845  
     -0.031258  5.956592  3.617566     0.049332   -0.021790   -0.048920  
     -0.031258  2.892756  3.617566     0.049345    0.022064   -0.049188  
      3.443562  2.892756  1.122686    -0.049454    0.021650    0.048886  
      3.443562  5.956592  1.122686    -0.049489   -0.021387    0.048675  
      2.624683  4.424674  3.601740     0.052399    0.000017    0.048436  
 
  22 f  =   15.016829 THz    94.353517 2PiTHz  500.907483 cm-1    62.104585 meV
             X         Y         Z           dx          dy          dz
      1.706152  0.000000  2.370126    -0.000118   -0.000028    0.000061  
      1.706152  2.981131  2.370126     0.000027   -0.020021    0.000008  
      1.706152  5.868218  2.370126     0.000010    0.020078   -0.000011  
      0.000000  0.000000  0.000000     0.000099   -0.000052   -0.000067  
     -0.852930  4.424674  2.370868    -0.000048   -0.000029    0.000061  
     -0.852930  7.405806  2.370868     0.000016   -0.020005    0.000005  
     -0.852930  1.443543  2.370868     0.000009    0.020063    0.000010  
      2.559081  4.424674 -0.000742     0.000017   -0.000041    0.000073  
      2.559081  1.475408 -0.000742    -0.000038    0.006356   -0.000023  
      2.559081  7.373941 -0.000742    -0.000029   -0.006314   -0.000010  
      0.000000  5.900082  0.000000     0.000015    0.006344    0.000012  
      0.000000  2.949267  0.000000    -0.000007   -0.006299    0.000004  
      3.346702  0.000000  1.137771     0.037232   -0.000080    0.070505  
      2.527823  1.531918  3.616824    -0.053574   -0.013552    0.037985  
      2.527823  7.317431  3.616824    -0.053703    0.013480    0.038107  
      0.884480  7.317431  1.123428     0.053785    0.013578   -0.038060  
      0.884480  1.531918  1.123428     0.053678   -0.013701   -0.037899  
      0.065601  0.000000  3.602481    -0.036781   -0.000002   -0.070001  
      0.787621  4.424674  1.138512     0.036479    0.000002    0.069723  
     -0.031258  5.956592  3.617566    -0.053286   -0.013979    0.037433  
     -0.031258  2.892756  3.617566    -0.053312    0.013853    0.037546  
      3.443562  2.892756  1.122686     0.053297    0.013574   -0.037747  
      3.443562  5.956592  1.122686     0.053155   -0.013641   -0.037630  
      2.624683  4.424674  3.601740    -0.036575   -0.000093   -0.069911  
 
  23 f  =   14.850195 THz    93.306529 2PiTHz  495.349194 cm-1    61.415445 meV
             X         Y         Z           dx          dy          dz
      1.706152  0.000000  2.370126     0.000002    0.000008   -0.000004  
      1.706152  2.981131  2.370126     0.005343    0.000006    0.010681  
      1.706152  5.868218  2.370126    -0.005330   -0.000019   -0.010693  
      0.000000  0.000000  0.000000     0.000004    0.000014   -0.000055  
     -0.852930  4.424674  2.370868     0.000024    0.000008   -0.000008  
     -0.852930  7.405806  2.370868    -0.005356    0.000004   -0.010674  
     -0.852930  1.443543  2.370868     0.005332   -0.000016    0.010695  
      2.559081  4.424674 -0.000742    -0.000023    0.000020    0.000044  
      2.559081  1.475408 -0.000742    -0.016941   -0.000007   -0.004538  
      2.559081  7.373941 -0.000742     0.016934   -0.000000    0.004517  
      0.000000  5.900082  0.000000     0.016943   -0.000011    0.004541  
      0.000000  2.949267  0.000000    -0.016924   -0.000003   -0.004521  
      3.346702  0.000000  1.137771     0.000028   -0.102601    0.000038  
      2.527823  1.531918  3.616824     0.033528    0.012312   -0.015013  
      2.527823  7.317431  3.616824    -0.033449    0.012206    0.015048  
      0.884480  7.317431  1.123428    -0.033541   -0.012157    0.015135  
      0.884480  1.531918  1.123428     0.033469   -0.012284   -0.014980  
      0.065601  0.000000  3.602481     0.000086    0.102603    0.000123  
      0.787621  4.424674  1.138512    -0.000080    0.102664   -0.000118  
     -0.031258  5.956592  3.617566    -0.033506   -0.012284    0.014983  
     -0.031258  2.892756  3.617566     0.033506   -0.012214   -0.015071  
      3.443562  2.892756  1.122686     0.033451    0.012203   -0.015032  
      3.443562  5.956592  1.122686    -0.033488    0.012311    0.014973  
      2.624683  4.424674  3.601740    -0.000077   -0.102634   -0.000082  
 
  24 f  =   14.293073 THz    89.806027 2PiTHz  476.765600 cm-1    59.111374 meV
             X         Y         Z           dx          dy          dz
      1.706152  0.000000  2.370126     0.000006   -0.000001   -0.000008  
      1.706152  2.981131  2.370126    -0.007062   -0.000001   -0.007029  
      1.706152  5.868218  2.370126     0.007057    0.000001    0.007015  
      0.000000  0.000000  0.000000    -0.000011   -0.000005    0.000001  
     -0.852930  4.424674  2.370868    -0.000003    0.000002    0.000003  
     -0.852930  7.405806  2.370868    -0.007064    0.000000   -0.007036  
     -0.852930  1.443543  2.370868     0.007056   -0.000003    0.007021  
      2.559081  4.424674 -0.000742    -0.000010   -0.000008    0.000003  
      2.559081  1.475408 -0.000742    -0.005798   -0.000002   -0.019211  
      2.559081  7.373941 -0.000742     0.005800   -0.000001    0.019209  
      0.000000  5.900082  0.000000    -0.005797   -0.000003   -0.019209  
      0.000000  2.949267  0.000000     0.005797   -0.000001    0.019208  
      3.346702  0.000000  1.137771     0.000000   -0.060717   -0.000002  
      2.527823  1.531918  3.616824    -0.046485   -0.045415   -0.019679  
      2.527823  7.317431  3.616824     0.046484   -0.045419    0.019686  
      0.884480  7.317431  1.123428     0.046482    0.045429    0.019705  
      0.884480  1.531918  1.123428    -0.046485    0.045428   -0.019688  
      0.065601  0.000000  3.602481    -0.000000    0.060723   -0.000001  
      0.787621  4.424674  1.138512    -0.000002   -0.060706   -0.000009  
     -0.031258  5.956592  3.617566    -0.046486   -0.045420   -0.019686  
     -0.031258  2.892756  3.617566     0.046492   -0.045419    0.019685  
      3.443562  2.892756  1.122686     0.046484    0.045427    0.019699  
      3.443562  5.956592  1.122686    -0.046488    0.045424   -0.019683  
      2.624683  4.424674  3.601740     0.000005    0.060713    0.000002  
 
  25 f  =   13.811535 THz    86.780434 2PiTHz  460.703217 cm-1    57.119893 meV
             X         Y         Z           dx          dy          dz
      1.706152  0.000000  2.370126    -0.146729   -0.000001    0.194866  
      1.706152  2.981131  2.370126    -0.048797   -0.000002   -0.020398  
      1.706152  5.868218  2.370126    -0.048797    0.000003   -0.020393  
      0.000000  0.000000  0.000000    -0.086018    0.000001   -0.017527  
     -0.852930  4.424674  2.370868     0.146584   -0.000001   -0.194702  
     -0.852930  7.405806  2.370868     0.048826   -0.000009    0.020425  
     -0.852930  1.443543  2.370868     0.048829    0.000011    0.020423  
      2.559081  4.424674 -0.000742     0.085965   -0.000000    0.017528  
      2.559081  1.475408 -0.000742     0.001686   -0.000002    0.001923  
      2.559081  7.373941 -0.000742     0.001689    0.000002    0.001914  
      0.000000  5.900082  0.000000    -0.001682    0.000001   -0.001924  
      0.000000  2.949267  0.000000    -0.001684   -0.000002   -0.001913  
      3.346702  0.000000  1.137771     0.009924   -0.000010   -0.031070  
      2.527823  1.531918  3.616824     0.019415    0.003148    0.005909  
      2.527823  7.317431  3.616824     0.019419   -0.003162    0.005937  
      0.884480  7.317431  1.123428     0.019425    0.003164    0.005936  
      0.884480  1.531918  1.123428     0.019422   -0.003145    0.005907  
      0.065601  0.000000  3.602481     0.009910    0.000009   -0.031067  
      0.787621  4.424674  1.138512    -0.009904    0.000008    0.031030  
     -0.031258  5.956592  3.617566    -0.019430   -0.003161   -0.005914  
     -0.031258  2.892756  3.617566    -0.019432    0.003171   -0.005936  
      3.443562  2.892756  1.122686    -0.019422   -0.003155   -0.005945  
      3.443562  5.956592  1.122686    -0.019423    0.003144   -0.005919  
      2.624683  4.424674  3.601740    -0.009910   -0.000008    0.031033  
 
  26 f  =   13.532233 THz    85.025530 2PiTHz  451.386721 cm-1    55.964795 meV
             X         Y         Z           dx          dy          dz
      1.706152  0.000000  2.370126     0.153028    0.000000   -0.189887  
      1.706152  2.981131  2.370126    -0.026332   -0.000001   -0.004803  
      1.706152  5.868218  2.370126    -0.026336    0.000000   -0.004805  
      0.000000  0.000000  0.000000     0.095018    0.000004   -0.010402  
     -0.852930  4.424674  2.370868     0.153151    0.000000   -0.190055  
     -0.852930  7.405806  2.370868    -0.026297    0.000018   -0.004826  
     -0.852930  1.443543  2.370868    -0.026303   -0.000019   -0.004832  
      2.559081  4.424674 -0.000742     0.095132    0.000001   -0.010418  
      2.559081  1.475408 -0.000742    -0.006353    0.000001   -0.001722  
      2.559081  7.373941 -0.000742    -0.006354   -0.000001   -0.001723  
      0.000000  5.900082  0.000000    -0.006356   -0.000001   -0.001726  
      0.000000  2.949267  0.000000    -0.006357   -0.000000   -0.001726  
      3.346702  0.000000  1.137771    -0.004688   -0.000002    0.045452  
      2.527823  1.531918  3.616824     0.005137   -0.001276    0.002741  
      2.527823  7.317431  3.616824     0.005140    0.001278    0.002741  
      0.884480  7.317431  1.123428     0.005131   -0.001274    0.002746  
      0.884480  1.531918  1.123428     0.005132    0.001277    0.002745  
      0.065601  0.000000  3.602481    -0.004681    0.000003    0.045437  
      0.787621  4.424674  1.138512    -0.004683   -0.000001    0.045469  
     -0.031258  5.956592  3.617566     0.005122   -0.001274    0.002750  
     -0.031258  2.892756  3.617566     0.005125    0.001276    0.002749  
      3.443562  2.892756  1.122686     0.005111   -0.001281    0.002740  
      3.443562  5.956592  1.122686     0.005108    0.001279    0.002743  
      2.624683  4.424674  3.601740    -0.004703    0.000001    0.045466  
 
  27 f  =   13.010401 THz    81.746761 2PiTHz  433.980267 cm-1    53.806671 meV
             X         Y         Z           dx          dy          dz
      1.706152  0.000000  2.370126    -0.068928    0.000004   -0.004372  
      1.706152  2.981131  2.370126     0.045028    0.000001    0.097476  
      1.706152  5.868218  2.370126     0.045037   -0.000007    0.097492  
      0.000000  0.000000  0.000000     0.213267    0.000004    0.001523  
     -0.852930  4.424674  2.370868    -0.068977    0.000001   -0.004328  
     -0.852930  7.405806  2.370868     0.045060   -0.000012    0.097654  
     -0.852930  1.443543  2.370868     0.045068    0.000010    0.097659  
      2.559081  4.424674 -0.000742     0.213076    0.000008    0.001651  
      2.559081  1.475408 -0.000742     0.001806   -0.000002    0.001002  
      2.559081  7.373941 -0.000742     0.001808    0.000001    0.001005  
      0.000000  5.900082  0.000000     0.001816   -0.000000    0.000996  
      0.000000  2.949267  0.000000     0.001818    0.000001    0.001000  
      3.346702  0.000000  1.137771    -0.016262    0.000001   -0.023808  
      2.527823  1.531918  3.616824    -0.019932    0.002075   -0.009534  
      2.527823  7.317431  3.616824    -0.019924   -0.002080   -0.009537  
      0.884480  7.317431  1.123428    -0.019923    0.002079   -0.009529  
      0.884480  1.531918  1.123428    -0.019926   -0.002071   -0.009529  
      0.065601  0.000000  3.602481    -0.016251   -0.000000   -0.023798  
      0.787621  4.424674  1.138512    -0.016247   -0.000000   -0.023776  
     -0.031258  5.956592  3.617566    -0.019948    0.002071   -0.009557  
     -0.031258  2.892756  3.617566    -0.019943   -0.002080   -0.009561  
      3.443562  2.892756  1.122686    -0.019932    0.002076   -0.009546  
      3.443562  5.956592  1.122686    -0.019937   -0.002070   -0.009546  
      2.624683  4.424674  3.601740    -0.016229   -0.000001   -0.023776  
 
  28 f  =   12.965543 THz    81.464911 2PiTHz  432.483972 cm-1    53.621154 meV
             X         Y         Z           dx          dy          dz
      1.706152  0.000000  2.370126     0.021240   -0.000004   -0.016660  
      1.706152  2.981131  2.370126    -0.035032   -0.000000   -0.135364  
      1.706152  5.868218  2.370126    -0.035032    0.000008   -0.135358  
      0.000000  0.000000  0.000000     0.140784    0.000010   -0.096168  
     -0.852930  4.424674  2.370868    -0.021115   -0.000001    0.016611  
     -0.852930  7.405806  2.370868     0.034971   -0.000010    0.135244  
     -0.852930  1.443543  2.370868     0.034970    0.000012    0.135243  
      2.559081  4.424674 -0.000742    -0.141036   -0.000003    0.096160  
      2.559081  1.475408 -0.000742    -0.008245   -0.000002    0.006053  
      2.559081  7.373941 -0.000742    -0.008241    0.000003    0.006044  
      0.000000  5.900082  0.000000     0.008239    0.000001   -0.006055  
      0.000000  2.949267  0.000000     0.008239   -0.000001   -0.006046  
      3.346702  0.000000  1.137771    -0.014080   -0.000003   -0.026910  
      2.527823  1.531918  3.616824     0.014949    0.000772    0.017451  
      2.527823  7.317431  3.616824     0.014950   -0.000789    0.017473  
      0.884480  7.317431  1.123428     0.014948    0.000786    0.017481  
      0.884480  1.531918  1.123428     0.014947   -0.000771    0.017458  
      0.065601  0.000000  3.602481    -0.014070    0.000001   -0.026893  
      0.787621  4.424674  1.138512     0.014096    0.000001    0.026949  
     -0.031258  5.956592  3.617566    -0.014923   -0.000780   -0.017444  
     -0.031258  2.892756  3.617566    -0.014929    0.000793   -0.017462  
      3.443562  2.892756  1.122686    -0.014918   -0.000788   -0.017467  
      3.443562  5.956592  1.122686    -0.014915    0.000772   -0.017446  
      2.624683  4.424674  3.601740     0.014091   -0.000002    0.026945  
 
  29 f  =   12.769040 THz    80.230243 2PiTHz  425.929318 cm-1    52.808481 meV
             X         Y         Z           dx          dy          dz
      1.706152  0.000000  2.370126     0.000005   -0.012014    0.000000  
      1.706152  2.981131  2.370126    -0.000000   -0.016439   -0.000004  
      1.706152  5.868218  2.370126    -0.000001   -0.016428    0.000001  
      0.000000  0.000000  0.000000    -0.000002   -0.262981   -0.000006  
     -0.852930  4.424674  2.370868     0.000002    0.012015   -0.000000  
     -0.852930  7.405806  2.370868    -0.000002    0.016440    0.000008  
     -0.852930  1.443543  2.370868    -0.000000    0.016425    0.000001  
      2.559081  4.424674 -0.000742    -0.000005    0.262972    0.000001  
      2.559081  1.475408 -0.000742     0.000002    0.003920    0.000002  
      2.559081  7.373941 -0.000742    -0.000002    0.003926   -0.000001  
      0.000000  5.900082  0.000000    -0.000002   -0.003920   -0.000002  
      0.000000  2.949267  0.000000     0.000002   -0.003926    0.000002  
      3.346702  0.000000  1.137771    -0.000005   -0.034011    0.000006  
      2.527823  1.531918  3.616824    -0.010446    0.022044   -0.004943  
      2.527823  7.317431  3.616824     0.010428    0.022031    0.004925  
      0.884480  7.317431  1.123428    -0.010419    0.022036   -0.004920  
      0.884480  1.531918  1.123428     0.010441    0.022048    0.004937  
      0.065601  0.000000  3.602481     0.000005   -0.034016   -0.000005  
      0.787621  4.424674  1.138512     0.000006    0.034013   -0.000008  
     -0.031258  5.956592  3.617566     0.010446   -0.022043    0.004942  
     -0.031258  2.892756  3.617566    -0.010424   -0.022030   -0.004925  
      3.443562  2.892756  1.122686     0.010418   -0.022033    0.004919  
      3.443562  5.956592  1.122686    -0.010442   -0.022047   -0.004940  
      2.624683  4.424674  3.601740    -0.000006    0.034015    0.000006  
 
  30 f  =   12.759390 THz    80.169614 2PiTHz  425.607449 cm-1    52.768575 meV
             X         Y         Z           dx          dy          dz
      1.706152  0.000000  2.370126    -0.000002    0.027451    0.000001  
      1.706152  2.981131  2.370126     0.000002   -0.019120    0.000005  
      1.706152  5.868218  2.370126    -0.000003   -0.019124   -0.000004  
      0.000000  0.000000  0.000000    -0.000003    0.275792    0.000006  
     -0.852930  4.424674  2.370868     0.000003    0.027450    0.000002  
     -0.852930  7.405806  2.370868     0.000002   -0.019118    0.000001  
     -0.852930  1.443543  2.370868    -0.000004   -0.019123   -0.000013  
      2.559081  4.424674 -0.000742    -0.000006    0.275801   -0.000004  
      2.559081  1.475408 -0.000742    -0.000000    0.000536   -0.000000  
      2.559081  7.373941 -0.000742    -0.000000    0.000539    0.000001  
      0.000000  5.900082  0.000000    -0.000000    0.000537   -0.000000  
      0.000000  2.949267  0.000000     0.000001    0.000538    0.000000  
      3.346702  0.000000  1.137771    -0.000004   -0.016053   -0.000004  
      2.527823  1.531918  3.616824     0.003457   -0.018618   -0.005985  
      2.527823  7.317431  3.616824    -0.003455   -0.018622    0.005976  
      0.884480  7.317431  1.123428     0.003462   -0.018618   -0.005971  
      0.884480  1.531918  1.123428    -0.003462   -0.018612    0.005980  
      0.065601  0.000000  3.602481     0.000006   -0.016059    0.000003  
      0.787621  4.424674  1.138512    -0.000004   -0.016055   -0.000003  
     -0.031258  5.956592  3.617566     0.003458   -0.018620   -0.005984  
     -0.031258  2.892756  3.617566    -0.003454   -0.018623    0.005979  
      3.443562  2.892756  1.122686     0.003460   -0.018615   -0.005971  
      3.443562  5.956592  1.122686    -0.003462   -0.018612    0.005976  
      2.624683  4.424674  3.601740     0.000004   -0.016057    0.000004  
 
  31 f  =   12.257825 THz    77.018187 2PiTHz  408.877037 cm-1    50.694269 meV
             X         Y         Z           dx          dy          dz
      1.706152  0.000000  2.370126     0.105582    0.000007    0.023471  
      1.706152  2.981131  2.370126     0.021316   -0.000017   -0.062422  
      1.706152  5.868218  2.370126     0.021315    0.000012   -0.062398  
      0.000000  0.000000  0.000000    -0.160157    0.000004   -0.143496  
     -0.852930  4.424674  2.370868    -0.105601    0.000001   -0.023470  
     -0.852930  7.405806  2.370868    -0.021310    0.000031    0.062408  
     -0.852930  1.443543  2.370868    -0.021343   -0.000033    0.062319  
      2.559081  4.424674 -0.000742     0.160197    0.000004    0.143528  
      2.559081  1.475408 -0.000742     0.003735    0.000001   -0.006217  
      2.559081  7.373941 -0.000742     0.003729   -0.000001   -0.006216  
      0.000000  5.900082  0.000000    -0.003733    0.000007    0.006216  
      0.000000  2.949267  0.000000    -0.003736   -0.000003    0.006215  
      3.346702  0.000000  1.137771    -0.014610   -0.000005    0.031800  
      2.527823  1.531918  3.616824     0.010629   -0.011912   -0.022505  
      2.527823  7.317431  3.616824     0.010626    0.011901   -0.022522  
      0.884480  7.317431  1.123428     0.010662   -0.011932   -0.022501  
      0.884480  1.531918  1.123428     0.010651    0.011921   -0.022486  
      0.065601  0.000000  3.602481    -0.014624    0.000009    0.031757  
      0.787621  4.424674  1.138512     0.014655    0.000001   -0.031799  
     -0.031258  5.956592  3.617566    -0.010628    0.011899    0.022531  
     -0.031258  2.892756  3.617566    -0.010628   -0.011890    0.022542  
      3.443562  2.892756  1.122686    -0.010659    0.011915    0.022510  
      3.443562  5.956592  1.122686    -0.010661   -0.011927    0.022487  
      2.624683  4.424674  3.601740     0.014626   -0.000001   -0.031774  
 
  32 f  =   12.063130 THz    75.794880 2PiTHz  402.382697 cm-1    49.889074 meV
             X         Y         Z           dx          dy          dz
      1.706152  0.000000  2.370126     0.094200    0.000016    0.023696  
      1.706152  2.981131  2.370126    -0.009682    0.000080    0.122580  
      1.706152  5.868218  2.370126    -0.009648   -0.000107    0.122682  
      0.000000  0.000000  0.000000    -0.088112    0.000005   -0.148179  
     -0.852930  4.424674  2.370868     0.094157    0.000003    0.023682  
     -0.852930  7.405806  2.370868    -0.009681   -0.000076    0.122705  
     -0.852930  1.443543  2.370868    -0.009712    0.000069    0.122578  
      2.559081  4.424674 -0.000742    -0.088075   -0.000006   -0.148128  
      2.559081  1.475408 -0.000742    -0.002146    0.000010    0.007281  
      2.559081  7.373941 -0.000742    -0.002150   -0.000012    0.007280  
      0.000000  5.900082  0.000000    -0.002147   -0.000008    0.007280  
      0.000000  2.949267  0.000000    -0.002145    0.000009    0.007284  
      3.346702  0.000000  1.137771    -0.000137   -0.000003   -0.008440  
      2.527823  1.531918  3.616824     0.008535   -0.001629   -0.031363  
      2.527823  7.317431  3.616824     0.008548    0.001629   -0.031363  
      0.884480  7.317431  1.123428     0.008452   -0.001516   -0.031519  
      0.884480  1.531918  1.123428     0.008450    0.001528   -0.031509  
      0.065601  0.000000  3.602481    -0.000277    0.000008   -0.008281  
      0.787621  4.424674  1.138512    -0.000253    0.000002   -0.008307  
     -0.031258  5.956592  3.617566     0.008460   -0.001547   -0.031485  
     -0.031258  2.892756  3.617566     0.008461    0.001546   -0.031471  
      3.443562  2.892756  1.122686     0.008526   -0.001605   -0.031366  
      3.443562  5.956592  1.122686     0.008527    0.001609   -0.031381  
      2.624683  4.424674  3.601740    -0.000174   -0.000009   -0.008436  
 
  33 f  =   12.005254 THz    75.431237 2PiTHz  400.452177 cm-1    49.649720 meV
             X         Y         Z           dx          dy          dz
      1.706152  0.000000  2.370126    -0.000021   -0.000007   -0.000002  
      1.706152  2.981131  2.370126     0.095750    0.000033    0.167426  
      1.706152  5.868218  2.370126    -0.095751   -0.000020   -0.167412  
      0.000000  0.000000  0.000000     0.000021   -0.000005    0.000018  
     -0.852930  4.424674  2.370868     0.000003   -0.000000    0.000004  
     -0.852930  7.405806  2.370868     0.095741   -0.000025    0.167351  
     -0.852930  1.443543  2.370868    -0.095722    0.000029   -0.167356  
      2.559081  4.424674 -0.000742    -0.000010   -0.000008   -0.000008  
      2.559081  1.475408 -0.000742     0.005845    0.000004    0.002516  
      2.559081  7.373941 -0.000742    -0.005842   -0.000004   -0.002516  
      0.000000  5.900082  0.000000     0.005846   -0.000006    0.002516  
      0.000000  2.949267  0.000000    -0.005845    0.000004   -0.002518  
      3.346702  0.000000  1.137771     0.000016   -0.024110   -0.000030  
      2.527823  1.531918  3.616824     0.003607    0.006727   -0.018395  
      2.527823  7.317431  3.616824    -0.003584    0.006751    0.018451  
      0.884480  7.317431  1.123428    -0.003618   -0.006713    0.018404  
      0.884480  1.531918  1.123428     0.003580   -0.006756   -0.018445  
      0.065601  0.000000  3.602481    -0.000024    0.024111    0.000025  
      0.787621  4.424674  1.138512    -0.000026   -0.024114    0.000030  
     -0.031258  5.956592  3.617566     0.003579    0.006755   -0.018446  
     -0.031258  2.892756  3.617566    -0.003609    0.006720    0.018389  
      3.443562  2.892756  1.122686    -0.003581   -0.006753    0.018441  
      3.443562  5.956592  1.122686     0.003611   -0.006721   -0.018393  
      2.624683  4.424674  3.601740     0.000018    0.024117   -0.000024  
 
  34 f  =   11.984852 THz    75.303048 2PiTHz  399.771640 cm-1    49.565344 meV
             X         Y         Z           dx          dy          dz
      1.706152  0.000000  2.370126     0.000083   -0.000023    0.000038  
      1.706152  2.981131  2.370126     0.000060   -0.059529    0.000364  
      1.706152  5.868218  2.370126    -0.000095    0.059576    0.000015  
      0.000000  0.000000  0.000000    -0.000043    0.000068   -0.000168  
     -0.852930  4.424674  2.370868     0.000138   -0.000003    0.000057  
     -0.852930  7.405806  2.370868     0.000016    0.059601    0.000114  
     -0.852930  1.443543  2.370868    -0.000032   -0.059613    0.000139  
      2.559081  4.424674 -0.000742    -0.000162   -0.000068   -0.000235  
      2.559081  1.475408 -0.000742    -0.000005   -0.008145    0.000014  
      2.559081  7.373941 -0.000742    -0.000001    0.008148    0.000013  
      0.000000  5.900082  0.000000    -0.000001    0.008145    0.000010  
      0.000000  2.949267  0.000000    -0.000007   -0.008150    0.000003  
      3.346702  0.000000  1.137771    -0.041411   -0.000011    0.055673  
      2.527823  1.531918  3.616824    -0.029869    0.033137   -0.050284  
      2.527823  7.317431  3.616824    -0.029887   -0.033111   -0.050249  
      0.884480  7.317431  1.123428     0.029893   -0.033095    0.050216  
      0.884480  1.531918  1.123428     0.029904    0.033116    0.050170  
      0.065601  0.000000  3.602481     0.041433   -0.000002   -0.055719  
      0.787621  4.424674  1.138512     0.041463   -0.000016   -0.055705  
     -0.031258  5.956592  3.617566     0.029907   -0.033145    0.050190  
     -0.031258  2.892756  3.617566     0.029911    0.033142    0.050212  
      3.443562  2.892756  1.122686    -0.029900    0.033110   -0.050297  
      3.443562  5.956592  1.122686    -0.029892   -0.033134   -0.050286  
      2.624683  4.424674  3.601740    -0.041454    0.000026    0.055691  
 
  35 f  =   11.892615 THz    74.723501 2PiTHz  396.694922 cm-1    49.183880 meV
             X         Y         Z           dx          dy          dz
      1.706152  0.000000  2.370126     0.000040   -0.000012   -0.000011  
      1.706152  2.981131  2.370126     0.060855   -0.000048    0.185067  
      1.706152  5.868218  2.370126    -0.060887    0.000071   -0.185025  
      0.000000  0.000000  0.000000    -0.000066   -0.000004   -0.000059  
     -0.852930  4.424674  2.370868     0.000012   -0.000003    0.000019  
     -0.852930  7.405806  2.370868    -0.060886   -0.000110   -0.185053  
     -0.852930  1.443543  2.370868     0.060913    0.000114    0.185163  
      2.559081  4.424674 -0.000742     0.000018    0.000007   -0.000033  
      2.559081  1.475408 -0.000742    -0.003402    0.000007   -0.001643  
      2.559081  7.373941 -0.000742     0.003400   -0.000005    0.001640  
      0.000000  5.900082  0.000000     0.003397   -0.000002    0.001648  
      0.000000  2.949267  0.000000    -0.003399    0.000003   -0.001635  
      3.346702  0.000000  1.137771    -0.000019    0.021196    0.000007  
      2.527823  1.531918  3.616824     0.002601    0.004944   -0.019356  
      2.527823  7.317431  3.616824    -0.002628    0.004903    0.019309  
      0.884480  7.317431  1.123428    -0.002589   -0.004964    0.019344  
      0.884480  1.531918  1.123428     0.002627   -0.004909   -0.019335  
      0.065601  0.000000  3.602481     0.000025   -0.021199    0.000005  
      0.787621  4.424674  1.138512    -0.000069   -0.021188    0.000044  
     -0.031258  5.956592  3.617566    -0.002652   -0.004872    0.019269  
     -0.031258  2.892756  3.617566     0.002569   -0.004984   -0.019416  
      3.443562  2.892756  1.122686     0.002658    0.004875   -0.019286  
      3.443562  5.956592  1.122686    -0.002568    0.004984    0.019396  
      2.624683  4.424674  3.601740     0.000069    0.021194   -0.000067  
 
  36 f  =   11.822939 THz    74.285719 2PiTHz  394.370805 cm-1    48.895726 meV
             X         Y         Z           dx          dy          dz
      1.706152  0.000000  2.370126     0.000040   -0.000023   -0.000006  
      1.706152  2.981131  2.370126    -0.000073   -0.093390   -0.000157  
      1.706152  5.868218  2.370126     0.000040    0.093426    0.000193  
      0.000000  0.000000  0.000000    -0.000058   -0.000004   -0.000048  
     -0.852930  4.424674  2.370868     0.000028   -0.000004    0.000005  
     -0.852930  7.405806  2.370868     0.000061   -0.093342    0.000191  
     -0.852930  1.443543  2.370868    -0.000066    0.093349   -0.000144  
      2.559081  4.424674 -0.000742     0.000003   -0.000003   -0.000026  
      2.559081  1.475408 -0.000742    -0.000002    0.001883    0.000002  
      2.559081  7.373941 -0.000742    -0.000004   -0.001881   -0.000001  
      0.000000  5.900082  0.000000    -0.000004    0.001879    0.000003  
      0.000000  2.949267  0.000000     0.000003   -0.001883    0.000002  
      3.346702  0.000000  1.137771    -0.049482   -0.000021    0.030228  
      2.527823  1.531918  3.616824    -0.030546    0.041916   -0.042311  
      2.527823  7.317431  3.616824    -0.030548   -0.041928   -0.042353  
      0.884480  7.317431  1.123428     0.030553   -0.041922    0.042306  
      0.884480  1.531918  1.123428     0.030554    0.041936    0.042337  
      0.065601  0.000000  3.602481     0.049514    0.000022   -0.030224  
      0.787621  4.424674  1.138512    -0.049493    0.000027    0.030194  
     -0.031258  5.956592  3.617566    -0.030529    0.041914   -0.042330  
     -0.031258  2.892756  3.617566    -0.030535   -0.041906   -0.042293  
      3.443562  2.892756  1.122686     0.030532   -0.041917    0.042314  
      3.443562  5.956592  1.122686     0.030538    0.041907    0.042274  
      2.624683  4.424674  3.601740     0.049498   -0.000015   -0.030196  
 
  37 f  =   11.193317 THz    70.329688 2PiTHz  373.368882 cm-1    46.291821 meV
             X         Y         Z           dx          dy          dz
      1.706152  0.000000  2.370126    -0.004893   -0.000034   -0.131506  
      1.706152  2.981131  2.370126    -0.096099    0.000023   -0.050320  
      1.706152  5.868218  2.370126    -0.096083    0.000039   -0.050263  
      0.000000  0.000000  0.000000    -0.140600    0.000001    0.085831  
     -0.852930  4.424674  2.370868     0.004887   -0.000008    0.131491  
     -0.852930  7.405806  2.370868     0.096129    0.000024    0.050342  
     -0.852930  1.443543  2.370868     0.096097   -0.000010    0.050299  
      2.559081  4.424674 -0.000742     0.140571    0.000004   -0.085829  
      2.559081  1.475408 -0.000742    -0.005164    0.000001   -0.002236  
      2.559081  7.373941 -0.000742    -0.005164    0.000002   -0.002231  
      0.000000  5.900082  0.000000     0.005162   -0.000004    0.002238  
      0.000000  2.949267  0.000000     0.005168    0.000002    0.002230  
      3.346702  0.000000  1.137771     0.020258   -0.000001   -0.009573  
      2.527823  1.531918  3.616824    -0.003082   -0.014884    0.028924  
      2.527823  7.317431  3.616824    -0.003090    0.014876    0.028899  
      0.884480  7.317431  1.123428    -0.003083   -0.014883    0.028916  
      0.884480  1.531918  1.123428    -0.003096    0.014864    0.028907  
      0.065601  0.000000  3.602481     0.020257   -0.000000   -0.009576  
      0.787621  4.424674  1.138512    -0.020261    0.000006    0.009572  
     -0.031258  5.956592  3.617566     0.003095    0.014870   -0.028912  
     -0.031258  2.892756  3.617566     0.003085   -0.014880   -0.028911  
      3.443562  2.892756  1.122686     0.003085    0.014885   -0.028917  
      3.443562  5.956592  1.122686     0.003087   -0.014887   -0.028936  
      2.624683  4.424674  3.601740    -0.020278    0.000006    0.009598  
 
  38 f  =   10.886814 THz    68.403871 2PiTHz  363.145031 cm-1    45.024225 meV
             X         Y         Z           dx          dy          dz
      1.706152  0.000000  2.370126     0.032828    0.000052   -0.003103  
      1.706152  2.981131  2.370126     0.087829   -0.000276    0.011887  
      1.706152  5.868218  2.370126     0.087823    0.000140    0.011855  
      0.000000  0.000000  0.000000    -0.039816    0.000011   -0.039572  
     -0.852930  4.424674  2.370868    -0.032986    0.000029    0.002822  
     -0.852930  7.405806  2.370868    -0.087469   -0.000337   -0.011639  
     -0.852930  1.443543  2.370868    -0.087469    0.000283   -0.011633  
      2.559081  4.424674 -0.000742     0.039382   -0.000018    0.040102  
      2.559081  1.475408 -0.000742    -0.021870   -0.000012    0.013084  
      2.559081  7.373941 -0.000742    -0.021868    0.000003    0.013081  
      0.000000  5.900082  0.000000     0.021891   -0.000003   -0.013111  
      0.000000  2.949267  0.000000     0.021892   -0.000003   -0.013108  
      3.346702  0.000000  1.137771     0.071990   -0.000006   -0.044802  
      2.527823  1.531918  3.616824    -0.000555   -0.013278    0.001617  
      2.527823  7.317431  3.616824    -0.000506    0.013340    0.001698  
      0.884480  7.317431  1.123428    -0.000592   -0.013170    0.001586  
      0.884480  1.531918  1.123428    -0.000546    0.013249    0.001669  
      0.065601  0.000000  3.602481     0.071983   -0.000008   -0.044691  
      0.787621  4.424674  1.138512    -0.072100   -0.000014    0.044841  
     -0.031258  5.956592  3.617566     0.000550    0.013277   -0.001709  
     -0.031258  2.892756  3.617566     0.000559   -0.013255   -0.001656  
      3.443562  2.892756  1.122686     0.000510    0.013391   -0.001740  
      3.443562  5.956592  1.122686     0.000532   -0.013364   -0.001690  
      2.624683  4.424674  3.601740    -0.072170   -0.000016    0.044980  
 
  39 f  =   10.876233 THz    68.337389 2PiTHz  362.792088 cm-1    44.980466 meV
             X         Y         Z           dx          dy          dz
      1.706152  0.000000  2.370126    -0.000057    0.000033   -0.000044  
      1.706152  2.981131  2.370126    -0.000096   -0.173573    0.000005  
      1.706152  5.868218  2.370126    -0.000094    0.173503    0.000001  
      0.000000  0.000000  0.000000     0.000029    0.000001    0.000117  
     -0.852930  4.424674  2.370868     0.000032    0.000021   -0.000039  
     -0.852930  7.405806  2.370868     0.000149   -0.173644    0.000034  
     -0.852930  1.443543  2.370868     0.000156    0.173597    0.000035  
      2.559081  4.424674 -0.000742    -0.000089    0.000005   -0.000004  
      2.559081  1.475408 -0.000742     0.000035    0.000562   -0.000025  
      2.559081  7.373941 -0.000742     0.000034   -0.000567   -0.000025  
      0.000000  5.900082  0.000000    -0.000033    0.000571    0.000018  
      0.000000  2.949267  0.000000    -0.000033   -0.000574    0.000018  
      3.346702  0.000000  1.137771     0.019630   -0.000002   -0.038330  
      2.527823  1.531918  3.616824     0.008326   -0.032773    0.008270  
      2.527823  7.317431  3.616824     0.008341    0.032796    0.008302  
      0.884480  7.317431  1.123428    -0.008345    0.032840   -0.008313  
      0.884480  1.531918  1.123428    -0.008333   -0.032825   -0.008282  
      0.065601  0.000000  3.602481    -0.019856   -0.000003    0.038493  
      0.787621  4.424674  1.138512     0.019855   -0.000005   -0.038477  
     -0.031258  5.956592  3.617566     0.008333   -0.032829    0.008288  
     -0.031258  2.892756  3.617566     0.008350    0.032854    0.008319  
      3.443562  2.892756  1.122686    -0.008348    0.032812   -0.008309  
      3.443562  5.956592  1.122686    -0.008332   -0.032791   -0.008278  
      2.624683  4.424674  3.601740    -0.019649   -0.000004    0.038356  
 
  40 f  =   10.777765 THz    67.718697 2PiTHz  359.507556 cm-1    44.573236 meV
             X         Y         Z           dx          dy          dz
      1.706152  0.000000  2.370126    -0.036123   -0.000056   -0.088048  
      1.706152  2.981131  2.370126     0.093553    0.000061    0.070845  
      1.706152  5.868218  2.370126     0.093554    0.000077    0.070862  
      0.000000  0.000000  0.000000    -0.119357    0.000004    0.137952  
     -0.852930  4.424674  2.370868    -0.036023   -0.000074   -0.088093  
     -0.852930  7.405806  2.370868     0.093879    0.000198    0.070881  
     -0.852930  1.443543  2.370868     0.093884   -0.000034    0.070896  
      2.559081  4.424674 -0.000742    -0.119513    0.000009    0.137841  
      2.559081  1.475408 -0.000742     0.003656    0.000013   -0.006848  
      2.559081  7.373941 -0.000742     0.003652   -0.000004   -0.006847  
      0.000000  5.900082  0.000000     0.003569    0.000006   -0.006794  
      0.000000  2.949267  0.000000     0.003568    0.000006   -0.006793  
      3.346702  0.000000  1.137771    -0.022223    0.000018    0.032155  
      2.527823  1.531918  3.616824    -0.003931    0.011720   -0.011360  
      2.527823  7.317431  3.616824    -0.003976   -0.011787   -0.011467  
      0.884480  7.317431  1.123428    -0.003908    0.011688   -0.011338  
      0.884480  1.531918  1.123428    -0.003962   -0.011770   -0.011446  
      0.065601  0.000000  3.602481    -0.022260    0.000020    0.032124  
      0.787621  4.424674  1.138512    -0.021970    0.000014    0.031967  
     -0.031258  5.956592  3.617566    -0.003937    0.011665   -0.011331  
     -0.031258  2.892756  3.617566    -0.003981   -0.011734   -0.011439  
      3.443562  2.892756  1.122686    -0.003924    0.011635   -0.011329  
      3.443562  5.956592  1.122686    -0.003970   -0.011702   -0.011435  
      2.624683  4.424674  3.601740    -0.021949    0.000019    0.031936  
 
  41 f  =   10.722970 THz    67.374404 2PiTHz  357.679762 cm-1    44.346619 meV
             X         Y         Z           dx          dy          dz
      1.706152  0.000000  2.370126     0.000046   -0.089199    0.000093  
      1.706152  2.981131  2.370126    -0.000012    0.094201   -0.000056  
      1.706152  5.868218  2.370126    -0.000026    0.094412   -0.000022  
      0.000000  0.000000  0.000000     0.000107    0.011231   -0.000179  
     -0.852930  4.424674  2.370868     0.000020   -0.089039    0.000061  
     -0.852930  7.405806  2.370868    -0.000122    0.094147   -0.000082  
     -0.852930  1.443543  2.370868    -0.000175    0.094127   -0.000082  
      2.559081  4.424674 -0.000742     0.000103    0.011256   -0.000100  
      2.559081  1.475408 -0.000742    -0.000021    0.004909    0.000016  
      2.559081  7.373941 -0.000742    -0.000008    0.004907    0.000015  
      0.000000  5.900082  0.000000     0.000004    0.004886    0.000002  
      0.000000  2.949267  0.000000     0.000011    0.004904   -0.000004  
      3.346702  0.000000  1.137771     0.000077    0.019414   -0.000063  
      2.527823  1.531918  3.616824     0.024555   -0.036424    0.056527  
      2.527823  7.317431  3.616824    -0.024539   -0.036365   -0.056497  
      0.884480  7.317431  1.123428     0.024534   -0.036381    0.056504  
      0.884480  1.531918  1.123428    -0.024547   -0.036385   -0.056508  
      0.065601  0.000000  3.602481     0.000045    0.019419   -0.000042  
      0.787621  4.424674  1.138512    -0.000015    0.019452   -0.000011  
     -0.031258  5.956592  3.617566     0.024528   -0.036364    0.056489  
     -0.031258  2.892756  3.617566    -0.024514   -0.036352   -0.056466  
      3.443562  2.892756  1.122686     0.024524   -0.036365    0.056486  
      3.443562  5.956592  1.122686    -0.024524   -0.036375   -0.056478  
      2.624683  4.424674  3.601740    -0.000019    0.019446    0.000009  
 
  42 f  =   10.539051 THz    66.218810 2PiTHz  351.544899 cm-1    43.585993 meV
             X         Y         Z           dx          dy          dz
      1.706152  0.000000  2.370126    -0.000003    0.118413    0.000002  
      1.706152  2.981131  2.370126    -0.000031   -0.143432   -0.000007  
      1.706152  5.868218  2.370126    -0.000030   -0.144051   -0.000035  
      0.000000  0.000000  0.000000     0.000006    0.030640    0.000024  
     -0.852930  4.424674  2.370868     0.000007   -0.118500    0.000023  
     -0.852930  7.405806  2.370868     0.000005    0.143532   -0.000001  
     -0.852930  1.443543  2.370868     0.000033    0.144153   -0.000004  
      2.559081  4.424674 -0.000742     0.000013   -0.030631   -0.000014  
      2.559081  1.475408 -0.000742     0.000003   -0.007671   -0.000006  
      2.559081  7.373941 -0.000742     0.000005   -0.007638   -0.000002  
      0.000000  5.900082  0.000000     0.000001    0.007678    0.000002  
      0.000000  2.949267  0.000000    -0.000006    0.007643    0.000002  
      3.346702  0.000000  1.137771    -0.000080    0.025136    0.000044  
      2.527823  1.531918  3.616824    -0.021872    0.027648   -0.027642  
      2.527823  7.317431  3.616824     0.021862    0.027577    0.027630  
      0.884480  7.317431  1.123428    -0.021866    0.027597   -0.027625  
      0.884480  1.531918  1.123428     0.021878    0.027648    0.027643  
      0.065601  0.000000  3.602481     0.000049    0.025128   -0.000021  
      0.787621  4.424674  1.138512     0.000062   -0.025112   -0.000030  
     -0.031258  5.956592  3.617566     0.021899   -0.027685    0.027708  
     -0.031258  2.892756  3.617566    -0.021891   -0.027634   -0.027708  
      3.443562  2.892756  1.122686     0.021896   -0.027637    0.027699  
      3.443562  5.956592  1.122686    -0.021906   -0.027688   -0.027709  
      2.624683  4.424674  3.601740    -0.000049   -0.025106    0.000021  
 
  43 f  =   10.453204 THz    65.679417 2PiTHz  348.681348 cm-1    43.230958 meV
             X         Y         Z           dx          dy          dz
      1.706152  0.000000  2.370126    -0.000009   -0.000313   -0.000078  
      1.706152  2.981131  2.370126     0.000002    0.187260    0.000036  
      1.706152  5.868218  2.370126    -0.000001   -0.186617    0.000017  
      0.000000  0.000000  0.000000    -0.000051    0.000008    0.000068  
     -0.852930  4.424674  2.370868    -0.000004    0.000214   -0.000050  
     -0.852930  7.405806  2.370868     0.000061   -0.187112    0.000033  
     -0.852930  1.443543  2.370868     0.000062    0.186638    0.000031  
      2.559081  4.424674 -0.000742    -0.000048    0.000011    0.000053  
      2.559081  1.475408 -0.000742     0.000002   -0.012321   -0.000010  
      2.559081  7.373941 -0.000742     0.000005    0.012355   -0.000011  
      0.000000  5.900082  0.000000    -0.000009    0.012325    0.000001  
      0.000000  2.949267  0.000000    -0.000008   -0.012359    0.000002  
      3.346702  0.000000  1.137771    -0.025307   -0.000040    0.011146  
      2.527823  1.531918  3.616824    -0.005728    0.017692   -0.003282  
      2.527823  7.317431  3.616824    -0.005780   -0.017749   -0.003363  
      0.884480  7.317431  1.123428     0.005768   -0.017725    0.003369  
      0.884480  1.531918  1.123428     0.005725    0.017690    0.003289  
      0.065601  0.000000  3.602481     0.025321   -0.000041   -0.011121  
      0.787621  4.424674  1.138512     0.025347    0.000052   -0.011131  
     -0.031258  5.956592  3.617566     0.005718   -0.017691    0.003302  
     -0.031258  2.892756  3.617566     0.005746    0.017711    0.003325  
      3.443562  2.892756  1.122686    -0.005751    0.017684   -0.003313  
      3.443562  5.956592  1.122686    -0.005724   -0.017668   -0.003291  
      2.624683  4.424674  3.601740    -0.025280    0.000050    0.011088  
 
  44 f  =   10.158115 THz    63.825322 2PiTHz  338.838260 cm-1    42.010571 meV
             X         Y         Z           dx          dy          dz
      1.706152  0.000000  2.370126     0.000002   -0.124657   -0.000012  
      1.706152  2.981131  2.370126    -0.000006    0.061896    0.000015  
      1.706152  5.868218  2.370126     0.000004    0.062101    0.000016  
      0.000000  0.000000  0.000000    -0.000006    0.074496    0.000021  
     -0.852930  4.424674  2.370868    -0.000001    0.124932   -0.000022  
     -0.852930  7.405806  2.370868    -0.000014   -0.062064    0.000009  
     -0.852930  1.443543  2.370868     0.000033   -0.062260    0.000005  
      2.559081  4.424674 -0.000742    -0.000016   -0.074565    0.000015  
      2.559081  1.475408 -0.000742     0.000008    0.005044   -0.000002  
      2.559081  7.373941 -0.000742    -0.000007    0.005031   -0.000004  
      0.000000  5.900082  0.000000    -0.000003   -0.005026   -0.000002  
      0.000000  2.949267  0.000000    -0.000004   -0.005020    0.000006  
      3.346702  0.000000  1.137771     0.000039   -0.009873   -0.000030  
      2.527823  1.531918  3.616824    -0.031088    0.052729   -0.034892  
      2.527823  7.317431  3.616824     0.031100    0.052777    0.034914  
      0.884480  7.317431  1.123428    -0.031077    0.052726   -0.034889  
      0.884480  1.531918  1.123428     0.031085    0.052719    0.034892  
      0.065601  0.000000  3.602481    -0.000040   -0.009877    0.000028  
      0.787621  4.424674  1.138512    -0.000011    0.009874    0.000003  
     -0.031258  5.956592  3.617566     0.031105   -0.052772    0.034940  
     -0.031258  2.892756  3.617566    -0.031118   -0.052794   -0.034936  
      3.443562  2.892756  1.122686     0.031104   -0.052782    0.034932  
      3.443562  5.956592  1.122686    -0.031108   -0.052753   -0.034923  
      2.624683  4.424674  3.601740     0.000048    0.009879   -0.000039  
 
  45 f  =    9.975922 THz    62.680565 2PiTHz  332.760933 cm-1    41.257079 meV
             X         Y         Z           dx          dy          dz
      1.706152  0.000000  2.370126     0.000016    0.184932    0.000274  
      1.706152  2.981131  2.370126    -0.000007   -0.101927   -0.000128  
      1.706152  5.868218  2.370126    -0.000055   -0.101948   -0.000134  
      0.000000  0.000000  0.000000     0.000114   -0.048375   -0.000095  
     -0.852930  4.424674  2.370868     0.000027    0.184757    0.000293  
     -0.852930  7.405806  2.370868    -0.000000   -0.101883   -0.000127  
     -0.852930  1.443543  2.370868    -0.000061   -0.101833   -0.000113  
      2.559081  4.424674 -0.000742     0.000123   -0.048268   -0.000100  
      2.559081  1.475408 -0.000742     0.000012    0.010238    0.000003  
      2.559081  7.373941 -0.000742     0.000033    0.010249   -0.000002  
      0.000000  5.900082  0.000000     0.000018    0.010242   -0.000000  
      0.000000  2.949267  0.000000     0.000029    0.010251   -0.000007  
      3.346702  0.000000  1.137771    -0.000201    0.002004    0.000179  
      2.527823  1.531918  3.616824     0.016921   -0.028703    0.031085  
      2.527823  7.317431  3.616824    -0.016909   -0.028854   -0.031234  
      0.884480  7.317431  1.123428     0.016903   -0.028671    0.031076  
      0.884480  1.531918  1.123428    -0.016906   -0.028817   -0.031225  
      0.065601  0.000000  3.602481    -0.000144    0.002000    0.000132  
      0.787621  4.424674  1.138512    -0.000180    0.001992    0.000166  
     -0.031258  5.956592  3.617566     0.016877   -0.028616    0.031021  
     -0.031258  2.892756  3.617566    -0.016848   -0.028742   -0.031173  
      3.443562  2.892756  1.122686     0.016875   -0.028624    0.031023  
      3.443562  5.956592  1.122686    -0.016860   -0.028757   -0.031172  
      2.624683  4.424674  3.601740    -0.000198    0.001984    0.000172  
 
  46 f  =    9.935870 THz    62.428910 2PiTHz  331.424938 cm-1    41.091437 meV
             X         Y         Z           dx          dy          dz
      1.706152  0.000000  2.370126    -0.007373    0.000517   -0.106231  
      1.706152  2.981131  2.370126     0.007879   -0.000341    0.042896  
      1.706152  5.868218  2.370126     0.007871   -0.000238    0.042885  
      0.000000  0.000000  0.000000    -0.040726   -0.000137    0.032805  
     -0.852930  4.424674  2.370868    -0.007358    0.000460   -0.106203  
     -0.852930  7.405806  2.370868     0.007813   -0.000174    0.042897  
     -0.852930  1.443543  2.370868     0.007784   -0.000310    0.042885  
      2.559081  4.424674 -0.000742    -0.040711   -0.000118    0.032798  
      2.559081  1.475408 -0.000742    -0.008736    0.000018    0.000569  
      2.559081  7.373941 -0.000742    -0.008721    0.000036    0.000567  
      0.000000  5.900082  0.000000    -0.008721    0.000014    0.000559  
      0.000000  2.949267  0.000000    -0.008711    0.000042    0.000553  
      3.346702  0.000000  1.137771     0.071134    0.000012   -0.062562  
      2.527823  1.531918  3.616824    -0.003535   -0.024156    0.028437  
      2.527823  7.317431  3.616824    -0.003638    0.023979    0.028257  
      0.884480  7.317431  1.123428    -0.003562   -0.024129    0.028415  
      0.884480  1.531918  1.123428    -0.003653    0.023975    0.028244  
      0.065601  0.000000  3.602481     0.071151    0.000005   -0.062554  
      0.787621  4.424674  1.138512     0.071082    0.000005   -0.062511  
     -0.031258  5.956592  3.617566    -0.003545   -0.024101    0.028406  
     -0.031258  2.892756  3.617566    -0.003625    0.023977    0.028252  
      3.443562  2.892756  1.122686    -0.003545   -0.024130    0.028407  
      3.443562  5.956592  1.122686    -0.003633    0.023976    0.028246  
      2.624683  4.424674  3.601740     0.071107   -0.000003   -0.062526  
 
  47 f  =    9.459648 THz    59.436721 2PiTHz  315.539890 cm-1    39.121943 meV
             X         Y         Z           dx          dy          dz
      1.706152  0.000000  2.370126    -0.000001   -0.000030    0.000012  
      1.706152  2.981131  2.370126     0.161880    0.000008   -0.092639  
      1.706152  5.868218  2.370126    -0.161869   -0.000006    0.092662  
      0.000000  0.000000  0.000000     0.000008    0.000013   -0.000023  
     -0.852930  4.424674  2.370868    -0.000004   -0.000014    0.000002  
     -0.852930  7.405806  2.370868     0.161879    0.000008   -0.092655  
     -0.852930  1.443543  2.370868    -0.161881    0.000013    0.092630  
      2.559081  4.424674 -0.000742    -0.000004   -0.000002    0.000002  
      2.559081  1.475408 -0.000742    -0.013640   -0.000003    0.013037  
      2.559081  7.373941 -0.000742     0.013640   -0.000001   -0.013038  
      0.000000  5.900082  0.000000    -0.013641   -0.000002    0.013040  
      0.000000  2.949267  0.000000     0.013642   -0.000002   -0.013037  
      3.346702  0.000000  1.137771     0.000013   -0.006865   -0.000007  
      2.527823  1.531918  3.616824    -0.005168   -0.002155   -0.005896  
      2.527823  7.317431  3.616824     0.005171   -0.002144    0.005895  
      0.884480  7.317431  1.123428     0.005163    0.002166    0.005861  
      0.884480  1.531918  1.123428    -0.005144    0.002190   -0.005853  
      0.065601  0.000000  3.602481    -0.000034    0.006860    0.000021  
      0.787621  4.424674  1.138512    -0.000005   -0.006865    0.000003  
     -0.031258  5.956592  3.617566    -0.005163   -0.002166   -0.005884  
     -0.031258  2.892756  3.617566     0.005157   -0.002174    0.005881  
      3.443562  2.892756  1.122686     0.005157    0.002180    0.005860  
      3.443562  5.956592  1.122686    -0.005158    0.002172   -0.005873  
      2.624683  4.424674  3.601740    -0.000006    0.006860    0.000002  
 
  48 f  =    9.030574 THz    56.740767 2PiTHz  301.227508 cm-1    37.347434 meV
             X         Y         Z           dx          dy          dz
      1.706152  0.000000  2.370126    -0.000009    0.000020   -0.000007  
      1.706152  2.981131  2.370126    -0.000010   -0.002083   -0.000015  
      1.706152  5.868218  2.370126     0.000029    0.002079   -0.000026  
      0.000000  0.000000  0.000000    -0.000000   -0.000005   -0.000001  
     -0.852930  4.424674  2.370868    -0.000003    0.000018    0.000002  
     -0.852930  7.405806  2.370868    -0.000028   -0.002060    0.000019  
     -0.852930  1.443543  2.370868    -0.000009    0.002078    0.000004  
      2.559081  4.424674 -0.000742     0.000007   -0.000006   -0.000031  
      2.559081  1.475408 -0.000742     0.000005   -0.026838    0.000001  
      2.559081  7.373941 -0.000742    -0.000001    0.026838    0.000003  
      0.000000  5.900082  0.000000     0.000003   -0.026838    0.000000  
      0.000000  2.949267  0.000000    -0.000004    0.026838   -0.000001  
      3.346702  0.000000  1.137771     0.081210   -0.000004   -0.029090  
      2.527823  1.531918  3.616824    -0.019693    0.033554   -0.013549  
      2.527823  7.317431  3.616824    -0.019701   -0.033560   -0.013545  
      0.884480  7.317431  1.123428     0.019684   -0.033538    0.013525  
      0.884480  1.531918  1.123428     0.019690    0.033545    0.013536  
      0.065601  0.000000  3.602481    -0.081214   -0.000004    0.029089  
      0.787621  4.424674  1.138512     0.081185   -0.000005   -0.029074  
     -0.031258  5.956592  3.617566    -0.019681    0.033538   -0.013529  
     -0.031258  2.892756  3.617566    -0.019688   -0.033542   -0.013526  
      3.443562  2.892756  1.122686     0.019695   -0.033550    0.013538  
      3.443562  5.956592  1.122686     0.019700    0.033557    0.013547  
      2.624683  4.424674  3.601740    -0.081202   -0.000004    0.029084  
 
  49 f  =    8.788177 THz    55.217746 2PiTHz  293.142039 cm-1    36.344964 meV
             X         Y         Z           dx          dy          dz
      1.706152  0.000000  2.370126    -0.000762    0.000028   -0.009458  
      1.706152  2.981131  2.370126    -0.029508   -0.000042    0.100029  
      1.706152  5.868218  2.370126    -0.029237    0.000003    0.099758  
      0.000000  0.000000  0.000000     0.033777   -0.000009   -0.111229  
     -0.852930  4.424674  2.370868     0.000741    0.000010    0.009435  
     -0.852930  7.405806  2.370868     0.029466   -0.000012   -0.099977  
     -0.852930  1.443543  2.370868     0.029301    0.000016   -0.099816  
      2.559081  4.424674 -0.000742    -0.033783   -0.000001    0.111189  
      2.559081  1.475408 -0.000742    -0.002782   -0.000016   -0.008372  
      2.559081  7.373941 -0.000742    -0.002608    0.000019   -0.008221  
      0.000000  5.900082  0.000000     0.002761   -0.000032    0.008373  
      0.000000  2.949267  0.000000     0.002629    0.000031    0.008228  
      3.346702  0.000000  1.137771    -0.009218    0.000060    0.008152  
      2.527823  1.531918  3.616824     0.027326   -0.045688    0.037336  
      2.527823  7.317431  3.616824     0.027079    0.044866    0.037045  
      0.884480  7.317431  1.123428     0.027039   -0.044855    0.036967  
      0.884480  1.531918  1.123428     0.027276    0.045658    0.037249  
      0.065601  0.000000  3.602481    -0.009079   -0.000059    0.008041  
      0.787621  4.424674  1.138512     0.009218   -0.000049   -0.008115  
     -0.031258  5.956592  3.617566    -0.027313    0.045706   -0.037306  
     -0.031258  2.892756  3.617566    -0.027054   -0.044871   -0.037033  
      3.443562  2.892756  1.122686    -0.027058    0.044847   -0.037000  
      3.443562  5.956592  1.122686    -0.027312   -0.045671   -0.037262  
      2.624683  4.424674  3.601740     0.009098    0.000044   -0.008084  
 
  50 f  =    8.747098 THz    54.959635 2PiTHz  291.771767 cm-1    36.175072 meV
             X         Y         Z           dx          dy          dz
      1.706152  0.000000  2.370126     0.000029    0.000055   -0.000061  
      1.706152  2.981131  2.370126     0.018668   -0.000084   -0.018517  
      1.706152  5.868218  2.370126    -0.019069    0.000041    0.019651  
      0.000000  0.000000  0.000000     0.000191   -0.000011   -0.000623  
     -0.852930  4.424674  2.370868     0.000012   -0.000007    0.000059  
     -0.852930  7.405806  2.370868    -0.018735    0.000038    0.018589  
     -0.852930  1.443543  2.370868     0.019066   -0.000009   -0.019739  
      2.559081  4.424674 -0.000742    -0.000182   -0.000001    0.000681  
      2.559081  1.475408 -0.000742     0.013563    0.000006    0.013157  
      2.559081  7.373941 -0.000742    -0.013595   -0.000005   -0.013247  
      0.000000  5.900082  0.000000    -0.013604   -0.000054   -0.013156  
      0.000000  2.949267  0.000000     0.013634    0.000059    0.013250  
      3.346702  0.000000  1.137771    -0.000346   -0.009286    0.000244  
      2.527823  1.531918  3.616824    -0.022320    0.072731   -0.024048  
      2.527823  7.317431  3.616824     0.022730    0.073302    0.024744  
      0.884480  7.317431  1.123428     0.022612   -0.073215    0.024468  
      0.884480  1.531918  1.123428    -0.022474   -0.072872   -0.024389  
      0.065601  0.000000  3.602481     0.000302    0.009295   -0.000191  
      0.787621  4.424674  1.138512     0.000355    0.009312   -0.000190  
     -0.031258  5.956592  3.617566     0.022335   -0.072712    0.024108  
     -0.031258  2.892756  3.617566    -0.022722   -0.073367   -0.024779  
      3.443562  2.892756  1.122686    -0.022660    0.073261   -0.024517  
      3.443562  5.956592  1.122686     0.022401    0.072820    0.024355  
      2.624683  4.424674  3.601740    -0.000187   -0.009316    0.000101  
 
  51 f  =    8.682125 THz    54.551401 2PiTHz  289.604523 cm-1    35.906368 meV
             X         Y         Z           dx          dy          dz
      1.706152  0.000000  2.370126    -0.000041    0.000072   -0.000071  
      1.706152  2.981131  2.370126    -0.000013    0.013490    0.000076  
      1.706152  5.868218  2.370126    -0.000018   -0.013584    0.000060  
      0.000000  0.000000  0.000000     0.000028   -0.000001   -0.000138  
     -0.852930  4.424674  2.370868    -0.000008   -0.000013    0.000005  
     -0.852930  7.405806  2.370868    -0.000086   -0.013602    0.000039  
     -0.852930  1.443543  2.370868     0.000126    0.013666   -0.000233  
      2.559081  4.424674 -0.000742    -0.000023   -0.000014    0.000049  
      2.559081  1.475408 -0.000742    -0.000003   -0.009514    0.000036  
      2.559081  7.373941 -0.000742     0.000002    0.009521   -0.000046  
      0.000000  5.900082  0.000000    -0.000094    0.009365   -0.000043  
      0.000000  2.949267  0.000000     0.000096   -0.009368    0.000056  
      3.346702  0.000000  1.137771     0.086745   -0.000006   -0.052328  
      2.527823  1.531918  3.616824    -0.015198    0.017002   -0.042706  
      2.527823  7.317431  3.616824    -0.015001   -0.016458   -0.042572  
      0.884480  7.317431  1.123428     0.015245   -0.017094    0.042784  
      0.884480  1.531918  1.123428     0.015024    0.016505    0.042621  
      0.065601  0.000000  3.602481    -0.086738    0.000016    0.052317  
      0.787621  4.424674  1.138512    -0.086921    0.000052    0.052543  
     -0.031258  5.956592  3.617566     0.015263   -0.016966    0.042848  
     -0.031258  2.892756  3.617566     0.015170    0.016549    0.042656  
      3.443562  2.892756  1.122686    -0.015294    0.017028   -0.042885  
      3.443562  5.956592  1.122686    -0.015200   -0.016603   -0.042709  
      2.624683  4.424674  3.601740     0.086916   -0.000062   -0.052539  
 
  52 f  =    8.623905 THz    54.185594 2PiTHz  287.662511 cm-1    35.665590 meV
             X         Y         Z           dx          dy          dz
      1.706152  0.000000  2.370126    -0.000035   -0.000026   -0.000006  
      1.706152  2.981131  2.370126    -0.028114    0.000006    0.041882  
      1.706152  5.868218  2.370126     0.028207   -0.000020   -0.041955  
      0.000000  0.000000  0.000000    -0.000014    0.000002   -0.000024  
     -0.852930  4.424674  2.370868    -0.000038   -0.000014   -0.000020  
     -0.852930  7.405806  2.370868    -0.028120    0.000043    0.041926  
     -0.852930  1.443543  2.370868     0.028163   -0.000047   -0.041887  
      2.559081  4.424674 -0.000742     0.000004   -0.000003   -0.000092  
      2.559081  1.475408 -0.000742    -0.038032    0.000046   -0.003327  
      2.559081  7.373941 -0.000742     0.038033   -0.000047    0.003328  
      0.000000  5.900082  0.000000    -0.038023    0.000023   -0.003319  
      0.000000  2.949267  0.000000     0.038023   -0.000022    0.003312  
      3.346702  0.000000  1.137771    -0.000100    0.015714    0.000020  
      2.527823  1.531918  3.616824    -0.028869    0.039050    0.000865  
      2.527823  7.317431  3.616824     0.028870    0.039121   -0.000804  
      0.884480  7.317431  1.123428     0.028889   -0.039084   -0.000882  
      0.884480  1.531918  1.123428    -0.028848   -0.039070    0.000825  
      0.065601  0.000000  3.602481     0.000022   -0.015719    0.000002  
      0.787621  4.424674  1.138512     0.000105    0.015708   -0.000102  
     -0.031258  5.956592  3.617566    -0.028908    0.039120    0.000765  
     -0.031258  2.892756  3.617566     0.028861    0.039153   -0.000877  
      3.443562  2.892756  1.122686     0.028956   -0.039201   -0.000734  
      3.443562  5.956592  1.122686    -0.028816   -0.039063    0.000929  
      2.624683  4.424674  3.601740    -0.000187   -0.015710    0.000128  
 
  53 f  =    8.603596 THz    54.057985 2PiTHz  286.985058 cm-1    35.581596 meV
             X         Y         Z           dx          dy          dz
      1.706152  0.000000  2.370126     0.000054   -0.000035    0.000065  
      1.706152  2.981131  2.370126    -0.000030   -0.027685   -0.000017  
      1.706152  5.868218  2.370126     0.000029    0.027700   -0.000083  
      0.000000  0.000000  0.000000    -0.000019    0.000006    0.000091  
     -0.852930  4.424674  2.370868     0.000004   -0.000028    0.000014  
     -0.852930  7.405806  2.370868     0.000003   -0.027667    0.000058  
     -0.852930  1.443543  2.370868     0.000030    0.027656    0.000041  
      2.559081  4.424674 -0.000742     0.000019    0.000001   -0.000032  
      2.559081  1.475408 -0.000742    -0.000041   -0.036066   -0.000014  
      2.559081  7.373941 -0.000742     0.000044    0.036061    0.000014  
      0.000000  5.900082  0.000000    -0.000022   -0.036105    0.000005  
      0.000000  2.949267  0.000000     0.000025    0.036106   -0.000007  
      3.346702  0.000000  1.137771    -0.037576    0.000014    0.051947  
      2.527823  1.531918  3.616824     0.026627   -0.003266    0.024054  
      2.527823  7.317431  3.616824     0.026680    0.003294    0.024067  
      0.884480  7.317431  1.123428    -0.026676    0.003379   -0.024155  
      0.884480  1.531918  1.123428    -0.026707   -0.003370   -0.024122  
      0.065601  0.000000  3.602481     0.037559   -0.000021   -0.051912  
      0.787621  4.424674  1.138512    -0.037200    0.000001    0.051714  
     -0.031258  5.956592  3.617566     0.026564   -0.003165    0.023894  
     -0.031258  2.892756  3.617566     0.026675    0.003387    0.023965  
      3.443562  2.892756  1.122686    -0.026555    0.003147   -0.023888  
      3.443562  5.956592  1.122686    -0.026652   -0.003350   -0.023935  
      2.624683  4.424674  3.601740     0.037194   -0.000004   -0.051683  
 
  54 f  =    8.460208 THz    53.157055 2PiTHz  282.202163 cm-1    34.988593 meV
             X         Y         Z           dx          dy          dz
      1.706152  0.000000  2.370126    -0.084137    0.000004   -0.054762  
      1.706152  2.981131  2.370126     0.054717   -0.000020   -0.011813  
      1.706152  5.868218  2.370126     0.054702   -0.000014   -0.011762  
      0.000000  0.000000  0.000000    -0.016875   -0.000003   -0.118669  
     -0.852930  4.424674  2.370868    -0.084144    0.000022   -0.054750  
     -0.852930  7.405806  2.370868     0.054749   -0.000004   -0.011821  
     -0.852930  1.443543  2.370868     0.054738    0.000020   -0.011797  
      2.559081  4.424674 -0.000742    -0.016877   -0.000003   -0.118623  
      2.559081  1.475408 -0.000742     0.000603   -0.000002   -0.002531  
      2.559081  7.373941 -0.000742     0.000546    0.000007   -0.002545  
      0.000000  5.900082  0.000000     0.000591   -0.000010   -0.002540  
      0.000000  2.949267  0.000000     0.000555    0.000009   -0.002532  
      3.346702  0.000000  1.137771    -0.051448   -0.000012    0.006983  
      2.527823  1.531918  3.616824     0.023161   -0.049679    0.023516  
      2.527823  7.317431  3.616824     0.023136    0.049681    0.023530  
      0.884480  7.317431  1.123428     0.023126   -0.049688    0.023519  
      0.884480  1.531918  1.123428     0.023142    0.049670    0.023492  
      0.065601  0.000000  3.602481    -0.051396    0.000015    0.006929  
      0.787621  4.424674  1.138512    -0.051423   -0.000004    0.006962  
     -0.031258  5.956592  3.617566     0.023183   -0.049751    0.023535  
     -0.031258  2.892756  3.617566     0.023124    0.049641    0.023510  
      3.443562  2.892756  1.122686     0.023118   -0.049640    0.023518  
      3.443562  5.956592  1.122686     0.023168    0.049742    0.023532  
      2.624683  4.424674  3.601740    -0.051425    0.000004    0.006957  
 
  55 f  =    8.199496 THz    51.518955 2PiTHz  273.505759 cm-1    33.910377 meV
             X         Y         Z           dx          dy          dz
      1.706152  0.000000  2.370126     0.000038    0.000025    0.000055  
      1.706152  2.981131  2.370126     0.004789    0.000033    0.051634  
      1.706152  5.868218  2.370126    -0.004746    0.000073   -0.051677  
      0.000000  0.000000  0.000000    -0.000000    0.000005    0.000108  
     -0.852930  4.424674  2.370868     0.000012   -0.000032    0.000002  
     -0.852930  7.405806  2.370868     0.004695   -0.000008    0.051697  
     -0.852930  1.443543  2.370868    -0.004786   -0.000009   -0.051604  
      2.559081  4.424674 -0.000742     0.000000    0.000001   -0.000029  
      2.559081  1.475408 -0.000742    -0.018210   -0.000016    0.005954  
      2.559081  7.373941 -0.000742     0.018212    0.000003   -0.005966  
      0.000000  5.900082  0.000000    -0.018203   -0.000009    0.005971  
      0.000000  2.949267  0.000000     0.018201    0.000011   -0.005970  
      3.346702  0.000000  1.137771    -0.000043    0.017446    0.000039  
      2.527823  1.531918  3.616824     0.020760   -0.056217    0.048470  
      2.527823  7.317431  3.616824    -0.020710   -0.056174   -0.048427  
      0.884480  7.317431  1.123428    -0.020745    0.056212   -0.048488  
      0.884480  1.531918  1.123428     0.020747    0.056224    0.048456  
      0.065601  0.000000  3.602481     0.000010   -0.017457   -0.000010  
      0.787621  4.424674  1.138512    -0.000001    0.017441    0.000001  
     -0.031258  5.956592  3.617566     0.020730   -0.056156    0.048438  
     -0.031258  2.892756  3.617566    -0.020722   -0.056161   -0.048443  
      3.443562  2.892756  1.122686    -0.020735    0.056151   -0.048447  
      3.443562  5.956592  1.122686     0.020720    0.056162    0.048443  
      2.624683  4.424674  3.601740    -0.000011   -0.017441   -0.000012  
 
  56 f  =    8.063412 THz    50.663909 2PiTHz  268.966456 cm-1    33.347575 meV
             X         Y         Z           dx          dy          dz
      1.706152  0.000000  2.370126    -0.000004    0.217740   -0.000003  
      1.706152  2.981131  2.370126     0.000014    0.123512   -0.000013  
      1.706152  5.868218  2.370126    -0.000011    0.123519    0.000013  
      0.000000  0.000000  0.000000     0.000000   -0.010313   -0.000002  
     -0.852930  4.424674  2.370868    -0.000004   -0.217741   -0.000003  
     -0.852930  7.405806  2.370868    -0.000007   -0.123507   -0.000008  
     -0.852930  1.443543  2.370868     0.000011   -0.123514    0.000007  
      2.559081  4.424674 -0.000742    -0.000002    0.010314   -0.000005  
      2.559081  1.475408 -0.000742     0.000003   -0.006474   -0.000003  
      2.559081  7.373941 -0.000742    -0.000002   -0.006472    0.000000  
      0.000000  5.900082  0.000000     0.000002    0.006475   -0.000001  
      0.000000  2.949267  0.000000    -0.000003    0.006471    0.000000  
      3.346702  0.000000  1.137771     0.000001   -0.000735   -0.000005  
      2.527823  1.531918  3.616824    -0.006843    0.015152   -0.007952  
      2.527823  7.317431  3.616824     0.006848    0.015168    0.007956  
      0.884480  7.317431  1.123428    -0.006832    0.015135   -0.007928  
      0.884480  1.531918  1.123428     0.006842    0.015144    0.007940  
      0.065601  0.000000  3.602481    -0.000008   -0.000732    0.000004  
      0.787621  4.424674  1.138512    -0.000005    0.000730    0.000000  
     -0.031258  5.956592  3.617566     0.006837   -0.015138    0.007938  
     -0.031258  2.892756  3.617566    -0.006837   -0.015138   -0.007937  
      3.443562  2.892756  1.122686     0.006848   -0.015169    0.007957  
      3.443562  5.956592  1.122686    -0.006846   -0.015157   -0.007955  
      2.624683  4.424674  3.601740    -0.000002    0.000738   -0.000004  
 
  57 f  =    7.864811 THz    49.416065 2PiTHz  262.341859 cm-1    32.526230 meV
             X         Y         Z           dx          dy          dz
      1.706152  0.000000  2.370126    -0.021313    0.000019    0.029574  
      1.706152  2.981131  2.370126     0.108889    0.000002   -0.068878  
      1.706152  5.868218  2.370126     0.108866   -0.000006   -0.068839  
      0.000000  0.000000  0.000000     0.012413   -0.000005    0.128481  
     -0.852930  4.424674  2.370868     0.021213    0.000014   -0.029677  
     -0.852930  7.405806  2.370868    -0.108802   -0.000005    0.068779  
     -0.852930  1.443543  2.370868    -0.108760    0.000022    0.068803  
      2.559081  4.424674 -0.000742    -0.012438   -0.000000   -0.128660  
      2.559081  1.475408 -0.000742     0.009665   -0.000001   -0.006671  
      2.559081  7.373941 -0.000742     0.009646    0.000005   -0.006670  
      0.000000  5.900082  0.000000    -0.009649   -0.000004    0.006675  
      0.000000  2.949267  0.000000    -0.009659    0.000000    0.006684  
      3.346702  0.000000  1.137771    -0.000270   -0.000006    0.022320  
      2.527823  1.531918  3.616824     0.027120   -0.033294    0.021145  
      2.527823  7.317431  3.616824     0.027137    0.033345    0.021177  
      0.884480  7.317431  1.123428     0.027143   -0.033360    0.021195  
      0.884480  1.531918  1.123428     0.027119    0.033290    0.021147  
      0.065601  0.000000  3.602481    -0.000269    0.000009    0.022299  
      0.787621  4.424674  1.138512     0.000270   -0.000007   -0.022286  
     -0.031258  5.956592  3.617566    -0.027142    0.033353   -0.021186  
     -0.031258  2.892756  3.617566    -0.027140   -0.033339   -0.021152  
      3.443562  2.892756  1.122686    -0.027151    0.033348   -0.021166  
      3.443562  5.956592  1.122686    -0.027151   -0.033354   -0.021195  
      2.624683  4.424674  3.601740     0.000285    0.000003   -0.022299  
 
  58 f  =    7.648107 THz    48.054472 2PiTHz  255.113382 cm-1    31.630014 meV
             X         Y         Z           dx          dy          dz
      1.706152  0.000000  2.370126     0.080035    0.000023    0.094558  
      1.706152  2.981131  2.370126    -0.066600    0.000011    0.059820  
      1.706152  5.868218  2.370126    -0.066644    0.000005    0.059858  
      0.000000  0.000000  0.000000     0.018507   -0.000005    0.138174  
     -0.852930  4.424674  2.370868     0.080106    0.000024    0.094581  
     -0.852930  7.405806  2.370868    -0.066750    0.000018    0.059882  
     -0.852930  1.443543  2.370868    -0.066713    0.000011    0.059902  
      2.559081  4.424674 -0.000742     0.018484    0.000001    0.138097  
      2.559081  1.475408 -0.000742    -0.001258   -0.000001   -0.012309  
      2.559081  7.373941 -0.000742    -0.001275    0.000005   -0.012310  
      0.000000  5.900082  0.000000    -0.001279   -0.000001   -0.012308  
      0.000000  2.949267  0.000000    -0.001291   -0.000003   -0.012294  
      3.346702  0.000000  1.137771    -0.029942   -0.000005   -0.005729  
      2.527823  1.531918  3.616824     0.022583   -0.037930    0.010617  
      2.527823  7.317431  3.616824     0.022584    0.037953    0.010632  
      0.884480  7.317431  1.123428     0.022594   -0.037972    0.010672  
      0.884480  1.531918  1.123428     0.022584    0.037925    0.010622  
      0.065601  0.000000  3.602481    -0.029967    0.000009   -0.005719  
      0.787621  4.424674  1.138512    -0.029975   -0.000003   -0.005741  
     -0.031258  5.956592  3.617566     0.022556   -0.037902    0.010603  
     -0.031258  2.892756  3.617566     0.022549    0.037906    0.010623  
      3.443562  2.892756  1.122686     0.022546   -0.037903    0.010616  
      3.443562  5.956592  1.122686     0.022551    0.037898    0.010587  
      2.624683  4.424674  3.601740    -0.029958   -0.000001   -0.005751  
 
  59 f  =    7.528623 THz    47.303736 2PiTHz  251.127843 cm-1    31.135870 meV
             X         Y         Z           dx          dy          dz
      1.706152  0.000000  2.370126     0.000031    0.000007    0.000031  
      1.706152  2.981131  2.370126    -0.191870   -0.000002    0.061186  
      1.706152  5.868218  2.370126     0.191868   -0.000003   -0.061180  
      0.000000  0.000000  0.000000     0.000004    0.000002    0.000034  
     -0.852930  4.424674  2.370868    -0.000011   -0.000021   -0.000007  
     -0.852930  7.405806  2.370868     0.191853   -0.000012   -0.061162  
     -0.852930  1.443543  2.370868    -0.191877   -0.000010    0.061183  
      2.559081  4.424674 -0.000742     0.000000   -0.000001   -0.000004  
      2.559081  1.475408 -0.000742     0.004458    0.000002    0.003239  
      2.559081  7.373941 -0.000742    -0.004462    0.000000   -0.003248  
      0.000000  5.900082  0.000000    -0.004460   -0.000002   -0.003237  
      0.000000  2.949267  0.000000     0.004465    0.000001    0.003246  
      3.346702  0.000000  1.137771    -0.000009   -0.001991    0.000003  
      2.527823  1.531918  3.616824     0.002935    0.006360   -0.006083  
      2.527823  7.317431  3.616824    -0.002924    0.006365    0.006094  
      0.884480  7.317431  1.123428    -0.002933   -0.006356    0.006075  
      0.884480  1.531918  1.123428     0.002935   -0.006357   -0.006084  
      0.065601  0.000000  3.602481     0.000001    0.001992   -0.000003  
      0.787621  4.424674  1.138512     0.000002    0.001993    0.000001  
     -0.031258  5.956592  3.617566    -0.002926   -0.006375    0.006093  
     -0.031258  2.892756  3.617566     0.002925   -0.006369   -0.006098  
      3.443562  2.892756  1.122686     0.002928    0.006368   -0.006093  
      3.443562  5.956592  1.122686    -0.002930    0.006370    0.006093  
      2.624683  4.424674  3.601740    -0.000001   -0.001994    0.000002  
 
  60 f  =    7.291917 THz    45.816467 2PiTHz  243.232177 cm-1    30.156933 meV
             X         Y         Z           dx          dy          dz
      1.706152  0.000000  2.370126     0.000089    0.193530    0.000064  
      1.706152  2.981131  2.370126    -0.000026    0.140555    0.000002  
      1.706152  5.868218  2.370126    -0.000003    0.140560    0.000003  
      0.000000  0.000000  0.000000     0.000002   -0.005511    0.000036  
     -0.852930  4.424674  2.370868    -0.000097    0.193537   -0.000075  
     -0.852930  7.405806  2.370868     0.000035    0.140557   -0.000020  
     -0.852930  1.443543  2.370868     0.000026    0.140557   -0.000007  
      2.559081  4.424674 -0.000742    -0.000005   -0.005512   -0.000057  
      2.559081  1.475408 -0.000742    -0.000011   -0.010800   -0.000006  
      2.559081  7.373941 -0.000742    -0.000011   -0.010798   -0.000005  
      0.000000  5.900082  0.000000     0.000010   -0.010797    0.000009  
      0.000000  2.949267  0.000000     0.000012   -0.010797    0.000007  
      3.346702  0.000000  1.137771    -0.000017   -0.012139    0.000000  
      2.527823  1.531918  3.616824    -0.005589   -0.001959   -0.008906  
      2.527823  7.317431  3.616824     0.005590   -0.001968    0.008918  
      0.884480  7.317431  1.123428    -0.005590   -0.001961   -0.008903  
      0.884480  1.531918  1.123428     0.005575   -0.001987    0.008902  
      0.065601  0.000000  3.602481     0.000004   -0.012141   -0.000008  
      0.787621  4.424674  1.138512     0.000006   -0.012139    0.000008  
     -0.031258  5.956592  3.617566    -0.005589   -0.001966   -0.008917  
     -0.031258  2.892756  3.617566     0.005594   -0.001959    0.008906  
      3.443562  2.892756  1.122686    -0.005584   -0.001978   -0.008906  
      3.443562  5.956592  1.122686     0.005578   -0.001978    0.008897  
      2.624683  4.424674  3.601740     0.000017   -0.012137    0.000004  
 
  61 f  =    7.245066 THz    45.522090 2PiTHz  241.669375 cm-1    29.963170 meV
             X         Y         Z           dx          dy          dz
      1.706152  0.000000  2.370126     0.174807   -0.000094    0.133153  
      1.706152  2.981131  2.370126    -0.033616   -0.000073    0.011149  
      1.706152  5.868218  2.370126    -0.033669   -0.000080    0.011182  
      0.000000  0.000000  0.000000     0.009033   -0.000001    0.097591  
     -0.852930  4.424674  2.370868    -0.174809   -0.000103   -0.133147  
     -0.852930  7.405806  2.370868     0.033571   -0.000072   -0.011135  
     -0.852930  1.443543  2.370868     0.033623   -0.000078   -0.011145  
      2.559081  4.424674 -0.000742    -0.009029    0.000003   -0.097553  
      2.559081  1.475408 -0.000742    -0.019477    0.000011   -0.013070  
      2.559081  7.373941 -0.000742    -0.019480    0.000006   -0.013069  
      0.000000  5.900082  0.000000     0.019483    0.000009    0.013063  
      0.000000  2.949267  0.000000     0.019475   -0.000001    0.013069  
      3.346702  0.000000  1.137771    -0.015127    0.000009   -0.008035  
      2.527823  1.531918  3.616824    -0.000085    0.005761    0.011240  
      2.527823  7.317431  3.616824    -0.000088   -0.005757    0.011236  
      0.884480  7.317431  1.123428    -0.000070    0.005746    0.011279  
      0.884480  1.531918  1.123428    -0.000082   -0.005758    0.011246  
      0.065601  0.000000  3.602481    -0.015153    0.000010   -0.007997  
      0.787621  4.424674  1.138512     0.015136    0.000001    0.008001  
     -0.031258  5.956592  3.617566     0.000091   -0.005763   -0.011240  
     -0.031258  2.892756  3.617566     0.000083    0.005781   -0.011239  
      3.443562  2.892756  1.122686     0.000097   -0.005775   -0.011231  
      3.443562  5.956592  1.122686     0.000089    0.005762   -0.011257  
      2.624683  4.424674  3.601740     0.015135    0.000008    0.008009  
 
  62 f  =    6.383951 THz    40.111546 2PiTHz  212.945676 cm-1    26.401887 meV
             X         Y         Z           dx          dy          dz
      1.706152  0.000000  2.370126    -0.153025   -0.000005   -0.091312  
      1.706152  2.981131  2.370126    -0.142450    0.000039    0.041451  
      1.706152  5.868218  2.370126    -0.142449   -0.000034    0.041448  
      0.000000  0.000000  0.000000    -0.020869    0.000003   -0.003163  
     -0.852930  4.424674  2.370868    -0.153001    0.000008   -0.091289  
     -0.852930  7.405806  2.370868    -0.142456   -0.000039    0.041459  
     -0.852930  1.443543  2.370868    -0.142458    0.000044    0.041455  
      2.559081  4.424674 -0.000742    -0.020871   -0.000002   -0.003153  
      2.559081  1.475408 -0.000742     0.010772    0.000054    0.000205  
      2.559081  7.373941 -0.000742     0.010776   -0.000066    0.000209  
      0.000000  5.900082  0.000000     0.010765   -0.000058    0.000210  
      0.000000  2.949267  0.000000     0.010769    0.000068    0.000209  
      3.346702  0.000000  1.137771    -0.003025   -0.000004    0.012777  
      2.527823  1.531918  3.616824     0.008832    0.008009   -0.006010  
      2.527823  7.317431  3.616824     0.008830   -0.008004   -0.006013  
      0.884480  7.317431  1.123428     0.008826    0.007879   -0.006004  
      0.884480  1.531918  1.123428     0.008824   -0.007873   -0.005998  
      0.065601  0.000000  3.602481    -0.002981   -0.000008    0.012818  
      0.787621  4.424674  1.138512    -0.002995    0.000006    0.012832  
     -0.031258  5.956592  3.617566     0.008823    0.007874   -0.005989  
     -0.031258  2.892756  3.617566     0.008829   -0.007873   -0.005990  
      3.443562  2.892756  1.122686     0.008819    0.008002   -0.006015  
      3.443562  5.956592  1.122686     0.008820   -0.008010   -0.006007  
      2.624683  4.424674  3.601740    -0.003023    0.000005    0.012758  
 
  63 f  =    6.339962 THz    39.835158 2PiTHz  211.478381 cm-1    26.219966 meV
             X         Y         Z           dx          dy          dz
      1.706152  0.000000  2.370126     0.000196    0.000061    0.000131  
      1.706152  2.981131  2.370126     0.000229    0.024722   -0.000062  
      1.706152  5.868218  2.370126     0.000238   -0.024677   -0.000061  
      0.000000  0.000000  0.000000     0.000018   -0.000030    0.000001  
     -0.852930  4.424674  2.370868     0.000277   -0.000054    0.000151  
     -0.852930  7.405806  2.370868     0.000179   -0.024714   -0.000051  
     -0.852930  1.443543  2.370868     0.000195    0.024674   -0.000063  
      2.559081  4.424674 -0.000742     0.000050    0.000030    0.000022  
      2.559081  1.475408 -0.000742    -0.000027    0.040536    0.000002  
      2.559081  7.373941 -0.000742    -0.000027   -0.040407   -0.000003  
      0.000000  5.900082  0.000000    -0.000006   -0.040534    0.000010  
      0.000000  2.949267  0.000000    -0.000006    0.040405   -0.000001  
      3.346702  0.000000  1.137771    -0.009112    0.000067   -0.022048  
      2.527823  1.531918  3.616824    -0.000431    0.043819   -0.006651  
      2.527823  7.317431  3.616824    -0.000389   -0.043864   -0.006608  
      0.884480  7.317431  1.123428     0.000350   -0.043873    0.006636  
      0.884480  1.531918  1.123428     0.000388    0.043835    0.006682  
      0.065601  0.000000  3.602481     0.009085    0.000069    0.022009  
      0.787621  4.424674  1.138512     0.009128   -0.000072    0.021995  
     -0.031258  5.956592  3.617566     0.000399   -0.043850    0.006675  
     -0.031258  2.892756  3.617566     0.000362    0.043883    0.006629  
      3.443562  2.892756  1.122686    -0.000375    0.043859   -0.006624  
      3.443562  5.956592  1.122686    -0.000415   -0.043807   -0.006655  
      2.624683  4.424674  3.601740    -0.009069   -0.000066   -0.022042  
 
  64 f  =    6.103788 THz    38.351231 2PiTHz  203.600454 cm-1    25.243228 meV
             X         Y         Z           dx          dy          dz
      1.706152  0.000000  2.370126     0.000005    0.000016    0.000009  
      1.706152  2.981131  2.370126    -0.059981   -0.000001    0.011615  
      1.706152  5.868218  2.370126     0.059970   -0.000001   -0.011606  
      0.000000  0.000000  0.000000     0.000005   -0.000007    0.000009  
     -0.852930  4.424674  2.370868    -0.000004   -0.000025    0.000001  
     -0.852930  7.405806  2.370868    -0.059983   -0.000002    0.011618  
     -0.852930  1.443543  2.370868     0.059975   -0.000006   -0.011608  
      2.559081  4.424674 -0.000742     0.000003    0.000007    0.000004  
      2.559081  1.475408 -0.000742     0.001890    0.000016    0.041782  
      2.559081  7.373941 -0.000742    -0.001889    0.000022   -0.041782  
      0.000000  5.900082  0.000000     0.001890   -0.000014    0.041782  
      0.000000  2.949267  0.000000    -0.001889   -0.000022   -0.041784  
      3.346702  0.000000  1.137771    -0.000001   -0.028240    0.000001  
      2.527823  1.531918  3.616824    -0.028004   -0.007390   -0.007458  
      2.527823  7.317431  3.616824     0.028005   -0.007379    0.007460  
      0.884480  7.317431  1.123428     0.027994    0.007376    0.007450  
      0.884480  1.531918  1.123428    -0.027993    0.007370   -0.007451  
      0.065601  0.000000  3.602481    -0.000002    0.028281   -0.000001  
      0.787621  4.424674  1.138512    -0.000004   -0.028278   -0.000003  
     -0.031258  5.956592  3.617566    -0.027992   -0.007372   -0.007450  
     -0.031258  2.892756  3.617566     0.027994   -0.007376    0.007448  
      3.443562  2.892756  1.122686     0.028005    0.007381    0.007459  
      3.443562  5.956592  1.122686    -0.028003    0.007390   -0.007459  
      2.624683  4.424674  3.601740    -0.000001    0.028242    0.000002  
 
  65 f  =    6.081261 THz    38.209691 2PiTHz  202.849040 cm-1    25.150064 meV
             X         Y         Z           dx          dy          dz
      1.706152  0.000000  2.370126    -0.000048    0.042298   -0.000024  
      1.706152  2.981131  2.370126     0.000023    0.003934   -0.000002  
      1.706152  5.868218  2.370126    -0.000038    0.004025    0.000010  
      0.000000  0.000000  0.000000    -0.000015   -0.015422   -0.000012  
     -0.852930  4.424674  2.370868     0.000005   -0.042295   -0.000000  
     -0.852930  7.405806  2.370868    -0.000002   -0.003926    0.000006  
     -0.852930  1.443543  2.370868    -0.000048   -0.004015    0.000005  
      2.559081  4.424674 -0.000742     0.000008    0.015424    0.000008  
      2.559081  1.475408 -0.000742    -0.000005    0.042876   -0.000017  
      2.559081  7.373941 -0.000742    -0.000001    0.042997    0.000023  
      0.000000  5.900082  0.000000     0.000004   -0.042878   -0.000014  
      0.000000  2.949267  0.000000     0.000008   -0.042997    0.000017  
      3.346702  0.000000  1.137771    -0.000003    0.045057    0.000049  
      2.527823  1.531918  3.616824    -0.012562   -0.013769   -0.011278  
      2.527823  7.317431  3.616824     0.012558   -0.013647    0.011299  
      0.884480  7.317431  1.123428    -0.012593   -0.013635   -0.011317  
      0.884480  1.531918  1.123428     0.012580   -0.013785    0.011281  
      0.065601  0.000000  3.602481    -0.000019    0.045031   -0.000035  
      0.787621  4.424674  1.138512     0.000004   -0.045032   -0.000038  
     -0.031258  5.956592  3.617566     0.012586    0.013780    0.011287  
     -0.031258  2.892756  3.617566    -0.012580    0.013643   -0.011308  
      3.443562  2.892756  1.122686     0.012564    0.013644    0.011288  
      3.443562  5.956592  1.122686    -0.012555    0.013777   -0.011269  
      2.624683  4.424674  3.601740     0.000022   -0.045058    0.000041  
 
  66 f  =    5.857935 THz    36.806492 2PiTHz  195.399685 cm-1    24.226462 meV
             X         Y         Z           dx          dy          dz
      1.706152  0.000000  2.370126     0.108420    0.000004    0.028915  
      1.706152  2.981131  2.370126    -0.057844    0.000011    0.003114  
      1.706152  5.868218  2.370126    -0.057840   -0.000005    0.003110  
      0.000000  0.000000  0.000000     0.052913   -0.000002    0.013453  
     -0.852930  4.424674  2.370868    -0.108412   -0.000006   -0.028916  
     -0.852930  7.405806  2.370868     0.057857   -0.000005   -0.003121  
     -0.852930  1.443543  2.370868     0.057847    0.000006   -0.003118  
      2.559081  4.424674 -0.000742    -0.052913    0.000004   -0.013459  
      2.559081  1.475408 -0.000742     0.029253    0.000023    0.003148  
      2.559081  7.373941 -0.000742     0.029256   -0.000008    0.003154  
      0.000000  5.900082  0.000000    -0.029256   -0.000023   -0.003144  
      0.000000  2.949267  0.000000    -0.029256    0.000007   -0.003150  
      3.346702  0.000000  1.137771     0.068417    0.000007   -0.013336  
      2.527823  1.531918  3.616824     0.013639   -0.009121   -0.011848  
      2.527823  7.317431  3.616824     0.013646    0.009113   -0.011847  
      0.884480  7.317431  1.123428     0.013642   -0.009145   -0.011854  
      0.884480  1.531918  1.123428     0.013644    0.009144   -0.011843  
      0.065601  0.000000  3.602481     0.068422    0.000009   -0.013317  
      0.787621  4.424674  1.138512    -0.068408   -0.000005    0.013326  
     -0.031258  5.956592  3.617566    -0.013646    0.009126    0.011851  
     -0.031258  2.892756  3.617566    -0.013650   -0.009118    0.011847  
      3.443562  2.892756  1.122686    -0.013646    0.009151    0.011851  
      3.443562  5.956592  1.122686    -0.013649   -0.009148    0.011848  
      2.624683  4.424674  3.601740    -0.068411   -0.000011    0.013317  
 
  67 f  =    4.420650 THz    27.775761 2PiTHz  147.457002 cm-1    18.282330 meV
             X         Y         Z           dx          dy          dz
      1.706152  0.000000  2.370126     0.027451    0.000002    0.062703  
      1.706152  2.981131  2.370126    -0.027854    0.000003   -0.000268  
      1.706152  5.868218  2.370126    -0.027845   -0.000007   -0.000296  
      0.000000  0.000000  0.000000    -0.002645   -0.000000    0.022923  
     -0.852930  4.424674  2.370868    -0.027472   -0.000001   -0.062697  
     -0.852930  7.405806  2.370868     0.027840   -0.000020    0.000287  
     -0.852930  1.443543  2.370868     0.027834    0.000019    0.000317  
      2.559081  4.424674 -0.000742     0.002639   -0.000001   -0.022915  
      2.559081  1.475408 -0.000742    -0.002258    0.000000    0.037781  
      2.559081  7.373941 -0.000742    -0.002267   -0.000000    0.037773  
      0.000000  5.900082  0.000000     0.002261   -0.000001   -0.037781  
      0.000000  2.949267  0.000000     0.002268    0.000002   -0.037771  
      3.346702  0.000000  1.137771    -0.012065   -0.000006    0.054320  
      2.527823  1.531918  3.616824    -0.017117   -0.021261    0.010963  
      2.527823  7.317431  3.616824    -0.017127    0.021266    0.010952  
      0.884480  7.317431  1.123428    -0.017123   -0.021270    0.010963  
      0.884480  1.531918  1.123428    -0.017115    0.021265    0.010972  
      0.065601  0.000000  3.602481    -0.012084    0.000005    0.054318  
      0.787621  4.424674  1.138512     0.012062    0.000006   -0.054310  
     -0.031258  5.956592  3.617566     0.017126    0.021257   -0.010963  
     -0.031258  2.892756  3.617566     0.017132   -0.021259   -0.010949  
      3.443562  2.892756  1.122686     0.017124    0.021263   -0.010958  
      3.443562  5.956592  1.122686     0.017119   -0.021261   -0.010971  
      2.624683  4.424674  3.601740     0.012067   -0.000005   -0.054317  
 
  68 f  =    3.663177 THz    23.016422 2PiTHz  122.190446 cm-1    15.149678 meV
             X         Y         Z           dx          dy          dz
      1.706152  0.000000  2.370126    -0.000007   -0.000001   -0.000023  
      1.706152  2.981131  2.370126    -0.002770    0.000004    0.020386  
      1.706152  5.868218  2.370126     0.002762    0.000010   -0.020384  
      0.000000  0.000000  0.000000    -0.000008   -0.000001    0.000006  
     -0.852930  4.424674  2.370868    -0.000008   -0.000004    0.000012  
     -0.852930  7.405806  2.370868     0.002775    0.000002   -0.020391  
     -0.852930  1.443543  2.370868    -0.002767    0.000001    0.020380  
      2.559081  4.424674 -0.000742     0.000004    0.000004   -0.000013  
      2.559081  1.475408 -0.000742    -0.026795    0.000002    0.031712  
      2.559081  7.373941 -0.000742     0.026799    0.000000   -0.031711  
      0.000000  5.900082  0.000000     0.026793   -0.000004   -0.031709  
      0.000000  2.949267  0.000000    -0.026797   -0.000000    0.031712  
      3.346702  0.000000  1.137771    -0.000000   -0.007698   -0.000000  
      2.527823  1.531918  3.616824    -0.028796    0.000600    0.033788  
      2.527823  7.317431  3.616824     0.028795    0.000588   -0.033788  
      0.884480  7.317431  1.123428     0.028792   -0.000592   -0.033796  
      0.884480  1.531918  1.123428    -0.028794   -0.000596    0.033794  
      0.065601  0.000000  3.602481     0.000001    0.007705    0.000001  
      0.787621  4.424674  1.138512     0.000002    0.007699    0.000004  
     -0.031258  5.956592  3.617566     0.028790   -0.000594   -0.033786  
     -0.031258  2.892756  3.617566    -0.028793   -0.000593    0.033787  
      3.443562  2.892756  1.122686    -0.028793    0.000595    0.033791  
      3.443562  5.956592  1.122686     0.028790    0.000595   -0.033791  
      2.624683  4.424674  3.601740    -0.000001   -0.007706    0.000000  
 
  69 f  =    3.319413 THz    20.856485 2PiTHz  110.723687 cm-1    13.727981 meV
             X         Y         Z           dx          dy          dz
      1.706152  0.000000  2.370126    -0.000006    0.000003   -0.000020  
      1.706152  2.981131  2.370126     0.024868   -0.000004    0.029480  
      1.706152  5.868218  2.370126    -0.024871    0.000001   -0.029485  
      0.000000  0.000000  0.000000    -0.000000    0.000007   -0.000004  
     -0.852930  4.424674  2.370868    -0.000002   -0.000010    0.000009  
     -0.852930  7.405806  2.370868    -0.024859    0.000007   -0.029489  
     -0.852930  1.443543  2.370868     0.024870    0.000006    0.029479  
      2.559081  4.424674 -0.000742    -0.000001   -0.000005   -0.000005  
      2.559081  1.475408 -0.000742     0.029806    0.000002    0.023265  
      2.559081  7.373941 -0.000742    -0.029802   -0.000000   -0.023277  
      0.000000  5.900082  0.000000    -0.029806   -0.000004   -0.023265  
      0.000000  2.949267  0.000000     0.029804   -0.000000    0.023275  
      3.346702  0.000000  1.137771     0.000004   -0.026299   -0.000010  
      2.527823  1.531918  3.616824     0.036237   -0.012287    0.031108  
      2.527823  7.317431  3.616824    -0.036230   -0.012301   -0.031112  
      0.884480  7.317431  1.123428    -0.036231    0.012298   -0.031111  
      0.884480  1.531918  1.123428     0.036236    0.012291    0.031109  
      0.065601  0.000000  3.602481     0.000006    0.026299   -0.000009  
      0.787621  4.424674  1.138512    -0.000001    0.026300    0.000009  
     -0.031258  5.956592  3.617566    -0.036242    0.012293   -0.031110  
     -0.031258  2.892756  3.617566     0.036232    0.012297    0.031107  
      3.443562  2.892756  1.122686     0.036232   -0.012298    0.031108  
      3.443562  5.956592  1.122686    -0.036239   -0.012292   -0.031110  
      2.624683  4.424674  3.601740    -0.000004   -0.026300    0.000006  
 
  70 fi =    0.006496 THz     0.040817 2PiTHz    0.216690 cm-1     0.026866 meV
             X         Y         Z           dx          dy          dz
      1.706152  0.000000  2.370126     0.023172   -0.000930    0.031132  
      1.706152  2.981131  2.370126     0.023140   -0.000937    0.031114  
      1.706152  5.868218  2.370126     0.023138   -0.000944    0.031117  
      0.000000  0.000000  0.000000     0.023139   -0.000938    0.031142  
     -0.852930  4.424674  2.370868     0.023179   -0.000936    0.031129  
     -0.852930  7.405806  2.370868     0.023125   -0.000945    0.031123  
     -0.852930  1.443543  2.370868     0.023136   -0.000931    0.031119  
      2.559081  4.424674 -0.000742     0.023139   -0.000939    0.031139  
      2.559081  1.475408 -0.000742     0.023134   -0.000941    0.031083  
      2.559081  7.373941 -0.000742     0.023132   -0.000938    0.031082  
      0.000000  5.900082  0.000000     0.023133   -0.000935    0.031084  
      0.000000  2.949267  0.000000     0.023133   -0.000939    0.031086  
      3.346702  0.000000  1.137771     0.023156   -0.000943    0.031087  
      2.527823  1.531918  3.616824     0.023117   -0.000910    0.031046  
      2.527823  7.317431  3.616824     0.023113   -0.000965    0.031046  
      0.884480  7.317431  1.123428     0.023115   -0.000909    0.031051  
      0.884480  1.531918  1.123428     0.023117   -0.000971    0.031046  
      0.065601  0.000000  3.602481     0.023151   -0.000939    0.031080  
      0.787621  4.424674  1.138512     0.023154   -0.000937    0.031085  
     -0.031258  5.956592  3.617566     0.023116   -0.000914    0.031046  
     -0.031258  2.892756  3.617566     0.023114   -0.000970    0.031048  
      3.443562  2.892756  1.122686     0.023112   -0.000913    0.031048  
      3.443562  5.956592  1.122686     0.023113   -0.000965    0.031046  
      2.624683  4.424674  3.601740     0.023156   -0.000938    0.031085  
 
  71 fi =    0.007629 THz     0.047932 2PiTHz    0.254462 cm-1     0.031549 meV
             X         Y         Z           dx          dy          dz
      1.706152  0.000000  2.370126    -0.000888   -0.038601   -0.000511  
      1.706152  2.981131  2.370126    -0.000888   -0.038637   -0.000510  
      1.706152  5.868218  2.370126    -0.000887   -0.038638   -0.000510  
      0.000000  0.000000  0.000000    -0.000887   -0.038696   -0.000512  
     -0.852930  4.424674  2.370868    -0.000888   -0.038601   -0.000511  
     -0.852930  7.405806  2.370868    -0.000887   -0.038637   -0.000510  
     -0.852930  1.443543  2.370868    -0.000887   -0.038638   -0.000510  
      2.559081  4.424674 -0.000742    -0.000886   -0.038696   -0.000511  
      2.559081  1.475408 -0.000742    -0.000887   -0.038741   -0.000510  
      2.559081  7.373941 -0.000742    -0.000887   -0.038741   -0.000510  
      0.000000  5.900082  0.000000    -0.000886   -0.038741   -0.000510  
      0.000000  2.949267  0.000000    -0.000886   -0.038741   -0.000511  
      3.346702  0.000000  1.137771    -0.000888   -0.038771   -0.000509  
      2.527823  1.531918  3.616824    -0.000891   -0.038767   -0.000509  
      2.527823  7.317431  3.616824    -0.000881   -0.038765   -0.000509  
      0.884480  7.317431  1.123428    -0.000890   -0.038769   -0.000508  
      0.884480  1.531918  1.123428    -0.000882   -0.038765   -0.000509  
      0.065601  0.000000  3.602481    -0.000888   -0.038771   -0.000510  
      0.787621  4.424674  1.138512    -0.000887   -0.038772   -0.000510  
     -0.031258  5.956592  3.617566    -0.000890   -0.038768   -0.000509  
     -0.031258  2.892756  3.617566    -0.000881   -0.038765   -0.000509  
      3.443562  2.892756  1.122686    -0.000890   -0.038768   -0.000509  
      3.443562  5.956592  1.122686    -0.000881   -0.038765   -0.000509  
      2.624683  4.424674  3.601740    -0.000888   -0.038771   -0.000510  
 
  72 fi =    0.008673 THz     0.054492 2PiTHz    0.289288 cm-1     0.035867 meV
             X         Y         Z           dx          dy          dz
      1.706152  0.000000  2.370126     0.031077   -0.000409   -0.023189  
      1.706152  2.981131  2.370126     0.031083   -0.000405   -0.023171  
      1.706152  5.868218  2.370126     0.031084   -0.000400   -0.023174  
      0.000000  0.000000  0.000000     0.031069   -0.000406   -0.023153  
     -0.852930  4.424674  2.370868     0.031071   -0.000405   -0.023187  
     -0.852930  7.405806  2.370868     0.031095   -0.000399   -0.023178  
     -0.852930  1.443543  2.370868     0.031086   -0.000410   -0.023175  
      2.559081  4.424674 -0.000742     0.031068   -0.000405   -0.023149  
      2.559081  1.475408 -0.000742     0.031076   -0.000405   -0.023141  
      2.559081  7.373941 -0.000742     0.031079   -0.000407   -0.023140  
      0.000000  5.900082  0.000000     0.031078   -0.000409   -0.023142  
      0.000000  2.949267  0.000000     0.031076   -0.000406   -0.023143  
      3.346702  0.000000  1.137771     0.031165   -0.000404   -0.023193  
      2.527823  1.531918  3.616824     0.031052   -0.000388   -0.023127  
      2.527823  7.317431  3.616824     0.031055   -0.000430   -0.023128  
      0.884480  7.317431  1.123428     0.031055   -0.000388   -0.023131  
      0.884480  1.531918  1.123428     0.031053   -0.000424   -0.023127  
      0.065601  0.000000  3.602481     0.031168   -0.000407   -0.023188  
      0.787621  4.424674  1.138512     0.031165   -0.000408   -0.023191  
     -0.031258  5.956592  3.617566     0.031054   -0.000385   -0.023127  
     -0.031258  2.892756  3.617566     0.031054   -0.000426   -0.023130  
      3.443562  2.892756  1.122686     0.031055   -0.000385   -0.023128  
      3.443562  5.956592  1.122686     0.031056   -0.000429   -0.023127  
      2.624683  4.424674  3.601740     0.031162   -0.000407   -0.023190  
 
