 Eigenvectors and eigenvalues of the dynamical matrix
 ----------------------------------------------------
 
 
   1 f  =   20.124387 THz   126.445254 2PiTHz  671.277300 cm-1    83.227740 meV
             X         Y         Z           dx          dy          dz
      0.000032  1.831799  2.624395            0           0           0  
     -1.586368  4.579524  2.624395            0           0           0  
      3.172832  1.831799  2.624395            0           0           0  
      1.586431  4.579524  2.624395            0           0           0  
      1.586368  0.915927  5.087164            0           0           0  
     -0.000032  3.663652  5.087164            0           0           0  
      4.759169  0.915927  5.087164            0           0           0  
      3.172769  3.663652  5.087164            0           0           0  
     -0.040871  1.772020  9.936509     0.001539    0.002163   -0.009421  
     -1.598223  4.536617  9.850069     0.000125   -0.000134   -0.003849  
      3.188852  1.772626  9.935351    -0.001580    0.001265   -0.008125  
      1.574425  4.570632  9.937848    -0.000800   -0.002587   -0.009977  
     -0.022373  3.626861 12.447627    -0.000753    0.000706   -0.008218  
      1.574113  0.861311 12.447845    -0.000644   -0.001516   -0.010059  
      3.170905  3.627131 12.447736     0.000745    0.001447   -0.009502  
      4.746886  0.873562 12.447495     0.000086   -0.000079   -0.003283  
      0.000000  0.000000  3.855704            0           0           0  
     -1.586400  2.747725  3.855704            0           0           0  
      3.172800  0.000000  3.855704            0           0           0  
      1.586400  2.747725  3.855704            0           0           0  
      1.574330  2.704886 11.184273     0.004333   -0.004770    0.119587  
     -0.029973  5.443114 11.176014    -0.057494   -0.024157    0.123149  
      4.746769  2.725153 11.175670    -0.005215    0.055674    0.110873  
      3.178558  5.442730 11.176238     0.068695   -0.036629    0.154189  
      1.557169  0.899068  1.424395            0           0           0  
     -0.000031  3.596217  1.424395            0           0           0  
      4.671569  0.899068  1.424395            0           0           0  
      3.114369  3.596217  1.424395            0           0           0  
      0.000031  1.798082  6.287164            0           0           0  
     -1.557169  4.495231  6.287164            0           0           0  
      3.114431  1.798082  6.287164            0           0           0  
      1.557231  4.495231  6.287164            0           0           0  
      0.049788  3.585454  8.788822    -0.002605    0.001236   -0.004051  
      1.573269  0.942497  8.786773     0.000541   -0.002640   -0.005231  
      3.099286  3.587001  8.786109     0.002700    0.000669   -0.004883  
      4.746561  0.873192  8.807446    -0.000641    0.000627    0.000678  
     -0.004956  1.793343 13.529837     0.005136    0.001733   -0.002784  
     -1.598331  4.536633 13.549718    -0.000866    0.000916   -0.002229  
      3.153453  1.793409 13.529557    -0.005272    0.002649   -0.001512  
      1.574233  4.528663 13.529674     0.000726   -0.005103   -0.003299  
      1.568337  2.722201  7.507618    -0.000230    0.000218    0.003453  
 
   2 f  =   20.049030 THz   125.971772 2PiTHz  668.763664 cm-1    82.916089 meV
             X         Y         Z           dx          dy          dz
      0.000032  1.831799  2.624395            0           0           0  
     -1.586368  4.579524  2.624395            0           0           0  
      3.172832  1.831799  2.624395            0           0           0  
      1.586431  4.579524  2.624395            0           0           0  
      1.586368  0.915927  5.087164            0           0           0  
     -0.000032  3.663652  5.087164            0           0           0  
      4.759169  0.915927  5.087164            0           0           0  
      3.172769  3.663652  5.087164            0           0           0  
     -0.040871  1.772020  9.936509    -0.001993    0.006225   -0.004592  
     -1.598223  4.536617  9.850069     0.001243   -0.000321    0.000385  
      3.188852  1.772626  9.935351     0.000895   -0.003240    0.008631  
      1.574425  4.570632  9.937848    -0.008892   -0.000339   -0.000927  
     -0.022373  3.626861 12.447627     0.000886   -0.002663    0.008599  
      1.574113  0.861311 12.447845    -0.007002   -0.000400   -0.000872  
      3.170905  3.627131 12.447736    -0.001342    0.005050   -0.004510  
      4.746886  0.873562 12.447495     0.000837   -0.000212    0.000344  
      0.000000  0.000000  3.855704            0           0           0  
     -1.586400  2.747725  3.855704            0           0           0  
      3.172800  0.000000  3.855704            0           0           0  
      1.586400  2.747725  3.855704            0           0           0  
      1.574330  2.704886 11.184273     0.044830   -0.011454   -0.015150  
     -0.029973  5.443114 11.176014     0.053261    0.067447   -0.153625  
      4.746769  2.725153 11.175670    -0.046401   -0.033339   -0.063633  
      3.178558  5.442730 11.176238     0.072000   -0.055889    0.174782  
      1.557169  0.899068  1.424395            0           0           0  
     -0.000031  3.596217  1.424395            0           0           0  
      4.671569  0.899068  1.424395            0           0           0  
      3.114369  3.596217  1.424395            0           0           0  
      0.000031  1.798082  6.287164            0           0           0  
     -1.557169  4.495231  6.287164            0           0           0  
      3.114431  1.798082  6.287164            0           0           0  
      1.557231  4.495231  6.287164            0           0           0  
      0.049788  3.585454  8.788822     0.000271    0.001665    0.006068  
      1.573269  0.942497  8.786773     0.005584    0.000631   -0.000844  
      3.099286  3.587001  8.786109     0.001057   -0.003979   -0.003393  
      4.746561  0.873192  8.807446    -0.006290    0.001643   -0.000072  
     -0.004956  1.793343 13.529837    -0.000364   -0.005789   -0.005716  
     -1.598331  4.536633 13.549718    -0.009111    0.002366    0.000216  
      3.153453  1.793409 13.529557    -0.001503    0.003038    0.008388  
      1.574233  4.528663 13.529674     0.006722    0.001570   -0.001834  
      1.568337  2.722201  7.507618    -0.002281    0.000602   -0.000318  
 
   3 f  =   20.045727 THz   125.951018 2PiTHz  668.653481 cm-1    82.902428 meV
             X         Y         Z           dx          dy          dz
      0.000032  1.831799  2.624395            0           0           0  
     -1.586368  4.579524  2.624395            0           0           0  
      3.172832  1.831799  2.624395            0           0           0  
      1.586431  4.579524  2.624395            0           0           0  
      1.586368  0.915927  5.087164            0           0           0  
     -0.000032  3.663652  5.087164            0           0           0  
      4.759169  0.915927  5.087164            0           0           0  
      3.172769  3.663652  5.087164            0           0           0  
     -0.040871  1.772020  9.936509     0.004719   -0.004601   -0.006360  
     -1.598223  4.536617  9.850069     0.000340    0.001258   -0.000253  
      3.188852  1.772626  9.935351    -0.004923   -0.007046   -0.002706  
      1.574425  4.570632  9.937848    -0.002335    0.002096    0.007184  
     -0.022373  3.626861 12.447627    -0.003930   -0.005554   -0.002718  
      1.574113  0.861311 12.447845    -0.001838    0.001999    0.007130  
      3.170905  3.627131 12.447736     0.003891   -0.003540   -0.006361  
      4.746886  0.873562 12.447495     0.000244    0.000887   -0.000234  
      0.000000  0.000000  3.855704            0           0           0  
     -1.586400  2.747725  3.855704            0           0           0  
      3.172800  0.000000  3.855704            0           0           0  
      1.586400  2.747725  3.855704            0           0           0  
      1.574330  2.704886 11.184273     0.012640    0.046541    0.008903  
     -0.029973  5.443114 11.176014     0.076729    0.000664   -0.129460  
      4.746769  2.725153 11.175670    -0.014746    0.101982    0.197646  
      3.178558  5.442730 11.176238    -0.044129   -0.033185   -0.041755  
      1.557169  0.899068  1.424395            0           0           0  
     -0.000031  3.596217  1.424395            0           0           0  
      4.671569  0.899068  1.424395            0           0           0  
      3.114369  3.596217  1.424395            0           0           0  
      0.000031  1.798082  6.287164            0           0           0  
     -1.557169  4.495231  6.287164            0           0           0  
      3.114431  1.798082  6.287164            0           0           0  
      1.557231  4.495231  6.287164            0           0           0  
      0.049788  3.585454  8.788822     0.003024    0.005147   -0.001833  
      1.573269  0.942497  8.786773     0.001622   -0.001186    0.005037  
      3.099286  3.587001  8.786109    -0.002557    0.003469   -0.004267  
      4.746561  0.873192  8.807446    -0.001710   -0.006382    0.000007  
     -0.004956  1.793343 13.529837    -0.004394    0.003333   -0.006148  
     -1.598331  4.536633 13.549718    -0.002472   -0.009195   -0.000169  
      3.153453  1.793409 13.529557     0.003973    0.005809   -0.002353  
      1.574233  4.528663 13.529674     0.001888   -0.003862    0.007974  
      1.568337  2.722201  7.507618    -0.000618   -0.002327    0.000188  
 
   4 f  =   19.331376 THz   121.462619 2PiTHz  644.825299 cm-1    79.948112 meV
             X         Y         Z           dx          dy          dz
      0.000032  1.831799  2.624395            0           0           0  
     -1.586368  4.579524  2.624395            0           0           0  
      3.172832  1.831799  2.624395            0           0           0  
      1.586431  4.579524  2.624395            0           0           0  
      1.586368  0.915927  5.087164            0           0           0  
     -0.000032  3.663652  5.087164            0           0           0  
      4.759169  0.915927  5.087164            0           0           0  
      3.172769  3.663652  5.087164            0           0           0  
     -0.040871  1.772020  9.936509     0.000592   -0.004727    0.006186  
     -1.598223  4.536617  9.850069    -0.000488   -0.000730    0.000232  
      3.188852  1.772626  9.935351    -0.004326   -0.007642   -0.000322  
      1.574425  4.570632  9.937848    -0.004910   -0.001464   -0.005932  
     -0.022373  3.626861 12.447627    -0.003552   -0.006270   -0.000347  
      1.574113  0.861311 12.447845    -0.004019   -0.002022   -0.006517  
      3.170905  3.627131 12.447736    -0.000294   -0.004348    0.006800  
      4.746886  0.873562 12.447495    -0.000911   -0.001403    0.000250  
      0.000000  0.000000  3.855704            0           0           0  
     -1.586400  2.747725  3.855704            0           0           0  
      3.172800  0.000000  3.855704            0           0           0  
      1.586400  2.747725  3.855704            0           0           0  
      1.574330  2.704886 11.184273    -0.042673   -0.067225    0.007296  
     -0.029973  5.443114 11.176014    -0.016534    0.100930   -0.046418  
      4.746769  2.725153 11.175670     0.109624    0.036063    0.039681  
      3.178558  5.442730 11.176238     0.108777    0.184273   -0.002454  
      1.557169  0.899068  1.424395            0           0           0  
     -0.000031  3.596217  1.424395            0           0           0  
      4.671569  0.899068  1.424395            0           0           0  
      3.114369  3.596217  1.424395            0           0           0  
      0.000031  1.798082  6.287164            0           0           0  
     -1.557169  4.495231  6.287164            0           0           0  
      3.114431  1.798082  6.287164            0           0           0  
      1.557231  4.495231  6.287164            0           0           0  
      0.049788  3.585454  8.788822    -0.006797   -0.011198   -0.000169  
      1.573269  0.942497  8.786773    -0.006947   -0.000092    0.001994  
      3.099286  3.587001  8.786109     0.003491   -0.004931   -0.002371  
      4.746561  0.873192  8.807446     0.000837    0.001205    0.000204  
     -0.004956  1.793343 13.529837     0.002749   -0.004312   -0.001296  
     -1.598331  4.536633 13.549718     0.001836    0.002807    0.000304  
      3.153453  1.793409 13.529557    -0.005833   -0.009534   -0.000190  
      1.574233  4.528663 13.529674    -0.006002   -0.000400    0.000941  
      1.568337  2.722201  7.507618    -0.000093   -0.000159    0.000025  
 
   5 f  =   19.320144 THz   121.392048 2PiTHz  644.450651 cm-1    79.901661 meV
             X         Y         Z           dx          dy          dz
      0.000032  1.831799  2.624395            0           0           0  
     -1.586368  4.579524  2.624395            0           0           0  
      3.172832  1.831799  2.624395            0           0           0  
      1.586431  4.579524  2.624395            0           0           0  
      1.586368  0.915927  5.087164            0           0           0  
     -0.000032  3.663652  5.087164            0           0           0  
      4.759169  0.915927  5.087164            0           0           0  
      3.172769  3.663652  5.087164            0           0           0  
     -0.040871  1.772020  9.936509    -0.004692    0.006177    0.003309  
     -1.598223  4.536617  9.850069    -0.000791    0.000465    0.000228  
      3.188852  1.772626  9.935351    -0.001398    0.001336   -0.007279  
      1.574425  4.570632  9.937848    -0.007487    0.001094    0.003703  
     -0.022373  3.626861 12.447627    -0.001937    0.001566   -0.007996  
      1.574113  0.861311 12.447845    -0.006078    0.001440    0.004039  
      3.170905  3.627131 12.447736    -0.004235    0.004794    0.003603  
      4.746886  0.873562 12.447495    -0.001413    0.000857    0.000230  
      0.000000  0.000000  3.855704            0           0           0  
     -1.586400  2.747725  3.855704            0           0           0  
      3.172800  0.000000  3.855704            0           0           0  
      1.586400  2.747725  3.855704            0           0           0  
      1.574330  2.704886 11.184273    -0.069930    0.043390    0.005678  
     -0.029973  5.443114 11.176014     0.108265   -0.155447   -0.021246  
      4.746769  2.725153 11.175670     0.178404   -0.019017   -0.026760  
      3.178558  5.442730 11.176238     0.032362   -0.026302    0.043557  
      1.557169  0.899068  1.424395            0           0           0  
     -0.000031  3.596217  1.424395            0           0           0  
      4.671569  0.899068  1.424395            0           0           0  
      3.114369  3.596217  1.424395            0           0           0  
      0.000031  1.798082  6.287164            0           0           0  
     -1.557169  4.495231  6.287164            0           0           0  
      3.114431  1.798082  6.287164            0           0           0  
      1.557231  4.495231  6.287164            0           0           0  
      0.049788  3.585454  8.788822     0.000345    0.000300    0.002234  
      1.573269  0.942497  8.786773    -0.011068   -0.000442   -0.001385  
      3.099286  3.587001  8.786109    -0.005364    0.010191   -0.001097  
      4.746561  0.873192  8.807446     0.001718   -0.000987    0.000231  
     -0.004956  1.793343 13.529837    -0.004919    0.008981   -0.000516  
     -1.598331  4.536633 13.549718     0.003155   -0.001901    0.000160  
      3.153453  1.793409 13.529557     0.000000    0.000396    0.001129  
      1.574233  4.528663 13.529674    -0.009918   -0.000185   -0.000719  
      1.568337  2.722201  7.507618    -0.000132    0.000091   -0.000067  
 
   6 f  =   19.302176 THz   121.279146 2PiTHz  643.851271 cm-1    79.827348 meV
             X         Y         Z           dx          dy          dz
      0.000032  1.831799  2.624395            0           0           0  
     -1.586368  4.579524  2.624395            0           0           0  
      3.172832  1.831799  2.624395            0           0           0  
      1.586431  4.579524  2.624395            0           0           0  
      1.586368  0.915927  5.087164            0           0           0  
     -0.000032  3.663652  5.087164            0           0           0  
      4.759169  0.915927  5.087164            0           0           0  
      3.172769  3.663652  5.087164            0           0           0  
     -0.040871  1.772020  9.936509    -0.004011   -0.002301   -0.001574  
     -1.598223  4.536617  9.850069     0.000022    0.000004    0.005759  
      3.188852  1.772626  9.935351     0.004223   -0.002119   -0.001062  
      1.574425  4.570632  9.937848     0.000278    0.004796   -0.001204  
     -0.022373  3.626861 12.447627     0.004509   -0.002341   -0.001199  
      1.574113  0.861311 12.447845     0.000236    0.005084   -0.001379  
      3.170905  3.627131 12.447736    -0.004257   -0.002455   -0.001777  
      4.746886  0.873562 12.447495     0.000062    0.000004    0.006044  
      0.000000  0.000000  3.855704            0           0           0  
     -1.586400  2.747725  3.855704            0           0           0  
      3.172800  0.000000  3.855704            0           0           0  
      1.586400  2.747725  3.855704            0           0           0  
      1.574330  2.704886 11.184273     0.003762   -0.000130    0.244460  
     -0.029973  5.443114 11.176014    -0.011044   -0.005053   -0.080528  
      4.746769  2.725153 11.175670    -0.007716    0.010250   -0.083495  
      3.178558  5.442730 11.176238     0.005844   -0.011232   -0.081587  
      1.557169  0.899068  1.424395            0           0           0  
     -0.000031  3.596217  1.424395            0           0           0  
      4.671569  0.899068  1.424395            0           0           0  
      3.114369  3.596217  1.424395            0           0           0  
      0.000031  1.798082  6.287164            0           0           0  
     -1.557169  4.495231  6.287164            0           0           0  
      3.114431  1.798082  6.287164            0           0           0  
      1.557231  4.495231  6.287164            0           0           0  
      0.049788  3.585454  8.788822    -0.008895    0.005584   -0.006027  
      1.573269  0.942497  8.786773     0.000497   -0.010363   -0.005874  
      3.099286  3.587001  8.786109     0.009048    0.005096   -0.005752  
      4.746561  0.873192  8.807446    -0.000112    0.000006    0.006164  
     -0.004956  1.793343 13.529837     0.007921    0.004588   -0.005708  
     -1.598331  4.536633 13.549718    -0.000256    0.000058    0.008274  
      3.153453  1.793409 13.529557    -0.007785    0.004936   -0.005710  
      1.574233  4.528663 13.529674     0.000370   -0.009130   -0.005786  
      1.568337  2.722201  7.507618     0.000011   -0.000024    0.000954  
 
   7 f  =   18.734121 THz   117.709956 2PiTHz  624.903023 cm-1    77.478065 meV
             X         Y         Z           dx          dy          dz
      0.000032  1.831799  2.624395            0           0           0  
     -1.586368  4.579524  2.624395            0           0           0  
      3.172832  1.831799  2.624395            0           0           0  
      1.586431  4.579524  2.624395            0           0           0  
      1.586368  0.915927  5.087164            0           0           0  
     -0.000032  3.663652  5.087164            0           0           0  
      4.759169  0.915927  5.087164            0           0           0  
      3.172769  3.663652  5.087164            0           0           0  
     -0.040871  1.772020  9.936509     0.004578   -0.008044   -0.000087  
     -1.598223  4.536617  9.850069    -0.000026    0.000078   -0.000014  
      3.188852  1.772626  9.935351     0.004702    0.008201    0.000039  
      1.574425  4.570632  9.937848    -0.009144   -0.000027    0.000049  
     -0.022373  3.626861 12.447627     0.004063    0.007085    0.000045  
      1.574113  0.861311 12.447845    -0.007866   -0.000024    0.000063  
      3.170905  3.627131 12.447736     0.003948   -0.006940   -0.000111  
      4.746886  0.873562 12.447495    -0.000015    0.000095   -0.000015  
      0.000000  0.000000  3.855704            0           0           0  
     -1.586400  2.747725  3.855704            0           0           0  
      3.172800  0.000000  3.855704            0           0           0  
      1.586400  2.747725  3.855704            0           0           0  
      1.574330  2.704886 11.184273     0.002969    0.001975    0.000039  
     -0.029973  5.443114 11.176014     0.080378   -0.142063    0.002277  
      4.746769  2.725153 11.175670    -0.165689   -0.002062   -0.000362  
      3.178558  5.442730 11.176238     0.080336    0.138571   -0.001632  
      1.557169  0.899068  1.424395            0           0           0  
     -0.000031  3.596217  1.424395            0           0           0  
      4.671569  0.899068  1.424395            0           0           0  
      3.114369  3.596217  1.424395            0           0           0  
      0.000031  1.798082  6.287164            0           0           0  
     -1.557169  4.495231  6.287164            0           0           0  
      3.114431  1.798082  6.287164            0           0           0  
      1.557231  4.495231  6.287164            0           0           0  
      0.049788  3.585454  8.788822    -0.001006   -0.001699   -0.000117  
      1.573269  0.942497  8.786773     0.002373   -0.000020   -0.000022  
      3.099286  3.587001  8.786109    -0.001176    0.001932    0.000112  
      4.746561  0.873192  8.807446    -0.000086   -0.000046   -0.000016  
     -0.004956  1.793343 13.529837    -0.000701    0.001128    0.000080  
     -1.598331  4.536633 13.549718    -0.000103   -0.000081   -0.000010  
      3.153453  1.793409 13.529557    -0.000556   -0.000936   -0.000082  
      1.574233  4.528663 13.529674     0.001388   -0.000011   -0.000005  
      1.568337  2.722201  7.507618     0.000031    0.000009    0.000004  
 
   8 f  =   18.425333 THz   115.769780 2PiTHz  614.602945 cm-1    76.201019 meV
             X         Y         Z           dx          dy          dz
      0.000032  1.831799  2.624395            0           0           0  
     -1.586368  4.579524  2.624395            0           0           0  
      3.172832  1.831799  2.624395            0           0           0  
      1.586431  4.579524  2.624395            0           0           0  
      1.586368  0.915927  5.087164            0           0           0  
     -0.000032  3.663652  5.087164            0           0           0  
      4.759169  0.915927  5.087164            0           0           0  
      3.172769  3.663652  5.087164            0           0           0  
     -0.040871  1.772020  9.936509    -0.001729   -0.000760    0.002019  
     -1.598223  4.536617  9.850069    -0.000121    0.000345   -0.012826  
      3.188852  1.772626  9.935351     0.001472   -0.000790    0.001897  
      1.574425  4.570632  9.937848    -0.000128    0.002271    0.001919  
     -0.022373  3.626861 12.447627     0.001653   -0.000893   -0.000324  
      1.574113  0.861311 12.447845    -0.000075    0.002378   -0.000356  
      3.170905  3.627131 12.447736    -0.001833   -0.000887   -0.000207  
      4.746886  0.873562 12.447495    -0.000097    0.000294   -0.015748  
      0.000000  0.000000  3.855704            0           0           0  
     -1.586400  2.747725  3.855704            0           0           0  
      3.172800  0.000000  3.855704            0           0           0  
      1.586400  2.747725  3.855704            0           0           0  
      1.574330  2.704886 11.184273     0.001294   -0.007706    0.075597  
     -0.029973  5.443114 11.176014     0.129010    0.071028    0.049681  
      4.746769  2.725153 11.175670     0.002599   -0.152906    0.053815  
      3.178558  5.442730 11.176238    -0.125024    0.071246    0.048226  
      1.557169  0.899068  1.424395            0           0           0  
     -0.000031  3.596217  1.424395            0           0           0  
      4.671569  0.899068  1.424395            0           0           0  
      3.114369  3.596217  1.424395            0           0           0  
      0.000031  1.798082  6.287164            0           0           0  
     -1.557169  4.495231  6.287164            0           0           0  
      3.114431  1.798082  6.287164            0           0           0  
      1.557231  4.495231  6.287164            0           0           0  
      0.049788  3.585454  8.788822     0.000473   -0.000244   -0.005191  
      1.573269  0.942497  8.786773    -0.000158    0.001048   -0.004591  
      3.099286  3.587001  8.786109    -0.000632   -0.000176   -0.004987  
      4.746561  0.873192  8.807446     0.000125    0.000235   -0.016229  
     -0.004956  1.793343 13.529837    -0.004005   -0.001673   -0.000060  
     -1.598331  4.536633 13.549718    -0.000121    0.000432   -0.005212  
      3.153453  1.793409 13.529557     0.003649   -0.001895   -0.000173  
      1.574233  4.528663 13.529674    -0.000383    0.004727    0.000253  
      1.568337  2.722201  7.507618    -0.000015   -0.000022    0.002332  
 
   9 f  =   18.299354 THz   114.978234 2PiTHz  610.400757 cm-1    75.680015 meV
             X         Y         Z           dx          dy          dz
      0.000032  1.831799  2.624395            0           0           0  
     -1.586368  4.579524  2.624395            0           0           0  
      3.172832  1.831799  2.624395            0           0           0  
      1.586431  4.579524  2.624395            0           0           0  
      1.586368  0.915927  5.087164            0           0           0  
     -0.000032  3.663652  5.087164            0           0           0  
      4.759169  0.915927  5.087164            0           0           0  
      3.172769  3.663652  5.087164            0           0           0  
     -0.040871  1.772020  9.936509    -0.005738   -0.005276   -0.001008  
     -1.598223  4.536617  9.850069    -0.001695   -0.004534   -0.000368  
      3.188852  1.772626  9.935351     0.000141   -0.003221   -0.000170  
      1.574425  4.570632  9.937848    -0.000903   -0.009171    0.001360  
     -0.022373  3.626861 12.447627     0.000229   -0.003042   -0.000426  
      1.574113  0.861311 12.447845    -0.000829   -0.008920    0.002344  
      3.170905  3.627131 12.447736    -0.005668   -0.005092   -0.001943  
      4.746886  0.873562 12.447495    -0.001649   -0.004406   -0.000462  
      0.000000  0.000000  3.855704            0           0           0  
     -1.586400  2.747725  3.855704            0           0           0  
      3.172800  0.000000  3.855704            0           0           0  
      1.586400  2.747725  3.855704            0           0           0  
      1.574330  2.704886 11.184273     0.087361    0.237067    0.002859  
     -0.029973  5.443114 11.176014     0.022542    0.060401    0.044363  
      4.746769  2.725153 11.175670     0.022282    0.050401   -0.051120  
      3.178558  5.442730 11.176238     0.018223    0.059788    0.010540  
      1.557169  0.899068  1.424395            0           0           0  
     -0.000031  3.596217  1.424395            0           0           0  
      4.671569  0.899068  1.424395            0           0           0  
      3.114369  3.596217  1.424395            0           0           0  
      0.000031  1.798082  6.287164            0           0           0  
     -1.557169  4.495231  6.287164            0           0           0  
      3.114431  1.798082  6.287164            0           0           0  
      1.557231  4.495231  6.287164            0           0           0  
      0.049788  3.585454  8.788822     0.000196   -0.002630    0.001084  
      1.573269  0.942497  8.786773    -0.000740   -0.008267   -0.007134  
      3.099286  3.587001  8.786109    -0.005151   -0.004577    0.005498  
      4.746561  0.873192  8.807446    -0.003828   -0.010494   -0.000421  
     -0.004956  1.793343 13.529837    -0.004003   -0.005922    0.003348  
     -1.598331  4.536633 13.549718    -0.004104   -0.011129   -0.000163  
      3.153453  1.793409 13.529557    -0.001134   -0.004972    0.000721  
      1.574233  4.528663 13.529674    -0.001712   -0.007622   -0.004128  
      1.568337  2.722201  7.507618     0.000503    0.001383    0.000117  
 
  10 f  =   18.287099 THz   114.901231 2PiTHz  609.991958 cm-1    75.629330 meV
             X         Y         Z           dx          dy          dz
      0.000032  1.831799  2.624395            0           0           0  
     -1.586368  4.579524  2.624395            0           0           0  
      3.172832  1.831799  2.624395            0           0           0  
      1.586431  4.579524  2.624395            0           0           0  
      1.586368  0.915927  5.087164            0           0           0  
     -0.000032  3.663652  5.087164            0           0           0  
      4.759169  0.915927  5.087164            0           0           0  
      3.172769  3.663652  5.087164            0           0           0  
     -0.040871  1.772020  9.936509     0.006447    0.001208    0.000924  
     -1.598223  4.536617  9.850069     0.004682   -0.001700   -0.000265  
      3.188852  1.772626  9.935351     0.008637   -0.004383   -0.001293  
      1.574425  4.570632  9.937848     0.002525   -0.003337    0.000511  
     -0.022373  3.626861 12.447627     0.008468   -0.004333   -0.002430  
      1.574113  0.861311 12.447845     0.002362   -0.003243    0.000815  
      3.170905  3.627131 12.447736     0.006246    0.001264    0.001555  
      4.746886  0.873562 12.447495     0.004609   -0.001671   -0.000336  
      0.000000  0.000000  3.855704            0           0           0  
     -1.586400  2.747725  3.855704            0           0           0  
      3.172800  0.000000  3.855704            0           0           0  
      1.586400  2.747725  3.855704            0           0           0  
      1.574330  2.704886 11.184273    -0.235527    0.086777    0.002305  
     -0.029973  5.443114 11.176014    -0.055196    0.023231   -0.036142  
      4.746769  2.725153 11.175670    -0.060260    0.017609   -0.018860  
      3.178558  5.442730 11.176238    -0.059914    0.023738    0.057117  
      1.557169  0.899068  1.424395            0           0           0  
     -0.000031  3.596217  1.424395            0           0           0  
      4.671569  0.899068  1.424395            0           0           0  
      3.114369  3.596217  1.424395            0           0           0  
      0.000031  1.798082  6.287164            0           0           0  
     -1.557169  4.495231  6.287164            0           0           0  
      3.114431  1.798082  6.287164            0           0           0  
      1.557231  4.495231  6.287164            0           0           0  
      0.049788  3.585454  8.788822     0.007780   -0.004020    0.007428  
      1.573269  0.942497  8.786773     0.002325   -0.003072   -0.002721  
      3.099286  3.587001  8.786109     0.005861    0.001206   -0.004950  
      4.746561  0.873192  8.807446     0.010580   -0.003940   -0.000243  
     -0.004956  1.793343 13.529837     0.006390   -0.000750   -0.002863  
     -1.598331  4.536633 13.549718     0.011037   -0.004073    0.000014  
      3.153453  1.793409 13.529557     0.007531   -0.003360    0.004536  
      1.574233  4.528663 13.529674     0.004736   -0.002758   -0.001527  
      1.568337  2.722201  7.507618    -0.001421    0.000528    0.000116  
 
  11 f  =   18.055215 THz   113.444261 2PiTHz  602.257140 cm-1    74.670335 meV
             X         Y         Z           dx          dy          dz
      0.000032  1.831799  2.624395            0           0           0  
     -1.586368  4.579524  2.624395            0           0           0  
      3.172832  1.831799  2.624395            0           0           0  
      1.586431  4.579524  2.624395            0           0           0  
      1.586368  0.915927  5.087164            0           0           0  
     -0.000032  3.663652  5.087164            0           0           0  
      4.759169  0.915927  5.087164            0           0           0  
      3.172769  3.663652  5.087164            0           0           0  
     -0.040871  1.772020  9.936509    -0.003049   -0.000046    0.000297  
     -1.598223  4.536617  9.850069     0.002388    0.011397    0.000171  
      3.188852  1.772626  9.935351     0.001943    0.000863    0.000105  
      1.574425  4.570632  9.937848     0.000443   -0.003972   -0.000503  
     -0.022373  3.626861 12.447627     0.001683    0.000493   -0.000077  
      1.574113  0.861311 12.447845     0.000338   -0.003834    0.000196  
      3.170905  3.627131 12.447736    -0.002797   -0.000324   -0.000123  
      4.746886  0.873562 12.447495     0.002668    0.012797    0.000227  
      0.000000  0.000000  3.855704            0           0           0  
     -1.586400  2.747725  3.855704            0           0           0  
      3.172800  0.000000  3.855704            0           0           0  
      1.586400  2.747725  3.855704            0           0           0  
      1.574330  2.704886 11.184273     0.017360    0.084460   -0.000344  
     -0.029973  5.443114 11.176014    -0.128550   -0.039751   -0.065153  
      4.746769  2.725153 11.175670     0.009222   -0.188243    0.093560  
      3.178558  5.442730 11.176238     0.072084   -0.000373   -0.030910  
      1.557169  0.899068  1.424395            0           0           0  
     -0.000031  3.596217  1.424395            0           0           0  
      4.671569  0.899068  1.424395            0           0           0  
      3.114369  3.596217  1.424395            0           0           0  
      0.000031  1.798082  6.287164            0           0           0  
     -1.557169  4.495231  6.287164            0           0           0  
      3.114431  1.798082  6.287164            0           0           0  
      1.557231  4.495231  6.287164            0           0           0  
      0.049788  3.585454  8.788822     0.002315    0.003400   -0.001571  
      1.573269  0.942497  8.786773     0.000755   -0.000947    0.005111  
      3.099286  3.587001  8.786109    -0.002078    0.002403   -0.003343  
      4.746561  0.873192  8.807446    -0.000170   -0.000714    0.000219  
     -0.004956  1.793343 13.529837    -0.002917    0.003229   -0.004764  
     -1.598331  4.536633 13.549718    -0.000371   -0.001792    0.000128  
      3.153453  1.793409 13.529557     0.003094    0.004518   -0.002281  
      1.574233  4.528663 13.529674     0.001130   -0.001581    0.006976  
      1.568337  2.722201  7.507618    -0.000249   -0.001205    0.000034  
 
  12 f  =   18.047410 THz   113.395219 2PiTHz  601.996785 cm-1    74.638055 meV
             X         Y         Z           dx          dy          dz
      0.000032  1.831799  2.624395            0           0           0  
     -1.586368  4.579524  2.624395            0           0           0  
      3.172832  1.831799  2.624395            0           0           0  
      1.586431  4.579524  2.624395            0           0           0  
      1.586368  0.915927  5.087164            0           0           0  
     -0.000032  3.663652  5.087164            0           0           0  
      4.759169  0.915927  5.087164            0           0           0  
      3.172769  3.663652  5.087164            0           0           0  
     -0.040871  1.772020  9.936509     0.002081    0.002640   -0.000390  
     -1.598223  4.536617  9.850069    -0.011297    0.002341    0.000108  
      3.188852  1.772626  9.935351     0.003136   -0.002482    0.000430  
      1.574425  4.570632  9.937848    -0.001781   -0.000872   -0.000110  
     -0.022373  3.626861 12.447627     0.003114   -0.002296   -0.000192  
      1.574113  0.861311 12.447845    -0.001319   -0.000836    0.000062  
      3.170905  3.627131 12.447736     0.002156    0.002314    0.000150  
      4.746886  0.873562 12.447495    -0.012727    0.002648    0.000141  
      0.000000  0.000000  3.855704            0           0           0  
     -1.586400  2.747725  3.855704            0           0           0  
      3.172800  0.000000  3.855704            0           0           0  
      1.586400  2.747725  3.855704            0           0           0  
      1.574330  2.704886 11.184273    -0.087528    0.018491   -0.000413  
     -0.029973  5.443114 11.176014     0.110295    0.094964    0.070939  
      4.746769  2.725153 11.175670    -0.039344   -0.038256    0.018935  
      3.178558  5.442730 11.176238     0.153395   -0.103697   -0.091380  
      1.557169  0.899068  1.424395            0           0           0  
     -0.000031  3.596217  1.424395            0           0           0  
      4.671569  0.899068  1.424395            0           0           0  
      3.114369  3.596217  1.424395            0           0           0  
      0.000031  1.798082  6.287164            0           0           0  
     -1.557169  4.495231  6.287164            0           0           0  
      3.114431  1.798082  6.287164            0           0           0  
      1.557231  4.495231  6.287164            0           0           0  
      0.049788  3.585454  8.788822     0.000311   -0.001675   -0.004831  
      1.573269  0.942497  8.786773    -0.004138   -0.000250    0.001107  
      3.099286  3.587001  8.786109    -0.000713    0.002883    0.003841  
      4.746561  0.873192  8.807446     0.000868   -0.000173    0.000164  
     -0.004956  1.793343 13.529837    -0.000755    0.003888    0.005294  
     -1.598331  4.536633 13.549718     0.001927   -0.000403    0.000099  
      3.153453  1.793409 13.529557     0.000506   -0.002302   -0.006835  
      1.574233  4.528663 13.529674    -0.005485   -0.000404    0.001458  
      1.568337  2.722201  7.507618     0.001099   -0.000231    0.000029  
 
  13 f  =   16.191157 THz   101.732040 2PiTHz  540.078863 cm-1    66.961215 meV
             X         Y         Z           dx          dy          dz
      0.000032  1.831799  2.624395            0           0           0  
     -1.586368  4.579524  2.624395            0           0           0  
      3.172832  1.831799  2.624395            0           0           0  
      1.586431  4.579524  2.624395            0           0           0  
      1.586368  0.915927  5.087164            0           0           0  
     -0.000032  3.663652  5.087164            0           0           0  
      4.759169  0.915927  5.087164            0           0           0  
      3.172769  3.663652  5.087164            0           0           0  
     -0.040871  1.772020  9.936509     0.000709    0.000407    0.001398  
     -1.598223  4.536617  9.850069    -0.000019    0.000020    0.000222  
      3.188852  1.772626  9.935351    -0.000723    0.000430    0.001363  
      1.574425  4.570632  9.937848     0.000014   -0.000804    0.001394  
     -0.022373  3.626861 12.447627    -0.000361    0.000196    0.020175  
      1.574113  0.861311 12.447845    -0.000012   -0.000430    0.020185  
      3.170905  3.627131 12.447736     0.000378    0.000221    0.020182  
      4.746886  0.873562 12.447495     0.000018   -0.000011    0.019982  
      0.000000  0.000000  3.855704            0           0           0  
     -1.586400  2.747725  3.855704            0           0           0  
      3.172800  0.000000  3.855704            0           0           0  
      1.586400  2.747725  3.855704            0           0           0  
      1.574330  2.704886 11.184273    -0.000245    0.000075    0.002540  
     -0.029973  5.443114 11.176014    -0.000758   -0.000550    0.007641  
      4.746769  2.725153 11.175670     0.000095    0.000888    0.007616  
      3.178558  5.442730 11.176238     0.000717   -0.000431    0.007675  
      1.557169  0.899068  1.424395            0           0           0  
     -0.000031  3.596217  1.424395            0           0           0  
      4.671569  0.899068  1.424395            0           0           0  
      3.114369  3.596217  1.424395            0           0           0  
      0.000031  1.798082  6.287164            0           0           0  
     -1.557169  4.495231  6.287164            0           0           0  
      3.114431  1.798082  6.287164            0           0           0  
      1.557231  4.495231  6.287164            0           0           0  
      0.049788  3.585454  8.788822    -0.000386    0.000170   -0.010280  
      1.573269  0.942497  8.786773     0.000052   -0.000520   -0.010006  
      3.099286  3.587001  8.786109     0.000455    0.000143   -0.009980  
      4.746561  0.873192  8.807446     0.000073   -0.000116   -0.023366  
     -0.004956  1.793343 13.529837    -0.002699   -0.001433   -0.111303  
     -1.598331  4.536633 13.549718    -0.000241   -0.000063   -0.122727  
      3.153453  1.793409 13.529557     0.002796   -0.001470   -0.111042  
      1.574233  4.528663 13.529674     0.000051    0.003098   -0.111044  
      1.568337  2.722201  7.507618     0.000020    0.000059    0.000586  
 
  14 f  =   15.587794 THz    97.940997 2PiTHz  519.952833 cm-1    64.465906 meV
             X         Y         Z           dx          dy          dz
      0.000032  1.831799  2.624395            0           0           0  
     -1.586368  4.579524  2.624395            0           0           0  
      3.172832  1.831799  2.624395            0           0           0  
      1.586431  4.579524  2.624395            0           0           0  
      1.586368  0.915927  5.087164            0           0           0  
     -0.000032  3.663652  5.087164            0           0           0  
      4.759169  0.915927  5.087164            0           0           0  
      3.172769  3.663652  5.087164            0           0           0  
     -0.040871  1.772020  9.936509    -0.001907   -0.000972   -0.020638  
     -1.598223  4.536617  9.850069     0.000080    0.000011   -0.015573  
      3.188852  1.772626  9.935351     0.001968   -0.001151   -0.020503  
      1.574425  4.570632  9.937848    -0.000124    0.002165   -0.020675  
     -0.022373  3.626861 12.447627    -0.000610    0.000326    0.003186  
      1.574113  0.861311 12.447845     0.000016   -0.000699    0.003230  
      3.170905  3.627131 12.447736     0.000622    0.000316    0.003215  
      4.746886  0.873562 12.447495     0.000012   -0.000013    0.001742  
      0.000000  0.000000  3.855704            0           0           0  
     -1.586400  2.747725  3.855704            0           0           0  
      3.172800  0.000000  3.855704            0           0           0  
      1.586400  2.747725  3.855704            0           0           0  
      1.574330  2.704886 11.184273     0.000123   -0.000054    0.001636  
     -0.029973  5.443114 11.176014     0.008977    0.005072   -0.002086  
      4.746769  2.725153 11.175670     0.000096   -0.010226   -0.002077  
      3.178558  5.442730 11.176238    -0.008982    0.005202   -0.002408  
      1.557169  0.899068  1.424395            0           0           0  
     -0.000031  3.596217  1.424395            0           0           0  
      4.671569  0.899068  1.424395            0           0           0  
      3.114369  3.596217  1.424395            0           0           0  
      0.000031  1.798082  6.287164            0           0           0  
     -1.557169  4.495231  6.287164            0           0           0  
      3.114431  1.798082  6.287164            0           0           0  
      1.557231  4.495231  6.287164            0           0           0  
      0.049788  3.585454  8.788822    -0.007684    0.004088    0.097014  
      1.573269  0.942497  8.786773    -0.000231   -0.008897    0.095257  
      3.099286  3.587001  8.786109     0.007810    0.004355    0.095169  
      4.746561  0.873192  8.807446    -0.000024    0.000089    0.146122  
     -0.004956  1.793343 13.529837    -0.002036   -0.000930   -0.010878  
     -1.598331  4.536633 13.549718    -0.000042    0.000015   -0.015724  
      3.153453  1.793409 13.529557     0.001910   -0.001013   -0.010931  
      1.574233  4.528663 13.529674    -0.000131    0.002308   -0.010639  
      1.568337  2.722201  7.507618    -0.000415   -0.000503    0.096485  
 
  15 f  =   14.879069 THz    93.487945 2PiTHz  496.312306 cm-1    61.534856 meV
             X         Y         Z           dx          dy          dz
      0.000032  1.831799  2.624395            0           0           0  
     -1.586368  4.579524  2.624395            0           0           0  
      3.172832  1.831799  2.624395            0           0           0  
      1.586431  4.579524  2.624395            0           0           0  
      1.586368  0.915927  5.087164            0           0           0  
     -0.000032  3.663652  5.087164            0           0           0  
      4.759169  0.915927  5.087164            0           0           0  
      3.172769  3.663652  5.087164            0           0           0  
     -0.040871  1.772020  9.936509     0.019157    0.011264   -0.000718  
     -1.598223  4.536617  9.850069     0.000224   -0.000032   -0.011079  
      3.188852  1.772626  9.935351    -0.019097    0.010926   -0.000368  
      1.574425  4.570632  9.937848    -0.000265   -0.022176   -0.000635  
     -0.022373  3.626861 12.447627     0.001833   -0.001064   -0.000876  
      1.574113  0.861311 12.447845     0.000001    0.002151   -0.000864  
      3.170905  3.627131 12.447736    -0.001849   -0.001073   -0.000869  
      4.746886  0.873562 12.447495    -0.000013    0.000028    0.002563  
      0.000000  0.000000  3.855704            0           0           0  
     -1.586400  2.747725  3.855704            0           0           0  
      3.172800  0.000000  3.855704            0           0           0  
      1.586400  2.747725  3.855704            0           0           0  
      1.574330  2.704886 11.184273     0.000140   -0.000022    0.012042  
     -0.029973  5.443114 11.176014    -0.003631   -0.002051   -0.006971  
      4.746769  2.725153 11.175670    -0.000052    0.004235   -0.007200  
      3.178558  5.442730 11.176238     0.003608   -0.002087   -0.007540  
      1.557169  0.899068  1.424395            0           0           0  
     -0.000031  3.596217  1.424395            0           0           0  
      4.671569  0.899068  1.424395            0           0           0  
      3.114369  3.596217  1.424395            0           0           0  
      0.000031  1.798082  6.287164            0           0           0  
     -1.557169  4.495231  6.287164            0           0           0  
      3.114431  1.798082  6.287164            0           0           0  
      1.557231  4.495231  6.287164            0           0           0  
      0.049788  3.585454  8.788822    -0.010078    0.005712    0.078992  
      1.573269  0.942497  8.786773    -0.000325   -0.011804    0.076124  
      3.099286  3.587001  8.786109     0.010286    0.006166    0.074629  
      4.746561  0.873192  8.807446     0.000097   -0.000162   -0.176398  
     -0.004956  1.793343 13.529837     0.009074    0.005154    0.004114  
     -1.598331  4.536633 13.549718     0.000088    0.000003    0.003982  
      3.153453  1.793409 13.529557    -0.009060    0.005117    0.004417  
      1.574233  4.528663 13.529674    -0.000015   -0.010438    0.004276  
      1.568337  2.722201  7.507618    -0.000816   -0.000699    0.095175  
 
  16 f  =   14.539814 THz    91.356344 2PiTHz  484.995980 cm-1    60.131811 meV
             X         Y         Z           dx          dy          dz
      0.000032  1.831799  2.624395            0           0           0  
     -1.586368  4.579524  2.624395            0           0           0  
      3.172832  1.831799  2.624395            0           0           0  
      1.586431  4.579524  2.624395            0           0           0  
      1.586368  0.915927  5.087164            0           0           0  
     -0.000032  3.663652  5.087164            0           0           0  
      4.759169  0.915927  5.087164            0           0           0  
      3.172769  3.663652  5.087164            0           0           0  
     -0.040871  1.772020  9.936509    -0.001547   -0.000867   -0.000366  
     -1.598223  4.536617  9.850069     0.000060   -0.000019    0.002192  
      3.188852  1.772626  9.935351     0.001590   -0.000913   -0.000300  
      1.574425  4.570632  9.937848    -0.000017    0.001780   -0.000369  
     -0.022373  3.626861 12.447627    -0.018952    0.011066    0.002895  
      1.574113  0.861311 12.447845     0.000394   -0.021773    0.003123  
      3.170905  3.627131 12.447736     0.018980    0.010620    0.003225  
      4.746886  0.873562 12.447495    -0.000398    0.000114   -0.011474  
      0.000000  0.000000  3.855704            0           0           0  
     -1.586400  2.747725  3.855704            0           0           0  
      3.172800  0.000000  3.855704            0           0           0  
      1.586400  2.747725  3.855704            0           0           0  
      1.574330  2.704886 11.184273    -0.000082    0.000003    0.017423  
     -0.029973  5.443114 11.176014    -0.003574   -0.001907   -0.008059  
      4.746769  2.725153 11.175670    -0.000109    0.003961   -0.007894  
      3.178558  5.442730 11.176238     0.003473   -0.001975   -0.007472  
      1.557169  0.899068  1.424395            0           0           0  
     -0.000031  3.596217  1.424395            0           0           0  
      4.671569  0.899068  1.424395            0           0           0  
      3.114369  3.596217  1.424395            0           0           0  
      0.000031  1.798082  6.287164            0           0           0  
     -1.557169  4.495231  6.287164            0           0           0  
      3.114431  1.798082  6.287164            0           0           0  
      1.557231  4.495231  6.287164            0           0           0  
      0.049788  3.585454  8.788822    -0.006676    0.003812   -0.000832  
      1.573269  0.942497  8.786773     0.000185   -0.007526   -0.001115  
      3.099286  3.587001  8.786109     0.006617    0.003598   -0.000963  
      4.746561  0.873192  8.807446    -0.000456    0.000237   -0.006957  
     -0.004956  1.793343 13.529837     0.000642    0.000058    0.073612  
     -1.598331  4.536633 13.549718    -0.000578   -0.000243   -0.193468  
      3.153453  1.793409 13.529557    -0.000608    0.000446    0.067873  
      1.574233  4.528663 13.529674     0.000301   -0.000580    0.072054  
      1.568337  2.722201  7.507618    -0.000057   -0.000027    0.002390  
 
  17 f  =   14.421332 THz    90.611901 2PiTHz  481.043853 cm-1    59.641810 meV
             X         Y         Z           dx          dy          dz
      0.000032  1.831799  2.624395            0           0           0  
     -1.586368  4.579524  2.624395            0           0           0  
      3.172832  1.831799  2.624395            0           0           0  
      1.586431  4.579524  2.624395            0           0           0  
      1.586368  0.915927  5.087164            0           0           0  
     -0.000032  3.663652  5.087164            0           0           0  
      4.759169  0.915927  5.087164            0           0           0  
      3.172769  3.663652  5.087164            0           0           0  
     -0.040871  1.772020  9.936509    -0.001162   -0.000381    0.002053  
     -1.598223  4.536617  9.850069    -0.002663   -0.001876    0.000035  
      3.188852  1.772626  9.935351     0.000971    0.002619   -0.000870  
      1.574425  4.570632  9.937848     0.002513   -0.000637   -0.001180  
     -0.022373  3.626861 12.447627    -0.007947   -0.019425    0.004408  
      1.574113  0.861311 12.447845    -0.018326    0.004284    0.006456  
      3.170905  3.627131 12.447736     0.008070    0.001789   -0.010817  
      4.746886  0.873562 12.447495     0.017653    0.012932   -0.000151  
      0.000000  0.000000  3.855704            0           0           0  
     -1.586400  2.747725  3.855704            0           0           0  
      3.172800  0.000000  3.855704            0           0           0  
      1.586400  2.747725  3.855704            0           0           0  
      1.574330  2.704886 11.184273     0.000799    0.000631    0.000183  
     -0.029973  5.443114 11.176014     0.002936    0.001778    0.020119  
      4.746769  2.725153 11.175670     0.000459    0.002092   -0.012175  
      3.178558  5.442730 11.176238     0.001566   -0.000261   -0.008224  
      1.557169  0.899068  1.424395            0           0           0  
     -0.000031  3.596217  1.424395            0           0           0  
      4.671569  0.899068  1.424395            0           0           0  
      3.114369  3.596217  1.424395            0           0           0  
      0.000031  1.798082  6.287164            0           0           0  
     -1.557169  4.495231  6.287164            0           0           0  
      3.114431  1.798082  6.287164            0           0           0  
      1.557231  4.495231  6.287164            0           0           0  
      0.049788  3.585454  8.788822    -0.004003   -0.008290   -0.001931  
      1.573269  0.942497  8.786773    -0.007880    0.001357   -0.001124  
      3.099286  3.587001  8.786109     0.002559    0.000241    0.002831  
      4.746561  0.873192  8.807446     0.009704    0.007170   -0.000027  
     -0.004956  1.793343 13.529837     0.002557    0.000775   -0.185455  
     -1.598331  4.536633 13.549718     0.000342    0.000456   -0.002102  
      3.153453  1.793409 13.529557    -0.000955   -0.003392    0.076285  
      1.574233  4.528663 13.529674    -0.002978    0.001584    0.111887  
      1.568337  2.722201  7.507618     0.003846    0.002678   -0.000089  
 
  18 f  =   14.419882 THz    90.602794 2PiTHz  480.995506 cm-1    59.635815 meV
             X         Y         Z           dx          dy          dz
      0.000032  1.831799  2.624395            0           0           0  
     -1.586368  4.579524  2.624395            0           0           0  
      3.172832  1.831799  2.624395            0           0           0  
      1.586431  4.579524  2.624395            0           0           0  
      1.586368  0.915927  5.087164            0           0           0  
     -0.000032  3.663652  5.087164            0           0           0  
      4.759169  0.915927  5.087164            0           0           0  
      3.172769  3.663652  5.087164            0           0           0  
     -0.040871  1.772020  9.936509     0.001423   -0.002849    0.000263  
     -1.598223  4.536617  9.850069    -0.002070    0.002707    0.000020  
      3.188852  1.772626  9.935351    -0.001594   -0.000477   -0.002016  
      1.574425  4.570632  9.937848     0.001964    0.001017    0.001695  
     -0.022373  3.626861 12.447627     0.010365    0.004573    0.010030  
      1.574113  0.861311 12.447845    -0.013443   -0.006504   -0.008754  
      3.170905  3.627131 12.447736    -0.010301    0.020150   -0.001167  
      4.746886  0.873562 12.447495     0.012959   -0.017644   -0.000179  
      0.000000  0.000000  3.855704            0           0           0  
     -1.586400  2.747725  3.855704            0           0           0  
      3.172800  0.000000  3.855704            0           0           0  
      1.586400  2.747725  3.855704            0           0           0  
      1.574330  2.704886 11.184273     0.000564   -0.000805    0.000243  
     -0.029973  5.443114 11.176014     0.000571   -0.000306    0.002055  
      4.746769  2.725153 11.175670     0.000329   -0.002770    0.016249  
      3.178558  5.442730 11.176238     0.002794   -0.001904   -0.018594  
      1.557169  0.899068  1.424395            0           0           0  
     -0.000031  3.596217  1.424395            0           0           0  
      4.671569  0.899068  1.424395            0           0           0  
      3.114369  3.596217  1.424395            0           0           0  
      0.000031  1.798082  6.287164            0           0           0  
     -1.557169  4.495231  6.287164            0           0           0  
      3.114431  1.798082  6.287164            0           0           0  
      1.557231  4.495231  6.287164            0           0           0  
      0.049788  3.585454  8.788822     0.003477    0.002640   -0.004155  
      1.573269  0.942497  8.786773    -0.005720   -0.001951    0.003067  
      3.099286  3.587001  8.786109    -0.004624    0.008508    0.001310  
      4.746561  0.873192  8.807446     0.007161   -0.009839    0.000105  
     -0.004956  1.793343 13.529837    -0.001410    0.003126   -0.019453  
     -1.598331  4.536633 13.549718     0.000127   -0.000371   -0.002761  
      3.153453  1.793409 13.529557     0.002412    0.000163    0.172589  
      1.574233  4.528663 13.529674    -0.001704   -0.002163   -0.150107  
      1.568337  2.722201  7.507618     0.003127   -0.004095    0.000110  
 
  19 f  =   14.178338 THz    89.085127 2PiTHz  472.938458 cm-1    58.636869 meV
             X         Y         Z           dx          dy          dz
      0.000032  1.831799  2.624395            0           0           0  
     -1.586368  4.579524  2.624395            0           0           0  
      3.172832  1.831799  2.624395            0           0           0  
      1.586431  4.579524  2.624395            0           0           0  
      1.586368  0.915927  5.087164            0           0           0  
     -0.000032  3.663652  5.087164            0           0           0  
      4.759169  0.915927  5.087164            0           0           0  
      3.172769  3.663652  5.087164            0           0           0  
     -0.040871  1.772020  9.936509     0.005710   -0.017465    0.005674  
     -1.598223  4.536617  9.850069    -0.014914    0.009047   -0.000326  
      3.188852  1.772626  9.935351    -0.007703    0.003955   -0.012290  
      1.574425  4.570632  9.937848     0.017503    0.004095    0.006140  
     -0.022373  3.626861 12.447627     0.001030   -0.000568    0.000543  
      1.574113  0.861311 12.447845    -0.000923   -0.000594   -0.000264  
      3.170905  3.627131 12.447736    -0.000003    0.001093   -0.000246  
      4.746886  0.873562 12.447495     0.001731   -0.001061    0.000039  
      0.000000  0.000000  3.855704            0           0           0  
     -1.586400  2.747725  3.855704            0           0           0  
      3.172800  0.000000  3.855704            0           0           0  
      1.586400  2.747725  3.855704            0           0           0  
      1.574330  2.704886 11.184273    -0.007226    0.004347   -0.000098  
     -0.029973  5.443114 11.176014    -0.000495    0.000037   -0.009939  
      4.746769  2.725153 11.175670    -0.000268    0.000439   -0.010741  
      3.178558  5.442730 11.176238    -0.000774    0.000464    0.020341  
      1.557169  0.899068  1.424395            0           0           0  
     -0.000031  3.596217  1.424395            0           0           0  
      4.671569  0.899068  1.424395            0           0           0  
      3.114369  3.596217  1.424395            0           0           0  
      0.000031  1.798082  6.287164            0           0           0  
     -1.557169  4.495231  6.287164            0           0           0  
      3.114431  1.798082  6.287164            0           0           0  
      1.557231  4.495231  6.287164            0           0           0  
      0.049788  3.585454  8.788822    -0.014348    0.008921   -0.186166  
      1.573269  0.942497  8.786773    -0.000981    0.008092    0.098339  
      3.099286  3.587001  8.786109    -0.007119   -0.003025    0.091704  
      4.746561  0.873192  8.807446     0.002848   -0.001869   -0.001269  
     -0.004956  1.793343 13.529837     0.002706   -0.008339    0.004759  
     -1.598331  4.536633 13.549718    -0.009471    0.005759    0.000128  
      3.153453  1.793409 13.529557    -0.003787    0.001968   -0.009476  
      1.574233  4.528663 13.529674     0.008383    0.002012    0.005106  
      1.568337  2.722201  7.507618     0.045150   -0.028740    0.003584  
 
  20 f  =   14.156416 THz    88.947382 2PiTHz  472.207195 cm-1    58.546204 meV
             X         Y         Z           dx          dy          dz
      0.000032  1.831799  2.624395            0           0           0  
     -1.586368  4.579524  2.624395            0           0           0  
      3.172832  1.831799  2.624395            0           0           0  
      1.586431  4.579524  2.624395            0           0           0  
      1.586368  0.915927  5.087164            0           0           0  
     -0.000032  3.663652  5.087164            0           0           0  
      4.759169  0.915927  5.087164            0           0           0  
      3.172769  3.663652  5.087164            0           0           0  
     -0.040871  1.772020  9.936509     0.011301   -0.004945   -0.010746  
     -1.598223  4.536617  9.850069     0.009089    0.015027    0.000078  
      3.188852  1.772626  9.935351    -0.009984   -0.017871    0.000275  
      1.574425  4.570632  9.937848    -0.010647    0.007354    0.010567  
     -0.022373  3.626861 12.447627     0.000632    0.001199   -0.000005  
      1.574113  0.861311 12.447845     0.000702   -0.001084   -0.000529  
      3.170905  3.627131 12.447736    -0.001229    0.000045    0.000559  
      4.746886  0.873562 12.447495    -0.001159   -0.001938   -0.000020  
      0.000000  0.000000  3.855704            0           0           0  
     -1.586400  2.747725  3.855704            0           0           0  
      3.172800  0.000000  3.855704            0           0           0  
      1.586400  2.747725  3.855704            0           0           0  
      1.574330  2.704886 11.184273     0.004340    0.007099   -0.000110  
     -0.029973  5.443114 11.176014     0.000514    0.000440    0.017626  
      4.746769  2.725153 11.175670     0.000108    0.000633   -0.017155  
      3.178558  5.442730 11.176238     0.000090    0.000145   -0.000358  
      1.557169  0.899068  1.424395            0           0           0  
     -0.000031  3.596217  1.424395            0           0           0  
      4.671569  0.899068  1.424395            0           0           0  
      3.114369  3.596217  1.424395            0           0           0  
      0.000031  1.798082  6.287164            0           0           0  
     -1.557169  4.495231  6.287164            0           0           0  
      3.114431  1.798082  6.287164            0           0           0  
      1.557231  4.495231  6.287164            0           0           0  
      0.049788  3.585454  8.788822     0.000909    0.000712    0.003264  
      1.573269  0.942497  8.786773    -0.000702    0.013731    0.159470  
      3.099286  3.587001  8.786109     0.012306    0.007112   -0.165020  
      4.746561  0.873192  8.807446    -0.001629   -0.002954    0.000872  
     -0.004956  1.793343 13.529837     0.005555   -0.002365   -0.006483  
     -1.598331  4.536633 13.549718     0.005790    0.009594   -0.000109  
      3.153453  1.793409 13.529557    -0.004893   -0.008691    0.000156  
      1.574233  4.528663 13.529674    -0.005231    0.003648    0.006387  
      1.568337  2.722201  7.507618    -0.027509   -0.047717    0.001674  
 
  21 f  =   12.945200 THz    81.337093 2PiTHz  431.805406 cm-1    53.537023 meV
             X         Y         Z           dx          dy          dz
      0.000032  1.831799  2.624395            0           0           0  
     -1.586368  4.579524  2.624395            0           0           0  
      3.172832  1.831799  2.624395            0           0           0  
      1.586431  4.579524  2.624395            0           0           0  
      1.586368  0.915927  5.087164            0           0           0  
     -0.000032  3.663652  5.087164            0           0           0  
      4.759169  0.915927  5.087164            0           0           0  
      3.172769  3.663652  5.087164            0           0           0  
     -0.040871  1.772020  9.936509     0.000426    0.000682    0.000412  
     -1.598223  4.536617  9.850069     0.000041   -0.000157    0.004957  
      3.188852  1.772626  9.935351    -0.000526    0.000579    0.000516  
      1.574425  4.570632  9.937848    -0.000138   -0.000933    0.000074  
     -0.022373  3.626861 12.447627    -0.002073    0.001215    0.001508  
      1.574113  0.861311 12.447845     0.000025   -0.002402    0.001458  
      3.170905  3.627131 12.447736     0.002092    0.001198    0.001494  
      4.746886  0.873562 12.447495     0.000005   -0.000023    0.000717  
      0.000000  0.000000  3.855704            0           0           0  
     -1.586400  2.747725  3.855704            0           0           0  
      3.172800  0.000000  3.855704            0           0           0  
      1.586400  2.747725  3.855704            0           0           0  
      1.574330  2.704886 11.184273    -0.000048   -0.000226   -0.014953  
     -0.029973  5.443114 11.176014     0.002208    0.001151    0.000701  
      4.746769  2.725153 11.175670     0.000116   -0.002410    0.000932  
      3.178558  5.442730 11.176238    -0.002180    0.001266    0.000597  
      1.557169  0.899068  1.424395            0           0           0  
     -0.000031  3.596217  1.424395            0           0           0  
      4.671569  0.899068  1.424395            0           0           0  
      3.114369  3.596217  1.424395            0           0           0  
      0.000031  1.798082  6.287164            0           0           0  
     -1.557169  4.495231  6.287164            0           0           0  
      3.114431  1.798082  6.287164            0           0           0  
      1.557231  4.495231  6.287164            0           0           0  
      0.049788  3.585454  8.788822    -0.036907    0.021646   -0.052436  
      1.573269  0.942497  8.786773     0.001341   -0.045792   -0.053448  
      3.099286  3.587001  8.786109     0.038203    0.020852   -0.052066  
      4.746561  0.873192  8.807446    -0.000125   -0.000063    0.013496  
     -0.004956  1.793343 13.529837     0.013973    0.009949    0.001023  
     -1.598331  4.536633 13.549718     0.000364   -0.000831    0.012335  
      3.153453  1.793409 13.529557    -0.014364    0.009210    0.001155  
      1.574233  4.528663 13.529674    -0.000792   -0.017601    0.001118  
      1.568337  2.722201  7.507618    -0.003701    0.001980    0.352218  
 
  22 f  =   12.441221 THz    78.170499 2PiTHz  414.994474 cm-1    51.452734 meV
             X         Y         Z           dx          dy          dz
      0.000032  1.831799  2.624395            0           0           0  
     -1.586368  4.579524  2.624395            0           0           0  
      3.172832  1.831799  2.624395            0           0           0  
      1.586431  4.579524  2.624395            0           0           0  
      1.586368  0.915927  5.087164            0           0           0  
     -0.000032  3.663652  5.087164            0           0           0  
      4.759169  0.915927  5.087164            0           0           0  
      3.172769  3.663652  5.087164            0           0           0  
     -0.040871  1.772020  9.936509     0.001834    0.000761   -0.004769  
     -1.598223  4.536617  9.850069     0.001401    0.004510    0.000028  
      3.188852  1.772626  9.935351    -0.000681   -0.000291   -0.001344  
      1.574425  4.570632  9.937848     0.000117    0.002410    0.006199  
     -0.022373  3.626861 12.447627    -0.001303   -0.001596   -0.000789  
      1.574113  0.861311 12.447845    -0.000563    0.001705    0.003525  
      3.170905  3.627131 12.447736     0.001942   -0.000517   -0.002722  
      4.746886  0.873562 12.447495     0.001959    0.005985    0.000028  
      0.000000  0.000000  3.855704            0           0           0  
     -1.586400  2.747725  3.855704            0           0           0  
      3.172800  0.000000  3.855704            0           0           0  
      1.586400  2.747725  3.855704            0           0           0  
      1.574330  2.704886 11.184273     0.005388    0.017075    0.000030  
     -0.029973  5.443114 11.176014     0.004090   -0.008415   -0.006456  
      4.746769  2.725153 11.175670    -0.004268   -0.000799    0.008268  
      3.178558  5.442730 11.176238    -0.006568   -0.011725   -0.001782  
      1.557169  0.899068  1.424395            0           0           0  
     -0.000031  3.596217  1.424395            0           0           0  
      4.671569  0.899068  1.424395            0           0           0  
      3.114369  3.596217  1.424395            0           0           0  
      0.000031  1.798082  6.287164            0           0           0  
     -1.557169  4.495231  6.287164            0           0           0  
      3.114431  1.798082  6.287164            0           0           0  
      1.557231  4.495231  6.287164            0           0           0  
      0.049788  3.585454  8.788822    -0.067411   -0.108036    0.001728  
      1.573269  0.942497  8.786773    -0.037867    0.017166   -0.010889  
      3.099286  3.587001  8.786109     0.054052   -0.065027    0.008218  
      4.746561  0.873192  8.807446     0.031739    0.101647   -0.000102  
     -0.004956  1.793343 13.529837     0.044183   -0.050415    0.013862  
     -1.598331  4.536633 13.549718     0.027235    0.089068    0.000019  
      3.153453  1.793409 13.529557    -0.051375   -0.081790    0.003822  
      1.574233  4.528663 13.529674    -0.029407    0.018210   -0.017788  
      1.568337  2.722201  7.507618     0.005867    0.019498    0.001547  
 
  23 f  =   12.424717 THz    78.066798 2PiTHz  414.443940 cm-1    51.384477 meV
             X         Y         Z           dx          dy          dz
      0.000032  1.831799  2.624395            0           0           0  
     -1.586368  4.579524  2.624395            0           0           0  
      3.172832  1.831799  2.624395            0           0           0  
      1.586431  4.579524  2.624395            0           0           0  
      1.586368  0.915927  5.087164            0           0           0  
     -0.000032  3.663652  5.087164            0           0           0  
      4.759169  0.915927  5.087164            0           0           0  
      3.172769  3.663652  5.087164            0           0           0  
     -0.040871  1.772020  9.936509    -0.001251   -0.001330    0.004361  
     -1.598223  4.536617  9.850069    -0.004658    0.001531   -0.000062  
      3.188852  1.772626  9.935351    -0.002073    0.001171   -0.006326  
      1.574425  4.570632  9.937848     0.000580    0.000659    0.001967  
     -0.022373  3.626861 12.447627    -0.001092    0.001117   -0.003713  
      1.574113  0.861311 12.447845     0.002112    0.000555    0.001086  
      3.170905  3.627131 12.447736    -0.000303   -0.002106    0.002450  
      4.746886  0.873562 12.447495    -0.005948    0.001855    0.000050  
      0.000000  0.000000  3.855704            0           0           0  
     -1.586400  2.747725  3.855704            0           0           0  
      3.172800  0.000000  3.855704            0           0           0  
      1.586400  2.747725  3.855704            0           0           0  
      1.574330  2.704886 11.184273    -0.017119    0.005523    0.000318  
     -0.029973  5.443114 11.176014     0.005741   -0.008662    0.005809  
      4.746769  2.725153 11.175670     0.013369   -0.000254    0.002538  
      3.178558  5.442730 11.176238     0.002289    0.002129   -0.008403  
      1.557169  0.899068  1.424395            0           0           0  
     -0.000031  3.596217  1.424395            0           0           0  
      4.671569  0.899068  1.424395            0           0           0  
      3.114369  3.596217  1.424395            0           0           0  
      0.000031  1.798082  6.287164            0           0           0  
     -1.557169  4.495231  6.287164            0           0           0  
      3.114431  1.798082  6.287164            0           0           0  
      1.557231  4.495231  6.287164            0           0           0  
      0.049788  3.585454  8.788822    -0.000796    0.032289    0.011021  
      1.573269  0.942497  8.786773     0.121070    0.005812   -0.002921  
      3.099286  3.587001  8.786109     0.035437   -0.086200   -0.007737  
      4.746561  0.873192  8.807446    -0.101432    0.033152   -0.000274  
     -0.004956  1.793343 13.529837     0.023873   -0.070353   -0.012373  
     -1.598331  4.536633 13.549718    -0.090940    0.030397    0.000304  
      3.153453  1.793409 13.529557    -0.004470    0.026438    0.017726  
      1.574233  4.528663 13.529674     0.094190    0.007589   -0.005434  
      1.568337  2.722201  7.507618    -0.017351    0.005840    0.001089  
 
  24 f  =   12.149494 THz    76.337523 2PiTHz  405.263501 cm-1    50.246248 meV
             X         Y         Z           dx          dy          dz
      0.000032  1.831799  2.624395            0           0           0  
     -1.586368  4.579524  2.624395            0           0           0  
      3.172832  1.831799  2.624395            0           0           0  
      1.586431  4.579524  2.624395            0           0           0  
      1.586368  0.915927  5.087164            0           0           0  
     -0.000032  3.663652  5.087164            0           0           0  
      4.759169  0.915927  5.087164            0           0           0  
      3.172769  3.663652  5.087164            0           0           0  
     -0.040871  1.772020  9.936509    -0.000112   -0.003629    0.002346  
     -1.598223  4.536617  9.850069     0.001653    0.002475   -0.000000  
      3.188852  1.772626  9.935351    -0.003277   -0.005462   -0.000185  
      1.574425  4.570632  9.937848    -0.003838   -0.001672   -0.002265  
     -0.022373  3.626861 12.447627     0.001049    0.001937    0.000146  
      1.574113  0.861311 12.447845     0.001232   -0.000722    0.001428  
      3.170905  3.627131 12.447736    -0.001076    0.000525   -0.001471  
      4.746886  0.873562 12.447495    -0.001492   -0.002254    0.000014  
      0.000000  0.000000  3.855704            0           0           0  
     -1.586400  2.747725  3.855704            0           0           0  
      3.172800  0.000000  3.855704            0           0           0  
      1.586400  2.747725  3.855704            0           0           0  
      1.574330  2.704886 11.184273     0.000933    0.001306    0.000144  
     -0.029973  5.443114 11.176014    -0.000069   -0.001081   -0.003052  
      4.746769  2.725153 11.175670    -0.001224   -0.000522    0.002748  
      3.178558  5.442730 11.176238    -0.001145   -0.001920    0.000138  
      1.557169  0.899068  1.424395            0           0           0  
     -0.000031  3.596217  1.424395            0           0           0  
      4.671569  0.899068  1.424395            0           0           0  
      3.114369  3.596217  1.424395            0           0           0  
      0.000031  1.798082  6.287164            0           0           0  
     -1.557169  4.495231  6.287164            0           0           0  
      3.114431  1.798082  6.287164            0           0           0  
      1.557231  4.495231  6.287164            0           0           0  
      0.049788  3.585454  8.788822     0.059034    0.103856   -0.000693  
      1.573269  0.942497  8.786773     0.062706   -0.017181   -0.013697  
      3.099286  3.587001  8.786109    -0.041223    0.033700    0.014503  
      4.746561  0.873192  8.807446    -0.030577   -0.046596   -0.000026  
     -0.004956  1.793343 13.529837     0.055428   -0.030416   -0.007800  
     -1.598331  4.536633 13.549718     0.060791    0.091890   -0.000318  
      3.153453  1.793409 13.529557    -0.058512   -0.107457    0.000508  
      1.574233  4.528663 13.529674    -0.068179    0.031649    0.007384  
      1.568337  2.722201  7.507618    -0.009728   -0.015986    0.001177  
 
  25 f  =   12.142396 THz    76.292924 2PiTHz  405.026732 cm-1    50.216892 meV
             X         Y         Z           dx          dy          dz
      0.000032  1.831799  2.624395            0           0           0  
     -1.586368  4.579524  2.624395            0           0           0  
      3.172832  1.831799  2.624395            0           0           0  
      1.586431  4.579524  2.624395            0           0           0  
      1.586368  0.915927  5.087164            0           0           0  
     -0.000032  3.663652  5.087164            0           0           0  
      4.759169  0.915927  5.087164            0           0           0  
      3.172769  3.663652  5.087164            0           0           0  
     -0.040871  1.772020  9.936509    -0.003594    0.004611    0.001156  
     -1.598223  4.536617  9.850069     0.002326   -0.001543   -0.000118  
      3.188852  1.772626  9.935351    -0.001521    0.001198   -0.002756  
      1.574425  4.570632  9.937848    -0.005225    0.000964    0.001488  
     -0.022373  3.626861 12.447627    -0.000761    0.000278    0.001692  
      1.574113  0.861311 12.447845     0.001818    0.000527   -0.000941  
      3.170905  3.627131 12.447736     0.000676   -0.001920   -0.000768  
      4.746886  0.873562 12.447495    -0.002278    0.001509    0.000043  
      0.000000  0.000000  3.855704            0           0           0  
     -1.586400  2.747725  3.855704            0           0           0  
      3.172800  0.000000  3.855704            0           0           0  
      1.586400  2.747725  3.855704            0           0           0  
      1.574330  2.704886 11.184273     0.001279   -0.000787    0.000187  
     -0.029973  5.443114 11.176014    -0.001377    0.001491   -0.001396  
      4.746769  2.725153 11.175670    -0.001899    0.000507   -0.001814  
      3.178558  5.442730 11.176238    -0.000377    0.000351    0.003224  
      1.557169  0.899068  1.424395            0           0           0  
     -0.000031  3.596217  1.424395            0           0           0  
      4.671569  0.899068  1.424395            0           0           0  
      3.114369  3.596217  1.424395            0           0           0  
      0.000031  1.798082  6.287164            0           0           0  
     -1.557169  4.495231  6.287164            0           0           0  
      3.114431  1.798082  6.287164            0           0           0  
      1.557231  4.495231  6.287164            0           0           0  
      0.049788  3.585454  8.788822    -0.022406    0.002876   -0.015629  
      1.573269  0.942497  8.786773     0.099751    0.012338    0.009913  
      3.099286  3.587001  8.786109     0.044010   -0.095200    0.007500  
      4.746561  0.873192  8.807446    -0.049835    0.033564   -0.000490  
     -0.004956  1.793343 13.529837    -0.040087    0.101571   -0.003919  
     -1.598331  4.536633 13.549718     0.090779   -0.060963   -0.000312  
      3.153453  1.793409 13.529557     0.036894   -0.012686    0.009340  
      1.574233  4.528663 13.529674    -0.101011   -0.019763   -0.005011  
      1.568337  2.722201  7.507618    -0.014765    0.010723   -0.003003  
 
  26 f  =   12.009232 THz    75.456229 2PiTHz  400.584857 cm-1    49.666170 meV
             X         Y         Z           dx          dy          dz
      0.000032  1.831799  2.624395            0           0           0  
     -1.586368  4.579524  2.624395            0           0           0  
      3.172832  1.831799  2.624395            0           0           0  
      1.586431  4.579524  2.624395            0           0           0  
      1.586368  0.915927  5.087164            0           0           0  
     -0.000032  3.663652  5.087164            0           0           0  
      4.759169  0.915927  5.087164            0           0           0  
      3.172769  3.663652  5.087164            0           0           0  
     -0.040871  1.772020  9.936509    -0.003874   -0.002240   -0.001077  
     -1.598223  4.536617  9.850069     0.000050   -0.000069    0.002454  
      3.188852  1.772626  9.935351     0.004106   -0.002301   -0.000884  
      1.574425  4.570632  9.937848     0.000056    0.004340   -0.001110  
     -0.022373  3.626861 12.447627     0.003054   -0.001752   -0.001490  
      1.574113  0.861311 12.447845    -0.000176    0.003521   -0.001601  
      3.170905  3.627131 12.447736    -0.003083   -0.001610   -0.001574  
      4.746886  0.873562 12.447495    -0.000016   -0.000050    0.002688  
      0.000000  0.000000  3.855704            0           0           0  
     -1.586400  2.747725  3.855704            0           0           0  
      3.172800  0.000000  3.855704            0           0           0  
      1.586400  2.747725  3.855704            0           0           0  
      1.574330  2.704886 11.184273     0.000354   -0.000222    0.017666  
     -0.029973  5.443114 11.176014    -0.007705   -0.004137   -0.001920  
      4.746769  2.725153 11.175670    -0.000220    0.008766   -0.001877  
      3.178558  5.442730 11.176238     0.007490   -0.004286   -0.001797  
      1.557169  0.899068  1.424395            0           0           0  
     -0.000031  3.596217  1.424395            0           0           0  
      4.671569  0.899068  1.424395            0           0           0  
      3.114369  3.596217  1.424395            0           0           0  
      0.000031  1.798082  6.287164            0           0           0  
     -1.557169  4.495231  6.287164            0           0           0  
      3.114431  1.798082  6.287164            0           0           0  
      1.557231  4.495231  6.287164            0           0           0  
      0.049788  3.585454  8.788822     0.020842   -0.012259   -0.000744  
      1.573269  0.942497  8.786773    -0.002789    0.022287   -0.000360  
      3.099286  3.587001  8.786109    -0.021365   -0.009577   -0.000422  
      4.746561  0.873192  8.807446     0.000473    0.000766   -0.020756  
     -0.004956  1.793343 13.529837    -0.118271   -0.067724    0.005371  
     -1.598331  4.536633 13.549718     0.000047   -0.001301   -0.002617  
      3.153453  1.793409 13.529557     0.120992   -0.068823    0.005221  
      1.574233  4.528663 13.529674    -0.000275    0.136986    0.005266  
      1.568337  2.722201  7.507618    -0.000793    0.000972    0.081694  
 
  27 f  =   11.643609 THz    73.158953 2PiTHz  388.388990 cm-1    48.154076 meV
             X         Y         Z           dx          dy          dz
      0.000032  1.831799  2.624395            0           0           0  
     -1.586368  4.579524  2.624395            0           0           0  
      3.172832  1.831799  2.624395            0           0           0  
      1.586431  4.579524  2.624395            0           0           0  
      1.586368  0.915927  5.087164            0           0           0  
     -0.000032  3.663652  5.087164            0           0           0  
      4.759169  0.915927  5.087164            0           0           0  
      3.172769  3.663652  5.087164            0           0           0  
     -0.040871  1.772020  9.936509    -0.004266    0.008275   -0.000009  
     -1.598223  4.536617  9.850069     0.000102    0.000209    0.000000  
      3.188852  1.772626  9.935351    -0.004857   -0.007793    0.000023  
      1.574425  4.570632  9.937848     0.009248    0.000781   -0.000038  
     -0.022373  3.626861 12.447627    -0.001476   -0.002305    0.000002  
      1.574113  0.861311 12.447845     0.003099    0.000312   -0.000038  
      3.170905  3.627131 12.447736    -0.001496    0.002921    0.000034  
      4.746886  0.873562 12.447495    -0.000010   -0.000083    0.000003  
      0.000000  0.000000  3.855704            0           0           0  
     -1.586400  2.747725  3.855704            0           0           0  
      3.172800  0.000000  3.855704            0           0           0  
      1.586400  2.747725  3.855704            0           0           0  
      1.574330  2.704886 11.184273    -0.000056   -0.000114    0.000037  
     -0.029973  5.443114 11.176014     0.000962   -0.001974   -0.000023  
      4.746769  2.725153 11.175670    -0.002187   -0.000265   -0.000003  
      3.178558  5.442730 11.176238     0.001289    0.001944    0.000008  
      1.557169  0.899068  1.424395            0           0           0  
     -0.000031  3.596217  1.424395            0           0           0  
      4.671569  0.899068  1.424395            0           0           0  
      3.114369  3.596217  1.424395            0           0           0  
      0.000031  1.798082  6.287164            0           0           0  
     -1.557169  4.495231  6.287164            0           0           0  
      3.114431  1.798082  6.287164            0           0           0  
      1.557231  4.495231  6.287164            0           0           0  
      0.049788  3.585454  8.788822    -0.065420   -0.111950    0.000024  
      1.573269  0.942497  8.786773     0.130316    0.000812    0.000282  
      3.099286  3.587001  8.786109    -0.065581    0.112749   -0.000281  
      4.746561  0.873192  8.807446    -0.000627   -0.010343   -0.000015  
     -0.004956  1.793343 13.529837    -0.026754    0.047888   -0.000305  
     -1.598331  4.536633 13.549718    -0.000066   -0.002540   -0.000012  
      3.153453  1.793409 13.529557    -0.031017   -0.051691   -0.000284  
      1.574233  4.528663 13.529674     0.057248    0.002195    0.000629  
      1.568337  2.722201  7.507618    -0.000159   -0.000823    0.000293  
 
  28 f  =   11.416059 THz    71.729212 2PiTHz  380.798726 cm-1    47.213004 meV
             X         Y         Z           dx          dy          dz
      0.000032  1.831799  2.624395            0           0           0  
     -1.586368  4.579524  2.624395            0           0           0  
      3.172832  1.831799  2.624395            0           0           0  
      1.586431  4.579524  2.624395            0           0           0  
      1.586368  0.915927  5.087164            0           0           0  
     -0.000032  3.663652  5.087164            0           0           0  
      4.759169  0.915927  5.087164            0           0           0  
      3.172769  3.663652  5.087164            0           0           0  
     -0.040871  1.772020  9.936509     0.000417   -0.006011   -0.000104  
     -1.598223  4.536617  9.850069     0.000793   -0.002096    0.000014  
      3.188852  1.772626  9.935351     0.007882   -0.009289   -0.000084  
      1.574425  4.570632  9.937848     0.002253   -0.014244    0.000143  
     -0.022373  3.626861 12.447627     0.006121   -0.007155   -0.000069  
      1.574113  0.861311 12.447845     0.001628   -0.010461    0.000115  
      3.170905  3.627131 12.447736     0.000364   -0.004690   -0.000005  
      4.746886  0.873562 12.447495    -0.000269    0.000699   -0.000061  
      0.000000  0.000000  3.855704            0           0           0  
     -1.586400  2.747725  3.855704            0           0           0  
      3.172800  0.000000  3.855704            0           0           0  
      1.586400  2.747725  3.855704            0           0           0  
      1.574330  2.704886 11.184273     0.001023   -0.002613    0.000414  
     -0.029973  5.443114 11.176014     0.000164    0.001718    0.000218  
      4.746769  2.725153 11.175670    -0.000639    0.005463   -0.002118  
      3.178558  5.442730 11.176238    -0.003451    0.003230    0.001574  
      1.557169  0.899068  1.424395            0           0           0  
     -0.000031  3.596217  1.424395            0           0           0  
      4.671569  0.899068  1.424395            0           0           0  
      3.114369  3.596217  1.424395            0           0           0  
      0.000031  1.798082  6.287164            0           0           0  
     -1.557169  4.495231  6.287164            0           0           0  
      3.114431  1.798082  6.287164            0           0           0  
      1.557231  4.495231  6.287164            0           0           0  
      0.049788  3.585454  8.788822     0.044183    0.019544   -0.003767  
      1.573269  0.942497  8.786773    -0.019636   -0.022429    0.004472  
      3.099286  3.587001  8.786109    -0.045130    0.057600   -0.000923  
      4.746561  0.873192  8.807446    -0.050326    0.143419    0.000053  
     -0.004956  1.793343 13.529837    -0.044150    0.059186    0.000508  
     -1.598331  4.536633 13.549718    -0.038979    0.104275   -0.000700  
      3.153453  1.793409 13.529557     0.065315    0.011731    0.001377  
      1.574233  4.528663 13.529674    -0.021821   -0.066191   -0.001503  
      1.568337  2.722201  7.507618     0.003278   -0.010350    0.004031  
 
  29 f  =   11.406880 THz    71.671538 2PiTHz  380.492548 cm-1    47.175042 meV
             X         Y         Z           dx          dy          dz
      0.000032  1.831799  2.624395            0           0           0  
     -1.586368  4.579524  2.624395            0           0           0  
      3.172832  1.831799  2.624395            0           0           0  
      1.586431  4.579524  2.624395            0           0           0  
      1.586368  0.915927  5.087164            0           0           0  
     -0.000032  3.663652  5.087164            0           0           0  
      4.759169  0.915927  5.087164            0           0           0  
      3.172769  3.663652  5.087164            0           0           0  
     -0.040871  1.772020  9.936509     0.013511    0.006552    0.000238  
     -1.598223  4.536617  9.850069     0.002067    0.000723    0.000019  
      3.188852  1.772626  9.935351     0.010677   -0.000767   -0.000032  
      1.574425  4.570632  9.937848     0.005433    0.005205   -0.000077  
     -0.022373  3.626861 12.447627     0.008178   -0.000514   -0.000118  
      1.574113  0.861311 12.447845     0.004222    0.003755   -0.000071  
      3.170905  3.627131 12.447736     0.010091    0.004901    0.000123  
      4.746886  0.873562 12.447495    -0.000758   -0.000284    0.000007  
      0.000000  0.000000  3.855704            0           0           0  
     -1.586400  2.747725  3.855704            0           0           0  
      3.172800  0.000000  3.855704            0           0           0  
      1.586400  2.747725  3.855704            0           0           0  
      1.574330  2.704886 11.184273     0.002489    0.000851   -0.000382  
     -0.029973  5.443114 11.176014    -0.005023   -0.002563   -0.002009  
      4.746769  2.725153 11.175670    -0.001309   -0.002035    0.000778  
      3.178558  5.442730 11.176238    -0.003941    0.000978    0.001489  
      1.557169  0.899068  1.424395            0           0           0  
     -0.000031  3.596217  1.424395            0           0           0  
      4.671569  0.899068  1.424395            0           0           0  
      3.114369  3.596217  1.424395            0           0           0  
      0.000031  1.798082  6.287164            0           0           0  
     -1.557169  4.495231  6.287164            0           0           0  
      3.114431  1.798082  6.287164            0           0           0  
      1.557231  4.495231  6.287164            0           0           0  
      0.049788  3.585454  8.788822    -0.010176   -0.051319   -0.003262  
      1.573269  0.942497  8.786773    -0.065520    0.007390   -0.001877  
      3.099286  3.587001  8.786109     0.021661    0.024772    0.004833  
      4.746561  0.873192  8.807446    -0.143600   -0.054247    0.000119  
     -0.004956  1.793343 13.529837     0.052237    0.043126   -0.001887  
     -1.598331  4.536633 13.549718    -0.105809   -0.037270    0.000510  
      3.153453  1.793409 13.529557     0.011684   -0.067672    0.000949  
      1.574233  4.528663 13.529674    -0.068113    0.022437    0.000534  
      1.568337  2.722201  7.507618     0.009048    0.003659   -0.001813  
 
  30 f  =   11.307287 THz    71.045779 2PiTHz  377.170491 cm-1    46.763160 meV
             X         Y         Z           dx          dy          dz
      0.000032  1.831799  2.624395            0           0           0  
     -1.586368  4.579524  2.624395            0           0           0  
      3.172832  1.831799  2.624395            0           0           0  
      1.586431  4.579524  2.624395            0           0           0  
      1.586368  0.915927  5.087164            0           0           0  
     -0.000032  3.663652  5.087164            0           0           0  
      4.759169  0.915927  5.087164            0           0           0  
      3.172769  3.663652  5.087164            0           0           0  
     -0.040871  1.772020  9.936509     0.000459   -0.000288    0.001077  
     -1.598223  4.536617  9.850069     0.000032   -0.000324   -0.000519  
      3.188852  1.772626  9.935351    -0.000673   -0.000193    0.000952  
      1.574425  4.570632  9.937848     0.000074   -0.001254    0.001129  
     -0.022373  3.626861 12.447627    -0.003285    0.001590   -0.000368  
      1.574113  0.861311 12.447845     0.000012   -0.004804   -0.000300  
      3.170905  3.627131 12.447736     0.003343    0.001595   -0.000319  
      4.746886  0.873562 12.447495    -0.000092    0.000108    0.000616  
      0.000000  0.000000  3.855704            0           0           0  
     -1.586400  2.747725  3.855704            0           0           0  
      3.172800  0.000000  3.855704            0           0           0  
      1.586400  2.747725  3.855704            0           0           0  
      1.574330  2.704886 11.184273    -0.000073    0.000007   -0.012345  
     -0.029973  5.443114 11.176014     0.001505    0.001011    0.003539  
      4.746769  2.725153 11.175670    -0.000010   -0.001536    0.003223  
      3.178558  5.442730 11.176238    -0.001421    0.000976    0.003560  
      1.557169  0.899068  1.424395            0           0           0  
     -0.000031  3.596217  1.424395            0           0           0  
      4.671569  0.899068  1.424395            0           0           0  
      3.114369  3.596217  1.424395            0           0           0  
      0.000031  1.798082  6.287164            0           0           0  
     -1.557169  4.495231  6.287164            0           0           0  
      3.114431  1.798082  6.287164            0           0           0  
      1.557231  4.495231  6.287164            0           0           0  
      0.049788  3.585454  8.788822    -0.115532    0.069953    0.003864  
      1.573269  0.942497  8.786773     0.000867   -0.129664    0.002697  
      3.099286  3.587001  8.786109     0.114119    0.069671    0.003049  
      4.746561  0.873192  8.807446     0.000516    0.004989    0.000523  
     -0.004956  1.793343 13.529837    -0.031394   -0.014138   -0.004572  
     -1.598331  4.536633 13.549718    -0.000564    0.006989    0.015773  
      3.153453  1.793409 13.529557     0.032305   -0.014477   -0.004558  
      1.574233  4.528663 13.529674     0.000109    0.029270   -0.004611  
      1.568337  2.722201  7.507618     0.002940   -0.005395   -0.119468  
 
  31 f  =   11.220274 THz    70.499063 2PiTHz  374.268065 cm-1    46.403305 meV
             X         Y         Z           dx          dy          dz
      0.000032  1.831799  2.624395            0           0           0  
     -1.586368  4.579524  2.624395            0           0           0  
      3.172832  1.831799  2.624395            0           0           0  
      1.586431  4.579524  2.624395            0           0           0  
      1.586368  0.915927  5.087164            0           0           0  
     -0.000032  3.663652  5.087164            0           0           0  
      4.759169  0.915927  5.087164            0           0           0  
      3.172769  3.663652  5.087164            0           0           0  
     -0.040871  1.772020  9.936509    -0.002792    0.005424   -0.000035  
     -1.598223  4.536617  9.850069     0.000052    0.000020   -0.000005  
      3.188852  1.772626  9.935351    -0.003258   -0.005180   -0.000004  
      1.574425  4.570632  9.937848     0.006118    0.000511    0.000029  
     -0.022373  3.626861 12.447627     0.004980    0.008261    0.000001  
      1.574113  0.861311 12.447845    -0.009448   -0.000481    0.000009  
      3.170905  3.627131 12.447736     0.004349   -0.008169    0.000007  
      4.746886  0.873562 12.447495    -0.000040    0.000253   -0.000000  
      0.000000  0.000000  3.855704            0           0           0  
     -1.586400  2.747725  3.855704            0           0           0  
      3.172800  0.000000  3.855704            0           0           0  
      1.586400  2.747725  3.855704            0           0           0  
      1.574330  2.704886 11.184273    -0.000028   -0.000075    0.000002  
     -0.029973  5.443114 11.176014    -0.000230    0.000529    0.000027  
      4.746769  2.725153 11.175670     0.000559    0.000096   -0.000036  
      3.178558  5.442730 11.176238    -0.000299   -0.000433   -0.000004  
      1.557169  0.899068  1.424395            0           0           0  
     -0.000031  3.596217  1.424395            0           0           0  
      4.671569  0.899068  1.424395            0           0           0  
      3.114369  3.596217  1.424395            0           0           0  
      0.000031  1.798082  6.287164            0           0           0  
     -1.557169  4.495231  6.287164            0           0           0  
      3.114431  1.798082  6.287164            0           0           0  
      1.557231  4.495231  6.287164            0           0           0  
      0.049788  3.585454  8.788822    -0.028462   -0.048906    0.000078  
      1.573269  0.942497  8.786773     0.056158    0.000133   -0.000035  
      3.099286  3.587001  8.786109    -0.028565    0.047807   -0.000053  
      4.746561  0.873192  8.807446    -0.000208   -0.005536    0.000026  
     -0.004956  1.793343 13.529837     0.062953   -0.112755   -0.000190  
     -1.598331  4.536633 13.549718     0.000560    0.006930   -0.000021  
      3.153453  1.793409 13.529557     0.067285    0.112996   -0.000065  
      1.574233  4.528663 13.529674    -0.129553   -0.004301    0.000231  
      1.568337  2.722201  7.507618    -0.000083   -0.000286    0.000216  
 
  32 f  =   11.111768 THz    69.817297 2PiTHz  370.648682 cm-1    45.954559 meV
             X         Y         Z           dx          dy          dz
      0.000032  1.831799  2.624395            0           0           0  
     -1.586368  4.579524  2.624395            0           0           0  
      3.172832  1.831799  2.624395            0           0           0  
      1.586431  4.579524  2.624395            0           0           0  
      1.586368  0.915927  5.087164            0           0           0  
     -0.000032  3.663652  5.087164            0           0           0  
      4.759169  0.915927  5.087164            0           0           0  
      3.172769  3.663652  5.087164            0           0           0  
     -0.040871  1.772020  9.936509    -0.001709    0.003958   -0.000001  
     -1.598223  4.536617  9.850069     0.000320   -0.000810    0.000013  
      3.188852  1.772626  9.935351    -0.009461    0.008642   -0.000055  
      1.574425  4.570632  9.937848    -0.002427    0.013214   -0.000061  
     -0.022373  3.626861 12.447627     0.005455    0.000631   -0.000489  
      1.574113  0.861311 12.447845    -0.003083   -0.004884    0.000558  
      3.170905  3.627131 12.447736    -0.004079    0.006042   -0.000070  
      4.746886  0.873562 12.447495    -0.006310    0.011792   -0.000013  
      0.000000  0.000000  3.855704            0           0           0  
     -1.586400  2.747725  3.855704            0           0           0  
      3.172800  0.000000  3.855704            0           0           0  
      1.586400  2.747725  3.855704            0           0           0  
      1.574330  2.704886 11.184273     0.001549   -0.002590    0.000104  
     -0.029973  5.443114 11.176014     0.000129   -0.000212   -0.000002  
      4.746769  2.725153 11.175670     0.000063    0.002512   -0.000204  
      3.178558  5.442730 11.176238    -0.001955    0.000917    0.000126  
      1.557169  0.899068  1.424395            0           0           0  
     -0.000031  3.596217  1.424395            0           0           0  
      4.671569  0.899068  1.424395            0           0           0  
      3.114369  3.596217  1.424395            0           0           0  
      0.000031  1.798082  6.287164            0           0           0  
     -1.557169  4.495231  6.287164            0           0           0  
      3.114431  1.798082  6.287164            0           0           0  
      1.557231  4.495231  6.287164            0           0           0  
      0.049788  3.585454  8.788822    -0.015922   -0.017258    0.002288  
      1.573269  0.942497  8.786773     0.019599    0.008338   -0.002260  
      3.099286  3.587001  8.786109     0.024660   -0.045547    0.000148  
      4.746561  0.873192  8.807446     0.060420   -0.116220   -0.000075  
     -0.004956  1.793343 13.529837    -0.013795    0.014354   -0.000078  
     -1.598331  4.536633 13.549718    -0.046819    0.095796   -0.000203  
      3.153453  1.793409 13.529557     0.099309   -0.050945   -0.003789  
      1.574233  4.528663 13.529674    -0.001927   -0.116414    0.004394  
      1.568337  2.722201  7.507618    -0.003113    0.006660    0.001098  
 
  33 f  =   11.100061 THz    69.743740 2PiTHz  370.258181 cm-1    45.906143 meV
             X         Y         Z           dx          dy          dz
      0.000032  1.831799  2.624395            0           0           0  
     -1.586368  4.579524  2.624395            0           0           0  
      3.172832  1.831799  2.624395            0           0           0  
      1.586431  4.579524  2.624395            0           0           0  
      1.586368  0.915927  5.087164            0           0           0  
     -0.000032  3.663652  5.087164            0           0           0  
      4.759169  0.915927  5.087164            0           0           0  
      3.172769  3.663652  5.087164            0           0           0  
     -0.040871  1.772020  9.936509     0.012976    0.007049    0.000024  
     -1.598223  4.536617  9.850069    -0.000693   -0.000443    0.000017  
      3.188852  1.772626  9.935351     0.009040   -0.000557    0.000019  
      1.574425  4.570632  9.937848     0.003913    0.006721   -0.000044  
     -0.022373  3.626861 12.447627     0.000432    0.006227    0.000340  
      1.574113  0.861311 12.447845     0.006464   -0.002714    0.000349  
      3.170905  3.627131 12.447736    -0.004567   -0.003024   -0.000611  
      4.746886  0.873562 12.447495     0.011966    0.006014    0.000007  
      0.000000  0.000000  3.855704            0           0           0  
     -1.586400  2.747725  3.855704            0           0           0  
      3.172800  0.000000  3.855704            0           0           0  
      1.586400  2.747725  3.855704            0           0           0  
      1.574330  2.704886 11.184273    -0.002759   -0.001260    0.000103  
     -0.029973  5.443114 11.176014     0.002438    0.001356    0.000185  
      4.746769  2.725153 11.175670    -0.000207    0.001278   -0.000116  
      3.178558  5.442730 11.176238     0.001169   -0.000935   -0.000091  
      1.557169  0.899068  1.424395            0           0           0  
     -0.000031  3.596217  1.424395            0           0           0  
      4.671569  0.899068  1.424395            0           0           0  
      3.114369  3.596217  1.424395            0           0           0  
      0.000031  1.798082  6.287164            0           0           0  
     -1.557169  4.495231  6.287164            0           0           0  
      3.114431  1.798082  6.287164            0           0           0  
      1.557231  4.495231  6.287164            0           0           0  
      0.049788  3.585454  8.788822    -0.015352   -0.034581   -0.001634  
      1.573269  0.942497  8.786773    -0.043924    0.002790   -0.001316  
      3.099286  3.587001  8.786109     0.005147    0.003661    0.002659  
      4.746561  0.873192  8.807446    -0.116309   -0.059739   -0.000097  
     -0.004956  1.793343 13.529837    -0.116184   -0.063634   -0.004774  
     -1.598331  4.536633 13.549718     0.094684    0.051467   -0.000178  
      3.153453  1.793409 13.529557    -0.056123    0.045470    0.002590  
      1.574233  4.528663 13.529674     0.015032   -0.059337    0.002255  
      1.568337  2.722201  7.507618     0.005606    0.003223    0.000628  
 
  34 f  =   10.672593 THz    67.057879 2PiTHz  355.999380 cm-1    44.138278 meV
             X         Y         Z           dx          dy          dz
      0.000032  1.831799  2.624395            0           0           0  
     -1.586368  4.579524  2.624395            0           0           0  
      3.172832  1.831799  2.624395            0           0           0  
      1.586431  4.579524  2.624395            0           0           0  
      1.586368  0.915927  5.087164            0           0           0  
     -0.000032  3.663652  5.087164            0           0           0  
      4.759169  0.915927  5.087164            0           0           0  
      3.172769  3.663652  5.087164            0           0           0  
     -0.040871  1.772020  9.936509     0.001816   -0.004504    0.000940  
     -1.598223  4.536617  9.850069    -0.001711   -0.009964    0.000064  
      3.188852  1.772626  9.935351    -0.002492   -0.005107    0.000512  
      1.574425  4.570632  9.937848    -0.001148   -0.001061   -0.001614  
     -0.022373  3.626861 12.447627    -0.000501   -0.012230   -0.000120  
      1.574113  0.861311 12.447845    -0.001965   -0.016372    0.000540  
      3.170905  3.627131 12.447736    -0.005062   -0.012834   -0.000330  
      4.746886  0.873562 12.447495    -0.002387   -0.013163    0.000009  
      0.000000  0.000000  3.855704            0           0           0  
     -1.586400  2.747725  3.855704            0           0           0  
      3.172800  0.000000  3.855704            0           0           0  
      1.586400  2.747725  3.855704            0           0           0  
      1.574330  2.704886 11.184273     0.001390    0.007438    0.000114  
     -0.029973  5.443114 11.176014    -0.001429   -0.002275   -0.000384  
      4.746769  2.725153 11.175670    -0.000377   -0.003219    0.000495  
      3.178558  5.442730 11.176238     0.000331   -0.002088   -0.000233  
      1.557169  0.899068  1.424395            0           0           0  
     -0.000031  3.596217  1.424395            0           0           0  
      4.671569  0.899068  1.424395            0           0           0  
      3.114369  3.596217  1.424395            0           0           0  
      0.000031  1.798082  6.287164            0           0           0  
     -1.557169  4.495231  6.287164            0           0           0  
      3.114431  1.798082  6.287164            0           0           0  
      1.557231  4.495231  6.287164            0           0           0  
      0.049788  3.585454  8.788822    -0.026499   -0.008498    0.002070  
      1.573269  0.942497  8.786773    -0.004829    0.059060   -0.006881  
      3.099286  3.587001  8.786109     0.039838    0.002063    0.004249  
      4.746561  0.873192  8.807446    -0.009548   -0.053604   -0.000204  
     -0.004956  1.793343 13.529837     0.030136    0.101635   -0.000912  
     -1.598331  4.536633 13.549718     0.021170    0.114415   -0.000235  
      3.153453  1.793409 13.529557     0.008844    0.095123   -0.000457  
      1.574233  4.528663 13.529674     0.017323    0.116986    0.001912  
      1.568337  2.722201  7.507618     0.002739    0.018919    0.002188  
 
  35 f  =   10.665194 THz    67.011391 2PiTHz  355.752585 cm-1    44.107679 meV
             X         Y         Z           dx          dy          dz
      0.000032  1.831799  2.624395            0           0           0  
     -1.586368  4.579524  2.624395            0           0           0  
      3.172832  1.831799  2.624395            0           0           0  
      1.586431  4.579524  2.624395            0           0           0  
      1.586368  0.915927  5.087164            0           0           0  
     -0.000032  3.663652  5.087164            0           0           0  
      4.759169  0.915927  5.087164            0           0           0  
      3.172769  3.663652  5.087164            0           0           0  
     -0.040871  1.772020  9.936509     0.002569   -0.003327   -0.001253  
     -1.598223  4.536617  9.850069     0.010260   -0.001927    0.000042  
      3.188852  1.772626  9.935351     0.001763    0.001468    0.001497  
      1.574425  4.570632  9.937848     0.006246   -0.000119   -0.000358  
     -0.022373  3.626861 12.447627     0.015666   -0.004644   -0.000482  
      1.574113  0.861311 12.447845     0.010967   -0.002938    0.000053  
      3.170905  3.627131 12.447736     0.014618    0.000199    0.000413  
      4.746886  0.873562 12.447495     0.012827   -0.002262    0.000052  
      0.000000  0.000000  3.855704            0           0           0  
     -1.586400  2.747725  3.855704            0           0           0  
      3.172800  0.000000  3.855704            0           0           0  
      1.586400  2.747725  3.855704            0           0           0  
      1.574330  2.704886 11.184273    -0.007331    0.001252    0.000011  
     -0.029973  5.443114 11.176014     0.002582    0.000442    0.000386  
      4.746769  2.725153 11.175670     0.001459   -0.000398    0.000086  
      3.178558  5.442730 11.176238     0.003350   -0.001247   -0.000540  
      1.557169  0.899068  1.424395            0           0           0  
     -0.000031  3.596217  1.424395            0           0           0  
      4.671569  0.899068  1.424395            0           0           0  
      3.114369  3.596217  1.424395            0           0           0  
      0.000031  1.798082  6.287164            0           0           0  
     -1.557169  4.495231  6.287164            0           0           0  
      3.114431  1.798082  6.287164            0           0           0  
      1.557231  4.495231  6.287164            0           0           0  
      0.049788  3.585454  8.788822    -0.046656    0.036250    0.007143  
      1.573269  0.942497  8.786773     0.022304    0.012330   -0.001293  
      3.099286  3.587001  8.786109    -0.034167   -0.037225   -0.005855  
      4.746561  0.873192  8.807446     0.056366   -0.010264   -0.000285  
     -0.004956  1.793343 13.529837    -0.107707    0.008216    0.001676  
     -1.598331  4.536633 13.549718    -0.115360    0.020468    0.000048  
      3.153453  1.793409 13.529557    -0.108309    0.026552   -0.001864  
      1.574233  4.528663 13.529674    -0.092340    0.020598    0.000457  
      1.568337  2.722201  7.507618    -0.016047    0.003493    0.000538  
 
  36 f  =   10.036337 THz    63.060164 2PiTHz  334.776159 cm-1    41.506935 meV
             X         Y         Z           dx          dy          dz
      0.000032  1.831799  2.624395            0           0           0  
     -1.586368  4.579524  2.624395            0           0           0  
      3.172832  1.831799  2.624395            0           0           0  
      1.586431  4.579524  2.624395            0           0           0  
      1.586368  0.915927  5.087164            0           0           0  
     -0.000032  3.663652  5.087164            0           0           0  
      4.759169  0.915927  5.087164            0           0           0  
      3.172769  3.663652  5.087164            0           0           0  
     -0.040871  1.772020  9.936509     0.008418    0.002601   -0.006683  
     -1.598223  4.536617  9.850069     0.015773    0.004273   -0.000076  
      3.188852  1.772626  9.935351     0.008271    0.001623    0.004890  
      1.574425  4.570632  9.937848     0.007364    0.002229    0.001887  
     -0.022373  3.626861 12.447627     0.000164    0.001365   -0.001091  
      1.574113  0.861311 12.447845     0.001860    0.000034   -0.000323  
      3.170905  3.627131 12.447736    -0.000047   -0.000593    0.001433  
      4.746886  0.873562 12.447495    -0.005782   -0.001391   -0.000015  
      0.000000  0.000000  3.855704            0           0           0  
     -1.586400  2.747725  3.855704            0           0           0  
      3.172800  0.000000  3.855704            0           0           0  
      1.586400  2.747725  3.855704            0           0           0  
      1.574330  2.704886 11.184273    -0.003842   -0.000917   -0.000073  
     -0.029973  5.443114 11.176014     0.002600    0.000750   -0.000047  
      4.746769  2.725153 11.175670     0.002150    0.000589    0.000003  
      3.178558  5.442730 11.176238     0.002323    0.000470    0.000053  
      1.557169  0.899068  1.424395            0           0           0  
     -0.000031  3.596217  1.424395            0           0           0  
      4.671569  0.899068  1.424395            0           0           0  
      3.114369  3.596217  1.424395            0           0           0  
      0.000031  1.798082  6.287164            0           0           0  
     -1.557169  4.495231  6.287164            0           0           0  
      3.114431  1.798082  6.287164            0           0           0  
      1.557231  4.495231  6.287164            0           0           0  
      0.049788  3.585454  8.788822    -0.126373    0.040710    0.005160  
      1.573269  0.942497  8.786773    -0.040386   -0.047628    0.001248  
      3.099286  3.587001  8.786109    -0.158015   -0.079044   -0.006606  
      4.746561  0.873192  8.807446    -0.025057   -0.005074    0.000112  
     -0.004956  1.793343 13.529837     0.042872    0.014833   -0.006732  
     -1.598331  4.536633 13.549718     0.028050    0.006139    0.000114  
      3.153453  1.793409 13.529557     0.038072    0.000382    0.004942  
      1.574233  4.528663 13.529674     0.028994    0.010758    0.001565  
      1.568337  2.722201  7.507618    -0.023649   -0.009506   -0.000135  
 
  37 f  =   10.017594 THz    62.942401 2PiTHz  334.150979 cm-1    41.429423 meV
             X         Y         Z           dx          dy          dz
      0.000032  1.831799  2.624395            0           0           0  
     -1.586368  4.579524  2.624395            0           0           0  
      3.172832  1.831799  2.624395            0           0           0  
      1.586431  4.579524  2.624395            0           0           0  
      1.586368  0.915927  5.087164            0           0           0  
     -0.000032  3.663652  5.087164            0           0           0  
      4.759169  0.915927  5.087164            0           0           0  
      3.172769  3.663652  5.087164            0           0           0  
     -0.040871  1.772020  9.936509     0.001732   -0.007648    0.001938  
     -1.598223  4.536617  9.850069     0.004134   -0.016023   -0.000007  
      3.188852  1.772626  9.935351     0.002791   -0.008080    0.005016  
      1.574425  4.570632  9.937848     0.001888   -0.008778   -0.007062  
     -0.022373  3.626861 12.447627    -0.000835   -0.000945   -0.001060  
      1.574113  0.861311 12.447845     0.000470    0.000283    0.001429  
      3.170905  3.627131 12.447736     0.000719   -0.001664   -0.000327  
      4.746886  0.873562 12.447495    -0.001566    0.005441    0.000065  
      0.000000  0.000000  3.855704            0           0           0  
     -1.586400  2.747725  3.855704            0           0           0  
      3.172800  0.000000  3.855704            0           0           0  
      1.586400  2.747725  3.855704            0           0           0  
      1.574330  2.704886 11.184273    -0.001073    0.003734    0.000132  
     -0.029973  5.443114 11.176014     0.000592   -0.002254   -0.000098  
      4.746769  2.725153 11.175670     0.000645   -0.002638    0.000026  
      3.178558  5.442730 11.176238     0.000716   -0.002311   -0.000111  
      1.557169  0.899068  1.424395            0           0           0  
     -0.000031  3.596217  1.424395            0           0           0  
      4.671569  0.899068  1.424395            0           0           0  
      3.114369  3.596217  1.424395            0           0           0  
      0.000031  1.798082  6.287164            0           0           0  
     -1.557169  4.495231  6.287164            0           0           0  
      3.114431  1.798082  6.287164            0           0           0  
      1.557231  4.495231  6.287164            0           0           0  
      0.049788  3.585454  8.788822    -0.094943    0.088240    0.004085  
      1.573269  0.942497  8.786773    -0.010988    0.179073   -0.006229  
      3.099286  3.587001  8.786109     0.019947    0.058450    0.000728  
      4.746561  0.873192  8.807446    -0.007719    0.023264    0.000207  
     -0.004956  1.793343 13.529837     0.005127   -0.029837    0.001654  
     -1.598331  4.536633 13.549718     0.008145   -0.026337   -0.000230  
      3.153453  1.793409 13.529557     0.017542   -0.032428    0.004900  
      1.574233  4.528663 13.529674     0.008250   -0.043709   -0.006505  
      1.568337  2.722201  7.507618    -0.005799    0.033072    0.005168  
 
  38 f  =    7.402494 THz    46.511242 2PiTHz  246.920623 cm-1    30.614242 meV
             X         Y         Z           dx          dy          dz
      0.000032  1.831799  2.624395            0           0           0  
     -1.586368  4.579524  2.624395            0           0           0  
      3.172832  1.831799  2.624395            0           0           0  
      1.586431  4.579524  2.624395            0           0           0  
      1.586368  0.915927  5.087164            0           0           0  
     -0.000032  3.663652  5.087164            0           0           0  
      4.759169  0.915927  5.087164            0           0           0  
      3.172769  3.663652  5.087164            0           0           0  
     -0.040871  1.772020  9.936509    -0.001533    0.001085   -0.034903  
     -1.598223  4.536617  9.850069     0.000329   -0.000952   -0.030856  
      3.188852  1.772626  9.935351     0.001731    0.000343   -0.034164  
      1.574425  4.570632  9.937848    -0.000516   -0.000637   -0.037045  
     -0.022373  3.626861 12.447627    -0.002034    0.002536    0.033526  
      1.574113  0.861311 12.447845    -0.000318   -0.003826    0.032850  
      3.170905  3.627131 12.447736     0.002049    0.002911    0.033391  
      4.746886  0.873562 12.447495     0.000366   -0.001536    0.032050  
      0.000000  0.000000  3.855704            0           0           0  
     -1.586400  2.747725  3.855704            0           0           0  
      3.172800  0.000000  3.855704            0           0           0  
      1.586400  2.747725  3.855704            0           0           0  
      1.574330  2.704886 11.184273    -0.000059    0.000112    0.001466  
     -0.029973  5.443114 11.176014     0.003452    0.001476   -0.000493  
      4.746769  2.725153 11.175670     0.000149   -0.003104    0.001348  
      3.178558  5.442730 11.176238    -0.003584    0.001731   -0.001183  
      1.557169  0.899068  1.424395            0           0           0  
     -0.000031  3.596217  1.424395            0           0           0  
      4.671569  0.899068  1.424395            0           0           0  
      3.114369  3.596217  1.424395            0           0           0  
      0.000031  1.798082  6.287164            0           0           0  
     -1.557169  4.495231  6.287164            0           0           0  
      3.114431  1.798082  6.287164            0           0           0  
      1.557231  4.495231  6.287164            0           0           0  
      0.049788  3.585454  8.788822     0.002948   -0.001971   -0.034577  
      1.573269  0.942497  8.786773    -0.000005    0.001749   -0.028841  
      3.099286  3.587001  8.786109    -0.002640   -0.001767   -0.033334  
      4.746561  0.873192  8.807446    -0.000073    0.000256   -0.035716  
     -0.004956  1.793343 13.529837     0.000200   -0.000993    0.032652  
     -1.598331  4.536633 13.549718    -0.000270    0.000455    0.041739  
      3.153453  1.793409 13.529557     0.000052   -0.000734    0.032107  
      1.574233  4.528663 13.529674     0.000352    0.000308    0.034822  
      1.568337  2.722201  7.507618    -0.003361    0.016561   -0.037079  
 
  39 f  =    7.312015 THz    45.942747 2PiTHz  243.902577 cm-1    30.240052 meV
             X         Y         Z           dx          dy          dz
      0.000032  1.831799  2.624395            0           0           0  
     -1.586368  4.579524  2.624395            0           0           0  
      3.172832  1.831799  2.624395            0           0           0  
      1.586431  4.579524  2.624395            0           0           0  
      1.586368  0.915927  5.087164            0           0           0  
     -0.000032  3.663652  5.087164            0           0           0  
      4.759169  0.915927  5.087164            0           0           0  
      3.172769  3.663652  5.087164            0           0           0  
     -0.040871  1.772020  9.936509    -0.016220    0.024370    0.005433  
     -1.598223  4.536617  9.850069     0.008488   -0.017770    0.001657  
      3.188852  1.772626  9.935351     0.021474    0.007381    0.022548  
      1.574425  4.570632  9.937848    -0.011840   -0.017915   -0.021375  
     -0.022373  3.626861 12.447627     0.015049    0.012121    0.004843  
      1.574113  0.861311 12.447845    -0.011474   -0.009904   -0.010040  
      3.170905  3.627131 12.447736    -0.014970    0.025472   -0.000885  
      4.746886  0.873562 12.447495     0.011194   -0.026432   -0.002447  
      0.000000  0.000000  3.855704            0           0           0  
     -1.586400  2.747725  3.855704            0           0           0  
      3.172800  0.000000  3.855704            0           0           0  
      1.586400  2.747725  3.855704            0           0           0  
      1.574330  2.704886 11.184273    -0.000365    0.000805    0.000297  
     -0.029973  5.443114 11.176014     0.003365   -0.004290   -0.003219  
      4.746769  2.725153 11.175670     0.001980    0.007035    0.023695  
      3.178558  5.442730 11.176238    -0.006627   -0.000003   -0.021230  
      1.557169  0.899068  1.424395            0           0           0  
     -0.000031  3.596217  1.424395            0           0           0  
      4.671569  0.899068  1.424395            0           0           0  
      3.114369  3.596217  1.424395            0           0           0  
      0.000031  1.798082  6.287164            0           0           0  
     -1.557169  4.495231  6.287164            0           0           0  
      3.114431  1.798082  6.287164            0           0           0  
      1.557231  4.495231  6.287164            0           0           0  
      0.049788  3.585454  8.788822     0.004849   -0.007469   -0.041948  
      1.573269  0.942497  8.786773     0.002979   -0.013852    0.053748  
      3.099286  3.587001  8.786109     0.001643   -0.006586   -0.004500  
      4.746561  0.873192  8.807446    -0.001180    0.002896    0.002371  
     -0.004956  1.793343 13.529837     0.006874   -0.012309   -0.006956  
     -1.598331  4.536633 13.549718    -0.003635    0.008273   -0.001003  
      3.153453  1.793409 13.529557    -0.004180   -0.007255   -0.029099  
      1.574233  4.528663 13.529674     0.005715    0.000575    0.027818  
      1.568337  2.722201  7.507618    -0.092160    0.224160   -0.002054  
 
  40 f  =    7.224821 THz    45.394887 2PiTHz  240.994078 cm-1    29.879444 meV
             X         Y         Z           dx          dy          dz
      0.000032  1.831799  2.624395            0           0           0  
     -1.586368  4.579524  2.624395            0           0           0  
      3.172832  1.831799  2.624395            0           0           0  
      1.586431  4.579524  2.624395            0           0           0  
      1.586368  0.915927  5.087164            0           0           0  
     -0.000032  3.663652  5.087164            0           0           0  
      4.759169  0.915927  5.087164            0           0           0  
      3.172769  3.663652  5.087164            0           0           0  
     -0.040871  1.772020  9.936509     0.014263    0.013384   -0.024561  
     -1.598223  4.536617  9.850069     0.021485    0.008179   -0.000246  
      3.188852  1.772626  9.935351    -0.001926   -0.028063    0.014195  
      1.574425  4.570632  9.937848    -0.029962    0.007983    0.009177  
     -0.022373  3.626861 12.447627    -0.006871   -0.027470    0.006271  
      1.574113  0.861311 12.447845    -0.031452    0.005128    0.004212  
      3.170905  3.627131 12.447736     0.007366    0.009061   -0.009741  
      4.746886  0.873562 12.447495     0.030776    0.012887    0.000704  
      0.000000  0.000000  3.855704            0           0           0  
     -1.586400  2.747725  3.855704            0           0           0  
      3.172800  0.000000  3.855704            0           0           0  
      1.586400  2.747725  3.855704            0           0           0  
      1.574330  2.704886 11.184273    -0.000852   -0.000337   -0.000380  
     -0.029973  5.443114 11.176014    -0.006055   -0.003973    0.028798  
      4.746769  2.725153 11.175670     0.004379   -0.002880   -0.010835  
      3.178558  5.442730 11.176238    -0.001929    0.005494   -0.017469  
      1.557169  0.899068  1.424395            0           0           0  
     -0.000031  3.596217  1.424395            0           0           0  
      4.671569  0.899068  1.424395            0           0           0  
      3.114369  3.596217  1.424395            0           0           0  
      0.000031  1.798082  6.287164            0           0           0  
     -1.557169  4.495231  6.287164            0           0           0  
      3.114431  1.798082  6.287164            0           0           0  
      1.557231  4.495231  6.287164            0           0           0  
      0.049788  3.585454  8.788822     0.006436    0.004315   -0.032545  
      1.573269  0.942497  8.786773     0.008157    0.004162   -0.021119  
      3.099286  3.587001  8.786109     0.007709    0.002924    0.053275  
      4.746561  0.873192  8.807446    -0.004635   -0.001960   -0.000835  
     -0.004956  1.793343 13.529837     0.001358   -0.001672    0.039393  
     -1.598331  4.536633 13.549718    -0.008720   -0.003558   -0.000570  
      3.153453  1.793409 13.529557     0.005823    0.010405   -0.022755  
      1.574233  4.528663 13.529674     0.014019   -0.000227   -0.014488  
      1.568337  2.722201  7.507618    -0.184457   -0.080712   -0.001623  
 
  41 f  =    7.113226 THz    44.693718 2PiTHz  237.271683 cm-1    29.417926 meV
             X         Y         Z           dx          dy          dz
      0.000032  1.831799  2.624395            0           0           0  
     -1.586368  4.579524  2.624395            0           0           0  
      3.172832  1.831799  2.624395            0           0           0  
      1.586431  4.579524  2.624395            0           0           0  
      1.586368  0.915927  5.087164            0           0           0  
     -0.000032  3.663652  5.087164            0           0           0  
      4.759169  0.915927  5.087164            0           0           0  
      3.172769  3.663652  5.087164            0           0           0  
     -0.040871  1.772020  9.936509    -0.013756   -0.007314   -0.002935  
     -1.598223  4.536617  9.850069    -0.000174   -0.000456    0.002199  
      3.188852  1.772626  9.935351     0.013689   -0.006975   -0.003353  
      1.574425  4.570632  9.937848     0.000255    0.014763   -0.003769  
     -0.022373  3.626861 12.447627     0.044494   -0.024360   -0.005885  
      1.574113  0.861311 12.447845    -0.000114    0.049846   -0.006540  
      3.170905  3.627131 12.447736    -0.044572   -0.024274   -0.005905  
      4.746886  0.873562 12.447495     0.000032   -0.001283    0.025519  
      0.000000  0.000000  3.855704            0           0           0  
     -1.586400  2.747725  3.855704            0           0           0  
      3.172800  0.000000  3.855704            0           0           0  
      1.586400  2.747725  3.855704            0           0           0  
      1.574330  2.704886 11.184273     0.000015   -0.000045   -0.024884  
     -0.029973  5.443114 11.176014     0.000435    0.000224    0.009138  
      4.746769  2.725153 11.175670    -0.000075   -0.000156    0.010531  
      3.178558  5.442730 11.176238    -0.000390    0.000103    0.009373  
      1.557169  0.899068  1.424395            0           0           0  
     -0.000031  3.596217  1.424395            0           0           0  
      4.671569  0.899068  1.424395            0           0           0  
      3.114369  3.596217  1.424395            0           0           0  
      0.000031  1.798082  6.287164            0           0           0  
     -1.557169  4.495231  6.287164            0           0           0  
      3.114431  1.798082  6.287164            0           0           0  
      1.557231  4.495231  6.287164            0           0           0  
      0.049788  3.585454  8.788822    -0.013751    0.007607    0.001621  
      1.573269  0.942497  8.786773    -0.000033   -0.015666    0.002615  
      3.099286  3.587001  8.786109     0.013362    0.007440    0.000680  
      4.746561  0.873192  8.807446    -0.000012    0.000302   -0.013958  
     -0.004956  1.793343 13.529837     0.009691    0.005189    0.027971  
     -1.598331  4.536633 13.549718     0.000204    0.000279   -0.074272  
      3.153453  1.793409 13.529557    -0.009607    0.005057    0.027760  
      1.574233  4.528663 13.529674    -0.000058   -0.010978    0.030414  
      1.568337  2.722201  7.507618     0.001928    0.002867    0.004975  
 
  42 f  =    6.777157 THz    42.582136 2PiTHz  226.061637 cm-1    28.028058 meV
             X         Y         Z           dx          dy          dz
      0.000032  1.831799  2.624395            0           0           0  
     -1.586368  4.579524  2.624395            0           0           0  
      3.172832  1.831799  2.624395            0           0           0  
      1.586431  4.579524  2.624395            0           0           0  
      1.586368  0.915927  5.087164            0           0           0  
     -0.000032  3.663652  5.087164            0           0           0  
      4.759169  0.915927  5.087164            0           0           0  
      3.172769  3.663652  5.087164            0           0           0  
     -0.040871  1.772020  9.936509    -0.044346   -0.024750   -0.006465  
     -1.598223  4.536617  9.850069    -0.000076   -0.000361    0.023280  
      3.188852  1.772626  9.935351     0.044588   -0.025120   -0.005702  
      1.574425  4.570632  9.937848    -0.000189    0.050265   -0.007021  
     -0.022373  3.626861 12.447627    -0.012612    0.006561    0.000577  
      1.574113  0.861311 12.447845     0.001225   -0.013256    0.001769  
      3.170905  3.627131 12.447736     0.012675    0.005166    0.001342  
      4.746886  0.873562 12.447495    -0.001163    0.001352   -0.007283  
      0.000000  0.000000  3.855704            0           0           0  
     -1.586400  2.747725  3.855704            0           0           0  
      3.172800  0.000000  3.855704            0           0           0  
      1.586400  2.747725  3.855704            0           0           0  
      1.574330  2.704886 11.184273     0.000013    0.000029   -0.011548  
     -0.029973  5.443114 11.176014    -0.001646   -0.001133    0.007400  
      4.746769  2.725153 11.175670     0.000129    0.002169    0.007377  
      3.178558  5.442730 11.176238     0.001568   -0.000940    0.008004  
      1.557169  0.899068  1.424395            0           0           0  
     -0.000031  3.596217  1.424395            0           0           0  
      4.671569  0.899068  1.424395            0           0           0  
      3.114369  3.596217  1.424395            0           0           0  
      0.000031  1.798082  6.287164            0           0           0  
     -1.557169  4.495231  6.287164            0           0           0  
      3.114431  1.798082  6.287164            0           0           0  
      1.557231  4.495231  6.287164            0           0           0  
      0.049788  3.585454  8.788822    -0.002251    0.001380    0.027274  
      1.573269  0.942497  8.786773    -0.000167   -0.003754    0.030078  
      3.099286  3.587001  8.786109     0.002805    0.001909    0.028559  
      4.746561  0.873192  8.807446     0.000262   -0.000362   -0.077213  
     -0.004956  1.793343 13.529837     0.010853    0.006262   -0.011564  
     -1.598331  4.536633 13.549718    -0.000094    0.000108    0.028568  
      3.153453  1.793409 13.529557    -0.011093    0.006360   -0.008674  
      1.574233  4.528663 13.529674    -0.000060   -0.012281   -0.013163  
      1.568337  2.722201  7.507618    -0.003388    0.002987    0.026657  
 
  43 f  =    6.634697 THz    41.687028 2PiTHz  221.309654 cm-1    27.438888 meV
             X         Y         Z           dx          dy          dz
      0.000032  1.831799  2.624395            0           0           0  
     -1.586368  4.579524  2.624395            0           0           0  
      3.172832  1.831799  2.624395            0           0           0  
      1.586431  4.579524  2.624395            0           0           0  
      1.586368  0.915927  5.087164            0           0           0  
     -0.000032  3.663652  5.087164            0           0           0  
      4.759169  0.915927  5.087164            0           0           0  
      3.172769  3.663652  5.087164            0           0           0  
     -0.040871  1.772020  9.936509    -0.003549    0.004589   -0.004078  
     -1.598223  4.536617  9.850069     0.002992   -0.011440    0.000825  
      3.188852  1.772626  9.935351    -0.000437    0.005657   -0.019915  
      1.574425  4.570632  9.937848    -0.001237    0.006668    0.022805  
     -0.022373  3.626861 12.447627     0.022659    0.017269    0.013543  
      1.574113  0.861311 12.447845    -0.016139   -0.015623   -0.014942  
      3.170905  3.627131 12.447736    -0.022312    0.036351    0.002652  
      4.746886  0.873562 12.447495     0.016896   -0.041868   -0.000346  
      0.000000  0.000000  3.855704            0           0           0  
     -1.586400  2.747725  3.855704            0           0           0  
      3.172800  0.000000  3.855704            0           0           0  
      1.586400  2.747725  3.855704            0           0           0  
      1.574330  2.704886 11.184273    -0.000177    0.000335    0.000101  
     -0.029973  5.443114 11.176014    -0.004455    0.006335   -0.002510  
      4.746769  2.725153 11.175670    -0.002704   -0.003787    0.014720  
      3.178558  5.442730 11.176238     0.005296    0.002753   -0.011805  
      1.557169  0.899068  1.424395            0           0           0  
     -0.000031  3.596217  1.424395            0           0           0  
      4.671569  0.899068  1.424395            0           0           0  
      3.114369  3.596217  1.424395            0           0           0  
      0.000031  1.798082  6.287164            0           0           0  
     -1.557169  4.495231  6.287164            0           0           0  
      3.114431  1.798082  6.287164            0           0           0  
      1.557231  4.495231  6.287164            0           0           0  
      0.049788  3.585454  8.788822    -0.016579    0.002868    0.020754  
      1.573269  0.942497  8.786773     0.003224    0.022212   -0.023040  
      3.099286  3.587001  8.786109     0.007267   -0.006775    0.003329  
      4.746561  0.873192  8.807446    -0.007118    0.017307   -0.002478  
     -0.004956  1.793343 13.529837     0.001962   -0.003754   -0.008648  
     -1.598331  4.536633 13.549718     0.000913   -0.001252    0.002299  
      3.153453  1.793409 13.529557     0.001921   -0.004371   -0.048210  
      1.574233  4.528663 13.529674     0.001562   -0.005174    0.055461  
      1.568337  2.722201  7.507618     0.072447   -0.189144    0.003262  
 
  44 f  =    6.553785 THz    41.178645 2PiTHz  218.610733 cm-1    27.104264 meV
             X         Y         Z           dx          dy          dz
      0.000032  1.831799  2.624395            0           0           0  
     -1.586368  4.579524  2.624395            0           0           0  
      3.172832  1.831799  2.624395            0           0           0  
      1.586431  4.579524  2.624395            0           0           0  
      1.586368  0.915927  5.087164            0           0           0  
     -0.000032  3.663652  5.087164            0           0           0  
      4.759169  0.915927  5.087164            0           0           0  
      3.172769  3.663652  5.087164            0           0           0  
     -0.040871  1.772020  9.936509     0.008554    0.007085   -0.030316  
     -1.598223  4.536617  9.850069    -0.003666   -0.003281   -0.000420  
      3.188852  1.772626  9.935351     0.004409   -0.004630    0.018966  
      1.574425  4.570632  9.937848    -0.003638    0.003134    0.011482  
     -0.022373  3.626861 12.447627     0.008344    0.031745   -0.010506  
      1.574113  0.861311 12.447845     0.038221   -0.005144   -0.005918  
      3.170905  3.627131 12.447736    -0.009271   -0.012710    0.016615  
      4.746886  0.873562 12.447495    -0.039952   -0.015510    0.000165  
      0.000000  0.000000  3.855704            0           0           0  
     -1.586400  2.747725  3.855704            0           0           0  
      3.172800  0.000000  3.855704            0           0           0  
      1.586400  2.747725  3.855704            0           0           0  
      1.574330  2.704886 11.184273     0.000428    0.000113    0.000146  
     -0.029973  5.443114 11.176014    -0.004459   -0.003718   -0.010244  
      4.746769  2.725153 11.175670     0.007783   -0.002161    0.004134  
      3.178558  5.442730 11.176238     0.000394    0.007693    0.005943  
      1.557169  0.899068  1.424395            0           0           0  
     -0.000031  3.596217  1.424395            0           0           0  
      4.671569  0.899068  1.424395            0           0           0  
      3.114369  3.596217  1.424395            0           0           0  
      0.000031  1.798082  6.287164            0           0           0  
     -1.557169  4.495231  6.287164            0           0           0  
      3.114431  1.798082  6.287164            0           0           0  
      1.557231  4.495231  6.287164            0           0           0  
      0.049788  3.585454  8.788822     0.008332   -0.011325   -0.023681  
      1.573269  0.942497  8.786773    -0.006777    0.008878   -0.012999  
      3.099286  3.587001  8.786109     0.018260    0.011486    0.035770  
      4.746561  0.873192  8.807446     0.017934    0.006831    0.000841  
     -0.004956  1.793343 13.529837    -0.005341   -0.002942   -0.058148  
     -1.598331  4.536633 13.549718    -0.003865   -0.001043   -0.000321  
      3.153453  1.793409 13.529557    -0.003874    0.000846    0.037500  
      1.574233  4.528663 13.529674    -0.001242   -0.001847    0.021406  
      1.568337  2.722201  7.507618    -0.186115   -0.077724   -0.001791  
 
  45 f  =    5.853351 THz    36.777690 2PiTHz  195.246779 cm-1    24.207504 meV
             X         Y         Z           dx          dy          dz
      0.000032  1.831799  2.624395            0           0           0  
     -1.586368  4.579524  2.624395            0           0           0  
      3.172832  1.831799  2.624395            0           0           0  
      1.586431  4.579524  2.624395            0           0           0  
      1.586368  0.915927  5.087164            0           0           0  
     -0.000032  3.663652  5.087164            0           0           0  
      4.759169  0.915927  5.087164            0           0           0  
      3.172769  3.663652  5.087164            0           0           0  
     -0.040871  1.772020  9.936509     0.030124   -0.047139   -0.001002  
     -1.598223  4.536617  9.850069    -0.011475    0.040147    0.000455  
      3.188852  1.772626  9.935351    -0.026331   -0.030738    0.000048  
      1.574425  4.570632  9.937848     0.015026    0.012233    0.000594  
     -0.022373  3.626861 12.447627     0.008155    0.014814    0.010322  
      1.574113  0.861311 12.447845    -0.006018   -0.000453   -0.014364  
      3.170905  3.627131 12.447736    -0.011422    0.019866    0.003889  
      4.746886  0.873562 12.447495     0.002447   -0.009613   -0.000295  
      0.000000  0.000000  3.855704            0           0           0  
     -1.586400  2.747725  3.855704            0           0           0  
      3.172800  0.000000  3.855704            0           0           0  
      1.586400  2.747725  3.855704            0           0           0  
      1.574330  2.704886 11.184273    -0.001291    0.004535   -0.000256  
     -0.029973  5.443114 11.176014     0.003676   -0.007791    0.003380  
      4.746769  2.725153 11.175670     0.002818   -0.002422   -0.012802  
      3.178558  5.442730 11.176238    -0.001589   -0.006320    0.009685  
      1.557169  0.899068  1.424395            0           0           0  
     -0.000031  3.596217  1.424395            0           0           0  
      4.671569  0.899068  1.424395            0           0           0  
      3.114369  3.596217  1.424395            0           0           0  
      0.000031  1.798082  6.287164            0           0           0  
     -1.557169  4.495231  6.287164            0           0           0  
      3.114431  1.798082  6.287164            0           0           0  
      1.557231  4.495231  6.287164            0           0           0  
      0.049788  3.585454  8.788822    -0.001234   -0.002000    0.032423  
      1.573269  0.942497  8.786773     0.000751   -0.001623   -0.042792  
      3.099286  3.587001  8.786109     0.001361   -0.002467    0.012199  
      4.746561  0.873192  8.807446    -0.001593    0.005812   -0.001310  
     -0.004956  1.793343 13.529837    -0.006438    0.009470   -0.008764  
     -1.598331  4.536633 13.549718     0.002834   -0.009807    0.000534  
      3.153453  1.793409 13.529557     0.006996    0.005647   -0.022565  
      1.574233  4.528663 13.529674    -0.002885   -0.004770    0.030351  
      1.568337  2.722201  7.507618    -0.047673    0.158601   -0.000208  
 
  46 f  =    5.768014 THz    36.241504 2PiTHz  192.400253 cm-1    23.854580 meV
             X         Y         Z           dx          dy          dz
      0.000032  1.831799  2.624395            0           0           0  
     -1.586368  4.579524  2.624395            0           0           0  
      3.172832  1.831799  2.624395            0           0           0  
      1.586431  4.579524  2.624395            0           0           0  
      1.586368  0.915927  5.087164            0           0           0  
     -0.000032  3.663652  5.087164            0           0           0  
      4.759169  0.915927  5.087164            0           0           0  
      3.172769  3.663652  5.087164            0           0           0  
     -0.040871  1.772020  9.936509     0.000571   -0.015329   -0.009735  
     -1.598223  4.536617  9.850069    -0.040958   -0.011376   -0.000465  
      3.188852  1.772626  9.935351     0.016000    0.037351    0.007597  
      1.574425  4.570632  9.937848     0.055065   -0.002133    0.002351  
     -0.022373  3.626861 12.447627    -0.008904   -0.013697    0.009340  
      1.574113  0.861311 12.447845    -0.021383   -0.000169    0.003986  
      3.170905  3.627131 12.447736    -0.003330    0.004116   -0.013028  
      4.746886  0.873562 12.447495     0.004963    0.001537    0.000066  
      0.000000  0.000000  3.855704            0           0           0  
     -1.586400  2.747725  3.855704            0           0           0  
      3.172800  0.000000  3.855704            0           0           0  
      1.586400  2.747725  3.855704            0           0           0  
      1.574330  2.704886 11.184273    -0.004939   -0.001372    0.000082  
     -0.029973  5.443114 11.176014     0.001836   -0.002957   -0.012118  
      4.746769  2.725153 11.175670     0.011796    0.000107    0.003370  
      3.178558  5.442730 11.176238     0.004687    0.007763    0.008767  
      1.557169  0.899068  1.424395            0           0           0  
     -0.000031  3.596217  1.424395            0           0           0  
      4.671569  0.899068  1.424395            0           0           0  
      3.114369  3.596217  1.424395            0           0           0  
      0.000031  1.798082  6.287164            0           0           0  
     -1.557169  4.495231  6.287164            0           0           0  
      3.114431  1.798082  6.287164            0           0           0  
      1.557231  4.495231  6.287164            0           0           0  
      0.049788  3.585454  8.788822     0.003455    0.002757    0.026462  
      1.573269  0.942497  8.786773     0.005016    0.001170    0.010620  
      3.099286  3.587001  8.786109     0.003276    0.000450   -0.036904  
      4.746561  0.873192  8.807446    -0.003314   -0.000918   -0.000018  
     -0.004956  1.793343 13.529837     0.001712    0.003921    0.026428  
     -1.598331  4.536633 13.549718     0.008829    0.002380    0.000193  
      3.153453  1.793409 13.529557    -0.001961   -0.008460   -0.018558  
      1.574233  4.528663 13.529674    -0.010907    0.000817   -0.007773  
      1.568337  2.722201  7.507618    -0.178464   -0.047635   -0.001368  
 
  47 f  =    5.170053 THz    32.484402 2PiTHz  172.454412 cm-1    21.381612 meV
             X         Y         Z           dx          dy          dz
      0.000032  1.831799  2.624395            0           0           0  
     -1.586368  4.579524  2.624395            0           0           0  
      3.172832  1.831799  2.624395            0           0           0  
      1.586431  4.579524  2.624395            0           0           0  
      1.586368  0.915927  5.087164            0           0           0  
     -0.000032  3.663652  5.087164            0           0           0  
      4.759169  0.915927  5.087164            0           0           0  
      3.172769  3.663652  5.087164            0           0           0  
     -0.040871  1.772020  9.936509    -0.019413    0.036648   -0.000093  
     -1.598223  4.536617  9.850069     0.000900   -0.003687    0.000055  
      3.188852  1.772626  9.935351    -0.023731   -0.036223   -0.000212  
      1.574425  4.570632  9.937848     0.042157    0.003959    0.000253  
     -0.022373  3.626861 12.447627    -0.022653   -0.034399    0.000473  
      1.574113  0.861311 12.447845     0.039965    0.003795   -0.000723  
      3.170905  3.627131 12.447736    -0.017806    0.033567    0.000182  
      4.746886  0.873562 12.447495     0.000568   -0.004015    0.000040  
      0.000000  0.000000  3.855704            0           0           0  
     -1.586400  2.747725  3.855704            0           0           0  
      3.172800  0.000000  3.855704            0           0           0  
      1.586400  2.747725  3.855704            0           0           0  
      1.574330  2.704886 11.184273    -0.000449    0.002839   -0.000023  
     -0.029973  5.443114 11.176014     0.015681   -0.029135    0.000091  
      4.746769  2.725153 11.175670    -0.033920   -0.002815    0.000048  
      3.178558  5.442730 11.176238     0.018758    0.028947   -0.000129  
      1.557169  0.899068  1.424395            0           0           0  
     -0.000031  3.596217  1.424395            0           0           0  
      4.671569  0.899068  1.424395            0           0           0  
      3.114369  3.596217  1.424395            0           0           0  
      0.000031  1.798082  6.287164            0           0           0  
     -1.557169  4.495231  6.287164            0           0           0  
      3.114431  1.798082  6.287164            0           0           0  
      1.557231  4.495231  6.287164            0           0           0  
      0.049788  3.585454  8.788822     0.009590    0.015661   -0.000209  
      1.573269  0.942497  8.786773    -0.017473   -0.000809    0.000063  
      3.099286  3.587001  8.786109     0.007947   -0.014256    0.000182  
      4.746561  0.873192  8.807446    -0.000245    0.001827   -0.000021  
     -0.004956  1.793343 13.529837     0.005756   -0.011041   -0.000002  
     -1.598331  4.536633 13.549718    -0.000280    0.001471   -0.000029  
      3.153453  1.793409 13.529557     0.007285    0.010925    0.000110  
      1.574233  4.528663 13.529674    -0.012762   -0.001402   -0.000107  
      1.568337  2.722201  7.507618     0.000480    0.006249   -0.000026  
 
  48 f  =    5.145518 THz    32.330240 2PiTHz  171.635991 cm-1    21.280141 meV
             X         Y         Z           dx          dy          dz
      0.000032  1.831799  2.624395            0           0           0  
     -1.586368  4.579524  2.624395            0           0           0  
      3.172832  1.831799  2.624395            0           0           0  
      1.586431  4.579524  2.624395            0           0           0  
      1.586368  0.915927  5.087164            0           0           0  
     -0.000032  3.663652  5.087164            0           0           0  
      4.759169  0.915927  5.087164            0           0           0  
      3.172769  3.663652  5.087164            0           0           0  
     -0.040871  1.772020  9.936509     0.009065   -0.007156   -0.000577  
     -1.598223  4.536617  9.850069     0.017488   -0.039306    0.000300  
      3.188852  1.772626  9.935351    -0.029061    0.016710   -0.001873  
      1.574425  4.570632  9.937848    -0.000306    0.037809    0.002120  
     -0.022373  3.626861 12.447627    -0.034377    0.009261    0.008597  
      1.574113  0.861311 12.447845     0.004912    0.038889   -0.009632  
      3.170905  3.627131 12.447736     0.016117   -0.019460    0.000746  
      4.746886  0.873562 12.447495     0.017879   -0.040139    0.000147  
      0.000000  0.000000  3.855704            0           0           0  
     -1.586400  2.747725  3.855704            0           0           0  
      3.172800  0.000000  3.855704            0           0           0  
      1.586400  2.747725  3.855704            0           0           0  
      1.574330  2.704886 11.184273    -0.013032    0.028896   -0.000143  
     -0.029973  5.443114 11.176014    -0.008173    0.007971   -0.000280  
      4.746769  2.725153 11.175670    -0.000121   -0.027976    0.002362  
      3.178558  5.442730 11.176238     0.022305   -0.010746   -0.001975  
      1.557169  0.899068  1.424395            0           0           0  
     -0.000031  3.596217  1.424395            0           0           0  
      4.671569  0.899068  1.424395            0           0           0  
      3.114369  3.596217  1.424395            0           0           0  
      0.000031  1.798082  6.287164            0           0           0  
     -1.557169  4.495231  6.287164            0           0           0  
      3.114431  1.798082  6.287164            0           0           0  
      1.557231  4.495231  6.287164            0           0           0  
      0.049788  3.585454  8.788822     0.008822    0.001431   -0.002990  
      1.573269  0.942497  8.786773    -0.003100   -0.008566    0.004136  
      3.099286  3.587001  8.786109    -0.007362    0.011198   -0.000662  
      4.746561  0.873192  8.807446    -0.007853    0.017470   -0.000097  
     -0.004956  1.793343 13.529837    -0.003695    0.003268    0.000473  
     -1.598331  4.536633 13.549718    -0.007253    0.016169   -0.000198  
      3.153453  1.793409 13.529557     0.011064   -0.005493    0.001432  
      1.574233  4.528663 13.529674    -0.000361   -0.013941   -0.001847  
      1.568337  2.722201  7.507618    -0.022660    0.050927   -0.000447  
 
  49 f  =    5.139447 THz    32.292100 2PiTHz  171.433513 cm-1    21.255037 meV
             X         Y         Z           dx          dy          dz
      0.000032  1.831799  2.624395            0           0           0  
     -1.586368  4.579524  2.624395            0           0           0  
      3.172832  1.831799  2.624395            0           0           0  
      1.586431  4.579524  2.624395            0           0           0  
      1.586368  0.915927  5.087164            0           0           0  
     -0.000032  3.663652  5.087164            0           0           0  
      4.759169  0.915927  5.087164            0           0           0  
      3.172769  3.663652  5.087164            0           0           0  
     -0.040871  1.772020  9.936509     0.034706    0.020618    0.003262  
     -1.598223  4.536617  9.850069    -0.038523   -0.017149   -0.000123  
      3.188852  1.772626  9.935351     0.017334   -0.017765   -0.002150  
      1.574425  4.570632  9.937848    -0.010198    0.016557   -0.000987  
     -0.022373  3.626861 12.447627     0.014870   -0.026474   -0.006914  
      1.574113  0.861311 12.447845    -0.019353    0.017892   -0.004441  
      3.170905  3.627131 12.447736     0.037643    0.022797    0.011216  
      4.746886  0.873562 12.447495    -0.040193   -0.017937    0.000074  
      0.000000  0.000000  3.855704            0           0           0  
     -1.586400  2.747725  3.855704            0           0           0  
      3.172800  0.000000  3.855704            0           0           0  
      1.586400  2.747725  3.855704            0           0           0  
      1.574330  2.704886 11.184273     0.030392    0.013374   -0.000027  
     -0.029973  5.443114 11.176014    -0.026268   -0.014731   -0.002889  
      4.746769  2.725153 11.175670     0.006267   -0.012299    0.001189  
      3.178558  5.442730 11.176238    -0.013323    0.012518    0.001674  
      1.557169  0.899068  1.424395            0           0           0  
     -0.000031  3.596217  1.424395            0           0           0  
      4.671569  0.899068  1.424395            0           0           0  
      3.114369  3.596217  1.424395            0           0           0  
      0.000031  1.798082  6.287164            0           0           0  
     -1.557169  4.495231  6.287164            0           0           0  
      3.114431  1.798082  6.287164            0           0           0  
      1.557231  4.495231  6.287164            0           0           0  
      0.049788  3.585454  8.788822    -0.001012    0.009567    0.002206  
      1.573269  0.942497  8.786773     0.009430   -0.004099    0.001972  
      3.099286  3.587001  8.786109    -0.008080   -0.005084   -0.004258  
      4.746561  0.873192  8.807446     0.017451    0.007722   -0.000017  
     -0.004956  1.793343 13.529837    -0.013029   -0.007785    0.001276  
     -1.598331  4.536633 13.549718     0.017006    0.007505   -0.000061  
      3.153453  1.793409 13.529557    -0.006238    0.007130   -0.000580  
      1.574233  4.528663 13.529674     0.004222   -0.006204   -0.000719  
      1.568337  2.722201  7.507618     0.049205    0.022236    0.000380  
 
  50 f  =    4.828312 THz    30.337179 2PiTHz  161.055151 cm-1    19.968285 meV
             X         Y         Z           dx          dy          dz
      0.000032  1.831799  2.624395            0           0           0  
     -1.586368  4.579524  2.624395            0           0           0  
      3.172832  1.831799  2.624395            0           0           0  
      1.586431  4.579524  2.624395            0           0           0  
      1.586368  0.915927  5.087164            0           0           0  
     -0.000032  3.663652  5.087164            0           0           0  
      4.759169  0.915927  5.087164            0           0           0  
      3.172769  3.663652  5.087164            0           0           0  
     -0.040871  1.772020  9.936509    -0.009351    0.016911   -0.011065  
     -1.598223  4.536617  9.850069    -0.001665    0.005410   -0.009294  
      3.188852  1.772626  9.935351     0.002433    0.014359   -0.047146  
      1.574425  4.570632  9.937848    -0.005558    0.010519    0.066767  
     -0.022373  3.626861 12.447627     0.007938   -0.015186   -0.004427  
      1.574113  0.861311 12.447845     0.003674   -0.021146    0.002358  
      3.170905  3.627131 12.447736     0.003782   -0.013101   -0.002435  
      4.746886  0.873562 12.447495    -0.000072   -0.000310    0.004859  
      0.000000  0.000000  3.855704            0           0           0  
     -1.586400  2.747725  3.855704            0           0           0  
      3.172800  0.000000  3.855704            0           0           0  
      1.586400  2.747725  3.855704            0           0           0  
      1.574330  2.704886 11.184273     0.005772   -0.017577    0.000258  
     -0.029973  5.443114 11.176014    -0.011169    0.015889    0.001599  
      4.746769  2.725153 11.175670    -0.006002   -0.001902   -0.008497  
      3.178558  5.442730 11.176238     0.009633    0.009764    0.006415  
      1.557169  0.899068  1.424395            0           0           0  
     -0.000031  3.596217  1.424395            0           0           0  
      4.671569  0.899068  1.424395            0           0           0  
      3.114369  3.596217  1.424395            0           0           0  
      0.000031  1.798082  6.287164            0           0           0  
     -1.557169  4.495231  6.287164            0           0           0  
      3.114431  1.798082  6.287164            0           0           0  
      1.557231  4.495231  6.287164            0           0           0  
      0.049788  3.585454  8.788822     0.002966    0.018019    0.004974  
      1.573269  0.942497  8.786773    -0.007495    0.006719   -0.004929  
      3.099286  3.587001  8.786109    -0.010836    0.022026    0.001038  
      4.746561  0.873192  8.807446     0.000234   -0.000706    0.000434  
     -0.004956  1.793343 13.529837     0.003022   -0.006172    0.001084  
     -1.598331  4.536633 13.549718     0.003924   -0.011910   -0.000022  
      3.153453  1.793409 13.529557    -0.000882   -0.005161    0.002407  
      1.574233  4.528663 13.529674     0.002091   -0.002903   -0.002932  
      1.568337  2.722201  7.507618    -0.051104    0.160384    0.001501  
 
  51 f  =    4.792072 THz    30.109476 2PiTHz  159.846312 cm-1    19.818408 meV
             X         Y         Z           dx          dy          dz
      0.000032  1.831799  2.624395            0           0           0  
     -1.586368  4.579524  2.624395            0           0           0  
      3.172832  1.831799  2.624395            0           0           0  
      1.586431  4.579524  2.624395            0           0           0  
      1.586368  0.915927  5.087164            0           0           0  
     -0.000032  3.663652  5.087164            0           0           0  
      4.759169  0.915927  5.087164            0           0           0  
      3.172769  3.663652  5.087164            0           0           0  
     -0.040871  1.772020  9.936509     0.011699    0.009514   -0.027016  
     -1.598223  4.536617  9.850069    -0.000295    0.000921    0.076430  
      3.188852  1.772626  9.935351    -0.011925    0.009375   -0.029039  
      1.574425  4.570632  9.937848    -0.000196   -0.013020   -0.016322  
     -0.022373  3.626861 12.447627     0.009580   -0.007270    0.011331  
      1.574113  0.861311 12.447845     0.000030    0.007247    0.012725  
      3.170905  3.627131 12.447736    -0.008598   -0.006872    0.011757  
      4.746886  0.873562 12.447495    -0.000178   -0.000185   -0.041487  
      0.000000  0.000000  3.855704            0           0           0  
     -1.586400  2.747725  3.855704            0           0           0  
      3.172800  0.000000  3.855704            0           0           0  
      1.586400  2.747725  3.855704            0           0           0  
      1.574330  2.704886 11.184273     0.000472   -0.002285   -0.003629  
     -0.029973  5.443114 11.176014     0.006176    0.006118    0.001162  
      4.746769  2.725153 11.175670    -0.000301   -0.008978   -0.000203  
      3.178558  5.442730 11.176238    -0.006416    0.005884    0.001536  
      1.557169  0.899068  1.424395            0           0           0  
     -0.000031  3.596217  1.424395            0           0           0  
      4.671569  0.899068  1.424395            0           0           0  
      3.114369  3.596217  1.424395            0           0           0  
      0.000031  1.798082  6.287164            0           0           0  
     -1.557169  4.495231  6.287164            0           0           0  
      3.114431  1.798082  6.287164            0           0           0  
      1.557231  4.495231  6.287164            0           0           0  
      0.049788  3.585454  8.788822    -0.000387    0.003105   -0.001133  
      1.573269  0.942497  8.786773    -0.000339   -0.000156   -0.001868  
      3.099286  3.587001  8.786109    -0.000270    0.003097   -0.001340  
      4.746561  0.873192  8.807446     0.000011    0.000073   -0.004043  
     -0.004956  1.793343 13.529837    -0.001186   -0.001864   -0.001722  
     -1.598331  4.536633 13.549718     0.000403   -0.001681   -0.001332  
      3.153453  1.793409 13.529557     0.001337   -0.001746   -0.001680  
      1.574233  4.528663 13.529674     0.000222    0.001258   -0.002484  
      1.568337  2.722201  7.507618    -0.003437    0.020395   -0.017034  
 
  52 f  =    4.730237 THz    29.720954 2PiTHz  157.783713 cm-1    19.562678 meV
             X         Y         Z           dx          dy          dz
      0.000032  1.831799  2.624395            0           0           0  
     -1.586368  4.579524  2.624395            0           0           0  
      3.172832  1.831799  2.624395            0           0           0  
      1.586431  4.579524  2.624395            0           0           0  
      1.586368  0.915927  5.087164            0           0           0  
     -0.000032  3.663652  5.087164            0           0           0  
      4.759169  0.915927  5.087164            0           0           0  
      3.172769  3.663652  5.087164            0           0           0  
     -0.040871  1.772020  9.936509     0.011195    0.003268   -0.062810  
     -1.598223  4.536617  9.850069     0.006077    0.002052   -0.001393  
      3.188852  1.772626  9.935351     0.013080    0.006317    0.044281  
      1.574425  4.570632  9.937848     0.014869    0.004148    0.019849  
     -0.022373  3.626861 12.447627    -0.016317   -0.003319   -0.000241  
      1.574113  0.861311 12.447845    -0.014389   -0.005671   -0.000074  
      3.170905  3.627131 12.447736    -0.016364   -0.006556   -0.000671  
      4.746886  0.873562 12.447495    -0.002849   -0.001272    0.000824  
      0.000000  0.000000  3.855704            0           0           0  
     -1.586400  2.747725  3.855704            0           0           0  
      3.172800  0.000000  3.855704            0           0           0  
      1.586400  2.747725  3.855704            0           0           0  
      1.574330  2.704886 11.184273    -0.014786   -0.004554    0.000036  
     -0.029973  5.443114 11.176014    -0.002285   -0.005589    0.008917  
      4.746769  2.725153 11.175670     0.017206   -0.001348   -0.002724  
      3.178558  5.442730 11.176238     0.003967    0.013069   -0.006300  
      1.557169  0.899068  1.424395            0           0           0  
     -0.000031  3.596217  1.424395            0           0           0  
      4.671569  0.899068  1.424395            0           0           0  
      3.114369  3.596217  1.424395            0           0           0  
      0.000031  1.798082  6.287164            0           0           0  
     -1.557169  4.495231  6.287164            0           0           0  
      3.114431  1.798082  6.287164            0           0           0  
      1.557231  4.495231  6.287164            0           0           0  
      0.049788  3.585454  8.788822     0.013944    0.013946   -0.004569  
      1.573269  0.942497  8.786773     0.024135    0.001646   -0.001338  
      3.099286  3.587001  8.786109     0.008278   -0.001215    0.005824  
      4.746561  0.873192  8.807446     0.000223    0.000125    0.000024  
     -0.004956  1.793343 13.529837    -0.004362   -0.000876    0.002196  
     -1.598331  4.536633 13.549718    -0.011335   -0.003484    0.000018  
      3.153453  1.793409 13.529557    -0.005006   -0.002987   -0.001385  
      1.574233  4.528663 13.529674    -0.006133   -0.001465   -0.000943  
      1.568337  2.722201  7.507618     0.195508    0.062406    0.001789  
 
  53 f  =    4.490280 THz    28.213258 2PiTHz  149.779602 cm-1    18.570296 meV
             X         Y         Z           dx          dy          dz
      0.000032  1.831799  2.624395            0           0           0  
     -1.586368  4.579524  2.624395            0           0           0  
      3.172832  1.831799  2.624395            0           0           0  
      1.586431  4.579524  2.624395            0           0           0  
      1.586368  0.915927  5.087164            0           0           0  
     -0.000032  3.663652  5.087164            0           0           0  
      4.759169  0.915927  5.087164            0           0           0  
      3.172769  3.663652  5.087164            0           0           0  
     -0.040871  1.772020  9.936509     0.004985    0.008137    0.002811  
     -1.598223  4.536617  9.850069     0.001551   -0.000296   -0.000717  
      3.188852  1.772626  9.935351     0.010010   -0.007006   -0.004571  
      1.574425  4.570632  9.937848    -0.005436   -0.003568    0.002350  
     -0.022373  3.626861 12.447627    -0.002005    0.004237    0.077627  
      1.574113  0.861311 12.447845     0.013615    0.001556   -0.024123  
      3.170905  3.627131 12.447736     0.002485   -0.011284   -0.051720  
      4.746886  0.873562 12.447495    -0.025087    0.008150   -0.001687  
      0.000000  0.000000  3.855704            0           0           0  
     -1.586400  2.747725  3.855704            0           0           0  
      3.172800  0.000000  3.855704            0           0           0  
      1.586400  2.747725  3.855704            0           0           0  
      1.574330  2.704886 11.184273    -0.014135    0.004526    0.000174  
     -0.029973  5.443114 11.176014     0.000959   -0.019069    0.004553  
      4.746769  2.725153 11.175670     0.021767    0.004339    0.001961  
      3.178558  5.442730 11.176238    -0.007198    0.009775   -0.006684  
      1.557169  0.899068  1.424395            0           0           0  
     -0.000031  3.596217  1.424395            0           0           0  
      4.671569  0.899068  1.424395            0           0           0  
      3.114369  3.596217  1.424395            0           0           0  
      0.000031  1.798082  6.287164            0           0           0  
     -1.557169  4.495231  6.287164            0           0           0  
      3.114431  1.798082  6.287164            0           0           0  
      1.557231  4.495231  6.287164            0           0           0  
      0.049788  3.585454  8.788822    -0.000631    0.001259   -0.004230  
      1.573269  0.942497  8.786773     0.001686    0.000361    0.001280  
      3.099286  3.587001  8.786109     0.000031   -0.001158    0.002902  
      4.746561  0.873192  8.807446     0.007592   -0.002410    0.000062  
     -0.004956  1.793343 13.529837    -0.001635   -0.004535    0.002209  
     -1.598331  4.536633 13.549718    -0.007151    0.002171    0.000031  
      3.153453  1.793409 13.529557    -0.004095    0.003162   -0.003147  
      1.574233  4.528663 13.529674     0.003866    0.001606    0.001012  
      1.568337  2.722201  7.507618     0.014970   -0.001294    0.000233  
 
  54 f  =    4.483372 THz    28.169856 2PiTHz  149.549189 cm-1    18.541728 meV
             X         Y         Z           dx          dy          dz
      0.000032  1.831799  2.624395            0           0           0  
     -1.586368  4.579524  2.624395            0           0           0  
      3.172832  1.831799  2.624395            0           0           0  
      1.586431  4.579524  2.624395            0           0           0  
      1.586368  0.915927  5.087164            0           0           0  
     -0.000032  3.663652  5.087164            0           0           0  
      4.759169  0.915927  5.087164            0           0           0  
      3.172769  3.663652  5.087164            0           0           0  
     -0.040871  1.772020  9.936509     0.010120    0.000390    0.003095  
     -1.598223  4.536617  9.850069     0.000609    0.001177    0.000676  
      3.188852  1.772626  9.935351    -0.004759   -0.003945    0.001418  
      1.574425  4.570632  9.937848    -0.002210    0.010952   -0.005052  
     -0.022373  3.626861 12.447627     0.007533    0.012685   -0.016570  
      1.574113  0.861311 12.447845     0.004581   -0.004003    0.074124  
      3.170905  3.627131 12.447736    -0.007517    0.007631   -0.059404  
      4.746886  0.873562 12.447495    -0.008329   -0.024646    0.001666  
      0.000000  0.000000  3.855704            0           0           0  
     -1.586400  2.747725  3.855704            0           0           0  
      3.172800  0.000000  3.855704            0           0           0  
      1.586400  2.747725  3.855704            0           0           0  
      1.574330  2.704886 11.184273    -0.004807   -0.014124   -0.000186  
     -0.029973  5.443114 11.176014    -0.014841    0.009015    0.005172  
      4.746769  2.725153 11.175670     0.007485   -0.011940   -0.006281  
      3.178558  5.442730 11.176238     0.012641    0.018474    0.001331  
      1.557169  0.899068  1.424395            0           0           0  
     -0.000031  3.596217  1.424395            0           0           0  
      4.671569  0.899068  1.424395            0           0           0  
      3.114369  3.596217  1.424395            0           0           0  
      0.000031  1.798082  6.287164            0           0           0  
     -1.557169  4.495231  6.287164            0           0           0  
      3.114431  1.798082  6.287164            0           0           0  
      1.557231  4.495231  6.287164            0           0           0  
      0.049788  3.585454  8.788822     0.000956    0.000779    0.000860  
      1.573269  0.942497  8.786773     0.000922   -0.001208   -0.004182  
      3.099286  3.587001  8.786109    -0.001157    0.000190    0.003404  
      4.746561  0.873192  8.807446     0.002522    0.007266   -0.000090  
     -0.004956  1.793343 13.529837    -0.004773    0.000701    0.002207  
     -1.598331  4.536633 13.549718    -0.002426   -0.006716   -0.000067  
      3.153453  1.793409 13.529557     0.002882    0.003327    0.000547  
      1.574233  4.528663 13.529674     0.001236   -0.004772   -0.002866  
      1.568337  2.722201  7.507618     0.006734    0.010347   -0.000072  
 
  55 f  =    4.343960 THz    27.293907 2PiTHz  144.898916 cm-1    17.965168 meV
             X         Y         Z           dx          dy          dz
      0.000032  1.831799  2.624395            0           0           0  
     -1.586368  4.579524  2.624395            0           0           0  
      3.172832  1.831799  2.624395            0           0           0  
      1.586431  4.579524  2.624395            0           0           0  
      1.586368  0.915927  5.087164            0           0           0  
     -0.000032  3.663652  5.087164            0           0           0  
      4.759169  0.915927  5.087164            0           0           0  
      3.172769  3.663652  5.087164            0           0           0  
     -0.040871  1.772020  9.936509    -0.006338   -0.003660    0.012375  
     -1.598223  4.536617  9.850069    -0.000037    0.000093   -0.040619  
      3.188852  1.772626  9.935351     0.005620   -0.003412    0.012896  
      1.574425  4.570632  9.937848    -0.000108    0.008033    0.012016  
     -0.022373  3.626861 12.447627     0.013521   -0.007592    0.024287  
      1.574113  0.861311 12.447845    -0.000053    0.014839    0.028202  
      3.170905  3.627131 12.447736    -0.013200   -0.007292    0.026077  
      4.746886  0.873562 12.447495     0.000545   -0.000980   -0.073472  
      0.000000  0.000000  3.855704            0           0           0  
     -1.586400  2.747725  3.855704            0           0           0  
      3.172800  0.000000  3.855704            0           0           0  
      1.586400  2.747725  3.855704            0           0           0  
      1.574330  2.704886 11.184273     0.000102   -0.000227    0.007694  
     -0.029973  5.443114 11.176014    -0.028337   -0.015647   -0.003174  
      4.746769  2.725153 11.175670    -0.000298    0.031900   -0.003349  
      3.178558  5.442730 11.176238     0.028470   -0.016036   -0.003116  
      1.557169  0.899068  1.424395            0           0           0  
     -0.000031  3.596217  1.424395            0           0           0  
      4.671569  0.899068  1.424395            0           0           0  
      3.114369  3.596217  1.424395            0           0           0  
      0.000031  1.798082  6.287164            0           0           0  
     -1.557169  4.495231  6.287164            0           0           0  
      3.114431  1.798082  6.287164            0           0           0  
      1.557231  4.495231  6.287164            0           0           0  
      0.049788  3.585454  8.788822    -0.003717    0.002246    0.001290  
      1.573269  0.942497  8.786773    -0.000085   -0.004205    0.000985  
      3.099286  3.587001  8.786109     0.003654    0.002292    0.001204  
      4.746561  0.873192  8.807446    -0.000284    0.000498   -0.000247  
     -0.004956  1.793343 13.529837    -0.000815   -0.000447    0.000513  
     -1.598331  4.536633 13.549718     0.000122   -0.000284    0.004376  
      3.153453  1.793409 13.529557     0.001035   -0.000558    0.000536  
      1.574233  4.528663 13.529674     0.000004    0.000712    0.000567  
      1.568337  2.722201  7.507618     0.000654    0.000428    0.010057  
 
  56 f  =    4.038817 THz    25.376636 2PiTHz  134.720437 cm-1    16.703198 meV
             X         Y         Z           dx          dy          dz
      0.000032  1.831799  2.624395            0           0           0  
     -1.586368  4.579524  2.624395            0           0           0  
      3.172832  1.831799  2.624395            0           0           0  
      1.586431  4.579524  2.624395            0           0           0  
      1.586368  0.915927  5.087164            0           0           0  
     -0.000032  3.663652  5.087164            0           0           0  
      4.759169  0.915927  5.087164            0           0           0  
      3.172769  3.663652  5.087164            0           0           0  
     -0.040871  1.772020  9.936509     0.041007    0.019556    0.031193  
     -1.598223  4.536617  9.850069     0.026673    0.008712   -0.000208  
      3.188852  1.772626  9.935351     0.032826   -0.004849   -0.020943  
      1.574425  4.570632  9.937848     0.016050    0.014519   -0.010104  
     -0.022373  3.626861 12.447627    -0.035455    0.000388   -0.006532  
      1.574113  0.861311 12.447845    -0.022855   -0.014519   -0.002570  
      3.170905  3.627131 12.447736    -0.041824   -0.018401    0.009308  
      4.746886  0.873562 12.447495    -0.014844   -0.004911   -0.000205  
      0.000000  0.000000  3.855704            0           0           0  
     -1.586400  2.747725  3.855704            0           0           0  
      3.172800  0.000000  3.855704            0           0           0  
      1.586400  2.747725  3.855704            0           0           0  
      1.574330  2.704886 11.184273     0.008314    0.002742    0.000030  
     -0.029973  5.443114 11.176014     0.003182    0.004791   -0.003690  
      4.746769  2.725153 11.175670    -0.011801    0.001749    0.001097  
      3.178558  5.442730 11.176238    -0.001471   -0.009925    0.002491  
      1.557169  0.899068  1.424395            0           0           0  
     -0.000031  3.596217  1.424395            0           0           0  
      4.671569  0.899068  1.424395            0           0           0  
      3.114369  3.596217  1.424395            0           0           0  
      0.000031  1.798082  6.287164            0           0           0  
     -1.557169  4.495231  6.287164            0           0           0  
      3.114431  1.798082  6.287164            0           0           0  
      1.557231  4.495231  6.287164            0           0           0  
      0.049788  3.585454  8.788822     0.009954    0.004961   -0.001937  
      1.573269  0.942497  8.786773     0.011828    0.002954   -0.001060  
      3.099286  3.587001  8.786109     0.009360    0.002166    0.002987  
      4.746561  0.873192  8.807446     0.028056    0.009410   -0.000048  
     -0.004956  1.793343 13.529837    -0.008545   -0.000889   -0.003845  
     -1.598331  4.536633 13.549718    -0.021866   -0.007289    0.000096  
      3.153453  1.793409 13.529557    -0.010814   -0.008004    0.002492  
      1.574233  4.528663 13.529674    -0.015542   -0.002493    0.001276  
      1.568337  2.722201  7.507618    -0.018528   -0.007172   -0.000097  
 
  57 f  =    4.035551 THz    25.356113 2PiTHz  134.611484 cm-1    16.689689 meV
             X         Y         Z           dx          dy          dz
      0.000032  1.831799  2.624395            0           0           0  
     -1.586368  4.579524  2.624395            0           0           0  
      3.172832  1.831799  2.624395            0           0           0  
      1.586431  4.579524  2.624395            0           0           0  
      1.586368  0.915927  5.087164            0           0           0  
     -0.000032  3.663652  5.087164            0           0           0  
      4.759169  0.915927  5.087164            0           0           0  
      3.172769  3.663652  5.087164            0           0           0  
     -0.040871  1.772020  9.936509    -0.000098   -0.018911   -0.006740  
     -1.598223  4.536617  9.850069     0.008842   -0.026604    0.000029  
      3.188852  1.772626  9.935351     0.024570   -0.026631   -0.023069  
      1.574425  4.570632  9.937848     0.005336   -0.044328    0.029616  
     -0.022373  3.626861 12.447627    -0.022239    0.030688   -0.006650  
      1.574113  0.861311 12.447845    -0.007572    0.044697    0.008660  
      3.170905  3.627131 12.447736    -0.003505    0.024874   -0.001168  
      4.746886  0.873562 12.447495    -0.004926    0.015028   -0.000787  
      0.000000  0.000000  3.855704            0           0           0  
     -1.586400  2.747725  3.855704            0           0           0  
      3.172800  0.000000  3.855704            0           0           0  
      1.586400  2.747725  3.855704            0           0           0  
      1.574330  2.704886 11.184273     0.002634   -0.008066    0.000051  
     -0.029973  5.443114 11.176014    -0.006983    0.009703    0.000647  
      4.746769  2.725153 11.175670    -0.003785   -0.004749   -0.003444  
      3.178558  5.442730 11.176238     0.007565    0.005026    0.002627  
      1.557169  0.899068  1.424395            0           0           0  
     -0.000031  3.596217  1.424395            0           0           0  
      4.671569  0.899068  1.424395            0           0           0  
      3.114369  3.596217  1.424395            0           0           0  
      0.000031  1.798082  6.287164            0           0           0  
     -1.557169  4.495231  6.287164            0           0           0  
      3.114431  1.798082  6.287164            0           0           0  
      1.557231  4.495231  6.287164            0           0           0  
      0.049788  3.585454  8.788822     0.001748   -0.010713   -0.002366  
      1.573269  0.942497  8.786773     0.004196   -0.009186    0.003117  
      3.099286  3.587001  8.786109     0.004629   -0.011684   -0.000778  
      4.746561  0.873192  8.807446     0.009061   -0.028233    0.000074  
     -0.004956  1.793343 13.529837    -0.006654    0.014772    0.000931  
     -1.598331  4.536633 13.549718    -0.007171    0.022155   -0.000072  
      3.153453  1.793409 13.529557     0.000260    0.012564    0.002961  
      1.574233  4.528663 13.529674    -0.005222    0.007630   -0.003828  
      1.568337  2.722201  7.507618    -0.003745    0.015699   -0.000242  
 
  58 f  =    3.728073 THz    23.424176 2PiTHz  124.355141 cm-1    15.418066 meV
             X         Y         Z           dx          dy          dz
      0.000032  1.831799  2.624395            0           0           0  
     -1.586368  4.579524  2.624395            0           0           0  
      3.172832  1.831799  2.624395            0           0           0  
      1.586431  4.579524  2.624395            0           0           0  
      1.586368  0.915927  5.087164            0           0           0  
     -0.000032  3.663652  5.087164            0           0           0  
      4.759169  0.915927  5.087164            0           0           0  
      3.172769  3.663652  5.087164            0           0           0  
     -0.040871  1.772020  9.936509     0.019664   -0.034062   -0.000182  
     -1.598223  4.536617  9.850069    -0.000602    0.001517    0.000014  
      3.188852  1.772626  9.935351     0.021039    0.035172    0.000050  
      1.574425  4.570632  9.937848    -0.040069   -0.000649    0.000109  
     -0.022373  3.626861 12.447627    -0.022648   -0.037822    0.000156  
      1.574113  0.861311 12.447845     0.043321    0.000660   -0.000370  
      3.170905  3.627131 12.447736    -0.021210    0.036635    0.000229  
      4.746886  0.873562 12.447495     0.000470   -0.001358   -0.000017  
      0.000000  0.000000  3.855704            0           0           0  
     -1.586400  2.747725  3.855704            0           0           0  
      3.172800  0.000000  3.855704            0           0           0  
      1.586400  2.747725  3.855704            0           0           0  
      1.574330  2.704886 11.184273    -0.000039    0.000070   -0.000001  
     -0.029973  5.443114 11.176014    -0.000654    0.001145   -0.000027  
      4.746769  2.725153 11.175670     0.001396    0.000036    0.000053  
      3.178558  5.442730 11.176238    -0.000735   -0.001215   -0.000031  
      1.557169  0.899068  1.424395            0           0           0  
     -0.000031  3.596217  1.424395            0           0           0  
      4.671569  0.899068  1.424395            0           0           0  
      3.114369  3.596217  1.424395            0           0           0  
      0.000031  1.798082  6.287164            0           0           0  
     -1.557169  4.495231  6.287164            0           0           0  
      3.114431  1.798082  6.287164            0           0           0  
      1.557231  4.495231  6.287164            0           0           0  
      0.049788  3.585454  8.788822    -0.010156   -0.016694    0.000084  
      1.573269  0.942497  8.786773     0.019774    0.000629    0.000099  
      3.099286  3.587001  8.786109    -0.009622    0.017007   -0.000199  
      4.746561  0.873192  8.807446     0.000227   -0.000479    0.000001  
     -0.004956  1.793343 13.529837     0.010080   -0.017785    0.000112  
     -1.598331  4.536633 13.549718    -0.000232    0.000457   -0.000002  
      3.153453  1.793409 13.529557     0.010560    0.017336   -0.000001  
      1.574233  4.528663 13.529674    -0.020543   -0.000643   -0.000118  
      1.568337  2.722201  7.507618     0.000314   -0.000403    0.000005  
 
  59 f  =    3.535399 THz    22.213567 2PiTHz  117.928219 cm-1    14.621229 meV
             X         Y         Z           dx          dy          dz
      0.000032  1.831799  2.624395            0           0           0  
     -1.586368  4.579524  2.624395            0           0           0  
      3.172832  1.831799  2.624395            0           0           0  
      1.586431  4.579524  2.624395            0           0           0  
      1.586368  0.915927  5.087164            0           0           0  
     -0.000032  3.663652  5.087164            0           0           0  
      4.759169  0.915927  5.087164            0           0           0  
      3.172769  3.663652  5.087164            0           0           0  
     -0.040871  1.772020  9.936509    -0.020068    0.009956    0.000087  
     -1.598223  4.536617  9.850069    -0.004439    0.062602   -0.000046  
      3.188852  1.772626  9.935351     0.021206    0.004699   -0.000357  
      1.574425  4.570632  9.937848    -0.000479   -0.028376    0.000549  
     -0.022373  3.626861 12.447627    -0.021777   -0.008269    0.000156  
      1.574113  0.861311 12.447845     0.000870    0.025961   -0.000438  
      3.170905  3.627131 12.447736     0.020960   -0.013691    0.000211  
      4.746886  0.873562 12.447495     0.003905   -0.052969    0.000053  
      0.000000  0.000000  3.855704            0           0           0  
     -1.586400  2.747725  3.855704            0           0           0  
      3.172800  0.000000  3.855704            0           0           0  
      1.586400  2.747725  3.855704            0           0           0  
      1.574330  2.704886 11.184273     0.000116   -0.000469    0.000050  
     -0.029973  5.443114 11.176014     0.000647   -0.000420    0.000394  
      4.746769  2.725153 11.175670    -0.000173    0.000852   -0.000887  
      3.178558  5.442730 11.176238    -0.000533   -0.000353    0.000502  
      1.557169  0.899068  1.424395            0           0           0  
     -0.000031  3.596217  1.424395            0           0           0  
      4.671569  0.899068  1.424395            0           0           0  
      3.114369  3.596217  1.424395            0           0           0  
      0.000031  1.798082  6.287164            0           0           0  
     -1.557169  4.495231  6.287164            0           0           0  
      3.114431  1.798082  6.287164            0           0           0  
      1.557231  4.495231  6.287164            0           0           0  
      0.049788  3.585454  8.788822    -0.014102    0.002120    0.004089  
      1.573269  0.942497  8.786773    -0.000339    0.024431   -0.007914  
      3.099286  3.587001  8.786109     0.012482   -0.000662    0.003641  
      4.746561  0.873192  8.807446     0.001667   -0.019811    0.000014  
     -0.004956  1.793343 13.529837    -0.010992   -0.001312   -0.001640  
     -1.598331  4.536633 13.549718    -0.001325    0.016964    0.000001  
      3.153453  1.793409 13.529557     0.012792   -0.004059   -0.001659  
      1.574233  4.528663 13.529674     0.000282   -0.023093    0.003390  
      1.568337  2.722201  7.507618    -0.000337   -0.023353    0.000309  
 
  60 f  =    3.532140 THz    22.193089 2PiTHz  117.819500 cm-1    14.607750 meV
             X         Y         Z           dx          dy          dz
      0.000032  1.831799  2.624395            0           0           0  
     -1.586368  4.579524  2.624395            0           0           0  
      3.172832  1.831799  2.624395            0           0           0  
      1.586431  4.579524  2.624395            0           0           0  
      1.586368  0.915927  5.087164            0           0           0  
     -0.000032  3.663652  5.087164            0           0           0  
      4.759169  0.915927  5.087164            0           0           0  
      3.172769  3.663652  5.087164            0           0           0  
     -0.040871  1.772020  9.936509    -0.017966   -0.020817   -0.000282  
     -1.598223  4.536617  9.850069     0.062349    0.004846   -0.000100  
      3.188852  1.772626  9.935351    -0.014974    0.021586    0.000410  
      1.574425  4.570632  9.937848     0.019271   -0.002056   -0.000166  
     -0.022373  3.626861 12.447627     0.012315   -0.022480   -0.000314  
      1.574113  0.861311 12.447845    -0.023156    0.001846   -0.000112  
      3.170905  3.627131 12.447736     0.015234    0.021156    0.000443  
      4.746886  0.873562 12.447495    -0.052534   -0.003930    0.000016  
      0.000000  0.000000  3.855704            0           0           0  
     -1.586400  2.747725  3.855704            0           0           0  
      3.172800  0.000000  3.855704            0           0           0  
      1.586400  2.747725  3.855704            0           0           0  
      1.574330  2.704886 11.184273    -0.000454    0.000037    0.000012  
     -0.029973  5.443114 11.176014     0.000660    0.000579    0.000728  
      4.746769  2.725153 11.175670    -0.000599    0.000135   -0.000078  
      3.178558  5.442730 11.176238     0.000337   -0.000757   -0.000664  
      1.557169  0.899068  1.424395            0           0           0  
     -0.000031  3.596217  1.424395            0           0           0  
      4.671569  0.899068  1.424395            0           0           0  
      3.114369  3.596217  1.424395            0           0           0  
      0.000031  1.798082  6.287164            0           0           0  
     -1.557169  4.495231  6.287164            0           0           0  
      3.114431  1.798082  6.287164            0           0           0  
      1.557231  4.495231  6.287164            0           0           0  
      0.049788  3.585454  8.788822     0.014836   -0.013418   -0.005854  
      1.573269  0.942497  8.786773    -0.006788    0.001941   -0.000831  
      3.099286  3.587001  8.786109     0.017142    0.013366    0.006807  
      4.746561  0.873192  8.807446    -0.020297   -0.001293   -0.000047  
     -0.004956  1.793343 13.529837    -0.016930   -0.012134   -0.002831  
     -1.598331  4.536633 13.549718     0.017418    0.001190    0.000034  
      3.153453  1.793409 13.529557    -0.015235    0.011771    0.002336  
      1.574233  4.528663 13.529674     0.004220   -0.001789    0.000431  
      1.568337  2.722201  7.507618    -0.024087   -0.003528   -0.000167  
 
  61 f  =    0.872380 THz     5.481326 2PiTHz   29.099470 cm-1     3.607873 meV
             X         Y         Z           dx          dy          dz
      0.000032  1.831799  2.624395            0           0           0  
     -1.586368  4.579524  2.624395            0           0           0  
      3.172832  1.831799  2.624395            0           0           0  
      1.586431  4.579524  2.624395            0           0           0  
      1.586368  0.915927  5.087164            0           0           0  
     -0.000032  3.663652  5.087164            0           0           0  
      4.759169  0.915927  5.087164            0           0           0  
      3.172769  3.663652  5.087164            0           0           0  
     -0.040871  1.772020  9.936509     0.000877    0.000301    0.032353  
     -1.598223  4.536617  9.850069     0.000183   -0.000109    0.034228  
      3.188852  1.772626  9.935351    -0.000551    0.000292    0.032373  
      1.574425  4.570632  9.937848     0.000151   -0.000879    0.032460  
     -0.022373  3.626861 12.447627     0.000140   -0.000122    0.033477  
      1.574113  0.861311 12.447845     0.000125   -0.000107    0.033473  
      3.170905  3.627131 12.447736     0.000127   -0.000098    0.033467  
      4.746886  0.873562 12.447495     0.000106   -0.000069    0.033714  
      0.000000  0.000000  3.855704            0           0           0  
     -1.586400  2.747725  3.855704            0           0           0  
      3.172800  0.000000  3.855704            0           0           0  
      1.586400  2.747725  3.855704            0           0           0  
      1.574330  2.704886 11.184273     0.000144   -0.000110    0.033140  
     -0.029973  5.443114 11.176014     0.000579    0.000161    0.033171  
      4.746769  2.725153 11.175670     0.000154   -0.000617    0.033125  
      3.178558  5.442730 11.176238    -0.000297    0.000178    0.033151  
      1.557169  0.899068  1.424395            0           0           0  
     -0.000031  3.596217  1.424395            0           0           0  
      4.671569  0.899068  1.424395            0           0           0  
      3.114369  3.596217  1.424395            0           0           0  
      0.000031  1.798082  6.287164            0           0           0  
     -1.557169  4.495231  6.287164            0           0           0  
      3.114431  1.798082  6.287164            0           0           0  
      1.557231  4.495231  6.287164            0           0           0  
      0.049788  3.585454  8.788822     0.000305   -0.000106    0.030580  
      1.573269  0.942497  8.786773     0.000192    0.000025    0.030880  
      3.099286  3.587001  8.786109    -0.000031   -0.000162    0.030781  
      4.746561  0.873192  8.807446     0.000147   -0.000090    0.032490  
     -0.004956  1.793343 13.529837     0.000099   -0.000143    0.033566  
     -1.598331  4.536633 13.549718     0.000104   -0.000142    0.033476  
      3.153453  1.793409 13.529557     0.000194   -0.000124    0.033597  
      1.574233  4.528663 13.529674     0.000163   -0.000032    0.033559  
      1.568337  2.722201  7.507618    -0.000028    0.001379    0.015554  
 
  62 f  =    0.515757 THz     3.240594 2PiTHz   17.203789 cm-1     2.132997 meV
             X         Y         Z           dx          dy          dz
      0.000032  1.831799  2.624395            0           0           0  
     -1.586368  4.579524  2.624395            0           0           0  
      3.172832  1.831799  2.624395            0           0           0  
      1.586431  4.579524  2.624395            0           0           0  
      1.586368  0.915927  5.087164            0           0           0  
     -0.000032  3.663652  5.087164            0           0           0  
      4.759169  0.915927  5.087164            0           0           0  
      3.172769  3.663652  5.087164            0           0           0  
     -0.040871  1.772020  9.936509    -0.029459   -0.013224   -0.001281  
     -1.598223  4.536617  9.850069    -0.030003   -0.013609    0.000105  
      3.188852  1.772626  9.935351    -0.029909   -0.014129    0.000828  
      1.574425  4.570632  9.937848    -0.030463   -0.013310    0.000696  
     -0.022373  3.626861 12.447627    -0.030508   -0.013725    0.000144  
      1.574113  0.861311 12.447845    -0.030407   -0.013856    0.000144  
      3.170905  3.627131 12.447736    -0.030535   -0.013857    0.000014  
      4.746886  0.873562 12.447495    -0.030274   -0.013712    0.000090  
      0.000000  0.000000  3.855704            0           0           0  
     -1.586400  2.747725  3.855704            0           0           0  
      3.172800  0.000000  3.855704            0           0           0  
      1.586400  2.747725  3.855704            0           0           0  
      1.574330  2.704886 11.184273    -0.030314   -0.013744    0.000094  
     -0.029973  5.443114 11.176014    -0.030405   -0.013826    0.000481  
      4.746769  2.725153 11.175670    -0.029806   -0.013793   -0.000081  
      3.178558  5.442730 11.176238    -0.030123   -0.013291   -0.000127  
      1.557169  0.899068  1.424395            0           0           0  
     -0.000031  3.596217  1.424395            0           0           0  
      4.671569  0.899068  1.424395            0           0           0  
      3.114369  3.596217  1.424395            0           0           0  
      0.000031  1.798082  6.287164            0           0           0  
     -1.557169  4.495231  6.287164            0           0           0  
      3.114431  1.798082  6.287164            0           0           0  
      1.557231  4.495231  6.287164            0           0           0  
      0.049788  3.585454  8.788822    -0.029099   -0.012637   -0.000013  
      1.573269  0.942497  8.786773    -0.028584   -0.013474    0.000020  
      3.099286  3.587001  8.786109    -0.029500   -0.013443    0.000229  
      4.746561  0.873192  8.807446    -0.029431   -0.013333    0.000098  
     -0.004956  1.793343 13.529837    -0.030355   -0.013744    0.000081  
     -1.598331  4.536633 13.549718    -0.030649   -0.013886    0.000149  
      3.153453  1.793409 13.529557    -0.030294   -0.013756    0.000090  
      1.574233  4.528663 13.529674    -0.030333   -0.013722    0.000075  
      1.568337  2.722201  7.507618    -0.013480   -0.005256   -0.000105  
 
  63 f  =    0.497872 THz     3.128225 2PiTHz   16.607238 cm-1     2.059034 meV
             X         Y         Z           dx          dy          dz
      0.000032  1.831799  2.624395            0           0           0  
     -1.586368  4.579524  2.624395            0           0           0  
      3.172832  1.831799  2.624395            0           0           0  
      1.586431  4.579524  2.624395            0           0           0  
      1.586368  0.915927  5.087164            0           0           0  
     -0.000032  3.663652  5.087164            0           0           0  
      4.759169  0.915927  5.087164            0           0           0  
      3.172769  3.663652  5.087164            0           0           0  
     -0.040871  1.772020  9.936509    -0.013966    0.030451    0.000350  
     -1.598223  4.536617  9.850069    -0.013604    0.030094    0.000191  
      3.188852  1.772626  9.935351    -0.012951    0.030018    0.001319  
      1.574425  4.570632  9.937848    -0.013811    0.029358   -0.001248  
     -0.022373  3.626861 12.447627    -0.013909    0.030494    0.000183  
      1.574113  0.861311 12.447845    -0.013769    0.030583    0.000078  
      3.170905  3.627131 12.447736    -0.013727    0.030381    0.000158  
      4.746886  0.873562 12.447495    -0.013682    0.030194    0.000150  
      0.000000  0.000000  3.855704            0           0           0  
     -1.586400  2.747725  3.855704            0           0           0  
      3.172800  0.000000  3.855704            0           0           0  
      1.586400  2.747725  3.855704            0           0           0  
      1.574330  2.704886 11.184273    -0.013735    0.030350    0.000147  
     -0.029973  5.443114 11.176014    -0.013405    0.029839    0.000092  
      4.746769  2.725153 11.175670    -0.013509    0.030428    0.000533  
      3.178558  5.442730 11.176238    -0.014006    0.030055   -0.000184  
      1.557169  0.899068  1.424395            0           0           0  
     -0.000031  3.596217  1.424395            0           0           0  
      4.671569  0.899068  1.424395            0           0           0  
      3.114369  3.596217  1.424395            0           0           0  
      0.000031  1.798082  6.287164            0           0           0  
     -1.557169  4.495231  6.287164            0           0           0  
      3.114431  1.798082  6.287164            0           0           0  
      1.557231  4.495231  6.287164            0           0           0  
      0.049788  3.585454  8.788822    -0.013820    0.029056    0.000080  
      1.573269  0.942497  8.786773    -0.012980    0.029888    0.000135  
      3.099286  3.587001  8.786109    -0.012793    0.028630    0.000121  
      4.746561  0.873192  8.807446    -0.013310    0.029379    0.000143  
     -0.004956  1.793343 13.529837    -0.013768    0.030358    0.000139  
     -1.598331  4.536633 13.549718    -0.013855    0.030609    0.000144  
      3.153453  1.793409 13.529557    -0.013683    0.030288    0.000155  
      1.574233  4.528663 13.529674    -0.013725    0.030255    0.000132  
      1.568337  2.722201  7.507618    -0.005813    0.010796    0.000417  
 
