 Eigenvectors and eigenvalues of the dynamical matrix
 ----------------------------------------------------
 
 
   1 f  =   20.094035 THz   126.254548 2PiTHz  670.264876 cm-1    83.102216 meV
             X         Y         Z           dx          dy          dz
      0.000031  1.786073  4.861250            0           0           0  
     -1.546769  4.465209  4.861250            0           0           0  
      3.093631  1.786073  4.861250            0           0           0  
      1.546831  4.465209  4.861250            0           0           0  
      0.000000  0.000000  7.269000            0           0           0  
     -1.546800  2.679136  7.269000            0           0           0  
      3.093600  0.000000  7.269000            0           0           0  
      1.546800  2.679136  7.269000            0           0           0  
      1.546769  0.893063  9.676500            0           0           0  
     -0.000031  3.572200  9.676500            0           0           0  
      4.640369  0.893063  9.676500            0           0           0  
      3.093569  3.572200  9.676500            0           0           0  
      1.546793  0.893049 14.989266     0.000001   -0.000001    0.020345  
     -0.000372  3.571973 14.991356     0.001164    0.000669    0.015206  
      4.640394  0.893472 14.991356    -0.000000   -0.001345    0.015203  
      3.093960  3.571974 14.991357    -0.001166    0.000670    0.015204  
      0.001405  0.000819 17.384390     0.001229    0.000707   -0.000609  
      4.640394  2.679140 17.382327    -0.000000   -0.000003    0.003900  
      3.092182  0.000818 17.384391    -0.001232    0.000707   -0.000610  
      1.546794  2.677510 17.384390    -0.000001   -0.001423   -0.000610  
     -0.018874  1.796988 19.751582    -0.003374    0.001944   -0.014974  
     -1.546807  4.443445 19.751583    -0.000001   -0.003894   -0.014973  
      3.112460  1.796988 19.751583     0.003372    0.001944   -0.014973  
      1.546793  4.465231 19.773468    -0.000000   -0.000001   -0.014301  
      1.546769  0.893063  5.959750            0           0           0  
     -0.000031  3.572200  5.959750            0           0           0  
      4.640369  0.893063  5.959750            0           0           0  
      3.093569  3.572200  5.959750            0           0           0  
      0.000031  1.786073  8.578000            0           0           0  
     -1.546769  4.465209  8.578000            0           0           0  
      3.093631  1.786073  8.578000            0           0           0  
      1.546831  4.465209  8.578000            0           0           0  
      0.002298  1.784764 16.081090     0.030074   -0.017326   -0.096453  
     -1.546808  4.467892 16.081089     0.000017    0.034728   -0.096452  
      3.091288  1.784765 16.081089    -0.030068   -0.017344   -0.096453  
      1.546794  4.465231 16.081231    -0.000003   -0.000005   -0.105142  
      1.546794  0.893049 18.706994     0.000007    0.000009    0.065920  
      0.014457  3.580534 18.703211    -0.022451   -0.012950    0.093146  
      4.640395  0.876349 18.703211     0.000011    0.025947    0.093163  
      3.079131  3.580535 18.703212     0.022459   -0.012947    0.093149  
      0.000000  0.000000  3.611250            0           0           0  
     -1.546800  2.679136  3.611250            0           0           0  
      3.093600  0.000000  3.611250            0           0           0  
      1.546800  2.679136  3.611250            0           0           0  
      0.000000  0.000000 10.926500            0           0           0  
     -1.546800  2.679136 10.926500            0           0           0  
      3.093600  0.000000 10.926500            0           0           0  
      1.546800  2.679136 10.926500            0           0           0  
      3.092750  5.357790 13.730047     0.000992    0.000572   -0.000634  
      4.640393  2.679140 13.729433     0.000001   -0.000000   -0.001390  
      0.000837  5.357789 13.730047    -0.000990    0.000572   -0.000633  
      1.546793  2.680114 13.730047    -0.000001   -0.001146   -0.000632  
      0.121762  0.070308 21.266948     0.001296    0.000748    0.003175  
      4.640395  2.679139 21.115818     0.000000   -0.000002    0.001912  
      2.971820  0.070310 21.266950    -0.001296    0.000747    0.003175  
      1.546793  2.538533 21.266948    -0.000001   -0.001498    0.003174  
      1.546790  0.893049 22.142898    -0.000000   -0.000001    0.002640  
 
   2 f  =   20.007538 THz   125.711067 2PiTHz  667.379622 cm-1    82.744490 meV
             X         Y         Z           dx          dy          dz
      0.000031  1.786073  4.861250            0           0           0  
     -1.546769  4.465209  4.861250            0           0           0  
      3.093631  1.786073  4.861250            0           0           0  
      1.546831  4.465209  4.861250            0           0           0  
      0.000000  0.000000  7.269000            0           0           0  
     -1.546800  2.679136  7.269000            0           0           0  
      3.093600  0.000000  7.269000            0           0           0  
      1.546800  2.679136  7.269000            0           0           0  
      1.546769  0.893063  9.676500            0           0           0  
     -0.000031  3.572200  9.676500            0           0           0  
      4.640369  0.893063  9.676500            0           0           0  
      3.093569  3.572200  9.676500            0           0           0  
      1.546793  0.893049 14.989266    -0.000005    0.000004    0.015823  
     -0.000372  3.571973 14.991356     0.002415    0.001374   -0.010328  
      4.640394  0.893472 14.991356     0.000008   -0.002783   -0.010412  
      3.093960  3.571974 14.991357    -0.002411    0.001375   -0.010267  
      0.001405  0.000819 17.384390     0.003011    0.001721   -0.002080  
      4.640394  2.679140 17.382327    -0.000006    0.000004    0.005388  
      3.092182  0.000818 17.384391    -0.003011    0.001723   -0.002067  
      1.546794  2.677510 17.384390     0.000007   -0.003469   -0.002096  
     -0.018874  1.796988 19.751582    -0.001721    0.000986    0.003654  
     -1.546807  4.443445 19.751583     0.000003   -0.001973    0.003698  
      3.112460  1.796988 19.751583     0.001718    0.000984    0.003670  
      1.546793  4.465231 19.773468    -0.000009    0.000016    0.002613  
      1.546769  0.893063  5.959750            0           0           0  
     -0.000031  3.572200  5.959750            0           0           0  
      4.640369  0.893063  5.959750            0           0           0  
      3.093569  3.572200  5.959750            0           0           0  
      0.000031  1.786073  8.578000            0           0           0  
     -1.546769  4.465209  8.578000            0           0           0  
      3.093631  1.786073  8.578000            0           0           0  
      1.546831  4.465209  8.578000            0           0           0  
      0.002298  1.784764 16.081090     0.136638   -0.078373    0.018464  
     -1.546808  4.467892 16.081089    -0.000307    0.157158    0.018251  
      3.091288  1.784765 16.081089    -0.136655   -0.077957    0.018382  
      1.546794  4.465231 16.081231     0.000287   -0.000614    0.039224  
      1.546794  0.893049 18.706994    -0.000055    0.000136   -0.055491  
      0.014457  3.580534 18.703211    -0.001569   -0.001087   -0.008423  
      4.640395  0.876349 18.703211     0.000065    0.001961   -0.008182  
      3.079131  3.580535 18.703212     0.001589   -0.001051   -0.008581  
      0.000000  0.000000  3.611250            0           0           0  
     -1.546800  2.679136  3.611250            0           0           0  
      3.093600  0.000000  3.611250            0           0           0  
      1.546800  2.679136  3.611250            0           0           0  
      0.000000  0.000000 10.926500            0           0           0  
     -1.546800  2.679136 10.926500            0           0           0  
      3.093600  0.000000 10.926500            0           0           0  
      1.546800  2.679136 10.926500            0           0           0  
      3.092750  5.357790 13.730047     0.005622    0.003206    0.000497  
      4.640393  2.679140 13.729433    -0.000015    0.000030   -0.002098  
      0.000837  5.357789 13.730047    -0.005622    0.003223    0.000494  
      1.546793  2.680114 13.730047     0.000012   -0.006463    0.000505  
      0.121762  0.070308 21.266948    -0.001703   -0.000970   -0.000522  
      4.640395  2.679139 21.115818     0.000008   -0.000016   -0.000381  
      2.971820  0.070310 21.266950     0.001703   -0.000975   -0.000517  
      1.546793  2.538533 21.266948    -0.000004    0.001955   -0.000528  
      1.546790  0.893049 22.142898     0.000006   -0.000014   -0.000181  
 
   3 f  =   19.984577 THz   125.566800 2PiTHz  666.613733 cm-1    82.649532 meV
             X         Y         Z           dx          dy          dz
      0.000031  1.786073  4.861250            0           0           0  
     -1.546769  4.465209  4.861250            0           0           0  
      3.093631  1.786073  4.861250            0           0           0  
      1.546831  4.465209  4.861250            0           0           0  
      0.000000  0.000000  7.269000            0           0           0  
     -1.546800  2.679136  7.269000            0           0           0  
      3.093600  0.000000  7.269000            0           0           0  
      1.546800  2.679136  7.269000            0           0           0  
      1.546769  0.893063  9.676500            0           0           0  
     -0.000031  3.572200  9.676500            0           0           0  
      4.640369  0.893063  9.676500            0           0           0  
      3.093569  3.572200  9.676500            0           0           0  
      1.546793  0.893049 14.989266    -0.001818   -0.000676   -0.000003  
     -0.000372  3.571973 14.991356     0.000481   -0.000404   -0.018356  
      4.640394  0.893472 14.991356     0.003318    0.000078    0.006495  
      3.093960  3.571974 14.991357     0.001489    0.002298    0.011876  
      0.001405  0.000819 17.384390    -0.000461   -0.000849   -0.003562  
      4.640394  2.679140 17.382327    -0.002194   -0.000813   -0.000002  
      3.092182  0.000818 17.384391     0.000711    0.002296    0.002303  
      1.546794  2.677510 17.384390     0.002842   -0.000289    0.001262  
     -0.018874  1.796988 19.751582    -0.000339    0.001375   -0.003737  
     -1.546807  4.443445 19.751583     0.001231   -0.000535   -0.002041  
      3.112460  1.796988 19.751583    -0.001205   -0.000948    0.005771  
      1.546793  4.465231 19.773468    -0.003851   -0.001432   -0.000002  
      1.546769  0.893063  5.959750            0           0           0  
     -0.000031  3.572200  5.959750            0           0           0  
      4.640369  0.893063  5.959750            0           0           0  
      3.093569  3.572200  5.959750            0           0           0  
      0.000031  1.786073  8.578000            0           0           0  
     -1.546769  4.465209  8.578000            0           0           0  
      3.093631  1.786073  8.578000            0           0           0  
      1.546831  4.465209  8.578000            0           0           0  
      0.002298  1.784764 16.081090    -0.037701   -0.129633    0.017898  
     -1.546808  4.467892 16.081089    -0.159532    0.017549    0.009762  
      3.091288  1.784765 16.081089     0.029005    0.049482   -0.027712  
      1.546794  4.465231 16.081231     0.146235    0.054376   -0.000017  
      1.546794  0.893049 18.706994    -0.030336   -0.011261    0.000027  
      0.014457  3.580534 18.703211    -0.002004   -0.009117    0.050353  
      4.640395  0.876349 18.703211     0.038355   -0.002229   -0.017790  
      3.079131  3.580535 18.703212     0.012245    0.029338   -0.032534  
      0.000000  0.000000  3.611250            0           0           0  
     -1.546800  2.679136  3.611250            0           0           0  
      3.093600  0.000000  3.611250            0           0           0  
      1.546800  2.679136  3.611250            0           0           0  
      0.000000  0.000000 10.926500            0           0           0  
     -1.546800  2.679136 10.926500            0           0           0  
      3.093600  0.000000 10.926500            0           0           0  
      1.546800  2.679136 10.926500            0           0           0  
      3.092750  5.357790 13.730047    -0.001617   -0.002384    0.001287  
      4.640393  2.679140 13.729433    -0.007243   -0.002693    0.000004  
      0.000837  5.357789 13.730047     0.001454    0.005864   -0.000833  
      1.546793  2.680114 13.730047     0.007063   -0.000914   -0.000455  
      0.121762  0.070308 21.266948     0.000481    0.000815   -0.001233  
      4.640395  2.679139 21.115818     0.003850    0.001430   -0.000000  
      2.971820  0.070310 21.266950    -0.000607   -0.002117    0.000798  
      1.546793  2.538533 21.266948    -0.002599    0.000290    0.000435  
      1.546790  0.893049 22.142898     0.003371    0.001254    0.000001  
 
   4 f  =   19.984414 THz   125.565779 2PiTHz  666.608311 cm-1    82.648860 meV
             X         Y         Z           dx          dy          dz
      0.000031  1.786073  4.861250            0           0           0  
     -1.546769  4.465209  4.861250            0           0           0  
      3.093631  1.786073  4.861250            0           0           0  
      1.546831  4.465209  4.861250            0           0           0  
      0.000000  0.000000  7.269000            0           0           0  
     -1.546800  2.679136  7.269000            0           0           0  
      3.093600  0.000000  7.269000            0           0           0  
      1.546800  2.679136  7.269000            0           0           0  
      1.546769  0.893063  9.676500            0           0           0  
     -0.000031  3.572200  9.676500            0           0           0  
      4.640369  0.893063  9.676500            0           0           0  
      3.093569  3.572200  9.676500            0           0           0  
      1.546793  0.893049 14.989266    -0.000673    0.001827   -0.000073  
     -0.000372  3.571973 14.991356     0.001704   -0.003049    0.003153  
      4.640394  0.893472 14.991356     0.001232   -0.000188   -0.017408  
      3.093960  3.571974 14.991357    -0.000970   -0.002035    0.014395  
      0.001405  0.000819 17.384390     0.001602   -0.002527    0.000612  
      4.640394  2.679140 17.382327    -0.000812    0.002204   -0.000026  
      3.092182  0.000818 17.384391    -0.001507   -0.001345    0.002793  
      1.546794  2.677510 17.384390     0.001055    0.000805   -0.003376  
     -0.018874  1.796988 19.751582    -0.001436   -0.000128   -0.004528  
     -1.546807  4.443445 19.751583     0.000457    0.001455    0.005474  
      3.112460  1.796988 19.751583     0.000864   -0.001000   -0.000993  
      1.546793  4.465231 19.773468    -0.001429    0.003859   -0.000011  
      1.546769  0.893063  5.959750            0           0           0  
     -0.000031  3.572200  5.959750            0           0           0  
      4.640369  0.893063  5.959750            0           0           0  
      3.093569  3.572200  5.959750            0           0           0  
      0.000031  1.786073  8.578000            0           0           0  
     -1.546769  4.465209  8.578000            0           0           0  
      3.093631  1.786073  8.578000            0           0           0  
      1.546831  4.465209  8.578000            0           0           0  
      0.002298  1.784764 16.081090     0.087351    0.074844    0.021568  
     -1.546808  4.467892 16.081089    -0.059360   -0.048144   -0.026417  
      3.091288  1.784765 16.081089    -0.090595    0.141348    0.004609  
      1.546794  4.465231 16.081231     0.054398   -0.146264   -0.000171  
      1.546794  0.893049 18.706994    -0.011264    0.030319    0.000243  
      0.014457  3.580534 18.703211     0.021109   -0.034489   -0.008483  
      4.640395  0.876349 18.703211     0.014235    0.005906    0.047884  
      3.079131  3.580535 18.703212    -0.017311   -0.020143   -0.039305  
      0.000000  0.000000  3.611250            0           0           0  
     -1.546800  2.679136  3.611250            0           0           0  
      3.093600  0.000000  3.611250            0           0           0  
      1.546800  2.679136  3.611250            0           0           0  
      0.000000  0.000000 10.926500            0           0           0  
     -1.546800  2.679136 10.926500            0           0           0  
      3.093600  0.000000 10.926500            0           0           0  
      1.546800  2.679136 10.926500            0           0           0  
      3.092750  5.357790 13.730047     0.004068   -0.006228   -0.000219  
      4.640393  2.679140 13.729433    -0.002692    0.007246    0.000010  
      0.000837  5.357789 13.730047    -0.004128   -0.003160   -0.001007  
      1.546793  2.680114 13.730047     0.002628    0.002496    0.001221  
      0.121762  0.070308 21.266948    -0.001481    0.002304    0.000210  
      4.640395  2.679139 21.115818     0.001431   -0.003849    0.000001  
      2.971820  0.070310 21.266950     0.001433    0.001215    0.000965  
      1.546793  2.538533 21.266948    -0.000966   -0.000790   -0.001170  
      1.546790  0.893049 22.142898     0.001255   -0.003371    0.000001  
 
   5 f  =   19.716943 THz   123.885204 2PiTHz  657.686410 cm-1    81.542686 meV
             X         Y         Z           dx          dy          dz
      0.000031  1.786073  4.861250            0           0           0  
     -1.546769  4.465209  4.861250            0           0           0  
      3.093631  1.786073  4.861250            0           0           0  
      1.546831  4.465209  4.861250            0           0           0  
      0.000000  0.000000  7.269000            0           0           0  
     -1.546800  2.679136  7.269000            0           0           0  
      3.093600  0.000000  7.269000            0           0           0  
      1.546800  2.679136  7.269000            0           0           0  
      1.546769  0.893063  9.676500            0           0           0  
     -0.000031  3.572200  9.676500            0           0           0  
      4.640369  0.893063  9.676500            0           0           0  
      3.093569  3.572200  9.676500            0           0           0  
      1.546793  0.893049 14.989266     0.010057    0.000249    0.000002  
     -0.000372  3.571973 14.991356     0.008072   -0.002110   -0.000145  
      4.640394  0.893472 14.991356     0.012252    0.000165    0.000008  
      3.093960  3.571974 14.991357     0.008190    0.002642    0.000142  
      0.001405  0.000819 17.384390     0.015209   -0.002896   -0.002898  
      4.640394  2.679140 17.382327     0.017554    0.000431    0.000000  
      3.092182  0.000818 17.384391     0.015377    0.003833    0.002817  
      1.546794  2.677510 17.384390     0.021133    0.000323    0.000081  
     -0.018874  1.796988 19.751582     0.012786    0.005218    0.004482  
     -1.546807  4.443445 19.751583     0.020956    0.000239    0.000126  
      3.112460  1.796988 19.751583     0.012550   -0.004332   -0.004611  
      1.546793  4.465231 19.773468     0.011024    0.000269   -0.000000  
      1.546769  0.893063  5.959750            0           0           0  
     -0.000031  3.572200  5.959750            0           0           0  
      4.640369  0.893063  5.959750            0           0           0  
      3.093569  3.572200  5.959750            0           0           0  
      0.000031  1.786073  8.578000            0           0           0  
     -1.546769  4.465209  8.578000            0           0           0  
      3.093631  1.786073  8.578000            0           0           0  
      1.546831  4.465209  8.578000            0           0           0  
      0.002298  1.784764 16.081090    -0.086663    0.003619   -0.016942  
     -1.546808  4.467892 16.081089    -0.077046   -0.002216   -0.000483  
      3.091288  1.784765 16.081089    -0.086940   -0.007572    0.017405  
      1.546794  4.465231 16.081231    -0.037171   -0.000880   -0.000008  
      1.546794  0.893049 18.706994    -0.022034   -0.000521    0.000005  
      0.014457  3.580534 18.703211    -0.112320    0.018018    0.013561  
      4.640395  0.876349 18.703211    -0.149709   -0.002462   -0.000379  
      3.079131  3.580535 18.703212    -0.113333   -0.024705   -0.013167  
      0.000000  0.000000  3.611250            0           0           0  
     -1.546800  2.679136  3.611250            0           0           0  
      3.093600  0.000000  3.611250            0           0           0  
      1.546800  2.679136  3.611250            0           0           0  
      0.000000  0.000000 10.926500            0           0           0  
     -1.546800  2.679136 10.926500            0           0           0  
      3.093600  0.000000 10.926500            0           0           0  
      1.546800  2.679136 10.926500            0           0           0  
      3.092750  5.357790 13.730047     0.001931    0.000275    0.000563  
      4.640393  2.679140 13.729433     0.001765    0.000042   -0.000000  
      0.000837  5.357789 13.730047     0.001921   -0.000194   -0.000548  
      1.546793  2.680114 13.730047     0.001520    0.000050   -0.000016  
      0.121762  0.070308 21.266948     0.002326   -0.001022   -0.001164  
      4.640395  2.679139 21.115818     0.000578    0.000014    0.000000  
      2.971820  0.070310 21.266950     0.002379    0.001199    0.001132  
      1.546793  2.538533 21.266948     0.004271    0.000041    0.000031  
      1.546790  0.893049 22.142898     0.001053    0.000027   -0.000000  
 
   6 f  =   19.716818 THz   123.884418 2PiTHz  657.682241 cm-1    81.542169 meV
             X         Y         Z           dx          dy          dz
      0.000031  1.786073  4.861250            0           0           0  
     -1.546769  4.465209  4.861250            0           0           0  
      3.093631  1.786073  4.861250            0           0           0  
      1.546831  4.465209  4.861250            0           0           0  
      0.000000  0.000000  7.269000            0           0           0  
     -1.546800  2.679136  7.269000            0           0           0  
      3.093600  0.000000  7.269000            0           0           0  
      1.546800  2.679136  7.269000            0           0           0  
      1.546769  0.893063  9.676500            0           0           0  
     -0.000031  3.572200  9.676500            0           0           0  
      4.640369  0.893063  9.676500            0           0           0  
      3.093569  3.572200  9.676500            0           0           0  
      1.546793  0.893049 14.989266    -0.000252    0.010050    0.000006  
     -0.000372  3.571973 14.991356    -0.002574    0.010943   -0.000078  
      4.640394  0.893472 14.991356    -0.000296    0.006765    0.000174  
      3.093960  3.571974 14.991357     0.002175    0.010811   -0.000096  
      0.001405  0.000819 17.384390    -0.003738    0.019280   -0.001582  
      4.640394  2.679140 17.382327    -0.000436    0.017545    0.000001  
      3.092182  0.000818 17.384391     0.002991    0.019095   -0.001721  
      1.546794  2.677510 17.384390    -0.000511    0.013356    0.003303  
     -0.018874  1.796988 19.751582     0.004469    0.018069   -0.002732  
     -1.546807  4.443445 19.751583    -0.000506    0.009915    0.005247  
      3.112460  1.796988 19.751583    -0.005086    0.018317   -0.002520  
      1.546793  4.465231 19.773468    -0.000271    0.011018   -0.000003  
      1.546769  0.893063  5.959750            0           0           0  
     -0.000031  3.572200  5.959750            0           0           0  
      4.640369  0.893063  5.959750            0           0           0  
      3.093569  3.572200  5.959750            0           0           0  
      0.000031  1.786073  8.578000            0           0           0  
     -1.546769  4.465209  8.578000            0           0           0  
      3.093631  1.786073  8.578000            0           0           0  
      1.546831  4.465209  8.578000            0           0           0  
      0.002298  1.784764 16.081090     0.007705   -0.080553    0.010297  
     -1.546808  4.467892 16.081089     0.001982   -0.089911   -0.019838  
      3.091288  1.784765 16.081089    -0.003440   -0.080173    0.009500  
      1.546794  4.465231 16.081231     0.000821   -0.037150   -0.000003  
      1.546794  0.893049 18.706994     0.000538   -0.022084    0.000002  
      0.014457  3.580534 18.703211     0.024107   -0.137883    0.007392  
      4.640395  0.876349 18.703211     0.003638   -0.100460   -0.015439  
      3.079131  3.580535 18.703212    -0.018612   -0.137014    0.008090  
      0.000000  0.000000  3.611250            0           0           0  
     -1.546800  2.679136  3.611250            0           0           0  
      3.093600  0.000000  3.611250            0           0           0  
      1.546800  2.679136  3.611250            0           0           0  
      0.000000  0.000000 10.926500            0           0           0  
     -1.546800  2.679136 10.926500            0           0           0  
      3.093600  0.000000 10.926500            0           0           0  
      1.546800  2.679136 10.926500            0           0           0  
      3.092750  5.357790 13.730047     0.000187    0.001653    0.000307  
      4.640393  2.679140 13.729433    -0.000040    0.001762    0.000001  
      0.000837  5.357789 13.730047    -0.000281    0.001662    0.000337  
      1.546793  2.680114 13.730047    -0.000041    0.002058   -0.000641  
      0.121762  0.070308 21.266948    -0.001167    0.003657   -0.000633  
      4.640395  2.679139 21.115818    -0.000017    0.000579   -0.000001  
      2.971820  0.070310 21.266950     0.001054    0.003608   -0.000689  
      1.546793  2.538533 21.266948    -0.000103    0.001711    0.001326  
      1.546790  0.893049 22.142898    -0.000028    0.001056    0.000001  
 
   7 f  =   19.497705 THz   122.507695 2PiTHz  650.373438 cm-1    80.635993 meV
             X         Y         Z           dx          dy          dz
      0.000031  1.786073  4.861250            0           0           0  
     -1.546769  4.465209  4.861250            0           0           0  
      3.093631  1.786073  4.861250            0           0           0  
      1.546831  4.465209  4.861250            0           0           0  
      0.000000  0.000000  7.269000            0           0           0  
     -1.546800  2.679136  7.269000            0           0           0  
      3.093600  0.000000  7.269000            0           0           0  
      1.546800  2.679136  7.269000            0           0           0  
      1.546769  0.893063  9.676500            0           0           0  
     -0.000031  3.572200  9.676500            0           0           0  
      4.640369  0.893063  9.676500            0           0           0  
      3.093569  3.572200  9.676500            0           0           0  
      1.546793  0.893049 14.989266     0.004622   -0.015752    0.000001  
     -0.000372  3.571973 14.991356     0.001235   -0.002253   -0.000084  
      4.640394  0.893472 14.991356     0.000469   -0.000219    0.000348  
      3.093960  3.571974 14.991357    -0.000586   -0.001349   -0.000265  
      0.001405  0.000819 17.384390     0.001641   -0.002313   -0.001769  
      4.640394  2.679140 17.382327     0.005413   -0.018443   -0.000001  
      3.092182  0.000818 17.384391    -0.001451   -0.000892   -0.005428  
      1.546794  2.677510 17.384390     0.000436    0.001078    0.007198  
     -0.018874  1.796988 19.751582    -0.000989    0.001919   -0.009682  
     -1.546807  4.443445 19.751583    -0.000628    0.002410    0.012841  
      3.112460  1.796988 19.751583     0.000010    0.001172   -0.003157  
      1.546793  4.465231 19.773468     0.002541   -0.008652   -0.000001  
      1.546769  0.893063  5.959750            0           0           0  
     -0.000031  3.572200  5.959750            0           0           0  
      4.640369  0.893063  5.959750            0           0           0  
      3.093569  3.572200  5.959750            0           0           0  
      0.000031  1.786073  8.578000            0           0           0  
     -1.546769  4.465209  8.578000            0           0           0  
      3.093631  1.786073  8.578000            0           0           0  
      1.546831  4.465209  8.578000            0           0           0  
      0.002298  1.784764 16.081090    -0.079142    0.029759    0.046259  
     -1.546808  4.467892 16.081089     0.004431    0.110596   -0.061349  
      3.091288  1.784765 16.081089     0.035773   -0.007572    0.015082  
      1.546794  4.465231 16.081231    -0.004133    0.014038    0.000010  
      1.546794  0.893049 18.706994    -0.028890    0.098426   -0.000003  
      0.014457  3.580534 18.703211     0.085533   -0.104126   -0.005170  
      4.640395  0.876349 18.703211     0.035986    0.089494    0.021019  
      3.079131  3.580535 18.703212    -0.104017   -0.045124   -0.015850  
      0.000000  0.000000  3.611250            0           0           0  
     -1.546800  2.679136  3.611250            0           0           0  
      3.093600  0.000000  3.611250            0           0           0  
      1.546800  2.679136  3.611250            0           0           0  
      0.000000  0.000000 10.926500            0           0           0  
     -1.546800  2.679136 10.926500            0           0           0  
      3.093600  0.000000 10.926500            0           0           0  
      1.546800  2.679136 10.926500            0           0           0  
      3.092750  5.357790 13.730047     0.000794   -0.001950    0.000418  
      4.640393  2.679140 13.729433    -0.000143    0.000496    0.000002  
      0.000837  5.357789 13.730047     0.000010   -0.001747    0.001285  
      1.546793  2.680114 13.730047     0.000624   -0.001169   -0.001706  
      0.121762  0.070308 21.266948    -0.003629    0.004344   -0.000121  
      4.640395  2.679139 21.115818     0.001762   -0.006006   -0.000000  
      2.971820  0.070310 21.266950     0.004505    0.001859   -0.000368  
      1.546793  2.538533 21.266948    -0.001544   -0.003937    0.000488  
      1.546790  0.893049 22.142898     0.000082   -0.000271    0.000001  
 
   8 f  =   19.497605 THz   122.507068 2PiTHz  650.370113 cm-1    80.635581 meV
             X         Y         Z           dx          dy          dz
      0.000031  1.786073  4.861250            0           0           0  
     -1.546769  4.465209  4.861250            0           0           0  
      3.093631  1.786073  4.861250            0           0           0  
      1.546831  4.465209  4.861250            0           0           0  
      0.000000  0.000000  7.269000            0           0           0  
     -1.546800  2.679136  7.269000            0           0           0  
      3.093600  0.000000  7.269000            0           0           0  
      1.546800  2.679136  7.269000            0           0           0  
      1.546769  0.893063  9.676500            0           0           0  
     -0.000031  3.572200  9.676500            0           0           0  
      4.640369  0.893063  9.676500            0           0           0  
      3.093569  3.572200  9.676500            0           0           0  
      1.546793  0.893049 14.989266     0.015744    0.004628    0.000001  
     -0.000372  3.571973 14.991356     0.000467   -0.000348    0.000354  
      4.640394  0.893472 14.991356     0.002347    0.000049   -0.000103  
      3.093960  3.571974 14.991357     0.001019    0.001405   -0.000258  
      0.001405  0.000819 17.384390    -0.000650   -0.001026    0.007292  
      4.640394  2.679140 17.382327     0.018434    0.005425    0.000001  
      3.092182  0.000818 17.384391     0.000278    0.001972   -0.005186  
      1.546794  2.677510 17.384390     0.002526   -0.000333   -0.002108  
     -0.018874  1.796988 19.751582    -0.001966    0.000015   -0.009246  
     -1.546807  4.443445 19.751583    -0.001233   -0.000718   -0.003762  
      3.112460  1.796988 19.751583    -0.002280   -0.000906    0.013010  
      1.546793  4.465231 19.773468     0.008653    0.002546    0.000001  
      1.546769  0.893063  5.959750            0           0           0  
     -0.000031  3.572200  5.959750            0           0           0  
      4.640369  0.893063  5.959750            0           0           0  
      3.093569  3.572200  5.959750            0           0           0  
      0.000031  1.786073  8.578000            0           0           0  
     -1.546769  4.465209  8.578000            0           0           0  
      3.093631  1.786073  8.578000            0           0           0  
      1.546831  4.465209  8.578000            0           0           0  
      0.002298  1.784764 16.081090    -0.060567    0.053898    0.044174  
     -1.546808  4.467892 16.081089     0.022362   -0.032520    0.017983  
      3.091288  1.784765 16.081089    -0.094423   -0.060426   -0.062141  
      1.546794  4.465231 16.081231    -0.014262   -0.003954    0.000009  
      1.546794  0.893049 18.706994    -0.098684   -0.028736   -0.000007  
      0.014457  3.580534 18.703211    -0.062693   -0.072725    0.021283  
      4.640395  0.876349 18.703211     0.129611   -0.026362   -0.006196  
      3.079131  3.580535 18.703212    -0.007027    0.116387   -0.015091  
      0.000000  0.000000  3.611250            0           0           0  
     -1.546800  2.679136  3.611250            0           0           0  
      3.093600  0.000000  3.611250            0           0           0  
      1.546800  2.679136  3.611250            0           0           0  
      0.000000  0.000000 10.926500            0           0           0  
     -1.546800  2.679136 10.926500            0           0           0  
      3.093600  0.000000 10.926500            0           0           0  
      1.546800  2.679136 10.926500            0           0           0  
      3.092750  5.357790 13.730047     0.001283    0.000149   -0.001729  
      4.640393  2.679140 13.729433    -0.000490   -0.000147    0.000004  
      0.000837  5.357789 13.730047     0.001511    0.000937    0.001230  
      1.546793  2.680114 13.730047     0.002071    0.000342    0.000500  
      0.121762  0.070308 21.266948     0.002787    0.003153    0.000494  
      4.640395  2.679139 21.115818     0.006010    0.001760   -0.000001  
      2.971820  0.070310 21.266950     0.000401   -0.004970   -0.000354  
      1.546793  2.538533 21.266948    -0.005461    0.001156   -0.000142  
      1.546790  0.893049 22.142898     0.000270    0.000082    0.000000  
 
   9 f  =   19.495508 THz   122.493890 2PiTHz  650.300149 cm-1    80.626906 meV
             X         Y         Z           dx          dy          dz
      0.000031  1.786073  4.861250            0           0           0  
     -1.546769  4.465209  4.861250            0           0           0  
      3.093631  1.786073  4.861250            0           0           0  
      1.546831  4.465209  4.861250            0           0           0  
      0.000000  0.000000  7.269000            0           0           0  
     -1.546800  2.679136  7.269000            0           0           0  
      3.093600  0.000000  7.269000            0           0           0  
      1.546800  2.679136  7.269000            0           0           0  
      1.546769  0.893063  9.676500            0           0           0  
     -0.000031  3.572200  9.676500            0           0           0  
      4.640369  0.893063  9.676500            0           0           0  
      3.093569  3.572200  9.676500            0           0           0  
      1.546793  0.893049 14.989266     0.000045   -0.000299   -0.000003  
     -0.000372  3.571973 14.991356    -0.005931    0.010236   -0.000003  
      4.640394  0.893472 14.991356     0.011883    0.000005    0.000002  
      3.093960  3.571974 14.991357    -0.005978   -0.010308    0.000005  
      0.001405  0.000819 17.384390    -0.008261    0.014284   -0.000049  
      4.640394  2.679140 17.382327     0.000058   -0.000356   -0.000001  
      3.092182  0.000818 17.384391    -0.008335   -0.014356   -0.000080  
      1.546794  2.677510 17.384390     0.016553    0.000028    0.000129  
     -0.018874  1.796988 19.751582    -0.007328   -0.012599   -0.000151  
     -1.546807  4.443445 19.751583     0.014579    0.000049    0.000235  
      3.112460  1.796988 19.751583    -0.007291    0.012636   -0.000086  
      1.546793  4.465231 19.773468     0.000026   -0.000168    0.000000  
      1.546769  0.893063  5.959750            0           0           0  
     -0.000031  3.572200  5.959750            0           0           0  
      4.640369  0.893063  5.959750            0           0           0  
      3.093569  3.572200  5.959750            0           0           0  
      0.000031  1.786073  8.578000            0           0           0  
     -1.546769  4.465209  8.578000            0           0           0  
      3.093631  1.786073  8.578000            0           0           0  
      1.546831  4.465209  8.578000            0           0           0  
      0.002298  1.784764 16.081090    -0.059047   -0.099460    0.000702  
     -1.546808  4.467892 16.081089     0.115479    0.002099   -0.001129  
      3.091288  1.784765 16.081089    -0.056843    0.099966    0.000428  
      1.546794  4.465231 16.081231     0.000207    0.000123   -0.000005  
      1.546794  0.893049 18.706994    -0.000112    0.001748    0.000006  
      0.014457  3.580534 18.703211    -0.052913    0.092889   -0.000139  
      4.640395  0.876349 18.703211     0.109579    0.001768    0.000426  
      3.079131  3.580535 18.703212    -0.056455   -0.095522   -0.000283  
      0.000000  0.000000  3.611250            0           0           0  
     -1.546800  2.679136  3.611250            0           0           0  
      3.093600  0.000000  3.611250            0           0           0  
      1.546800  2.679136  3.611250            0           0           0  
      0.000000  0.000000 10.926500            0           0           0  
     -1.546800  2.679136 10.926500            0           0           0  
      3.093600  0.000000 10.926500            0           0           0  
      1.546800  2.679136 10.926500            0           0           0  
      3.092750  5.357790 13.730047     0.000443   -0.000788    0.000011  
      4.640393  2.679140 13.729433    -0.000005    0.000013    0.000000  
      0.000837  5.357789 13.730047     0.000429    0.000717    0.000018  
      1.546793  2.680114 13.730047    -0.000860   -0.000021   -0.000030  
      0.121762  0.070308 21.266948     0.001513   -0.002677   -0.000003  
      4.640395  2.679139 21.115818     0.000013   -0.000111    0.000000  
      2.971820  0.070310 21.266950     0.001663    0.002788   -0.000004  
      1.546793  2.538533 21.266948    -0.003189   -0.000074    0.000008  
      1.546790  0.893049 22.142898     0.000004   -0.000008    0.000000  
 
  10 f  =   19.438241 THz   122.134068 2PiTHz  648.389916 cm-1    80.390068 meV
             X         Y         Z           dx          dy          dz
      0.000031  1.786073  4.861250            0           0           0  
     -1.546769  4.465209  4.861250            0           0           0  
      3.093631  1.786073  4.861250            0           0           0  
      1.546831  4.465209  4.861250            0           0           0  
      0.000000  0.000000  7.269000            0           0           0  
     -1.546800  2.679136  7.269000            0           0           0  
      3.093600  0.000000  7.269000            0           0           0  
      1.546800  2.679136  7.269000            0           0           0  
      1.546769  0.893063  9.676500            0           0           0  
     -0.000031  3.572200  9.676500            0           0           0  
      4.640369  0.893063  9.676500            0           0           0  
      3.093569  3.572200  9.676500            0           0           0  
      1.546793  0.893049 14.989266    -0.001903   -0.005357   -0.000000  
     -0.000372  3.571973 14.991356     0.010874    0.004814    0.000384  
      4.640394  0.893472 14.991356    -0.000656    0.014597   -0.000479  
      3.093960  3.571974 14.991357    -0.003356   -0.000273    0.000092  
      0.001405  0.000819 17.384390     0.014974    0.007693    0.002263  
      4.640394  2.679140 17.382327    -0.002388   -0.006707    0.000001  
      3.092182  0.000818 17.384391    -0.004034    0.000905    0.000530  
      1.546794  2.677510 17.384390    -0.000420    0.020758   -0.002794  
     -0.018874  1.796988 19.751582    -0.004035   -0.000986    0.000862  
     -1.546807  4.443445 19.751583    -0.000984    0.015766   -0.004558  
      3.112460  1.796988 19.751583     0.012007    0.004744    0.003694  
      1.546793  4.465231 19.773468    -0.000878   -0.002464    0.000000  
      1.546769  0.893063  5.959750            0           0           0  
     -0.000031  3.572200  5.959750            0           0           0  
      4.640369  0.893063  5.959750            0           0           0  
      3.093569  3.572200  5.959750            0           0           0  
      0.000031  1.786073  8.578000            0           0           0  
     -1.546769  4.465209  8.578000            0           0           0  
      3.093631  1.786073  8.578000            0           0           0  
      1.546831  4.465209  8.578000            0           0           0  
      0.002298  1.784764 16.081090    -0.035432   -0.033458   -0.003707  
     -1.546808  4.467892 16.081089    -0.016056    0.073061    0.019639  
      3.091288  1.784765 16.081089     0.066543    0.002945   -0.015928  
      1.546794  4.465231 16.081231    -0.051221   -0.143118    0.000002  
      1.546794  0.893049 18.706994    -0.064738   -0.180867   -0.000002  
      0.014457  3.580534 18.703211     0.033194    0.014713   -0.004723  
      4.640395  0.876349 18.703211    -0.001991    0.044672    0.005853  
      3.079131  3.580535 18.703212    -0.010270   -0.000745   -0.001123  
      0.000000  0.000000  3.611250            0           0           0  
     -1.546800  2.679136  3.611250            0           0           0  
      3.093600  0.000000  3.611250            0           0           0  
      1.546800  2.679136  3.611250            0           0           0  
      0.000000  0.000000 10.926500            0           0           0  
     -1.546800  2.679136 10.926500            0           0           0  
      3.093600  0.000000 10.926500            0           0           0  
      1.546800  2.679136 10.926500            0           0           0  
      3.092750  5.357790 13.730047    -0.000592    0.000460   -0.000181  
      4.640393  2.679140 13.729433     0.000460    0.001289    0.000001  
      0.000837  5.357789 13.730047     0.000588    0.000884   -0.000041  
      1.546793  2.680114 13.730047     0.000364   -0.000351    0.000224  
      0.121762  0.070308 21.266948     0.000533   -0.000226    0.000087  
      4.640395  2.679139 21.115818     0.001668    0.004657   -0.000000  
      2.971820  0.070310 21.266950    -0.000423   -0.000570    0.000020  
      1.546793  2.538533 21.266948    -0.000241    0.000425   -0.000107  
      1.546790  0.893049 22.142898    -0.000551   -0.001542   -0.000000  
 
  11 f  =   19.438206 THz   122.133850 2PiTHz  648.388757 cm-1    80.389924 meV
             X         Y         Z           dx          dy          dz
      0.000031  1.786073  4.861250            0           0           0  
     -1.546769  4.465209  4.861250            0           0           0  
      3.093631  1.786073  4.861250            0           0           0  
      1.546831  4.465209  4.861250            0           0           0  
      0.000000  0.000000  7.269000            0           0           0  
     -1.546800  2.679136  7.269000            0           0           0  
      3.093600  0.000000  7.269000            0           0           0  
      1.546800  2.679136  7.269000            0           0           0  
      1.546769  0.893063  9.676500            0           0           0  
     -0.000031  3.572200  9.676500            0           0           0  
      4.640369  0.893063  9.676500            0           0           0  
      3.093569  3.572200  9.676500            0           0           0  
      1.546793  0.893049 14.989266    -0.005375    0.001908   -0.000001  
     -0.000372  3.571973 14.991356     0.007941    0.006317    0.000327  
      4.640394  0.893472 14.991356    -0.001827   -0.005223    0.000169  
      3.093960  3.571974 14.991357     0.013030   -0.007946   -0.000493  
      0.001405  0.000819 17.384390     0.011870    0.007977    0.001907  
      4.640394  2.679140 17.382327    -0.006735    0.002388    0.000001  
      3.092182  0.000818 17.384391     0.018666   -0.011064   -0.002908  
      1.546794  2.677510 17.384390    -0.001161   -0.007430    0.001001  
     -0.018874  1.796988 19.751582     0.014000   -0.008713   -0.004746  
     -1.546807  4.443445 19.751583    -0.002723   -0.005644    0.001635  
      3.112460  1.796988 19.751583     0.008266    0.007358    0.003109  
      1.546793  4.465231 19.773468    -0.002479    0.000875    0.000001  
      1.546769  0.893063  5.959750            0           0           0  
     -0.000031  3.572200  5.959750            0           0           0  
      4.640369  0.893063  5.959750            0           0           0  
      3.093569  3.572200  5.959750            0           0           0  
      0.000031  1.786073  8.578000            0           0           0  
     -1.546769  4.465209  8.578000            0           0           0  
      3.093631  1.786073  8.578000            0           0           0  
      1.546831  4.465209  8.578000            0           0           0  
      0.002298  1.784764 16.081090     0.061879   -0.045713    0.020455  
     -1.546808  4.467892 16.081089    -0.044641   -0.026094   -0.007057  
      3.091288  1.784765 16.081089     0.025432    0.056698   -0.013398  
      1.546794  4.465231 16.081231    -0.143103    0.051183   -0.000009  
      1.546794  0.893049 18.706994    -0.180699    0.064768    0.000005  
      0.014457  3.580534 18.703211     0.024297    0.019544   -0.004048  
      4.640395  0.876349 18.703211    -0.005684   -0.015889   -0.002066  
      3.079131  3.580535 18.703212     0.039799   -0.024542    0.006121  
      0.000000  0.000000  3.611250            0           0           0  
     -1.546800  2.679136  3.611250            0           0           0  
      3.093600  0.000000  3.611250            0           0           0  
      1.546800  2.679136  3.611250            0           0           0  
      0.000000  0.000000 10.926500            0           0           0  
     -1.546800  2.679136 10.926500            0           0           0  
      3.093600  0.000000 10.926500            0           0           0  
      1.546800  2.679136 10.926500            0           0           0  
      3.092750  5.357790 13.730047     0.000201   -0.000833   -0.000152  
      4.640393  2.679140 13.729433     0.001288   -0.000459    0.000001  
      0.000837  5.357789 13.730047    -0.000223    0.000349    0.000232  
      1.546793  2.680114 13.730047     0.001008    0.000126   -0.000080  
      0.121762  0.070308 21.266948    -0.000019    0.000608    0.000073  
      4.640395  2.679139 21.115818     0.004647   -0.001670    0.000000  
      2.971820  0.070310 21.266950     0.000323   -0.000322   -0.000111  
      1.546793  2.538533 21.266948    -0.000666   -0.000155    0.000038  
      1.546790  0.893049 22.142898    -0.001541    0.000550   -0.000000  
 
  12 f  =   18.925693 THz   118.913635 2PiTHz  631.293158 cm-1    78.270341 meV
             X         Y         Z           dx          dy          dz
      0.000031  1.786073  4.861250            0           0           0  
     -1.546769  4.465209  4.861250            0           0           0  
      3.093631  1.786073  4.861250            0           0           0  
      1.546831  4.465209  4.861250            0           0           0  
      0.000000  0.000000  7.269000            0           0           0  
     -1.546800  2.679136  7.269000            0           0           0  
      3.093600  0.000000  7.269000            0           0           0  
      1.546800  2.679136  7.269000            0           0           0  
      1.546769  0.893063  9.676500            0           0           0  
     -0.000031  3.572200  9.676500            0           0           0  
      4.640369  0.893063  9.676500            0           0           0  
      3.093569  3.572200  9.676500            0           0           0  
      1.546793  0.893049 14.989266    -0.000000    0.000015   -0.015871  
     -0.000372  3.571973 14.991356     0.006207    0.003598   -0.006007  
      4.640394  0.893472 14.991356    -0.000000   -0.007147   -0.006008  
      3.093960  3.571974 14.991357    -0.006208    0.003600   -0.006006  
      0.001405  0.000819 17.384390     0.005526    0.003193   -0.003807  
      4.640394  2.679140 17.382327     0.000000    0.000003    0.009527  
      3.092182  0.000818 17.384391    -0.005528    0.003196   -0.003806  
      1.546794  2.677510 17.384390     0.000000   -0.006378   -0.003803  
     -0.018874  1.796988 19.751582    -0.009434    0.005435   -0.007208  
     -1.546807  4.443445 19.751583     0.000000   -0.010910   -0.007202  
      3.112460  1.796988 19.751583     0.009431    0.005431   -0.007207  
      1.546793  4.465231 19.773468     0.000000   -0.000016    0.006742  
      1.546769  0.893063  5.959750            0           0           0  
     -0.000031  3.572200  5.959750            0           0           0  
      4.640369  0.893063  5.959750            0           0           0  
      3.093569  3.572200  5.959750            0           0           0  
      0.000031  1.786073  8.578000            0           0           0  
     -1.546769  4.465209  8.578000            0           0           0  
      3.093631  1.786073  8.578000            0           0           0  
      1.546831  4.465209  8.578000            0           0           0  
      0.002298  1.784764 16.081090    -0.005629    0.003117    0.068427  
     -1.546808  4.467892 16.081089    -0.000012   -0.006596    0.068398  
      3.091288  1.784765 16.081089     0.005628    0.003110    0.068437  
      1.546794  4.465231 16.081231     0.000011   -0.000152   -0.059585  
      1.546794  0.893049 18.706994     0.000025    0.000167   -0.015862  
      0.014457  3.580534 18.703211    -0.121074   -0.069853    0.017505  
      4.640395  0.876349 18.703211     0.000002    0.139940    0.017530  
      3.079131  3.580535 18.703212     0.121068   -0.069836    0.017496  
      0.000000  0.000000  3.611250            0           0           0  
     -1.546800  2.679136  3.611250            0           0           0  
      3.093600  0.000000  3.611250            0           0           0  
      1.546800  2.679136  3.611250            0           0           0  
      0.000000  0.000000 10.926500            0           0           0  
     -1.546800  2.679136 10.926500            0           0           0  
      3.093600  0.000000 10.926500            0           0           0  
      1.546800  2.679136 10.926500            0           0           0  
      3.092750  5.357790 13.730047    -0.002939   -0.001691    0.003142  
      4.640393  2.679140 13.729433    -0.000001    0.000010   -0.000883  
      0.000837  5.357789 13.730047     0.002938   -0.001691    0.003140  
      1.546793  2.680114 13.730047    -0.000001    0.003404    0.003145  
      0.121762  0.070308 21.266948     0.006939    0.004003    0.001338  
      4.640395  2.679139 21.115818    -0.000001   -0.000010   -0.000141  
      2.971820  0.070310 21.266950    -0.006939    0.004004    0.001337  
      1.546793  2.538533 21.266948    -0.000000   -0.008018    0.001331  
      1.546790  0.893049 22.142898     0.000001   -0.000001   -0.000022  
 
  13 f  =   18.772868 THz   117.953410 2PiTHz  626.195483 cm-1    77.638310 meV
             X         Y         Z           dx          dy          dz
      0.000031  1.786073  4.861250            0           0           0  
     -1.546769  4.465209  4.861250            0           0           0  
      3.093631  1.786073  4.861250            0           0           0  
      1.546831  4.465209  4.861250            0           0           0  
      0.000000  0.000000  7.269000            0           0           0  
     -1.546800  2.679136  7.269000            0           0           0  
      3.093600  0.000000  7.269000            0           0           0  
      1.546800  2.679136  7.269000            0           0           0  
      1.546769  0.893063  9.676500            0           0           0  
     -0.000031  3.572200  9.676500            0           0           0  
      4.640369  0.893063  9.676500            0           0           0  
      3.093569  3.572200  9.676500            0           0           0  
      1.546793  0.893049 14.989266     0.011682    0.001098    0.000004  
     -0.000372  3.571973 14.991356     0.014910    0.002296    0.000636  
      4.640394  0.893472 14.991356     0.013088    0.001447   -0.000063  
      3.093960  3.571974 14.991357     0.014727    0.000275   -0.000566  
      0.001405  0.000819 17.384390     0.003891    0.000767   -0.000798  
      4.640394  2.679140 17.382327     0.001903    0.000177   -0.000002  
      3.092182  0.000818 17.384391     0.003809   -0.000138    0.000717  
      1.546794  2.677510 17.384390     0.003076    0.000385    0.000081  
     -0.018874  1.796988 19.751582    -0.012331   -0.001920    0.001820  
     -1.546807  4.443445 19.751583    -0.013478   -0.001116    0.000212  
      3.112460  1.796988 19.751583    -0.012204   -0.000540   -0.002026  
      1.546793  4.465231 19.773468    -0.009658   -0.000909   -0.000001  
      1.546769  0.893063  5.959750            0           0           0  
     -0.000031  3.572200  5.959750            0           0           0  
      4.640369  0.893063  5.959750            0           0           0  
      3.093569  3.572200  5.959750            0           0           0  
      0.000031  1.786073  8.578000            0           0           0  
     -1.546769  4.465209  8.578000            0           0           0  
      3.093631  1.786073  8.578000            0           0           0  
      1.546831  4.465209  8.578000            0           0           0  
      0.002298  1.784764 16.081090    -0.094941   -0.020759   -0.015290  
     -1.546808  4.467892 16.081089    -0.112422   -0.008260   -0.001781  
      3.091288  1.784765 16.081089    -0.092935    0.000756    0.017037  
      1.546794  4.465231 16.081231    -0.121205   -0.011380    0.000006  
      1.546794  0.893049 18.706994     0.114439    0.010780   -0.000005  
      0.014457  3.580534 18.703211     0.081570    0.017015   -0.021337  
      4.640395  0.876349 18.703211     0.062134    0.008137    0.002192  
      3.079131  3.580535 18.703212     0.079530   -0.004158    0.019133  
      0.000000  0.000000  3.611250            0           0           0  
     -1.546800  2.679136  3.611250            0           0           0  
      3.093600  0.000000  3.611250            0           0           0  
      1.546800  2.679136  3.611250            0           0           0  
      0.000000  0.000000 10.926500            0           0           0  
     -1.546800  2.679136 10.926500            0           0           0  
      3.093600  0.000000 10.926500            0           0           0  
      1.546800  2.679136 10.926500            0           0           0  
      3.092750  5.357790 13.730047     0.004906    0.001076   -0.000789  
      4.640393  2.679140 13.729433     0.006906    0.000650   -0.000001  
      0.000837  5.357789 13.730047     0.004773   -0.000318    0.000707  
      1.546793  2.680114 13.730047     0.003632    0.000493    0.000079  
      0.121762  0.070308 21.266948    -0.003664   -0.001408    0.002513  
      4.640395  2.679139 21.115818    -0.007299   -0.000687   -0.000001  
      2.971820  0.070310 21.266950    -0.003434    0.001000   -0.002255  
      1.546793  2.538533 21.266948    -0.001457   -0.000397   -0.000258  
      1.546790  0.893049 22.142898    -0.000810   -0.000076   -0.000001  
 
  14 f  =   18.772572 THz   117.951547 2PiTHz  626.185592 cm-1    77.637084 meV
             X         Y         Z           dx          dy          dz
      0.000031  1.786073  4.861250            0           0           0  
     -1.546769  4.465209  4.861250            0           0           0  
      3.093631  1.786073  4.861250            0           0           0  
      1.546831  4.465209  4.861250            0           0           0  
      0.000000  0.000000  7.269000            0           0           0  
     -1.546800  2.679136  7.269000            0           0           0  
      3.093600  0.000000  7.269000            0           0           0  
      1.546800  2.679136  7.269000            0           0           0  
      1.546769  0.893063  9.676500            0           0           0  
     -0.000031  3.572200  9.676500            0           0           0  
      4.640369  0.893063  9.676500            0           0           0  
      3.093569  3.572200  9.676500            0           0           0  
      1.546793  0.893049 14.989266    -0.001095    0.011678    0.000023  
     -0.000372  3.571973 14.991356    -0.000397    0.013566    0.000297  
      4.640394  0.893472 14.991356    -0.001232    0.015412   -0.000685  
      3.093960  3.571974 14.991357    -0.002395    0.013754    0.000408  
      0.001405  0.000819 17.384390     0.000080    0.003285   -0.000360  
      4.640394  2.679140 17.382327    -0.000174    0.001899   -0.000010  
      3.092182  0.000818 17.384391    -0.000806    0.003378   -0.000505  
      1.546794  2.677510 17.384390    -0.000294    0.004126    0.000876  
     -0.018874  1.796988 19.751582     0.000474   -0.012999   -0.001282  
     -1.546807  4.443445 19.751583     0.001261   -0.011855    0.002231  
      3.112460  1.796988 19.751583     0.001835   -0.013147   -0.000916  
      1.546793  4.465231 19.773468     0.000909   -0.009659   -0.000008  
      1.546769  0.893063  5.959750            0           0           0  
     -0.000031  3.572200  5.959750            0           0           0  
      4.640369  0.893063  5.959750            0           0           0  
      3.093569  3.572200  5.959750            0           0           0  
      0.000031  1.786073  8.578000            0           0           0  
     -1.546769  4.465209  8.578000            0           0           0  
      3.093631  1.786073  8.578000            0           0           0  
      1.546831  4.465209  8.578000            0           0           0  
      0.002298  1.784764 16.081090    -0.001895   -0.105296    0.010785  
     -1.546808  4.467892 16.081089     0.010616   -0.087676   -0.018754  
      3.091288  1.784765 16.081089     0.019535   -0.107335    0.007713  
      1.546794  4.465231 16.081231     0.011395   -0.121222    0.000072  
      1.546794  0.893049 18.706994    -0.010752    0.114425    0.000008  
      0.014457  3.580534 18.703211     0.003197    0.067295   -0.009783  
      4.640395  0.876349 18.703211    -0.005869    0.086480    0.023322  
      3.079131  3.580535 18.703212    -0.018316    0.069435   -0.013614  
      0.000000  0.000000  3.611250            0           0           0  
     -1.546800  2.679136  3.611250            0           0           0  
      3.093600  0.000000  3.611250            0           0           0  
      1.546800  2.679136  3.611250            0           0           0  
      0.000000  0.000000 10.926500            0           0           0  
     -1.546800  2.679136 10.926500            0           0           0  
      3.093600  0.000000 10.926500            0           0           0  
      1.546800  2.679136 10.926500            0           0           0  
      3.092750  5.357790 13.730047     0.000247    0.003972   -0.000367  
      4.640393  2.679140 13.729433    -0.000649    0.006908    0.000001  
      0.000837  5.357789 13.730047    -0.001157    0.004104   -0.000504  
      1.546793  2.680114 13.730047    -0.000342    0.005237    0.000861  
      0.121762  0.070308 21.266948    -0.000880   -0.002046    0.001150  
      4.640395  2.679139 21.115818     0.000688   -0.007299    0.000000  
      2.971820  0.070310 21.266950     0.001546   -0.002278    0.001598  
      1.546793  2.538533 21.266948     0.000138   -0.004235   -0.002753  
      1.546790  0.893049 22.142898     0.000077   -0.000809    0.000002  
 
  15 f  =   18.273042 THz   114.812910 2PiTHz  609.523077 cm-1    75.571196 meV
             X         Y         Z           dx          dy          dz
      0.000031  1.786073  4.861250            0           0           0  
     -1.546769  4.465209  4.861250            0           0           0  
      3.093631  1.786073  4.861250            0           0           0  
      1.546831  4.465209  4.861250            0           0           0  
      0.000000  0.000000  7.269000            0           0           0  
     -1.546800  2.679136  7.269000            0           0           0  
      3.093600  0.000000  7.269000            0           0           0  
      1.546800  2.679136  7.269000            0           0           0  
      1.546769  0.893063  9.676500            0           0           0  
     -0.000031  3.572200  9.676500            0           0           0  
      4.640369  0.893063  9.676500            0           0           0  
      3.093569  3.572200  9.676500            0           0           0  
      1.546793  0.893049 14.989266     0.000009   -0.000002   -0.000001  
     -0.000372  3.571973 14.991356    -0.005464    0.009511   -0.000009  
      4.640394  0.893472 14.991356     0.010908   -0.000006    0.000003  
      3.093960  3.571974 14.991357    -0.005473   -0.009525    0.000012  
      0.001405  0.000819 17.384390     0.000100   -0.000174   -0.000004  
      4.640394  2.679140 17.382327    -0.000004   -0.000002   -0.000001  
      3.092182  0.000818 17.384391     0.000101    0.000168    0.000004  
      1.546794  2.677510 17.384390    -0.000205   -0.000002   -0.000000  
     -0.018874  1.796988 19.751582     0.007907    0.013745   -0.000007  
     -1.546807  4.443445 19.751583    -0.015768    0.000003    0.000000  
      3.112460  1.796988 19.751583     0.007901   -0.013736    0.000007  
      1.546793  4.465231 19.773468    -0.000027   -0.000001    0.000001  
      1.546769  0.893063  5.959750            0           0           0  
     -0.000031  3.572200  5.959750            0           0           0  
      4.640369  0.893063  5.959750            0           0           0  
      3.093569  3.572200  5.959750            0           0           0  
      0.000031  1.786073  8.578000            0           0           0  
     -1.546769  4.465209  8.578000            0           0           0  
      3.093631  1.786073  8.578000            0           0           0  
      1.546831  4.465209  8.578000            0           0           0  
      0.002298  1.784764 16.081090    -0.056467   -0.098142    0.000255  
     -1.546808  4.467892 16.081089     0.113308    0.000028    0.000030  
      3.091288  1.784765 16.081089    -0.056472    0.098245   -0.000282  
      1.546794  4.465231 16.081231    -0.000228    0.000025   -0.000022  
      1.546794  0.893049 18.706994     0.000238   -0.000013    0.000010  
      0.014457  3.580534 18.703211     0.057748   -0.100304    0.000242  
      4.640395  0.876349 18.703211    -0.115814   -0.000014   -0.000023  
      3.079131  3.580535 18.703212     0.057732    0.100251   -0.000234  
      0.000000  0.000000  3.611250            0           0           0  
     -1.546800  2.679136  3.611250            0           0           0  
      3.093600  0.000000  3.611250            0           0           0  
      1.546800  2.679136  3.611250            0           0           0  
      0.000000  0.000000 10.926500            0           0           0  
     -1.546800  2.679136 10.926500            0           0           0  
      3.093600  0.000000 10.926500            0           0           0  
      1.546800  2.679136 10.926500            0           0           0  
      3.092750  5.357790 13.730047     0.000828   -0.001450   -0.000011  
      4.640393  2.679140 13.729433    -0.000006   -0.000002   -0.000001  
      0.000837  5.357789 13.730047     0.000830    0.001447    0.000008  
      1.546793  2.680114 13.730047    -0.001655   -0.000002    0.000002  
      0.121762  0.070308 21.266948    -0.002525    0.004375   -0.000002  
      4.640395  2.679139 21.115818     0.000001    0.000002    0.000001  
      2.971820  0.070310 21.266950    -0.002525   -0.004373    0.000001  
      1.546793  2.538533 21.266948     0.005052    0.000001   -0.000000  
      1.546790  0.893049 22.142898     0.000029    0.000002   -0.000000  
 
  16 f  =   18.252840 THz   114.685974 2PiTHz  608.849196 cm-1    75.487645 meV
             X         Y         Z           dx          dy          dz
      0.000031  1.786073  4.861250            0           0           0  
     -1.546769  4.465209  4.861250            0           0           0  
      3.093631  1.786073  4.861250            0           0           0  
      1.546831  4.465209  4.861250            0           0           0  
      0.000000  0.000000  7.269000            0           0           0  
     -1.546800  2.679136  7.269000            0           0           0  
      3.093600  0.000000  7.269000            0           0           0  
      1.546800  2.679136  7.269000            0           0           0  
      1.546769  0.893063  9.676500            0           0           0  
     -0.000031  3.572200  9.676500            0           0           0  
      4.640369  0.893063  9.676500            0           0           0  
      3.093569  3.572200  9.676500            0           0           0  
      1.546793  0.893049 14.989266     0.000349    0.003369    0.000002  
     -0.000372  3.571973 14.991356     0.011903   -0.006805   -0.002142  
      4.640394  0.893472 14.991356    -0.001526    0.011684    0.003631  
      3.093960  3.571974 14.991357    -0.010821   -0.009180   -0.001485  
      0.001405  0.000819 17.384390     0.000548   -0.001626   -0.000586  
      4.640394  2.679140 17.382327     0.000036    0.000340   -0.000000  
      3.092182  0.000818 17.384391    -0.000746   -0.001764   -0.000406  
      1.546794  2.677510 17.384390    -0.000216   -0.000572    0.000992  
     -0.018874  1.796988 19.751582     0.014463    0.012666    0.001796  
     -1.546807  4.443445 19.751583     0.002086   -0.015141   -0.004384  
      3.112460  1.796988 19.751583    -0.015816    0.009498    0.002593  
      1.546793  4.465231 19.773468    -0.001140   -0.010873    0.000000  
      1.546769  0.893063  5.959750            0           0           0  
     -0.000031  3.572200  5.959750            0           0           0  
      4.640369  0.893063  5.959750            0           0           0  
      3.093569  3.572200  5.959750            0           0           0  
      0.000031  1.786073  8.578000            0           0           0  
     -1.546769  4.465209  8.578000            0           0           0  
      3.093631  1.786073  8.578000            0           0           0  
      1.546831  4.465209  8.578000            0           0           0  
      0.002298  1.784764 16.081090    -0.026836    0.016853   -0.043960  
     -1.546808  4.467892 16.081089     0.000077    0.077423    0.107366  
      3.091288  1.784765 16.081089     0.039134    0.023727   -0.063428  
      1.546794  4.465231 16.081231    -0.011074   -0.105353    0.000001  
      1.546794  0.893049 18.706994     0.012035    0.114597   -0.000011  
      0.014457  3.580534 18.703211    -0.034401   -0.018332    0.065793  
      4.640395  0.876349 18.703211     0.000229   -0.065940   -0.111348  
      3.079131  3.580535 18.703212     0.024052   -0.012258    0.045551  
      0.000000  0.000000  3.611250            0           0           0  
     -1.546800  2.679136  3.611250            0           0           0  
      3.093600  0.000000  3.611250            0           0           0  
      1.546800  2.679136  3.611250            0           0           0  
      0.000000  0.000000 10.926500            0           0           0  
     -1.546800  2.679136 10.926500            0           0           0  
      3.093600  0.000000 10.926500            0           0           0  
      1.546800  2.679136 10.926500            0           0           0  
      3.092750  5.357790 13.730047    -0.002559    0.001486   -0.002736  
      4.640393  2.679140 13.729433    -0.000242   -0.002320   -0.000006  
      0.000837  5.357789 13.730047     0.002332    0.001998   -0.001897  
      1.546793  2.680114 13.730047     0.000331   -0.002495    0.004636  
      0.121762  0.070308 21.266948     0.000702   -0.000544   -0.000403  
      4.640395  2.679139 21.115818     0.000029    0.000290   -0.000002  
      2.971820  0.070310 21.266950    -0.000660   -0.000687   -0.000279  
      1.546793  2.538533 21.266948    -0.000109    0.000571    0.000680  
      1.546790  0.893049 22.142898     0.001147    0.010956    0.000001  
 
  17 f  =   18.252655 THz   114.684811 2PiTHz  608.843022 cm-1    75.486880 meV
             X         Y         Z           dx          dy          dz
      0.000031  1.786073  4.861250            0           0           0  
     -1.546769  4.465209  4.861250            0           0           0  
      3.093631  1.786073  4.861250            0           0           0  
      1.546831  4.465209  4.861250            0           0           0  
      0.000000  0.000000  7.269000            0           0           0  
     -1.546800  2.679136  7.269000            0           0           0  
      3.093600  0.000000  7.269000            0           0           0  
      1.546800  2.679136  7.269000            0           0           0  
      1.546769  0.893063  9.676500            0           0           0  
     -0.000031  3.572200  9.676500            0           0           0  
      4.640369  0.893063  9.676500            0           0           0  
      3.093569  3.572200  9.676500            0           0           0  
      1.546793  0.893049 14.989266     0.003372   -0.000354    0.000000  
     -0.000372  3.571973 14.991356     0.003950    0.012178   -0.002953  
      4.640394  0.893472 14.991356    -0.014579   -0.001231   -0.000381  
      3.093960  3.571974 14.991357     0.006331   -0.010501    0.003338  
      0.001405  0.000819 17.384390    -0.001016    0.000826   -0.000808  
      4.640394  2.679140 17.382327     0.000341   -0.000036   -0.000001  
      3.092182  0.000818 17.384391    -0.000880   -0.000472    0.000912  
      1.546794  2.677510 17.384390    -0.002064    0.000060   -0.000104  
     -0.018874  1.796988 19.751582    -0.008009    0.013941   -0.004024  
     -1.546807  4.443445 19.751583     0.019857    0.001592    0.000460  
      3.112460  1.796988 19.751583    -0.004837   -0.016265    0.003566  
      1.546793  4.465231 19.773468    -0.010864    0.001139    0.000001  
      1.546769  0.893063  5.959750            0           0           0  
     -0.000031  3.572200  5.959750            0           0           0  
      4.640369  0.893063  5.959750            0           0           0  
      3.093569  3.572200  5.959750            0           0           0  
      0.000031  1.786073  8.578000            0           0           0  
     -1.546769  4.465209  8.578000            0           0           0  
      3.093631  1.786073  8.578000            0           0           0  
      1.546831  4.465209  8.578000            0           0           0  
      0.002298  1.784764 16.081090     0.061978   -0.034881    0.098633  
     -1.546808  4.467892 16.081089     0.000951   -0.008121   -0.011262  
      3.091288  1.784765 16.081089     0.055035    0.030652   -0.087356  
      1.546794  4.465231 16.081231    -0.105352    0.011068   -0.000024  
      1.546794  0.893049 18.706994     0.114634   -0.012039    0.000014  
      0.014457  3.580534 18.703211    -0.046137   -0.027386    0.090549  
      4.640395  0.876349 18.703211     0.001876    0.006915    0.011665  
      3.079131  3.580535 18.703212    -0.052299    0.030593   -0.102233  
      0.000000  0.000000  3.611250            0           0           0  
     -1.546800  2.679136  3.611250            0           0           0  
      3.093600  0.000000  3.611250            0           0           0  
      1.546800  2.679136  3.611250            0           0           0  
      0.000000  0.000000 10.926500            0           0           0  
     -1.546800  2.679136 10.926500            0           0           0  
      3.093600  0.000000 10.926500            0           0           0  
      1.546800  2.679136 10.926500            0           0           0  
      3.092750  5.357790 13.730047    -0.000829   -0.002628   -0.003775  
      4.640393  2.679140 13.729433    -0.002321    0.000244   -0.000001  
      0.000837  5.357789 13.730047    -0.001341    0.002262    0.004261  
      1.546793  2.680114 13.730047     0.003156    0.000262   -0.000488  
      0.121762  0.070308 21.266948     0.000112    0.000738   -0.000558  
      4.640395  2.679139 21.115818     0.000287   -0.000029   -0.000000  
      2.971820  0.070310 21.266950     0.000255   -0.000608    0.000630  
      1.546793  2.538533 21.266948    -0.001021   -0.000062   -0.000075  
      1.546790  0.893049 22.142898     0.010950   -0.001147   -0.000000  
 
  18 f  =   18.095795 THz   113.699235 2PiTHz  603.610759 cm-1    74.838162 meV
             X         Y         Z           dx          dy          dz
      0.000031  1.786073  4.861250            0           0           0  
     -1.546769  4.465209  4.861250            0           0           0  
      3.093631  1.786073  4.861250            0           0           0  
      1.546831  4.465209  4.861250            0           0           0  
      0.000000  0.000000  7.269000            0           0           0  
     -1.546800  2.679136  7.269000            0           0           0  
      3.093600  0.000000  7.269000            0           0           0  
      1.546800  2.679136  7.269000            0           0           0  
      1.546769  0.893063  9.676500            0           0           0  
     -0.000031  3.572200  9.676500            0           0           0  
      4.640369  0.893063  9.676500            0           0           0  
      3.093569  3.572200  9.676500            0           0           0  
      1.546793  0.893049 14.989266     0.000004   -0.000016    0.001746  
     -0.000372  3.571973 14.991356    -0.016458   -0.009485   -0.009413  
      4.640394  0.893472 14.991356    -0.000004    0.018991   -0.009421  
      3.093960  3.571974 14.991357     0.016458   -0.009493   -0.009409  
      0.001405  0.000819 17.384390    -0.001067   -0.000616   -0.000646  
      4.640394  2.679140 17.382327    -0.000000    0.000000    0.002355  
      3.092182  0.000818 17.384391     0.001067   -0.000615   -0.000645  
      1.546794  2.677510 17.384390    -0.000000    0.001229   -0.000648  
     -0.018874  1.796988 19.751582    -0.012725    0.007354   -0.004974  
     -1.546807  4.443445 19.751583    -0.000001   -0.014704   -0.004983  
      3.112460  1.796988 19.751583     0.012725    0.007350   -0.004977  
      1.546793  4.465231 19.773468     0.000000   -0.000001   -0.011177  
      1.546769  0.893063  5.959750            0           0           0  
     -0.000031  3.572200  5.959750            0           0           0  
      4.640369  0.893063  5.959750            0           0           0  
      3.093569  3.572200  5.959750            0           0           0  
      0.000031  1.786073  8.578000            0           0           0  
     -1.546769  4.465209  8.578000            0           0           0  
      3.093631  1.786073  8.578000            0           0           0  
      1.546831  4.465209  8.578000            0           0           0  
      0.002298  1.784764 16.081090    -0.019906    0.011483   -0.038411  
     -1.546808  4.467892 16.081089     0.000009   -0.022962   -0.038595  
      3.091288  1.784765 16.081089     0.019909    0.011505   -0.038470  
      1.546794  4.465231 16.081231    -0.000009   -0.000022    0.212996  
      1.546794  0.893049 18.706994     0.000020    0.000005   -0.091813  
      0.014457  3.580534 18.703211    -0.030396   -0.017513    0.059322  
      4.640395  0.876349 18.703211    -0.000020    0.035021    0.059263  
      3.079131  3.580535 18.703212     0.030396   -0.017500    0.059328  
      0.000000  0.000000  3.611250            0           0           0  
     -1.546800  2.679136  3.611250            0           0           0  
      3.093600  0.000000  3.611250            0           0           0  
      1.546800  2.679136  3.611250            0           0           0  
      0.000000  0.000000 10.926500            0           0           0  
     -1.546800  2.679136 10.926500            0           0           0  
      3.093600  0.000000 10.926500            0           0           0  
      1.546800  2.679136 10.926500            0           0           0  
      3.092750  5.357790 13.730047     0.004921    0.002837   -0.001047  
      4.640393  2.679140 13.729433    -0.000001    0.000006    0.010791  
      0.000837  5.357789 13.730047    -0.004920    0.002841   -0.001039  
      1.546793  2.680114 13.730047     0.000001   -0.005679   -0.001063  
      0.121762  0.070308 21.266948    -0.000762   -0.000446    0.002603  
      4.640395  2.679139 21.115818    -0.000000    0.000003   -0.000696  
      2.971820  0.070310 21.266950     0.000762   -0.000445    0.002604  
      1.546793  2.538533 21.266948     0.000001    0.000888    0.002600  
      1.546790  0.893049 22.142898    -0.000003    0.000003    0.002443  
 
  19 f  =   17.941110 THz   112.727319 2PiTHz  598.451013 cm-1    74.198436 meV
             X         Y         Z           dx          dy          dz
      0.000031  1.786073  4.861250            0           0           0  
     -1.546769  4.465209  4.861250            0           0           0  
      3.093631  1.786073  4.861250            0           0           0  
      1.546831  4.465209  4.861250            0           0           0  
      0.000000  0.000000  7.269000            0           0           0  
     -1.546800  2.679136  7.269000            0           0           0  
      3.093600  0.000000  7.269000            0           0           0  
      1.546800  2.679136  7.269000            0           0           0  
      1.546769  0.893063  9.676500            0           0           0  
     -0.000031  3.572200  9.676500            0           0           0  
      4.640369  0.893063  9.676500            0           0           0  
      3.093569  3.572200  9.676500            0           0           0  
      1.546793  0.893049 14.989266    -0.026596    0.000722   -0.000001  
     -0.000372  3.571973 14.991356     0.003536   -0.008601    0.007651  
      4.640394  0.893472 14.991356     0.017621    0.000039    0.000241  
      3.093960  3.571974 14.991357     0.003093    0.007904   -0.007896  
      0.001405  0.000819 17.384390    -0.000607   -0.002272    0.003439  
      4.640394  2.679140 17.382327    -0.000368    0.000009    0.000000  
      3.092182  0.000818 17.384391    -0.000725    0.002169   -0.003549  
      1.546794  2.677510 17.384390     0.003174    0.000055    0.000109  
     -0.018874  1.796988 19.751582    -0.005267    0.004057   -0.003685  
     -1.546807  4.443445 19.751583     0.001834    0.000206    0.000113  
      3.112460  1.796988 19.751583    -0.005042   -0.004030    0.003568  
      1.546793  4.465231 19.773468     0.011746   -0.000320   -0.000002  
      1.546769  0.893063  5.959750            0           0           0  
     -0.000031  3.572200  5.959750            0           0           0  
      4.640369  0.893063  5.959750            0           0           0  
      3.093569  3.572200  5.959750            0           0           0  
      0.000031  1.786073  8.578000            0           0           0  
     -1.546769  4.465209  8.578000            0           0           0  
      3.093631  1.786073  8.578000            0           0           0  
      1.546831  4.465209  8.578000            0           0           0  
      0.002298  1.784764 16.081090     0.047433   -0.038067   -0.145145  
     -1.546808  4.467892 16.081089    -0.019341   -0.001873    0.004456  
      3.091288  1.784765 16.081089     0.045353    0.037931    0.140675  
      1.546794  4.465231 16.081231    -0.054375    0.001490    0.000031  
      1.546794  0.893049 18.706994     0.018319   -0.000523   -0.000005  
      0.014457  3.580534 18.703211    -0.058860   -0.077527    0.011093  
      4.640395  0.876349 18.703211     0.071934    0.002878    0.000367  
      3.079131  3.580535 18.703212    -0.063058    0.076031   -0.011434  
      0.000000  0.000000  3.611250            0           0           0  
     -1.546800  2.679136  3.611250            0           0           0  
      3.093600  0.000000  3.611250            0           0           0  
      1.546800  2.679136  3.611250            0           0           0  
      0.000000  0.000000 10.926500            0           0           0  
     -1.546800  2.679136 10.926500            0           0           0  
      3.093600  0.000000 10.926500            0           0           0  
      1.546800  2.679136 10.926500            0           0           0  
      3.092750  5.357790 13.730047    -0.001105    0.003032    0.007314  
      4.640393  2.679140 13.729433     0.006713   -0.000184   -0.000001  
      0.000837  5.357789 13.730047    -0.000951   -0.002796   -0.007546  
      1.546793  2.680114 13.730047    -0.006071   -0.000018    0.000235  
      0.121762  0.070308 21.266948     0.002938    0.004554    0.000524  
      4.640395  2.679139 21.115818     0.002705   -0.000072    0.000001  
      2.971820  0.070310 21.266950     0.003183   -0.004439   -0.000539  
      1.546793  2.538533 21.266948    -0.004724   -0.000153    0.000017  
      1.546790  0.893049 22.142898    -0.002434    0.000067   -0.000000  
 
  20 f  =   17.940812 THz   112.725446 2PiTHz  598.441069 cm-1    74.197203 meV
             X         Y         Z           dx          dy          dz
      0.000031  1.786073  4.861250            0           0           0  
     -1.546769  4.465209  4.861250            0           0           0  
      3.093631  1.786073  4.861250            0           0           0  
      1.546831  4.465209  4.861250            0           0           0  
      0.000000  0.000000  7.269000            0           0           0  
     -1.546800  2.679136  7.269000            0           0           0  
      3.093600  0.000000  7.269000            0           0           0  
      1.546800  2.679136  7.269000            0           0           0  
      1.546769  0.893063  9.676500            0           0           0  
     -0.000031  3.572200  9.676500            0           0           0  
      4.640369  0.893063  9.676500            0           0           0  
      3.093569  3.572200  9.676500            0           0           0  
      1.546793  0.893049 14.989266    -0.000723   -0.026590    0.000002  
     -0.000372  3.571973 14.991356    -0.008157    0.012627    0.004703  
      4.640394  0.893472 14.991356     0.000478   -0.001457   -0.008966  
      3.093960  3.571974 14.991357     0.008337    0.013070    0.004283  
      0.001405  0.000819 17.384390    -0.002238    0.001838    0.002112  
      4.640394  2.679140 17.382327    -0.000009   -0.000365   -0.000001  
      3.092182  0.000818 17.384391     0.002202    0.001959    0.001922  
      1.546794  2.677510 17.384390     0.000086   -0.001955   -0.004035  
     -0.018874  1.796988 19.751582     0.003905   -0.000388    0.002000  
     -1.546807  4.443445 19.751583     0.000046   -0.007482   -0.004179  
      3.112460  1.796988 19.751583    -0.004184   -0.000609    0.002194  
      1.546793  4.465231 19.773468     0.000325    0.011755    0.000009  
      1.546769  0.893063  5.959750            0           0           0  
     -0.000031  3.572200  5.959750            0           0           0  
      4.640369  0.893063  5.959750            0           0           0  
      3.093569  3.572200  5.959750            0           0           0  
      0.000031  1.786073  8.578000            0           0           0  
     -1.546769  4.465209  8.578000            0           0           0  
      3.093631  1.786073  8.578000            0           0           0  
      1.546831  4.465209  8.578000            0           0           0  
      0.002298  1.784764 16.081090    -0.036711    0.001500    0.078639  
     -1.546808  4.467892 16.081089    -0.000520    0.068362   -0.164979  
      3.091288  1.784765 16.081089     0.039235    0.003605    0.086383  
      1.546794  4.465231 16.081231    -0.001482   -0.054361   -0.000119  
      1.546794  0.893049 18.706994     0.000513    0.018333    0.000042  
      0.014457  3.580534 18.703211    -0.078427    0.025544    0.006728  
      4.640395  0.876349 18.703211     0.001942   -0.105339   -0.013003  
      3.079131  3.580535 18.703212     0.075100    0.029748    0.006158  
      0.000000  0.000000  3.611250            0           0           0  
     -1.546800  2.679136  3.611250            0           0           0  
      3.093600  0.000000  3.611250            0           0           0  
      1.546800  2.679136  3.611250            0           0           0  
      0.000000  0.000000 10.926500            0           0           0  
     -1.546800  2.679136 10.926500            0           0           0  
      3.093600  0.000000 10.926500            0           0           0  
      1.546800  2.679136 10.926500            0           0           0  
      3.092750  5.357790 13.730047     0.002881   -0.004316    0.004482  
      4.640393  2.679140 13.729433     0.000181    0.006714    0.000001  
      0.000837  5.357789 13.730047    -0.002937   -0.004473    0.004082  
      1.546793  2.680114 13.730047    -0.000165    0.000655   -0.008571  
      0.121762  0.070308 21.266948     0.004582   -0.002005    0.000319  
      4.640395  2.679139 21.115818     0.000072    0.002706   -0.000002  
      2.971820  0.070310 21.266950    -0.004415   -0.002251    0.000289  
      1.546793  2.538533 21.266948    -0.000127    0.005657   -0.000616  
      1.546790  0.893049 22.142898    -0.000070   -0.002437   -0.000002  
 
  21 f  =   17.649961 THz   110.897975 2PiTHz  588.739324 cm-1    72.994340 meV
             X         Y         Z           dx          dy          dz
      0.000031  1.786073  4.861250            0           0           0  
     -1.546769  4.465209  4.861250            0           0           0  
      3.093631  1.786073  4.861250            0           0           0  
      1.546831  4.465209  4.861250            0           0           0  
      0.000000  0.000000  7.269000            0           0           0  
     -1.546800  2.679136  7.269000            0           0           0  
      3.093600  0.000000  7.269000            0           0           0  
      1.546800  2.679136  7.269000            0           0           0  
      1.546769  0.893063  9.676500            0           0           0  
     -0.000031  3.572200  9.676500            0           0           0  
      4.640369  0.893063  9.676500            0           0           0  
      3.093569  3.572200  9.676500            0           0           0  
      1.546793  0.893049 14.989266     0.000297    0.003602   -0.000010  
     -0.000372  3.571973 14.991356     0.007279   -0.005583   -0.003973  
      4.640394  0.893472 14.991356    -0.000851    0.006146    0.006919  
      3.093960  3.571974 14.991357    -0.006938   -0.006763   -0.002978  
      0.001405  0.000819 17.384390    -0.000229   -0.000139   -0.000411  
      4.640394  2.679140 17.382327     0.000471    0.005665    0.000001  
      3.092182  0.000818 17.384391     0.000171   -0.000104   -0.000309  
      1.546794  2.677510 17.384390    -0.000001   -0.000463    0.000720  
     -0.018874  1.796988 19.751582    -0.010970   -0.015921   -0.005008  
     -1.546807  4.443445 19.751583    -0.001764    0.003595    0.011660  
      3.112460  1.796988 19.751583     0.010535   -0.014138   -0.006685  
      1.546793  4.465231 19.773468     0.003005    0.036181   -0.000010  
      1.546769  0.893063  5.959750            0           0           0  
     -0.000031  3.572200  5.959750            0           0           0  
      4.640369  0.893063  5.959750            0           0           0  
      3.093569  3.572200  5.959750            0           0           0  
      0.000031  1.786073  8.578000            0           0           0  
     -1.546769  4.465209  8.578000            0           0           0  
      3.093631  1.786073  8.578000            0           0           0  
      1.546831  4.465209  8.578000            0           0           0  
      0.002298  1.784764 16.081090    -0.036126   -0.016100   -0.030343  
     -1.546808  4.467892 16.081089    -0.002935    0.054286    0.070940  
      3.091288  1.784765 16.081089     0.041430   -0.009645   -0.040530  
      1.546794  4.465231 16.081231    -0.001009   -0.011976    0.000068  
      1.546794  0.893049 18.706994     0.003867    0.046461    0.000043  
      0.014457  3.580534 18.703211    -0.044124   -0.017331   -0.099830  
      4.640395  0.876349 18.703211     0.000722   -0.081952    0.174667  
      3.079131  3.580535 18.703212     0.034263   -0.010792   -0.074727  
      0.000000  0.000000  3.611250            0           0           0  
     -1.546800  2.679136  3.611250            0           0           0  
      3.093600  0.000000  3.611250            0           0           0  
      1.546800  2.679136  3.611250            0           0           0  
      0.000000  0.000000 10.926500            0           0           0  
     -1.546800  2.679136 10.926500            0           0           0  
      3.093600  0.000000 10.926500            0           0           0  
      1.546800  2.679136 10.926500            0           0           0  
      3.092750  5.357790 13.730047    -0.002954    0.002449   -0.001478  
      4.640393  2.679140 13.729433    -0.000296   -0.003571    0.000001  
      0.000837  5.357789 13.730047     0.002845    0.002931   -0.001108  
      1.546793  2.680114 13.730047     0.000362   -0.002335    0.002601  
      0.121762  0.070308 21.266948     0.001671    0.003915   -0.000275  
      4.640395  2.679139 21.115818    -0.000612   -0.007387    0.000005  
      2.971820  0.070310 21.266950    -0.000805    0.003711   -0.000204  
      1.546793  2.538533 21.266948     0.000257    0.005948    0.000488  
      1.546790  0.893049 22.142898    -0.001674   -0.020195   -0.000002  
 
  22 f  =   17.649797 THz   110.896947 2PiTHz  588.733864 cm-1    72.993663 meV
             X         Y         Z           dx          dy          dz
      0.000031  1.786073  4.861250            0           0           0  
     -1.546769  4.465209  4.861250            0           0           0  
      3.093631  1.786073  4.861250            0           0           0  
      1.546831  4.465209  4.861250            0           0           0  
      0.000000  0.000000  7.269000            0           0           0  
     -1.546800  2.679136  7.269000            0           0           0  
      3.093600  0.000000  7.269000            0           0           0  
      1.546800  2.679136  7.269000            0           0           0  
      1.546769  0.893063  9.676500            0           0           0  
     -0.000031  3.572200  9.676500            0           0           0  
      4.640369  0.893063  9.676500            0           0           0  
      3.093569  3.572200  9.676500            0           0           0  
      1.546793  0.893049 14.989266    -0.003592    0.000296   -0.000006  
     -0.000372  3.571973 14.991356    -0.001449   -0.007616    0.005704  
      4.640394  0.893472 14.991356     0.010272    0.000512    0.000566  
      3.093960  3.571974 14.991357    -0.002623    0.006594   -0.006294  
      0.001405  0.000819 17.384390     0.000334    0.000187    0.000594  
      4.640394  2.679140 17.382327    -0.005664    0.000470    0.000000  
      3.092182  0.000818 17.384391     0.000369   -0.000206   -0.000653  
      1.546794  2.677510 17.384390     0.000004   -0.000037    0.000059  
     -0.018874  1.796988 19.751582     0.001722    0.009506   -0.010600  
     -1.546807  4.443445 19.751583     0.021235    0.000301    0.000960  
      3.112460  1.796988 19.751583     0.003503   -0.012005    0.009616  
      1.546793  4.465231 19.773468    -0.036188    0.003007   -0.000006  
      1.546769  0.893063  5.959750            0           0           0  
     -0.000031  3.572200  5.959750            0           0           0  
      4.640369  0.893063  5.959750            0           0           0  
      3.093569  3.572200  5.959750            0           0           0  
      0.000031  1.786073  8.578000            0           0           0  
     -1.546769  4.465209  8.578000            0           0           0  
      3.093631  1.786073  8.578000            0           0           0  
      1.546831  4.465209  8.578000            0           0           0  
      0.002298  1.784764 16.081090    -0.035127    0.037711   -0.064262  
     -1.546808  4.467892 16.081089     0.035252    0.004520    0.005875  
      3.091288  1.784765 16.081089    -0.028683   -0.039852    0.058434  
      1.546794  4.465231 16.081231     0.011963   -0.001001    0.000050  
      1.546794  0.893049 18.706994    -0.046440    0.003852    0.000052  
      0.014457  3.580534 18.703211     0.056063    0.038037    0.144028  
      4.640395  0.876349 18.703211    -0.008592   -0.006826    0.014523  
      3.079131  3.580535 18.703212     0.062595   -0.040361   -0.158489  
      0.000000  0.000000  3.611250            0           0           0  
     -1.546800  2.679136  3.611250            0           0           0  
      3.093600  0.000000  3.611250            0           0           0  
      1.546800  2.679136  3.611250            0           0           0  
      0.000000  0.000000 10.926500            0           0           0  
     -1.546800  2.679136 10.926500            0           0           0  
      3.093600  0.000000 10.926500            0           0           0  
      1.546800  2.679136 10.926500            0           0           0  
      3.092750  5.357790 13.730047     0.000419    0.003122    0.002143  
      4.640393  2.679140 13.729433     0.003567   -0.000297    0.000003  
      0.000837  5.357789 13.730047     0.000896   -0.002678   -0.002352  
      1.546793  2.680114 13.730047    -0.004361   -0.000195    0.000219  
      0.121762  0.070308 21.266948    -0.005131   -0.000915    0.000391  
      4.640395  2.679139 21.115818     0.007390   -0.000613    0.000003  
      2.971820  0.070310 21.266950    -0.005338    0.001550   -0.000430  
      1.546793  2.538533 21.266948    -0.003098    0.000490    0.000036  
      1.546790  0.893049 22.142898     0.020193   -0.001676    0.000002  
 
  23 f  =   17.530383 THz   110.146643 2PiTHz  584.750623 cm-1    72.499805 meV
             X         Y         Z           dx          dy          dz
      0.000031  1.786073  4.861250            0           0           0  
     -1.546769  4.465209  4.861250            0           0           0  
      3.093631  1.786073  4.861250            0           0           0  
      1.546831  4.465209  4.861250            0           0           0  
      0.000000  0.000000  7.269000            0           0           0  
     -1.546800  2.679136  7.269000            0           0           0  
      3.093600  0.000000  7.269000            0           0           0  
      1.546800  2.679136  7.269000            0           0           0  
      1.546769  0.893063  9.676500            0           0           0  
     -0.000031  3.572200  9.676500            0           0           0  
      4.640369  0.893063  9.676500            0           0           0  
      3.093569  3.572200  9.676500            0           0           0  
      1.546793  0.893049 14.989266    -0.000002    0.000004    0.018495  
     -0.000372  3.571973 14.991356     0.000053    0.000024    0.020869  
      4.640394  0.893472 14.991356     0.000002   -0.000057    0.020872  
      3.093960  3.571974 14.991357    -0.000055    0.000029    0.020865  
      0.001405  0.000819 17.384390     0.002056    0.001186   -0.000758  
      4.640394  2.679140 17.382327    -0.000002    0.000004    0.000200  
      3.092182  0.000818 17.384391    -0.002057    0.001187   -0.000759  
      1.546794  2.677510 17.384390     0.000000   -0.002373   -0.000758  
     -0.018874  1.796988 19.751582    -0.011064    0.006382    0.025883  
     -1.546807  4.443445 19.751583     0.000006   -0.012768    0.025894  
      3.112460  1.796988 19.751583     0.011065    0.006377    0.025889  
      1.546793  4.465231 19.773468    -0.000009    0.000014    0.019154  
      1.546769  0.893063  5.959750            0           0           0  
     -0.000031  3.572200  5.959750            0           0           0  
      4.640369  0.893063  5.959750            0           0           0  
      3.093569  3.572200  5.959750            0           0           0  
      0.000031  1.786073  8.578000            0           0           0  
     -1.546769  4.465209  8.578000            0           0           0  
      3.093631  1.786073  8.578000            0           0           0  
      1.546831  4.465209  8.578000            0           0           0  
      0.002298  1.784764 16.081090    -0.010694    0.006173   -0.063777  
     -1.546808  4.467892 16.081089     0.000013   -0.012318   -0.063700  
      3.091288  1.784765 16.081089     0.010688    0.006149   -0.063736  
      1.546794  4.465231 16.081231     0.000006    0.000012   -0.076180  
      1.546794  0.893049 18.706994    -0.000015    0.000007   -0.188796  
      0.014457  3.580534 18.703211    -0.022186   -0.012815   -0.053076  
      4.640395  0.876349 18.703211     0.000002    0.025594   -0.053007  
      3.079131  3.580535 18.703212     0.022207   -0.012830   -0.053167  
      0.000000  0.000000  3.611250            0           0           0  
     -1.546800  2.679136  3.611250            0           0           0  
      3.093600  0.000000  3.611250            0           0           0  
      1.546800  2.679136  3.611250            0           0           0  
      0.000000  0.000000 10.926500            0           0           0  
     -1.546800  2.679136 10.926500            0           0           0  
      3.093600  0.000000 10.926500            0           0           0  
      1.546800  2.679136 10.926500            0           0           0  
      3.092750  5.357790 13.730047    -0.000872   -0.000507   -0.006673  
      4.640393  2.679140 13.729433     0.000002   -0.000006   -0.007074  
      0.000837  5.357789 13.730047     0.000874   -0.000508   -0.006675  
      1.546793  2.680114 13.730047     0.000001    0.001007   -0.006676  
      0.121762  0.070308 21.266948    -0.001207   -0.000698   -0.005161  
      4.640395  2.679139 21.115818     0.000002   -0.000000   -0.012233  
      2.971820  0.070310 21.266950     0.001205   -0.000696   -0.005163  
      1.546793  2.538533 21.266948     0.000001    0.001402   -0.005159  
      1.546790  0.893049 22.142898     0.000001   -0.000006    0.001273  
 
  24 f  =   17.293681 THz   108.659401 2PiTHz  576.855097 cm-1    71.520885 meV
             X         Y         Z           dx          dy          dz
      0.000031  1.786073  4.861250            0           0           0  
     -1.546769  4.465209  4.861250            0           0           0  
      3.093631  1.786073  4.861250            0           0           0  
      1.546831  4.465209  4.861250            0           0           0  
      0.000000  0.000000  7.269000            0           0           0  
     -1.546800  2.679136  7.269000            0           0           0  
      3.093600  0.000000  7.269000            0           0           0  
      1.546800  2.679136  7.269000            0           0           0  
      1.546769  0.893063  9.676500            0           0           0  
     -0.000031  3.572200  9.676500            0           0           0  
      4.640369  0.893063  9.676500            0           0           0  
      3.093569  3.572200  9.676500            0           0           0  
      1.546793  0.893049 14.989266    -0.000001    0.000000    0.014071  
     -0.000372  3.571973 14.991356    -0.011230   -0.006486    0.004765  
      4.640394  0.893472 14.991356    -0.000000    0.012966    0.004766  
      3.093960  3.571974 14.991357     0.011230   -0.006486    0.004766  
      0.001405  0.000819 17.384390     0.001034    0.000598   -0.002494  
      4.640394  2.679140 17.382327     0.000001    0.000001    0.006033  
      3.092182  0.000818 17.384391    -0.001036    0.000597   -0.002493  
      1.546794  2.677510 17.384390    -0.000001   -0.001195   -0.002492  
     -0.018874  1.796988 19.751582     0.015026   -0.008675    0.003661  
     -1.546807  4.443445 19.751583    -0.000000    0.017352    0.003663  
      3.112460  1.796988 19.751583    -0.015027   -0.008675    0.003661  
      1.546793  4.465231 19.773468     0.000000    0.000001    0.023683  
      1.546769  0.893063  5.959750            0           0           0  
     -0.000031  3.572200  5.959750            0           0           0  
      4.640369  0.893063  5.959750            0           0           0  
      3.093569  3.572200  5.959750            0           0           0  
      0.000031  1.786073  8.578000            0           0           0  
     -1.546769  4.465209  8.578000            0           0           0  
      3.093631  1.786073  8.578000            0           0           0  
      1.546831  4.465209  8.578000            0           0           0  
      0.002298  1.784764 16.081090     0.009936   -0.005732   -0.060822  
     -1.546808  4.467892 16.081089     0.000001    0.011469   -0.060802  
      3.091288  1.784765 16.081089    -0.009933   -0.005735   -0.060823  
      1.546794  4.465231 16.081231    -0.000000   -0.000001    0.078560  
      1.546794  0.893049 18.706994     0.000008    0.000010    0.140695  
      0.014457  3.580534 18.703211    -0.057153   -0.033004   -0.086318  
      4.640395  0.876349 18.703211     0.000001    0.065996   -0.086299  
      3.079131  3.580535 18.703212     0.057146   -0.033002   -0.086308  
      0.000000  0.000000  3.611250            0           0           0  
     -1.546800  2.679136  3.611250            0           0           0  
      3.093600  0.000000  3.611250            0           0           0  
      1.546800  2.679136  3.611250            0           0           0  
      0.000000  0.000000 10.926500            0           0           0  
     -1.546800  2.679136 10.926500            0           0           0  
      3.093600  0.000000 10.926500            0           0           0  
      1.546800  2.679136 10.926500            0           0           0  
      3.092750  5.357790 13.730047     0.003947    0.002278   -0.003723  
      4.640393  2.679140 13.729433     0.000002    0.000000    0.005504  
      0.000837  5.357789 13.730047    -0.003945    0.002281   -0.003718  
      1.546793  2.680114 13.730047    -0.000000   -0.004556   -0.003731  
      0.121762  0.070308 21.266948     0.010888    0.006288   -0.003461  
      4.640395  2.679139 21.115818    -0.000002   -0.000003    0.003913  
      2.971820  0.070310 21.266950    -0.010888    0.006287   -0.003463  
      1.546793  2.538533 21.266948    -0.000001   -0.012576   -0.003460  
      1.546790  0.893049 22.142898     0.000004   -0.000006   -0.008707  
 
  25 f  =   14.481440 THz    90.989570 2PiTHz  483.048836 cm-1    59.890396 meV
             X         Y         Z           dx          dy          dz
      0.000031  1.786073  4.861250            0           0           0  
     -1.546769  4.465209  4.861250            0           0           0  
      3.093631  1.786073  4.861250            0           0           0  
      1.546831  4.465209  4.861250            0           0           0  
      0.000000  0.000000  7.269000            0           0           0  
     -1.546800  2.679136  7.269000            0           0           0  
      3.093600  0.000000  7.269000            0           0           0  
      1.546800  2.679136  7.269000            0           0           0  
      1.546769  0.893063  9.676500            0           0           0  
     -0.000031  3.572200  9.676500            0           0           0  
      4.640369  0.893063  9.676500            0           0           0  
      3.093569  3.572200  9.676500            0           0           0  
      1.546793  0.893049 14.989266    -0.000001   -0.000001    0.000651  
     -0.000372  3.571973 14.991356    -0.000392   -0.000225    0.000858  
      4.640394  0.893472 14.991356     0.000000    0.000451    0.000857  
      3.093960  3.571974 14.991357     0.000392   -0.000224    0.000858  
      0.001405  0.000819 17.384390    -0.000146   -0.000085   -0.006619  
      4.640394  2.679140 17.382327     0.000001    0.000001   -0.002956  
      3.092182  0.000818 17.384391     0.000146   -0.000085   -0.006618  
      1.546794  2.677510 17.384390    -0.000001    0.000169   -0.006617  
     -0.018874  1.796988 19.751582    -0.005114    0.002954    0.011525  
     -1.546807  4.443445 19.751583     0.000002   -0.005905    0.011527  
      3.112460  1.796988 19.751583     0.005114    0.002951    0.011529  
      1.546793  4.465231 19.773468    -0.000001    0.000000    0.008599  
      1.546769  0.893063  5.959750            0           0           0  
     -0.000031  3.572200  5.959750            0           0           0  
      4.640369  0.893063  5.959750            0           0           0  
      3.093569  3.572200  5.959750            0           0           0  
      0.000031  1.786073  8.578000            0           0           0  
     -1.546769  4.465209  8.578000            0           0           0  
      3.093631  1.786073  8.578000            0           0           0  
      1.546831  4.465209  8.578000            0           0           0  
      0.002298  1.784764 16.081090     0.000336   -0.000194    0.003873  
     -1.546808  4.467892 16.081089    -0.000001    0.000387    0.003878  
      3.091288  1.784765 16.081089    -0.000334   -0.000193    0.003873  
      1.546794  4.465231 16.081231    -0.000000    0.000001    0.007036  
      1.546794  0.893049 18.706994     0.000000   -0.000001    0.030303  
      0.014457  3.580534 18.703211    -0.002651   -0.001531    0.008559  
      4.640395  0.876349 18.703211    -0.000000    0.003058    0.008573  
      3.079131  3.580535 18.703212     0.002648   -0.001529    0.008571  
      0.000000  0.000000  3.611250            0           0           0  
     -1.546800  2.679136  3.611250            0           0           0  
      3.093600  0.000000  3.611250            0           0           0  
      1.546800  2.679136  3.611250            0           0           0  
      0.000000  0.000000 10.926500            0           0           0  
     -1.546800  2.679136 10.926500            0           0           0  
      3.093600  0.000000 10.926500            0           0           0  
      1.546800  2.679136 10.926500            0           0           0  
      3.092750  5.357790 13.730047     0.000163    0.000085   -0.001853  
      4.640393  2.679140 13.729433     0.000002   -0.000003   -0.002652  
      0.000837  5.357789 13.730047    -0.000162    0.000086   -0.001851  
      1.546793  2.680114 13.730047     0.000002   -0.000183   -0.001864  
      0.121762  0.070308 21.266948    -0.029620   -0.017111   -0.053906  
      4.640395  2.679139 21.115818    -0.000003    0.000006   -0.043960  
      2.971820  0.070310 21.266950     0.029608   -0.017095   -0.053933  
      1.546793  2.538533 21.266948     0.000005    0.034190   -0.053917  
      1.546790  0.893049 22.142898     0.000036    0.000036    0.336468  
 
  26 f  =   13.647332 THz    85.748714 2PiTHz  455.225985 cm-1    56.440803 meV
             X         Y         Z           dx          dy          dz
      0.000031  1.786073  4.861250            0           0           0  
     -1.546769  4.465209  4.861250            0           0           0  
      3.093631  1.786073  4.861250            0           0           0  
      1.546831  4.465209  4.861250            0           0           0  
      0.000000  0.000000  7.269000            0           0           0  
     -1.546800  2.679136  7.269000            0           0           0  
      3.093600  0.000000  7.269000            0           0           0  
      1.546800  2.679136  7.269000            0           0           0  
      1.546769  0.893063  9.676500            0           0           0  
     -0.000031  3.572200  9.676500            0           0           0  
      4.640369  0.893063  9.676500            0           0           0  
      3.093569  3.572200  9.676500            0           0           0  
      1.546793  0.893049 14.989266     0.000001   -0.000001   -0.038130  
     -0.000372  3.571973 14.991356     0.000348    0.000198   -0.038050  
      4.640394  0.893472 14.991356     0.000000   -0.000403   -0.038050  
      3.093960  3.571974 14.991357    -0.000344    0.000197   -0.038050  
      0.001405  0.000819 17.384390     0.000419    0.000242    0.021594  
      4.640394  2.679140 17.382327     0.000000   -0.000002    0.021295  
      3.092182  0.000818 17.384391    -0.000419    0.000241    0.021594  
      1.546794  2.677510 17.384390    -0.000000   -0.000486    0.021593  
     -0.018874  1.796988 19.751582     0.000222   -0.000130   -0.004109  
     -1.546807  4.443445 19.751583    -0.000001    0.000259   -0.004108  
      3.112460  1.796988 19.751583    -0.000223   -0.000131   -0.004111  
      1.546793  4.465231 19.773468    -0.000000   -0.000000   -0.001279  
      1.546769  0.893063  5.959750            0           0           0  
     -0.000031  3.572200  5.959750            0           0           0  
      4.640369  0.893063  5.959750            0           0           0  
      3.093569  3.572200  5.959750            0           0           0  
      0.000031  1.786073  8.578000            0           0           0  
     -1.546769  4.465209  8.578000            0           0           0  
      3.093631  1.786073  8.578000            0           0           0  
      1.546831  4.465209  8.578000            0           0           0  
      0.002298  1.784764 16.081090     0.000250   -0.000145   -0.039921  
     -1.546808  4.467892 16.081089    -0.000000    0.000290   -0.039925  
      3.091288  1.784765 16.081089    -0.000252   -0.000143   -0.039923  
      1.546794  4.465231 16.081231    -0.000003    0.000001   -0.040423  
      1.546794  0.893049 18.706994     0.000004    0.000001   -0.021100  
      0.014457  3.580534 18.703211    -0.000255   -0.000146   -0.018189  
      4.640395  0.876349 18.703211    -0.000001    0.000297   -0.018198  
      3.079131  3.580535 18.703212     0.000257   -0.000148   -0.018189  
      0.000000  0.000000  3.611250            0           0           0  
     -1.546800  2.679136  3.611250            0           0           0  
      3.093600  0.000000  3.611250            0           0           0  
      1.546800  2.679136  3.611250            0           0           0  
      0.000000  0.000000 10.926500            0           0           0  
     -1.546800  2.679136 10.926500            0           0           0  
      3.093600  0.000000 10.926500            0           0           0  
      1.546800  2.679136 10.926500            0           0           0  
      3.092750  5.357790 13.730047     0.000319    0.000203    0.083499  
      4.640393  2.679140 13.729433    -0.000010    0.000013    0.082073  
      0.000837  5.357789 13.730047    -0.000338    0.000205    0.083495  
      1.546793  2.680114 13.730047    -0.000009   -0.000375    0.083508  
      0.121762  0.070308 21.266948    -0.004007   -0.002309    0.002134  
      4.640395  2.679139 21.115818     0.000003   -0.000002    0.008385  
      2.971820  0.070310 21.266950     0.004008   -0.002311    0.002134  
      1.546793  2.538533 21.266948    -0.000000    0.004634    0.002135  
      1.546790  0.893049 22.142898    -0.000004   -0.000046    0.037927  
 
  27 f  =   13.111853 THz    82.384202 2PiTHz  437.364336 cm-1    54.226242 meV
             X         Y         Z           dx          dy          dz
      0.000031  1.786073  4.861250            0           0           0  
     -1.546769  4.465209  4.861250            0           0           0  
      3.093631  1.786073  4.861250            0           0           0  
      1.546831  4.465209  4.861250            0           0           0  
      0.000000  0.000000  7.269000            0           0           0  
     -1.546800  2.679136  7.269000            0           0           0  
      3.093600  0.000000  7.269000            0           0           0  
      1.546800  2.679136  7.269000            0           0           0  
      1.546769  0.893063  9.676500            0           0           0  
     -0.000031  3.572200  9.676500            0           0           0  
      4.640369  0.893063  9.676500            0           0           0  
      3.093569  3.572200  9.676500            0           0           0  
      1.546793  0.893049 14.989266     0.000357   -0.003159   -0.000006  
     -0.000372  3.571973 14.991356    -0.001632    0.001821    0.000594  
      4.640394  0.893472 14.991356    -0.000293   -0.001260   -0.001494  
      3.093960  3.571974 14.991357     0.001700    0.001443    0.000885  
      0.001405  0.000819 17.384390     0.001399   -0.001283   -0.001234  
      4.640394  2.679140 17.382327    -0.000486    0.004273    0.000003  
      3.092182  0.000818 17.384391    -0.001531   -0.000951   -0.001841  
      1.546794  2.677510 17.384390     0.000221    0.001421    0.003087  
     -0.018874  1.796988 19.751582     0.005652    0.002977    0.009685  
     -1.546807  4.443445 19.751583    -0.000760   -0.005678   -0.016179  
      3.112460  1.796988 19.751583    -0.005062    0.004195    0.006491  
      1.546793  4.465231 19.773468     0.000446   -0.003923   -0.000001  
      1.546769  0.893063  5.959750            0           0           0  
     -0.000031  3.572200  5.959750            0           0           0  
      4.640369  0.893063  5.959750            0           0           0  
      3.093569  3.572200  5.959750            0           0           0  
      0.000031  1.786073  8.578000            0           0           0  
     -1.546769  4.465209  8.578000            0           0           0  
      3.093631  1.786073  8.578000            0           0           0  
      1.546831  4.465209  8.578000            0           0           0  
      0.002298  1.784764 16.081090    -0.001949    0.000081   -0.000982  
     -1.546808  4.467892 16.081089     0.000127    0.002884    0.001629  
      3.091288  1.784765 16.081089     0.001518   -0.000313   -0.000665  
      1.546794  4.465231 16.081231    -0.000064    0.000565   -0.000004  
      1.546794  0.893049 18.706994     0.000137   -0.001205   -0.000006  
      0.014457  3.580534 18.703211    -0.000912   -0.002111   -0.010346  
      4.640395  0.876349 18.703211     0.000169   -0.004592    0.025771  
      3.079131  3.580535 18.703212     0.001784   -0.002420   -0.015432  
      0.000000  0.000000  3.611250            0           0           0  
     -1.546800  2.679136  3.611250            0           0           0  
      3.093600  0.000000  3.611250            0           0           0  
      1.546800  2.679136  3.611250            0           0           0  
      0.000000  0.000000 10.926500            0           0           0  
     -1.546800  2.679136 10.926500            0           0           0  
      3.093600  0.000000 10.926500            0           0           0  
      1.546800  2.679136 10.926500            0           0           0  
      3.092750  5.357790 13.730047    -0.000463    0.000538    0.002787  
      4.640393  2.679140 13.729433     0.000065   -0.000593    0.000008  
      0.000837  5.357789 13.730047     0.000476    0.000432    0.004139  
      1.546793  2.680114 13.730047    -0.000086   -0.000331   -0.006898  
      0.121762  0.070308 21.266948    -0.017080   -0.022968    0.000131  
      4.640395  2.679139 21.115818    -0.000553    0.004782    0.000014  
      2.971820  0.070310 21.266950     0.029019   -0.028248    0.000153  
      1.546793  2.538533 21.266948     0.001401   -0.065510   -0.000275  
      1.546790  0.893049 22.142898    -0.042085    0.368724   -0.000031  
 
  28 f  =   13.111705 THz    82.383271 2PiTHz  437.359394 cm-1    54.225629 meV
             X         Y         Z           dx          dy          dz
      0.000031  1.786073  4.861250            0           0           0  
     -1.546769  4.465209  4.861250            0           0           0  
      3.093631  1.786073  4.861250            0           0           0  
      1.546831  4.465209  4.861250            0           0           0  
      0.000000  0.000000  7.269000            0           0           0  
     -1.546800  2.679136  7.269000            0           0           0  
      3.093600  0.000000  7.269000            0           0           0  
      1.546800  2.679136  7.269000            0           0           0  
      1.546769  0.893063  9.676500            0           0           0  
     -0.000031  3.572200  9.676500            0           0           0  
      4.640369  0.893063  9.676500            0           0           0  
      3.093569  3.572200  9.676500            0           0           0  
      1.546793  0.893049 14.989266     0.003158    0.000362    0.000004  
     -0.000372  3.571973 14.991356     0.000484    0.001478   -0.001371  
      4.640394  0.893472 14.991356    -0.002592    0.000146    0.000174  
      3.093960  3.571974 14.991357     0.000104   -0.001855    0.001207  
      0.001405  0.000819 17.384390    -0.000743   -0.001337    0.002848  
      4.640394  2.679140 17.382327    -0.004269   -0.000489    0.000005  
      3.092182  0.000818 17.384391    -0.000409    0.001592   -0.002490  
      1.546794  2.677510 17.384390     0.001961   -0.000163   -0.000348  
     -0.018874  1.796988 19.751582     0.001980   -0.005760    0.013077  
     -1.546807  4.443445 19.751583    -0.006676    0.000646    0.001834  
      3.112460  1.796988 19.751583     0.003202    0.004943   -0.014945  
      1.546793  4.465231 19.773468     0.003923    0.000447   -0.000006  
      1.546769  0.893063  5.959750            0           0           0  
     -0.000031  3.572200  5.959750            0           0           0  
      4.640369  0.893063  5.959750            0           0           0  
      3.093569  3.572200  5.959750            0           0           0  
      0.000031  1.786073  8.578000            0           0           0  
     -1.546769  4.465209  8.578000            0           0           0  
      3.093631  1.786073  8.578000            0           0           0  
      1.546831  4.465209  8.578000            0           0           0  
      0.002298  1.784764 16.081090    -0.001687    0.001745   -0.001316  
     -1.546808  4.467892 16.081089     0.001116   -0.000330   -0.000186  
      3.091288  1.784765 16.081089    -0.002083   -0.001718    0.001508  
      1.546794  4.465231 16.081231    -0.000564   -0.000064   -0.000000  
      1.546794  0.893049 18.706994     0.001204    0.000138   -0.000001  
      0.014457  3.580534 18.703211     0.003970    0.001601    0.023770  
      4.640395  0.876349 18.703211     0.001489    0.000528   -0.002949  
      3.079131  3.580535 18.703212     0.003663   -0.001088   -0.020858  
      0.000000  0.000000  3.611250            0           0           0  
     -1.546800  2.679136  3.611250            0           0           0  
      3.093600  0.000000  3.611250            0           0           0  
      1.546800  2.679136  3.611250            0           0           0  
      0.000000  0.000000 10.926500            0           0           0  
     -1.546800  2.679136 10.926500            0           0           0  
      3.093600  0.000000 10.926500            0           0           0  
      1.546800  2.679136 10.926500            0           0           0  
      3.092750  5.357790 13.730047     0.000113    0.000415   -0.006383  
      4.640393  2.679140 13.729433     0.000592    0.000070   -0.000005  
      0.000837  5.357789 13.730047     0.000005   -0.000528    0.005570  
      1.546793  2.680114 13.730047    -0.000759    0.000037    0.000780  
      0.121762  0.070308 21.266948     0.054824    0.025959   -0.000203  
      4.640395  2.679139 21.115818    -0.004773   -0.000543    0.000022  
      2.971820  0.070310 21.266950     0.049568   -0.020140    0.000197  
      1.546793  2.538533 21.266948     0.012318    0.007512    0.000061  
      1.546790  0.893049 22.142898    -0.368739   -0.042081    0.000091  
 
  29 f  =   12.532323 THz    78.742910 2PiTHz  418.033311 cm-1    51.829502 meV
             X         Y         Z           dx          dy          dz
      0.000031  1.786073  4.861250            0           0           0  
     -1.546769  4.465209  4.861250            0           0           0  
      3.093631  1.786073  4.861250            0           0           0  
      1.546831  4.465209  4.861250            0           0           0  
      0.000000  0.000000  7.269000            0           0           0  
     -1.546800  2.679136  7.269000            0           0           0  
      3.093600  0.000000  7.269000            0           0           0  
      1.546800  2.679136  7.269000            0           0           0  
      1.546769  0.893063  9.676500            0           0           0  
     -0.000031  3.572200  9.676500            0           0           0  
      4.640369  0.893063  9.676500            0           0           0  
      3.093569  3.572200  9.676500            0           0           0  
      1.546793  0.893049 14.989266    -0.000003    0.000004    0.011240  
     -0.000372  3.571973 14.991356    -0.004290   -0.002481    0.007126  
      4.640394  0.893472 14.991356     0.000003    0.004956    0.007126  
      3.093960  3.571974 14.991357     0.004289   -0.002477    0.007122  
      0.001405  0.000819 17.384390     0.004845    0.002799    0.022904  
      4.640394  2.679140 17.382327     0.000001   -0.000000    0.023643  
      3.092182  0.000818 17.384391    -0.004844    0.002799    0.022905  
      1.546794  2.677510 17.384390    -0.000000   -0.005595    0.022903  
     -0.018874  1.796988 19.751582     0.000331   -0.000193   -0.044457  
     -1.546807  4.443445 19.751583    -0.000001    0.000384   -0.044458  
      3.112460  1.796988 19.751583    -0.000334   -0.000192   -0.044452  
      1.546793  4.465231 19.773468     0.000001    0.000001   -0.020981  
      1.546769  0.893063  5.959750            0           0           0  
     -0.000031  3.572200  5.959750            0           0           0  
      4.640369  0.893063  5.959750            0           0           0  
      3.093569  3.572200  5.959750            0           0           0  
      0.000031  1.786073  8.578000            0           0           0  
     -1.546769  4.465209  8.578000            0           0           0  
      3.093631  1.786073  8.578000            0           0           0  
      1.546831  4.465209  8.578000            0           0           0  
      0.002298  1.784764 16.081090    -0.000949    0.000548   -0.000346  
     -1.546808  4.467892 16.081089    -0.000001   -0.001094   -0.000355  
      3.091288  1.784765 16.081089     0.000949    0.000547   -0.000352  
      1.546794  4.465231 16.081231    -0.000001   -0.000002   -0.006842  
      1.546794  0.893049 18.706994    -0.000001   -0.000000   -0.041034  
      0.014457  3.580534 18.703211     0.000118    0.000070   -0.038290  
      4.640395  0.876349 18.703211    -0.000000   -0.000142   -0.038287  
      3.079131  3.580535 18.703212    -0.000118    0.000070   -0.038287  
      0.000000  0.000000  3.611250            0           0           0  
     -1.546800  2.679136  3.611250            0           0           0  
      3.093600  0.000000  3.611250            0           0           0  
      1.546800  2.679136  3.611250            0           0           0  
      0.000000  0.000000 10.926500            0           0           0  
     -1.546800  2.679136 10.926500            0           0           0  
      3.093600  0.000000 10.926500            0           0           0  
      1.546800  2.679136 10.926500            0           0           0  
      3.092750  5.357790 13.730047    -0.001589   -0.000905   -0.028940  
      4.640393  2.679140 13.729433    -0.000001    0.000004   -0.016173  
      0.000837  5.357789 13.730047     0.001595   -0.000904   -0.028957  
      1.546793  2.680114 13.730047     0.000002    0.001825   -0.028923  
      0.121762  0.070308 21.266948    -0.015250   -0.008789    0.044254  
      4.640395  2.679139 21.115818     0.000007   -0.000019    0.095509  
      2.971820  0.070310 21.266950     0.015213   -0.008781    0.044294  
      1.546793  2.538533 21.266948    -0.000010    0.017573    0.044263  
      1.546790  0.893049 22.142898     0.000123    0.000007    0.153855  
 
  30 f  =   12.201376 THz    76.663509 2PiTHz  406.994106 cm-1    50.460815 meV
             X         Y         Z           dx          dy          dz
      0.000031  1.786073  4.861250            0           0           0  
     -1.546769  4.465209  4.861250            0           0           0  
      3.093631  1.786073  4.861250            0           0           0  
      1.546831  4.465209  4.861250            0           0           0  
      0.000000  0.000000  7.269000            0           0           0  
     -1.546800  2.679136  7.269000            0           0           0  
      3.093600  0.000000  7.269000            0           0           0  
      1.546800  2.679136  7.269000            0           0           0  
      1.546769  0.893063  9.676500            0           0           0  
     -0.000031  3.572200  9.676500            0           0           0  
      4.640369  0.893063  9.676500            0           0           0  
      3.093569  3.572200  9.676500            0           0           0  
      1.546793  0.893049 14.989266    -0.007867    0.052012   -0.000072  
     -0.000372  3.571973 14.991356     0.029562   -0.038378   -0.011078  
      4.640394  0.893472 14.991356     0.007716    0.016988    0.030133  
      3.093960  3.571974 14.991357    -0.029587   -0.029455   -0.018971  
      0.001405  0.000819 17.384390    -0.015345    0.019562    0.008088  
      4.640394  2.679140 17.382327     0.003620   -0.023923    0.000050  
      3.092182  0.000818 17.384391     0.015496    0.014908    0.013842  
      1.546794  2.677510 17.384390    -0.003955   -0.009337   -0.021969  
     -0.018874  1.796988 19.751582    -0.002145   -0.002225   -0.006324  
     -1.546807  4.443445 19.751583     0.000574    0.001162    0.010018  
      3.112460  1.796988 19.751583     0.002164   -0.002874   -0.003699  
      1.546793  4.465231 19.773468    -0.000285    0.001880   -0.000018  
      1.546769  0.893063  5.959750            0           0           0  
     -0.000031  3.572200  5.959750            0           0           0  
      4.640369  0.893063  5.959750            0           0           0  
      3.093569  3.572200  5.959750            0           0           0  
      0.000031  1.786073  8.578000            0           0           0  
     -1.546769  4.465209  8.578000            0           0           0  
      3.093631  1.786073  8.578000            0           0           0  
      1.546831  4.465209  8.578000            0           0           0  
      0.002298  1.784764 16.081090    -0.000611    0.001448    0.030538  
     -1.546808  4.467892 16.081089    -0.000185    0.001986   -0.048504  
      3.091288  1.784765 16.081089     0.000075    0.001343    0.017824  
      1.546794  4.465231 16.081231    -0.000085    0.000565    0.000138  
      1.546794  0.893049 18.706994     0.001146   -0.007593    0.000007  
      0.014457  3.580534 18.703211    -0.004675    0.004323    0.002546  
      4.640395  0.876349 18.703211    -0.000979   -0.005062   -0.006962  
      3.079131  3.580535 18.703212     0.005339    0.002809    0.004368  
      0.000000  0.000000  3.611250            0           0           0  
     -1.546800  2.679136  3.611250            0           0           0  
      3.093600  0.000000  3.611250            0           0           0  
      1.546800  2.679136  3.611250            0           0           0  
      0.000000  0.000000 10.926500            0           0           0  
     -1.546800  2.679136 10.926500            0           0           0  
      3.093600  0.000000 10.926500            0           0           0  
      1.546800  2.679136 10.926500            0           0           0  
      3.092750  5.357790 13.730047     0.011569   -0.016138   -0.042221  
      4.640393  2.679140 13.729433    -0.002712    0.017964   -0.000288  
      0.000837  5.357789 13.730047    -0.011162   -0.012736   -0.072287  
      1.546793  2.680114 13.730047     0.003183    0.005151    0.114771  
      0.121762  0.070308 21.266948    -0.000438   -0.002784   -0.003594  
      4.640395  2.679139 21.115818    -0.000912    0.006025   -0.000009  
      2.971820  0.070310 21.266950     0.001701   -0.003106   -0.006154  
      1.546793  2.538533 21.266948     0.000353   -0.004809    0.009793  
      1.546790  0.893049 22.142898    -0.004629    0.030680    0.000035  
 
  31 f  =   12.201285 THz    76.662935 2PiTHz  406.991061 cm-1    50.460438 meV
             X         Y         Z           dx          dy          dz
      0.000031  1.786073  4.861250            0           0           0  
     -1.546769  4.465209  4.861250            0           0           0  
      3.093631  1.786073  4.861250            0           0           0  
      1.546831  4.465209  4.861250            0           0           0  
      0.000000  0.000000  7.269000            0           0           0  
     -1.546800  2.679136  7.269000            0           0           0  
      3.093600  0.000000  7.269000            0           0           0  
      1.546800  2.679136  7.269000            0           0           0  
      1.546769  0.893063  9.676500            0           0           0  
     -0.000031  3.572200  9.676500            0           0           0  
      4.640369  0.893063  9.676500            0           0           0  
      3.093569  3.572200  9.676500            0           0           0  
      1.546793  0.893049 14.989266     0.052009    0.007869    0.000130  
     -0.000372  3.571973 14.991356     0.004348    0.024224   -0.028406  
      4.640394  0.893472 14.991356    -0.050983    0.002799    0.004505  
      3.093960  3.571974 14.991357    -0.004213   -0.034718    0.023747  
      0.001405  0.000819 17.384390    -0.002755   -0.012726    0.020698  
      4.640394  2.679140 17.382327    -0.023918   -0.003621   -0.000103  
      3.092182  0.000818 17.384391     0.001744    0.018040   -0.017334  
      1.546794  2.677510 17.384390     0.026138   -0.001512   -0.003302  
     -0.018874  1.796988 19.751582    -0.000388   -0.002542    0.007927  
     -1.546807  4.443445 19.751583    -0.003791    0.000185    0.001526  
      3.112460  1.796988 19.751583     0.000245    0.001758   -0.009424  
      1.546793  4.465231 19.773468     0.001884    0.000284    0.000039  
      1.546769  0.893063  5.959750            0           0           0  
     -0.000031  3.572200  5.959750            0           0           0  
      4.640369  0.893063  5.959750            0           0           0  
      3.093569  3.572200  5.959750            0           0           0  
      0.000031  1.786073  8.578000            0           0           0  
     -1.546769  4.465209  8.578000            0           0           0  
      3.093631  1.786073  8.578000            0           0           0  
      1.546831  4.465209  8.578000            0           0           0  
      0.002298  1.784764 16.081090     0.001737   -0.000133   -0.038228  
     -1.546808  4.467892 16.081089     0.001199    0.000303   -0.007246  
      3.091288  1.784765 16.081089     0.001842    0.000555    0.045725  
      1.546794  4.465231 16.081231     0.000559    0.000086   -0.000238  
      1.546794  0.893049 18.706994    -0.007584   -0.001148   -0.000005  
      0.014457  3.580534 18.703211    -0.002932   -0.004444    0.006576  
      4.640395  0.876349 18.703211     0.006460   -0.000792   -0.001016  
      3.079131  3.580535 18.703212    -0.001459    0.005546   -0.005458  
      0.000000  0.000000  3.611250            0           0           0  
     -1.546800  2.679136  3.611250            0           0           0  
      3.093600  0.000000  3.611250            0           0           0  
      1.546800  2.679136  3.611250            0           0           0  
      0.000000  0.000000 10.926500            0           0           0  
     -1.546800  2.679136 10.926500            0           0           0  
      3.093600  0.000000 10.926500            0           0           0  
      1.546800  2.679136 10.926500            0           0           0  
      3.092750  5.357790 13.730047     0.000271    0.009088   -0.108168  
      4.640393  2.679140 13.729433     0.017982    0.002748    0.000535  
      0.000837  5.357789 13.730047    -0.003017   -0.013537    0.090491  
      1.546793  2.680114 13.730047    -0.020990    0.000849    0.017189  
      0.121762  0.070308 21.266948    -0.004344   -0.001519   -0.009248  
      4.640395  2.679139 21.115818     0.006018    0.000911   -0.000009  
      2.971820  0.070310 21.266950    -0.004018    0.000625    0.007698  
      1.546793  2.538533 21.266948    -0.002327   -0.000735    0.001452  
      1.546790  0.893049 22.142898     0.030660    0.004671   -0.000055  
 
  32 f  =   12.191952 THz    76.604293 2PiTHz  406.679741 cm-1    50.421839 meV
             X         Y         Z           dx          dy          dz
      0.000031  1.786073  4.861250            0           0           0  
     -1.546769  4.465209  4.861250            0           0           0  
      3.093631  1.786073  4.861250            0           0           0  
      1.546831  4.465209  4.861250            0           0           0  
      0.000000  0.000000  7.269000            0           0           0  
     -1.546800  2.679136  7.269000            0           0           0  
      3.093600  0.000000  7.269000            0           0           0  
      1.546800  2.679136  7.269000            0           0           0  
      1.546769  0.893063  9.676500            0           0           0  
     -0.000031  3.572200  9.676500            0           0           0  
      4.640369  0.893063  9.676500            0           0           0  
      3.093569  3.572200  9.676500            0           0           0  
      1.546793  0.893049 14.989266     0.000238   -0.000091   -0.030716  
     -0.000372  3.571973 14.991356     0.043285    0.025204    0.012020  
      4.640394  0.893472 14.991356    -0.000236   -0.050058    0.012072  
      3.093960  3.571974 14.991357    -0.043276    0.024939    0.012256  
      0.001405  0.000819 17.384390    -0.018920   -0.011035   -0.004529  
      4.640394  2.679140 17.382327    -0.000109    0.000038    0.024845  
      3.092182  0.000818 17.384391     0.018917   -0.010895   -0.004703  
      1.546794  2.677510 17.384390     0.000119    0.021890   -0.004560  
     -0.018874  1.796988 19.751582    -0.001801    0.001037   -0.002584  
     -1.546807  4.443445 19.751583    -0.000018   -0.002088   -0.002651  
      3.112460  1.796988 19.751583     0.001802    0.001060   -0.002664  
      1.546793  4.465231 19.773468     0.000010   -0.000005   -0.009224  
      1.546769  0.893063  5.959750            0           0           0  
     -0.000031  3.572200  5.959750            0           0           0  
      4.640369  0.893063  5.959750            0           0           0  
      3.093569  3.572200  5.959750            0           0           0  
      0.000031  1.786073  8.578000            0           0           0  
     -1.546769  4.465209  8.578000            0           0           0  
      3.093631  1.786073  8.578000            0           0           0  
      1.546831  4.465209  8.578000            0           0           0  
      0.002298  1.784764 16.081090    -0.000364    0.000210   -0.019815  
     -1.546808  4.467892 16.081089     0.000005   -0.000430   -0.019535  
      3.091288  1.784765 16.081089     0.000374    0.000214   -0.019444  
      1.546794  4.465231 16.081231     0.000006    0.000001    0.055556  
      1.546794  0.893049 18.706994    -0.000036    0.000007    0.000996  
      0.014457  3.580534 18.703211    -0.004577   -0.002670   -0.008345  
      4.640395  0.876349 18.703211     0.000031    0.005289   -0.008358  
      3.079131  3.580535 18.703212     0.004559   -0.002625   -0.008400  
      0.000000  0.000000  3.611250            0           0           0  
     -1.546800  2.679136  3.611250            0           0           0  
      3.093600  0.000000  3.611250            0           0           0  
      1.546800  2.679136  3.611250            0           0           0  
      0.000000  0.000000 10.926500            0           0           0  
     -1.546800  2.679136 10.926500            0           0           0  
      3.093600  0.000000 10.926500            0           0           0  
      1.546800  2.679136 10.926500            0           0           0  
      3.092750  5.357790 13.730047     0.017636    0.010296    0.037590  
      4.640393  2.679140 13.729433     0.000079   -0.000041   -0.126105  
      0.000837  5.357789 13.730047    -0.017643    0.010150    0.038484  
      1.546793  2.680114 13.730047    -0.000108   -0.020381    0.037785  
      0.121762  0.070308 21.266948     0.000178    0.000110    0.007565  
      4.640395  2.679139 21.115818     0.000024   -0.000007    0.002537  
      2.971820  0.070310 21.266950    -0.000215    0.000124    0.007643  
      1.546793  2.538533 21.266948    -0.000008   -0.000214    0.007583  
      1.546790  0.893049 22.142898     0.000143   -0.000057    0.015193  
 
  33 f  =   10.614651 THz    66.693817 2PiTHz  354.066634 cm-1    43.898648 meV
             X         Y         Z           dx          dy          dz
      0.000031  1.786073  4.861250            0           0           0  
     -1.546769  4.465209  4.861250            0           0           0  
      3.093631  1.786073  4.861250            0           0           0  
      1.546831  4.465209  4.861250            0           0           0  
      0.000000  0.000000  7.269000            0           0           0  
     -1.546800  2.679136  7.269000            0           0           0  
      3.093600  0.000000  7.269000            0           0           0  
      1.546800  2.679136  7.269000            0           0           0  
      1.546769  0.893063  9.676500            0           0           0  
     -0.000031  3.572200  9.676500            0           0           0  
      4.640369  0.893063  9.676500            0           0           0  
      3.093569  3.572200  9.676500            0           0           0  
      1.546793  0.893049 14.989266    -0.000002   -0.000005    0.011742  
     -0.000372  3.571973 14.991356     0.011108    0.006411   -0.001621  
      4.640394  0.893472 14.991356     0.000003   -0.012826   -0.001614  
      3.093960  3.571974 14.991357    -0.011102    0.006412   -0.001616  
      0.001405  0.000819 17.384390     0.047124    0.027188   -0.013233  
      4.640394  2.679140 17.382327    -0.000020    0.000006   -0.022052  
      3.092182  0.000818 17.384391    -0.047125    0.027213   -0.013232  
      1.546794  2.677510 17.384390     0.000019   -0.054405   -0.013224  
     -0.018874  1.796988 19.751582     0.029270   -0.016896   -0.002552  
     -1.546807  4.443445 19.751583    -0.000006    0.033798   -0.002576  
      3.112460  1.796988 19.751583    -0.029268   -0.016890   -0.002579  
      1.546793  4.465231 19.773468     0.000003   -0.000003    0.034777  
      1.546769  0.893063  5.959750            0           0           0  
     -0.000031  3.572200  5.959750            0           0           0  
      4.640369  0.893063  5.959750            0           0           0  
      3.093569  3.572200  5.959750            0           0           0  
      0.000031  1.786073  8.578000            0           0           0  
     -1.546769  4.465209  8.578000            0           0           0  
      3.093631  1.786073  8.578000            0           0           0  
      1.546831  4.465209  8.578000            0           0           0  
      0.002298  1.784764 16.081090    -0.009638    0.005566   -0.003907  
     -1.546808  4.467892 16.081089     0.000004   -0.011129   -0.003918  
      3.091288  1.784765 16.081089     0.009639    0.005562   -0.003919  
      1.546794  4.465231 16.081231    -0.000002   -0.000002    0.017892  
      1.546794  0.893049 18.706994    -0.000004    0.000001   -0.033187  
      0.014457  3.580534 18.703211     0.001340    0.000773    0.021414  
      4.640395  0.876349 18.703211     0.000005   -0.001548    0.021414  
      3.079131  3.580535 18.703212    -0.001342    0.000777    0.021403  
      0.000000  0.000000  3.611250            0           0           0  
     -1.546800  2.679136  3.611250            0           0           0  
      3.093600  0.000000  3.611250            0           0           0  
      1.546800  2.679136  3.611250            0           0           0  
      0.000000  0.000000 10.926500            0           0           0  
     -1.546800  2.679136 10.926500            0           0           0  
      3.093600  0.000000 10.926500            0           0           0  
      1.546800  2.679136 10.926500            0           0           0  
      3.092750  5.357790 13.730047     0.005933    0.003452    0.025099  
      4.640393  2.679140 13.729433    -0.000006   -0.000003   -0.032858  
      0.000837  5.357789 13.730047    -0.005935    0.003431    0.025063  
      1.546793  2.680114 13.730047    -0.000008   -0.006856    0.025118  
      0.121762  0.070308 21.266948    -0.014403   -0.008299   -0.023817  
      4.640395  2.679139 21.115818     0.000004   -0.000029    0.081431  
      2.971820  0.070310 21.266950     0.014399   -0.008312   -0.023755  
      1.546793  2.538533 21.266948     0.000004    0.016605   -0.023835  
      1.546790  0.893049 22.142898     0.000006   -0.000035   -0.013281  
 
  34 f  =   10.400395 THz    65.347611 2PiTHz  346.919844 cm-1    43.012559 meV
             X         Y         Z           dx          dy          dz
      0.000031  1.786073  4.861250            0           0           0  
     -1.546769  4.465209  4.861250            0           0           0  
      3.093631  1.786073  4.861250            0           0           0  
      1.546831  4.465209  4.861250            0           0           0  
      0.000000  0.000000  7.269000            0           0           0  
     -1.546800  2.679136  7.269000            0           0           0  
      3.093600  0.000000  7.269000            0           0           0  
      1.546800  2.679136  7.269000            0           0           0  
      1.546769  0.893063  9.676500            0           0           0  
     -0.000031  3.572200  9.676500            0           0           0  
      4.640369  0.893063  9.676500            0           0           0  
      3.093569  3.572200  9.676500            0           0           0  
      1.546793  0.893049 14.989266    -0.002101   -0.014565    0.000002  
     -0.000372  3.571973 14.991356    -0.008526    0.007549   -0.011378  
      4.640394  0.893472 14.991356     0.001959   -0.005794    0.018207  
      3.093960  3.571974 14.991357     0.008262    0.009971   -0.006832  
      0.001405  0.000819 17.384390    -0.041721    0.041409   -0.015266  
      4.640394  2.679140 17.382327    -0.010249   -0.071114    0.000017  
      3.092182  0.000818 17.384391     0.041527    0.053414   -0.009172  
      1.546794  2.677510 17.384390     0.010298   -0.024730    0.024430  
     -0.018874  1.796988 19.751582     0.000072    0.001560   -0.015056  
     -1.546807  4.443445 19.751583     0.000212    0.001888    0.040117  
      3.112460  1.796988 19.751583     0.000443    0.001615   -0.025073  
      1.546793  4.465231 19.773468    -0.000404   -0.002807    0.000008  
      1.546769  0.893063  5.959750            0           0           0  
     -0.000031  3.572200  5.959750            0           0           0  
      4.640369  0.893063  5.959750            0           0           0  
      3.093569  3.572200  5.959750            0           0           0  
      0.000031  1.786073  8.578000            0           0           0  
     -1.546769  4.465209  8.578000            0           0           0  
      3.093631  1.786073  8.578000            0           0           0  
      1.546831  4.465209  8.578000            0           0           0  
      0.002298  1.784764 16.081090     0.008889    0.010413   -0.007456  
     -1.546808  4.467892 16.081089     0.002072   -0.006655    0.019871  
      3.091288  1.784765 16.081089    -0.009292    0.007793   -0.012417  
      1.546794  4.465231 16.081231    -0.002414   -0.016761    0.000002  
      1.546794  0.893049 18.706994    -0.002016   -0.013988    0.000003  
      0.014457  3.580534 18.703211    -0.009441    0.012659    0.001835  
      4.640395  0.876349 18.703211     0.002846   -0.002971   -0.002940  
      3.079131  3.580535 18.703212     0.010220    0.015494    0.001098  
      0.000000  0.000000  3.611250            0           0           0  
     -1.546800  2.679136  3.611250            0           0           0  
      3.093600  0.000000  3.611250            0           0           0  
      1.546800  2.679136  3.611250            0           0           0  
      0.000000  0.000000 10.926500            0           0           0  
     -1.546800  2.679136 10.926500            0           0           0  
      3.093600  0.000000 10.926500            0           0           0  
      1.546800  2.679136 10.926500            0           0           0  
      3.092750  5.357790 13.730047    -0.001901    0.004289    0.031033  
      4.640393  2.679140 13.729433    -0.000323   -0.002173   -0.000002  
      0.000837  5.357789 13.730047     0.002499    0.004939    0.018627  
      1.546793  2.680114 13.730047     0.000842    0.000781   -0.049661  
      0.121762  0.070308 21.266948    -0.006024   -0.002328   -0.015384  
      4.640395  2.679139 21.115818     0.000085    0.000558   -0.000010  
      2.971820  0.070310 21.266950     0.003904   -0.000891   -0.009238  
      1.546793  2.538533 21.266948     0.000178   -0.010223    0.024634  
      1.546790  0.893049 22.142898     0.002449    0.017031   -0.000000  
 
  35 f  =   10.400299 THz    65.347004 2PiTHz  346.916623 cm-1    43.012160 meV
             X         Y         Z           dx          dy          dz
      0.000031  1.786073  4.861250            0           0           0  
     -1.546769  4.465209  4.861250            0           0           0  
      3.093631  1.786073  4.861250            0           0           0  
      1.546831  4.465209  4.861250            0           0           0  
      0.000000  0.000000  7.269000            0           0           0  
     -1.546800  2.679136  7.269000            0           0           0  
      3.093600  0.000000  7.269000            0           0           0  
      1.546800  2.679136  7.269000            0           0           0  
      1.546769  0.893063  9.676500            0           0           0  
     -0.000031  3.572200  9.676500            0           0           0  
      4.640369  0.893063  9.676500            0           0           0  
      3.093569  3.572200  9.676500            0           0           0  
      1.546793  0.893049 14.989266     0.014573   -0.002100    0.000013  
     -0.000372  3.571973 14.991356    -0.000266    0.009659    0.014454  
      4.640394  0.893472 14.991356    -0.013598   -0.000843    0.002619  
      3.093960  3.571974 14.991357     0.002142   -0.007131   -0.017088  
      0.001405  0.000819 17.384390    -0.005282    0.048496    0.019396  
      4.640394  2.679140 17.382327     0.071110   -0.010253    0.000028  
      3.092182  0.000818 17.384391     0.006647   -0.034787   -0.022929  
      1.546794  2.677510 17.384390    -0.071452   -0.003603    0.003517  
     -0.018874  1.796988 19.751582    -0.001828    0.000414   -0.037641  
     -1.546807  4.443445 19.751583    -0.001488    0.000263    0.005776  
      3.112460  1.796988 19.751583    -0.001759    0.000054    0.031840  
      1.546793  4.465231 19.773468     0.002806   -0.000406    0.000019  
      1.546769  0.893063  5.959750            0           0           0  
     -0.000031  3.572200  5.959750            0           0           0  
      4.640369  0.893063  5.959750            0           0           0  
      3.093569  3.572200  5.959750            0           0           0  
      0.000031  1.786073  8.578000            0           0           0  
     -1.546769  4.465209  8.578000            0           0           0  
      3.093631  1.786073  8.578000            0           0           0  
      1.546831  4.465209  8.578000            0           0           0  
      0.002298  1.784764 16.081090     0.002706   -0.007779   -0.018643  
     -1.546808  4.467892 16.081089    -0.014351   -0.000968    0.002863  
      3.091288  1.784765 16.081089     0.000102    0.010413    0.015774  
      1.546794  4.465231 16.081231     0.016762   -0.002415    0.000007  
      1.546794  0.893049 18.706994     0.013985   -0.002017    0.000003  
      0.014457  3.580534 18.703211    -0.004120    0.011873   -0.002329  
      4.640395  0.876349 18.703211    -0.019759   -0.000443   -0.000423  
      3.079131  3.580535 18.703212    -0.001309   -0.007801    0.002747  
      0.000000  0.000000  3.611250            0           0           0  
     -1.546800  2.679136  3.611250            0           0           0  
      3.093600  0.000000  3.611250            0           0           0  
      1.546800  2.679136  3.611250            0           0           0  
      0.000000  0.000000 10.926500            0           0           0  
     -1.546800  2.679136 10.926500            0           0           0  
      3.093600  0.000000 10.926500            0           0           0  
      1.546800  2.679136 10.926500            0           0           0  
      3.092750  5.357790 13.730047    -0.002387    0.002862   -0.039425  
      4.640393  2.679140 13.729433     0.002168   -0.000295   -0.000023  
      0.000837  5.357789 13.730047    -0.001760   -0.001519    0.046589  
      1.546793  2.680114 13.730047    -0.005871    0.000099   -0.007151  
      0.121762  0.070308 21.266948     0.006640    0.004748    0.019536  
      4.640395  2.679139 21.115818    -0.000549    0.000081   -0.000013  
      2.971820  0.070310 21.266950     0.008057   -0.005201   -0.023074  
      1.546793  2.538533 21.266948    -0.001264   -0.001484    0.003540  
      1.546790  0.893049 22.142898    -0.017006    0.002443   -0.000005  
 
  36 f  =   10.220914 THz    64.219895 2PiTHz  340.932983 cm-1    42.270284 meV
             X         Y         Z           dx          dy          dz
      0.000031  1.786073  4.861250            0           0           0  
     -1.546769  4.465209  4.861250            0           0           0  
      3.093631  1.786073  4.861250            0           0           0  
      1.546831  4.465209  4.861250            0           0           0  
      0.000000  0.000000  7.269000            0           0           0  
     -1.546800  2.679136  7.269000            0           0           0  
      3.093600  0.000000  7.269000            0           0           0  
      1.546800  2.679136  7.269000            0           0           0  
      1.546769  0.893063  9.676500            0           0           0  
     -0.000031  3.572200  9.676500            0           0           0  
      4.640369  0.893063  9.676500            0           0           0  
      3.093569  3.572200  9.676500            0           0           0  
      1.546793  0.893049 14.989266     0.000010   -0.000006   -0.025787  
     -0.000372  3.571973 14.991356    -0.007771   -0.004475    0.010309  
      4.640394  0.893472 14.991356    -0.000010    0.008964    0.010313  
      3.093960  3.571974 14.991357     0.007770   -0.004485    0.010281  
      0.001405  0.000819 17.384390    -0.036005   -0.020738    0.014247  
      4.640394  2.679140 17.382327     0.000036   -0.000026   -0.069653  
      3.092182  0.000818 17.384391     0.036007   -0.020781    0.014198  
      1.546794  2.677510 17.384390    -0.000038    0.041552    0.014255  
     -0.018874  1.796988 19.751582     0.032174   -0.018572    0.009092  
     -1.546807  4.443445 19.751583    -0.000009    0.037143    0.009115  
      3.112460  1.796988 19.751583    -0.032174   -0.018561    0.009116  
      1.546793  4.465231 19.773468     0.000009   -0.000008   -0.020766  
      1.546769  0.893063  5.959750            0           0           0  
     -0.000031  3.572200  5.959750            0           0           0  
      4.640369  0.893063  5.959750            0           0           0  
      3.093569  3.572200  5.959750            0           0           0  
      0.000031  1.786073  8.578000            0           0           0  
     -1.546769  4.465209  8.578000            0           0           0  
      3.093631  1.786073  8.578000            0           0           0  
      1.546831  4.465209  8.578000            0           0           0  
      0.002298  1.784764 16.081090     0.010107   -0.005832    0.002992  
     -1.546808  4.467892 16.081089    -0.000010    0.011666    0.003005  
      3.091288  1.784765 16.081089    -0.010107   -0.005823    0.003007  
      1.546794  4.465231 16.081231     0.000009   -0.000006   -0.007977  
      1.546794  0.893049 18.706994     0.000011   -0.000009   -0.034272  
      0.014457  3.580534 18.703211    -0.023850   -0.013752    0.012810  
      4.640395  0.876349 18.703211    -0.000012    0.027527    0.012814  
      3.079131  3.580535 18.703212     0.023848   -0.013768    0.012796  
      0.000000  0.000000  3.611250            0           0           0  
     -1.546800  2.679136  3.611250            0           0           0  
      3.093600  0.000000  3.611250            0           0           0  
      1.546800  2.679136  3.611250            0           0           0  
      0.000000  0.000000 10.926500            0           0           0  
     -1.546800  2.679136 10.926500            0           0           0  
      3.093600  0.000000 10.926500            0           0           0  
      1.546800  2.679136 10.926500            0           0           0  
      3.092750  5.357790 13.730047     0.004975    0.002877    0.002303  
      4.640393  2.679140 13.729433    -0.000002    0.000003    0.010348  
      0.000837  5.357789 13.730047    -0.004975    0.002884    0.002320  
      1.546793  2.680114 13.730047     0.000000   -0.005753    0.002315  
      0.121762  0.070308 21.266948    -0.020742   -0.011960   -0.016958  
      4.640395  2.679139 21.115818     0.000003   -0.000027    0.070519  
      2.971820  0.070310 21.266950     0.020742   -0.011978   -0.016918  
      1.546793  2.538533 21.266948     0.000001    0.023927   -0.016984  
      1.546790  0.893049 22.142898     0.000002   -0.000032   -0.003454  
 
  37 f  =    9.746653 THz    61.240029 2PiTHz  325.113361 cm-1    40.308901 meV
             X         Y         Z           dx          dy          dz
      0.000031  1.786073  4.861250            0           0           0  
     -1.546769  4.465209  4.861250            0           0           0  
      3.093631  1.786073  4.861250            0           0           0  
      1.546831  4.465209  4.861250            0           0           0  
      0.000000  0.000000  7.269000            0           0           0  
     -1.546800  2.679136  7.269000            0           0           0  
      3.093600  0.000000  7.269000            0           0           0  
      1.546800  2.679136  7.269000            0           0           0  
      1.546769  0.893063  9.676500            0           0           0  
     -0.000031  3.572200  9.676500            0           0           0  
      4.640369  0.893063  9.676500            0           0           0  
      3.093569  3.572200  9.676500            0           0           0  
      1.546793  0.893049 14.989266    -0.015777   -0.008948   -0.000035  
     -0.000372  3.571973 14.991356    -0.004310   -0.002670   -0.029882  
      4.640394  0.893472 14.991356     0.016419   -0.002474    0.014721  
      3.093960  3.571974 14.991357     0.005922    0.015354    0.015118  
      0.001405  0.000819 17.384390     0.002352    0.001447   -0.089780  
      4.640394  2.679140 17.382327     0.007602    0.004305    0.000002  
      3.092182  0.000818 17.384391    -0.002501   -0.007042    0.045657  
      1.546794  2.677510 17.384390    -0.007421    0.001309    0.044452  
     -0.018874  1.796988 19.751582     0.005193    0.020625   -0.005097  
     -1.546807  4.443445 19.751583     0.020631   -0.005662   -0.004960  
      3.112460  1.796988 19.751583    -0.009904   -0.005925    0.010065  
      1.546793  4.465231 19.773468    -0.016421   -0.009314   -0.000022  
      1.546769  0.893063  5.959750            0           0           0  
     -0.000031  3.572200  5.959750            0           0           0  
      4.640369  0.893063  5.959750            0           0           0  
      3.093569  3.572200  5.959750            0           0           0  
      0.000031  1.786073  8.578000            0           0           0  
     -1.546769  4.465209  8.578000            0           0           0  
      3.093631  1.786073  8.578000            0           0           0  
      1.546831  4.465209  8.578000            0           0           0  
      0.002298  1.784764 16.081090     0.004069    0.009294    0.000262  
     -1.546808  4.467892 16.081089     0.010172   -0.001096    0.000256  
      3.091288  1.784765 16.081089    -0.001888   -0.001197   -0.000543  
      1.546794  4.465231 16.081231    -0.008968   -0.005085   -0.000012  
      1.546794  0.893049 18.706994    -0.011135   -0.006318   -0.000014  
      0.014457  3.580534 18.703211    -0.002847   -0.001738   -0.025437  
      4.640395  0.876349 18.703211     0.009505   -0.001631    0.012569  
      3.079131  3.580535 18.703212     0.003263    0.009000    0.012898  
      0.000000  0.000000  3.611250            0           0           0  
     -1.546800  2.679136  3.611250            0           0           0  
      3.093600  0.000000  3.611250            0           0           0  
      1.546800  2.679136  3.611250            0           0           0  
      0.000000  0.000000 10.926500            0           0           0  
     -1.546800  2.679136 10.926500            0           0           0  
      3.093600  0.000000 10.926500            0           0           0  
      1.546800  2.679136 10.926500            0           0           0  
      3.092750  5.357790 13.730047     0.002865    0.001809   -0.073799  
      4.640393  2.679140 13.729433     0.013460    0.007649   -0.000149  
      0.000837  5.357789 13.730047    -0.006329   -0.014309    0.037338  
      1.546793  2.680114 13.730047    -0.015688    0.001656    0.036321  
      0.121762  0.070308 21.266948     0.005258    0.003033    0.035407  
      4.640395  2.679139 21.115818    -0.004778   -0.002713   -0.000104  
      2.971820  0.070310 21.266950     0.003264   -0.000450   -0.018008  
      1.546793  2.538533 21.266948     0.001239    0.002951   -0.017601  
      1.546790  0.893049 22.142898    -0.016627   -0.009463   -0.000073  
 
  38 f  =    9.746528 THz    61.239238 2PiTHz  325.109163 cm-1    40.308381 meV
             X         Y         Z           dx          dy          dz
      0.000031  1.786073  4.861250            0           0           0  
     -1.546769  4.465209  4.861250            0           0           0  
      3.093631  1.786073  4.861250            0           0           0  
      1.546831  4.465209  4.861250            0           0           0  
      0.000000  0.000000  7.269000            0           0           0  
     -1.546800  2.679136  7.269000            0           0           0  
      3.093600  0.000000  7.269000            0           0           0  
      1.546800  2.679136  7.269000            0           0           0  
      1.546769  0.893063  9.676500            0           0           0  
     -0.000031  3.572200  9.676500            0           0           0  
      4.640369  0.893063  9.676500            0           0           0  
      3.093569  3.572200  9.676500            0           0           0  
      1.546793  0.893049 14.989266    -0.008949    0.015771   -0.000016  
     -0.000372  3.571973 14.991356     0.009464   -0.016311    0.000231  
      4.640394  0.893472 14.991356     0.009309    0.004378   -0.025985  
      3.093960  3.571974 14.991357    -0.008543   -0.006086    0.025753  
      0.001405  0.000819 17.384390    -0.004269    0.007378    0.000724  
      4.640394  2.679140 17.382327     0.004316   -0.007606   -0.000012  
      3.092182  0.000818 17.384391     0.004190    0.002563    0.077533  
      1.546794  2.677510 17.384390    -0.004215   -0.002369   -0.078167  
     -0.018874  1.796988 19.751582    -0.014595   -0.005463   -0.008677  
     -1.546807  4.443445 19.751583     0.011695    0.010047    0.008761  
      3.112460  1.796988 19.751583     0.011923   -0.020514   -0.000082  
      1.546793  4.465231 19.773468    -0.009312    0.016421   -0.000011  
      1.546769  0.893063  5.959750            0           0           0  
     -0.000031  3.572200  5.959750            0           0           0  
      4.640369  0.893063  5.959750            0           0           0  
      3.093569  3.572200  5.959750            0           0           0  
      0.000031  1.786073  8.578000            0           0           0  
     -1.546769  4.465209  8.578000            0           0           0  
      3.093631  1.786073  8.578000            0           0           0  
      1.546831  4.465209  8.578000            0           0           0  
      0.002298  1.784764 16.081090    -0.004627   -0.004170    0.000455  
     -1.546808  4.467892 16.081089     0.005772    0.001939   -0.000461  
      3.091288  1.784765 16.081089     0.005862   -0.010120    0.000002  
      1.546794  4.465231 16.081231    -0.005084    0.008968   -0.000002  
      1.546794  0.893049 18.706994    -0.006315    0.011139   -0.000025  
      0.014457  3.580534 18.703211     0.005475   -0.009460    0.000215  
      4.640395  0.876349 18.703211     0.005389    0.002900   -0.022135  
      3.079131  3.580535 18.703212    -0.005244   -0.003370    0.021946  
      0.000000  0.000000  3.611250            0           0           0  
     -1.546800  2.679136  3.611250            0           0           0  
      3.093600  0.000000  3.611250            0           0           0  
      1.546800  2.679136  3.611250            0           0           0  
      0.000000  0.000000 10.926500            0           0           0  
     -1.546800  2.679136 10.926500            0           0           0  
      3.093600  0.000000 10.926500            0           0           0  
      1.546800  2.679136 10.926500            0           0           0  
      3.092750  5.357790 13.730047    -0.009031    0.015623    0.000540  
      4.640393  2.679140 13.729433     0.007618   -0.013441   -0.000025  
      0.000837  5.357789 13.730047     0.007078    0.006501    0.063567  
      1.546793  2.680114 13.730047    -0.008904   -0.002984   -0.064147  
      0.121762  0.070308 21.266948     0.000675   -0.001272   -0.000334  
      4.640395  2.679139 21.115818    -0.002696    0.004780    0.000016  
      2.971820  0.070310 21.266950     0.004150   -0.003237   -0.030607  
      1.546793  2.538533 21.266948     0.000696   -0.005258    0.030855  
      1.546790  0.893049 22.142898    -0.009435    0.016656   -0.000024  
 
  39 f  =    9.693006 THz    60.902952 2PiTHz  323.323872 cm-1    40.087033 meV
             X         Y         Z           dx          dy          dz
      0.000031  1.786073  4.861250            0           0           0  
     -1.546769  4.465209  4.861250            0           0           0  
      3.093631  1.786073  4.861250            0           0           0  
      1.546831  4.465209  4.861250            0           0           0  
      0.000000  0.000000  7.269000            0           0           0  
     -1.546800  2.679136  7.269000            0           0           0  
      3.093600  0.000000  7.269000            0           0           0  
      1.546800  2.679136  7.269000            0           0           0  
      1.546769  0.893063  9.676500            0           0           0  
     -0.000031  3.572200  9.676500            0           0           0  
      4.640369  0.893063  9.676500            0           0           0  
      3.093569  3.572200  9.676500            0           0           0  
      1.546793  0.893049 14.989266     0.000032    0.000011   -0.018167  
     -0.000372  3.571973 14.991356    -0.004268   -0.002455   -0.009493  
      4.640394  0.893472 14.991356    -0.000034    0.004948   -0.009554  
      3.093960  3.571974 14.991357     0.004271   -0.002493   -0.009585  
      0.001405  0.000819 17.384390     0.016565    0.009547    0.060766  
      4.640394  2.679140 17.382327    -0.000025    0.000001    0.007423  
      3.092182  0.000818 17.384391    -0.016563    0.009579    0.060485  
      1.546794  2.677510 17.384390     0.000026   -0.019125    0.060560  
     -0.018874  1.796988 19.751582     0.009926   -0.005761    0.002838  
     -1.546807  4.443445 19.751583    -0.000036    0.011468    0.002834  
      3.112460  1.796988 19.751583    -0.009920   -0.005717    0.002808  
      1.546793  4.465231 19.773468     0.000027    0.000010   -0.011551  
      1.546769  0.893063  5.959750            0           0           0  
     -0.000031  3.572200  5.959750            0           0           0  
      4.640369  0.893063  5.959750            0           0           0  
      3.093569  3.572200  5.959750            0           0           0  
      0.000031  1.786073  8.578000            0           0           0  
     -1.546769  4.465209  8.578000            0           0           0  
      3.093631  1.786073  8.578000            0           0           0  
      1.546831  4.465209  8.578000            0           0           0  
      0.002298  1.784764 16.081090     0.001568   -0.000925   -0.005652  
     -1.546808  4.467892 16.081089    -0.000020    0.001816   -0.005656  
      3.091288  1.784765 16.081089    -0.001572   -0.000901   -0.005656  
      1.546794  4.465231 16.081231     0.000021    0.000006   -0.003863  
      1.546794  0.893049 18.706994     0.000018    0.000009   -0.004332  
      0.014457  3.580534 18.703211    -0.005038   -0.002906    0.006159  
      4.640395  0.876349 18.703211    -0.000016    0.005828    0.006111  
      3.079131  3.580535 18.703212     0.005037   -0.002923    0.006093  
      0.000000  0.000000  3.611250            0           0           0  
     -1.546800  2.679136  3.611250            0           0           0  
      3.093600  0.000000  3.611250            0           0           0  
      1.546800  2.679136  3.611250            0           0           0  
      0.000000  0.000000 10.926500            0           0           0  
     -1.546800  2.679136 10.926500            0           0           0  
      3.093600  0.000000 10.926500            0           0           0  
      1.546800  2.679136 10.926500            0           0           0  
      3.092750  5.357790 13.730047     0.005887    0.003368   -0.028378  
      4.640393  2.679140 13.729433    -0.000022   -0.000020   -0.080250  
      0.000837  5.357789 13.730047    -0.005871    0.003380   -0.028626  
      1.546793  2.680114 13.730047     0.000023   -0.006776   -0.028574  
      0.121762  0.070308 21.266948     0.009715    0.005581   -0.036973  
      4.640395  2.679139 21.115818    -0.000007    0.000026   -0.067812  
      2.971820  0.070310 21.266950    -0.009723    0.005600   -0.036912  
      1.546793  2.538533 21.266948     0.000013   -0.011207   -0.036914  
      1.546790  0.893049 22.142898     0.000011    0.000003   -0.041963  
 
  40 f  =    9.350245 THz    58.749320 2PiTHz  311.890592 cm-1    38.669488 meV
             X         Y         Z           dx          dy          dz
      0.000031  1.786073  4.861250            0           0           0  
     -1.546769  4.465209  4.861250            0           0           0  
      3.093631  1.786073  4.861250            0           0           0  
      1.546831  4.465209  4.861250            0           0           0  
      0.000000  0.000000  7.269000            0           0           0  
     -1.546800  2.679136  7.269000            0           0           0  
      3.093600  0.000000  7.269000            0           0           0  
      1.546800  2.679136  7.269000            0           0           0  
      1.546769  0.893063  9.676500            0           0           0  
     -0.000031  3.572200  9.676500            0           0           0  
      4.640369  0.893063  9.676500            0           0           0  
      3.093569  3.572200  9.676500            0           0           0  
      1.546793  0.893049 14.989266    -0.000001    0.000024    0.027535  
     -0.000372  3.571973 14.991356     0.030941    0.017852   -0.015715  
      4.640394  0.893472 14.991356     0.000004   -0.035727   -0.015710  
      3.093960  3.571974 14.991357    -0.030960    0.017853   -0.015726  
      0.001405  0.000819 17.384390    -0.011798   -0.006797   -0.000852  
      4.640394  2.679140 17.382327     0.000005   -0.000002    0.070513  
      3.092182  0.000818 17.384391     0.011796   -0.006809   -0.000839  
      1.546794  2.677510 17.384390    -0.000003    0.013618   -0.000831  
     -0.018874  1.796988 19.751582     0.023283   -0.013423    0.006498  
     -1.546807  4.443445 19.751583    -0.000002    0.026858    0.006486  
      3.112460  1.796988 19.751583    -0.023282   -0.013418    0.006495  
      1.546793  4.465231 19.773468     0.000002   -0.000018   -0.011274  
      1.546769  0.893063  5.959750            0           0           0  
     -0.000031  3.572200  5.959750            0           0           0  
      4.640369  0.893063  5.959750            0           0           0  
      3.093569  3.572200  5.959750            0           0           0  
      0.000031  1.786073  8.578000            0           0           0  
     -1.546769  4.465209  8.578000            0           0           0  
      3.093631  1.786073  8.578000            0           0           0  
      1.546831  4.465209  8.578000            0           0           0  
      0.002298  1.784764 16.081090    -0.011032    0.006371   -0.007591  
     -1.546808  4.467892 16.081089    -0.000005   -0.012730   -0.007602  
      3.091288  1.784765 16.081089     0.011033    0.006368   -0.007586  
      1.546794  4.465231 16.081231    -0.000005    0.000002    0.011980  
      1.546794  0.893049 18.706994     0.000002   -0.000010   -0.021122  
      0.014457  3.580534 18.703211    -0.006383   -0.003681    0.010090  
      4.640395  0.876349 18.703211     0.000000    0.007363    0.010119  
      3.079131  3.580535 18.703212     0.006386   -0.003682    0.010084  
      0.000000  0.000000  3.611250            0           0           0  
     -1.546800  2.679136  3.611250            0           0           0  
      3.093600  0.000000  3.611250            0           0           0  
      1.546800  2.679136  3.611250            0           0           0  
      0.000000  0.000000 10.926500            0           0           0  
     -1.546800  2.679136 10.926500            0           0           0  
      3.093600  0.000000 10.926500            0           0           0  
      1.546800  2.679136 10.926500            0           0           0  
      3.092750  5.357790 13.730047    -0.007115   -0.004164   -0.047999  
      4.640393  2.679140 13.729433    -0.000008    0.000039    0.080743  
      0.000837  5.357789 13.730047     0.007123   -0.004115   -0.047969  
      1.546793  2.680114 13.730047     0.000043    0.008226   -0.048017  
      0.121762  0.070308 21.266948    -0.018669   -0.010783   -0.027806  
      4.640395  2.679139 21.115818    -0.000001   -0.000015    0.013773  
      2.971820  0.070310 21.266950     0.018662   -0.010789   -0.027788  
      1.546793  2.538533 21.266948     0.000006    0.021555   -0.027875  
      1.546790  0.893049 22.142898    -0.000004   -0.000038   -0.041516  
 
  41 f  =    8.784954 THz    55.197494 2PiTHz  293.034525 cm-1    36.331634 meV
             X         Y         Z           dx          dy          dz
      0.000031  1.786073  4.861250            0           0           0  
     -1.546769  4.465209  4.861250            0           0           0  
      3.093631  1.786073  4.861250            0           0           0  
      1.546831  4.465209  4.861250            0           0           0  
      0.000000  0.000000  7.269000            0           0           0  
     -1.546800  2.679136  7.269000            0           0           0  
      3.093600  0.000000  7.269000            0           0           0  
      1.546800  2.679136  7.269000            0           0           0  
      1.546769  0.893063  9.676500            0           0           0  
     -0.000031  3.572200  9.676500            0           0           0  
      4.640369  0.893063  9.676500            0           0           0  
      3.093569  3.572200  9.676500            0           0           0  
      1.546793  0.893049 14.989266     0.016446    0.054017   -0.000171  
     -0.000372  3.571973 14.991356     0.029743   -0.022172    0.037186  
      4.640394  0.893472 14.991356    -0.014529    0.019218   -0.048600  
      3.093960  3.571974 14.991357    -0.028226   -0.039821    0.011594  
      0.001405  0.000819 17.384390    -0.003494    0.001368   -0.024283  
      4.640394  2.679140 17.382327    -0.002204   -0.007264    0.000008  
      3.092182  0.000818 17.384391     0.002682    0.003258   -0.007523  
      1.546794  2.677510 17.384390     0.001253   -0.003143    0.031774  
     -0.018874  1.796988 19.751582     0.021339    0.029064   -0.000715  
     -1.546807  4.443445 19.751583     0.010715   -0.016767    0.002890  
      3.112460  1.796988 19.751583    -0.023637    0.015367   -0.002216  
      1.546793  4.465231 19.773468    -0.007392   -0.024292    0.000033  
      1.546769  0.893063  5.959750            0           0           0  
     -0.000031  3.572200  5.959750            0           0           0  
      4.640369  0.893063  5.959750            0           0           0  
      3.093569  3.572200  5.959750            0           0           0  
      0.000031  1.786073  8.578000            0           0           0  
     -1.546769  4.465209  8.578000            0           0           0  
      3.093631  1.786073  8.578000            0           0           0  
      1.546831  4.465209  8.578000            0           0           0  
      0.002298  1.784764 16.081090    -0.008029   -0.010834    0.006384  
     -1.546808  4.467892 16.081089    -0.004002    0.006602   -0.027014  
      3.091288  1.784765 16.081089     0.009036   -0.005637    0.020636  
      1.546794  4.465231 16.081231     0.004768    0.015684   -0.000003  
      1.546794  0.893049 18.706994    -0.005367   -0.017630    0.000002  
      0.014457  3.580534 18.703211    -0.008217    0.007493   -0.021671  
      4.640395  0.876349 18.703211     0.004514   -0.004463    0.028371  
      3.079131  3.580535 18.703212     0.008454    0.012575   -0.006707  
      0.000000  0.000000  3.611250            0           0           0  
     -1.546800  2.679136  3.611250            0           0           0  
      3.093600  0.000000  3.611250            0           0           0  
      1.546800  2.679136  3.611250            0           0           0  
      0.000000  0.000000 10.926500            0           0           0  
     -1.546800  2.679136 10.926500            0           0           0  
      3.093600  0.000000 10.926500            0           0           0  
      1.546800  2.679136 10.926500            0           0           0  
      3.092750  5.357790 13.730047    -0.013565    0.005129    0.040322  
      4.640393  2.679140 13.729433    -0.008491   -0.027964    0.000165  
      0.000837  5.357789 13.730047     0.010297    0.012457    0.012423  
      1.546793  2.680114 13.730047     0.004710   -0.012658   -0.052880  
      0.121762  0.070308 21.266948     0.004352    0.000467    0.031938  
      4.640395  2.679139 21.115818    -0.000408   -0.001279   -0.000051  
      2.971820  0.070310 21.266950    -0.002311   -0.001591    0.009917  
      1.546793  2.538533 21.266948    -0.000756    0.005246   -0.041777  
      1.546790  0.893049 22.142898    -0.004342   -0.014332   -0.000001  
 
  42 f  =    8.784504 THz    55.194666 2PiTHz  293.019512 cm-1    36.329773 meV
             X         Y         Z           dx          dy          dz
      0.000031  1.786073  4.861250            0           0           0  
     -1.546769  4.465209  4.861250            0           0           0  
      3.093631  1.786073  4.861250            0           0           0  
      1.546831  4.465209  4.861250            0           0           0  
      0.000000  0.000000  7.269000            0           0           0  
     -1.546800  2.679136  7.269000            0           0           0  
      3.093600  0.000000  7.269000            0           0           0  
      1.546800  2.679136  7.269000            0           0           0  
      1.546769  0.893063  9.676500            0           0           0  
     -0.000031  3.572200  9.676500            0           0           0  
      4.640369  0.893063  9.676500            0           0           0  
      3.093569  3.572200  9.676500            0           0           0  
      1.546793  0.893049 14.989266     0.054066   -0.016430    0.000123  
     -0.000372  3.571973 14.991356    -0.006337    0.038442    0.034667  
      4.640394  0.893472 14.991356    -0.047761   -0.005842    0.014789  
      3.093960  3.571974 14.991357     0.011312   -0.019576   -0.049572  
      0.001405  0.000819 17.384390    -0.000413   -0.003790   -0.022754  
      4.640394  2.679140 17.382327    -0.007210    0.002219   -0.000010  
      3.092182  0.000818 17.384391    -0.002228    0.002376    0.032453  
      1.546794  2.677510 17.384390     0.004051    0.000955   -0.009694  
     -0.018874  1.796988 19.751582    -0.010598    0.015735    0.003007  
     -1.546807  4.443445 19.751583     0.035178    0.005097   -0.000896  
      3.112460  1.796988 19.751583     0.003070   -0.029241   -0.002103  
      1.546793  4.465231 19.773468    -0.024287    0.007385   -0.000017  
      1.546769  0.893063  5.959750            0           0           0  
     -0.000031  3.572200  5.959750            0           0           0  
      4.640369  0.893063  5.959750            0           0           0  
      3.093569  3.572200  5.959750            0           0           0  
      0.000031  1.786073  8.578000            0           0           0  
     -1.546769  4.465209  8.578000            0           0           0  
      3.093631  1.786073  8.578000            0           0           0  
      1.546831  4.465209  8.578000            0           0           0  
      0.002298  1.784764 16.081090     0.004239   -0.006036   -0.027531  
     -1.546808  4.467892 16.081089    -0.013163   -0.002006    0.008219  
      3.091288  1.784765 16.081089    -0.000941    0.011059    0.019312  
      1.546794  4.465231 16.081231     0.015686   -0.004779    0.000004  
      1.546794  0.893049 18.706994    -0.017638    0.005361   -0.000008  
      0.014457  3.580534 18.703211     0.002913   -0.011418   -0.020236  
      4.640395  0.876349 18.703211     0.014856    0.001367   -0.008620  
      3.079131  3.580535 18.703212    -0.002161    0.005305    0.028856  
      0.000000  0.000000  3.611250            0           0           0  
     -1.546800  2.679136  3.611250            0           0           0  
      3.093600  0.000000  3.611250            0           0           0  
      1.546800  2.679136  3.611250            0           0           0  
      0.000000  0.000000 10.926500            0           0           0  
     -1.546800  2.679136 10.926500            0           0           0  
      3.093600  0.000000 10.926500            0           0           0  
      1.546800  2.679136 10.926500            0           0           0  
      3.092750  5.357790 13.730047    -0.001874   -0.014808    0.037826  
      4.640393  2.679140 13.729433    -0.027863    0.008513   -0.000136  
      0.000837  5.357789 13.730047    -0.008910    0.009298   -0.053789  
      1.546793  2.680114 13.730047     0.015519    0.003975    0.016101  
      0.121762  0.070308 21.266948     0.002305    0.003561    0.029683  
      4.640395  2.679139 21.115818    -0.001227    0.000375    0.000079  
      2.971820  0.070310 21.266950     0.004334   -0.003172   -0.042389  
      1.546793  2.538533 21.266948    -0.002539   -0.001634    0.012620  
      1.546790  0.893049 22.142898    -0.014256    0.004323    0.000005  
 
  43 f  =    8.692062 THz    54.613837 2PiTHz  289.935983 cm-1    35.947464 meV
             X         Y         Z           dx          dy          dz
      0.000031  1.786073  4.861250            0           0           0  
     -1.546769  4.465209  4.861250            0           0           0  
      3.093631  1.786073  4.861250            0           0           0  
      1.546831  4.465209  4.861250            0           0           0  
      0.000000  0.000000  7.269000            0           0           0  
     -1.546800  2.679136  7.269000            0           0           0  
      3.093600  0.000000  7.269000            0           0           0  
      1.546800  2.679136  7.269000            0           0           0  
      1.546769  0.893063  9.676500            0           0           0  
     -0.000031  3.572200  9.676500            0           0           0  
      4.640369  0.893063  9.676500            0           0           0  
      3.093569  3.572200  9.676500            0           0           0  
      1.546793  0.893049 14.989266    -0.000047    0.000335    0.063055  
     -0.000372  3.571973 14.991356    -0.001947   -0.001431   -0.021399  
      4.640394  0.893472 14.991356     0.000042    0.002608   -0.020913  
      3.093960  3.571974 14.991357     0.001964   -0.001373   -0.021167  
      0.001405  0.000819 17.384390    -0.010497   -0.006091    0.002820  
      4.640394  2.679140 17.382327     0.000034    0.000137   -0.008394  
      3.092182  0.000818 17.384391     0.010469   -0.006078    0.002732  
      1.546794  2.677510 17.384390    -0.000004    0.011991    0.002850  
     -0.018874  1.796988 19.751582     0.000678   -0.000215    0.003812  
     -1.546807  4.443445 19.751583    -0.000026    0.000531    0.003727  
      3.112460  1.796988 19.751583    -0.000674   -0.000185    0.003886  
      1.546793  4.465231 19.773468     0.000022   -0.000130   -0.011668  
      1.546769  0.893063  5.959750            0           0           0  
     -0.000031  3.572200  5.959750            0           0           0  
      4.640369  0.893063  5.959750            0           0           0  
      3.093569  3.572200  5.959750            0           0           0  
      0.000031  1.786073  8.578000            0           0           0  
     -1.546769  4.465209  8.578000            0           0           0  
      3.093631  1.786073  8.578000            0           0           0  
      1.546831  4.465209  8.578000            0           0           0  
      0.002298  1.784764 16.081090    -0.005485    0.003152    0.000339  
     -1.546808  4.467892 16.081089     0.000028   -0.006244    0.000102  
      3.091288  1.784765 16.081089     0.005489    0.003133    0.000307  
      1.546794  4.465231 16.081231    -0.000028    0.000032   -0.000674  
      1.546794  0.893049 18.706994     0.000016   -0.000094    0.001850  
      0.014457  3.580534 18.703211    -0.005105   -0.002914   -0.001152  
      4.640395  0.876349 18.703211    -0.000025    0.005913   -0.000904  
      3.079131  3.580535 18.703212     0.005113   -0.002949   -0.001176  
      0.000000  0.000000  3.611250            0           0           0  
     -1.546800  2.679136  3.611250            0           0           0  
      3.093600  0.000000  3.611250            0           0           0  
      1.546800  2.679136  3.611250            0           0           0  
      0.000000  0.000000 10.926500            0           0           0  
     -1.546800  2.679136 10.926500            0           0           0  
      3.093600  0.000000 10.926500            0           0           0  
      1.546800  2.679136 10.926500            0           0           0  
      3.092750  5.357790 13.730047    -0.085259   -0.050093    0.025423  
      4.640393  2.679140 13.729433     0.000134    0.000775   -0.074696  
      0.000837  5.357789 13.730047     0.085210   -0.050222    0.025400  
      1.546793  2.680114 13.730047    -0.000120    0.099231    0.023980  
      0.121762  0.070308 21.266948     0.003106    0.001805   -0.004990  
      4.640395  2.679139 21.115818    -0.000022   -0.000022    0.016422  
      2.971820  0.070310 21.266950    -0.003097    0.001819   -0.004979  
      1.546793  2.538533 21.266948     0.000018   -0.003519   -0.005318  
      1.546790  0.893049 22.142898    -0.000008   -0.000127    0.002340  
 
  44 f  =    8.669628 THz    54.472878 2PiTHz  289.187655 cm-1    35.854683 meV
             X         Y         Z           dx          dy          dz
      0.000031  1.786073  4.861250            0           0           0  
     -1.546769  4.465209  4.861250            0           0           0  
      3.093631  1.786073  4.861250            0           0           0  
      1.546831  4.465209  4.861250            0           0           0  
      0.000000  0.000000  7.269000            0           0           0  
     -1.546800  2.679136  7.269000            0           0           0  
      3.093600  0.000000  7.269000            0           0           0  
      1.546800  2.679136  7.269000            0           0           0  
      1.546769  0.893063  9.676500            0           0           0  
     -0.000031  3.572200  9.676500            0           0           0  
      4.640369  0.893063  9.676500            0           0           0  
      3.093569  3.572200  9.676500            0           0           0  
      1.546793  0.893049 14.989266    -0.003513    0.019126   -0.000561  
     -0.000372  3.571973 14.991356     0.008123   -0.009888   -0.016076  
      4.640394  0.893472 14.991356     0.002408    0.006005    0.047822  
      3.093960  3.571974 14.991357    -0.008557   -0.006827   -0.031167  
      0.001405  0.000819 17.384390    -0.002055   -0.004399    0.002077  
      4.640394  2.679140 17.382327    -0.003972    0.021613    0.000024  
      3.092182  0.000818 17.384391     0.005629   -0.005813    0.003976  
      1.546794  2.677510 17.384390     0.000523   -0.012109   -0.006124  
     -0.018874  1.796988 19.751582     0.007197    0.004310    0.009105  
     -1.546807  4.443445 19.751583    -0.001726   -0.006227   -0.013950  
      3.112460  1.796988 19.751583    -0.006355    0.006791    0.004725  
      1.546793  4.465231 19.773468     0.001134   -0.006187    0.000103  
      1.546769  0.893063  5.959750            0           0           0  
     -0.000031  3.572200  5.959750            0           0           0  
      4.640369  0.893063  5.959750            0           0           0  
      3.093569  3.572200  5.959750            0           0           0  
      0.000031  1.786073  8.578000            0           0           0  
     -1.546769  4.465209  8.578000            0           0           0  
      3.093631  1.786073  8.578000            0           0           0  
      1.546831  4.465209  8.578000            0           0           0  
      0.002298  1.784764 16.081090    -0.002062    0.003063    0.005088  
     -1.546808  4.467892 16.081089    -0.000376    0.005189   -0.007729  
      3.091288  1.784765 16.081089     0.000449    0.002593    0.002625  
      1.546794  4.465231 16.081231     0.000948   -0.005162    0.000020  
      1.546794  0.893049 18.706994     0.000885   -0.004818   -0.000008  
      0.014457  3.580534 18.703211     0.003594   -0.002739   -0.003669  
      4.640395  0.876349 18.703211     0.000799    0.004892    0.010734  
      3.079131  3.580535 18.703212    -0.004554   -0.001275   -0.007059  
      0.000000  0.000000  3.611250            0           0           0  
     -1.546800  2.679136  3.611250            0           0           0  
      3.093600  0.000000  3.611250            0           0           0  
      1.546800  2.679136  3.611250            0           0           0  
      0.000000  0.000000 10.926500            0           0           0  
     -1.546800  2.679136 10.926500            0           0           0  
      3.093600  0.000000 10.926500            0           0           0  
      1.546800  2.679136 10.926500            0           0           0  
      3.092750  5.357790 13.730047     0.058369   -0.080938    0.028661  
      4.640393  2.679140 13.729433    -0.017185    0.093978    0.000637  
      0.000837  5.357789 13.730047    -0.056333   -0.060210    0.055408  
      1.546793  2.680114 13.730047     0.018961    0.026254   -0.084648  
      0.121762  0.070308 21.266948    -0.000823    0.003927    0.004972  
      4.640395  2.679139 21.115818     0.000753   -0.004230   -0.000150  
      2.971820  0.070310 21.266950    -0.000563    0.003890    0.009444  
      1.546793  2.538533 21.266948    -0.000722    0.003784   -0.014192  
      1.546790  0.893049 22.142898     0.002040   -0.011178    0.000005  
 
  45 f  =    8.669284 THz    54.470716 2PiTHz  289.176178 cm-1    35.853260 meV
             X         Y         Z           dx          dy          dz
      0.000031  1.786073  4.861250            0           0           0  
     -1.546769  4.465209  4.861250            0           0           0  
      3.093631  1.786073  4.861250            0           0           0  
      1.546831  4.465209  4.861250            0           0           0  
      0.000000  0.000000  7.269000            0           0           0  
     -1.546800  2.679136  7.269000            0           0           0  
      3.093600  0.000000  7.269000            0           0           0  
      1.546800  2.679136  7.269000            0           0           0  
      1.546769  0.893063  9.676500            0           0           0  
     -0.000031  3.572200  9.676500            0           0           0  
      4.640369  0.893063  9.676500            0           0           0  
      3.093569  3.572200  9.676500            0           0           0  
      1.546793  0.893049 14.989266    -0.019046   -0.003485    0.000170  
     -0.000372  3.571973 14.991356    -0.002718   -0.006787    0.045628  
      4.640394  0.893472 14.991356     0.013120   -0.001095   -0.008778  
      3.093960  3.571974 14.991357     0.000295    0.009828   -0.037019  
      0.001405  0.000819 17.384390     0.010490    0.004861   -0.005841  
      4.640394  2.679140 17.382327    -0.021719   -0.003960   -0.000051  
      3.092182  0.000818 17.384391     0.009062   -0.003011    0.004738  
      1.546794  2.677510 17.384390     0.002808    0.002235    0.001154  
     -0.018874  1.796988 19.751582     0.001063   -0.007777    0.010811  
     -1.546807  4.443445 19.751583    -0.009416    0.001133    0.002568  
      3.112460  1.796988 19.751583     0.003551    0.005755   -0.013348  
      1.546793  4.465231 19.773468     0.006162    0.001127   -0.000033  
      1.546769  0.893063  5.959750            0           0           0  
     -0.000031  3.572200  5.959750            0           0           0  
      4.640369  0.893063  5.959750            0           0           0  
      3.093569  3.572200  5.959750            0           0           0  
      0.000031  1.786073  8.578000            0           0           0  
     -1.546769  4.465209  8.578000            0           0           0  
      3.093631  1.786073  8.578000            0           0           0  
      1.546831  4.465209  8.578000            0           0           0  
      0.002298  1.784764 16.081090    -0.004168    0.000767    0.005976  
     -1.546808  4.467892 16.081089    -0.002102   -0.000959    0.001400  
      3.091288  1.784765 16.081089    -0.004621   -0.001803   -0.007382  
      1.546794  4.465231 16.081231     0.005208    0.000954    0.000008  
      1.546794  0.893049 18.706994     0.004817    0.000880    0.000013  
      0.014457  3.580534 18.703211    -0.003400   -0.003677    0.010247  
      4.640395  0.876349 18.703211     0.004407   -0.000894   -0.001970  
      3.079131  3.580535 18.703212    -0.001881    0.004411   -0.008293  
      0.000000  0.000000  3.611250            0           0           0  
     -1.546800  2.679136  3.611250            0           0           0  
      3.093600  0.000000  3.611250            0           0           0  
      1.546800  2.679136  3.611250            0           0           0  
      0.000000  0.000000 10.926500            0           0           0  
     -1.546800  2.679136 10.926500            0           0           0  
      3.093600  0.000000 10.926500            0           0           0  
      1.546800  2.679136 10.926500            0           0           0  
      3.092750  5.357790 13.730047    -0.004980   -0.043819   -0.080717  
      4.640393  2.679140 13.729433    -0.094001   -0.017183   -0.000219  
      0.000837  5.357789 13.730047     0.016174    0.069513    0.065426  
      1.546793  2.680114 13.730047     0.103575   -0.004674    0.015510  
      0.121762  0.070308 21.266948    -0.003770   -0.000610   -0.013634  
      4.640395  2.679139 21.115818     0.004235    0.000780    0.000017  
      2.971820  0.070310 21.266950    -0.003850   -0.000810    0.010984  
      1.546793  2.538533 21.266948    -0.003985   -0.000701    0.002634  
      1.546790  0.893049 22.142898     0.011162    0.002057    0.000023  
 
  46 f  =    8.536630 THz    53.637231 2PiTHz  284.751341 cm-1    35.304651 meV
             X         Y         Z           dx          dy          dz
      0.000031  1.786073  4.861250            0           0           0  
     -1.546769  4.465209  4.861250            0           0           0  
      3.093631  1.786073  4.861250            0           0           0  
      1.546831  4.465209  4.861250            0           0           0  
      0.000000  0.000000  7.269000            0           0           0  
     -1.546800  2.679136  7.269000            0           0           0  
      3.093600  0.000000  7.269000            0           0           0  
      1.546800  2.679136  7.269000            0           0           0  
      1.546769  0.893063  9.676500            0           0           0  
     -0.000031  3.572200  9.676500            0           0           0  
      4.640369  0.893063  9.676500            0           0           0  
      3.093569  3.572200  9.676500            0           0           0  
      1.546793  0.893049 14.989266     0.000018    0.000001   -0.000007  
     -0.000372  3.571973 14.991356     0.004757   -0.008422   -0.000010  
      4.640394  0.893472 14.991356    -0.009609   -0.000016   -0.000009  
      3.093960  3.571974 14.991357     0.004796    0.008430    0.000022  
      0.001405  0.000819 17.384390     0.039798   -0.069969    0.000092  
      4.640394  2.679140 17.382327     0.000399    0.000101    0.000015  
      3.092182  0.000818 17.384391     0.039979    0.070006   -0.000080  
      1.546794  2.677510 17.384390    -0.080117   -0.000129   -0.000020  
     -0.018874  1.796988 19.751582     0.001058    0.001936   -0.000183  
     -1.546807  4.443445 19.751583    -0.002110   -0.000015   -0.000057  
      3.112460  1.796988 19.751583     0.001031   -0.001929    0.000238  
      1.546793  4.465231 19.773468     0.000025    0.000008    0.000006  
      1.546769  0.893063  5.959750            0           0           0  
     -0.000031  3.572200  5.959750            0           0           0  
      4.640369  0.893063  5.959750            0           0           0  
      3.093569  3.572200  5.959750            0           0           0  
      0.000031  1.786073  8.578000            0           0           0  
     -1.546769  4.465209  8.578000            0           0           0  
      3.093631  1.786073  8.578000            0           0           0  
      1.546831  4.465209  8.578000            0           0           0  
      0.002298  1.784764 16.081090    -0.013562   -0.023740    0.000020  
     -1.546808  4.467892 16.081089     0.027270    0.000043    0.000007  
      3.091288  1.784765 16.081089    -0.013518    0.023746   -0.000026  
      1.546794  4.465231 16.081231    -0.000179   -0.000043   -0.000004  
      1.546794  0.893049 18.706994    -0.000127   -0.000034   -0.000002  
      0.014457  3.580534 18.703211    -0.012192    0.021516   -0.000086  
      4.640395  0.876349 18.703211     0.024598    0.000047    0.000020  
      3.079131  3.580535 18.703212    -0.012261   -0.021529    0.000072  
      0.000000  0.000000  3.611250            0           0           0  
     -1.546800  2.679136  3.611250            0           0           0  
      3.093600  0.000000  3.611250            0           0           0  
      1.546800  2.679136  3.611250            0           0           0  
      0.000000  0.000000 10.926500            0           0           0  
     -1.546800  2.679136 10.926500            0           0           0  
      3.093600  0.000000 10.926500            0           0           0  
      1.546800  2.679136 10.926500            0           0           0  
      3.092750  5.357790 13.730047     0.005334   -0.009452   -0.000042  
      4.640393  2.679140 13.729433    -0.000056   -0.000034   -0.000001  
      0.000837  5.357789 13.730047     0.005412    0.009517    0.000006  
      1.546793  2.680114 13.730047    -0.010680   -0.000028    0.000031  
      0.121762  0.070308 21.266948     0.002667   -0.004630    0.000284  
      4.640395  2.679139 21.115818    -0.000129   -0.000023    0.000008  
      2.971820  0.070310 21.266950     0.002677    0.004647   -0.000232  
      1.546793  2.538533 21.266948    -0.005256    0.000001   -0.000072  
      1.546790  0.893049 22.142898    -0.000150   -0.000032   -0.000008  
 
  47 f  =    8.521195 THz    53.540246 2PiTHz  284.236466 cm-1    35.240815 meV
             X         Y         Z           dx          dy          dz
      0.000031  1.786073  4.861250            0           0           0  
     -1.546769  4.465209  4.861250            0           0           0  
      3.093631  1.786073  4.861250            0           0           0  
      1.546831  4.465209  4.861250            0           0           0  
      0.000000  0.000000  7.269000            0           0           0  
     -1.546800  2.679136  7.269000            0           0           0  
      3.093600  0.000000  7.269000            0           0           0  
      1.546800  2.679136  7.269000            0           0           0  
      1.546769  0.893063  9.676500            0           0           0  
     -0.000031  3.572200  9.676500            0           0           0  
      4.640369  0.893063  9.676500            0           0           0  
      3.093569  3.572200  9.676500            0           0           0  
      1.546793  0.893049 14.989266    -0.000059   -0.000170   -0.000006  
     -0.000372  3.571973 14.991356    -0.011729    0.001993    0.001881  
      4.640394  0.893472 14.991356     0.002585   -0.012692   -0.002628  
      3.093960  3.571974 14.991357     0.008221    0.006883    0.000729  
      0.001405  0.000819 17.384390    -0.061826    0.000882    0.009948  
      4.640394  2.679140 17.382327     0.014158    0.057160    0.000083  
      3.092182  0.000818 17.384391     0.039205    0.025476    0.003954  
      1.546794  2.677510 17.384390     0.010775   -0.074266   -0.013941  
     -0.018874  1.796988 19.751582     0.004886    0.003277    0.009306  
     -1.546807  4.443445 19.751583     0.001325   -0.009117   -0.032658  
      3.112460  1.796988 19.751583    -0.007628    0.000190    0.023374  
      1.546793  4.465231 19.773468     0.001052    0.004231    0.000008  
      1.546769  0.893063  5.959750            0           0           0  
     -0.000031  3.572200  5.959750            0           0           0  
      4.640369  0.893063  5.959750            0           0           0  
      3.093569  3.572200  5.959750            0           0           0  
      0.000031  1.786073  8.578000            0           0           0  
     -1.546769  4.465209  8.578000            0           0           0  
      3.093631  1.786073  8.578000            0           0           0  
      1.546831  4.465209  8.578000            0           0           0  
      0.002298  1.784764 16.081090    -0.008723   -0.001136   -0.001336  
     -1.546808  4.467892 16.081089    -0.001448    0.024508    0.004747  
      3.091288  1.784765 16.081089     0.017249    0.005144   -0.003388  
      1.546794  4.465231 16.081231    -0.006252   -0.025221   -0.000036  
      1.546794  0.893049 18.706994    -0.004495   -0.018155    0.000003  
      0.014457  3.580534 18.703211     0.023017    0.000211   -0.007442  
      4.640395  0.876349 18.703211    -0.003844    0.028012    0.010428  
      3.079131  3.580535 18.703212    -0.014398   -0.008928   -0.002965  
      0.000000  0.000000  3.611250            0           0           0  
     -1.546800  2.679136  3.611250            0           0           0  
      3.093600  0.000000  3.611250            0           0           0  
      1.546800  2.679136  3.611250            0           0           0  
      0.000000  0.000000 10.926500            0           0           0  
     -1.546800  2.679136 10.926500            0           0           0  
      3.093600  0.000000 10.926500            0           0           0  
      1.546800  2.679136 10.926500            0           0           0  
      3.092750  5.357790 13.730047    -0.022368    0.011732   -0.010570  
      4.640393  2.679140 13.729433    -0.004144   -0.016474   -0.000116  
      0.000837  5.357789 13.730047     0.018899    0.021947   -0.004141  
      1.546793  2.680114 13.730047     0.007202   -0.018732    0.014775  
      0.121762  0.070308 21.266948    -0.003895    0.005218    0.027818  
      4.640395  2.679139 21.115818    -0.004122   -0.016529    0.000064  
      2.971820  0.070310 21.266950     0.004573    0.007270    0.011072  
      1.546793  2.538533 21.266948     0.002179   -0.001060   -0.039022  
      1.546790  0.893049 22.142898    -0.004718   -0.019046   -0.000058  
 
  48 f  =    8.520934 THz    53.538605 2PiTHz  284.227750 cm-1    35.239734 meV
             X         Y         Z           dx          dy          dz
      0.000031  1.786073  4.861250            0           0           0  
     -1.546769  4.465209  4.861250            0           0           0  
      3.093631  1.786073  4.861250            0           0           0  
      1.546831  4.465209  4.861250            0           0           0  
      0.000000  0.000000  7.269000            0           0           0  
     -1.546800  2.679136  7.269000            0           0           0  
      3.093600  0.000000  7.269000            0           0           0  
      1.546800  2.679136  7.269000            0           0           0  
      1.546769  0.893063  9.676500            0           0           0  
     -0.000031  3.572200  9.676500            0           0           0  
      4.640369  0.893063  9.676500            0           0           0  
      3.093569  3.572200  9.676500            0           0           0  
      1.546793  0.893049 14.989266    -0.000098    0.000011   -0.000025  
     -0.000372  3.571973 14.991356    -0.004582   -0.010937    0.002051  
      4.640394  0.893472 14.991356     0.010212    0.003158    0.000683  
      3.093960  3.571974 14.991357    -0.009493    0.008775   -0.002698  
      0.001405  0.000819 17.384390    -0.032876   -0.053343    0.010237  
      4.640394  2.679140 17.382327     0.057305   -0.014258   -0.000005  
      3.092182  0.000818 17.384391    -0.057960    0.046830   -0.013649  
      1.546794  2.677510 17.384390     0.042812    0.018458    0.003404  
     -0.018874  1.796988 19.751582    -0.007064    0.005815   -0.032234  
     -1.546807  4.443445 19.751583     0.005325    0.002266    0.008051  
      3.112460  1.796988 19.751583    -0.003968   -0.006657    0.024158  
      1.546793  4.465231 19.773468     0.004241   -0.001055    0.000009  
      1.546769  0.893063  5.959750            0           0           0  
     -0.000031  3.572200  5.959750            0           0           0  
      4.640369  0.893063  5.959750            0           0           0  
      3.093569  3.572200  5.959750            0           0           0  
      0.000031  1.786073  8.578000            0           0           0  
     -1.546769  4.465209  8.578000            0           0           0  
      3.093631  1.786073  8.578000            0           0           0  
      1.546831  4.465209  8.578000            0           0           0  
      0.002298  1.784764 16.081090     0.020348   -0.013370    0.004652  
     -1.546808  4.467892 16.081089    -0.005690   -0.006092   -0.001159  
      3.091288  1.784765 16.081089     0.013871    0.012382   -0.003495  
      1.546794  4.465231 16.081231    -0.025221    0.006268    0.000006  
      1.546794  0.893049 18.706994    -0.018202    0.004527   -0.000008  
      0.014457  3.580534 18.703211     0.012675    0.019642   -0.007697  
      4.640395  0.876349 18.703211    -0.015294   -0.006966   -0.002566  
      3.079131  3.580535 18.703212     0.021955   -0.017488    0.010261  
      0.000000  0.000000  3.611250            0           0           0  
     -1.546800  2.679136  3.611250            0           0           0  
      3.093600  0.000000  3.611250            0           0           0  
      1.546800  2.679136  3.611250            0           0           0  
      0.000000  0.000000 10.926500            0           0           0  
     -1.546800  2.679136 10.926500            0           0           0  
      3.093600  0.000000 10.926500            0           0           0  
      1.546800  2.679136 10.926500            0           0           0  
      3.092750  5.357790 13.730047    -0.001847   -0.024729   -0.010974  
      4.640393  2.679140 13.729433    -0.016520    0.004035    0.000030  
      0.000837  5.357789 13.730047    -0.012087    0.016422    0.014596  
      1.546793  2.680114 13.730047     0.028831    0.004627   -0.003631  
      0.121762  0.070308 21.266948     0.002385   -0.005708    0.028777  
      4.640395  2.679139 21.115818    -0.016447    0.004065    0.000016  
      2.971820  0.070310 21.266950     0.000325    0.002640   -0.038356  
      1.546793  2.538533 21.266948     0.008663    0.000256    0.009576  
      1.546790  0.893049 22.142898    -0.018962    0.004691   -0.000006  
 
  49 f  =    8.487169 THz    53.326453 2PiTHz  283.101470 cm-1    35.100093 meV
             X         Y         Z           dx          dy          dz
      0.000031  1.786073  4.861250            0           0           0  
     -1.546769  4.465209  4.861250            0           0           0  
      3.093631  1.786073  4.861250            0           0           0  
      1.546831  4.465209  4.861250            0           0           0  
      0.000000  0.000000  7.269000            0           0           0  
     -1.546800  2.679136  7.269000            0           0           0  
      3.093600  0.000000  7.269000            0           0           0  
      1.546800  2.679136  7.269000            0           0           0  
      1.546769  0.893063  9.676500            0           0           0  
     -0.000031  3.572200  9.676500            0           0           0  
      4.640369  0.893063  9.676500            0           0           0  
      3.093569  3.572200  9.676500            0           0           0  
      1.546793  0.893049 14.989266    -0.000025    0.000001   -0.044901  
     -0.000372  3.571973 14.991356    -0.035734   -0.020636    0.007882  
      4.640394  0.893472 14.991356     0.000016    0.041317    0.007920  
      3.093960  3.571974 14.991357     0.035755   -0.020624    0.007897  
      0.001405  0.000819 17.384390    -0.009775   -0.005667   -0.015057  
      4.640394  2.679140 17.382327    -0.000073   -0.000113    0.080392  
      3.092182  0.000818 17.384391     0.009830   -0.005730   -0.015108  
      1.546794  2.677510 17.384390     0.000010    0.011481   -0.015111  
     -0.018874  1.796988 19.751582     0.002522   -0.001439    0.000490  
     -1.546807  4.443445 19.751583     0.000010    0.002926    0.000510  
      3.112460  1.796988 19.751583    -0.002520   -0.001451    0.000543  
      1.546793  4.465231 19.773468    -0.000006   -0.000016    0.023175  
      1.546769  0.893063  5.959750            0           0           0  
     -0.000031  3.572200  5.959750            0           0           0  
      4.640369  0.893063  5.959750            0           0           0  
      3.093569  3.572200  5.959750            0           0           0  
      0.000031  1.786073  8.578000            0           0           0  
     -1.546769  4.465209  8.578000            0           0           0  
      3.093631  1.786073  8.578000            0           0           0  
      1.546831  4.465209  8.578000            0           0           0  
      0.002298  1.784764 16.081090     0.007412   -0.004256    0.005764  
     -1.546808  4.467892 16.081089     0.000007    0.008514    0.005755  
      3.091288  1.784765 16.081089    -0.007435   -0.004286    0.005744  
      1.546794  4.465231 16.081231     0.000017    0.000041   -0.028040  
      1.546794  0.893049 18.706994     0.000020    0.000030   -0.008613  
      0.014457  3.580534 18.703211     0.010351    0.005987    0.010813  
      4.640395  0.876349 18.703211    -0.000002   -0.012031    0.010840  
      3.079131  3.580535 18.703212    -0.010369    0.006007    0.010842  
      0.000000  0.000000  3.611250            0           0           0  
     -1.546800  2.679136  3.611250            0           0           0  
      3.093600  0.000000  3.611250            0           0           0  
      1.546800  2.679136  3.611250            0           0           0  
      0.000000  0.000000 10.926500            0           0           0  
     -1.546800  2.679136 10.926500            0           0           0  
      3.093600  0.000000 10.926500            0           0           0  
      1.546800  2.679136 10.926500            0           0           0  
      3.092750  5.357790 13.730047    -0.009966   -0.005847    0.004804  
      4.640393  2.679140 13.729433    -0.000041   -0.000010   -0.056851  
      0.000837  5.357789 13.730047     0.009972   -0.005811    0.004859  
      1.546793  2.680114 13.730047     0.000022    0.011564    0.004781  
      0.121762  0.070308 21.266948    -0.005700   -0.003266   -0.038023  
      4.640395  2.679139 21.115818    -0.000027   -0.000057    0.060903  
      2.971820  0.070310 21.266950     0.005708   -0.003266   -0.038096  
      1.546793  2.538533 21.266948     0.000022    0.006543   -0.038124  
      1.546790  0.893049 22.142898    -0.000021   -0.000018   -0.045480  
 
  50 f  =    8.379494 THz    52.649914 2PiTHz  279.509836 cm-1    34.654787 meV
             X         Y         Z           dx          dy          dz
      0.000031  1.786073  4.861250            0           0           0  
     -1.546769  4.465209  4.861250            0           0           0  
      3.093631  1.786073  4.861250            0           0           0  
      1.546831  4.465209  4.861250            0           0           0  
      0.000000  0.000000  7.269000            0           0           0  
     -1.546800  2.679136  7.269000            0           0           0  
      3.093600  0.000000  7.269000            0           0           0  
      1.546800  2.679136  7.269000            0           0           0  
      1.546769  0.893063  9.676500            0           0           0  
     -0.000031  3.572200  9.676500            0           0           0  
      4.640369  0.893063  9.676500            0           0           0  
      3.093569  3.572200  9.676500            0           0           0  
      1.546793  0.893049 14.989266    -0.004458   -0.013166    0.000056  
     -0.000372  3.571973 14.991356    -0.001197    0.007409   -0.013221  
      4.640394  0.893472 14.991356     0.003399    0.003271    0.016636  
      3.093960  3.571974 14.991357     0.004584    0.009378   -0.003450  
      0.001405  0.000819 17.384390     0.015801    0.020693    0.025916  
      4.640394  2.679140 17.382327    -0.021002   -0.061836   -0.000087  
      3.092182  0.000818 17.384391     0.002062    0.016013    0.006758  
      1.546794  2.677510 17.384390     0.004879    0.030219   -0.032622  
     -0.018874  1.796988 19.751582     0.010730    0.015539    0.011205  
     -1.546807  4.443445 19.751583     0.006169   -0.007524   -0.054412  
      3.112460  1.796988 19.751583    -0.011473    0.007986    0.043202  
      1.546793  4.465231 19.773468    -0.004427   -0.013043   -0.000018  
      1.546769  0.893063  5.959750            0           0           0  
     -0.000031  3.572200  5.959750            0           0           0  
      4.640369  0.893063  5.959750            0           0           0  
      3.093569  3.572200  5.959750            0           0           0  
      0.000031  1.786073  8.578000            0           0           0  
     -1.546769  4.465209  8.578000            0           0           0  
      3.093631  1.786073  8.578000            0           0           0  
      1.546831  4.465209  8.578000            0           0           0  
      0.002298  1.784764 16.081090     0.007056    0.007497   -0.001363  
     -1.546808  4.467892 16.081089     0.003282   -0.011547    0.006550  
      3.091288  1.784765 16.081089    -0.011296    0.001256   -0.005203  
      1.546794  4.465231 16.081231     0.003782    0.011117    0.000024  
      1.546794  0.893049 18.706994     0.005429    0.015988    0.000022  
      0.014457  3.580534 18.703211    -0.004982   -0.005802   -0.023427  
      4.640395  0.876349 18.703211    -0.001230   -0.009069    0.029468  
      3.079131  3.580535 18.703212    -0.000260   -0.004199   -0.006089  
      0.000000  0.000000  3.611250            0           0           0  
     -1.546800  2.679136  3.611250            0           0           0  
      3.093600  0.000000  3.611250            0           0           0  
      1.546800  2.679136  3.611250            0           0           0  
      0.000000  0.000000 10.926500            0           0           0  
     -1.546800  2.679136 10.926500            0           0           0  
      3.093600  0.000000 10.926500            0           0           0  
      1.546800  2.679136 10.926500            0           0           0  
      3.092750  5.357790 13.730047    -0.005252    0.002582   -0.001082  
      4.640393  2.679140 13.729433    -0.008887   -0.026195    0.000049  
      0.000837  5.357789 13.730047     0.004359    0.005860   -0.000290  
      1.546793  2.680114 13.730047     0.002365   -0.004127    0.001371  
      0.121762  0.070308 21.266948    -0.007303    0.013161    0.062452  
      4.640395  2.679139 21.115818    -0.014722   -0.043282   -0.000068  
      2.971820  0.070310 21.266950     0.011137    0.019375    0.016288  
      1.546793  2.538533 21.266948     0.007316    0.000232   -0.078625  
      1.546790  0.893049 22.142898    -0.009622   -0.028441    0.000051  
 
  51 f  =    8.378543 THz    52.643940 2PiTHz  279.478122 cm-1    34.650855 meV
             X         Y         Z           dx          dy          dz
      0.000031  1.786073  4.861250            0           0           0  
     -1.546769  4.465209  4.861250            0           0           0  
      3.093631  1.786073  4.861250            0           0           0  
      1.546831  4.465209  4.861250            0           0           0  
      0.000000  0.000000  7.269000            0           0           0  
     -1.546800  2.679136  7.269000            0           0           0  
      3.093600  0.000000  7.269000            0           0           0  
      1.546800  2.679136  7.269000            0           0           0  
      1.546769  0.893063  9.676500            0           0           0  
     -0.000031  3.572200  9.676500            0           0           0  
      4.640369  0.893063  9.676500            0           0           0  
      3.093569  3.572200  9.676500            0           0           0  
      1.546793  0.893049 14.989266    -0.013096    0.004443    0.000013  
     -0.000372  3.571973 14.991356     0.005975   -0.005703   -0.011540  
      4.640394  0.893472 14.991356     0.009981   -0.001146   -0.005623  
      3.093960  3.571974 14.991357     0.003961    0.000093    0.017183  
      0.001405  0.000819 17.384390     0.023895    0.000489    0.022692  
      4.640394  2.679140 17.382327    -0.061673    0.020929   -0.000045  
      3.092182  0.000818 17.384391     0.028449   -0.012993   -0.033747  
      1.546794  2.677510 17.384390     0.014544   -0.010202    0.011057  
     -0.018874  1.796988 19.751582    -0.004905    0.007176   -0.056544  
     -1.546807  4.443445 19.751583     0.018227    0.002582    0.018520  
      3.112460  1.796988 19.751583     0.002666   -0.015167    0.037982  
      1.546793  4.465231 19.773468    -0.013071    0.004434   -0.000002  
      1.546769  0.893063  5.959750            0           0           0  
     -0.000031  3.572200  5.959750            0           0           0  
      4.640369  0.893063  5.959750            0           0           0  
      3.093569  3.572200  5.959750            0           0           0  
      0.000031  1.786073  8.578000            0           0           0  
     -1.546769  4.465209  8.578000            0           0           0  
      3.093631  1.786073  8.578000            0           0           0  
      1.546831  4.465209  8.578000            0           0           0  
      0.002298  1.784764 16.081090    -0.009293    0.007664    0.006749  
     -1.546808  4.467892 16.081089     0.009639    0.003887   -0.002213  
      3.091288  1.784765 16.081089    -0.003083   -0.010629   -0.004540  
      1.546794  4.465231 16.081231     0.011078   -0.003758    0.000019  
      1.546794  0.893049 18.706994     0.015929   -0.005402   -0.000018  
      0.014457  3.580534 18.703211    -0.006886   -0.000618   -0.020590  
      4.640395  0.876349 18.703211    -0.003665    0.003056   -0.010041  
      3.079131  3.580535 18.703212    -0.008440    0.004011    0.030613  
      0.000000  0.000000  3.611250            0           0           0  
     -1.546800  2.679136  3.611250            0           0           0  
      3.093600  0.000000  3.611250            0           0           0  
      1.546800  2.679136  3.611250            0           0           0  
      0.000000  0.000000 10.926500            0           0           0  
     -1.546800  2.679136 10.926500            0           0           0  
      3.093600  0.000000 10.926500            0           0           0  
      1.546800  2.679136 10.926500            0           0           0  
      3.092750  5.357790 13.730047     0.000322   -0.006267   -0.000919  
      4.640393  2.679140 13.729433    -0.026213    0.008882    0.000075  
      0.000837  5.357789 13.730047    -0.003025    0.003437    0.001335  
      1.546793  2.680114 13.730047     0.007025    0.001379   -0.000435  
      0.121762  0.070308 21.266948     0.008752   -0.014770    0.054819  
      4.640395  2.679139 21.115818    -0.043421    0.014732    0.000021  
      2.971820  0.070310 21.266950     0.002495    0.003732   -0.081504  
      1.546793  2.538533 21.266948     0.021591   -0.000126    0.026699  
      1.546790  0.893049 22.142898    -0.028483    0.009653    0.000014  
 
  52 f  =    8.202678 THz    51.538946 2PiTHz  273.611887 cm-1    33.923535 meV
             X         Y         Z           dx          dy          dz
      0.000031  1.786073  4.861250            0           0           0  
     -1.546769  4.465209  4.861250            0           0           0  
      3.093631  1.786073  4.861250            0           0           0  
      1.546831  4.465209  4.861250            0           0           0  
      0.000000  0.000000  7.269000            0           0           0  
     -1.546800  2.679136  7.269000            0           0           0  
      3.093600  0.000000  7.269000            0           0           0  
      1.546800  2.679136  7.269000            0           0           0  
      1.546769  0.893063  9.676500            0           0           0  
     -0.000031  3.572200  9.676500            0           0           0  
      4.640369  0.893063  9.676500            0           0           0  
      3.093569  3.572200  9.676500            0           0           0  
      1.546793  0.893049 14.989266    -0.000043    0.000071    0.003807  
     -0.000372  3.571973 14.991356     0.010245    0.005994   -0.003405  
      4.640394  0.893472 14.991356    -0.000035   -0.011823   -0.003410  
      3.093960  3.571974 14.991357    -0.010332    0.006001   -0.003388  
      0.001405  0.000819 17.384390    -0.013071   -0.007663    0.007005  
      4.640394  2.679140 17.382327     0.000054   -0.000064   -0.013146  
      3.092182  0.000818 17.384391     0.013174   -0.007667    0.007004  
      1.546794  2.677510 17.384390     0.000053    0.015043    0.007011  
     -0.018874  1.796988 19.751582    -0.004268    0.002496   -0.013808  
     -1.546807  4.443445 19.751583    -0.000033   -0.004832   -0.013784  
      3.112460  1.796988 19.751583     0.004198    0.002492   -0.013798  
      1.546793  4.465231 19.773468    -0.000008    0.000027    0.053240  
      1.546769  0.893063  5.959750            0           0           0  
     -0.000031  3.572200  5.959750            0           0           0  
      4.640369  0.893063  5.959750            0           0           0  
      3.093569  3.572200  5.959750            0           0           0  
      0.000031  1.786073  8.578000            0           0           0  
     -1.546769  4.465209  8.578000            0           0           0  
      3.093631  1.786073  8.578000            0           0           0  
      1.546831  4.465209  8.578000            0           0           0  
      0.002298  1.784764 16.081090     0.000027   -0.000026   -0.001687  
     -1.546808  4.467892 16.081089     0.000004    0.000038   -0.001699  
      3.091288  1.784765 16.081089    -0.000021   -0.000030   -0.001694  
      1.546794  4.465231 16.081231    -0.000003   -0.000010    0.003680  
      1.546794  0.893049 18.706994     0.000011   -0.000020   -0.020992  
      0.014457  3.580534 18.703211     0.012286    0.007107    0.010484  
      4.640395  0.876349 18.703211    -0.000010   -0.014198    0.010475  
      3.079131  3.580535 18.703212    -0.012263    0.007080    0.010485  
      0.000000  0.000000  3.611250            0           0           0  
     -1.546800  2.679136  3.611250            0           0           0  
      3.093600  0.000000  3.611250            0           0           0  
      1.546800  2.679136  3.611250            0           0           0  
      0.000000  0.000000 10.926500            0           0           0  
     -1.546800  2.679136 10.926500            0           0           0  
      3.093600  0.000000 10.926500            0           0           0  
      1.546800  2.679136 10.926500            0           0           0  
      3.092750  5.357790 13.730047     0.001723    0.000935   -0.011064  
      4.640393  2.679140 13.729433     0.000042   -0.000024    0.022900  
      0.000837  5.357789 13.730047    -0.001657    0.000942   -0.011081  
      1.546793  2.680114 13.730047     0.000028   -0.002002   -0.011068  
      0.121762  0.070308 21.266948     0.086479    0.050115   -0.035964  
      4.640395  2.679139 21.115818     0.000068   -0.000100    0.055228  
      2.971820  0.070310 21.266950    -0.086419    0.049962   -0.035892  
      1.546793  2.538533 21.266948    -0.000096   -0.099973   -0.035907  
      1.546790  0.893049 22.142898     0.000002    0.000007    0.068484  
 
  53 f  =    8.181208 THz    51.404043 2PiTHz  272.895710 cm-1    33.834741 meV
             X         Y         Z           dx          dy          dz
      0.000031  1.786073  4.861250            0           0           0  
     -1.546769  4.465209  4.861250            0           0           0  
      3.093631  1.786073  4.861250            0           0           0  
      1.546831  4.465209  4.861250            0           0           0  
      0.000000  0.000000  7.269000            0           0           0  
     -1.546800  2.679136  7.269000            0           0           0  
      3.093600  0.000000  7.269000            0           0           0  
      1.546800  2.679136  7.269000            0           0           0  
      1.546769  0.893063  9.676500            0           0           0  
     -0.000031  3.572200  9.676500            0           0           0  
      4.640369  0.893063  9.676500            0           0           0  
      3.093569  3.572200  9.676500            0           0           0  
      1.546793  0.893049 14.989266     0.030068    0.000258    0.000003  
     -0.000372  3.571973 14.991356     0.035288   -0.002837   -0.001796  
      4.640394  0.893472 14.991356     0.040798    0.000265    0.000017  
      3.093960  3.571974 14.991357     0.035316    0.003514    0.001777  
      0.001405  0.000819 17.384390    -0.055731   -0.001380    0.006837  
      4.640394  2.679140 17.382327    -0.046718   -0.000388   -0.000016  
      3.092182  0.000818 17.384391    -0.055687    0.000432   -0.006754  
      1.546794  2.677510 17.384390    -0.054146   -0.000465   -0.000059  
     -0.018874  1.796988 19.751582     0.030545    0.000640    0.010138  
     -1.546807  4.443445 19.751583     0.031227    0.000252    0.000092  
      3.112460  1.796988 19.751583     0.030547   -0.000112   -0.010280  
      1.546793  4.465231 19.773468     0.020774    0.000176    0.000053  
      1.546769  0.893063  5.959750            0           0           0  
     -0.000031  3.572200  5.959750            0           0           0  
      4.640369  0.893063  5.959750            0           0           0  
      3.093569  3.572200  5.959750            0           0           0  
      0.000031  1.786073  8.578000            0           0           0  
     -1.546769  4.465209  8.578000            0           0           0  
      3.093631  1.786073  8.578000            0           0           0  
      1.546831  4.465209  8.578000            0           0           0  
      0.002298  1.784764 16.081090    -0.004985   -0.000611    0.002380  
     -1.546808  4.467892 16.081089    -0.005948   -0.000038    0.000022  
      3.091288  1.784765 16.081089    -0.004972    0.000515   -0.002406  
      1.546794  4.465231 16.081231    -0.006523   -0.000058    0.000008  
      1.546794  0.893049 18.706994    -0.006402   -0.000056   -0.000024  
      0.014457  3.580534 18.703211    -0.004157   -0.002357   -0.001443  
      4.640395  0.876349 18.703211    -0.000091   -0.000059    0.000021  
      3.079131  3.580535 18.703212    -0.004143    0.002348    0.001451  
      0.000000  0.000000  3.611250            0           0           0  
     -1.546800  2.679136  3.611250            0           0           0  
      3.093600  0.000000  3.611250            0           0           0  
      1.546800  2.679136  3.611250            0           0           0  
      0.000000  0.000000 10.926500            0           0           0  
     -1.546800  2.679136 10.926500            0           0           0  
      3.093600  0.000000 10.926500            0           0           0  
      1.546800  2.679136 10.926500            0           0           0  
      3.092750  5.357790 13.730047    -0.021293   -0.001433   -0.006597  
      4.640393  2.679140 13.729433    -0.021736   -0.000180    0.000038  
      0.000837  5.357789 13.730047    -0.021288    0.001097    0.006499  
      1.546793  2.680114 13.730047    -0.019080   -0.000193    0.000046  
      0.121762  0.070308 21.266948    -0.002004   -0.005751    0.006545  
      4.640395  2.679139 21.115818    -0.006417   -0.000042    0.000054  
      2.971820  0.070310 21.266950    -0.002088    0.005931   -0.006556  
      1.546793  2.538533 21.266948     0.008057   -0.000154   -0.000101  
      1.546790  0.893049 22.142898     0.008138    0.000071    0.000072  
 
  54 f  =    8.181020 THz    51.402866 2PiTHz  272.889462 cm-1    33.833966 meV
             X         Y         Z           dx          dy          dz
      0.000031  1.786073  4.861250            0           0           0  
     -1.546769  4.465209  4.861250            0           0           0  
      3.093631  1.786073  4.861250            0           0           0  
      1.546831  4.465209  4.861250            0           0           0  
      0.000000  0.000000  7.269000            0           0           0  
     -1.546800  2.679136  7.269000            0           0           0  
      3.093600  0.000000  7.269000            0           0           0  
      1.546800  2.679136  7.269000            0           0           0  
      1.546769  0.893063  9.676500            0           0           0  
     -0.000031  3.572200  9.676500            0           0           0  
      4.640369  0.893063  9.676500            0           0           0  
      3.093569  3.572200  9.676500            0           0           0  
      1.546793  0.893049 14.989266    -0.000254    0.030059   -0.000001  
     -0.000372  3.571973 14.991356    -0.003481    0.038977   -0.000998  
      4.640394  0.893472 14.991356    -0.000346    0.033469    0.002038  
      3.093960  3.571974 14.991357     0.002880    0.038921   -0.001029  
      0.001405  0.000819 17.384390    -0.000407   -0.054659    0.003838  
      4.640394  2.679140 17.382327     0.000407   -0.046705    0.000007  
      3.092182  0.000818 17.384391     0.001351   -0.054687    0.003971  
      1.546794  2.677510 17.384390     0.000449   -0.056278   -0.007838  
     -0.018874  1.796988 19.751582     0.000127    0.030981   -0.005964  
     -1.546807  4.443445 19.751583    -0.000274    0.030345    0.011862  
      3.112460  1.796988 19.751583    -0.000644    0.031000   -0.005824  
      1.546793  4.465231 19.773468    -0.000171    0.020779   -0.000096  
      1.546769  0.893063  5.959750            0           0           0  
     -0.000031  3.572200  5.959750            0           0           0  
      4.640369  0.893063  5.959750            0           0           0  
      3.093569  3.572200  5.959750            0           0           0  
      0.000031  1.786073  8.578000            0           0           0  
     -1.546769  4.465209  8.578000            0           0           0  
      3.093631  1.786073  8.578000            0           0           0  
      1.546831  4.465209  8.578000            0           0           0  
      0.002298  1.784764 16.081090    -0.000525   -0.005630   -0.001401  
     -1.546808  4.467892 16.081089     0.000049   -0.004660    0.002762  
      3.091288  1.784765 16.081089     0.000609   -0.005641   -0.001359  
      1.546794  4.465231 16.081231     0.000055   -0.006529   -0.000000  
      1.546794  0.893049 18.706994     0.000054   -0.006412    0.000039  
      0.014457  3.580534 18.703211    -0.002340   -0.001435   -0.000825  
      4.640395  0.876349 18.703211     0.000003   -0.005484    0.001634  
      3.079131  3.580535 18.703212     0.002410   -0.001472   -0.000871  
      0.000000  0.000000  3.611250            0           0           0  
     -1.546800  2.679136  3.611250            0           0           0  
      3.093600  0.000000  3.611250            0           0           0  
      1.546800  2.679136  3.611250            0           0           0  
      0.000000  0.000000 10.926500            0           0           0  
     -1.546800  2.679136 10.926500            0           0           0  
      3.093600  0.000000 10.926500            0           0           0  
      1.546800  2.679136 10.926500            0           0           0  
      3.092750  5.357790 13.730047    -0.001092   -0.019725   -0.003728  
      4.640393  2.679140 13.729433     0.000189   -0.021707   -0.000016  
      0.000837  5.357789 13.730047     0.001451   -0.019764   -0.003829  
      1.546793  2.680114 13.730047     0.000161   -0.021979    0.007608  
      0.121762  0.070308 21.266948    -0.005955    0.004648    0.003761  
      4.640395  2.679139 21.115818     0.000068   -0.006369   -0.000099  
      2.971820  0.070310 21.266950     0.005988    0.004534    0.003920  
      1.546793  2.538533 21.266948    -0.000075   -0.005245   -0.007471  
      1.546790  0.893049 22.142898    -0.000058    0.008159   -0.000107  
 
  55 f  =    7.417054 THz    46.602727 2PiTHz  247.406305 cm-1    30.674459 meV
             X         Y         Z           dx          dy          dz
      0.000031  1.786073  4.861250            0           0           0  
     -1.546769  4.465209  4.861250            0           0           0  
      3.093631  1.786073  4.861250            0           0           0  
      1.546831  4.465209  4.861250            0           0           0  
      0.000000  0.000000  7.269000            0           0           0  
     -1.546800  2.679136  7.269000            0           0           0  
      3.093600  0.000000  7.269000            0           0           0  
      1.546800  2.679136  7.269000            0           0           0  
      1.546769  0.893063  9.676500            0           0           0  
     -0.000031  3.572200  9.676500            0           0           0  
      4.640369  0.893063  9.676500            0           0           0  
      3.093569  3.572200  9.676500            0           0           0  
      1.546793  0.893049 14.989266     0.004292    0.018660   -0.000010  
     -0.000372  3.571973 14.991356     0.010995   -0.002651    0.008224  
      4.640394  0.893472 14.991356    -0.002397    0.011718   -0.011758  
      3.093960  3.571974 14.991357    -0.008120   -0.007015    0.003531  
      0.001405  0.000819 17.384390    -0.009084   -0.000048   -0.025828  
      4.640394  2.679140 17.382327    -0.006257   -0.027354    0.000008  
      3.092182  0.000818 17.384391     0.005890    0.003375   -0.011126  
      1.546794  2.677510 17.384390     0.001385   -0.011322    0.036952  
     -0.018874  1.796988 19.751582    -0.025198   -0.026829    0.022224  
     -1.546807  4.443445 19.751583    -0.008401    0.028011   -0.073695  
      3.112460  1.796988 19.751583     0.030688   -0.013961    0.051503  
      1.546793  4.465231 19.773468     0.005511    0.024183   -0.000022  
      1.546769  0.893063  5.959750            0           0           0  
     -0.000031  3.572200  5.959750            0           0           0  
      4.640369  0.893063  5.959750            0           0           0  
      3.093569  3.572200  5.959750            0           0           0  
      0.000031  1.786073  8.578000            0           0           0  
     -1.546769  4.465209  8.578000            0           0           0  
      3.093631  1.786073  8.578000            0           0           0  
      1.546831  4.465209  8.578000            0           0           0  
      0.002298  1.784764 16.081090     0.001369    0.000236    0.002251  
     -1.546808  4.467892 16.081089     0.000217   -0.003514   -0.007500  
      3.091288  1.784765 16.081089    -0.002465   -0.000627    0.005243  
      1.546794  4.465231 16.081231    -0.000479   -0.002135    0.000002  
      1.546794  0.893049 18.706994     0.004757    0.020714    0.000005  
      0.014457  3.580534 18.703211     0.003840   -0.011882    0.011860  
      4.640395  0.876349 18.703211    -0.003704   -0.003700   -0.016952  
      3.079131  3.580535 18.703212    -0.007005   -0.014326    0.005096  
      0.000000  0.000000  3.611250            0           0           0  
     -1.546800  2.679136  3.611250            0           0           0  
      3.093600  0.000000  3.611250            0           0           0  
      1.546800  2.679136  3.611250            0           0           0  
      0.000000  0.000000 10.926500            0           0           0  
     -1.546800  2.679136 10.926500            0           0           0  
      3.093600  0.000000 10.926500            0           0           0  
      1.546800  2.679136 10.926500            0           0           0  
      3.092750  5.357790 13.730047     0.006692    0.000461    0.010411  
      4.640393  2.679140 13.729433    -0.001436   -0.006102    0.000002  
      0.000837  5.357789 13.730047    -0.004161   -0.002023    0.004489  
      1.546793  2.680114 13.730047    -0.000962    0.008628   -0.014920  
      0.121762  0.070308 21.266948     0.022424    0.001995   -0.047630  
      4.640395  2.679139 21.115818    -0.002444   -0.010069    0.000029  
      2.971820  0.070310 21.266950    -0.013828   -0.006027   -0.020588  
      1.546793  2.538533 21.266948    -0.002673    0.029410    0.068199  
      1.546790  0.893049 22.142898     0.000857    0.003979   -0.000008  
 
  56 f  =    7.416290 THz    46.597927 2PiTHz  247.380820 cm-1    30.671299 meV
             X         Y         Z           dx          dy          dz
      0.000031  1.786073  4.861250            0           0           0  
     -1.546769  4.465209  4.861250            0           0           0  
      3.093631  1.786073  4.861250            0           0           0  
      1.546831  4.465209  4.861250            0           0           0  
      0.000000  0.000000  7.269000            0           0           0  
     -1.546800  2.679136  7.269000            0           0           0  
      3.093600  0.000000  7.269000            0           0           0  
      1.546800  2.679136  7.269000            0           0           0  
      1.546769  0.893063  9.676500            0           0           0  
     -0.000031  3.572200  9.676500            0           0           0  
      4.640369  0.893063  9.676500            0           0           0  
      3.093569  3.572200  9.676500            0           0           0  
      1.546793  0.893049 14.989266     0.018561   -0.004301   -0.000006  
     -0.000372  3.571973 14.991356     0.003996    0.010660    0.008817  
      4.640394  0.893472 14.991356    -0.010444   -0.002650    0.002719  
      3.093960  3.571974 14.991357     0.008378   -0.008419   -0.011543  
      0.001405  0.000819 17.384390    -0.005320   -0.007863   -0.027767  
      4.640394  2.679140 17.382327    -0.027356    0.006254    0.000011  
      3.092182  0.000818 17.384391    -0.008747    0.007104    0.036255  
      1.546794  2.677510 17.384390     0.005942    0.002595   -0.008494  
     -0.018874  1.796988 19.751582     0.018399   -0.023328   -0.072214  
     -1.546807  4.443445 19.751583    -0.036569   -0.006474    0.016884  
      3.112460  1.796988 19.751583     0.005468    0.032682    0.055334  
      1.546793  4.465231 19.773468     0.024222   -0.005515    0.000016  
      1.546769  0.893063  5.959750            0           0           0  
     -0.000031  3.572200  5.959750            0           0           0  
      4.640369  0.893063  5.959750            0           0           0  
      3.093569  3.572200  5.959750            0           0           0  
      0.000031  1.786073  8.578000            0           0           0  
     -1.546769  4.465209  8.578000            0           0           0  
      3.093631  1.786073  8.578000            0           0           0  
      1.546831  4.465209  8.578000            0           0           0  
      0.002298  1.784764 16.081090    -0.002882    0.001964   -0.007346  
     -1.546808  4.467892 16.081089     0.000899    0.000795    0.001724  
      3.091288  1.784765 16.081089    -0.002027   -0.001863    0.005623  
      1.546794  4.465231 16.081231    -0.002158    0.000493   -0.000006  
      1.546794  0.893049 18.706994     0.020744   -0.004758   -0.000013  
      0.014457  3.580534 18.703211    -0.008066    0.008413    0.012779  
      4.640395  0.876349 18.703211    -0.016239    0.000880    0.003935  
      3.079131  3.580535 18.703212    -0.005633   -0.002430   -0.016684  
      0.000000  0.000000  3.611250            0           0           0  
     -1.546800  2.679136  3.611250            0           0           0  
      3.093600  0.000000  3.611250            0           0           0  
      1.546800  2.679136  3.611250            0           0           0  
      0.000000  0.000000 10.926500            0           0           0  
     -1.546800  2.679136 10.926500            0           0           0  
      3.093600  0.000000 10.926500            0           0           0  
      1.546800  2.679136 10.926500            0           0           0  
      3.092750  5.357790 13.730047     0.004491    0.005645    0.011190  
      4.640393  2.679140 13.729433    -0.006001    0.001341   -0.000013  
      0.000837  5.357789 13.730047     0.007002   -0.005291   -0.014605  
      1.546793  2.680114 13.730047    -0.003838   -0.001987    0.003413  
      0.121762  0.070308 21.266948     0.014907    0.018545   -0.051199  
      4.640395  2.679139 21.115818    -0.009904    0.002501   -0.000068  
      2.971820  0.070310 21.266950     0.022886   -0.017890    0.066885  
      1.546793  2.538533 21.266948    -0.012574   -0.006616   -0.015613  
      1.546790  0.893049 22.142898     0.003976   -0.000869    0.000043  
 
  57 f  =    7.350418 THz    46.184036 2PiTHz  245.183540 cm-1    30.398871 meV
             X         Y         Z           dx          dy          dz
      0.000031  1.786073  4.861250            0           0           0  
     -1.546769  4.465209  4.861250            0           0           0  
      3.093631  1.786073  4.861250            0           0           0  
      1.546831  4.465209  4.861250            0           0           0  
      0.000000  0.000000  7.269000            0           0           0  
     -1.546800  2.679136  7.269000            0           0           0  
      3.093600  0.000000  7.269000            0           0           0  
      1.546800  2.679136  7.269000            0           0           0  
      1.546769  0.893063  9.676500            0           0           0  
     -0.000031  3.572200  9.676500            0           0           0  
      4.640369  0.893063  9.676500            0           0           0  
      3.093569  3.572200  9.676500            0           0           0  
      1.546793  0.893049 14.989266    -0.016756    0.004366   -0.000024  
     -0.000372  3.571973 14.991356    -0.000530    0.003364   -0.009843  
      4.640394  0.893472 14.991356    -0.004500   -0.000397   -0.003519  
      3.093960  3.571974 14.991357     0.000800   -0.001861    0.013382  
      0.001405  0.000819 17.384390    -0.008900    0.000699    0.007247  
      4.640394  2.679140 17.382327    -0.016815    0.004344    0.000010  
      3.092182  0.000818 17.384391    -0.009598    0.003332   -0.009886  
      1.546794  2.677510 17.384390    -0.006934    0.002545    0.002631  
     -0.018874  1.796988 19.751582    -0.016233    0.015806   -0.008343  
     -1.546807  4.443445 19.751583     0.020472    0.005805    0.002131  
      3.112460  1.796988 19.751583    -0.006539   -0.021005    0.006297  
      1.546793  4.465231 19.773468     0.018306   -0.004745   -0.000082  
      1.546769  0.893063  5.959750            0           0           0  
     -0.000031  3.572200  5.959750            0           0           0  
      4.640369  0.893063  5.959750            0           0           0  
      3.093569  3.572200  5.959750            0           0           0  
      0.000031  1.786073  8.578000            0           0           0  
     -1.546769  4.465209  8.578000            0           0           0  
      3.093631  1.786073  8.578000            0           0           0  
      1.546831  4.465209  8.578000            0           0           0  
      0.002298  1.784764 16.081090    -0.009997    0.005375    0.002103  
     -1.546808  4.467892 16.081089    -0.001191    0.002961   -0.000559  
      3.091288  1.784765 16.081089    -0.007707   -0.003442   -0.001552  
      1.546794  4.465231 16.081231    -0.005823    0.001514    0.000009  
      1.546794  0.893049 18.706994    -0.002408    0.000659    0.000025  
      0.014457  3.580534 18.703211     0.003256    0.013979   -0.012872  
      4.640395  0.876349 18.703211    -0.014454   -0.003483   -0.004603  
      3.079131  3.580535 18.703212     0.009555   -0.010120    0.017448  
      0.000000  0.000000  3.611250            0           0           0  
     -1.546800  2.679136  3.611250            0           0           0  
      3.093600  0.000000  3.611250            0           0           0  
      1.546800  2.679136  3.611250            0           0           0  
      0.000000  0.000000 10.926500            0           0           0  
     -1.546800  2.679136 10.926500            0           0           0  
      3.093600  0.000000 10.926500            0           0           0  
      1.546800  2.679136 10.926500            0           0           0  
      3.092750  5.357790 13.730047     0.033051   -0.010280    0.003017  
      4.640393  2.679140 13.729433     0.009123   -0.002403   -0.000011  
      0.000837  5.357789 13.730047     0.032290   -0.007497   -0.004065  
      1.546793  2.680114 13.730047     0.034861   -0.008180    0.001063  
      0.121762  0.070308 21.266948    -0.003426    0.095274    0.008426  
      4.640395  2.679139 21.115818     0.106633   -0.027791   -0.000037  
      2.971820  0.070310 21.266950     0.036572   -0.057877   -0.011436  
      1.546793  2.538533 21.266948    -0.115926   -0.015770    0.003097  
      1.546790  0.893049 22.142898     0.015941   -0.004176   -0.000021  
 
  58 f  =    7.349045 THz    46.175408 2PiTHz  245.137738 cm-1    30.393192 meV
             X         Y         Z           dx          dy          dz
      0.000031  1.786073  4.861250            0           0           0  
     -1.546769  4.465209  4.861250            0           0           0  
      3.093631  1.786073  4.861250            0           0           0  
      1.546831  4.465209  4.861250            0           0           0  
      0.000000  0.000000  7.269000            0           0           0  
     -1.546800  2.679136  7.269000            0           0           0  
      3.093600  0.000000  7.269000            0           0           0  
      1.546800  2.679136  7.269000            0           0           0  
      1.546769  0.893063  9.676500            0           0           0  
     -0.000031  3.572200  9.676500            0           0           0  
      4.640369  0.893063  9.676500            0           0           0  
      3.093569  3.572200  9.676500            0           0           0  
      1.546793  0.893049 14.989266     0.004429    0.016787    0.000014  
     -0.000372  3.571973 14.991356    -0.002713    0.002365    0.009778  
      4.640394  0.893472 14.991356     0.001204   -0.001627   -0.013472  
      3.093960  3.571974 14.991357     0.002653    0.003691    0.003678  
      0.001405  0.000819 17.384390     0.003746    0.008094   -0.007197  
      4.640394  2.679140 17.382327     0.004341    0.016841   -0.000001  
      3.092182  0.000818 17.384391     0.001091    0.007448   -0.002624  
      1.546794  2.677510 17.384390     0.001828    0.010022    0.009831  
     -0.018874  1.796988 19.751582    -0.015392   -0.014717   -0.002439  
     -1.546807  4.443445 19.751583    -0.005429    0.021945    0.008544  
      3.112460  1.796988 19.751583     0.021379   -0.005000   -0.006031  
      1.546793  4.465231 19.773468    -0.004745   -0.018380   -0.000075  
      1.546769  0.893063  5.959750            0           0           0  
     -0.000031  3.572200  5.959750            0           0           0  
      4.640369  0.893063  5.959750            0           0           0  
      3.093569  3.572200  5.959750            0           0           0  
      0.000031  1.786073  8.578000            0           0           0  
     -1.546769  4.465209  8.578000            0           0           0  
      3.093631  1.786073  8.578000            0           0           0  
      1.546831  4.465209  8.578000            0           0           0  
      0.002298  1.784764 16.081090    -0.002115    0.002629    0.000548  
     -1.546808  4.467892 16.081089     0.000316    0.011441   -0.002052  
      3.091288  1.784765 16.081089     0.006755    0.004920    0.001506  
      1.546794  4.465231 16.081231     0.001518    0.005862   -0.000000  
      1.546794  0.893049 18.706994     0.000680    0.002404    0.000034  
      0.014457  3.580534 18.703211    -0.013744    0.004373    0.012700  
      4.640395  0.876349 18.703211     0.003741   -0.013342   -0.017475  
      3.079131  3.580535 18.703212     0.010369    0.010630    0.004739  
      0.000000  0.000000  3.611250            0           0           0  
     -1.546800  2.679136  3.611250            0           0           0  
      3.093600  0.000000  3.611250            0           0           0  
      1.546800  2.679136  3.611250            0           0           0  
      0.000000  0.000000 10.926500            0           0           0  
     -1.546800  2.679136 10.926500            0           0           0  
      3.093600  0.000000 10.926500            0           0           0  
      1.546800  2.679136 10.926500            0           0           0  
      3.092750  5.357790 13.730047    -0.007253   -0.033999   -0.002986  
      4.640393  2.679140 13.729433    -0.002401   -0.009243   -0.000007  
      0.000837  5.357789 13.730047    -0.009967   -0.034775   -0.001172  
      1.546793  2.680114 13.730047    -0.009119   -0.032106    0.004168  
      0.121762  0.070308 21.266948    -0.080838    0.051837   -0.008339  
      4.640395  2.679139 21.115818    -0.027770   -0.106450   -0.000023  
      2.971820  0.070310 21.266950     0.072239    0.091641   -0.002974  
      1.546793  2.538533 21.266948     0.030159   -0.060709    0.011357  
      1.546790  0.893049 22.142898    -0.004186   -0.015919   -0.000034  
 
  59 f  =    7.185767 THz    45.149503 2PiTHz  239.691372 cm-1    29.717929 meV
             X         Y         Z           dx          dy          dz
      0.000031  1.786073  4.861250            0           0           0  
     -1.546769  4.465209  4.861250            0           0           0  
      3.093631  1.786073  4.861250            0           0           0  
      1.546831  4.465209  4.861250            0           0           0  
      0.000000  0.000000  7.269000            0           0           0  
     -1.546800  2.679136  7.269000            0           0           0  
      3.093600  0.000000  7.269000            0           0           0  
      1.546800  2.679136  7.269000            0           0           0  
      1.546769  0.893063  9.676500            0           0           0  
     -0.000031  3.572200  9.676500            0           0           0  
      4.640369  0.893063  9.676500            0           0           0  
      3.093569  3.572200  9.676500            0           0           0  
      1.546793  0.893049 14.989266    -0.006539   -0.000385    0.000056  
     -0.000372  3.571973 14.991356    -0.034523   -0.006632   -0.000441  
      4.640394  0.893472 14.991356    -0.025740   -0.001967   -0.000006  
      3.093960  3.571974 14.991357    -0.034018    0.003525    0.000375  
      0.001405  0.000819 17.384390    -0.019096    0.001096   -0.001837  
      4.640394  2.679140 17.382327    -0.020260   -0.001085   -0.000010  
      3.092182  0.000818 17.384391    -0.019310   -0.003458    0.001724  
      1.546794  2.677510 17.384390    -0.023029   -0.000969    0.000130  
     -0.018874  1.796988 19.751582     0.022370   -0.004171   -0.000692  
     -1.546807  4.443445 19.751583     0.013715    0.001390   -0.000046  
      3.112460  1.796988 19.751583     0.023011    0.005985    0.000741  
      1.546793  4.465231 19.773468     0.002499    0.000133    0.000004  
      1.546769  0.893063  5.959750            0           0           0  
     -0.000031  3.572200  5.959750            0           0           0  
      4.640369  0.893063  5.959750            0           0           0  
      3.093569  3.572200  5.959750            0           0           0  
      0.000031  1.786073  8.578000            0           0           0  
     -1.546769  4.465209  8.578000            0           0           0  
      3.093631  1.786073  8.578000            0           0           0  
      1.546831  4.465209  8.578000            0           0           0  
      0.002298  1.784764 16.081090    -0.013081   -0.004674   -0.003341  
     -1.546808  4.467892 16.081089    -0.019323   -0.000600   -0.000215  
      3.091288  1.784765 16.081089    -0.012665    0.002826    0.003576  
      1.546794  4.465231 16.081231    -0.019485   -0.001042   -0.000028  
      1.546794  0.893049 18.706994    -0.000043   -0.000001    0.000022  
      0.014457  3.580534 18.703211    -0.006003   -0.006073    0.001129  
      4.640395  0.876349 18.703211     0.005074   -0.000511   -0.000096  
      3.079131  3.580535 18.703212    -0.005319    0.006244   -0.001051  
      0.000000  0.000000  3.611250            0           0           0  
     -1.546800  2.679136  3.611250            0           0           0  
      3.093600  0.000000  3.611250            0           0           0  
      1.546800  2.679136  3.611250            0           0           0  
      0.000000  0.000000 10.926500            0           0           0  
     -1.546800  2.679136 10.926500            0           0           0  
      3.093600  0.000000 10.926500            0           0           0  
      1.546800  2.679136 10.926500            0           0           0  
      3.092750  5.357790 13.730047     0.079823   -0.001648    0.002840  
      4.640393  2.679140 13.729433     0.108149    0.005780   -0.000045  
      0.000837  5.357789 13.730047     0.080303    0.011143   -0.002616  
      1.546793  2.680114 13.730047     0.090386    0.004159   -0.000159  
      0.121762  0.070308 21.266948    -0.005321   -0.021282    0.009189  
      4.640395  2.679139 21.115818    -0.033493   -0.001906    0.000067  
      2.971820  0.070310 21.266950    -0.002735    0.023770   -0.008692  
      1.546793  2.538533 21.266948     0.034943   -0.000956   -0.000567  
      1.546790  0.893049 22.142898    -0.004843   -0.000268   -0.000045  
 
  60 f  =    7.184733 THz    45.143009 2PiTHz  239.656897 cm-1    29.713655 meV
             X         Y         Z           dx          dy          dz
      0.000031  1.786073  4.861250            0           0           0  
     -1.546769  4.465209  4.861250            0           0           0  
      3.093631  1.786073  4.861250            0           0           0  
      1.546831  4.465209  4.861250            0           0           0  
      0.000000  0.000000  7.269000            0           0           0  
     -1.546800  2.679136  7.269000            0           0           0  
      3.093600  0.000000  7.269000            0           0           0  
      1.546800  2.679136  7.269000            0           0           0  
      1.546769  0.893063  9.676500            0           0           0  
     -0.000031  3.572200  9.676500            0           0           0  
      4.640369  0.893063  9.676500            0           0           0  
      3.093569  3.572200  9.676500            0           0           0  
      1.546793  0.893049 14.989266    -0.000473    0.006210    0.000002  
     -0.000372  3.571973 14.991356     0.003242    0.028481    0.000223  
      4.640394  0.893472 14.991356    -0.001273    0.037435   -0.000586  
      3.093960  3.571974 14.991357    -0.007036    0.028635    0.000362  
      0.001405  0.000819 17.384390    -0.003351    0.021828    0.000982  
      4.640394  2.679140 17.382327    -0.001061    0.020293   -0.000012  
      3.092182  0.000818 17.384391     0.001264    0.021651    0.001130  
      1.546794  2.677510 17.384390    -0.001311    0.017755   -0.002121  
     -0.018874  1.796988 19.751582     0.006432   -0.016898   -0.000470  
     -1.546807  4.443445 19.751583     0.000781   -0.025680    0.000899  
      3.112460  1.796988 19.751583    -0.003996   -0.016450   -0.000482  
      1.546793  4.465231 19.773468     0.000142   -0.002486    0.000031  
      1.546769  0.893063  5.959750            0           0           0  
     -0.000031  3.572200  5.959750            0           0           0  
      4.640369  0.893063  5.959750            0           0           0  
      3.093569  3.572200  5.959750            0           0           0  
      0.000031  1.786073  8.578000            0           0           0  
     -1.546769  4.465209  8.578000            0           0           0  
      3.093631  1.786073  8.578000            0           0           0  
      1.546831  4.465209  8.578000            0           0           0  
      0.002298  1.784764 16.081090     0.003055    0.017002   -0.002231  
     -1.546808  4.467892 16.081089    -0.001087    0.010630    0.004061  
      3.091288  1.784765 16.081089    -0.004456    0.017280   -0.001835  
      1.546794  4.465231 16.081231    -0.001048    0.019571    0.000007  
      1.546794  0.893049 18.706994    -0.000033   -0.000033   -0.000015  
      0.014457  3.580534 18.703211     0.005902   -0.001794   -0.000612  
      4.640395  0.876349 18.703211     0.000292    0.009262    0.001309  
      3.079131  3.580535 18.703212    -0.006502   -0.001165   -0.000692  
      0.000000  0.000000  3.611250            0           0           0  
     -1.546800  2.679136  3.611250            0           0           0  
      3.093600  0.000000  3.611250            0           0           0  
      1.546800  2.679136  3.611250            0           0           0  
      0.000000  0.000000 10.926500            0           0           0  
     -1.546800  2.679136 10.926500            0           0           0  
      3.093600  0.000000 10.926500            0           0           0  
      1.546800  2.679136 10.926500            0           0           0  
      3.092750  5.357790 13.730047     0.010855   -0.086997   -0.001473  
      4.640393  2.679140 13.729433     0.005677   -0.108377    0.000037  
      0.000837  5.357789 13.730047    -0.002148   -0.087017   -0.001759  
      1.546793  2.680114 13.730047     0.005248   -0.075801    0.003264  
      0.121762  0.070308 21.266948     0.022355   -0.023251   -0.004528  
      4.640395  2.679139 21.115818    -0.001756    0.033583    0.000010  
      2.971820  0.070310 21.266950    -0.022806   -0.020843   -0.005604  
      1.546793  2.538533 21.266948     0.001856    0.017043    0.010153  
      1.546790  0.893049 22.142898    -0.000251    0.004849    0.000014  
 
  61 f  =    7.152247 THz    44.938896 2PiTHz  238.573295 cm-1    29.579305 meV
             X         Y         Z           dx          dy          dz
      0.000031  1.786073  4.861250            0           0           0  
     -1.546769  4.465209  4.861250            0           0           0  
      3.093631  1.786073  4.861250            0           0           0  
      1.546831  4.465209  4.861250            0           0           0  
      0.000000  0.000000  7.269000            0           0           0  
     -1.546800  2.679136  7.269000            0           0           0  
      3.093600  0.000000  7.269000            0           0           0  
      1.546800  2.679136  7.269000            0           0           0  
      1.546769  0.893063  9.676500            0           0           0  
     -0.000031  3.572200  9.676500            0           0           0  
      4.640369  0.893063  9.676500            0           0           0  
      3.093569  3.572200  9.676500            0           0           0  
      1.546793  0.893049 14.989266    -0.000625   -0.000355    0.000027  
     -0.000372  3.571973 14.991356     0.029492   -0.049534   -0.000020  
      4.640394  0.893472 14.991356    -0.057895    0.000449   -0.000006  
      3.093960  3.571974 14.991357     0.029044    0.049650    0.000002  
      0.001405  0.000819 17.384390    -0.006539    0.011059    0.000008  
      4.640394  2.679140 17.382327     0.000235    0.000170    0.000001  
      3.092182  0.000818 17.384391    -0.006437   -0.010979   -0.000006  
      1.546794  2.677510 17.384390     0.012844   -0.000042   -0.000005  
     -0.018874  1.796988 19.751582    -0.002615   -0.004541    0.000071  
     -1.546807  4.443445 19.751583     0.005215   -0.000069    0.000055  
      3.112460  1.796988 19.751583    -0.002650    0.004461   -0.000123  
      1.546793  4.465231 19.773468    -0.000000    0.000005   -0.000008  
      1.546769  0.893063  5.959750            0           0           0  
     -0.000031  3.572200  5.959750            0           0           0  
      4.640369  0.893063  5.959750            0           0           0  
      3.093569  3.572200  5.959750            0           0           0  
      0.000031  1.786073  8.578000            0           0           0  
     -1.546769  4.465209  8.578000            0           0           0  
      3.093631  1.786073  8.578000            0           0           0  
      1.546831  4.465209  8.578000            0           0           0  
      0.002298  1.784764 16.081090    -0.008880   -0.015149   -0.000015  
     -1.546808  4.467892 16.081089     0.017732   -0.000086    0.000001  
      3.091288  1.784765 16.081089    -0.009003    0.015237    0.000027  
      1.546794  4.465231 16.081231     0.000198    0.000152   -0.000010  
      1.546794  0.893049 18.706994    -0.000076   -0.000043   -0.000000  
      0.014457  3.580534 18.703211     0.002717   -0.004613    0.000047  
      4.640395  0.876349 18.703211    -0.005308    0.000039   -0.000024  
      3.079131  3.580535 18.703212     0.002686    0.004633   -0.000027  
      0.000000  0.000000  3.611250            0           0           0  
     -1.546800  2.679136  3.611250            0           0           0  
      3.093600  0.000000  3.611250            0           0           0  
      1.546800  2.679136  3.611250            0           0           0  
      0.000000  0.000000 10.926500            0           0           0  
     -1.546800  2.679136 10.926500            0           0           0  
      3.093600  0.000000 10.926500            0           0           0  
      1.546800  2.679136 10.926500            0           0           0  
      3.092750  5.357790 13.730047     0.047129   -0.079162    0.000011  
      4.640393  2.679140 13.729433    -0.001137   -0.000942   -0.000010  
      0.000837  5.357789 13.730047     0.046255    0.078818   -0.000032  
      1.546793  2.680114 13.730047    -0.092406    0.000502    0.000035  
      0.121762  0.070308 21.266948     0.000073   -0.000452    0.000025  
      4.640395  2.679139 21.115818    -0.000231   -0.000062    0.000003  
      2.971820  0.070310 21.266950     0.000193    0.000561   -0.000036  
      1.546793  2.538533 21.266948    -0.000069   -0.000047    0.000003  
      1.546790  0.893049 22.142898    -0.000021    0.000003   -0.000002  
 
  62 f  =    7.124354 THz    44.763639 2PiTHz  237.642884 cm-1    29.463949 meV
             X         Y         Z           dx          dy          dz
      0.000031  1.786073  4.861250            0           0           0  
     -1.546769  4.465209  4.861250            0           0           0  
      3.093631  1.786073  4.861250            0           0           0  
      1.546831  4.465209  4.861250            0           0           0  
      0.000000  0.000000  7.269000            0           0           0  
     -1.546800  2.679136  7.269000            0           0           0  
      3.093600  0.000000  7.269000            0           0           0  
      1.546800  2.679136  7.269000            0           0           0  
      1.546769  0.893063  9.676500            0           0           0  
     -0.000031  3.572200  9.676500            0           0           0  
      4.640369  0.893063  9.676500            0           0           0  
      3.093569  3.572200  9.676500            0           0           0  
      1.546793  0.893049 14.989266    -0.060503    0.009627    0.000210  
     -0.000372  3.571973 14.991356     0.027055    0.032933    0.004906  
      4.640394  0.893472 14.991356    -0.022105   -0.008087    0.000975  
      3.093960  3.571974 14.991357     0.037248   -0.031657   -0.006100  
      0.001405  0.000819 17.384390    -0.010342   -0.007419    0.000027  
      4.640394  2.679140 17.382327     0.011854   -0.001882    0.000013  
      3.092182  0.000818 17.384391    -0.012746    0.008195   -0.000037  
      1.546794  2.677510 17.384390     0.001608    0.002580    0.000005  
     -0.018874  1.796988 19.751582     0.001500    0.000167    0.004950  
     -1.546807  4.443445 19.751583     0.002221   -0.000212   -0.000792  
      3.112460  1.796988 19.751583     0.001703   -0.000751   -0.004097  
      1.546793  4.465231 19.773468     0.003745   -0.000609   -0.000054  
      1.546769  0.893063  5.959750            0           0           0  
     -0.000031  3.572200  5.959750            0           0           0  
      4.640369  0.893063  5.959750            0           0           0  
      3.093569  3.572200  5.959750            0           0           0  
      0.000031  1.786073  8.578000            0           0           0  
     -1.546769  4.465209  8.578000            0           0           0  
      3.093631  1.786073  8.578000            0           0           0  
      1.546831  4.465209  8.578000            0           0           0  
      0.002298  1.784764 16.081090    -0.014411    0.008957    0.001433  
     -1.546808  4.467892 16.081089     0.000900    0.002787   -0.000221  
      3.091288  1.784765 16.081089    -0.011712   -0.007756   -0.001112  
      1.546794  4.465231 16.081231     0.015797   -0.002543   -0.000104  
      1.546794  0.893049 18.706994    -0.005886    0.000934    0.000036  
      0.014457  3.580534 18.703211     0.001902    0.000023    0.002493  
      4.640395  0.876349 18.703211     0.001622   -0.000348    0.000488  
      3.079131  3.580535 18.703212     0.002013   -0.000557   -0.003016  
      0.000000  0.000000  3.611250            0           0           0  
     -1.546800  2.679136  3.611250            0           0           0  
      3.093600  0.000000  3.611250            0           0           0  
      1.546800  2.679136  3.611250            0           0           0  
      0.000000  0.000000 10.926500            0           0           0  
     -1.546800  2.679136 10.926500            0           0           0  
      3.093600  0.000000 10.926500            0           0           0  
      1.546800  2.679136 10.926500            0           0           0  
      3.092750  5.357790 13.730047     0.070293    0.059969   -0.003430  
      4.640393  2.679140 13.729433    -0.078416    0.012520   -0.000107  
      0.000837  5.357789 13.730047     0.089270   -0.062814    0.004196  
      1.546793  2.680114 13.730047    -0.023860   -0.018464   -0.000666  
      0.121762  0.070308 21.266948    -0.000577   -0.015793    0.003367  
      4.640395  2.679139 21.115818    -0.019293    0.002992    0.000137  
      2.971820  0.070310 21.266950    -0.004836    0.011717   -0.004140  
      1.546793  2.538533 21.266948     0.021098    0.001634    0.000614  
      1.546790  0.893049 22.142898    -0.000933    0.000135   -0.000045  
 
  63 f  =    7.123814 THz    44.760246 2PiTHz  237.624869 cm-1    29.461716 meV
             X         Y         Z           dx          dy          dz
      0.000031  1.786073  4.861250            0           0           0  
     -1.546769  4.465209  4.861250            0           0           0  
      3.093631  1.786073  4.861250            0           0           0  
      1.546831  4.465209  4.861250            0           0           0  
      0.000000  0.000000  7.269000            0           0           0  
     -1.546800  2.679136  7.269000            0           0           0  
      3.093600  0.000000  7.269000            0           0           0  
      1.546800  2.679136  7.269000            0           0           0  
      1.546769  0.893063  9.676500            0           0           0  
     -0.000031  3.572200  9.676500            0           0           0  
      4.640369  0.893063  9.676500            0           0           0  
      3.093569  3.572200  9.676500            0           0           0  
      1.546793  0.893049 14.989266     0.009589    0.060568   -0.000017  
     -0.000372  3.571973 14.991356    -0.036770   -0.001052   -0.004059  
      4.640394  0.893472 14.991356     0.003083   -0.050669    0.006400  
      3.093960  3.571974 14.991357     0.026871    0.009949   -0.002322  
      0.001405  0.000819 17.384390     0.009469    0.004109    0.000006  
      4.640394  2.679140 17.382327    -0.001923   -0.011729   -0.000003  
      3.092182  0.000818 17.384391    -0.005937    0.001484   -0.000003  
      1.546794  2.677510 17.384390    -0.000193    0.016136    0.000000  
     -0.018874  1.796988 19.751582    -0.000599   -0.002193    0.001849  
     -1.546807  4.443445 19.751583    -0.000278   -0.001506   -0.005162  
      3.112460  1.796988 19.751583     0.000075   -0.002007    0.003293  
      1.546793  4.465231 19.773468    -0.000577   -0.003770    0.000016  
      1.546769  0.893063  5.959750            0           0           0  
     -0.000031  3.572200  5.959750            0           0           0  
      4.640369  0.893063  5.959750            0           0           0  
      3.093569  3.572200  5.959750            0           0           0  
      0.000031  1.786073  8.578000            0           0           0  
     -1.546769  4.465209  8.578000            0           0           0  
      3.093631  1.786073  8.578000            0           0           0  
      1.546831  4.465209  8.578000            0           0           0  
      0.002298  1.784764 16.081090    -0.006203    0.002311    0.000532  
     -1.546808  4.467892 16.081089    -0.000042    0.017961   -0.001458  
      3.091288  1.784765 16.081089     0.010186    0.005198    0.000918  
      1.546794  4.465231 16.081231    -0.002536   -0.015730    0.000010  
      1.546794  0.893049 18.706994     0.000931    0.005854   -0.000006  
      0.014457  3.580534 18.703211    -0.000499   -0.001784   -0.002057  
      4.640395  0.876349 18.703211    -0.000300   -0.002073    0.003215  
      3.079131  3.580535 18.703212    -0.000082   -0.001633   -0.001154  
      0.000000  0.000000  3.611250            0           0           0  
     -1.546800  2.679136  3.611250            0           0           0  
      3.093600  0.000000  3.611250            0           0           0  
      1.546800  2.679136  3.611250            0           0           0  
      0.000000  0.000000 10.926500            0           0           0  
     -1.546800  2.679136 10.926500            0           0           0  
      3.093600  0.000000 10.926500            0           0           0  
      1.546800  2.679136 10.926500            0           0           0  
      3.092750  5.357790 13.730047    -0.072884   -0.020873    0.002779  
      4.640393  2.679140 13.729433     0.012582    0.077817   -0.000029  
      0.000837  5.357789 13.730047     0.048322   -0.000361    0.001565  
      1.546793  2.680114 13.730047     0.003323   -0.115478   -0.004315  
      0.121762  0.070308 21.266948     0.014320   -0.011097   -0.002731  
      4.640395  2.679139 21.115818     0.003108    0.019509   -0.000019  
      2.971820  0.070310 21.266950    -0.013443   -0.015526   -0.001585  
      1.546793  2.538533 21.266948    -0.003405    0.010724    0.004316  
      1.546790  0.893049 22.142898     0.000160    0.000959    0.000003  
 
  64 f  =    7.010095 THz    44.045728 2PiTHz  233.831608 cm-1    28.991411 meV
             X         Y         Z           dx          dy          dz
      0.000031  1.786073  4.861250            0           0           0  
     -1.546769  4.465209  4.861250            0           0           0  
      3.093631  1.786073  4.861250            0           0           0  
      1.546831  4.465209  4.861250            0           0           0  
      0.000000  0.000000  7.269000            0           0           0  
     -1.546800  2.679136  7.269000            0           0           0  
      3.093600  0.000000  7.269000            0           0           0  
      1.546800  2.679136  7.269000            0           0           0  
      1.546769  0.893063  9.676500            0           0           0  
     -0.000031  3.572200  9.676500            0           0           0  
      4.640369  0.893063  9.676500            0           0           0  
      3.093569  3.572200  9.676500            0           0           0  
      1.546793  0.893049 14.989266    -0.000152   -0.000070   -0.071303  
     -0.000372  3.571973 14.991356     0.009740    0.005757    0.026111  
      4.640394  0.893472 14.991356    -0.000168   -0.011201    0.025890  
      3.093960  3.571974 14.991357    -0.009540    0.005503    0.026537  
      0.001405  0.000819 17.384390     0.008370    0.004958   -0.000933  
      4.640394  2.679140 17.382327     0.000102   -0.000083   -0.003142  
      3.092182  0.000818 17.384391    -0.008471    0.004914   -0.000889  
      1.546794  2.677510 17.384390    -0.000074   -0.009798   -0.000952  
     -0.018874  1.796988 19.751582     0.014758   -0.008512   -0.011336  
     -1.546807  4.443445 19.751583     0.000017    0.017031   -0.011386  
      3.112460  1.796988 19.751583    -0.014720   -0.008503   -0.011384  
      1.546793  4.465231 19.773468    -0.000003    0.000003    0.026050  
      1.546769  0.893063  5.959750            0           0           0  
     -0.000031  3.572200  5.959750            0           0           0  
      4.640369  0.893063  5.959750            0           0           0  
      3.093569  3.572200  5.959750            0           0           0  
      0.000031  1.786073  8.578000            0           0           0  
     -1.546769  4.465209  8.578000            0           0           0  
      3.093631  1.786073  8.578000            0           0           0  
      1.546831  4.465209  8.578000            0           0           0  
      0.002298  1.784764 16.081090     0.015308   -0.008884   -0.011130  
     -1.546808  4.467892 16.081089     0.000070    0.017812   -0.010785  
      3.091288  1.784765 16.081089    -0.015418   -0.009014   -0.010892  
      1.546794  4.465231 16.081231    -0.000024    0.000074    0.036231  
      1.546794  0.893049 18.706994    -0.000025    0.000008   -0.021799  
      0.014457  3.580534 18.703211     0.001923    0.001101    0.006005  
      4.640395  0.876349 18.703211     0.000010   -0.002219    0.006006  
      3.079131  3.580535 18.703212    -0.001922    0.001120    0.005968  
      0.000000  0.000000  3.611250            0           0           0  
     -1.546800  2.679136  3.611250            0           0           0  
      3.093600  0.000000  3.611250            0           0           0  
      1.546800  2.679136  3.611250            0           0           0  
      0.000000  0.000000 10.926500            0           0           0  
     -1.546800  2.679136 10.926500            0           0           0  
      3.093600  0.000000 10.926500            0           0           0  
      1.546800  2.679136 10.926500            0           0           0  
      3.092750  5.357790 13.730047    -0.067578   -0.039452   -0.011074  
      4.640393  2.679140 13.729433    -0.000366    0.000357    0.044525  
      0.000837  5.357789 13.730047     0.068090   -0.039371   -0.011317  
      1.546793  2.680114 13.730047     0.000261    0.078489   -0.010924  
      0.121762  0.070308 21.266948     0.002742    0.001476    0.020642  
      4.640395  2.679139 21.115818    -0.000155    0.000026   -0.061101  
      2.971820  0.070310 21.266950    -0.002765    0.001681    0.020711  
      1.546793  2.538533 21.266948     0.000166   -0.003182    0.020571  
      1.546790  0.893049 22.142898    -0.000009   -0.000007    0.022827  
 
  65 f  =    6.916659 THz    43.458652 2PiTHz  230.714921 cm-1    28.604992 meV
             X         Y         Z           dx          dy          dz
      0.000031  1.786073  4.861250            0           0           0  
     -1.546769  4.465209  4.861250            0           0           0  
      3.093631  1.786073  4.861250            0           0           0  
      1.546831  4.465209  4.861250            0           0           0  
      0.000000  0.000000  7.269000            0           0           0  
     -1.546800  2.679136  7.269000            0           0           0  
      3.093600  0.000000  7.269000            0           0           0  
      1.546800  2.679136  7.269000            0           0           0  
      1.546769  0.893063  9.676500            0           0           0  
     -0.000031  3.572200  9.676500            0           0           0  
      4.640369  0.893063  9.676500            0           0           0  
      3.093569  3.572200  9.676500            0           0           0  
      1.546793  0.893049 14.989266     0.005338    0.013838   -0.000138  
     -0.000372  3.571973 14.991356     0.011913   -0.006058   -0.058022  
      4.640394  0.893472 14.991356    -0.006217    0.008860    0.070099  
      3.093960  3.571974 14.991357    -0.010283   -0.014561   -0.011918  
      0.001405  0.000819 17.384390     0.009179   -0.008546   -0.005812  
      4.640394  2.679140 17.382327     0.007967    0.021018    0.000004  
      3.092182  0.000818 17.384391    -0.010019   -0.015820   -0.001199  
      1.546794  2.677510 17.384390    -0.006757    0.004386    0.006992  
     -0.018874  1.796988 19.751582    -0.000669   -0.001264   -0.000334  
     -1.546807  4.443445 19.751583    -0.000546    0.000200    0.001792  
      3.112460  1.796988 19.751583     0.000559   -0.000765   -0.001521  
      1.546793  4.465231 19.773468    -0.000232   -0.000585    0.000036  
      1.546769  0.893063  5.959750            0           0           0  
     -0.000031  3.572200  5.959750            0           0           0  
      4.640369  0.893063  5.959750            0           0           0  
      3.093569  3.572200  5.959750            0           0           0  
      0.000031  1.786073  8.578000            0           0           0  
     -1.546769  4.465209  8.578000            0           0           0  
      3.093631  1.786073  8.578000            0           0           0  
      1.546831  4.465209  8.578000            0           0           0  
      0.002298  1.784764 16.081090     0.011201    0.016983    0.006436  
     -1.546808  4.467892 16.081089     0.007240   -0.006694   -0.037769  
      3.091288  1.784765 16.081089    -0.011318    0.008417    0.031276  
      1.546794  4.465231 16.081231    -0.006985   -0.018271    0.000071  
      1.546794  0.893049 18.706994    -0.000452   -0.001240   -0.000059  
      0.014457  3.580534 18.703211    -0.000087    0.000378    0.003451  
      4.640395  0.876349 18.703211     0.000215    0.000143   -0.004127  
      3.079131  3.580535 18.703212     0.000243    0.000492    0.000721  
      0.000000  0.000000  3.611250            0           0           0  
     -1.546800  2.679136  3.611250            0           0           0  
      3.093600  0.000000  3.611250            0           0           0  
      1.546800  2.679136  3.611250            0           0           0  
      0.000000  0.000000 10.926500            0           0           0  
     -1.546800  2.679136 10.926500            0           0           0  
      3.093600  0.000000 10.926500            0           0           0  
      1.546800  2.679136 10.926500            0           0           0  
      3.092750  5.357790 13.730047    -0.041877    0.034682    0.037291  
      4.640393  2.679140 13.729433    -0.033249   -0.087410    0.000077  
      0.000837  5.357789 13.730047     0.043407    0.066952    0.007691  
      1.546793  2.680114 13.730047     0.028675   -0.022478   -0.045026  
      0.121762  0.070308 21.266948    -0.007857    0.007627   -0.015853  
      4.640395  2.679139 21.115818    -0.004377   -0.011694   -0.000157  
      2.971820  0.070310 21.266950     0.008717    0.013909   -0.003263  
      1.546793  2.538533 21.266948     0.005858   -0.003639    0.019262  
      1.546790  0.893049 22.142898    -0.000097   -0.000206    0.000070  
 
  66 f  =    6.916154 THz    43.455478 2PiTHz  230.698068 cm-1    28.602902 meV
             X         Y         Z           dx          dy          dz
      0.000031  1.786073  4.861250            0           0           0  
     -1.546769  4.465209  4.861250            0           0           0  
      3.093631  1.786073  4.861250            0           0           0  
      1.546831  4.465209  4.861250            0           0           0  
      0.000000  0.000000  7.269000            0           0           0  
     -1.546800  2.679136  7.269000            0           0           0  
      3.093600  0.000000  7.269000            0           0           0  
      1.546800  2.679136  7.269000            0           0           0  
      1.546769  0.893063  9.676500            0           0           0  
     -0.000031  3.572200  9.676500            0           0           0  
      4.640369  0.893063  9.676500            0           0           0  
      3.093569  3.572200  9.676500            0           0           0  
      1.546793  0.893049 14.989266    -0.013882    0.005216   -0.000283  
     -0.000372  3.571973 14.991356     0.001914   -0.014970    0.047462  
      4.640394  0.893472 14.991356     0.016661    0.003405    0.026718  
      3.093960  3.571974 14.991357    -0.006647    0.007201   -0.073846  
      0.001405  0.000819 17.384390     0.004809   -0.014187    0.004720  
      4.640394  2.679140 17.382327    -0.020958    0.007989    0.000001  
      3.092182  0.000818 17.384391    -0.002518    0.004979   -0.007403  
      1.546794  2.677510 17.384390     0.017752    0.001641    0.002647  
     -0.018874  1.796988 19.751582     0.000043    0.000205   -0.001952  
     -1.546807  4.443445 19.751583     0.001375    0.000134    0.000624  
      3.112460  1.796988 19.751583     0.000363   -0.001076    0.001160  
      1.546793  4.465231 19.773468     0.000570   -0.000216    0.000110  
      1.546769  0.893063  5.959750            0           0           0  
     -0.000031  3.572200  5.959750            0           0           0  
      4.640369  0.893063  5.959750            0           0           0  
      3.093569  3.572200  5.959750            0           0           0  
      0.000031  1.786073  8.578000            0           0           0  
     -1.546769  4.465209  8.578000            0           0           0  
      3.093631  1.786073  8.578000            0           0           0  
      1.546831  4.465209  8.578000            0           0           0  
      0.002298  1.784764 16.081090     0.004583   -0.006430    0.039816  
     -1.546808  4.467892 16.081089    -0.019151   -0.002498   -0.014381  
      3.091288  1.784765 16.081089    -0.004100    0.016039   -0.025557  
      1.546794  4.465231 16.081231     0.018322   -0.006911    0.000149  
      1.546794  0.893049 18.706994     0.001233   -0.000475   -0.000125  
      0.014457  3.580534 18.703211    -0.000279    0.000320   -0.002765  
      4.640395  0.876349 18.703211    -0.000528    0.000055   -0.001542  
      3.079131  3.580535 18.703212    -0.000178    0.000009    0.004397  
      0.000000  0.000000  3.611250            0           0           0  
     -1.546800  2.679136  3.611250            0           0           0  
      3.093600  0.000000  3.611250            0           0           0  
      1.546800  2.679136  3.611250            0           0           0  
      0.000000  0.000000 10.926500            0           0           0  
     -1.546800  2.679136 10.926500            0           0           0  
      3.093600  0.000000 10.926500            0           0           0  
      1.546800  2.679136 10.926500            0           0           0  
      3.092750  5.357790 13.730047    -0.018479    0.061551   -0.030455  
      4.640393  2.679140 13.729433     0.087417   -0.033236    0.000194  
      0.000837  5.357789 13.730047     0.014456   -0.023305    0.047495  
      1.546793  2.680114 13.730047    -0.075621   -0.008315   -0.017150  
      0.121762  0.070308 21.266948    -0.004295    0.012317    0.013070  
      4.640395  2.679139 21.115818     0.011604   -0.004411   -0.000307  
      2.971820  0.070310 21.266950     0.001933   -0.004163   -0.020186  
      1.546793  2.538533 21.266948    -0.015454   -0.001379    0.007413  
      1.546790  0.893049 22.142898     0.000205   -0.000079    0.000120  
 
  67 f  =    6.666054 THz    41.884050 2PiTHz  222.355614 cm-1    27.568570 meV
             X         Y         Z           dx          dy          dz
      0.000031  1.786073  4.861250            0           0           0  
     -1.546769  4.465209  4.861250            0           0           0  
      3.093631  1.786073  4.861250            0           0           0  
      1.546831  4.465209  4.861250            0           0           0  
      0.000000  0.000000  7.269000            0           0           0  
     -1.546800  2.679136  7.269000            0           0           0  
      3.093600  0.000000  7.269000            0           0           0  
      1.546800  2.679136  7.269000            0           0           0  
      1.546769  0.893063  9.676500            0           0           0  
     -0.000031  3.572200  9.676500            0           0           0  
      4.640369  0.893063  9.676500            0           0           0  
      3.093569  3.572200  9.676500            0           0           0  
      1.546793  0.893049 14.989266     0.000104   -0.000126    0.000053  
     -0.000372  3.571973 14.991356     0.027081   -0.047089   -0.000092  
      4.640394  0.893472 14.991356    -0.054270    0.000142    0.000042  
      3.093960  3.571974 14.991357     0.026963    0.047022    0.000026  
      0.001405  0.000819 17.384390    -0.001078    0.001792   -0.000024  
      4.640394  2.679140 17.382327     0.000034    0.000013    0.000024  
      3.092182  0.000818 17.384391    -0.001041   -0.001855   -0.000004  
      1.546794  2.677510 17.384390     0.002103    0.000010   -0.000007  
     -0.018874  1.796988 19.751582    -0.010148   -0.018212   -0.000017  
     -1.546807  4.443445 19.751583     0.020738    0.000011   -0.000034  
      3.112460  1.796988 19.751583    -0.010311    0.018169   -0.000040  
      1.546793  4.465231 19.773468    -0.000184    0.000049    0.000059  
      1.546769  0.893063  5.959750            0           0           0  
     -0.000031  3.572200  5.959750            0           0           0  
      4.640369  0.893063  5.959750            0           0           0  
      3.093569  3.572200  5.959750            0           0           0  
      0.000031  1.786073  8.578000            0           0           0  
     -1.546769  4.465209  8.578000            0           0           0  
      3.093631  1.786073  8.578000            0           0           0  
      1.546831  4.465209  8.578000            0           0           0  
      0.002298  1.784764 16.081090    -0.011333   -0.019729    0.000003  
     -1.546808  4.467892 16.081089     0.022756   -0.000074   -0.000014  
      3.091288  1.784765 16.081089    -0.011384    0.019745    0.000062  
      1.546794  4.465231 16.081231    -0.000091    0.000027   -0.000033  
      1.546794  0.893049 18.706994     0.000128   -0.000031   -0.000077  
      0.014457  3.580534 18.703211     0.005881   -0.010326    0.000041  
      4.640395  0.876349 18.703211    -0.011827    0.000022    0.000017  
      3.079131  3.580535 18.703212     0.005861    0.010328    0.000003  
      0.000000  0.000000  3.611250            0           0           0  
     -1.546800  2.679136  3.611250            0           0           0  
      3.093600  0.000000  3.611250            0           0           0  
      1.546800  2.679136  3.611250            0           0           0  
      0.000000  0.000000 10.926500            0           0           0  
     -1.546800  2.679136 10.926500            0           0           0  
      3.093600  0.000000 10.926500            0           0           0  
      1.546800  2.679136 10.926500            0           0           0  
      3.092750  5.357790 13.730047    -0.046252    0.080465    0.000069  
      4.640393  2.679140 13.729433    -0.000243    0.000085   -0.000020  
      0.000837  5.357789 13.730047    -0.046097   -0.080246    0.000009  
      1.546793  2.680114 13.730047     0.092768   -0.000157   -0.000019  
      0.121762  0.070308 21.266948     0.001296   -0.002459    0.000231  
      4.640395  2.679139 21.115818     0.000257   -0.000099   -0.000147  
      2.971820  0.070310 21.266950     0.001320    0.002584   -0.000211  
      1.546793  2.538533 21.266948    -0.003017    0.000004    0.000108  
      1.546790  0.893049 22.142898    -0.000096    0.000019    0.000059  
 
  68 f  =    6.652124 THz    41.796527 2PiTHz  221.890967 cm-1    27.510961 meV
             X         Y         Z           dx          dy          dz
      0.000031  1.786073  4.861250            0           0           0  
     -1.546769  4.465209  4.861250            0           0           0  
      3.093631  1.786073  4.861250            0           0           0  
      1.546831  4.465209  4.861250            0           0           0  
      0.000000  0.000000  7.269000            0           0           0  
     -1.546800  2.679136  7.269000            0           0           0  
      3.093600  0.000000  7.269000            0           0           0  
      1.546800  2.679136  7.269000            0           0           0  
      1.546769  0.893063  9.676500            0           0           0  
     -0.000031  3.572200  9.676500            0           0           0  
      4.640369  0.893063  9.676500            0           0           0  
      3.093569  3.572200  9.676500            0           0           0  
      1.546793  0.893049 14.989266     0.000309   -0.000547   -0.038005  
     -0.000372  3.571973 14.991356     0.014942    0.008328    0.001631  
      4.640394  0.893472 14.991356     0.000004   -0.016552    0.001602  
      3.093960  3.571974 14.991357    -0.015258    0.008783    0.001668  
      0.001405  0.000819 17.384390     0.012009    0.006832    0.010713  
      4.640394  2.679140 17.382327     0.000074   -0.000070   -0.020042  
      3.092182  0.000818 17.384391    -0.011972    0.006879    0.010793  
      1.546794  2.677510 17.384390     0.000071   -0.013839    0.010690  
     -0.018874  1.796988 19.751582    -0.038484    0.022355    0.018753  
     -1.546807  4.443445 19.751583    -0.000281   -0.046340    0.018717  
      3.112460  1.796988 19.751583     0.039369    0.023265    0.018732  
      1.546793  4.465231 19.773468    -0.000497    0.000598   -0.020453  
      1.546769  0.893063  5.959750            0           0           0  
     -0.000031  3.572200  5.959750            0           0           0  
      4.640369  0.893063  5.959750            0           0           0  
      3.093569  3.572200  5.959750            0           0           0  
      0.000031  1.786073  8.578000            0           0           0  
     -1.546769  4.465209  8.578000            0           0           0  
      3.093631  1.786073  8.578000            0           0           0  
      1.546831  4.465209  8.578000            0           0           0  
      0.002298  1.784764 16.081090     0.007814   -0.004511   -0.014067  
     -1.546808  4.467892 16.081089     0.000016    0.008533   -0.014053  
      3.091288  1.784765 16.081089    -0.007637   -0.004318   -0.014055  
      1.546794  4.465231 16.081231    -0.000140    0.000242    0.020391  
      1.546794  0.893049 18.706994     0.000349   -0.000406    0.058649  
      0.014457  3.580534 18.703211     0.001142    0.000519   -0.012130  
      4.640395  0.876349 18.703211     0.000057   -0.001022   -0.012098  
      3.079131  3.580535 18.703212    -0.001466    0.000817   -0.012249  
      0.000000  0.000000  3.611250            0           0           0  
     -1.546800  2.679136  3.611250            0           0           0  
      3.093600  0.000000  3.611250            0           0           0  
      1.546800  2.679136  3.611250            0           0           0  
      0.000000  0.000000 10.926500            0           0           0  
     -1.546800  2.679136 10.926500            0           0           0  
      3.093600  0.000000 10.926500            0           0           0  
      1.546800  2.679136 10.926500            0           0           0  
      3.092750  5.357790 13.730047    -0.023186   -0.012719   -0.023054  
      4.640393  2.679140 13.729433    -0.000663    0.001000    0.023593  
      0.000837  5.357789 13.730047     0.023691   -0.013581   -0.023142  
      1.546793  2.680114 13.730047    -0.000156    0.025639   -0.023006  
      0.121762  0.070308 21.266948    -0.017807   -0.009644   -0.029923  
      4.640395  2.679139 21.115818     0.000755   -0.000901    0.107973  
      2.971820  0.070310 21.266950     0.017054   -0.009640   -0.031078  
      1.546793  2.538533 21.266948    -0.000389    0.020578   -0.029322  
      1.546790  0.893049 22.142898    -0.000256    0.000297   -0.055004  
 
  69 f  =    6.644211 THz    41.746812 2PiTHz  221.627040 cm-1    27.478238 meV
             X         Y         Z           dx          dy          dz
      0.000031  1.786073  4.861250            0           0           0  
     -1.546769  4.465209  4.861250            0           0           0  
      3.093631  1.786073  4.861250            0           0           0  
      1.546831  4.465209  4.861250            0           0           0  
      0.000000  0.000000  7.269000            0           0           0  
     -1.546800  2.679136  7.269000            0           0           0  
      3.093600  0.000000  7.269000            0           0           0  
      1.546800  2.679136  7.269000            0           0           0  
      1.546769  0.893063  9.676500            0           0           0  
     -0.000031  3.572200  9.676500            0           0           0  
      4.640369  0.893063  9.676500            0           0           0  
      3.093569  3.572200  9.676500            0           0           0  
      1.546793  0.893049 14.989266    -0.010616   -0.035049    0.000410  
     -0.000372  3.571973 14.991356     0.025936    0.006781    0.002936  
      4.640394  0.893472 14.991356    -0.003022    0.034338   -0.003935  
      3.093960  3.571974 14.991357    -0.011942   -0.004840    0.000967  
      0.001405  0.000819 17.384390     0.000349   -0.003476    0.001789  
      4.640394  2.679140 17.382327    -0.001912   -0.006380    0.000233  
      3.092182  0.000818 17.384391    -0.001813   -0.004195    0.000488  
      1.546794  2.677510 17.384390    -0.001349   -0.001574   -0.002640  
     -0.018874  1.796988 19.751582     0.023324    0.012464    0.000501  
     -1.546807  4.443445 19.751583     0.006634   -0.055771   -0.003051  
      3.112460  1.796988 19.751583    -0.045366   -0.007950    0.002028  
      1.546793  4.465231 19.773468     0.012463    0.041427    0.000118  
      1.546769  0.893063  5.959750            0           0           0  
     -0.000031  3.572200  5.959750            0           0           0  
      4.640369  0.893063  5.959750            0           0           0  
      3.093569  3.572200  5.959750            0           0           0  
      0.000031  1.786073  8.578000            0           0           0  
     -1.546769  4.465209  8.578000            0           0           0  
      3.093631  1.786073  8.578000            0           0           0  
      1.546831  4.465209  8.578000            0           0           0  
      0.002298  1.784764 16.081090     0.004293    0.000245   -0.000149  
     -1.546808  4.467892 16.081089     0.000705   -0.015649    0.001353  
      3.091288  1.784765 16.081089    -0.011006   -0.004472   -0.000732  
      1.546794  4.465231 16.081231     0.004783    0.015858   -0.000221  
      1.546794  0.893049 18.706994    -0.008393   -0.027918   -0.000614  
      0.014457  3.580534 18.703211     0.015290    0.003568   -0.002972  
      4.640395  0.876349 18.703211    -0.001920    0.019803    0.004186  
      3.079131  3.580535 18.703212    -0.007329   -0.003258   -0.000854  
      0.000000  0.000000  3.611250            0           0           0  
     -1.546800  2.679136  3.611250            0           0           0  
      3.093600  0.000000  3.611250            0           0           0  
      1.546800  2.679136  3.611250            0           0           0  
      0.000000  0.000000 10.926500            0           0           0  
     -1.546800  2.679136 10.926500            0           0           0  
      3.093600  0.000000 10.926500            0           0           0  
      1.546800  2.679136 10.926500            0           0           0  
      3.092750  5.357790 13.730047    -0.041397   -0.005266   -0.003485  
      4.640393  2.679140 13.729433     0.020534    0.068166   -0.000256  
      0.000837  5.357789 13.730047     0.021815    0.014161   -0.000979  
      1.546793  2.680114 13.730047     0.006867   -0.051216    0.005235  
      0.121762  0.070308 21.266948     0.007133    0.032512   -0.041459  
      4.640395  2.679139 21.115818    -0.017951   -0.059786   -0.001117  
      2.971820  0.070310 21.266950     0.011196    0.033875   -0.012857  
      1.546793  2.538533 21.266948     0.010312    0.028962    0.055224  
      1.546790  0.893049 22.142898     0.006028    0.020113    0.000602  
 
  70 f  =    6.644065 THz    41.745894 2PiTHz  221.622165 cm-1    27.477634 meV
             X         Y         Z           dx          dy          dz
      0.000031  1.786073  4.861250            0           0           0  
     -1.546769  4.465209  4.861250            0           0           0  
      3.093631  1.786073  4.861250            0           0           0  
      1.546831  4.465209  4.861250            0           0           0  
      0.000000  0.000000  7.269000            0           0           0  
     -1.546800  2.679136  7.269000            0           0           0  
      3.093600  0.000000  7.269000            0           0           0  
      1.546800  2.679136  7.269000            0           0           0  
      1.546769  0.893063  9.676500            0           0           0  
     -0.000031  3.572200  9.676500            0           0           0  
      4.640369  0.893063  9.676500            0           0           0  
      3.093569  3.572200  9.676500            0           0           0  
      1.546793  0.893049 14.989266    -0.035252    0.010594   -0.000532  
     -0.000372  3.571973 14.991356     0.017843    0.018845    0.002754  
      4.640394  0.893472 14.991356    -0.010331   -0.010548    0.001235  
      3.093960  3.571974 14.991357     0.028938   -0.019243   -0.003945  
      0.001405  0.000819 17.384390    -0.002601    0.002418    0.001907  
      4.640394  2.679140 17.382327    -0.006332    0.001936   -0.000291  
      3.092182  0.000818 17.384391    -0.002242    0.000038   -0.002360  
      1.546794  2.677510 17.384390    -0.004444    0.000324    0.000917  
     -0.018874  1.796988 19.751582    -0.047350    0.033319   -0.002671  
     -1.546807  4.443445 19.751583     0.022013    0.016261    0.001152  
      3.112460  1.796988 19.751583    -0.025782   -0.034168    0.002347  
      1.546793  4.465231 19.773468     0.041356   -0.012467   -0.000301  
      1.546769  0.893063  5.959750            0           0           0  
     -0.000031  3.572200  5.959750            0           0           0  
      4.640369  0.893063  5.959750            0           0           0  
      3.093569  3.572200  5.959750            0           0           0  
      0.000031  1.786073  8.578000            0           0           0  
     -1.546769  4.465209  8.578000            0           0           0  
      3.093631  1.786073  8.578000            0           0           0  
      1.546831  4.465209  8.578000            0           0           0  
      0.002298  1.784764 16.081090    -0.013425    0.008309    0.000985  
     -1.546808  4.467892 16.081089     0.002453    0.004815   -0.000585  
      3.091288  1.784765 16.081089    -0.008978   -0.007111   -0.001005  
      1.546794  4.465231 16.081231     0.015918   -0.004793    0.000284  
      1.546794  0.893049 18.706994    -0.027825    0.008397    0.000857  
      0.014457  3.580534 18.703211     0.009826    0.011244   -0.003026  
      4.640395  0.876349 18.703211    -0.006399   -0.005973   -0.001407  
      3.079131  3.580535 18.703212     0.016613   -0.011317    0.003905  
      0.000000  0.000000  3.611250            0           0           0  
     -1.546800  2.679136  3.611250            0           0           0  
      3.093600  0.000000  3.611250            0           0           0  
      1.546800  2.679136  3.611250            0           0           0  
      0.000000  0.000000 10.926500            0           0           0  
     -1.546800  2.679136 10.926500            0           0           0  
      3.093600  0.000000 10.926500            0           0           0  
      1.546800  2.679136 10.926500            0           0           0  
      3.092750  5.357790 13.730047    -0.023579   -0.033140   -0.003814  
      4.640393  2.679140 13.729433     0.068334   -0.020635    0.000330  
      0.000837  5.357789 13.730047    -0.042141    0.030258    0.004672  
      1.546793  2.680114 13.730047     0.023273    0.015687   -0.001853  
      0.121762  0.070308 21.266948     0.030825   -0.012244   -0.039679  
      4.640395  2.679139 21.115818    -0.059652    0.017945    0.001573  
      2.971820  0.070310 21.266950     0.030006   -0.007889    0.055316  
      1.546793  2.538533 21.266948     0.034193   -0.008505   -0.016931  
      1.546790  0.893049 22.142898     0.020055   -0.006044   -0.000782  
 
  71 f  =    6.564217 THz    41.244194 2PiTHz  218.958724 cm-1    27.147410 meV
             X         Y         Z           dx          dy          dz
      0.000031  1.786073  4.861250            0           0           0  
     -1.546769  4.465209  4.861250            0           0           0  
      3.093631  1.786073  4.861250            0           0           0  
      1.546831  4.465209  4.861250            0           0           0  
      0.000000  0.000000  7.269000            0           0           0  
     -1.546800  2.679136  7.269000            0           0           0  
      3.093600  0.000000  7.269000            0           0           0  
      1.546800  2.679136  7.269000            0           0           0  
      1.546769  0.893063  9.676500            0           0           0  
     -0.000031  3.572200  9.676500            0           0           0  
      4.640369  0.893063  9.676500            0           0           0  
      3.093569  3.572200  9.676500            0           0           0  
      1.546793  0.893049 14.989266    -0.042449    0.028038    0.000053  
     -0.000372  3.571973 14.991356     0.010217    0.028149   -0.000994  
      4.640394  0.893472 14.991356    -0.017964   -0.028229   -0.001141  
      3.093960  3.571974 14.991357     0.044977   -0.024516    0.002168  
      0.001405  0.000819 17.384390     0.000324   -0.005572   -0.001475  
      4.640394  2.679140 17.382327     0.008040   -0.005267    0.000030  
      3.092182  0.000818 17.384391    -0.004987    0.002513    0.003241  
      1.546794  2.677510 17.384390     0.004645    0.003084   -0.001809  
     -0.018874  1.796988 19.751582     0.041808   -0.022988    0.000221  
     -1.546807  4.443445 19.751583    -0.015109   -0.026134   -0.000143  
      3.112460  1.796988 19.751583     0.010412    0.024799   -0.000126  
      1.546793  4.465231 19.773468    -0.027313    0.017886   -0.000047  
      1.546769  0.893063  5.959750            0           0           0  
     -0.000031  3.572200  5.959750            0           0           0  
      4.640369  0.893063  5.959750            0           0           0  
      3.093569  3.572200  5.959750            0           0           0  
      0.000031  1.786073  8.578000            0           0           0  
     -1.546769  4.465209  8.578000            0           0           0  
      3.093631  1.786073  8.578000            0           0           0  
      1.546831  4.465209  8.578000            0           0           0  
      0.002298  1.784764 16.081090    -0.017383    0.009494   -0.002342  
     -1.546808  4.467892 16.081089     0.006789    0.010916    0.001309  
      3.091288  1.784765 16.081089    -0.004033   -0.010722    0.001107  
      1.546794  4.465231 16.081231     0.015886   -0.010505   -0.000018  
      1.546794  0.893049 18.706994     0.017650   -0.011575   -0.000064  
      0.014457  3.580534 18.703211    -0.003689   -0.007271    0.002140  
      4.640395  0.876349 18.703211     0.004117    0.008317    0.002648  
      3.079131  3.580535 18.703212    -0.013231    0.007353   -0.004782  
      0.000000  0.000000  3.611250            0           0           0  
     -1.546800  2.679136  3.611250            0           0           0  
      3.093600  0.000000  3.611250            0           0           0  
      1.546800  2.679136  3.611250            0           0           0  
      0.000000  0.000000 10.926500            0           0           0  
     -1.546800  2.679136 10.926500            0           0           0  
      3.093600  0.000000 10.926500            0           0           0  
      1.546800  2.679136 10.926500            0           0           0  
      3.092750  5.357790 13.730047    -0.017598   -0.036763    0.002603  
      4.640393  2.679140 13.729433     0.058701   -0.038942   -0.000011  
      0.000837  5.357789 13.730047    -0.065916    0.036304   -0.005624  
      1.546793  2.680114 13.730047     0.021513    0.041474    0.003144  
      0.121762  0.070308 21.266948    -0.019376    0.011816    0.018643  
      4.640395  2.679139 21.115818     0.030763   -0.020112   -0.000081  
      2.971820  0.070310 21.266950    -0.020338    0.013229   -0.041295  
      1.546793  2.538533 21.266948    -0.018689    0.013229    0.022669  
      1.546790  0.893049 22.142898    -0.012655    0.008285    0.000056  
 
  72 f  =    6.564192 THz    41.244036 2PiTHz  218.957882 cm-1    27.147305 meV
             X         Y         Z           dx          dy          dz
      0.000031  1.786073  4.861250            0           0           0  
     -1.546769  4.465209  4.861250            0           0           0  
      3.093631  1.786073  4.861250            0           0           0  
      1.546831  4.465209  4.861250            0           0           0  
      0.000000  0.000000  7.269000            0           0           0  
     -1.546800  2.679136  7.269000            0           0           0  
      3.093600  0.000000  7.269000            0           0           0  
      1.546800  2.679136  7.269000            0           0           0  
      1.546769  0.893063  9.676500            0           0           0  
     -0.000031  3.572200  9.676500            0           0           0  
      4.640369  0.893063  9.676500            0           0           0  
      3.093569  3.572200  9.676500            0           0           0  
      1.546793  0.893049 14.989266    -0.027984   -0.042545    0.000080  
     -0.000372  3.571973 14.991356     0.044520    0.014612   -0.001973  
      4.640394  0.893472 14.991356    -0.011811    0.042921    0.001761  
      3.093960  3.571974 14.991357    -0.008174   -0.020171    0.000160  
      0.001405  0.000819 17.384390    -0.005598   -0.000356   -0.002926  
      4.640394  2.679140 17.382327     0.005306    0.007991    0.000015  
      3.092182  0.000818 17.384391     0.002520    0.004955    0.000187  
      1.546794  2.677510 17.384390     0.003052   -0.004640    0.002720  
     -0.018874  1.796988 19.751582    -0.006487   -0.017122    0.000003  
     -1.546807  4.443445 19.751583    -0.010004    0.039740    0.000146  
      3.112460  1.796988 19.751583     0.040920    0.014248   -0.000240  
      1.546793  4.465231 19.773468    -0.017960   -0.027125    0.000066  
      1.546769  0.893063  5.959750            0           0           0  
     -0.000031  3.572200  5.959750            0           0           0  
      4.640369  0.893063  5.959750            0           0           0  
      3.093569  3.572200  5.959750            0           0           0  
      0.000031  1.786073  8.578000            0           0           0  
     -1.546769  4.465209  8.578000            0           0           0  
      3.093631  1.786073  8.578000            0           0           0  
      1.546831  4.465209  8.578000            0           0           0  
      0.002298  1.784764 16.081090     0.003054    0.007644   -0.000145  
     -1.546808  4.467892 16.081089     0.004464   -0.016610   -0.001948  
      3.091288  1.784765 16.081089    -0.017164   -0.005727    0.002153  
      1.546794  4.465231 16.081231     0.010462    0.015944   -0.000042  
      1.546794  0.893049 18.706994     0.011618    0.017555   -0.000061  
      0.014457  3.580534 18.703211    -0.012814   -0.004856    0.004311  
      4.640395  0.876349 18.703211     0.002742   -0.012606   -0.003995  
      3.079131  3.580535 18.703212     0.001658    0.004713   -0.000272  
      0.000000  0.000000  3.611250            0           0           0  
     -1.546800  2.679136  3.611250            0           0           0  
      3.093600  0.000000  3.611250            0           0           0  
      1.546800  2.679136  3.611250            0           0           0  
      0.000000  0.000000 10.926500            0           0           0  
     -1.546800  2.679136 10.926500            0           0           0  
      3.093600  0.000000 10.926500            0           0           0  
      1.546800  2.679136 10.926500            0           0           0  
      3.092750  5.357790 13.730047    -0.064073   -0.023752    0.005127  
      4.640393  2.679140 13.729433     0.038669    0.059070   -0.000058  
      0.000837  5.357789 13.730047     0.009104    0.024670   -0.000352  
      1.546793  2.680114 13.730047     0.014114   -0.063165   -0.004689  
      0.121762  0.070308 21.266948    -0.013722   -0.019414    0.036910  
      4.640395  2.679139 21.115818     0.020197    0.030569   -0.000117  
      2.971820  0.070310 21.266950    -0.012411   -0.018538   -0.002479  
      1.546793  2.538533 21.266948    -0.012282   -0.020133   -0.034350  
      1.546790  0.893049 22.142898    -0.008313   -0.012576    0.000032  
 
  73 f  =    6.405547 THz    40.247236 2PiTHz  213.666036 cm-1    26.491200 meV
             X         Y         Z           dx          dy          dz
      0.000031  1.786073  4.861250            0           0           0  
     -1.546769  4.465209  4.861250            0           0           0  
      3.093631  1.786073  4.861250            0           0           0  
      1.546831  4.465209  4.861250            0           0           0  
      0.000000  0.000000  7.269000            0           0           0  
     -1.546800  2.679136  7.269000            0           0           0  
      3.093600  0.000000  7.269000            0           0           0  
      1.546800  2.679136  7.269000            0           0           0  
      1.546769  0.893063  9.676500            0           0           0  
     -0.000031  3.572200  9.676500            0           0           0  
      4.640369  0.893063  9.676500            0           0           0  
      3.093569  3.572200  9.676500            0           0           0  
      1.546793  0.893049 14.989266    -0.000002    0.000011    0.000001  
     -0.000372  3.571973 14.991356     0.009149   -0.015815    0.000019  
      4.640394  0.893472 14.991356    -0.018242   -0.000004    0.000028  
      3.093960  3.571974 14.991357     0.009167    0.015804    0.000015  
      0.001405  0.000819 17.384390    -0.003282    0.005732   -0.000006  
      4.640394  2.679140 17.382327     0.000024   -0.000004    0.000020  
      3.092182  0.000818 17.384391    -0.003315   -0.005724   -0.000016  
      1.546794  2.677510 17.384390     0.006645   -0.000016   -0.000011  
     -0.018874  1.796988 19.751582     0.038818    0.067067    0.000020  
     -1.546807  4.443445 19.751583    -0.077514   -0.000014    0.000011  
      3.112460  1.796988 19.751583     0.038754   -0.067083    0.000001  
      1.546793  4.465231 19.773468    -0.000044    0.000026   -0.000102  
      1.546769  0.893063  5.959750            0           0           0  
     -0.000031  3.572200  5.959750            0           0           0  
      4.640369  0.893063  5.959750            0           0           0  
      3.093569  3.572200  5.959750            0           0           0  
      0.000031  1.786073  8.578000            0           0           0  
     -1.546769  4.465209  8.578000            0           0           0  
      3.093631  1.786073  8.578000            0           0           0  
      1.546831  4.465209  8.578000            0           0           0  
      0.002298  1.784764 16.081090    -0.002545   -0.004428    0.000020  
     -1.546808  4.467892 16.081089     0.005130    0.000003    0.000008  
      3.091288  1.784765 16.081089    -0.002546    0.004427    0.000007  
      1.546794  4.465231 16.081231     0.000016   -0.000008    0.000007  
      1.546794  0.893049 18.706994     0.000031   -0.000015   -0.000017  
      0.014457  3.580534 18.703211    -0.020169    0.034917   -0.000008  
      4.640395  0.876349 18.703211     0.040340    0.000015   -0.000011  
      3.079131  3.580535 18.703212    -0.020178   -0.034920   -0.000012  
      0.000000  0.000000  3.611250            0           0           0  
     -1.546800  2.679136  3.611250            0           0           0  
      3.093600  0.000000  3.611250            0           0           0  
      1.546800  2.679136  3.611250            0           0           0  
      0.000000  0.000000 10.926500            0           0           0  
     -1.546800  2.679136 10.926500            0           0           0  
      3.093600  0.000000 10.926500            0           0           0  
      1.546800  2.679136 10.926500            0           0           0  
      3.092750  5.357790 13.730047    -0.009694    0.016661    0.000016  
      4.640393  2.679140 13.729433    -0.000063   -0.000029    0.000027  
      0.000837  5.357789 13.730047    -0.009707   -0.016638    0.000028  
      1.546793  2.680114 13.730047     0.019157    0.000023    0.000015  
      0.121762  0.070308 21.266948    -0.003369    0.005902    0.000016  
      4.640395  2.679139 21.115818     0.000030   -0.000018   -0.000001  
      2.971820  0.070310 21.266950    -0.003461   -0.005815   -0.000058  
      1.546793  2.538533 21.266948     0.006669   -0.000047    0.000006  
      1.546790  0.893049 22.142898    -0.000023    0.000008    0.000055  
 
  74 f  =    6.390600 THz    40.153327 2PiTHz  213.167485 cm-1    26.429388 meV
             X         Y         Z           dx          dy          dz
      0.000031  1.786073  4.861250            0           0           0  
     -1.546769  4.465209  4.861250            0           0           0  
      3.093631  1.786073  4.861250            0           0           0  
      1.546831  4.465209  4.861250            0           0           0  
      0.000000  0.000000  7.269000            0           0           0  
     -1.546800  2.679136  7.269000            0           0           0  
      3.093600  0.000000  7.269000            0           0           0  
      1.546800  2.679136  7.269000            0           0           0  
      1.546769  0.893063  9.676500            0           0           0  
     -0.000031  3.572200  9.676500            0           0           0  
      4.640369  0.893063  9.676500            0           0           0  
      3.093569  3.572200  9.676500            0           0           0  
      1.546793  0.893049 14.989266     0.000016   -0.000015   -0.001809  
     -0.000372  3.571973 14.991356    -0.003998   -0.002308    0.021231  
      4.640394  0.893472 14.991356     0.000008    0.004603    0.021224  
      3.093960  3.571974 14.991357     0.003953   -0.002284    0.021230  
      0.001405  0.000819 17.384390     0.015802    0.009124   -0.010087  
      4.640394  2.679140 17.382327     0.000007    0.000000    0.018846  
      3.092182  0.000818 17.384391    -0.015796    0.009136   -0.010097  
      1.546794  2.677510 17.384390    -0.000006   -0.018250   -0.010097  
     -0.018874  1.796988 19.751582     0.011493   -0.006743    0.012341  
     -1.546807  4.443445 19.751583     0.000083    0.013379    0.012334  
      3.112460  1.796988 19.751583    -0.011533   -0.006581    0.012329  
      1.546793  4.465231 19.773468    -0.000030   -0.000056   -0.105878  
      1.546769  0.893063  5.959750            0           0           0  
     -0.000031  3.572200  5.959750            0           0           0  
      4.640369  0.893063  5.959750            0           0           0  
      3.093569  3.572200  5.959750            0           0           0  
      0.000031  1.786073  8.578000            0           0           0  
     -1.546769  4.465209  8.578000            0           0           0  
      3.093631  1.786073  8.578000            0           0           0  
      1.546831  4.465209  8.578000            0           0           0  
      0.002298  1.784764 16.081090     0.001998   -0.001158    0.010801  
     -1.546808  4.467892 16.081089    -0.000004    0.002296    0.010815  
      3.091288  1.784765 16.081089    -0.001988   -0.001140    0.010800  
      1.546794  4.465231 16.081231    -0.000010    0.000006    0.009115  
      1.546794  0.893049 18.706994     0.000006    0.000034   -0.012478  
      0.014457  3.580534 18.703211    -0.002535   -0.001515   -0.011428  
      4.640395  0.876349 18.703211    -0.000033    0.002913   -0.011409  
      3.079131  3.580535 18.703212     0.002567   -0.001425   -0.011423  
      0.000000  0.000000  3.611250            0           0           0  
     -1.546800  2.679136  3.611250            0           0           0  
      3.093600  0.000000  3.611250            0           0           0  
      1.546800  2.679136  3.611250            0           0           0  
      0.000000  0.000000 10.926500            0           0           0  
     -1.546800  2.679136 10.926500            0           0           0  
      3.093600  0.000000 10.926500            0           0           0  
      1.546800  2.679136 10.926500            0           0           0  
      3.092750  5.357790 13.730047    -0.004255   -0.002463    0.021066  
      4.640393  2.679140 13.729433    -0.000015    0.000008    0.023850  
      0.000837  5.357789 13.730047     0.004308   -0.002514    0.021073  
      1.546793  2.680114 13.730047     0.000007    0.004929    0.021068  
      0.121762  0.070308 21.266948     0.049452    0.028481   -0.016649  
      4.640395  2.679139 21.115818    -0.000084    0.000181    0.009903  
      2.971820  0.070310 21.266950    -0.049414    0.028502   -0.016616  
      1.546793  2.538533 21.266948     0.000005   -0.057104   -0.016753  
      1.546790  0.893049 22.142898     0.000005   -0.000028    0.050551  
 
  75 f  =    5.702478 THz    35.829724 2PiTHz  190.214180 cm-1    23.583542 meV
             X         Y         Z           dx          dy          dz
      0.000031  1.786073  4.861250            0           0           0  
     -1.546769  4.465209  4.861250            0           0           0  
      3.093631  1.786073  4.861250            0           0           0  
      1.546831  4.465209  4.861250            0           0           0  
      0.000000  0.000000  7.269000            0           0           0  
     -1.546800  2.679136  7.269000            0           0           0  
      3.093600  0.000000  7.269000            0           0           0  
      1.546800  2.679136  7.269000            0           0           0  
      1.546769  0.893063  9.676500            0           0           0  
     -0.000031  3.572200  9.676500            0           0           0  
      4.640369  0.893063  9.676500            0           0           0  
      3.093569  3.572200  9.676500            0           0           0  
      1.546793  0.893049 14.989266     0.007177   -0.005940    0.000175  
     -0.000372  3.571973 14.991356     0.004952   -0.002325    0.000553  
      4.640394  0.893472 14.991356     0.003695   -0.005675    0.000875  
      3.093960  3.571974 14.991357     0.007209   -0.005079   -0.000947  
      0.001405  0.000819 17.384390    -0.005044    0.004785   -0.002810  
      4.640394  2.679140 17.382327    -0.013148    0.010846   -0.000000  
      3.092182  0.000818 17.384391    -0.004161    0.003764    0.008102  
      1.546794  2.677510 17.384390    -0.005479    0.003576   -0.005185  
     -0.018874  1.796988 19.751582    -0.028334    0.022032   -0.010466  
     -1.546807  4.443445 19.751583    -0.022599    0.022908    0.006438  
      3.112460  1.796988 19.751583    -0.024599    0.017485    0.003471  
      1.546793  4.465231 19.773468     0.017157   -0.014241   -0.000033  
      1.546769  0.893063  5.959750            0           0           0  
     -0.000031  3.572200  5.959750            0           0           0  
      4.640369  0.893063  5.959750            0           0           0  
      3.093569  3.572200  5.959750            0           0           0  
      0.000031  1.786073  8.578000            0           0           0  
     -1.546769  4.465209  8.578000            0           0           0  
      3.093631  1.786073  8.578000            0           0           0  
      1.546831  4.465209  8.578000            0           0           0  
      0.002298  1.784764 16.081090    -0.001301    0.000461   -0.001058  
     -1.546808  4.467892 16.081089     0.001153    0.000875    0.000855  
      3.091288  1.784765 16.081089     0.000279   -0.001453    0.000513  
      1.546794  4.465231 16.081231    -0.000677    0.000569    0.000109  
      1.546794  0.893049 18.706994    -0.008950    0.007393   -0.000077  
      0.014457  3.580534 18.703211    -0.010297    0.014214    0.004216  
      4.640395  0.876349 18.703211    -0.014347    0.003263    0.007864  
      3.079131  3.580535 18.703212    -0.002872    0.005224   -0.012354  
      0.000000  0.000000  3.611250            0           0           0  
     -1.546800  2.679136  3.611250            0           0           0  
      3.093600  0.000000  3.611250            0           0           0  
      1.546800  2.679136  3.611250            0           0           0  
      0.000000  0.000000 10.926500            0           0           0  
     -1.546800  2.679136 10.926500            0           0           0  
      3.093600  0.000000 10.926500            0           0           0  
      1.546800  2.679136 10.926500            0           0           0  
      3.092750  5.357790 13.730047     0.007089   -0.007520    0.001875  
      4.640393  2.679140 13.729433     0.009004   -0.007417    0.000199  
      0.000837  5.357789 13.730047     0.004968   -0.004921   -0.004567  
      1.546793  2.680114 13.730047     0.008287   -0.004375    0.003278  
      0.121762  0.070308 21.266948     0.027072   -0.080971    0.008744  
      4.640395  2.679139 21.115818     0.117194   -0.096701   -0.000194  
      2.971820  0.070310 21.266950    -0.048678    0.011214   -0.025709  
      1.546793  2.538533 21.266948     0.068701    0.030899    0.016135  
      1.546790  0.893049 22.142898    -0.026261    0.021667   -0.000382  
 
  76 f  =    5.701561 THz    35.823962 2PiTHz  190.183592 cm-1    23.579750 meV
             X         Y         Z           dx          dy          dz
      0.000031  1.786073  4.861250            0           0           0  
     -1.546769  4.465209  4.861250            0           0           0  
      3.093631  1.786073  4.861250            0           0           0  
      1.546831  4.465209  4.861250            0           0           0  
      0.000000  0.000000  7.269000            0           0           0  
     -1.546800  2.679136  7.269000            0           0           0  
      3.093600  0.000000  7.269000            0           0           0  
      1.546800  2.679136  7.269000            0           0           0  
      1.546769  0.893063  9.676500            0           0           0  
     -0.000031  3.572200  9.676500            0           0           0  
      4.640369  0.893063  9.676500            0           0           0  
      3.093569  3.572200  9.676500            0           0           0  
      1.546793  0.893049 14.989266     0.005940    0.007195    0.000016  
     -0.000372  3.571973 14.991356     0.006393    0.005632    0.001064  
      4.640394  0.893472 14.991356     0.003056    0.006867   -0.000847  
      3.093960  3.571974 14.991357     0.003641    0.003358   -0.000171  
      0.001405  0.000819 17.384390    -0.003285   -0.004770   -0.007669  
      4.640394  2.679140 17.382327    -0.010849   -0.013136   -0.000003  
      3.092182  0.000818 17.384391    -0.004303   -0.005618    0.001364  
      1.546794  2.677510 17.384390    -0.004528   -0.004305    0.006321  
     -0.018874  1.796988 19.751582    -0.019644   -0.022057   -0.001747  
     -1.546807  4.443445 19.751583    -0.018684   -0.027787   -0.008033  
      3.112460  1.796988 19.751583    -0.024085   -0.025770    0.009725  
      1.546793  4.465231 19.773468     0.014219    0.017207    0.000001  
      1.546769  0.893063  5.959750            0           0           0  
     -0.000031  3.572200  5.959750            0           0           0  
      4.640369  0.893063  5.959750            0           0           0  
      3.093569  3.572200  5.959750            0           0           0  
      0.000031  1.786073  8.578000            0           0           0  
     -1.546769  4.465209  8.578000            0           0           0  
      3.093631  1.786073  8.578000            0           0           0  
      1.546831  4.465209  8.578000            0           0           0  
      0.002298  1.784764 16.081090     0.000541    0.001394   -0.000188  
     -1.546808  4.467892 16.081089     0.000957   -0.001055   -0.000902  
      3.091288  1.784765 16.081089    -0.001373   -0.000190    0.001114  
      1.546794  4.465231 16.081231    -0.000561   -0.000685    0.000013  
      1.546794  0.893049 18.706994    -0.007396   -0.008955   -0.000001  
      0.014457  3.580534 18.703211    -0.000932   -0.008057    0.011681  
      4.640395  0.876349 18.703211    -0.011850   -0.003980   -0.009636  
      3.079131  3.580535 18.703212    -0.009929   -0.015490   -0.002078  
      0.000000  0.000000  3.611250            0           0           0  
     -1.546800  2.679136  3.611250            0           0           0  
      3.093600  0.000000  3.611250            0           0           0  
      1.546800  2.679136  3.611250            0           0           0  
      0.000000  0.000000 10.926500            0           0           0  
     -1.546800  2.679136 10.926500            0           0           0  
      3.093600  0.000000 10.926500            0           0           0  
      1.546800  2.679136 10.926500            0           0           0  
      3.092750  5.357790 13.730047     0.003692    0.006475    0.004545  
      4.640393  2.679140 13.729433     0.007430    0.009005    0.000021  
      0.000837  5.357789 13.730047     0.006269    0.008607   -0.000785  
      1.546793  2.680114 13.730047     0.006843    0.005305   -0.003719  
      0.121762  0.070308 21.266948    -0.054924    0.004227    0.024170  
      4.640395  2.679139 21.115818     0.096663    0.117185    0.000010  
      2.971820  0.070310 21.266950     0.037024    0.080195   -0.004297  
      1.546793  2.538533 21.266948     0.056748   -0.037374   -0.019988  
      1.546790  0.893049 22.142898    -0.021676   -0.026237   -0.000061  
 
  77 f  =    5.610363 THz    35.250949 2PiTHz  187.141556 cm-1    23.202585 meV
             X         Y         Z           dx          dy          dz
      0.000031  1.786073  4.861250            0           0           0  
     -1.546769  4.465209  4.861250            0           0           0  
      3.093631  1.786073  4.861250            0           0           0  
      1.546831  4.465209  4.861250            0           0           0  
      0.000000  0.000000  7.269000            0           0           0  
     -1.546800  2.679136  7.269000            0           0           0  
      3.093600  0.000000  7.269000            0           0           0  
      1.546800  2.679136  7.269000            0           0           0  
      1.546769  0.893063  9.676500            0           0           0  
     -0.000031  3.572200  9.676500            0           0           0  
      4.640369  0.893063  9.676500            0           0           0  
      3.093569  3.572200  9.676500            0           0           0  
      1.546793  0.893049 14.989266     0.000025   -0.000025   -0.036287  
     -0.000372  3.571973 14.991356    -0.002455   -0.001437   -0.033661  
      4.640394  0.893472 14.991356     0.000024    0.002843   -0.033667  
      3.093960  3.571974 14.991357     0.002529   -0.001447   -0.033673  
      0.001405  0.000819 17.384390     0.004316    0.002526   -0.010025  
      4.640394  2.679140 17.382327    -0.000061    0.000045    0.002516  
      3.092182  0.000818 17.384391    -0.004371    0.002530   -0.010004  
      1.546794  2.677510 17.384390    -0.000025   -0.005005   -0.010061  
     -0.018874  1.796988 19.751582     0.010700   -0.006137    0.039809  
     -1.546807  4.443445 19.751583    -0.000083    0.012578    0.039882  
      3.112460  1.796988 19.751583    -0.010929   -0.006171    0.039893  
      1.546793  4.465231 19.773468    -0.000003   -0.000102    0.000005  
      1.546769  0.893063  5.959750            0           0           0  
     -0.000031  3.572200  5.959750            0           0           0  
      4.640369  0.893063  5.959750            0           0           0  
      3.093569  3.572200  5.959750            0           0           0  
      0.000031  1.786073  8.578000            0           0           0  
     -1.546769  4.465209  8.578000            0           0           0  
      3.093631  1.786073  8.578000            0           0           0  
      1.546831  4.465209  8.578000            0           0           0  
      0.002298  1.784764 16.081090    -0.000498    0.000283   -0.020777  
     -1.546808  4.467892 16.081089     0.000003   -0.000561   -0.020765  
      3.091288  1.784765 16.081089     0.000494    0.000282   -0.020776  
      1.546794  4.465231 16.081231     0.000003    0.000004   -0.024901  
      1.546794  0.893049 18.706994    -0.000042    0.000033    0.009281  
      0.014457  3.580534 18.703211    -0.001451   -0.000754    0.020538  
      4.640395  0.876349 18.703211    -0.000062    0.001606    0.020632  
      3.079131  3.580535 18.703212     0.001359   -0.000770    0.020540  
      0.000000  0.000000  3.611250            0           0           0  
     -1.546800  2.679136  3.611250            0           0           0  
      3.093600  0.000000  3.611250            0           0           0  
      1.546800  2.679136  3.611250            0           0           0  
      0.000000  0.000000 10.926500            0           0           0  
     -1.546800  2.679136 10.926500            0           0           0  
      3.093600  0.000000 10.926500            0           0           0  
      1.546800  2.679136 10.926500            0           0           0  
      3.092750  5.357790 13.730047     0.001200    0.000629   -0.039158  
      4.640393  2.679140 13.729433     0.000062   -0.000031   -0.043234  
      0.000837  5.357789 13.730047    -0.001127    0.000647   -0.039169  
      1.546793  2.680114 13.730047     0.000054   -0.001354   -0.039141  
      0.121762  0.070308 21.266948     0.022394    0.012487    0.062619  
      4.640395  2.679139 21.115818     0.000592   -0.000320    0.033703  
      2.971820  0.070310 21.266950    -0.022521    0.013001    0.062486  
      1.546793  2.538533 21.266948     0.000370   -0.025619    0.062705  
      1.546790  0.893049 22.142898    -0.000157    0.000080    0.098880  
 
  78 f  =    5.149778 THz    32.357007 2PiTHz  171.778093 cm-1    21.297760 meV
             X         Y         Z           dx          dy          dz
      0.000031  1.786073  4.861250            0           0           0  
     -1.546769  4.465209  4.861250            0           0           0  
      3.093631  1.786073  4.861250            0           0           0  
      1.546831  4.465209  4.861250            0           0           0  
      0.000000  0.000000  7.269000            0           0           0  
     -1.546800  2.679136  7.269000            0           0           0  
      3.093600  0.000000  7.269000            0           0           0  
      1.546800  2.679136  7.269000            0           0           0  
      1.546769  0.893063  9.676500            0           0           0  
     -0.000031  3.572200  9.676500            0           0           0  
      4.640369  0.893063  9.676500            0           0           0  
      3.093569  3.572200  9.676500            0           0           0  
      1.546793  0.893049 14.989266     0.001156   -0.005921    0.000008  
     -0.000372  3.571973 14.991356    -0.004376    0.009198    0.000478  
      4.640394  0.893472 14.991356    -0.002058    0.002444   -0.001420  
      3.093960  3.571974 14.991357     0.002636    0.007833    0.000967  
      0.001405  0.000819 17.384390    -0.002255   -0.001754    0.005990  
      4.640394  2.679140 17.382327    -0.000230    0.001178   -0.000002  
      3.092182  0.000818 17.384391     0.004788   -0.003131    0.012086  
      1.546794  2.677510 17.384390     0.000083   -0.008537   -0.018063  
     -0.018874  1.796988 19.751582     0.011141    0.018104    0.011213  
     -1.546807  4.443445 19.751583    -0.005379   -0.000912   -0.016809  
      3.112460  1.796988 19.751583    -0.013566    0.022894    0.005556  
      1.546793  4.465231 19.773468     0.018416   -0.094508    0.000010  
      1.546769  0.893063  5.959750            0           0           0  
     -0.000031  3.572200  5.959750            0           0           0  
      4.640369  0.893063  5.959750            0           0           0  
      3.093569  3.572200  5.959750            0           0           0  
      0.000031  1.786073  8.578000            0           0           0  
     -1.546769  4.465209  8.578000            0           0           0  
      3.093631  1.786073  8.578000            0           0           0  
      1.546831  4.465209  8.578000            0           0           0  
      0.002298  1.784764 16.081090    -0.002819   -0.001499   -0.002686  
     -1.546808  4.467892 16.081089     0.000688    0.002535    0.004026  
      3.091288  1.784765 16.081089     0.002423   -0.002519   -0.001326  
      1.546794  4.465231 16.081231    -0.000462    0.002373    0.000007  
      1.546794  0.893049 18.706994    -0.000074    0.000365    0.000000  
      0.014457  3.580534 18.703211    -0.007431   -0.000683   -0.019573  
      4.640395  0.876349 18.703211    -0.000636   -0.020462    0.059056  
      3.079131  3.580535 18.703212     0.013100   -0.004682   -0.039496  
      0.000000  0.000000  3.611250            0           0           0  
     -1.546800  2.679136  3.611250            0           0           0  
      3.093600  0.000000  3.611250            0           0           0  
      1.546800  2.679136  3.611250            0           0           0  
      0.000000  0.000000 10.926500            0           0           0  
     -1.546800  2.679136 10.926500            0           0           0  
      3.093600  0.000000 10.926500            0           0           0  
      1.546800  2.679136 10.926500            0           0           0  
      3.092750  5.357790 13.730047    -0.000775    0.005958   -0.003634  
      4.640393  2.679140 13.729433    -0.000301    0.001548    0.000011  
      0.000837  5.357789 13.730047    -0.001813    0.006151   -0.007351  
      1.546793  2.680114 13.730047    -0.001111    0.006954    0.011002  
      0.121762  0.070308 21.266948    -0.012479    0.033046   -0.030443  
      4.640395  2.679139 21.115818    -0.010586    0.054337    0.000020  
      2.971820  0.070310 21.266950     0.003887    0.030006   -0.061536  
      1.546793  2.538533 21.266948    -0.007154    0.017444    0.091895  
      1.546790  0.893049 22.142898     0.003099   -0.015933   -0.000058  
 
  79 f  =    5.149227 THz    32.353550 2PiTHz  171.759739 cm-1    21.295484 meV
             X         Y         Z           dx          dy          dz
      0.000031  1.786073  4.861250            0           0           0  
     -1.546769  4.465209  4.861250            0           0           0  
      3.093631  1.786073  4.861250            0           0           0  
      1.546831  4.465209  4.861250            0           0           0  
      0.000000  0.000000  7.269000            0           0           0  
     -1.546800  2.679136  7.269000            0           0           0  
      3.093600  0.000000  7.269000            0           0           0  
      1.546800  2.679136  7.269000            0           0           0  
      1.546769  0.893063  9.676500            0           0           0  
     -0.000031  3.572200  9.676500            0           0           0  
      4.640369  0.893063  9.676500            0           0           0  
      3.093569  3.572200  9.676500            0           0           0  
      1.546793  0.893049 14.989266     0.005917    0.001146   -0.000029  
     -0.000372  3.571973 14.991356    -0.003790    0.001840   -0.001402  
      4.640394  0.893472 14.991356    -0.010545   -0.000482    0.000252  
      3.093960  3.571974 14.991357    -0.005145   -0.005173    0.001083  
      0.001405  0.000819 17.384390     0.007195    0.004002   -0.017416  
      4.640394  2.679140 17.382327    -0.001178   -0.000226    0.000003  
      3.092182  0.000818 17.384391     0.005813   -0.003035    0.013874  
      1.546794  2.677510 17.384390     0.000408    0.001662    0.003507  
     -0.018874  1.796988 19.751582    -0.008629   -0.016342    0.012934  
     -1.546807  4.443445 19.751583    -0.027610    0.000208    0.003301  
      3.112460  1.796988 19.751583    -0.003840    0.008366   -0.016154  
      1.546793  4.465231 19.773468     0.094493    0.018430   -0.000013  
      1.546769  0.893063  5.959750            0           0           0  
     -0.000031  3.572200  5.959750            0           0           0  
      4.640369  0.893063  5.959750            0           0           0  
      3.093569  3.572200  5.959750            0           0           0  
      0.000031  1.786073  8.578000            0           0           0  
     -1.546769  4.465209  8.578000            0           0           0  
      3.093631  1.786073  8.578000            0           0           0  
      1.546831  4.465209  8.578000            0           0           0  
      0.002298  1.784764 16.081090    -0.000509    0.003012   -0.003108  
     -1.546808  4.467892 16.081089     0.003521   -0.000494   -0.000795  
      3.091288  1.784765 16.081089    -0.001529   -0.002235    0.003859  
      1.546794  4.465231 16.081231    -0.002376   -0.000463   -0.000019  
      1.546794  0.893049 18.706994    -0.000367   -0.000065   -0.000005  
      0.014457  3.580534 18.703211     0.016534    0.010801    0.056904  
      4.640395  0.876349 18.703211    -0.003249    0.003998   -0.011497  
      3.079131  3.580535 18.703212     0.012533   -0.009738   -0.045367  
      0.000000  0.000000  3.611250            0           0           0  
     -1.546800  2.679136  3.611250            0           0           0  
      3.093600  0.000000  3.611250            0           0           0  
      1.546800  2.679136  3.611250            0           0           0  
      0.000000  0.000000 10.926500            0           0           0  
     -1.546800  2.679136 10.926500            0           0           0  
      3.093600  0.000000 10.926500            0           0           0  
      1.546800  2.679136 10.926500            0           0           0  
      3.092750  5.357790 13.730047    -0.006744   -0.001708    0.010564  
      4.640393  2.679140 13.729433    -0.001552   -0.000306   -0.000029  
      0.000837  5.357789 13.730047    -0.006551   -0.000664   -0.008481  
      1.546793  2.680114 13.730047    -0.005753   -0.001356   -0.002163  
      0.121762  0.070308 21.266948    -0.020553    0.002070    0.088672  
      4.640395  2.679139 21.115818    -0.054212   -0.010663    0.000030  
      2.971820  0.070310 21.266950    -0.023852   -0.014377   -0.070694  
      1.546793  2.538533 21.266948    -0.036141   -0.003401   -0.017843  
      1.546790  0.893049 22.142898     0.015930    0.003115    0.000085  
 
  80 f  =    4.619663 THz    29.026200 2PiTHz  154.095379 cm-1    19.105383 meV
             X         Y         Z           dx          dy          dz
      0.000031  1.786073  4.861250            0           0           0  
     -1.546769  4.465209  4.861250            0           0           0  
      3.093631  1.786073  4.861250            0           0           0  
      1.546831  4.465209  4.861250            0           0           0  
      0.000000  0.000000  7.269000            0           0           0  
     -1.546800  2.679136  7.269000            0           0           0  
      3.093600  0.000000  7.269000            0           0           0  
      1.546800  2.679136  7.269000            0           0           0  
      1.546769  0.893063  9.676500            0           0           0  
     -0.000031  3.572200  9.676500            0           0           0  
      4.640369  0.893063  9.676500            0           0           0  
      3.093569  3.572200  9.676500            0           0           0  
      1.546793  0.893049 14.989266     0.000020   -0.000010   -0.000000  
     -0.000372  3.571973 14.991356     0.000492   -0.000813   -0.000000  
      4.640394  0.893472 14.991356    -0.000914   -0.000005    0.000000  
      3.093960  3.571974 14.991357     0.000497    0.000812   -0.000001  
      0.001405  0.000819 17.384390     0.001529   -0.002683    0.000012  
      4.640394  2.679140 17.382327    -0.000013    0.000004   -0.000001  
      3.092182  0.000818 17.384391     0.001531    0.002680   -0.000001  
      1.546794  2.677510 17.384390    -0.003104   -0.000007   -0.000012  
     -0.018874  1.796988 19.751582    -0.002682   -0.004569    0.000009  
     -1.546807  4.443445 19.751583     0.005255    0.000003   -0.000007  
      3.112460  1.796988 19.751583    -0.002690    0.004614    0.000002  
      1.546793  4.465231 19.773468    -0.000100   -0.000063   -0.000005  
      1.546769  0.893063  5.959750            0           0           0  
     -0.000031  3.572200  5.959750            0           0           0  
      4.640369  0.893063  5.959750            0           0           0  
      3.093569  3.572200  5.959750            0           0           0  
      0.000031  1.786073  8.578000            0           0           0  
     -1.546769  4.465209  8.578000            0           0           0  
      3.093631  1.786073  8.578000            0           0           0  
      1.546831  4.465209  8.578000            0           0           0  
      0.002298  1.784764 16.081090     0.000095    0.000147   -0.000001  
     -1.546808  4.467892 16.081089    -0.000169   -0.000002    0.000002  
      3.091288  1.784765 16.081089     0.000097   -0.000156   -0.000001  
      1.546794  4.465231 16.081231     0.000009   -0.000003    0.000001  
      1.546794  0.893049 18.706994    -0.000028    0.000002    0.000005  
      0.014457  3.580534 18.703211    -0.002903    0.004937   -0.000042  
      4.640395  0.876349 18.703211     0.005689   -0.000009    0.000038  
      3.079131  3.580535 18.703212    -0.002890   -0.004932   -0.000002  
      0.000000  0.000000  3.611250            0           0           0  
     -1.546800  2.679136  3.611250            0           0           0  
      3.093600  0.000000  3.611250            0           0           0  
      1.546800  2.679136  3.611250            0           0           0  
      0.000000  0.000000 10.926500            0           0           0  
     -1.546800  2.679136 10.926500            0           0           0  
      3.093600  0.000000 10.926500            0           0           0  
      1.546800  2.679136 10.926500            0           0           0  
      3.092750  5.357790 13.730047    -0.000167    0.000354   -0.000003  
      4.640393  2.679140 13.729433     0.000033   -0.000007    0.000000  
      0.000837  5.357789 13.730047    -0.000168   -0.000351   -0.000003  
      1.546793  2.680114 13.730047     0.000447    0.000001    0.000006  
      0.121762  0.070308 21.266948    -0.065918    0.114287   -0.000016  
      4.640395  2.679139 21.115818     0.000087   -0.000011   -0.000008  
      2.971820  0.070310 21.266950    -0.065976   -0.114247   -0.000073  
      1.546793  2.538533 21.266948     0.132180    0.000061    0.000104  
      1.546790  0.893049 22.142898     0.000086    0.000035    0.000007  
 
  81 f  =    4.031882 THz    25.333062 2PiTHz  134.489108 cm-1    16.674517 meV
             X         Y         Z           dx          dy          dz
      0.000031  1.786073  4.861250            0           0           0  
     -1.546769  4.465209  4.861250            0           0           0  
      3.093631  1.786073  4.861250            0           0           0  
      1.546831  4.465209  4.861250            0           0           0  
      0.000000  0.000000  7.269000            0           0           0  
     -1.546800  2.679136  7.269000            0           0           0  
      3.093600  0.000000  7.269000            0           0           0  
      1.546800  2.679136  7.269000            0           0           0  
      1.546769  0.893063  9.676500            0           0           0  
     -0.000031  3.572200  9.676500            0           0           0  
      4.640369  0.893063  9.676500            0           0           0  
      3.093569  3.572200  9.676500            0           0           0  
      1.546793  0.893049 14.989266     0.037872   -0.003216    0.000004  
     -0.000372  3.571973 14.991356     0.037259   -0.003271   -0.000405  
      4.640394  0.893472 14.991356     0.037413   -0.003155   -0.000040  
      3.093960  3.571974 14.991357     0.037240   -0.003071    0.000436  
      0.001405  0.000819 17.384390    -0.004933   -0.000121   -0.000373  
      4.640394  2.679140 17.382327    -0.001834    0.000162   -0.000002  
      3.092182  0.000818 17.384391    -0.005015    0.000868    0.000409  
      1.546794  2.677510 17.384390    -0.004118    0.000454   -0.000038  
     -0.018874  1.796988 19.751582    -0.037410   -0.004679    0.010276  
     -1.546807  4.443445 19.751583    -0.053387    0.002812   -0.000960  
      3.112460  1.796988 19.751583    -0.038898    0.012890   -0.009322  
      1.546793  4.465231 19.773468    -0.047526    0.004041    0.000006  
      1.546769  0.893063  5.959750            0           0           0  
     -0.000031  3.572200  5.959750            0           0           0  
      4.640369  0.893063  5.959750            0           0           0  
      3.093569  3.572200  5.959750            0           0           0  
      0.000031  1.786073  8.578000            0           0           0  
     -1.546769  4.465209  8.578000            0           0           0  
      3.093631  1.786073  8.578000            0           0           0  
      1.546831  4.465209  8.578000            0           0           0  
      0.002298  1.784764 16.081090     0.020605   -0.001281   -0.000158  
     -1.546808  4.467892 16.081089     0.021570   -0.001730    0.000012  
      3.091288  1.784765 16.081089     0.020694   -0.002320    0.000148  
      1.546794  4.465231 16.081231     0.020293   -0.001721   -0.000004  
      1.546794  0.893049 18.706994    -0.026492    0.002253    0.000000  
      0.014457  3.580534 18.703211    -0.028917    0.001628    0.007475  
      4.640395  0.876349 18.703211    -0.027659    0.002502    0.000768  
      3.079131  3.580535 18.703212    -0.029046    0.003150   -0.008244  
      0.000000  0.000000  3.611250            0           0           0  
     -1.546800  2.679136  3.611250            0           0           0  
      3.093600  0.000000  3.611250            0           0           0  
      1.546800  2.679136  3.611250            0           0           0  
      0.000000  0.000000 10.926500            0           0           0  
     -1.546800  2.679136 10.926500            0           0           0  
      3.093600  0.000000 10.926500            0           0           0  
      1.546800  2.679136 10.926500            0           0           0  
      3.092750  5.357790 13.730047     0.043188   -0.003833    0.001478  
      4.640393  2.679140 13.729433     0.042235   -0.003586    0.000001  
      0.000837  5.357789 13.730047     0.043172   -0.003533   -0.001620  
      1.546793  2.680114 13.730047     0.043475   -0.003680    0.000152  
      0.121762  0.070308 21.266948     0.011321    0.022742    0.021066  
      4.640395  2.679139 21.115818    -0.056130    0.004747    0.000006  
      2.971820  0.070310 21.266950     0.015021   -0.020728   -0.023255  
      1.546793  2.538533 21.266948    -0.024745   -0.002171    0.002189  
      1.546790  0.893049 22.142898     0.028178   -0.002402   -0.000008  
 
  82 f  =    4.031573 THz    25.331119 2PiTHz  134.478792 cm-1    16.673238 meV
             X         Y         Z           dx          dy          dz
      0.000031  1.786073  4.861250            0           0           0  
     -1.546769  4.465209  4.861250            0           0           0  
      3.093631  1.786073  4.861250            0           0           0  
      1.546831  4.465209  4.861250            0           0           0  
      0.000000  0.000000  7.269000            0           0           0  
     -1.546800  2.679136  7.269000            0           0           0  
      3.093600  0.000000  7.269000            0           0           0  
      1.546800  2.679136  7.269000            0           0           0  
      1.546769  0.893063  9.676500            0           0           0  
     -0.000031  3.572200  9.676500            0           0           0  
      4.640369  0.893063  9.676500            0           0           0  
      3.093569  3.572200  9.676500            0           0           0  
      1.546793  0.893049 14.989266     0.003218    0.037861   -0.000003  
     -0.000372  3.571973 14.991356     0.003066    0.037341   -0.000279  
      4.640394  0.893472 14.991356     0.003178    0.037180    0.000492  
      3.093960  3.571974 14.991357     0.003263    0.037362   -0.000204  
      0.001405  0.000819 17.384390    -0.000909   -0.004448   -0.000260  
      4.640394  2.679140 17.382327    -0.000151   -0.001820    0.000000  
      3.092182  0.000818 17.384391     0.000071   -0.004364   -0.000193  
      1.546794  2.677510 17.384390    -0.000348   -0.005266    0.000452  
     -0.018874  1.796988 19.751582    -0.012015   -0.049048   -0.004816  
     -1.546807  4.443445 19.751583    -0.004535   -0.033084    0.011317  
      3.112460  1.796988 19.751583     0.005544   -0.047551   -0.006490  
      1.546793  4.465231 19.773468    -0.004030   -0.047531   -0.000007  
      1.546769  0.893063  5.959750            0           0           0  
     -0.000031  3.572200  5.959750            0           0           0  
      4.640369  0.893063  5.959750            0           0           0  
      3.093569  3.572200  5.959750            0           0           0  
      0.000031  1.786073  8.578000            0           0           0  
     -1.546769  4.465209  8.578000            0           0           0  
      3.093631  1.786073  8.578000            0           0           0  
      1.546831  4.465209  8.578000            0           0           0  
      0.002298  1.784764 16.081090     0.002279    0.021298    0.000076  
     -1.546808  4.467892 16.081089     0.001836    0.020354   -0.000180  
      3.091288  1.784765 16.081089     0.001233    0.021212    0.000103  
      1.546794  4.465231 16.081231     0.001724    0.020282    0.000005  
      1.546794  0.893049 18.706994    -0.002247   -0.026501    0.000001  
      0.014457  3.580534 18.703211    -0.003215   -0.028162    0.005207  
      4.640395  0.876349 18.703211    -0.002345   -0.029411   -0.009070  
      3.079131  3.580535 18.703212    -0.001701   -0.028034    0.003864  
      0.000000  0.000000  3.611250            0           0           0  
     -1.546800  2.679136  3.611250            0           0           0  
      3.093600  0.000000  3.611250            0           0           0  
      1.546800  2.679136  3.611250            0           0           0  
      0.000000  0.000000 10.926500            0           0           0  
     -1.546800  2.679136 10.926500            0           0           0  
      3.093600  0.000000 10.926500            0           0           0  
      1.546800  2.679136 10.926500            0           0           0  
      3.092750  5.357790 13.730047     0.003516    0.043377    0.001030  
      4.640393  2.679140 13.729433     0.003576    0.042243   -0.000001  
      0.000837  5.357789 13.730047     0.003808    0.043388    0.000760  
      1.546793  2.680114 13.730047     0.003694    0.043142   -0.001792  
      0.121762  0.070308 21.266948     0.022955   -0.010207    0.014671  
      4.640395  2.679139 21.115818    -0.004780   -0.056181   -0.000014  
      2.971820  0.070310 21.266950    -0.020708   -0.013920    0.010890  
      1.546793  2.538533 21.266948    -0.002106    0.025715   -0.025554  
      1.546790  0.893049 22.142898     0.002409    0.028174    0.000015  
 
  83 f  =    2.811735 THz    17.666654 2PiTHz   93.789397 cm-1    11.628398 meV
             X         Y         Z           dx          dy          dz
      0.000031  1.786073  4.861250            0           0           0  
     -1.546769  4.465209  4.861250            0           0           0  
      3.093631  1.786073  4.861250            0           0           0  
      1.546831  4.465209  4.861250            0           0           0  
      0.000000  0.000000  7.269000            0           0           0  
     -1.546800  2.679136  7.269000            0           0           0  
      3.093600  0.000000  7.269000            0           0           0  
      1.546800  2.679136  7.269000            0           0           0  
      1.546769  0.893063  9.676500            0           0           0  
     -0.000031  3.572200  9.676500            0           0           0  
      4.640369  0.893063  9.676500            0           0           0  
      3.093569  3.572200  9.676500            0           0           0  
      1.546793  0.893049 14.989266     0.003433    0.014698    0.000004  
     -0.000372  3.571973 14.991356     0.003948    0.014517    0.000003  
      4.640394  0.893472 14.991356     0.003303    0.015211    0.000001  
      3.093960  3.571974 14.991357     0.003030    0.014304    0.000003  
      0.001405  0.000819 17.384390     0.003277    0.007292    0.000391  
      4.640394  2.679140 17.382327     0.001252    0.005352    0.000001  
      3.092182  0.000818 17.384391     0.000689    0.006689    0.000166  
      1.546794  2.677510 17.384390     0.001459    0.009231   -0.000558  
     -0.018874  1.796988 19.751582     0.012340    0.013763    0.004272  
     -1.546807  4.443445 19.751583     0.004304   -0.012781   -0.014348  
      3.112460  1.796988 19.751583    -0.014666    0.007463    0.010077  
      1.546793  4.465231 19.773468     0.002345    0.010017   -0.000003  
      1.546769  0.893063  5.959750            0           0           0  
     -0.000031  3.572200  5.959750            0           0           0  
      4.640369  0.893063  5.959750            0           0           0  
      3.093569  3.572200  5.959750            0           0           0  
      0.000031  1.786073  8.578000            0           0           0  
     -1.546769  4.465209  8.578000            0           0           0  
      3.093631  1.786073  8.578000            0           0           0  
      1.546831  4.465209  8.578000            0           0           0  
      0.002298  1.784764 16.081090     0.002244    0.011864    0.000112  
     -1.546808  4.467892 16.081089     0.002709    0.013394   -0.000366  
      3.091288  1.784765 16.081089     0.003802    0.012230    0.000263  
      1.546794  4.465231 16.081231     0.003136    0.013435   -0.000000  
      1.546794  0.893049 18.706994    -0.000358   -0.001548   -0.000002  
      0.014457  3.580534 18.703211     0.001879    0.001950   -0.008514  
      4.640395  0.876349 18.703211     0.000236    0.003695    0.012124  
      3.079131  3.580535 18.703212    -0.000459    0.001401   -0.003612  
      0.000000  0.000000  3.611250            0           0           0  
     -1.546800  2.679136  3.611250            0           0           0  
      3.093600  0.000000  3.611250            0           0           0  
      1.546800  2.679136  3.611250            0           0           0  
      0.000000  0.000000 10.926500            0           0           0  
     -1.546800  2.679136 10.926500            0           0           0  
      3.093600  0.000000 10.926500            0           0           0  
      1.546800  2.679136 10.926500            0           0           0  
      3.092750  5.357790 13.730047     0.004220    0.016110   -0.001422  
      4.640393  2.679140 13.729433     0.003956    0.016962    0.000000  
      0.000837  5.357789 13.730047     0.003460    0.015933   -0.000604  
      1.546793  2.680114 13.730047     0.003691    0.016680    0.002037  
      0.121762  0.070308 21.266948    -0.056594   -0.090588   -0.028649  
      4.640395  2.679139 21.115818    -0.003813   -0.016338   -0.000019  
      2.971820  0.070310 21.266950     0.001717   -0.077045   -0.012129  
      1.546793  2.538533 21.266948    -0.015596   -0.134330    0.040794  
      1.546790  0.893049 22.142898    -0.032302   -0.138336    0.000006  
 
  84 f  =    2.809989 THz    17.655683 2PiTHz   93.731153 cm-1    11.621177 meV
             X         Y         Z           dx          dy          dz
      0.000031  1.786073  4.861250            0           0           0  
     -1.546769  4.465209  4.861250            0           0           0  
      3.093631  1.786073  4.861250            0           0           0  
      1.546831  4.465209  4.861250            0           0           0  
      0.000000  0.000000  7.269000            0           0           0  
     -1.546800  2.679136  7.269000            0           0           0  
      3.093600  0.000000  7.269000            0           0           0  
      1.546800  2.679136  7.269000            0           0           0  
      1.546769  0.893063  9.676500            0           0           0  
     -0.000031  3.572200  9.676500            0           0           0  
      4.640369  0.893063  9.676500            0           0           0  
      3.093569  3.572200  9.676500            0           0           0  
      1.546793  0.893049 14.989266     0.014713   -0.003428    0.000010  
     -0.000372  3.571973 14.991356     0.014848   -0.002903    0.000012  
      4.640394  0.893472 14.991356     0.014159   -0.003549    0.000012  
      3.093960  3.571974 14.991357     0.015061   -0.003822    0.000009  
      0.001405  0.000819 17.384390     0.008192   -0.000339    0.000427  
      4.640394  2.679140 17.382327     0.005365   -0.001250    0.000008  
      3.092182  0.000818 17.384391     0.008796   -0.002922   -0.000537  
      1.546794  2.677510 17.384390     0.006255   -0.002155    0.000138  
     -0.018874  1.796988 19.751582    -0.008130    0.011021   -0.014099  
     -1.546807  4.443445 19.751583     0.018427    0.002980    0.003357  
      3.112460  1.796988 19.751583    -0.001826   -0.015969    0.010757  
      1.546793  4.465231 19.773468     0.010023   -0.002341    0.000004  
      1.546769  0.893063  5.959750            0           0           0  
     -0.000031  3.572200  5.959750            0           0           0  
      4.640369  0.893063  5.959750            0           0           0  
      3.093569  3.572200  5.959750            0           0           0  
      0.000031  1.786073  8.578000            0           0           0  
     -1.546769  4.465209  8.578000            0           0           0  
      3.093631  1.786073  8.578000            0           0           0  
      1.546831  4.465209  8.578000            0           0           0  
      0.002298  1.784764 16.081090     0.013139   -0.003588   -0.000353  
     -1.546808  4.467892 16.081089     0.011607   -0.003124    0.000096  
      3.091288  1.784765 16.081089     0.012776   -0.002035    0.000287  
      1.546794  4.465231 16.081231     0.013444   -0.003134    0.000011  
      1.546794  0.893049 18.706994    -0.001534    0.000360    0.000008  
      0.014457  3.580534 18.703211     0.002765    0.000780   -0.009082  
      4.640395  0.876349 18.703211     0.001004   -0.000865   -0.002824  
      3.079131  3.580535 18.703212     0.003310   -0.001560    0.011923  
      0.000000  0.000000  3.611250            0           0           0  
     -1.546800  2.679136  3.611250            0           0           0  
      3.093600  0.000000  3.611250            0           0           0  
      1.546800  2.679136  3.611250            0           0           0  
      0.000000  0.000000 10.926500            0           0           0  
     -1.546800  2.679136 10.926500            0           0           0  
      3.093600  0.000000 10.926500            0           0           0  
      1.546800  2.679136 10.926500            0           0           0  
      3.092750  5.357790 13.730047     0.016379   -0.003361   -0.001510  
      4.640393  2.679140 13.729433     0.016972   -0.003956    0.000012  
      0.000837  5.357789 13.730047     0.016558   -0.004114    0.002013  
      1.546793  2.680114 13.730047     0.015821   -0.003893   -0.000463  
      0.121762  0.070308 21.266948    -0.110684   -0.009496   -0.030575  
      4.640395  2.679139 21.115818    -0.016305    0.003809    0.000010  
      2.971820  0.070310 21.266950    -0.124314    0.048621    0.040124  
      1.546793  2.538533 21.266948    -0.066975    0.031337   -0.009571  
      1.546790  0.893049 22.142898    -0.138309    0.032315    0.000004  
 
  85 f  =    0.761390 THz     4.783954 2PiTHz   25.397232 cm-1     3.148854 meV
             X         Y         Z           dx          dy          dz
      0.000031  1.786073  4.861250            0           0           0  
     -1.546769  4.465209  4.861250            0           0           0  
      3.093631  1.786073  4.861250            0           0           0  
      1.546831  4.465209  4.861250            0           0           0  
      0.000000  0.000000  7.269000            0           0           0  
     -1.546800  2.679136  7.269000            0           0           0  
      3.093600  0.000000  7.269000            0           0           0  
      1.546800  2.679136  7.269000            0           0           0  
      1.546769  0.893063  9.676500            0           0           0  
     -0.000031  3.572200  9.676500            0           0           0  
      4.640369  0.893063  9.676500            0           0           0  
      3.093569  3.572200  9.676500            0           0           0  
      1.546793  0.893049 14.989266     0.000028   -0.000004   -0.033984  
     -0.000372  3.571973 14.991356     0.000023   -0.000005   -0.033971  
      4.640394  0.893472 14.991356     0.000029    0.000004   -0.033971  
      3.093960  3.571974 14.991357     0.000033   -0.000005   -0.033970  
      0.001405  0.000819 17.384390     0.000024   -0.000004   -0.035004  
      4.640394  2.679140 17.382327     0.000027   -0.000003   -0.035011  
      3.092182  0.000818 17.384391     0.000030   -0.000005   -0.035004  
      1.546794  2.677510 17.384390     0.000026    0.000000   -0.035004  
     -0.018874  1.796988 19.751582     0.000026   -0.000002   -0.035564  
     -1.546807  4.443445 19.751583     0.000029   -0.000000   -0.035561  
      3.112460  1.796988 19.751583     0.000023   -0.000008   -0.035558  
      1.546793  4.465231 19.773468     0.000025   -0.000004   -0.035482  
      1.546769  0.893063  5.959750            0           0           0  
     -0.000031  3.572200  5.959750            0           0           0  
      4.640369  0.893063  5.959750            0           0           0  
      3.093569  3.572200  5.959750            0           0           0  
      0.000031  1.786073  8.578000            0           0           0  
     -1.546769  4.465209  8.578000            0           0           0  
      3.093631  1.786073  8.578000            0           0           0  
      1.546831  4.465209  8.578000            0           0           0  
      0.002298  1.784764 16.081090     0.000034   -0.000007   -0.034338  
     -1.546808  4.467892 16.081089     0.000027    0.000005   -0.034337  
      3.091288  1.784765 16.081089     0.000021   -0.000007   -0.034338  
      1.546794  4.465231 16.081231     0.000027   -0.000002   -0.034347  
      1.546794  0.893049 18.706994     0.000025   -0.000003   -0.035310  
      0.014457  3.580534 18.703211     0.000037    0.000004   -0.035301  
      4.640395  0.876349 18.703211     0.000025   -0.000017   -0.035299  
      3.079131  3.580535 18.703212     0.000014    0.000003   -0.035294  
      0.000000  0.000000  3.611250            0           0           0  
     -1.546800  2.679136  3.611250            0           0           0  
      3.093600  0.000000  3.611250            0           0           0  
      1.546800  2.679136  3.611250            0           0           0  
      0.000000  0.000000 10.926500            0           0           0  
     -1.546800  2.679136 10.926500            0           0           0  
      3.093600  0.000000 10.926500            0           0           0  
      1.546800  2.679136 10.926500            0           0           0  
      3.092750  5.357790 13.730047     0.000040    0.000002   -0.032702  
      4.640393  2.679140 13.729433     0.000030   -0.000003   -0.032646  
      0.000837  5.357789 13.730047     0.000016    0.000002   -0.032702  
      1.546793  2.680114 13.730047     0.000030   -0.000012   -0.032702  
      0.121762  0.070308 21.266948    -0.000052   -0.000030   -0.035658  
      4.640395  2.679139 21.115818     0.000023   -0.000007   -0.035863  
      2.971820  0.070310 21.266950     0.000057   -0.000027   -0.035619  
      1.546793  2.538533 21.266948     0.000006    0.000060   -0.035644  
      1.546790  0.893049 22.142898    -0.000007    0.000001   -0.035944  
 
  86 fi =    0.099930 THz     0.627877 2PiTHz    3.333299 cm-1     0.413276 meV
             X         Y         Z           dx          dy          dz
      0.000031  1.786073  4.861250            0           0           0  
     -1.546769  4.465209  4.861250            0           0           0  
      3.093631  1.786073  4.861250            0           0           0  
      1.546831  4.465209  4.861250            0           0           0  
      0.000000  0.000000  7.269000            0           0           0  
     -1.546800  2.679136  7.269000            0           0           0  
      3.093600  0.000000  7.269000            0           0           0  
      1.546800  2.679136  7.269000            0           0           0  
      1.546769  0.893063  9.676500            0           0           0  
     -0.000031  3.572200  9.676500            0           0           0  
      4.640369  0.893063  9.676500            0           0           0  
      3.093569  3.572200  9.676500            0           0           0  
      1.546793  0.893049 14.989266     0.013060   -0.032166    0.000011  
     -0.000372  3.571973 14.991356     0.013063   -0.032168    0.000011  
      4.640394  0.893472 14.991356     0.013062   -0.032160    0.000010  
      3.093960  3.571974 14.991357     0.013055   -0.032166    0.000012  
      0.001405  0.000819 17.384390     0.013070   -0.032184    0.000011  
      4.640394  2.679140 17.382327     0.013074   -0.032197    0.000011  
      3.092182  0.000818 17.384391     0.013063   -0.032182    0.000011  
      1.546794  2.677510 17.384390     0.013069   -0.032177    0.000011  
     -0.018874  1.796988 19.751582     0.013129   -0.032178    0.000072  
     -1.546807  4.443445 19.751583     0.013046   -0.032238   -0.000057  
      3.112460  1.796988 19.751583     0.013034   -0.032136    0.000021  
      1.546793  4.465231 19.773468     0.013058   -0.032155    0.000010  
      1.546769  0.893063  5.959750            0           0           0  
     -0.000031  3.572200  5.959750            0           0           0  
      4.640369  0.893063  5.959750            0           0           0  
      3.093569  3.572200  5.959750            0           0           0  
      0.000031  1.786073  8.578000            0           0           0  
     -1.546769  4.465209  8.578000            0           0           0  
      3.093631  1.786073  8.578000            0           0           0  
      1.546831  4.465209  8.578000            0           0           0  
      0.002298  1.784764 16.081090     0.013060   -0.032174    0.000010  
     -1.546808  4.467892 16.081089     0.013065   -0.032172    0.000013  
      3.091288  1.784765 16.081089     0.013065   -0.032180    0.000012  
      1.546794  4.465231 16.081231     0.013063   -0.032173    0.000012  
      1.546794  0.893049 18.706994     0.013070   -0.032183    0.000011  
      0.014457  3.580534 18.703211     0.013076   -0.032197    0.000006  
      4.640395  0.876349 18.703211     0.013075   -0.032190    0.000066  
      3.079131  3.580535 18.703212     0.013069   -0.032192   -0.000037  
      0.000000  0.000000  3.611250            0           0           0  
     -1.546800  2.679136  3.611250            0           0           0  
      3.093600  0.000000  3.611250            0           0           0  
      1.546800  2.679136  3.611250            0           0           0  
      0.000000  0.000000 10.926500            0           0           0  
     -1.546800  2.679136 10.926500            0           0           0  
      3.093600  0.000000 10.926500            0           0           0  
      1.546800  2.679136 10.926500            0           0           0  
      3.092750  5.357790 13.730047     0.013019   -0.032078    0.000015  
      4.640393  2.679140 13.729433     0.013000   -0.032015    0.000012  
      0.000837  5.357789 13.730047     0.013026   -0.032070    0.000022  
      1.546793  2.680114 13.730047     0.013025   -0.032079   -0.000001  
      0.121762  0.070308 21.266948     0.013064   -0.032330    0.000002  
      4.640395  2.679139 21.115818     0.012881   -0.031737    0.000010  
      2.971820  0.070310 21.266950     0.013502   -0.032507   -0.000100  
      1.546793  2.538533 21.266948     0.013125   -0.032807    0.000152  
      1.546790  0.893049 22.142898     0.013330   -0.032797    0.000020  
 
  87 fi =    0.101114 THz     0.635320 2PiTHz    3.372813 cm-1     0.418175 meV
             X         Y         Z           dx          dy          dz
      0.000031  1.786073  4.861250            0           0           0  
     -1.546769  4.465209  4.861250            0           0           0  
      3.093631  1.786073  4.861250            0           0           0  
      1.546831  4.465209  4.861250            0           0           0  
      0.000000  0.000000  7.269000            0           0           0  
     -1.546800  2.679136  7.269000            0           0           0  
      3.093600  0.000000  7.269000            0           0           0  
      1.546800  2.679136  7.269000            0           0           0  
      1.546769  0.893063  9.676500            0           0           0  
     -0.000031  3.572200  9.676500            0           0           0  
      4.640369  0.893063  9.676500            0           0           0  
      3.093569  3.572200  9.676500            0           0           0  
      1.546793  0.893049 14.989266    -0.032160   -0.013061   -0.000021  
     -0.000372  3.571973 14.991356    -0.032155   -0.013057   -0.000020  
      4.640394  0.893472 14.991356    -0.032162   -0.013060   -0.000022  
      3.093960  3.571974 14.991357    -0.032158   -0.013065   -0.000022  
      0.001405  0.000819 17.384390    -0.032176   -0.013066   -0.000022  
      4.640394  2.679140 17.382327    -0.032196   -0.013075   -0.000022  
      3.092182  0.000818 17.384391    -0.032178   -0.013073   -0.000022  
      1.546794  2.677510 17.384390    -0.032182   -0.013067   -0.000022  
     -0.018874  1.796988 19.751582    -0.032196   -0.013010   -0.000071  
     -1.546807  4.443445 19.751583    -0.032129   -0.013092   -0.000050  
      3.112460  1.796988 19.751583    -0.032233   -0.013109    0.000054  
      1.546793  4.465231 19.773468    -0.032154   -0.013059   -0.000023  
      1.546769  0.893063  5.959750            0           0           0  
     -0.000031  3.572200  5.959750            0           0           0  
      4.640369  0.893063  5.959750            0           0           0  
      3.093569  3.572200  5.959750            0           0           0  
      0.000031  1.786073  8.578000            0           0           0  
     -1.546769  4.465209  8.578000            0           0           0  
      3.093631  1.786073  8.578000            0           0           0  
      1.546831  4.465209  8.578000            0           0           0  
      0.002298  1.784764 16.081090    -0.032168   -0.013068   -0.000021  
     -1.546808  4.467892 16.081089    -0.032173   -0.013064   -0.000021  
      3.091288  1.784765 16.081089    -0.032165   -0.013064   -0.000025  
      1.546794  4.465231 16.081231    -0.032167   -0.013065   -0.000022  
      1.546794  0.893049 18.706994    -0.032185   -0.013071   -0.000023  
      0.014457  3.580534 18.703211    -0.032191   -0.013071   -0.000082  
      4.640395  0.876349 18.703211    -0.032200   -0.013074    0.000000  
      3.079131  3.580535 18.703212    -0.032196   -0.013079    0.000018  
      0.000000  0.000000  3.611250            0           0           0  
     -1.546800  2.679136  3.611250            0           0           0  
      3.093600  0.000000  3.611250            0           0           0  
      1.546800  2.679136  3.611250            0           0           0  
      0.000000  0.000000 10.926500            0           0           0  
     -1.546800  2.679136 10.926500            0           0           0  
      3.093600  0.000000 10.926500            0           0           0  
      1.546800  2.679136 10.926500            0           0           0  
      3.092750  5.357790 13.730047    -0.032061   -0.013021   -0.000008  
      4.640393  2.679140 13.729433    -0.032006   -0.013000   -0.000025  
      0.000837  5.357789 13.730047    -0.032064   -0.013020   -0.000031  
      1.546793  2.680114 13.730047    -0.032075   -0.013018   -0.000027  
      0.121762  0.070308 21.266948    -0.032796   -0.013387   -0.000169  
      4.640395  2.679139 21.115818    -0.031738   -0.012895   -0.000022  
      2.971820  0.070310 21.266950    -0.032628   -0.012945    0.000077  
      1.546793  2.538533 21.266948    -0.032321   -0.013319    0.000025  
      1.546790  0.893049 22.142898    -0.032831   -0.013313   -0.000020  
 
