 Eigenvectors and eigenvalues of the dynamical matrix
 ----------------------------------------------------
 
 
   1 f  =   21.681338 THz   136.227866 2PiTHz  723.211596 cm-1    89.666770 meV
             X         Y         Z           dx          dy          dz
      0.000031  1.786073  4.861250            0           0           0  
     -1.546769  4.465209  4.861250            0           0           0  
      3.093631  1.786073  4.861250            0           0           0  
      1.546831  4.465209  4.861250            0           0           0  
      0.000000  0.000000  7.269000            0           0           0  
     -1.546800  2.679136  7.269000            0           0           0  
      3.093600  0.000000  7.269000            0           0           0  
      1.546800  2.679136  7.269000            0           0           0  
      1.546769  0.893063  9.676500            0           0           0  
     -0.000031  3.572200  9.676500            0           0           0  
      4.640369  0.893063  9.676500            0           0           0  
      3.093569  3.572200  9.676500            0           0           0  
      1.537717  0.887799 14.838257     0.000230    0.000135   -0.011064  
      0.000001  3.572181 14.777911     0.000001   -0.000002   -0.009941  
      4.649484  0.887801 14.838246    -0.000230    0.000134   -0.011064  
      3.093602  3.582671 14.838257    -0.000000   -0.000266   -0.011066  
      6.187198  0.000001 17.411768    -0.000000    0.000000    0.001913  
     -1.546183  2.679494 17.398133    -0.000313   -0.000182    0.000906  
     -0.000001  5.357559 17.398133     0.000000    0.000363    0.000905  
      1.546179  2.679495 17.398132     0.000313   -0.000182    0.000906  
     -0.000004  1.786780 19.984037     0.000002   -0.000578    0.013088  
     -1.546209  4.464886 19.984036    -0.000502    0.000289    0.013087  
      3.093596  1.786093 19.985921    -0.000001    0.000002    0.012506  
      1.546202  4.464886 19.984037     0.000500    0.000287    0.013087  
      1.546769  0.893063  5.959750            0           0           0  
     -0.000031  3.572200  5.959750            0           0           0  
      4.640369  0.893063  5.959750            0           0           0  
      3.093569  3.572200  5.959750            0           0           0  
      0.000031  1.786073  8.578000            0           0           0  
     -1.546769  4.465209  8.578000            0           0           0  
      3.093631  1.786073  8.578000            0           0           0  
      1.546831  4.465209  8.578000            0           0           0  
     -0.000001  1.797243 16.121959     0.000000    0.020752    0.091780  
     -1.537143  4.459651 16.121962     0.017983   -0.010376    0.091782  
      3.093600  1.786091 16.148331     0.000001    0.000002    0.098270  
      1.537142  4.459651 16.121959    -0.017980   -0.010375    0.091778  
      1.543829  0.891333 18.663159     0.008932    0.005151   -0.099232  
     -0.000003  3.572183 18.668587    -0.000002   -0.000001   -0.110660  
      4.643366  0.891333 18.663159    -0.008936    0.005154   -0.099242  
      3.093597  3.575611 18.663159    -0.000000   -0.010301   -0.099225  
      0.000000  0.000000  3.611250            0           0           0  
     -1.546800  2.679136  3.611250            0           0           0  
      3.093600  0.000000  3.611250            0           0           0  
      1.546800  2.679136  3.611250            0           0           0  
      0.000000  0.000000 10.926500            0           0           0  
     -1.546800  2.679136 10.926500            0           0           0  
      3.093600  0.000000 10.926500            0           0           0  
      1.546800  2.679136 10.926500            0           0           0  
     -3.093598  5.358271 13.918005     0.000005   -0.000005   -0.008564  
      4.607839  2.660340 13.875095     0.003688    0.002131   -0.004072  
      3.093598  0.037597 13.875095    -0.000004   -0.004260   -0.004083  
      1.579370  2.660332 13.875087    -0.003692    0.002128   -0.004061  
      6.187196  0.000002 20.903618     0.000015   -0.000002    0.001797  
      4.637541  2.677490 20.900171    -0.002209   -0.001257    0.001327  
      3.093596  0.003299 20.900171    -0.000004    0.002530    0.001328  
      1.549651  2.677490 20.900171     0.002205   -0.001273    0.001308  
      3.093470  1.786163 12.009853     0.000001    0.000001    0.013889  
 
   2 f  =   20.956785 THz   131.675361 2PiTHz  699.043087 cm-1    86.670258 meV
             X         Y         Z           dx          dy          dz
      0.000031  1.786073  4.861250            0           0           0  
     -1.546769  4.465209  4.861250            0           0           0  
      3.093631  1.786073  4.861250            0           0           0  
      1.546831  4.465209  4.861250            0           0           0  
      0.000000  0.000000  7.269000            0           0           0  
     -1.546800  2.679136  7.269000            0           0           0  
      3.093600  0.000000  7.269000            0           0           0  
      1.546800  2.679136  7.269000            0           0           0  
      1.546769  0.893063  9.676500            0           0           0  
     -0.000031  3.572200  9.676500            0           0           0  
      4.640369  0.893063  9.676500            0           0           0  
      3.093569  3.572200  9.676500            0           0           0  
      1.537717  0.887799 14.838257    -0.000530   -0.002333    0.002437  
      0.000001  3.572181 14.777911    -0.003243    0.000009    0.000005  
      4.649484  0.887801 14.838246    -0.000542    0.002321   -0.002432  
      3.093602  3.582671 14.838257     0.003494    0.000005    0.000014  
      6.187198  0.000001 17.411768    -0.000274    0.000001    0.000012  
     -1.546183  2.679494 17.398133     0.000169   -0.000049    0.000646  
     -0.000001  5.357559 17.398133     0.000254   -0.000000    0.000012  
      1.546179  2.679495 17.398132     0.000169    0.000047   -0.000627  
     -0.000004  1.786780 19.984037    -0.003444   -0.000004    0.000002  
     -1.546209  4.464886 19.984036    -0.000084   -0.001928    0.001887  
      3.093596  1.786093 19.985921     0.003331   -0.000010    0.000008  
      1.546202  4.464886 19.984037    -0.000095    0.001943   -0.001862  
      1.546769  0.893063  5.959750            0           0           0  
     -0.000031  3.572200  5.959750            0           0           0  
      4.640369  0.893063  5.959750            0           0           0  
      3.093569  3.572200  5.959750            0           0           0  
      0.000031  1.786073  8.578000            0           0           0  
     -1.546769  4.465209  8.578000            0           0           0  
      3.093631  1.786073  8.578000            0           0           0  
      1.546831  4.465209  8.578000            0           0           0  
     -0.000001  1.797243 16.121959     0.117622    0.000078    0.000150  
     -1.537143  4.459651 16.121962    -0.001608    0.068491   -0.055781  
      3.093600  1.786091 16.148331    -0.115524    0.000328   -0.000063  
      1.537142  4.459651 16.121959    -0.001147   -0.068902    0.055524  
      1.543829  0.891333 18.663159     0.000831    0.061130   -0.049028  
     -0.000003  3.572183 18.668587     0.104151   -0.000297   -0.000029  
      4.643366  0.891333 18.663159     0.001248   -0.060763    0.049074  
      3.093597  3.575611 18.663159    -0.104534   -0.000064   -0.000223  
      0.000000  0.000000  3.611250            0           0           0  
     -1.546800  2.679136  3.611250            0           0           0  
      3.093600  0.000000  3.611250            0           0           0  
      1.546800  2.679136  3.611250            0           0           0  
      0.000000  0.000000 10.926500            0           0           0  
     -1.546800  2.679136 10.926500            0           0           0  
      3.093600  0.000000 10.926500            0           0           0  
      1.546800  2.679136 10.926500            0           0           0  
     -3.093598  5.358271 13.918005     0.031872   -0.000088    0.000006  
      4.607839  2.660340 13.875095    -0.000990    0.016609   -0.008792  
      3.093598  0.037597 13.875095    -0.029615   -0.000016   -0.000033  
      1.579370  2.660332 13.875087    -0.000880   -0.016503    0.008818  
      6.187196  0.000002 20.903618    -0.026246    0.000076   -0.000014  
      4.637541  2.677490 20.900171     0.000049   -0.015366    0.007189  
      3.093596  0.003299 20.900171     0.026544    0.000011    0.000020  
      1.549651  2.677490 20.900171    -0.000058    0.015273   -0.007217  
      3.093470  1.786163 12.009853     0.002785   -0.000007   -0.000012  
 
   3 f  =   20.955562 THz   131.667679 2PiTHz  699.002308 cm-1    86.665202 meV
             X         Y         Z           dx          dy          dz
      0.000031  1.786073  4.861250            0           0           0  
     -1.546769  4.465209  4.861250            0           0           0  
      3.093631  1.786073  4.861250            0           0           0  
      1.546831  4.465209  4.861250            0           0           0  
      0.000000  0.000000  7.269000            0           0           0  
     -1.546800  2.679136  7.269000            0           0           0  
      3.093600  0.000000  7.269000            0           0           0  
      1.546800  2.679136  7.269000            0           0           0  
      1.546769  0.893063  9.676500            0           0           0  
     -0.000031  3.572200  9.676500            0           0           0  
      4.640369  0.893063  9.676500            0           0           0  
      3.093569  3.572200  9.676500            0           0           0  
      1.537717  0.887799 14.838257    -0.002330    0.002139    0.001412  
      0.000001  3.572181 14.777911    -0.000009   -0.003249    0.000000  
      4.649484  0.887801 14.838246     0.002327    0.002152    0.001397  
      3.093602  3.582671 14.838257     0.000010   -0.001885   -0.002813  
      6.187198  0.000001 17.411768    -0.000001   -0.000275   -0.000007  
     -1.546183  2.679494 17.398133    -0.000046    0.000227    0.000366  
     -0.000001  5.357559 17.398133     0.000001    0.000144   -0.000740  
      1.546179  2.679495 17.398132     0.000048    0.000227    0.000361  
     -0.000004  1.786780 19.984037    -0.000010    0.001032    0.002159  
     -1.546209  4.464886 19.984036    -0.001937   -0.002327   -0.001081  
      3.093596  1.786093 19.985921     0.000010    0.003336   -0.000006  
      1.546202  4.464886 19.984037     0.001937   -0.002315   -0.001091  
      1.546769  0.893063  5.959750            0           0           0  
     -0.000031  3.572200  5.959750            0           0           0  
      4.640369  0.893063  5.959750            0           0           0  
      3.093569  3.572200  5.959750            0           0           0  
      0.000031  1.786073  8.578000            0           0           0  
     -1.546769  4.465209  8.578000            0           0           0  
      3.093631  1.786073  8.578000            0           0           0  
      1.546831  4.465209  8.578000            0           0           0  
     -0.000001  1.797243 16.121959     0.000335   -0.040958   -0.064260  
     -1.537143  4.459651 16.121962     0.068727    0.078114    0.031976  
      3.093600  1.786091 16.148331    -0.000334   -0.115555    0.000037  
      1.537142  4.459651 16.121959    -0.068732    0.077720    0.032296  
      1.543829  0.891333 18.663159     0.061015   -0.069142   -0.028395  
     -0.000003  3.572183 18.668587     0.000298    0.104141   -0.000004  
      4.643366  0.891333 18.663159    -0.061011   -0.069491   -0.028113  
      3.093597  3.575611 18.663159    -0.000299    0.036147    0.056649  
      0.000000  0.000000  3.611250            0           0           0  
     -1.546800  2.679136  3.611250            0           0           0  
      3.093600  0.000000  3.611250            0           0           0  
      1.546800  2.679136  3.611250            0           0           0  
      0.000000  0.000000 10.926500            0           0           0  
     -1.546800  2.679136 10.926500            0           0           0  
      3.093600  0.000000 10.926500            0           0           0  
      1.546800  2.679136 10.926500            0           0           0  
     -3.093598  5.358271 13.918005     0.000094    0.031902   -0.000012  
      4.607839  2.660340 13.875095     0.016566   -0.019995   -0.005118  
      3.093598  0.037597 13.875095    -0.000085    0.008635    0.010189  
      1.579370  2.660332 13.875087    -0.016574   -0.020091   -0.005068  
      6.187196  0.000002 20.903618    -0.000076   -0.026273    0.000007  
      4.637541  2.677490 20.900171    -0.015350    0.017638    0.004183  
      3.093596  0.003299 20.900171     0.000079   -0.008853   -0.008336  
      1.549651  2.677490 20.900171     0.015349    0.017729    0.004146  
      3.093470  1.786163 12.009853     0.000008    0.002790    0.000003  
 
   4 f  =   20.820308 THz   130.817856 2PiTHz  694.490733 cm-1    86.105838 meV
             X         Y         Z           dx          dy          dz
      0.000031  1.786073  4.861250            0           0           0  
     -1.546769  4.465209  4.861250            0           0           0  
      3.093631  1.786073  4.861250            0           0           0  
      1.546831  4.465209  4.861250            0           0           0  
      0.000000  0.000000  7.269000            0           0           0  
     -1.546800  2.679136  7.269000            0           0           0  
      3.093600  0.000000  7.269000            0           0           0  
      1.546800  2.679136  7.269000            0           0           0  
      1.546769  0.893063  9.676500            0           0           0  
     -0.000031  3.572200  9.676500            0           0           0  
      4.640369  0.893063  9.676500            0           0           0  
      3.093569  3.572200  9.676500            0           0           0  
      1.537717  0.887799 14.838257    -0.002199   -0.001275   -0.004444  
      0.000001  3.572181 14.777911    -0.000003    0.000003   -0.001311  
      4.649484  0.887801 14.838246     0.002200   -0.001272   -0.004446  
      3.093602  3.582671 14.838257     0.000003    0.002542   -0.004441  
      6.187198  0.000001 17.411768     0.000001   -0.000000   -0.012560  
     -1.546183  2.679494 17.398133     0.000329    0.000190   -0.009872  
     -0.000001  5.357559 17.398133    -0.000001   -0.000380   -0.009869  
      1.546179  2.679495 17.398132    -0.000329    0.000189   -0.009871  
     -0.000004  1.786780 19.984037    -0.000003   -0.002782   -0.006731  
     -1.546209  4.464886 19.984036    -0.002408    0.001391   -0.006728  
      3.093596  1.786093 19.985921     0.000002   -0.000001   -0.008837  
      1.546202  4.464886 19.984037     0.002408    0.001393   -0.006730  
      1.546769  0.893063  5.959750            0           0           0  
     -0.000031  3.572200  5.959750            0           0           0  
      4.640369  0.893063  5.959750            0           0           0  
      3.093569  3.572200  5.959750            0           0           0  
      0.000031  1.786073  8.578000            0           0           0  
     -1.546769  4.465209  8.578000            0           0           0  
      3.093631  1.786073  8.578000            0           0           0  
      1.546831  4.465209  8.578000            0           0           0  
     -0.000001  1.797243 16.121959     0.000064    0.085604    0.020239  
     -1.537143  4.459651 16.121962     0.074067   -0.042802    0.020149  
      3.093600  1.786091 16.148331    -0.000058    0.000073    0.081011  
      1.537142  4.459651 16.121959    -0.074070   -0.042875    0.020203  
      1.543829  0.891333 18.663159     0.085034    0.049197    0.074595  
     -0.000003  3.572183 18.668587     0.000063   -0.000069   -0.004981  
      4.643366  0.891333 18.663159    -0.085038    0.049122    0.074659  
      3.093597  3.575611 18.663159    -0.000060   -0.098254    0.074568  
      0.000000  0.000000  3.611250            0           0           0  
     -1.546800  2.679136  3.611250            0           0           0  
      3.093600  0.000000  3.611250            0           0           0  
      1.546800  2.679136  3.611250            0           0           0  
      0.000000  0.000000 10.926500            0           0           0  
     -1.546800  2.679136 10.926500            0           0           0  
      3.093600  0.000000 10.926500            0           0           0  
      1.546800  2.679136 10.926500            0           0           0  
     -3.093598  5.358271 13.918005     0.000015   -0.000020   -0.012261  
      4.607839  2.660340 13.875095     0.016674    0.009655   -0.000701  
      3.093598  0.037597 13.875095    -0.000012   -0.019275   -0.000705  
      1.579370  2.660332 13.875087    -0.016672    0.009640   -0.000701  
      6.187196  0.000002 20.903618    -0.000034    0.000021    0.010037  
      4.637541  2.677490 20.900171    -0.023151   -0.013401   -0.003464  
      3.093596  0.003299 20.900171     0.000011    0.026758   -0.003455  
      1.549651  2.677490 20.900171     0.023153   -0.013369   -0.003459  
      3.093470  1.786163 12.009853     0.000002   -0.000003    0.008730  
 
   5 f  =   20.413992 THz   128.264892 2PiTHz  680.937463 cm-1    84.425448 meV
             X         Y         Z           dx          dy          dz
      0.000031  1.786073  4.861250            0           0           0  
     -1.546769  4.465209  4.861250            0           0           0  
      3.093631  1.786073  4.861250            0           0           0  
      1.546831  4.465209  4.861250            0           0           0  
      0.000000  0.000000  7.269000            0           0           0  
     -1.546800  2.679136  7.269000            0           0           0  
      3.093600  0.000000  7.269000            0           0           0  
      1.546800  2.679136  7.269000            0           0           0  
      1.546769  0.893063  9.676500            0           0           0  
     -0.000031  3.572200  9.676500            0           0           0  
      4.640369  0.893063  9.676500            0           0           0  
      3.093569  3.572200  9.676500            0           0           0  
      1.537717  0.887799 14.838257    -0.002056   -0.001184    0.010460  
      0.000001  3.572181 14.777911     0.000002   -0.000000    0.011565  
      4.649484  0.887801 14.838246     0.002055   -0.001186    0.010463  
      3.093602  3.582671 14.838257    -0.000003    0.002374    0.010460  
      6.187198  0.000001 17.411768    -0.000001    0.000002    0.016377  
     -1.546183  2.679494 17.398133     0.000991    0.000571    0.019393  
     -0.000001  5.357559 17.398133     0.000001   -0.001143    0.019398  
      1.546179  2.679495 17.398132    -0.000990    0.000572    0.019392  
     -0.000004  1.786780 19.984037     0.000004   -0.001352    0.010456  
     -1.546209  4.464886 19.984036    -0.001168    0.000675    0.010455  
      3.093596  1.786093 19.985921    -0.000003   -0.000002    0.009482  
      1.546202  4.464886 19.984037     0.001168    0.000675    0.010457  
      1.546769  0.893063  5.959750            0           0           0  
     -0.000031  3.572200  5.959750            0           0           0  
      4.640369  0.893063  5.959750            0           0           0  
      3.093569  3.572200  5.959750            0           0           0  
      0.000031  1.786073  8.578000            0           0           0  
     -1.546769  4.465209  8.578000            0           0           0  
      3.093631  1.786073  8.578000            0           0           0  
      1.546831  4.465209  8.578000            0           0           0  
     -0.000001  1.797243 16.121959    -0.000026    0.027860   -0.101185  
     -1.537143  4.459651 16.121962     0.024101   -0.013965   -0.101189  
      3.093600  1.786091 16.148331     0.000027    0.000029   -0.062918  
      1.537142  4.459651 16.121959    -0.024100   -0.013932   -0.101220  
      1.543829  0.891333 18.663159     0.056382    0.032525   -0.059944  
     -0.000003  3.572183 18.668587    -0.000033    0.000014   -0.106822  
      4.643366  0.891333 18.663159    -0.056395    0.032561   -0.059984  
      3.093597  3.575611 18.663159     0.000022   -0.065092   -0.059948  
      0.000000  0.000000  3.611250            0           0           0  
     -1.546800  2.679136  3.611250            0           0           0  
      3.093600  0.000000  3.611250            0           0           0  
      1.546800  2.679136  3.611250            0           0           0  
      0.000000  0.000000 10.926500            0           0           0  
     -1.546800  2.679136 10.926500            0           0           0  
      3.093600  0.000000 10.926500            0           0           0  
      1.546800  2.679136 10.926500            0           0           0  
     -3.093598  5.358271 13.918005    -0.000008   -0.000014    0.006176  
      4.607839  2.660340 13.875095     0.005628    0.003258    0.005189  
      3.093598  0.037597 13.875095    -0.000001   -0.006505    0.005187  
      1.579370  2.660332 13.875087    -0.005627    0.003263    0.005201  
      6.187196  0.000002 20.903618     0.000034   -0.000010    0.007277  
      4.637541  2.677490 20.900171    -0.017053   -0.009808   -0.003735  
      3.093596  0.003299 20.900171    -0.000001    0.019659   -0.003749  
      1.549651  2.677490 20.900171     0.017054   -0.009848   -0.003758  
      3.093470  1.786163 12.009853    -0.000001    0.000001   -0.017670  
 
   6 f  =   19.203813 THz   120.661117 2PiTHz  640.570255 cm-1    79.420554 meV
             X         Y         Z           dx          dy          dz
      0.000031  1.786073  4.861250            0           0           0  
     -1.546769  4.465209  4.861250            0           0           0  
      3.093631  1.786073  4.861250            0           0           0  
      1.546831  4.465209  4.861250            0           0           0  
      0.000000  0.000000  7.269000            0           0           0  
     -1.546800  2.679136  7.269000            0           0           0  
      3.093600  0.000000  7.269000            0           0           0  
      1.546800  2.679136  7.269000            0           0           0  
      1.546769  0.893063  9.676500            0           0           0  
     -0.000031  3.572200  9.676500            0           0           0  
      4.640369  0.893063  9.676500            0           0           0  
      3.093569  3.572200  9.676500            0           0           0  
      1.537717  0.887799 14.838257    -0.000758    0.002107    0.000809  
      0.000001  3.572181 14.777911    -0.000195   -0.001603   -0.000004  
      4.649484  0.887801 14.838246     0.001041    0.002326    0.000526  
      3.093602  3.582671 14.838257     0.000332    0.000664   -0.001351  
      6.187198  0.000001 17.411768     0.000916    0.007603   -0.000008  
     -1.546183  2.679494 17.398133     0.004645   -0.004546   -0.005506  
     -0.000001  5.357559 17.398133    -0.000936    0.002886    0.009122  
      1.546179  2.679495 17.398132    -0.004590   -0.005659   -0.003606  
     -0.000004  1.786780 19.984037     0.000183   -0.001130   -0.001484  
     -1.546209  4.464886 19.984036     0.001108    0.001013    0.000585  
      3.093596  1.786093 19.985921    -0.000277   -0.002327   -0.000000  
      1.546202  4.464886 19.984037    -0.001219    0.000737    0.000893  
      1.546769  0.893063  5.959750            0           0           0  
     -0.000031  3.572200  5.959750            0           0           0  
      4.640369  0.893063  5.959750            0           0           0  
      3.093569  3.572200  5.959750            0           0           0  
      0.000031  1.786073  8.578000            0           0           0  
     -1.546769  4.465209  8.578000            0           0           0  
      3.093631  1.786073  8.578000            0           0           0  
      1.546831  4.465209  8.578000            0           0           0  
     -0.000001  1.797243 16.121959    -0.012681    0.036191    0.031100  
     -1.537143  4.459651 16.121962    -0.061214   -0.077235   -0.012254  
      3.093600  1.786091 16.148331     0.011262    0.093451    0.000013  
      1.537142  4.459651 16.121959     0.061424   -0.062470   -0.018749  
      1.543829  0.891333 18.663159     0.065828   -0.066339   -0.023092  
     -0.000003  3.572183 18.668587     0.013678    0.113478    0.000030  
      4.643366  0.891333 18.663159    -0.065471   -0.082165   -0.015117  
      3.093597  3.575611 18.663159    -0.013522    0.039394    0.038274  
      0.000000  0.000000  3.611250            0           0           0  
     -1.546800  2.679136  3.611250            0           0           0  
      3.093600  0.000000  3.611250            0           0           0  
      1.546800  2.679136  3.611250            0           0           0  
      0.000000  0.000000 10.926500            0           0           0  
     -1.546800  2.679136 10.926500            0           0           0  
      3.093600  0.000000 10.926500            0           0           0  
      1.546800  2.679136 10.926500            0           0           0  
     -3.093598  5.358271 13.918005    -0.005381   -0.044646    0.000020  
      4.607839  2.660340 13.875095    -0.022796    0.023659    0.012758  
      3.093598  0.037597 13.875095     0.004776   -0.013047   -0.021117  
      1.579370  2.660332 13.875087     0.022818    0.029156    0.008349  
      6.187196  0.000002 20.903618    -0.005462   -0.045332    0.000003  
      4.637541  2.677490 20.900171    -0.026749    0.028523    0.014228  
      3.093596  0.003299 20.900171     0.005694   -0.014718   -0.023582  
      1.549651  2.677490 20.900171     0.026938    0.034992    0.009317  
      3.093470  1.786163 12.009853    -0.000241   -0.002004    0.000004  
 
   7 f  =   19.203132 THz   120.656834 2PiTHz  640.547520 cm-1    79.417735 meV
             X         Y         Z           dx          dy          dz
      0.000031  1.786073  4.861250            0           0           0  
     -1.546769  4.465209  4.861250            0           0           0  
      3.093631  1.786073  4.861250            0           0           0  
      1.546831  4.465209  4.861250            0           0           0  
      0.000000  0.000000  7.269000            0           0           0  
     -1.546800  2.679136  7.269000            0           0           0  
      3.093600  0.000000  7.269000            0           0           0  
      1.546800  2.679136  7.269000            0           0           0  
      1.546769  0.893063  9.676500            0           0           0  
     -0.000031  3.572200  9.676500            0           0           0  
      4.640369  0.893063  9.676500            0           0           0  
      3.093569  3.572200  9.676500            0           0           0  
      1.537717  0.887799 14.838257    -0.001286    0.001163   -0.001085  
      0.000001  3.572181 14.777911     0.001603   -0.000192   -0.000001  
      4.649484  0.887801 14.838246    -0.001072   -0.000630    0.001243  
      3.093602  3.582671 14.838257    -0.002731    0.000081   -0.000163  
      6.187198  0.000001 17.411768    -0.007602    0.000916   -0.000003  
     -1.546183  2.679494 17.398133     0.000331   -0.005230    0.007331  
     -0.000001  5.357559 17.398133     0.007768    0.000348    0.001096  
      1.546179  2.679495 17.398132    -0.000782    0.004000   -0.008435  
     -0.000004  1.786780 19.984037    -0.001547   -0.000138   -0.000175  
     -1.546209  4.464886 19.984036     0.000600   -0.001054    0.001379  
      3.093596  1.786093 19.985921     0.002324   -0.000281    0.000004  
      1.546202  4.464886 19.984037     0.000322    0.001266   -0.001192  
      1.546769  0.893063  5.959750            0           0           0  
     -0.000031  3.572200  5.959750            0           0           0  
      4.640369  0.893063  5.959750            0           0           0  
      3.093569  3.572200  5.959750            0           0           0  
      0.000031  1.786073  8.578000            0           0           0  
     -1.546769  4.465209  8.578000            0           0           0  
      3.093631  1.786073  8.578000            0           0           0  
      1.546831  4.465209  8.578000            0           0           0  
     -0.000001  1.797243 16.121959     0.105229    0.004370    0.003747  
     -1.537143  4.459651 16.121962    -0.008265    0.052850   -0.028797  
      3.093600  1.786091 16.148331    -0.093460    0.011264    0.000014  
      1.537142  4.459651 16.121959     0.006511   -0.069693    0.025062  
      1.543829  0.891333 18.663159     0.006386   -0.074594    0.030795  
     -0.000003  3.572183 18.668587    -0.113471    0.013675    0.000022  
      4.643366  0.891333 18.663159    -0.009441    0.056695   -0.035377  
      3.093597  3.575611 18.663159     0.112185    0.004746    0.004621  
      0.000000  0.000000  3.611250            0           0           0  
     -1.546800  2.679136  3.611250            0           0           0  
      3.093600  0.000000  3.611250            0           0           0  
      1.546800  2.679136  3.611250            0           0           0  
      0.000000  0.000000 10.926500            0           0           0  
     -1.546800  2.679136 10.926500            0           0           0  
      3.093600  0.000000 10.926500            0           0           0  
      1.546800  2.679136 10.926500            0           0           0  
     -3.093598  5.358271 13.918005     0.044637   -0.005379    0.000005  
      4.607839  2.660340 13.875095    -0.002846    0.025978   -0.016995  
      3.093598  0.037597 13.875095    -0.039577   -0.001577   -0.002540  
      1.579370  2.660332 13.875087     0.002644   -0.019614    0.019542  
      6.187196  0.000002 20.903618     0.045341   -0.005464   -0.000021  
      4.637541  2.677490 20.900171    -0.003998    0.030665   -0.019018  
      3.093596  0.003299 20.900171    -0.047258   -0.001776   -0.002855  
      1.549651  2.677490 20.900171     0.002466   -0.023003    0.021829  
      3.093470  1.786163 12.009853     0.002004   -0.000242    0.000004  
 
   8 f  =   18.945528 THz   119.038264 2PiTHz  631.954795 cm-1    78.352373 meV
             X         Y         Z           dx          dy          dz
      0.000031  1.786073  4.861250            0           0           0  
     -1.546769  4.465209  4.861250            0           0           0  
      3.093631  1.786073  4.861250            0           0           0  
      1.546831  4.465209  4.861250            0           0           0  
      0.000000  0.000000  7.269000            0           0           0  
     -1.546800  2.679136  7.269000            0           0           0  
      3.093600  0.000000  7.269000            0           0           0  
      1.546800  2.679136  7.269000            0           0           0  
      1.546769  0.893063  9.676500            0           0           0  
     -0.000031  3.572200  9.676500            0           0           0  
      4.640369  0.893063  9.676500            0           0           0  
      3.093569  3.572200  9.676500            0           0           0  
      1.537717  0.887799 14.838257     0.001458    0.000843    0.003228  
      0.000001  3.572181 14.777911     0.000001    0.000002    0.002249  
      4.649484  0.887801 14.838246    -0.001458    0.000841    0.003230  
      3.093602  3.582671 14.838257    -0.000001   -0.001683    0.003229  
      6.187198  0.000001 17.411768     0.000000    0.000003    0.010865  
     -1.546183  2.679494 17.398133    -0.005977   -0.003453    0.000095  
     -0.000001  5.357559 17.398133    -0.000000    0.006904    0.000093  
      1.546179  2.679495 17.398132     0.005977   -0.003453    0.000095  
     -0.000004  1.786780 19.984037    -0.000000   -0.002498    0.001463  
     -1.546209  4.464886 19.984036    -0.002163    0.001249    0.001466  
      3.093596  1.786093 19.985921    -0.000000   -0.000002   -0.002266  
      1.546202  4.464886 19.984037     0.002162    0.001249    0.001466  
      1.546769  0.893063  5.959750            0           0           0  
     -0.000031  3.572200  5.959750            0           0           0  
      4.640369  0.893063  5.959750            0           0           0  
      3.093569  3.572200  5.959750            0           0           0  
      0.000031  1.786073  8.578000            0           0           0  
     -1.546769  4.465209  8.578000            0           0           0  
      3.093631  1.786073  8.578000            0           0           0  
      1.546831  4.465209  8.578000            0           0           0  
     -0.000001  1.797243 16.121959    -0.000008    0.119986   -0.024582  
     -1.537143  4.459651 16.121962     0.103870   -0.060015   -0.024609  
      3.093600  1.786091 16.148331     0.000008    0.000030    0.000368  
      1.537142  4.459651 16.121959    -0.103875   -0.060005   -0.024606  
      1.543829  0.891333 18.663159    -0.075291   -0.043516   -0.009187  
     -0.000003  3.572183 18.668587     0.000006    0.000053    0.009520  
      4.643366  0.891333 18.663159     0.075300   -0.043515   -0.009183  
      3.093597  3.575611 18.663159    -0.000002    0.086983   -0.009160  
      0.000000  0.000000  3.611250            0           0           0  
     -1.546800  2.679136  3.611250            0           0           0  
      3.093600  0.000000  3.611250            0           0           0  
      1.546800  2.679136  3.611250            0           0           0  
      0.000000  0.000000 10.926500            0           0           0  
     -1.546800  2.679136 10.926500            0           0           0  
      3.093600  0.000000 10.926500            0           0           0  
      1.546800  2.679136 10.926500            0           0           0  
     -3.093598  5.358271 13.918005    -0.000001   -0.000020   -0.031379  
      4.607839  2.660340 13.875095     0.033575    0.019405    0.007578  
      3.093598  0.037597 13.875095    -0.000002   -0.038794    0.007577  
      1.579370  2.660332 13.875087    -0.033574    0.019402    0.007580  
      6.187196  0.000002 20.903618     0.000004   -0.000023   -0.023622  
      4.637541  2.677490 20.900171     0.031593    0.018265    0.008074  
      3.093596  0.003299 20.900171     0.000004   -0.036502    0.008054  
      1.549651  2.677490 20.900171    -0.031592    0.018260    0.008076  
      3.093470  1.786163 12.009853     0.000001   -0.000003    0.004404  
 
   9 f  =   18.142686 THz   113.993858 2PiTHz  605.174864 cm-1    75.032087 meV
             X         Y         Z           dx          dy          dz
      0.000031  1.786073  4.861250            0           0           0  
     -1.546769  4.465209  4.861250            0           0           0  
      3.093631  1.786073  4.861250            0           0           0  
      1.546831  4.465209  4.861250            0           0           0  
      0.000000  0.000000  7.269000            0           0           0  
     -1.546800  2.679136  7.269000            0           0           0  
      3.093600  0.000000  7.269000            0           0           0  
      1.546800  2.679136  7.269000            0           0           0  
      1.546769  0.893063  9.676500            0           0           0  
     -0.000031  3.572200  9.676500            0           0           0  
      4.640369  0.893063  9.676500            0           0           0  
      3.093569  3.572200  9.676500            0           0           0  
      1.537717  0.887799 14.838257     0.008032    0.004664    0.001360  
      0.000001  3.572181 14.777911     0.000014   -0.000021   -0.000729  
      4.649484  0.887801 14.838246    -0.008035    0.004650    0.001363  
      3.093602  3.582671 14.838257    -0.000013   -0.009293    0.001356  
      6.187198  0.000001 17.411768    -0.000013    0.000018    0.008307  
     -1.546183  2.679494 17.398133    -0.007676   -0.004467   -0.003681  
     -0.000001  5.357559 17.398133     0.000017    0.008885   -0.003661  
      1.546179  2.679495 17.398132     0.007677   -0.004449   -0.003706  
     -0.000004  1.786780 19.984037    -0.000020   -0.008263    0.001035  
     -1.546209  4.464886 19.984036    -0.007129    0.004130    0.001050  
      3.093596  1.786093 19.985921     0.000024   -0.000030   -0.002897  
      1.546202  4.464886 19.984037     0.007132    0.004155    0.001039  
      1.546769  0.893063  5.959750            0           0           0  
     -0.000031  3.572200  5.959750            0           0           0  
      4.640369  0.893063  5.959750            0           0           0  
      3.093569  3.572200  5.959750            0           0           0  
      0.000031  1.786073  8.578000            0           0           0  
     -1.546769  4.465209  8.578000            0           0           0  
      3.093631  1.786073  8.578000            0           0           0  
      1.546831  4.465209  8.578000            0           0           0  
     -0.000001  1.797243 16.121959    -0.000105   -0.030883   -0.052969  
     -1.537143  4.459651 16.121962    -0.026751    0.015525   -0.053798  
      3.093600  1.786091 16.148331     0.000114   -0.000156    0.170836  
      1.537142  4.459651 16.121959     0.026674    0.015603   -0.053306  
      1.543829  0.891333 18.663159     0.027090    0.015818   -0.046398  
     -0.000003  3.572183 18.668587     0.000092   -0.000115    0.139719  
      4.643366  0.891333 18.663159    -0.027086    0.015703   -0.046877  
      3.093597  3.575611 18.663159    -0.000099   -0.031404   -0.046075  
      0.000000  0.000000  3.611250            0           0           0  
     -1.546800  2.679136  3.611250            0           0           0  
      3.093600  0.000000  3.611250            0           0           0  
      1.546800  2.679136  3.611250            0           0           0  
      0.000000  0.000000 10.926500            0           0           0  
     -1.546800  2.679136 10.926500            0           0           0  
      3.093600  0.000000 10.926500            0           0           0  
      1.546800  2.679136 10.926500            0           0           0  
     -3.093598  5.358271 13.918005     0.000071   -0.000101   -0.006017  
      4.607839  2.660340 13.875095     0.031939    0.018544   -0.002483  
      3.093598  0.037597 13.875095    -0.000047   -0.036968   -0.002478  
      1.579370  2.660332 13.875087    -0.031925    0.018480   -0.002496  
      6.187196  0.000002 20.903618     0.000061   -0.000077   -0.002256  
      4.637541  2.677490 20.900171     0.029977    0.017440    0.000805  
      3.093596  0.003299 20.900171    -0.000068   -0.034703    0.000799  
      1.549651  2.677490 20.900171    -0.029986    0.017362    0.000816  
      3.093470  1.786163 12.009853     0.000005   -0.000006    0.013013  
 
  10 f  =   18.099030 THz   113.719560 2PiTHz  603.718663 cm-1    74.851541 meV
             X         Y         Z           dx          dy          dz
      0.000031  1.786073  4.861250            0           0           0  
     -1.546769  4.465209  4.861250            0           0           0  
      3.093631  1.786073  4.861250            0           0           0  
      1.546831  4.465209  4.861250            0           0           0  
      0.000000  0.000000  7.269000            0           0           0  
     -1.546800  2.679136  7.269000            0           0           0  
      3.093600  0.000000  7.269000            0           0           0  
      1.546800  2.679136  7.269000            0           0           0  
      1.546769  0.893063  9.676500            0           0           0  
     -0.000031  3.572200  9.676500            0           0           0  
      4.640369  0.893063  9.676500            0           0           0  
      3.093569  3.572200  9.676500            0           0           0  
      1.537717  0.887799 14.838257    -0.000469    0.003707   -0.000940  
      0.000001  3.572181 14.777911     0.007411   -0.000159    0.000002  
      4.649484  0.887801 14.838246    -0.000274   -0.003535    0.000953  
      3.093602  3.582671 14.838257    -0.006644   -0.000014   -0.000027  
      6.187198  0.000001 17.411768    -0.006248    0.000135   -0.000022  
     -1.546183  2.679494 17.398133     0.000524   -0.004713    0.006195  
     -0.000001  5.357559 17.398133     0.008373    0.000030    0.000160  
      1.546179  2.679495 17.398132     0.000293    0.004484   -0.006345  
     -0.000004  1.786780 19.984037    -0.008205   -0.000061   -0.000029  
     -1.546209  4.464886 19.984036     0.000636   -0.004928    0.001756  
      3.093596  1.786093 19.985921     0.009477   -0.000206    0.000020  
      1.546202  4.464886 19.984037     0.000395    0.005144   -0.001683  
      1.546769  0.893063  5.959750            0           0           0  
     -0.000031  3.572200  5.959750            0           0           0  
      4.640369  0.893063  5.959750            0           0           0  
      3.093569  3.572200  5.959750            0           0           0  
      0.000031  1.786073  8.578000            0           0           0  
     -1.546769  4.465209  8.578000            0           0           0  
      3.093631  1.786073  8.578000            0           0           0  
      1.546831  4.465209  8.578000            0           0           0  
     -0.000001  1.797243 16.121959    -0.051344    0.000262    0.003259  
     -1.537143  4.459651 16.121962    -0.019229   -0.017417   -0.127319  
      3.093600  1.786091 16.148331     0.054420   -0.001174   -0.000348  
      1.537142  4.459651 16.121959    -0.020129    0.019122    0.124397  
      1.543829  0.891333 18.663159     0.001056    0.027288    0.120006  
     -0.000003  3.572183 18.668587     0.042734   -0.000922   -0.000272  
      4.643366  0.891333 18.663159     0.002315   -0.026093   -0.122816  
      3.093597  3.575611 18.663159    -0.044534   -0.000311    0.003139  
      0.000000  0.000000  3.611250            0           0           0  
     -1.546800  2.679136  3.611250            0           0           0  
      3.093600  0.000000  3.611250            0           0           0  
      1.546800  2.679136  3.611250            0           0           0  
      0.000000  0.000000 10.926500            0           0           0  
     -1.546800  2.679136 10.926500            0           0           0  
      3.093600  0.000000 10.926500            0           0           0  
      1.546800  2.679136 10.926500            0           0           0  
     -3.093598  5.358271 13.918005     0.037028   -0.000798    0.000030  
      4.607839  2.660340 13.875095     0.002630    0.017507    0.003935  
      3.093598  0.037597 13.875095    -0.026690   -0.000204    0.000111  
      1.579370  2.660332 13.875087     0.003503   -0.016864   -0.004025  
      6.187196  0.000002 20.903618     0.031213   -0.000676   -0.000055  
      4.637541  2.677490 20.900171    -0.002142    0.019492    0.000410  
      3.093596  0.003299 20.900171    -0.034616   -0.000133   -0.000036  
      1.549651  2.677490 20.900171    -0.001197   -0.018531   -0.000522  
      3.093470  1.786163 12.009853     0.001806   -0.000039   -0.000022  
 
  11 f  =   18.098814 THz   113.718202 2PiTHz  603.711450 cm-1    74.850646 meV
             X         Y         Z           dx          dy          dz
      0.000031  1.786073  4.861250            0           0           0  
     -1.546769  4.465209  4.861250            0           0           0  
      3.093631  1.786073  4.861250            0           0           0  
      1.546831  4.465209  4.861250            0           0           0  
      0.000000  0.000000  7.269000            0           0           0  
     -1.546800  2.679136  7.269000            0           0           0  
      3.093600  0.000000  7.269000            0           0           0  
      1.546800  2.679136  7.269000            0           0           0  
      1.546769  0.893063  9.676500            0           0           0  
     -0.000031  3.572200  9.676500            0           0           0  
      4.640369  0.893063  9.676500            0           0           0  
      3.093569  3.572200  9.676500            0           0           0  
      1.537717  0.887799 14.838257     0.003636   -0.004458   -0.000566  
      0.000001  3.572181 14.777911     0.000163    0.007412   -0.000003  
      4.649484  0.887801 14.838246    -0.003651   -0.004618   -0.000523  
      3.093602  3.582671 14.838257    -0.000146    0.001697    0.001096  
      6.187198  0.000001 17.411768    -0.000136   -0.006247    0.000028  
     -1.546183  2.679494 17.398133    -0.004607    0.005605    0.003750  
     -0.000001  5.357559 17.398133     0.000181   -0.002222   -0.007230  
      1.546179  2.679495 17.398132     0.004624    0.005805    0.003479  
     -0.000004  1.786780 19.984037    -0.000178    0.003398    0.001966  
     -1.546209  4.464886 19.984036    -0.005046   -0.005400   -0.000976  
      3.093596  1.786093 19.985921     0.000205    0.009478   -0.000032  
      1.546202  4.464886 19.984037     0.005068   -0.005182   -0.001051  
      1.546769  0.893063  5.959750            0           0           0  
     -0.000031  3.572200  5.959750            0           0           0  
      4.640369  0.893063  5.959750            0           0           0  
      3.093569  3.572200  5.959750            0           0           0  
      0.000031  1.786073  8.578000            0           0           0  
     -1.546769  4.465209  8.578000            0           0           0  
      3.093631  1.786073  8.578000            0           0           0  
      1.546831  4.465209  8.578000            0           0           0  
     -0.000001  1.797243 16.121959    -0.001114   -0.009209   -0.145468  
     -1.537143  4.459651 16.121962    -0.018770   -0.041155    0.069799  
      3.093600  1.786091 16.148331     0.001178    0.054451    0.000456  
      1.537142  4.459651 16.121959     0.017923   -0.040358    0.075241  
      1.543829  0.891333 18.663159     0.026795   -0.028506    0.072584  
     -0.000003  3.572183 18.668587     0.000929    0.042727    0.000356  
      4.643366  0.891333 18.663159    -0.026724   -0.029661    0.067331  
      3.093597  3.575611 18.663159    -0.000963    0.017016   -0.140330  
      0.000000  0.000000  3.611250            0           0           0  
     -1.546800  2.679136  3.611250            0           0           0  
      3.093600  0.000000  3.611250            0           0           0  
      1.546800  2.679136  3.611250            0           0           0  
      0.000000  0.000000 10.926500            0           0           0  
     -1.546800  2.679136 10.926500            0           0           0  
      3.093600  0.000000 10.926500            0           0           0  
      1.546800  2.679136 10.926500            0           0           0  
     -3.093598  5.358271 13.918005     0.000802    0.037018   -0.000021  
      4.607839  2.660340 13.875095     0.017330   -0.016356    0.002377  
      3.093598  0.037597 13.875095    -0.000586    0.012882   -0.004612  
      1.579370  2.660332 13.875087    -0.017193   -0.017100    0.002211  
      6.187196  0.000002 20.903618     0.000670    0.031227    0.000056  
      4.637541  2.677490 20.900171     0.019055   -0.023161    0.000344  
      3.093596  0.003299 20.900171    -0.000745    0.009219   -0.000450  
      1.549651  2.677490 20.900171    -0.019130   -0.023984    0.000326  
      3.093470  1.786163 12.009853     0.000039    0.001804    0.000029  
 
  12 f  =   17.571695 THz   110.406214 2PiTHz  586.128644 cm-1    72.670657 meV
             X         Y         Z           dx          dy          dz
      0.000031  1.786073  4.861250            0           0           0  
     -1.546769  4.465209  4.861250            0           0           0  
      3.093631  1.786073  4.861250            0           0           0  
      1.546831  4.465209  4.861250            0           0           0  
      0.000000  0.000000  7.269000            0           0           0  
     -1.546800  2.679136  7.269000            0           0           0  
      3.093600  0.000000  7.269000            0           0           0  
      1.546800  2.679136  7.269000            0           0           0  
      1.546769  0.893063  9.676500            0           0           0  
     -0.000031  3.572200  9.676500            0           0           0  
      4.640369  0.893063  9.676500            0           0           0  
      3.093569  3.572200  9.676500            0           0           0  
      1.537717  0.887799 14.838257     0.003671    0.002128   -0.000972  
      0.000001  3.572181 14.777911     0.000004   -0.000012    0.004415  
      4.649484  0.887801 14.838246    -0.003669    0.002125   -0.000977  
      3.093602  3.582671 14.838257    -0.000002   -0.004249   -0.000964  
      6.187198  0.000001 17.411768     0.000002   -0.000005   -0.001230  
     -1.546183  2.679494 17.398133    -0.000378   -0.000219   -0.000920  
     -0.000001  5.357559 17.398133     0.000000    0.000436   -0.000920  
      1.546179  2.679495 17.398132     0.000378   -0.000219   -0.000920  
     -0.000004  1.786780 19.984037     0.000005    0.004943    0.002541  
     -1.546209  4.464886 19.984036     0.004269   -0.002473    0.002552  
      3.093596  1.786093 19.985921    -0.000005    0.000013   -0.003160  
      1.546202  4.464886 19.984037    -0.004271   -0.002479    0.002548  
      1.546769  0.893063  5.959750            0           0           0  
     -0.000031  3.572200  5.959750            0           0           0  
      4.640369  0.893063  5.959750            0           0           0  
      3.093569  3.572200  5.959750            0           0           0  
      0.000031  1.786073  8.578000            0           0           0  
     -1.546769  4.465209  8.578000            0           0           0  
      3.093631  1.786073  8.578000            0           0           0  
      1.546831  4.465209  8.578000            0           0           0  
     -0.000001  1.797243 16.121959    -0.000036   -0.039257   -0.044670  
     -1.537143  4.459651 16.121962    -0.033996    0.019711   -0.045110  
      3.093600  1.786091 16.148331     0.000043   -0.000093    0.145503  
      1.537142  4.459651 16.121959     0.033973    0.019737   -0.044940  
      1.543829  0.891333 18.663159    -0.046794   -0.027140    0.055733  
     -0.000003  3.572183 18.668587    -0.000045    0.000100   -0.162800  
      4.643366  0.891333 18.663159     0.046807   -0.027102    0.055915  
      3.093597  3.575611 18.663159     0.000033    0.054115    0.055432  
      0.000000  0.000000  3.611250            0           0           0  
     -1.546800  2.679136  3.611250            0           0           0  
      3.093600  0.000000  3.611250            0           0           0  
      1.546800  2.679136  3.611250            0           0           0  
      0.000000  0.000000 10.926500            0           0           0  
     -1.546800  2.679136 10.926500            0           0           0  
      3.093600  0.000000 10.926500            0           0           0  
      1.546800  2.679136 10.926500            0           0           0  
     -3.093598  5.358271 13.918005     0.000017   -0.000042    0.016193  
      4.607839  2.660340 13.875095     0.019404    0.011251   -0.007545  
      3.093598  0.037597 13.875095    -0.000017   -0.022453   -0.007521  
      1.579370  2.660332 13.875087    -0.019407    0.011231   -0.007565  
      6.187196  0.000002 20.903618    -0.000020    0.000041   -0.024311  
      4.637541  2.677490 20.900171    -0.022159   -0.012844    0.003911  
      3.093596  0.003299 20.900171     0.000024    0.025627    0.003871  
      1.549651  2.677490 20.900171     0.022162   -0.012827    0.003933  
      3.093470  1.786163 12.009853     0.000003   -0.000004    0.007315  
 
  13 f  =   17.530585 THz   110.147914 2PiTHz  584.757374 cm-1    72.500642 meV
             X         Y         Z           dx          dy          dz
      0.000031  1.786073  4.861250            0           0           0  
     -1.546769  4.465209  4.861250            0           0           0  
      3.093631  1.786073  4.861250            0           0           0  
      1.546831  4.465209  4.861250            0           0           0  
      0.000000  0.000000  7.269000            0           0           0  
     -1.546800  2.679136  7.269000            0           0           0  
      3.093600  0.000000  7.269000            0           0           0  
      1.546800  2.679136  7.269000            0           0           0  
      1.546769  0.893063  9.676500            0           0           0  
     -0.000031  3.572200  9.676500            0           0           0  
      4.640369  0.893063  9.676500            0           0           0  
      3.093569  3.572200  9.676500            0           0           0  
      1.537717  0.887799 14.838257    -0.001799    0.001467   -0.002363  
      0.000001  3.572181 14.777911    -0.000079   -0.005083   -0.000012  
      4.649484  0.887801 14.838246     0.001781    0.001523   -0.002236  
      3.093602  3.582671 14.838257     0.000039   -0.001586    0.004590  
      6.187198  0.000001 17.411768    -0.000052   -0.003305    0.000017  
     -1.546183  2.679494 17.398133    -0.000619   -0.000070    0.000314  
     -0.000001  5.357559 17.398133     0.000005   -0.001107   -0.000571  
      1.546179  2.679495 17.398132     0.000594   -0.000052    0.000298  
     -0.000004  1.786780 19.984037    -0.000095    0.002454   -0.003310  
     -1.546209  4.464886 19.984036    -0.003721   -0.004003    0.001521  
      3.093596  1.786093 19.985921     0.000106    0.006691   -0.000055  
      1.546202  4.464886 19.984037     0.003731   -0.003886    0.001611  
      1.546769  0.893063  5.959750            0           0           0  
     -0.000031  3.572200  5.959750            0           0           0  
      4.640369  0.893063  5.959750            0           0           0  
      3.093569  3.572200  5.959750            0           0           0  
      0.000031  1.786073  8.578000            0           0           0  
     -1.546769  4.465209  8.578000            0           0           0  
      3.093631  1.786073  8.578000            0           0           0  
      1.546831  4.465209  8.578000            0           0           0  
     -0.000001  1.797243 16.121959     0.000925    0.012880    0.139447  
     -1.537143  4.459651 16.121962     0.020185    0.047294   -0.067691  
      3.093600  1.786091 16.148331    -0.000781   -0.048958   -0.000254  
      1.537142  4.459651 16.121959    -0.019405    0.046666   -0.071525  
      1.543829  0.891333 18.663159     0.027876   -0.037967    0.075077  
     -0.000003  3.572183 18.668587     0.000873    0.055111    0.000243  
      4.643366  0.891333 18.663159    -0.028081   -0.038849    0.071054  
      3.093597  3.575611 18.663159    -0.000864    0.009763   -0.146498  
      0.000000  0.000000  3.611250            0           0           0  
     -1.546800  2.679136  3.611250            0           0           0  
      3.093600  0.000000  3.611250            0           0           0  
      1.546800  2.679136  3.611250            0           0           0  
      0.000000  0.000000 10.926500            0           0           0  
     -1.546800  2.679136 10.926500            0           0           0  
      3.093600  0.000000 10.926500            0           0           0  
      1.546800  2.679136 10.926500            0           0           0  
     -3.093598  5.358271 13.918005    -0.000445   -0.027950   -0.000024  
      4.607839  2.660340 13.875095    -0.013020    0.012568   -0.009084  
      3.093598  0.037597 13.875095     0.000318   -0.009604    0.017738  
      1.579370  2.660332 13.875087     0.012955    0.012978   -0.008594  
      6.187196  0.000002 20.903618     0.000409    0.026063    0.000174  
      4.637541  2.677490 20.900171     0.015352   -0.017410    0.008823  
      3.093596  0.003299 20.900171    -0.000423    0.008826   -0.016689  
      1.549651  2.677490 20.900171    -0.015348   -0.017894    0.008359  
      3.093470  1.786163 12.009853    -0.000058   -0.003627   -0.000017  
 
  14 f  =   17.529966 THz   110.144023 2PiTHz  584.736716 cm-1    72.498080 meV
             X         Y         Z           dx          dy          dz
      0.000031  1.786073  4.861250            0           0           0  
     -1.546769  4.465209  4.861250            0           0           0  
      3.093631  1.786073  4.861250            0           0           0  
      1.546831  4.465209  4.861250            0           0           0  
      0.000000  0.000000  7.269000            0           0           0  
     -1.546800  2.679136  7.269000            0           0           0  
      3.093600  0.000000  7.269000            0           0           0  
      1.546800  2.679136  7.269000            0           0           0  
      1.546769  0.893063  9.676500            0           0           0  
     -0.000031  3.572200  9.676500            0           0           0  
      4.640369  0.893063  9.676500            0           0           0  
      3.093569  3.572200  9.676500            0           0           0  
      1.537717  0.887799 14.838257     0.000530    0.001804    0.003934  
      0.000001  3.572181 14.777911     0.005078   -0.000078   -0.000011  
      4.649484  0.887801 14.838246     0.000589   -0.001766   -0.004025  
      3.093602  3.582671 14.838257    -0.002533   -0.000021    0.000066  
      6.187198  0.000001 17.411768     0.003308   -0.000054    0.000015  
     -1.546183  2.679494 17.398133     0.000748    0.000607   -0.000491  
     -0.000001  5.357559 17.398133    -0.000293   -0.000018    0.000004  
      1.546179  2.679495 17.398132     0.000769   -0.000608    0.000529  
     -0.000004  1.786780 19.984037     0.006108    0.000034   -0.000109  
     -1.546209  4.464886 19.984036    -0.000391    0.003658    0.002780  
      3.093596  1.786093 19.985921    -0.006696    0.000106   -0.000056  
      1.546202  4.464886 19.984037    -0.000264   -0.003777   -0.002842  
      1.546769  0.893063  5.959750            0           0           0  
     -0.000031  3.572200  5.959750            0           0           0  
      4.640369  0.893063  5.959750            0           0           0  
      3.093569  3.572200  5.959750            0           0           0  
      0.000031  1.786073  8.578000            0           0           0  
     -1.546769  4.465209  8.578000            0           0           0  
      3.093631  1.786073  8.578000            0           0           0  
      1.546831  4.465209  8.578000            0           0           0  
     -0.000001  1.797243 16.121959    -0.058391    0.000227    0.002241  
     -1.537143  4.459651 16.121962    -0.023893   -0.019023   -0.121772  
      3.093600  1.786091 16.148331     0.049056   -0.000775   -0.000098  
      1.537142  4.459651 16.121959    -0.024561    0.020481    0.119611  
      1.543829  0.891333 18.663159     0.006766   -0.028441   -0.125664  
     -0.000003  3.572183 18.668587    -0.055170    0.000879    0.000082  
      4.643366  0.891333 18.663159     0.005803    0.027268    0.127845  
      3.093597  3.575611 18.663159     0.054510    0.000115   -0.002391  
      0.000000  0.000000  3.611250            0           0           0  
     -1.546800  2.679136  3.611250            0           0           0  
      3.093600  0.000000  3.611250            0           0           0  
      1.546800  2.679136  3.611250            0           0           0  
      0.000000  0.000000 10.926500            0           0           0  
     -1.546800  2.679136 10.926500            0           0           0  
      3.093600  0.000000 10.926500            0           0           0  
      1.546800  2.679136 10.926500            0           0           0  
     -3.093598  5.358271 13.918005     0.027941   -0.000440    0.000013  
      4.607839  2.660340 13.875095     0.001956    0.013145    0.015226  
      3.093598  0.037597 13.875095    -0.020261   -0.000139    0.000314  
      1.579370  2.660332 13.875087     0.002397   -0.012752   -0.015469  
      6.187196  0.000002 20.903618    -0.026088    0.000412    0.000171  
      4.637541  2.677490 20.900171     0.000227   -0.015598   -0.014264  
      3.093596  0.003299 20.900171     0.026544    0.000121   -0.000109  
      1.549651  2.677490 20.900171    -0.000285    0.015052    0.014857  
      3.093470  1.786163 12.009853     0.003628   -0.000060   -0.000001  
 
  15 f  =   17.245752 THz   108.358252 2PiTHz  575.256350 cm-1    71.322665 meV
             X         Y         Z           dx          dy          dz
      0.000031  1.786073  4.861250            0           0           0  
     -1.546769  4.465209  4.861250            0           0           0  
      3.093631  1.786073  4.861250            0           0           0  
      1.546831  4.465209  4.861250            0           0           0  
      0.000000  0.000000  7.269000            0           0           0  
     -1.546800  2.679136  7.269000            0           0           0  
      3.093600  0.000000  7.269000            0           0           0  
      1.546800  2.679136  7.269000            0           0           0  
      1.546769  0.893063  9.676500            0           0           0  
     -0.000031  3.572200  9.676500            0           0           0  
      4.640369  0.893063  9.676500            0           0           0  
      3.093569  3.572200  9.676500            0           0           0  
      1.537717  0.887799 14.838257     0.000001   -0.000002   -0.009006  
      0.000001  3.572181 14.777911    -0.000009    0.000004   -0.007499  
      4.649484  0.887801 14.838246    -0.000003    0.000005   -0.008995  
      3.093602  3.582671 14.838257     0.000004   -0.000003   -0.009012  
      6.187198  0.000001 17.411768    -0.000016    0.000014    0.009228  
     -1.546183  2.679494 17.398133    -0.000159   -0.000107    0.008816  
     -0.000001  5.357559 17.398133     0.000007    0.000197    0.008812  
      1.546179  2.679495 17.398132     0.000153   -0.000094    0.008798  
     -0.000004  1.786780 19.984037    -0.000049   -0.000853   -0.036671  
     -1.546209  4.464886 19.984036    -0.000708    0.000419   -0.036662  
      3.093596  1.786093 19.985921     0.000050   -0.000039   -0.038236  
      1.546202  4.464886 19.984037     0.000716    0.000469   -0.036671  
      1.546769  0.893063  5.959750            0           0           0  
     -0.000031  3.572200  5.959750            0           0           0  
      4.640369  0.893063  5.959750            0           0           0  
      3.093569  3.572200  5.959750            0           0           0  
      0.000031  1.786073  8.578000            0           0           0  
     -1.546769  4.465209  8.578000            0           0           0  
      3.093631  1.786073  8.578000            0           0           0  
      1.546831  4.465209  8.578000            0           0           0  
     -0.000001  1.797243 16.121959     0.000091   -0.000859   -0.002991  
     -1.537143  4.459651 16.121962    -0.000745    0.000415   -0.002688  
      3.093600  1.786091 16.148331    -0.000072    0.000034    0.004552  
      1.537142  4.459651 16.121959     0.000799    0.000324   -0.002936  
      1.543829  0.891333 18.663159    -0.000275   -0.000013   -0.012559  
     -0.000003  3.572183 18.668587     0.000112   -0.000096   -0.021046  
      4.643366  0.891333 18.663159     0.000292   -0.000125   -0.013111  
      3.093597  3.575611 18.663159    -0.000046    0.000219   -0.012316  
      0.000000  0.000000  3.611250            0           0           0  
     -1.546800  2.679136  3.611250            0           0           0  
      3.093600  0.000000  3.611250            0           0           0  
      1.546800  2.679136  3.611250            0           0           0  
      0.000000  0.000000 10.926500            0           0           0  
     -1.546800  2.679136 10.926500            0           0           0  
      3.093600  0.000000 10.926500            0           0           0  
      1.546800  2.679136 10.926500            0           0           0  
     -3.093598  5.358271 13.918005    -0.000030    0.000031    0.022874  
      4.607839  2.660340 13.875095     0.000847    0.000453    0.019018  
      3.093598  0.037597 13.875095     0.000039   -0.000965    0.018981  
      1.579370  2.660332 13.875087    -0.000838    0.000485    0.019021  
      6.187196  0.000002 20.903618    -0.000042   -0.000045    0.099101  
      4.637541  2.677490 20.900171     0.000820    0.000468    0.103209  
      3.093596  0.003299 20.900171    -0.000073   -0.000888    0.103221  
      1.549651  2.677490 20.900171    -0.000831    0.000523    0.103396  
      3.093470  1.786163 12.009853     0.000001    0.000004    0.010276  
 
  16 f  =   16.722937 THz   105.073311 2PiTHz  557.817129 cm-1    69.160478 meV
             X         Y         Z           dx          dy          dz
      0.000031  1.786073  4.861250            0           0           0  
     -1.546769  4.465209  4.861250            0           0           0  
      3.093631  1.786073  4.861250            0           0           0  
      1.546831  4.465209  4.861250            0           0           0  
      0.000000  0.000000  7.269000            0           0           0  
     -1.546800  2.679136  7.269000            0           0           0  
      3.093600  0.000000  7.269000            0           0           0  
      1.546800  2.679136  7.269000            0           0           0  
      1.546769  0.893063  9.676500            0           0           0  
     -0.000031  3.572200  9.676500            0           0           0  
      4.640369  0.893063  9.676500            0           0           0  
      3.093569  3.572200  9.676500            0           0           0  
      1.537717  0.887799 14.838257     0.000719    0.000425   -0.037958  
      0.000001  3.572181 14.777911     0.000002   -0.000012   -0.032890  
      4.649484  0.887801 14.838246    -0.000717    0.000423   -0.037955  
      3.093602  3.582671 14.838257     0.000001   -0.000840   -0.037962  
      6.187198  0.000001 17.411768     0.000004   -0.000003    0.005556  
     -1.546183  2.679494 17.398133    -0.000086   -0.000044    0.005025  
     -0.000001  5.357559 17.398133    -0.000005    0.000096    0.005027  
      1.546179  2.679495 17.398132     0.000085   -0.000050    0.005033  
     -0.000004  1.786780 19.984037     0.000023   -0.000308    0.006585  
     -1.546209  4.464886 19.984036    -0.000276    0.000164    0.006569  
      3.093596  1.786093 19.985921    -0.000022    0.000016    0.006526  
      1.546202  4.464886 19.984037     0.000275    0.000133    0.006586  
      1.546769  0.893063  5.959750            0           0           0  
     -0.000031  3.572200  5.959750            0           0           0  
      4.640369  0.893063  5.959750            0           0           0  
      3.093569  3.572200  5.959750            0           0           0  
      0.000031  1.786073  8.578000            0           0           0  
     -1.546769  4.465209  8.578000            0           0           0  
      3.093631  1.786073  8.578000            0           0           0  
      1.546831  4.465209  8.578000            0           0           0  
     -0.000001  1.797243 16.121959    -0.000015    0.002681   -0.009266  
     -1.537143  4.459651 16.121962     0.002356   -0.001313   -0.009270  
      3.093600  1.786091 16.148331     0.000015    0.000004   -0.005196  
      1.537142  4.459651 16.121959    -0.002346   -0.001345   -0.009290  
      1.543829  0.891333 18.663159    -0.000289   -0.000183    0.005446  
     -0.000003  3.572183 18.668587    -0.000012   -0.000007    0.008677  
      4.643366  0.891333 18.663159     0.000309   -0.000211    0.005518  
      3.093597  3.575611 18.663159     0.000015    0.000385    0.005394  
      0.000000  0.000000  3.611250            0           0           0  
     -1.546800  2.679136  3.611250            0           0           0  
      3.093600  0.000000  3.611250            0           0           0  
      1.546800  2.679136  3.611250            0           0           0  
      0.000000  0.000000 10.926500            0           0           0  
     -1.546800  2.679136 10.926500            0           0           0  
      3.093600  0.000000 10.926500            0           0           0  
      1.546800  2.679136 10.926500            0           0           0  
     -3.093598  5.358271 13.918005     0.000030   -0.000012    0.104509  
      4.607839  2.660340 13.875095     0.004389    0.002556    0.098478  
      3.093598  0.037597 13.875095    -0.000003   -0.005105    0.098432  
      1.579370  2.660332 13.875087    -0.004410    0.002536    0.098481  
      6.187196  0.000002 20.903618    -0.000009    0.000032   -0.023468  
      4.637541  2.677490 20.900171     0.000955    0.000540   -0.023284  
      3.093596  0.003299 20.900171    -0.000012   -0.001120   -0.023287  
      1.549651  2.677490 20.900171    -0.000973    0.000553   -0.023397  
      3.093470  1.786163 12.009853     0.000007    0.000001    0.087217  
 
  17 f  =   16.092284 THz   101.110804 2PiTHz  536.780821 cm-1    66.552310 meV
             X         Y         Z           dx          dy          dz
      0.000031  1.786073  4.861250            0           0           0  
     -1.546769  4.465209  4.861250            0           0           0  
      3.093631  1.786073  4.861250            0           0           0  
      1.546831  4.465209  4.861250            0           0           0  
      0.000000  0.000000  7.269000            0           0           0  
     -1.546800  2.679136  7.269000            0           0           0  
      3.093600  0.000000  7.269000            0           0           0  
      1.546800  2.679136  7.269000            0           0           0  
      1.546769  0.893063  9.676500            0           0           0  
     -0.000031  3.572200  9.676500            0           0           0  
      4.640369  0.893063  9.676500            0           0           0  
      3.093569  3.572200  9.676500            0           0           0  
      1.537717  0.887799 14.838257     0.000835   -0.001435   -0.000001  
      0.000001  3.572181 14.777911    -0.000013    0.000003   -0.000007  
      4.649484  0.887801 14.838246     0.000820    0.001440   -0.000009  
      3.093602  3.582671 14.838257    -0.001630   -0.000006   -0.000004  
      6.187198  0.000001 17.411768     0.000002   -0.000003    0.000005  
     -1.546183  2.679494 17.398133    -0.000060    0.000092   -0.000000  
     -0.000001  5.357559 17.398133     0.000098    0.000003   -0.000002  
      1.546179  2.679495 17.398132    -0.000048   -0.000089    0.000003  
     -0.000004  1.786780 19.984037     0.002186   -0.000005    0.000006  
     -1.546209  4.464886 19.984036    -0.001117   -0.001901   -0.000003  
      3.093596  1.786093 19.985921    -0.000003    0.000016   -0.000007  
      1.546202  4.464886 19.984037    -0.001078    0.001888   -0.000007  
      1.546769  0.893063  5.959750            0           0           0  
     -0.000031  3.572200  5.959750            0           0           0  
      4.640369  0.893063  5.959750            0           0           0  
      3.093569  3.572200  5.959750            0           0           0  
      0.000031  1.786073  8.578000            0           0           0  
     -1.546769  4.465209  8.578000            0           0           0  
      3.093631  1.786073  8.578000            0           0           0  
      1.546831  4.465209  8.578000            0           0           0  
     -0.000001  1.797243 16.121959     0.127118    0.000004    0.000007  
     -1.537143  4.459651 16.121962    -0.063600   -0.110077    0.000010  
      3.093600  1.786091 16.148331     0.000006   -0.000031   -0.000007  
      1.537142  4.459651 16.121959    -0.063569    0.110055   -0.000011  
      1.543829  0.891333 18.663159     0.053381   -0.092383    0.000018  
     -0.000003  3.572183 18.668587     0.000011    0.000032   -0.000003  
      4.643366  0.891333 18.663159     0.053389    0.092392   -0.000017  
      3.093597  3.575611 18.663159    -0.106678   -0.000015    0.000007  
      0.000000  0.000000  3.611250            0           0           0  
     -1.546800  2.679136  3.611250            0           0           0  
      3.093600  0.000000  3.611250            0           0           0  
      1.546800  2.679136  3.611250            0           0           0  
      0.000000  0.000000 10.926500            0           0           0  
     -1.546800  2.679136 10.926500            0           0           0  
      3.093600  0.000000 10.926500            0           0           0  
      1.546800  2.679136 10.926500            0           0           0  
     -3.093598  5.358271 13.918005    -0.000010   -0.000002   -0.000005  
      4.607839  2.660340 13.875095     0.004790   -0.008319    0.000048  
      3.093598  0.037597 13.875095    -0.009607    0.000005    0.000022  
      1.579370  2.660332 13.875087     0.004803    0.008328   -0.000013  
      6.187196  0.000002 20.903618     0.000031   -0.000003   -0.000022  
      4.637541  2.677490 20.900171    -0.003296    0.005719   -0.000013  
      3.093596  0.003299 20.900171     0.006557    0.000007    0.000055  
      1.549651  2.677490 20.900171    -0.003291   -0.005724    0.000004  
      3.093470  1.786163 12.009853     0.000009   -0.000002    0.000017  
 
  18 f  =   15.936639 THz   100.132855 2PiTHz  531.589052 cm-1    65.908613 meV
             X         Y         Z           dx          dy          dz
      0.000031  1.786073  4.861250            0           0           0  
     -1.546769  4.465209  4.861250            0           0           0  
      3.093631  1.786073  4.861250            0           0           0  
      1.546831  4.465209  4.861250            0           0           0  
      0.000000  0.000000  7.269000            0           0           0  
     -1.546800  2.679136  7.269000            0           0           0  
      3.093600  0.000000  7.269000            0           0           0  
      1.546800  2.679136  7.269000            0           0           0  
      1.546769  0.893063  9.676500            0           0           0  
     -0.000031  3.572200  9.676500            0           0           0  
      4.640369  0.893063  9.676500            0           0           0  
      3.093569  3.572200  9.676500            0           0           0  
      1.537717  0.887799 14.838257     0.001186   -0.001975   -0.001332  
      0.000001  3.572181 14.777911     0.000154    0.008046   -0.000041  
      4.649484  0.887801 14.838246    -0.001218   -0.002010   -0.001247  
      3.093602  3.582671 14.838257    -0.000046   -0.000217    0.002600  
      6.187198  0.000001 17.411768     0.000049    0.002109    0.000015  
     -1.546183  2.679494 17.398133    -0.000545    0.003845    0.000694  
     -0.000001  5.357559 17.398133     0.000077    0.002840   -0.001362  
      1.546179  2.679495 17.398132     0.000672    0.003862    0.000657  
     -0.000004  1.786780 19.984037    -0.000046    0.002361    0.000816  
     -1.546209  4.464886 19.984036    -0.002452   -0.002044   -0.000406  
      3.093596  1.786093 19.985921    -0.000049   -0.001227    0.000020  
      1.546202  4.464886 19.984037     0.002488   -0.001972   -0.000420  
      1.546769  0.893063  5.959750            0           0           0  
     -0.000031  3.572200  5.959750            0           0           0  
      4.640369  0.893063  5.959750            0           0           0  
      3.093569  3.572200  5.959750            0           0           0  
      0.000031  1.786073  8.578000            0           0           0  
     -1.546769  4.465209  8.578000            0           0           0  
      3.093631  1.786073  8.578000            0           0           0  
      1.546831  4.465209  8.578000            0           0           0  
     -0.000001  1.797243 16.121959    -0.001918    0.048331   -0.005620  
     -1.537143  4.459651 16.121962    -0.061544   -0.059884    0.002718  
      3.093600  1.786091 16.148331    -0.003287   -0.163499   -0.000025  
      1.537142  4.459651 16.121959     0.062077   -0.057445    0.002923  
      1.543829  0.891333 18.663159    -0.063770    0.032518   -0.000082  
     -0.000003  3.572183 18.668587     0.002858    0.142223   -0.000013  
      4.643366  0.891333 18.663159     0.062186    0.035021   -0.000093  
      3.093597  3.575611 18.663159     0.001440   -0.075320    0.000175  
      0.000000  0.000000  3.611250            0           0           0  
     -1.546800  2.679136  3.611250            0           0           0  
      3.093600  0.000000  3.611250            0           0           0  
      1.546800  2.679136  3.611250            0           0           0  
      0.000000  0.000000 10.926500            0           0           0  
     -1.546800  2.679136 10.926500            0           0           0  
      3.093600  0.000000 10.926500            0           0           0  
      1.546800  2.679136 10.926500            0           0           0  
     -3.093598  5.358271 13.918005     0.000608    0.029764   -0.000275  
      4.607839  2.660340 13.875095    -0.002114    0.014837   -0.005213  
      3.093598  0.037597 13.875095     0.000320    0.010799    0.010428  
      1.579370  2.660332 13.875087     0.002599    0.014930   -0.004885  
      6.187196  0.000002 20.903618    -0.000310   -0.015727    0.000084  
      4.637541  2.677490 20.900171     0.004331   -0.009489   -0.002446  
      3.093596  0.003299 20.900171    -0.000254   -0.001768    0.004706  
      1.549651  2.677490 20.900171    -0.004505   -0.009668   -0.002380  
      3.093470  1.786163 12.009853    -0.000057   -0.003146    0.000099  
 
  19 f  =   15.936399 THz   100.131350 2PiTHz  531.581059 cm-1    65.907622 meV
             X         Y         Z           dx          dy          dz
      0.000031  1.786073  4.861250            0           0           0  
     -1.546769  4.465209  4.861250            0           0           0  
      3.093631  1.786073  4.861250            0           0           0  
      1.546831  4.465209  4.861250            0           0           0  
      0.000000  0.000000  7.269000            0           0           0  
     -1.546800  2.679136  7.269000            0           0           0  
      3.093600  0.000000  7.269000            0           0           0  
      1.546800  2.679136  7.269000            0           0           0  
      1.546769  0.893063  9.676500            0           0           0  
     -0.000031  3.572200  9.676500            0           0           0  
      4.640369  0.893063  9.676500            0           0           0  
      3.093569  3.572200  9.676500            0           0           0  
      1.537717  0.887799 14.838257    -0.000926    0.001135   -0.002279  
      0.000001  3.572181 14.777911     0.008125   -0.000162    0.000051  
      4.649484  0.887801 14.838246    -0.000627   -0.001199    0.002288  
      3.093602  3.582671 14.838257    -0.002799    0.000149   -0.000072  
      6.187198  0.000001 17.411768     0.002168   -0.000040   -0.000017  
     -1.546183  2.679494 17.398133     0.003207   -0.000643    0.001137  
     -0.000001  5.357559 17.398133     0.004177   -0.000068    0.000034  
      1.546179  2.679495 17.398132     0.003159    0.000499   -0.001160  
     -0.000004  1.786780 19.984037    -0.003124   -0.000134   -0.000004  
     -1.546209  4.464886 19.984036     0.000894   -0.002234    0.000645  
      3.093596  1.786093 19.985921    -0.001519    0.000007   -0.000034  
      1.546202  4.464886 19.984037     0.000914    0.002416   -0.000586  
      1.546769  0.893063  5.959750            0           0           0  
     -0.000031  3.572200  5.959750            0           0           0  
      4.640369  0.893063  5.959750            0           0           0  
      3.093569  3.572200  5.959750            0           0           0  
      0.000031  1.786073  8.578000            0           0           0  
     -1.546769  4.465209  8.578000            0           0           0  
      3.093631  1.786073  8.578000            0           0           0  
      1.546831  4.465209  8.578000            0           0           0  
     -0.000001  1.797243 16.121959    -0.094320   -0.000957    0.000110  
     -1.537143  4.459651 16.121962     0.014037   -0.060706   -0.005024  
      3.093600  1.786091 16.148331    -0.163461    0.003277    0.000037  
      1.537142  4.459651 16.121959     0.011505    0.063020    0.004898  
      1.543829  0.891333 18.663159    -0.037875   -0.063716   -0.000145  
     -0.000003  3.572183 18.668587     0.142047   -0.002862    0.000005  
      4.643366  0.891333 18.663159    -0.040418    0.062382    0.000152  
      3.093597  3.575611 18.663159     0.070047    0.001510   -0.000003  
      0.000000  0.000000  3.611250            0           0           0  
     -1.546800  2.679136  3.611250            0           0           0  
      3.093600  0.000000  3.611250            0           0           0  
      1.546800  2.679136  3.611250            0           0           0  
      0.000000  0.000000 10.926500            0           0           0  
     -1.546800  2.679136 10.926500            0           0           0  
      3.093600  0.000000 10.926500            0           0           0  
      1.546800  2.679136 10.926500            0           0           0  
     -3.093598  5.358271 13.918005     0.029981   -0.000584    0.000429  
      4.607839  2.660340 13.875095     0.012237   -0.002568   -0.009202  
      3.093598  0.037597 13.875095     0.016098   -0.000195   -0.000339  
      1.579370  2.660332 13.875087     0.012174    0.001948    0.009142  
      6.187196  0.000002 20.903618    -0.015834    0.000321   -0.000240  
      4.637541  2.677490 20.900171    -0.004399    0.004637   -0.003337  
      3.093596  0.003299 20.900171    -0.012021   -0.000033   -0.000078  
      1.549651  2.677490 20.900171    -0.004337   -0.004186    0.003602  
      3.093470  1.786163 12.009853    -0.003189    0.000064   -0.000125  
 
  20 f  =   15.885159 THz    99.809395 2PiTHz  529.871853 cm-1    65.695707 meV
             X         Y         Z           dx          dy          dz
      0.000031  1.786073  4.861250            0           0           0  
     -1.546769  4.465209  4.861250            0           0           0  
      3.093631  1.786073  4.861250            0           0           0  
      1.546831  4.465209  4.861250            0           0           0  
      0.000000  0.000000  7.269000            0           0           0  
     -1.546800  2.679136  7.269000            0           0           0  
      3.093600  0.000000  7.269000            0           0           0  
      1.546800  2.679136  7.269000            0           0           0  
      1.546769  0.893063  9.676500            0           0           0  
     -0.000031  3.572200  9.676500            0           0           0  
      4.640369  0.893063  9.676500            0           0           0  
      3.093569  3.572200  9.676500            0           0           0  
      1.537717  0.887799 14.838257    -0.043849   -0.025340   -0.006380  
      0.000001  3.572181 14.777911     0.000017    0.000046    0.018210  
      4.649484  0.887801 14.838246     0.043858   -0.025389   -0.006353  
      3.093602  3.582671 14.838257    -0.000040    0.050663   -0.006335  
      6.187198  0.000001 17.411768    -0.000005    0.000040   -0.006934  
     -1.546183  2.679494 17.398133     0.004808    0.002778    0.001934  
     -0.000001  5.357559 17.398133    -0.000020   -0.005535    0.001968  
      1.546179  2.679495 17.398132    -0.004832    0.002769    0.001953  
     -0.000004  1.786780 19.984037     0.000090   -0.018560    0.003670  
     -1.546209  4.464886 19.984036    -0.015955    0.009410    0.003721  
      3.093596  1.786093 19.985921    -0.000074   -0.000154   -0.009045  
      1.546202  4.464886 19.984037     0.015948    0.009303    0.003775  
      1.546769  0.893063  5.959750            0           0           0  
     -0.000031  3.572200  5.959750            0           0           0  
      4.640369  0.893063  5.959750            0           0           0  
      3.093569  3.572200  5.959750            0           0           0  
      0.000031  1.786073  8.578000            0           0           0  
     -1.546769  4.465209  8.578000            0           0           0  
      3.093631  1.786073  8.578000            0           0           0  
      1.546831  4.465209  8.578000            0           0           0  
     -0.000001  1.797243 16.121959     0.000241    0.010442   -0.001224  
     -1.537143  4.459651 16.121962     0.008531   -0.004934   -0.001083  
      3.093600  1.786091 16.148331     0.000480   -0.000298    0.013367  
      1.537142  4.459651 16.121959    -0.008842   -0.005358   -0.001186  
      1.543829  0.891333 18.663159     0.001186    0.000826   -0.001211  
     -0.000003  3.572183 18.668587    -0.000415    0.000231    0.005888  
      4.643366  0.891333 18.663159    -0.000666    0.000384   -0.001212  
      3.093597  3.575611 18.663159    -0.000129   -0.001689   -0.001251  
      0.000000  0.000000  3.611250            0           0           0  
     -1.546800  2.679136  3.611250            0           0           0  
      3.093600  0.000000  3.611250            0           0           0  
      1.546800  2.679136  3.611250            0           0           0  
      0.000000  0.000000 10.926500            0           0           0  
     -1.546800  2.679136 10.926500            0           0           0  
      3.093600  0.000000 10.926500            0           0           0  
      1.546800  2.679136 10.926500            0           0           0  
     -3.093598  5.358271 13.918005    -0.000040    0.000140    0.144337  
      4.607839  2.660340 13.875095    -0.003256   -0.001913   -0.047354  
      3.093598  0.037597 13.875095    -0.000062    0.003827   -0.047120  
      1.579370  2.660332 13.875087     0.003269   -0.001954   -0.047168  
      6.187196  0.000002 20.903618     0.000011    0.000028   -0.054344  
      4.637541  2.677490 20.900171     0.021173    0.012256    0.016217  
      3.093596  0.003299 20.900171     0.000028   -0.024457    0.015470  
      1.549651  2.677490 20.900171    -0.021243    0.012277    0.015818  
      3.093470  1.786163 12.009853    -0.000028   -0.000015   -0.043975  
 
  21 f  =   15.781926 THz    99.160764 2PiTHz  526.428379 cm-1    65.268771 meV
             X         Y         Z           dx          dy          dz
      0.000031  1.786073  4.861250            0           0           0  
     -1.546769  4.465209  4.861250            0           0           0  
      3.093631  1.786073  4.861250            0           0           0  
      1.546831  4.465209  4.861250            0           0           0  
      0.000000  0.000000  7.269000            0           0           0  
     -1.546800  2.679136  7.269000            0           0           0  
      3.093600  0.000000  7.269000            0           0           0  
      1.546800  2.679136  7.269000            0           0           0  
      1.546769  0.893063  9.676500            0           0           0  
     -0.000031  3.572200  9.676500            0           0           0  
      4.640369  0.893063  9.676500            0           0           0  
      3.093569  3.572200  9.676500            0           0           0  
      1.537717  0.887799 14.838257    -0.002391    0.003669   -0.002528  
      0.000001  3.572181 14.777911     0.004929   -0.000585    0.000004  
      4.649484  0.887801 14.838246    -0.001686   -0.002379    0.002908  
      3.093602  3.582671 14.838257    -0.007278    0.000018   -0.000363  
      6.187198  0.000001 17.411768     0.012223   -0.001379    0.000002  
     -1.546183  2.679494 17.398133     0.000640    0.004950   -0.005390  
     -0.000001  5.357559 17.398133    -0.006648   -0.000426   -0.000743  
      1.546179  2.679495 17.398132     0.001643   -0.004037    0.006154  
     -0.000004  1.786780 19.984037     0.047423    0.001604    0.001873  
     -1.546209  4.464886 19.984036    -0.001522    0.022888   -0.015603  
      3.093596  1.786093 19.985921    -0.048296    0.005474   -0.000017  
      1.546202  4.464886 19.984037     0.004427   -0.030194    0.013611  
      1.546769  0.893063  5.959750            0           0           0  
     -0.000031  3.572200  5.959750            0           0           0  
      4.640369  0.893063  5.959750            0           0           0  
      3.093569  3.572200  5.959750            0           0           0  
      0.000031  1.786073  8.578000            0           0           0  
     -1.546769  4.465209  8.578000            0           0           0  
      3.093631  1.786073  8.578000            0           0           0  
      1.546831  4.465209  8.578000            0           0           0  
     -0.000001  1.797243 16.121959     0.030019   -0.006569    0.001971  
     -1.537143  4.459651 16.121962     0.052086   -0.016113   -0.016036  
      3.093600  1.786091 16.148331     0.024124   -0.002631    0.000026  
      1.537142  4.459651 16.121959     0.049293    0.007817    0.014064  
      1.543829  0.891333 18.663159    -0.080334   -0.026031    0.008696  
     -0.000003  3.572183 18.668587    -0.016337    0.001728    0.000013  
      4.643366  0.891333 18.663159    -0.087550    0.036759   -0.009932  
      3.093597  3.575611 18.663159    -0.029625    0.011646    0.001227  
      0.000000  0.000000  3.611250            0           0           0  
     -1.546800  2.679136  3.611250            0           0           0  
      3.093600  0.000000  3.611250            0           0           0  
      1.546800  2.679136  3.611250            0           0           0  
      0.000000  0.000000 10.926500            0           0           0  
     -1.546800  2.679136 10.926500            0           0           0  
      3.093600  0.000000 10.926500            0           0           0  
      1.546800  2.679136 10.926500            0           0           0  
     -3.093598  5.358271 13.918005     0.018053   -0.002063   -0.000038  
      4.607839  2.660340 13.875095    -0.010209    0.017314   -0.009459  
      3.093598  0.037597 13.875095    -0.033597    0.000000   -0.001391  
      1.579370  2.660332 13.875087    -0.006952   -0.011577    0.010808  
      6.187196  0.000002 20.903618     0.008970   -0.000968    0.000193  
      4.637541  2.677490 20.900171     0.019880   -0.000692    0.091693  
      3.093596  0.003299 20.900171     0.017589   -0.002361    0.012879  
      1.549651  2.677490 20.900171     0.020176   -0.003484   -0.104437  
      3.093470  1.786163 12.009853    -0.000602    0.000084   -0.000009  
 
  22 f  =   15.781401 THz    99.157469 2PiTHz  526.410886 cm-1    65.266602 meV
             X         Y         Z           dx          dy          dz
      0.000031  1.786073  4.861250            0           0           0  
     -1.546769  4.465209  4.861250            0           0           0  
      3.093631  1.786073  4.861250            0           0           0  
      1.546831  4.465209  4.861250            0           0           0  
      0.000000  0.000000  7.269000            0           0           0  
     -1.546800  2.679136  7.269000            0           0           0  
      3.093600  0.000000  7.269000            0           0           0  
      1.546800  2.679136  7.269000            0           0           0  
      1.546769  0.893063  9.676500            0           0           0  
     -0.000031  3.572200  9.676500            0           0           0  
      4.640369  0.893063  9.676500            0           0           0  
      3.093569  3.572200  9.676500            0           0           0  
      1.537717  0.887799 14.838257     0.002899   -0.005108   -0.001874  
      0.000001  3.572181 14.777911     0.000576    0.004950   -0.000052  
      4.649484  0.887801 14.838246    -0.003359   -0.005818   -0.001241  
      3.093602  3.582671 14.838257    -0.000844   -0.000434    0.003149  
      6.187198  0.000001 17.411768     0.001384    0.012235   -0.000001  
     -1.546183  2.679494 17.398133     0.004622   -0.003519   -0.003985  
     -0.000001  5.357559 17.398133    -0.000759    0.003740    0.006655  
      1.546179  2.679495 17.398132    -0.004367   -0.004540   -0.002671  
     -0.000004  1.786780 19.984037     0.005406   -0.013702   -0.016848  
     -1.546209  4.464886 19.984036     0.026775    0.035014    0.006749  
      3.093596  1.786093 19.985921    -0.005502   -0.048262    0.000068  
      1.546202  4.464886 19.984037    -0.026448    0.028957    0.010080  
      1.546769  0.893063  5.959750            0           0           0  
     -0.000031  3.572200  5.959750            0           0           0  
      4.640369  0.893063  5.959750            0           0           0  
      3.093569  3.572200  5.959750            0           0           0  
      0.000031  1.786073  8.578000            0           0           0  
     -1.546769  4.465209  8.578000            0           0           0  
      3.093631  1.786073  8.578000            0           0           0  
      1.546831  4.465209  8.578000            0           0           0  
     -0.000001  1.797243 16.121959     0.003417    0.058005   -0.017458  
     -1.537143  4.459651 16.121962    -0.006670    0.035377    0.007046  
      3.093600  1.786091 16.148331     0.002754    0.023428   -0.000016  
      1.537142  4.459651 16.121959     0.017956    0.038075    0.010411  
      1.543829  0.891333 18.663159    -0.041179   -0.051198    0.006434  
     -0.000003  3.572183 18.668587    -0.001859   -0.015582   -0.000014  
      4.643366  0.891333 18.663159     0.022395   -0.044120    0.004309  
      3.093597  3.575611 18.663159    -0.003338   -0.102681   -0.010733  
      0.000000  0.000000  3.611250            0           0           0  
     -1.546800  2.679136  3.611250            0           0           0  
      3.093600  0.000000  3.611250            0           0           0  
      1.546800  2.679136  3.611250            0           0           0  
      0.000000  0.000000 10.926500            0           0           0  
     -1.546800  2.679136 10.926500            0           0           0  
      3.093600  0.000000 10.926500            0           0           0  
      1.546800  2.679136 10.926500            0           0           0  
     -3.093598  5.358271 13.918005     0.002067    0.018129   -0.000350  
      4.607839  2.660340 13.875095     0.013508   -0.023542   -0.006906  
      3.093598  0.037597 13.875095    -0.003807   -0.000273    0.011804  
      1.579370  2.660332 13.875087    -0.015408   -0.026866   -0.004516  
      6.187196  0.000002 20.903618     0.000984    0.008885    0.000348  
      4.637541  2.677490 20.900171     0.003683    0.018529    0.067550  
      3.093596  0.003299 20.900171     0.001958    0.020964   -0.113198  
      1.549651  2.677490 20.900171     0.000826    0.018267    0.045183  
      3.093470  1.786163 12.009853    -0.000079   -0.000601    0.000141  
 
  23 f  =   15.679669 THz    98.518268 2PiTHz  523.017472 cm-1    64.845873 meV
             X         Y         Z           dx          dy          dz
      0.000031  1.786073  4.861250            0           0           0  
     -1.546769  4.465209  4.861250            0           0           0  
      3.093631  1.786073  4.861250            0           0           0  
      1.546831  4.465209  4.861250            0           0           0  
      0.000000  0.000000  7.269000            0           0           0  
     -1.546800  2.679136  7.269000            0           0           0  
      3.093600  0.000000  7.269000            0           0           0  
      1.546800  2.679136  7.269000            0           0           0  
      1.546769  0.893063  9.676500            0           0           0  
     -0.000031  3.572200  9.676500            0           0           0  
      4.640369  0.893063  9.676500            0           0           0  
      3.093569  3.572200  9.676500            0           0           0  
      1.537717  0.887799 14.838257     0.015273    0.008702    0.001749  
      0.000001  3.572181 14.777911     0.000195    0.000215   -0.005593  
      4.649484  0.887801 14.838246    -0.015212    0.008433    0.001990  
      3.093602  3.582671 14.838257    -0.000203   -0.017351    0.002031  
      6.187198  0.000001 17.411768     0.000019   -0.000015    0.013129  
     -1.546183  2.679494 17.398133    -0.012014   -0.006851   -0.004542  
     -0.000001  5.357559 17.398133    -0.000126    0.013836   -0.004452  
      1.546179  2.679495 17.398132     0.011962   -0.006965   -0.004363  
     -0.000004  1.786780 19.984037     0.000799   -0.051952    0.006940  
     -1.546209  4.464886 19.984036    -0.044823    0.026551    0.006815  
      3.093596  1.786093 19.985921    -0.000785   -0.000207   -0.019501  
      1.546202  4.464886 19.984037     0.044753    0.025595    0.007332  
      1.546769  0.893063  5.959750            0           0           0  
     -0.000031  3.572200  5.959750            0           0           0  
      4.640369  0.893063  5.959750            0           0           0  
      3.093569  3.572200  5.959750            0           0           0  
      0.000031  1.786073  8.578000            0           0           0  
     -1.546769  4.465209  8.578000            0           0           0  
      3.093631  1.786073  8.578000            0           0           0  
      1.546831  4.465209  8.578000            0           0           0  
     -0.000001  1.797243 16.121959    -0.000999   -0.009399    0.005956  
     -1.537143  4.459651 16.121962    -0.009742    0.004853    0.006159  
      3.093600  1.786091 16.148331    -0.000598   -0.000071   -0.020250  
      1.537142  4.459651 16.121959     0.005511    0.003448    0.005484  
      1.543829  0.891333 18.663159     0.013322    0.007126    0.006191  
     -0.000003  3.572183 18.668587     0.000319   -0.000059   -0.016444  
      4.643366  0.891333 18.663159    -0.008099    0.005667    0.005784  
      3.093597  3.575611 18.663159     0.001414   -0.011617    0.005942  
      0.000000  0.000000  3.611250            0           0           0  
     -1.546800  2.679136  3.611250            0           0           0  
      3.093600  0.000000  3.611250            0           0           0  
      1.546800  2.679136  3.611250            0           0           0  
      0.000000  0.000000 10.926500            0           0           0  
     -1.546800  2.679136 10.926500            0           0           0  
      3.093600  0.000000 10.926500            0           0           0  
      1.546800  2.679136 10.926500            0           0           0  
     -3.093598  5.358271 13.918005     0.000616    0.000183   -0.044931  
      4.607839  2.660340 13.875095    -0.019210   -0.011275    0.014870  
      3.093598  0.037597 13.875095     0.000311    0.023070    0.016513  
      1.579370  2.660332 13.875087     0.020237   -0.011501    0.016224  
      6.187196  0.000002 20.903618    -0.000459   -0.000168   -0.140285  
      4.637541  2.677490 20.900171    -0.009341   -0.004995    0.046584  
      3.093596  0.003299 20.900171    -0.000543    0.009760    0.043975  
      1.549651  2.677490 20.900171     0.008083   -0.004953    0.043050  
      3.093470  1.786163 12.009853    -0.000156   -0.000156    0.003690  
 
  24 f  =   15.677186 THz    98.502662 2PiTHz  522.934621 cm-1    64.835601 meV
             X         Y         Z           dx          dy          dz
      0.000031  1.786073  4.861250            0           0           0  
     -1.546769  4.465209  4.861250            0           0           0  
      3.093631  1.786073  4.861250            0           0           0  
      1.546831  4.465209  4.861250            0           0           0  
      0.000000  0.000000  7.269000            0           0           0  
     -1.546800  2.679136  7.269000            0           0           0  
      3.093600  0.000000  7.269000            0           0           0  
      1.546800  2.679136  7.269000            0           0           0  
      1.546769  0.893063  9.676500            0           0           0  
     -0.000031  3.572200  9.676500            0           0           0  
      4.640369  0.893063  9.676500            0           0           0  
      3.093569  3.572200  9.676500            0           0           0  
      1.537717  0.887799 14.838257     0.001746    0.006608   -0.006383  
      0.000001  3.572181 14.777911     0.011025    0.000923    0.000113  
      4.649484  0.887801 14.838246     0.001094   -0.008121    0.005739  
      3.093602  3.582671 14.838257    -0.011338    0.000813    0.000564  
      6.187198  0.000001 17.411768    -0.000389   -0.000036   -0.000310  
     -1.546183  2.679494 17.398133    -0.000641    0.001601   -0.002946  
     -0.000001  5.357559 17.398133    -0.004014   -0.000339    0.000398  
      1.546179  2.679495 17.398132    -0.001511   -0.001794    0.002865  
     -0.000004  1.786780 19.984037     0.030357    0.000269   -0.001189  
     -1.546209  4.464886 19.984036     0.001217    0.019425   -0.009787  
      3.093596  1.786093 19.985921    -0.029894   -0.002557    0.000486  
      1.546202  4.464886 19.984037    -0.004204   -0.017360    0.010396  
      1.546769  0.893063  5.959750            0           0           0  
     -0.000031  3.572200  5.959750            0           0           0  
      4.640369  0.893063  5.959750            0           0           0  
      3.093569  3.572200  5.959750            0           0           0  
      0.000031  1.786073  8.578000            0           0           0  
     -1.546769  4.465209  8.578000            0           0           0  
      3.093631  1.786073  8.578000            0           0           0  
      1.546831  4.465209  8.578000            0           0           0  
     -0.000001  1.797243 16.121959    -0.042313   -0.008814    0.001325  
     -1.537143  4.459651 16.121962    -0.085520    0.021250    0.013672  
      3.093600  1.786091 16.148331    -0.026980   -0.002390    0.000488  
      1.537142  4.459651 16.121959    -0.090450   -0.031525   -0.015428  
      1.543829  0.891333 18.663159     0.111426    0.035588    0.008398  
     -0.000003  3.572183 18.668587     0.015621    0.001376    0.000389  
      4.643366  0.891333 18.663159     0.106829   -0.022724   -0.007889  
      3.093597  3.575611 18.663159     0.058654    0.011319   -0.000947  
      0.000000  0.000000  3.611250            0           0           0  
     -1.546800  2.679136  3.611250            0           0           0  
      3.093600  0.000000  3.611250            0           0           0  
      1.546800  2.679136  3.611250            0           0           0  
      0.000000  0.000000 10.926500            0           0           0  
     -1.546800  2.679136 10.926500            0           0           0  
      3.093600  0.000000 10.926500            0           0           0  
      1.546800  2.679136 10.926500            0           0           0  
     -3.093598  5.358271 13.918005     0.025465    0.002208    0.000817  
      4.607839  2.660340 13.875095     0.022358    0.006682   -0.035862  
      3.093598  0.037597 13.875095     0.012752    0.001531    0.002983  
      1.579370  2.660332 13.875087     0.020545   -0.003338    0.031899  
      6.187196  0.000002 20.903618    -0.021414   -0.001826    0.003600  
      4.637541  2.677490 20.900171    -0.026126   -0.004900    0.070130  
      3.093596  0.003299 20.900171    -0.020936   -0.002621   -0.007813  
      1.549651  2.677490 20.900171    -0.025980    0.001121   -0.065614  
      3.093470  1.786163 12.009853    -0.008500   -0.000715   -0.000027  
 
  25 f  =   15.676717 THz    98.499718 2PiTHz  522.918993 cm-1    64.833663 meV
             X         Y         Z           dx          dy          dz
      0.000031  1.786073  4.861250            0           0           0  
     -1.546769  4.465209  4.861250            0           0           0  
      3.093631  1.786073  4.861250            0           0           0  
      1.546831  4.465209  4.861250            0           0           0  
      0.000000  0.000000  7.269000            0           0           0  
     -1.546800  2.679136  7.269000            0           0           0  
      3.093600  0.000000  7.269000            0           0           0  
      1.546800  2.679136  7.269000            0           0           0  
      1.546769  0.893063  9.676500            0           0           0  
     -0.000031  3.572200  9.676500            0           0           0  
      4.640369  0.893063  9.676500            0           0           0  
      3.093569  3.572200  9.676500            0           0           0  
      1.537717  0.887799 14.838257     0.007212   -0.007737   -0.003012  
      0.000001  3.572181 14.777911    -0.000906    0.011057    0.000010  
      4.649484  0.887801 14.838246    -0.007460   -0.006524   -0.004025  
      3.093602  3.582671 14.838257     0.000927    0.005717    0.007002  
      6.187198  0.000001 17.411768     0.000025   -0.000361   -0.000049  
     -1.546183  2.679494 17.398133     0.001845   -0.003159   -0.001407  
     -0.000001  5.357559 17.398133     0.000362   -0.000126    0.003382  
      1.546179  2.679495 17.398132    -0.001655   -0.002850   -0.001927  
     -0.000004  1.786780 19.984037    -0.002636   -0.011928   -0.011709  
     -1.546209  4.464886 19.984036     0.018756    0.018115    0.006701  
      3.093596  1.786093 19.985921     0.002595   -0.030008    0.000084  
      1.546202  4.464886 19.984037    -0.018496    0.021302    0.004951  
      1.546769  0.893063  5.959750            0           0           0  
     -0.000031  3.572200  5.959750            0           0           0  
      4.640369  0.893063  5.959750            0           0           0  
      3.093569  3.572200  5.959750            0           0           0  
      0.000031  1.786073  8.578000            0           0           0  
     -1.546769  4.465209  8.578000            0           0           0  
      3.093631  1.786073  8.578000            0           0           0  
      1.546831  4.465209  8.578000            0           0           0  
     -0.000001  1.797243 16.121959     0.003724   -0.103015    0.016717  
     -1.537143  4.459651 16.121962     0.033895   -0.059963   -0.009635  
      3.093600  1.786091 16.148331     0.002406   -0.027283    0.000071  
      1.537142  4.459651 16.121959    -0.018603   -0.055331   -0.007139  
      1.543829  0.891333 18.663159     0.019390    0.072924    0.004002  
     -0.000003  3.572183 18.668587    -0.001415    0.015889    0.000044  
      4.643366  0.891333 18.663159    -0.038406    0.077979    0.005409  
      3.093597  3.575611 18.663159    -0.005150    0.125639   -0.009449  
      0.000000  0.000000  3.611250            0           0           0  
     -1.546800  2.679136  3.611250            0           0           0  
      3.093600  0.000000  3.611250            0           0           0  
      1.546800  2.679136  3.611250            0           0           0  
      0.000000  0.000000 10.926500            0           0           0  
     -1.546800  2.679136 10.926500            0           0           0  
      3.093600  0.000000 10.926500            0           0           0  
      1.546800  2.679136 10.926500            0           0           0  
     -3.093598  5.358271 13.918005    -0.002214    0.025608    0.000143  
      4.607839  2.660340 13.875095     0.003262    0.015268   -0.016799  
      3.093598  0.037597 13.875095    -0.001128    0.024309    0.039156  
      1.579370  2.660332 13.875087    -0.006976    0.016090   -0.022456  
      6.187196  0.000002 20.903618     0.001848   -0.021501    0.000545  
      4.637541  2.677490 20.900171    -0.000662   -0.022339    0.033208  
      3.093596  0.003299 20.900171     0.001835   -0.027810   -0.078796  
      1.549651  2.677490 20.900171     0.005238   -0.022768    0.044986  
      3.093470  1.786163 12.009853     0.000703   -0.008509    0.000012  
 
  26 f  =   15.491958 THz    97.338844 2PiTHz  516.756104 cm-1    64.069562 meV
             X         Y         Z           dx          dy          dz
      0.000031  1.786073  4.861250            0           0           0  
     -1.546769  4.465209  4.861250            0           0           0  
      3.093631  1.786073  4.861250            0           0           0  
      1.546831  4.465209  4.861250            0           0           0  
      0.000000  0.000000  7.269000            0           0           0  
     -1.546800  2.679136  7.269000            0           0           0  
      3.093600  0.000000  7.269000            0           0           0  
      1.546800  2.679136  7.269000            0           0           0  
      1.546769  0.893063  9.676500            0           0           0  
     -0.000031  3.572200  9.676500            0           0           0  
      4.640369  0.893063  9.676500            0           0           0  
      3.093569  3.572200  9.676500            0           0           0  
      1.537717  0.887799 14.838257     0.008446   -0.041907    0.015318  
      0.000001  3.572181 14.777911    -0.049029    0.014111    0.000021  
      4.649484  0.887801 14.838246    -0.009618    0.021215   -0.021435  
      3.093602  3.582671 14.838257     0.054086    0.005473    0.006103  
      6.187198  0.000001 17.411768     0.011593   -0.003335   -0.000032  
     -1.546183  2.679494 17.398133    -0.005624    0.012032   -0.007849  
     -0.000001  5.357559 17.398133    -0.017673   -0.000480   -0.003114  
      1.546179  2.679495 17.398132    -0.000902   -0.004608    0.010995  
     -0.000004  1.786780 19.984037     0.012067    0.000977    0.000709  
     -1.546209  4.464886 19.984036    -0.001062    0.004149   -0.002611  
      3.093596  1.786093 19.985921    -0.011311    0.003212    0.000035  
      1.546202  4.464886 19.984037     0.002480   -0.008968    0.001853  
      1.546769  0.893063  5.959750            0           0           0  
     -0.000031  3.572200  5.959750            0           0           0  
      4.640369  0.893063  5.959750            0           0           0  
      3.093569  3.572200  5.959750            0           0           0  
      0.000031  1.786073  8.578000            0           0           0  
     -1.546769  4.465209  8.578000            0           0           0  
      3.093631  1.786073  8.578000            0           0           0  
      1.546831  4.465209  8.578000            0           0           0  
     -0.000001  1.797243 16.121959     0.010191    0.002394    0.003519  
     -1.537143  4.459651 16.121962    -0.006090    0.006502   -0.012411  
      3.093600  1.786091 16.148331    -0.015077    0.004326    0.000067  
      1.537142  4.459651 16.121959    -0.001505   -0.009795    0.008832  
      1.543829  0.891333 18.663159     0.025506   -0.014534    0.007359  
     -0.000003  3.572183 18.668587     0.029169   -0.008349    0.000041  
      4.643366  0.891333 18.663159     0.022174   -0.002931   -0.010310  
      3.093597  3.575611 18.663159     0.033984   -0.005757    0.002884  
      0.000000  0.000000  3.611250            0           0           0  
     -1.546800  2.679136  3.611250            0           0           0  
      3.093600  0.000000  3.611250            0           0           0  
      1.546800  2.679136  3.611250            0           0           0  
      0.000000  0.000000 10.926500            0           0           0  
     -1.546800  2.679136 10.926500            0           0           0  
      3.093600  0.000000 10.926500            0           0           0  
      1.546800  2.679136 10.926500            0           0           0  
     -3.093598  5.358271 13.918005     0.000785   -0.000210    0.000136  
      4.607839  2.660340 13.875095    -0.009184   -0.007903    0.089407  
      3.093598  0.037597 13.875095     0.003011    0.004760    0.035591  
      1.579370  2.660332 13.875087    -0.014170    0.009034   -0.125138  
      6.187196  0.000002 20.903618     0.013956   -0.004058    0.000280  
      4.637541  2.677490 20.900171    -0.015599    0.024536    0.017416  
      3.093596  0.003299 20.900171    -0.038792    0.000460    0.006782  
      1.549651  2.677490 20.900171    -0.006405   -0.007568   -0.024439  
      3.093470  1.786163 12.009853     0.036556   -0.010520   -0.000032  
 
  27 f  =   15.491288 THz    97.334631 2PiTHz  516.733738 cm-1    64.066789 meV
             X         Y         Z           dx          dy          dz
      0.000031  1.786073  4.861250            0           0           0  
     -1.546769  4.465209  4.861250            0           0           0  
      3.093631  1.786073  4.861250            0           0           0  
      1.546831  4.465209  4.861250            0           0           0  
      0.000000  0.000000  7.269000            0           0           0  
     -1.546800  2.679136  7.269000            0           0           0  
      3.093600  0.000000  7.269000            0           0           0  
      1.546800  2.679136  7.269000            0           0           0  
      1.546769  0.893063  9.676500            0           0           0  
     -0.000031  3.572200  9.676500            0           0           0  
      4.640369  0.893063  9.676500            0           0           0  
      3.093569  3.572200  9.676500            0           0           0  
      1.537717  0.887799 14.838257     0.031718   -0.026801   -0.015909  
      0.000001  3.572181 14.777911     0.014104    0.049046    0.000000  
      4.649484  0.887801 14.838246    -0.031375   -0.044956   -0.005334  
      3.093602  3.582671 14.838257    -0.015558    0.018843    0.021209  
      6.187198  0.000001 17.411768    -0.003325   -0.011597   -0.000030  
     -1.546183  2.679494 17.398133    -0.007355    0.010498    0.008159  
     -0.000001  5.357559 17.398133     0.005075   -0.001578   -0.010869  
      1.546179  2.679495 17.398132     0.009233    0.015274    0.002751  
     -0.000004  1.786780 19.984037    -0.003438    0.003212    0.002562  
     -1.546209  4.464886 19.984036    -0.006653   -0.010217   -0.000681  
      3.093596  1.786093 19.985921     0.003219    0.011317    0.000046  
      1.546202  4.464886 19.984037     0.006245   -0.006486   -0.001943  
      1.546769  0.893063  5.959750            0           0           0  
     -0.000031  3.572200  5.959750            0           0           0  
      4.640369  0.893063  5.959750            0           0           0  
      3.093569  3.572200  5.959750            0           0           0  
      0.000031  1.786073  8.578000            0           0           0  
     -1.546769  4.465209  8.578000            0           0           0  
      3.093631  1.786073  8.578000            0           0           0  
      1.546831  4.465209  8.578000            0           0           0  
     -0.000001  1.797243 16.121959    -0.002949    0.008650    0.012246  
     -1.537143  4.459651 16.121962    -0.007127   -0.007904   -0.003084  
      3.093600  1.786091 16.148331     0.004311    0.014981    0.000066  
      1.537142  4.459651 16.121959     0.009248   -0.003245   -0.009213  
      1.543829  0.891333 18.663159    -0.001115   -0.028900   -0.007672  
     -0.000003  3.572183 18.668587    -0.008367   -0.028976    0.000042  
      4.643366  0.891333 18.663159    -0.012572   -0.032266   -0.002603  
      3.093597  3.575611 18.663159    -0.009741   -0.020562    0.010217  
      0.000000  0.000000  3.611250            0           0           0  
     -1.546800  2.679136  3.611250            0           0           0  
      3.093600  0.000000  3.611250            0           0           0  
      1.546800  2.679136  3.611250            0           0           0  
      0.000000  0.000000 10.926500            0           0           0  
     -1.546800  2.679136 10.926500            0           0           0  
      3.093600  0.000000 10.926500            0           0           0  
      1.546800  2.679136 10.926500            0           0           0  
     -3.093598  5.358271 13.918005    -0.000221   -0.000788    0.000099  
      4.607839  2.660340 13.875095     0.011894    0.004339   -0.092801  
      3.093598  0.037597 13.875095    -0.000873    0.016497    0.123854  
      1.579370  2.660332 13.875087    -0.005148   -0.000529   -0.031084  
      6.187196  0.000002 20.903618    -0.004013   -0.013940    0.000364  
      4.637541  2.677490 20.900171    -0.012840    0.024863   -0.018147  
      3.093596  0.003299 20.900171     0.011116    0.001735    0.024075  
      1.549651  2.677490 20.900171     0.019180    0.034130   -0.006251  
      3.093470  1.786163 12.009853    -0.010513   -0.036562    0.000018  
 
  28 f  =   15.163680 THz    95.276214 2PiTHz  505.805934 cm-1    62.711915 meV
             X         Y         Z           dx          dy          dz
      0.000031  1.786073  4.861250            0           0           0  
     -1.546769  4.465209  4.861250            0           0           0  
      3.093631  1.786073  4.861250            0           0           0  
      1.546831  4.465209  4.861250            0           0           0  
      0.000000  0.000000  7.269000            0           0           0  
     -1.546800  2.679136  7.269000            0           0           0  
      3.093600  0.000000  7.269000            0           0           0  
      1.546800  2.679136  7.269000            0           0           0  
      1.546769  0.893063  9.676500            0           0           0  
     -0.000031  3.572200  9.676500            0           0           0  
      4.640369  0.893063  9.676500            0           0           0  
      3.093569  3.572200  9.676500            0           0           0  
      1.537717  0.887799 14.838257     0.001310    0.006343   -0.002933  
      0.000001  3.572181 14.777911     0.010051    0.000886   -0.000001  
      4.649484  0.887801 14.838246     0.000059   -0.007636    0.002659  
      3.093602  3.582671 14.838257    -0.011422    0.000405    0.000288  
      6.187198  0.000001 17.411768    -0.020690   -0.001828    0.000003  
     -1.546183  2.679494 17.398133    -0.020626   -0.003181    0.001898  
     -0.000001  5.357559 17.398133    -0.017844   -0.001882   -0.000188  
      1.546179  2.679495 17.398132    -0.020347   -0.000127   -0.001718  
     -0.000004  1.786780 19.984037     0.000614    0.000220   -0.000014  
     -1.546209  4.464886 19.984036     0.002024   -0.000764   -0.000229  
      3.093596  1.786093 19.985921     0.001603    0.000150    0.000003  
      1.546202  4.464886 19.984037     0.002206    0.000963    0.000265  
      1.546769  0.893063  5.959750            0           0           0  
     -0.000031  3.572200  5.959750            0           0           0  
      4.640369  0.893063  5.959750            0           0           0  
      3.093569  3.572200  5.959750            0           0           0  
      0.000031  1.786073  8.578000            0           0           0  
     -1.546769  4.465209  8.578000            0           0           0  
      3.093631  1.786073  8.578000            0           0           0  
      1.546831  4.465209  8.578000            0           0           0  
     -0.000001  1.797243 16.121959     0.078650    0.007822   -0.000917  
     -1.537143  4.459651 16.121962     0.085789    0.002818   -0.008587  
      3.093600  1.786091 16.148331     0.096985    0.008562   -0.000015  
      1.537142  4.459651 16.121959     0.086565    0.011509    0.009506  
      1.543829  0.891333 18.663159     0.052411   -0.015517   -0.001962  
     -0.000003  3.572183 18.668587     0.117705    0.010394   -0.000003  
      4.643366  0.891333 18.663159     0.056386    0.029730    0.001759  
      3.093597  3.575611 18.663159     0.093573    0.003644    0.000201  
      0.000000  0.000000  3.611250            0           0           0  
     -1.546800  2.679136  3.611250            0           0           0  
      3.093600  0.000000  3.611250            0           0           0  
      1.546800  2.679136  3.611250            0           0           0  
      0.000000  0.000000 10.926500            0           0           0  
     -1.546800  2.679136 10.926500            0           0           0  
      3.093600  0.000000 10.926500            0           0           0  
      1.546800  2.679136 10.926500            0           0           0  
     -3.093598  5.358271 13.918005    -0.030607   -0.002705   -0.000032  
      4.607839  2.660340 13.875095    -0.027799    0.006803   -0.013770  
      3.093598  0.037597 13.875095    -0.046719   -0.002006    0.001337  
      1.579370  2.660332 13.875087    -0.029622   -0.013988    0.012441  
      6.187196  0.000002 20.903618    -0.049316   -0.004337   -0.000044  
      4.637541  2.677490 20.900171    -0.034886   -0.006592   -0.002453  
      3.093596  0.003299 20.900171    -0.027748   -0.003248    0.000240  
      1.549651  2.677490 20.900171    -0.034177    0.001285    0.002191  
      3.093470  1.786163 12.009853    -0.005242   -0.000461    0.000004  
 
  29 f  =   15.163603 THz    95.275726 2PiTHz  505.803344 cm-1    62.711594 meV
             X         Y         Z           dx          dy          dz
      0.000031  1.786073  4.861250            0           0           0  
     -1.546769  4.465209  4.861250            0           0           0  
      3.093631  1.786073  4.861250            0           0           0  
      1.546831  4.465209  4.861250            0           0           0  
      0.000000  0.000000  7.269000            0           0           0  
     -1.546800  2.679136  7.269000            0           0           0  
      3.093600  0.000000  7.269000            0           0           0  
      1.546800  2.679136  7.269000            0           0           0  
      1.546769  0.893063  9.676500            0           0           0  
     -0.000031  3.572200  9.676500            0           0           0  
      4.640369  0.893063  9.676500            0           0           0  
      3.093569  3.572200  9.676500            0           0           0  
      1.537717  0.887799 14.838257    -0.006907    0.007988    0.001369  
      0.000001  3.572181 14.777911     0.000881   -0.010021    0.000002  
      4.649484  0.887801 14.838246     0.007027    0.006761    0.001857  
      3.093602  3.582671 14.838257    -0.001001   -0.004711   -0.003214  
      6.187198  0.000001 17.411768    -0.001827    0.020689    0.000000  
     -1.546183  2.679494 17.398133    -0.000286    0.018597   -0.000884  
     -0.000001  5.357559 17.398133    -0.001574    0.021368    0.002080  
      1.546179  2.679495 17.398132    -0.003330    0.018866   -0.001207  
     -0.000004  1.786780 19.984037     0.000043   -0.002622    0.000288  
     -1.546209  4.464886 19.984036     0.001053   -0.001199   -0.000155  
      3.093596  1.786093 19.985921     0.000156   -0.001620    0.000004  
      1.546202  4.464886 19.984037    -0.000678   -0.001029   -0.000119  
      1.546769  0.893063  5.959750            0           0           0  
     -0.000031  3.572200  5.959750            0           0           0  
      4.640369  0.893063  5.959750            0           0           0  
      3.093569  3.572200  5.959750            0           0           0  
      0.000031  1.786073  8.578000            0           0           0  
     -1.546769  4.465209  8.578000            0           0           0  
      3.093631  1.786073  8.578000            0           0           0  
      1.546831  4.465209  8.578000            0           0           0  
     -0.000001  1.797243 16.121959     0.006945   -0.088665    0.010446  
     -1.537143  4.459651 16.121962     0.011948   -0.081543   -0.006022  
      3.093600  1.786091 16.148331     0.008566   -0.096978   -0.000014  
      1.537142  4.459651 16.121959     0.003289   -0.080778   -0.004416  
      1.543829  0.891333 18.663159     0.027393   -0.082535    0.000894  
     -0.000003  3.572183 18.668587     0.010378   -0.117683   -0.000000  
      4.643366  0.891333 18.663159    -0.017798   -0.078547    0.001234  
      3.093597  3.575611 18.663159     0.008245   -0.041405   -0.002127  
      0.000000  0.000000  3.611250            0           0           0  
     -1.546800  2.679136  3.611250            0           0           0  
      3.093600  0.000000  3.611250            0           0           0  
      1.546800  2.679136  3.611250            0           0           0  
      0.000000  0.000000 10.926500            0           0           0  
     -1.546800  2.679136 10.926500            0           0           0  
      3.093600  0.000000 10.926500            0           0           0  
      1.546800  2.679136 10.926500            0           0           0  
     -3.093598  5.358271 13.918005    -0.002709    0.030578   -0.000025  
      4.607839  2.660340 13.875095    -0.012929    0.041624    0.006392  
      3.093598  0.037597 13.875095    -0.004118    0.022704   -0.015074  
      1.579370  2.660332 13.875087     0.007853    0.039799    0.008682  
      6.187196  0.000002 20.903618    -0.004349    0.049350   -0.000018  
      4.637541  2.677490 20.900171     0.000894    0.029685    0.001114  
      3.093596  0.003299 20.900171    -0.002442    0.036858   -0.002710  
      1.549651  2.677490 20.900171    -0.007004    0.030342    0.001579  
      3.093470  1.786163 12.009853    -0.000460    0.005220    0.000003  
 
  30 f  =   14.399807 THz    90.476658 2PiTHz  480.325870 cm-1    59.552791 meV
             X         Y         Z           dx          dy          dz
      0.000031  1.786073  4.861250            0           0           0  
     -1.546769  4.465209  4.861250            0           0           0  
      3.093631  1.786073  4.861250            0           0           0  
      1.546831  4.465209  4.861250            0           0           0  
      0.000000  0.000000  7.269000            0           0           0  
     -1.546800  2.679136  7.269000            0           0           0  
      3.093600  0.000000  7.269000            0           0           0  
      1.546800  2.679136  7.269000            0           0           0  
      1.546769  0.893063  9.676500            0           0           0  
     -0.000031  3.572200  9.676500            0           0           0  
      4.640369  0.893063  9.676500            0           0           0  
      3.093569  3.572200  9.676500            0           0           0  
      1.537717  0.887799 14.838257     0.001690   -0.002862    0.000024  
      0.000001  3.572181 14.777911    -0.000063   -0.000002   -0.000000  
      4.649484  0.887801 14.838246     0.001696    0.002869   -0.000022  
      3.093602  3.582671 14.838257    -0.003294   -0.000007   -0.000000  
      6.187198  0.000001 17.411768     0.000035   -0.000002    0.000000  
     -1.546183  2.679494 17.398133    -0.000865    0.001508    0.000003  
     -0.000001  5.357559 17.398133     0.001780    0.000002    0.000000  
      1.546179  2.679495 17.398132    -0.000865   -0.001510   -0.000006  
     -0.000004  1.786780 19.984037    -0.004689   -0.000001    0.000005  
     -1.546209  4.464886 19.984036     0.002336    0.004000    0.000005  
      3.093596  1.786093 19.985921    -0.000023    0.000007    0.000003  
      1.546202  4.464886 19.984037     0.002340   -0.003999    0.000001  
      1.546769  0.893063  5.959750            0           0           0  
     -0.000031  3.572200  5.959750            0           0           0  
      4.640369  0.893063  5.959750            0           0           0  
      3.093569  3.572200  5.959750            0           0           0  
      0.000031  1.786073  8.578000            0           0           0  
     -1.546769  4.465209  8.578000            0           0           0  
      3.093631  1.786073  8.578000            0           0           0  
      1.546831  4.465209  8.578000            0           0           0  
     -0.000001  1.797243 16.121959     0.104629    0.000084   -0.000000  
     -1.537143  4.459651 16.121962    -0.053059   -0.089738    0.000016  
      3.093600  1.786091 16.148331     0.000782   -0.000055    0.000001  
      1.537142  4.459651 16.121959    -0.052971    0.089759   -0.000022  
      1.543829  0.891333 18.663159    -0.063025    0.107653    0.000022  
     -0.000003  3.572183 18.668587     0.000825   -0.000065   -0.000004  
      4.643366  0.891333 18.663159    -0.063088   -0.107667   -0.000021  
      3.093597  3.575611 18.663159     0.125164    0.000054   -0.000003  
      0.000000  0.000000  3.611250            0           0           0  
     -1.546800  2.679136  3.611250            0           0           0  
      3.093600  0.000000  3.611250            0           0           0  
      1.546800  2.679136  3.611250            0           0           0  
      0.000000  0.000000 10.926500            0           0           0  
     -1.546800  2.679136 10.926500            0           0           0  
      3.093600  0.000000 10.926500            0           0           0  
      1.546800  2.679136 10.926500            0           0           0  
     -3.093598  5.358271 13.918005    -0.000351    0.000030   -0.000005  
      4.607839  2.660340 13.875095     0.010288   -0.017616   -0.000048  
      3.093598  0.037597 13.875095    -0.020013   -0.000009   -0.000022  
      1.579370  2.660332 13.875087     0.010286    0.017576    0.000078  
      6.187196  0.000002 20.903618    -0.000142    0.000006   -0.000014  
      4.637541  2.677490 20.900171     0.010465   -0.017859   -0.000049  
      3.093596  0.003299 20.900171    -0.020665   -0.000014    0.000003  
      1.549651  2.677490 20.900171     0.010475    0.017855    0.000025  
      3.093470  1.786163 12.009853    -0.000013    0.000006   -0.000000  
 
  31 f  =   14.379511 THz    90.349133 2PiTHz  479.648863 cm-1    59.468853 meV
             X         Y         Z           dx          dy          dz
      0.000031  1.786073  4.861250            0           0           0  
     -1.546769  4.465209  4.861250            0           0           0  
      3.093631  1.786073  4.861250            0           0           0  
      1.546831  4.465209  4.861250            0           0           0  
      0.000000  0.000000  7.269000            0           0           0  
     -1.546800  2.679136  7.269000            0           0           0  
      3.093600  0.000000  7.269000            0           0           0  
      1.546800  2.679136  7.269000            0           0           0  
      1.546769  0.893063  9.676500            0           0           0  
     -0.000031  3.572200  9.676500            0           0           0  
      4.640369  0.893063  9.676500            0           0           0  
      3.093569  3.572200  9.676500            0           0           0  
      1.537717  0.887799 14.838257    -0.003804   -0.001063   -0.002919  
      0.000001  3.572181 14.777911     0.008206    0.000179    0.000001  
      4.649484  0.887801 14.838246    -0.003769    0.000948    0.002849  
      3.093602  3.582671 14.838257    -0.002125   -0.000097    0.000076  
      6.187198  0.000001 17.411768    -0.004519   -0.000098    0.000001  
     -1.546183  2.679494 17.398133    -0.001165    0.001147   -0.000696  
     -0.000001  5.357559 17.398133    -0.003228   -0.000010    0.000018  
      1.546179  2.679495 17.398132    -0.001213   -0.001258    0.000679  
     -0.000004  1.786780 19.984037     0.004086   -0.000086   -0.000007  
     -1.546209  4.464886 19.984036    -0.001783    0.003539   -0.000109  
      3.093596  1.786093 19.985921     0.002762    0.000059   -0.000006  
      1.546202  4.464886 19.984037    -0.001928   -0.003445    0.000105  
      1.546769  0.893063  5.959750            0           0           0  
     -0.000031  3.572200  5.959750            0           0           0  
      4.640369  0.893063  5.959750            0           0           0  
      3.093569  3.572200  5.959750            0           0           0  
      0.000031  1.786073  8.578000            0           0           0  
     -1.546769  4.465209  8.578000            0           0           0  
      3.093631  1.786073  8.578000            0           0           0  
      1.546831  4.465209  8.578000            0           0           0  
     -0.000001  1.797243 16.121959    -0.031401    0.003211   -0.000030  
     -1.537143  4.459651 16.121962     0.101769   -0.079037   -0.001584  
      3.093600  1.786091 16.148331    -0.096025   -0.002053   -0.000004  
      1.537142  4.459651 16.121959     0.105154    0.079598    0.001620  
      1.543829  0.891333 18.663159     0.076681    0.064383   -0.002887  
     -0.000003  3.572183 18.668587    -0.103164   -0.002215   -0.000001  
      4.643366  0.891333 18.663159     0.073950   -0.064274    0.002818  
      3.093597  3.575611 18.663159    -0.033131    0.002408    0.000074  
      0.000000  0.000000  3.611250            0           0           0  
     -1.546800  2.679136  3.611250            0           0           0  
      3.093600  0.000000  3.611250            0           0           0  
      1.546800  2.679136  3.611250            0           0           0  
      0.000000  0.000000 10.926500            0           0           0  
     -1.546800  2.679136 10.926500            0           0           0  
      3.093600  0.000000 10.926500            0           0           0  
      1.546800  2.679136 10.926500            0           0           0  
     -3.093598  5.358271 13.918005     0.043189    0.000942   -0.000008  
      4.607839  2.660340 13.875095    -0.020218    0.006380    0.009213  
      3.093598  0.037597 13.875095    -0.032966   -0.000353   -0.000230  
      1.579370  2.660332 13.875087    -0.020537   -0.007624   -0.008999  
      6.187196  0.000002 20.903618     0.019918    0.000426    0.000007  
      4.637541  2.677490 20.900171    -0.015690   -0.007251    0.005340  
      3.093596  0.003299 20.900171    -0.003816   -0.000429   -0.000118  
      1.549651  2.677490 20.900171    -0.015382    0.006935   -0.005187  
      3.093470  1.786163 12.009853     0.002131    0.000046   -0.000003  
 
  32 f  =   14.379316 THz    90.347906 2PiTHz  479.642350 cm-1    59.468046 meV
             X         Y         Z           dx          dy          dz
      0.000031  1.786073  4.861250            0           0           0  
     -1.546769  4.465209  4.861250            0           0           0  
      3.093631  1.786073  4.861250            0           0           0  
      1.546831  4.465209  4.861250            0           0           0  
      0.000000  0.000000  7.269000            0           0           0  
     -1.546800  2.679136  7.269000            0           0           0  
      3.093600  0.000000  7.269000            0           0           0  
      1.546800  2.679136  7.269000            0           0           0  
      1.546769  0.893063  9.676500            0           0           0  
     -0.000031  3.572200  9.676500            0           0           0  
      4.640369  0.893063  9.676500            0           0           0  
      3.093569  3.572200  9.676500            0           0           0  
      1.537717  0.887799 14.838257     0.000899    0.002641    0.001605  
      0.000001  3.572181 14.777911     0.000180   -0.008217    0.000002  
      4.649484  0.887801 14.838246    -0.001059    0.002682    0.001726  
      3.093602  3.582671 14.838257    -0.000051    0.004365   -0.003334  
      6.187198  0.000001 17.411768    -0.000096    0.004513    0.000002  
     -1.546183  2.679494 17.398133    -0.001214    0.002572    0.000385  
     -0.000001  5.357559 17.398133    -0.000070    0.000498   -0.000802  
      1.546179  2.679495 17.398132     0.001163    0.002518    0.000413  
     -0.000004  1.786780 19.984037     0.000089    0.003873    0.000128  
     -1.546209  4.464886 19.984036    -0.003521   -0.002046   -0.000063  
      3.093596  1.786093 19.985921     0.000054   -0.002734   -0.000008  
      1.546202  4.464886 19.984037     0.003444   -0.002205   -0.000059  
      1.546769  0.893063  5.959750            0           0           0  
     -0.000031  3.572200  5.959750            0           0           0  
      4.640369  0.893063  5.959750            0           0           0  
      3.093569  3.572200  5.959750            0           0           0  
      0.000031  1.786073  8.578000            0           0           0  
     -1.546769  4.465209  8.578000            0           0           0  
      3.093631  1.786073  8.578000            0           0           0  
      1.546831  4.465209  8.578000            0           0           0  
     -0.000001  1.797243 16.121959    -0.000618   -0.149291    0.001872  
     -1.537143  4.459651 16.121962     0.080832   -0.014845   -0.000984  
      3.093600  1.786091 16.148331    -0.002076    0.096092    0.000008  
      1.537142  4.459651 16.121959    -0.076437   -0.011338   -0.000894  
      1.543829  0.891333 18.663159    -0.061841   -0.001082    0.001588  
     -0.000003  3.572183 18.668587    -0.002216    0.103120   -0.000017  
      4.643366  0.891333 18.663159     0.065013   -0.003977    0.001730  
      3.093597  3.575611 18.663159    -0.000643   -0.112414   -0.003303  
      0.000000  0.000000  3.611250            0           0           0  
     -1.546800  2.679136  3.611250            0           0           0  
      3.093600  0.000000  3.611250            0           0           0  
      1.546800  2.679136  3.611250            0           0           0  
      0.000000  0.000000 10.926500            0           0           0  
     -1.546800  2.679136 10.926500            0           0           0  
      3.093600  0.000000 10.926500            0           0           0  
      1.546800  2.679136 10.926500            0           0           0  
     -3.093598  5.358271 13.918005     0.000905   -0.043188    0.000007  
      4.607839  2.660340 13.875095    -0.007567    0.028799   -0.005074  
      3.093598  0.037597 13.875095    -0.000702    0.016358    0.010508  
      1.579370  2.660332 13.875087     0.006707    0.028534   -0.005435  
      6.187196  0.000002 20.903618     0.000446   -0.019959   -0.000033  
      4.637541  2.677490 20.900171     0.006607    0.007495   -0.002929  
      3.093596  0.003299 20.900171    -0.000115    0.019591    0.006142  
      1.549651  2.677490 20.900171    -0.007251    0.007789   -0.003178  
      3.093470  1.786163 12.009853     0.000038   -0.002127   -0.000011  
 
  33 f  =   13.974015 THz    87.801323 2PiTHz  466.122952 cm-1    57.791855 meV
             X         Y         Z           dx          dy          dz
      0.000031  1.786073  4.861250            0           0           0  
     -1.546769  4.465209  4.861250            0           0           0  
      3.093631  1.786073  4.861250            0           0           0  
      1.546831  4.465209  4.861250            0           0           0  
      0.000000  0.000000  7.269000            0           0           0  
     -1.546800  2.679136  7.269000            0           0           0  
      3.093600  0.000000  7.269000            0           0           0  
      1.546800  2.679136  7.269000            0           0           0  
      1.546769  0.893063  9.676500            0           0           0  
     -0.000031  3.572200  9.676500            0           0           0  
      4.640369  0.893063  9.676500            0           0           0  
      3.093569  3.572200  9.676500            0           0           0  
      1.537717  0.887799 14.838257    -0.003765    0.001230   -0.005641  
      0.000001  3.572181 14.777911    -0.000630   -0.003487   -0.000005  
      4.649484  0.887801 14.838246     0.003017    0.002447   -0.002931  
      3.093602  3.582671 14.838257     0.000682   -0.003988    0.008579  
      6.187198  0.000001 17.411768     0.000108    0.000606    0.000006  
     -1.546183  2.679494 17.398133    -0.000846    0.002133   -0.000645  
     -0.000001  5.357559 17.398133     0.000533    0.000482    0.000987  
      1.546179  2.679495 17.398132     0.001241    0.002519   -0.000335  
     -0.000004  1.786780 19.984037    -0.000609    0.000201   -0.007544  
     -1.546209  4.464886 19.984036    -0.001673   -0.002760    0.002553  
      3.093596  1.786093 19.985921     0.000591    0.003289    0.000027  
      1.546202  4.464886 19.984037     0.001419   -0.002201    0.004929  
      1.546769  0.893063  5.959750            0           0           0  
     -0.000031  3.572200  5.959750            0           0           0  
      4.640369  0.893063  5.959750            0           0           0  
      3.093569  3.572200  5.959750            0           0           0  
      0.000031  1.786073  8.578000            0           0           0  
     -1.546769  4.465209  8.578000            0           0           0  
      3.093631  1.786073  8.578000            0           0           0  
      1.546831  4.465209  8.578000            0           0           0  
     -0.000001  1.797243 16.121959    -0.003119   -0.025683    0.059633  
     -1.537143  4.459651 16.121962    -0.000633   -0.018619   -0.020369  
      3.093600  1.786091 16.148331     0.004453    0.024295   -0.000095  
      1.537142  4.459651 16.121959    -0.007961   -0.019994   -0.039174  
      1.543829  0.891333 18.663159    -0.013968    0.005279    0.032056  
     -0.000003  3.572183 18.668587    -0.000719   -0.004075    0.000222  
      4.643366  0.891333 18.663159     0.011435    0.009910    0.016660  
      3.093597  3.575611 18.663159     0.002724   -0.014223   -0.048930  
      0.000000  0.000000  3.611250            0           0           0  
     -1.546800  2.679136  3.611250            0           0           0  
      3.093600  0.000000  3.611250            0           0           0  
      1.546800  2.679136  3.611250            0           0           0  
      0.000000  0.000000 10.926500            0           0           0  
     -1.546800  2.679136 10.926500            0           0           0  
      3.093600  0.000000 10.926500            0           0           0  
      1.546800  2.679136 10.926500            0           0           0  
     -3.093598  5.358271 13.918005     0.020776    0.114064    0.000096  
      4.607839  2.660340 13.875095     0.050385   -0.051695    0.027220  
      3.093598  0.037597 13.875095    -0.016425    0.026539   -0.041542  
      1.579370  2.660332 13.875087    -0.051315   -0.070149    0.014180  
      6.187196  0.000002 20.903618    -0.015503   -0.085229   -0.000066  
      4.637541  2.677490 20.900171    -0.051883    0.050381   -0.017938  
      3.093596  0.003299 20.900171     0.016362   -0.029280    0.027424  
      1.549651  2.677490 20.900171     0.051954    0.069187   -0.009337  
      3.093470  1.786163 12.009853     0.004524    0.024902    0.000121  
 
  34 f  =   13.974005 THz    87.801265 2PiTHz  466.122645 cm-1    57.791816 meV
             X         Y         Z           dx          dy          dz
      0.000031  1.786073  4.861250            0           0           0  
     -1.546769  4.465209  4.861250            0           0           0  
      3.093631  1.786073  4.861250            0           0           0  
      1.546831  4.465209  4.861250            0           0           0  
      0.000000  0.000000  7.269000            0           0           0  
     -1.546800  2.679136  7.269000            0           0           0  
      3.093600  0.000000  7.269000            0           0           0  
      1.546800  2.679136  7.269000            0           0           0  
      1.546769  0.893063  9.676500            0           0           0  
     -0.000031  3.572200  9.676500            0           0           0  
      4.640369  0.893063  9.676500            0           0           0  
      3.093569  3.572200  9.676500            0           0           0  
      1.537717  0.887799 14.838257    -0.001430   -0.003718   -0.006633  
      0.000001  3.572181 14.777911    -0.003495    0.000637    0.000003  
      4.649484  0.887801 14.838246    -0.002663    0.003040    0.008204  
      3.093602  3.582671 14.838257     0.003807    0.000733   -0.001554  
      6.187198  0.000001 17.411768     0.000614   -0.000116   -0.000004  
     -1.546183  2.679494 17.398133     0.001280   -0.001461   -0.000771  
     -0.000001  5.357559 17.398133     0.002904   -0.000089   -0.000189  
      1.546179  2.679495 17.398132     0.000911    0.000630    0.000938  
     -0.000004  1.786780 19.984037    -0.003349   -0.000039    0.001391  
     -1.546209  4.464886 19.984036    -0.000426   -0.001090   -0.007197  
      3.093596  1.786093 19.985921     0.003267   -0.000586    0.000015  
      1.546202  4.464886 19.984037    -0.000963    0.001987    0.005856  
      1.546769  0.893063  5.959750            0           0           0  
     -0.000031  3.572200  5.959750            0           0           0  
      4.640369  0.893063  5.959750            0           0           0  
      3.093569  3.572200  5.959750            0           0           0  
      0.000031  1.786073  8.578000            0           0           0  
     -1.546769  4.465209  8.578000            0           0           0  
      3.093631  1.786073  8.578000            0           0           0  
      1.546831  4.465209  8.578000            0           0           0  
     -0.000001  1.797243 16.121959    -0.017129    0.004632   -0.010831  
     -1.537143  4.459651 16.121962    -0.024237    0.007215    0.057004  
      3.093600  1.786091 16.148331     0.024301   -0.004394   -0.000016  
      1.537142  4.459651 16.121959    -0.022926   -0.000204   -0.046175  
      1.543829  0.891333 18.663159    -0.004643   -0.014042    0.037886  
     -0.000003  3.572183 18.668587    -0.004061    0.000768    0.000014  
      4.643366  0.891333 18.663159    -0.009213    0.011242   -0.046825  
      3.093597  3.575611 18.663159     0.014963    0.002564    0.008905  
      0.000000  0.000000  3.611250            0           0           0  
     -1.546800  2.679136  3.611250            0           0           0  
      3.093600  0.000000  3.611250            0           0           0  
      1.546800  2.679136  3.611250            0           0           0  
      0.000000  0.000000 10.926500            0           0           0  
     -1.546800  2.679136 10.926500            0           0           0  
      3.093600  0.000000 10.926500            0           0           0  
      1.546800  2.679136 10.926500            0           0           0  
     -3.093598  5.358271 13.918005     0.113987   -0.020762   -0.000006  
      4.607839  2.660340 13.875095    -0.011721    0.061800    0.032153  
      3.093598  0.037597 13.875095    -0.090284   -0.004873    0.007543  
      1.579370  2.660332 13.875087     0.006701   -0.039564   -0.039716  
      6.187196  0.000002 20.903618    -0.085300    0.015543   -0.000071  
      4.637541  2.677490 20.900171     0.009648   -0.062602   -0.021226  
      3.093596  0.003299 20.900171     0.089786    0.005394   -0.005002  
      1.549651  2.677490 20.900171    -0.009109    0.040729    0.026173  
      3.093470  1.786163 12.009853     0.024893   -0.004533    0.000002  
 
  35 f  =   13.834278 THz    86.923335 2PiTHz  461.461856 cm-1    57.213953 meV
             X         Y         Z           dx          dy          dz
      0.000031  1.786073  4.861250            0           0           0  
     -1.546769  4.465209  4.861250            0           0           0  
      3.093631  1.786073  4.861250            0           0           0  
      1.546831  4.465209  4.861250            0           0           0  
      0.000000  0.000000  7.269000            0           0           0  
     -1.546800  2.679136  7.269000            0           0           0  
      3.093600  0.000000  7.269000            0           0           0  
      1.546800  2.679136  7.269000            0           0           0  
      1.546769  0.893063  9.676500            0           0           0  
     -0.000031  3.572200  9.676500            0           0           0  
      4.640369  0.893063  9.676500            0           0           0  
      3.093569  3.572200  9.676500            0           0           0  
      1.537717  0.887799 14.838257    -0.002314   -0.001347    0.002078  
      0.000001  3.572181 14.777911    -0.000000   -0.000001   -0.001907  
      4.649484  0.887801 14.838246     0.002321   -0.001351    0.002066  
      3.093602  3.582671 14.838257    -0.000001    0.002683    0.002025  
      6.187198  0.000001 17.411768     0.000004    0.000013    0.002189  
     -1.546183  2.679494 17.398133     0.002628    0.001499   -0.000584  
     -0.000001  5.357559 17.398133    -0.000007   -0.003018   -0.000585  
      1.546179  2.679495 17.398132    -0.002627    0.001491   -0.000584  
     -0.000004  1.786780 19.984037     0.000010    0.000519   -0.004519  
     -1.546209  4.464886 19.984036     0.000472   -0.000229   -0.004532  
      3.093596  1.786093 19.985921    -0.000013   -0.000020    0.011739  
      1.546202  4.464886 19.984037    -0.000466   -0.000239   -0.004537  
      1.546769  0.893063  5.959750            0           0           0  
     -0.000031  3.572200  5.959750            0           0           0  
      4.640369  0.893063  5.959750            0           0           0  
      3.093569  3.572200  5.959750            0           0           0  
      0.000031  1.786073  8.578000            0           0           0  
     -1.546769  4.465209  8.578000            0           0           0  
      3.093631  1.786073  8.578000            0           0           0  
      1.546831  4.465209  8.578000            0           0           0  
     -0.000001  1.797243 16.121959     0.000021   -0.005058    0.011794  
     -1.537143  4.459651 16.121962    -0.004391    0.002614    0.012051  
      3.093600  1.786091 16.148331    -0.000031   -0.000061   -0.038487  
      1.537142  4.459651 16.121959     0.004439    0.002621    0.012155  
      1.543829  0.891333 18.663159    -0.018268   -0.010554   -0.025108  
     -0.000003  3.572183 18.668587    -0.000017    0.000007    0.074611  
      4.643366  0.891333 18.663159     0.018276   -0.010583   -0.025086  
      3.093597  3.575611 18.663159    -0.000012    0.021128   -0.024943  
      0.000000  0.000000  3.611250            0           0           0  
     -1.546800  2.679136  3.611250            0           0           0  
      3.093600  0.000000  3.611250            0           0           0  
      1.546800  2.679136  3.611250            0           0           0  
      0.000000  0.000000 10.926500            0           0           0  
     -1.546800  2.679136 10.926500            0           0           0  
      3.093600  0.000000 10.926500            0           0           0  
      1.546800  2.679136 10.926500            0           0           0  
     -3.093598  5.358271 13.918005    -0.000100   -0.000305    0.028785  
      4.607839  2.660340 13.875095     0.063930    0.037165   -0.016209  
      3.093598  0.037597 13.875095     0.000084   -0.074099   -0.015968  
      1.579370  2.660332 13.875087    -0.063922    0.037258   -0.016136  
      6.187196  0.000002 20.903618     0.000015    0.000184   -0.035187  
      4.637541  2.677490 20.900171    -0.090504   -0.052429    0.013811  
      3.093596  0.003299 20.900171    -0.000060    0.104672    0.013649  
      1.549651  2.677490 20.900171     0.090539   -0.052513    0.013789  
      3.093470  1.786163 12.009853    -0.000011   -0.000081    0.048958  
 
  36 f  =   12.956129 THz    81.405762 2PiTHz  432.169958 cm-1    53.582222 meV
             X         Y         Z           dx          dy          dz
      0.000031  1.786073  4.861250            0           0           0  
     -1.546769  4.465209  4.861250            0           0           0  
      3.093631  1.786073  4.861250            0           0           0  
      1.546831  4.465209  4.861250            0           0           0  
      0.000000  0.000000  7.269000            0           0           0  
     -1.546800  2.679136  7.269000            0           0           0  
      3.093600  0.000000  7.269000            0           0           0  
      1.546800  2.679136  7.269000            0           0           0  
      1.546769  0.893063  9.676500            0           0           0  
     -0.000031  3.572200  9.676500            0           0           0  
      4.640369  0.893063  9.676500            0           0           0  
      3.093569  3.572200  9.676500            0           0           0  
      1.537717  0.887799 14.838257     0.001442   -0.011688    0.006031  
      0.000001  3.572181 14.777911    -0.014543    0.006741    0.000000  
      4.649484  0.887801 14.838246    -0.006295    0.005010   -0.010445  
      3.093602  3.582671 14.838257     0.012037    0.003368    0.004416  
      6.187198  0.000001 17.411768     0.030768   -0.014272   -0.000005  
     -1.546183  2.679494 17.398133    -0.009219    0.027112   -0.001248  
     -0.000001  5.357559 17.398133    -0.031159   -0.004077   -0.000897  
      1.546179  2.679495 17.398132     0.006809   -0.007474    0.002135  
     -0.000004  1.786780 19.984037     0.017094    0.002249    0.005289  
     -1.546209  4.464886 19.984036    -0.003783    0.004111   -0.012440  
      3.093596  1.786093 19.985921    -0.008796    0.004083    0.000018  
      1.546202  4.464886 19.984037     0.005044   -0.014887    0.007213  
      1.546769  0.893063  5.959750            0           0           0  
     -0.000031  3.572200  5.959750            0           0           0  
      4.640369  0.893063  5.959750            0           0           0  
      3.093569  3.572200  5.959750            0           0           0  
      0.000031  1.786073  8.578000            0           0           0  
     -1.546769  4.465209  8.578000            0           0           0  
      3.093631  1.786073  8.578000            0           0           0  
      1.546831  4.465209  8.578000            0           0           0  
     -0.000001  1.797243 16.121959     0.020488   -0.006837    0.026020  
     -1.537143  4.459651 16.121962     0.015003   -0.006358   -0.061578  
      3.093600  1.786091 16.148331    -0.032760    0.015234    0.000017  
      1.537142  4.459651 16.121959     0.017276   -0.011313    0.035526  
      1.543829  0.891333 18.663159     0.009354   -0.015425    0.042348  
     -0.000003  3.572183 18.668587    -0.038179    0.017739    0.000013  
      4.643366  0.891333 18.663159     0.001546    0.001355   -0.073404  
      3.093597  3.575611 18.663159     0.020000   -0.000264    0.031028  
      0.000000  0.000000  3.611250            0           0           0  
     -1.546800  2.679136  3.611250            0           0           0  
      3.093600  0.000000  3.611250            0           0           0  
      1.546800  2.679136  3.611250            0           0           0  
      0.000000  0.000000 10.926500            0           0           0  
     -1.546800  2.679136 10.926500            0           0           0  
      3.093600  0.000000 10.926500            0           0           0  
      1.546800  2.679136 10.926500            0           0           0  
     -3.093598  5.358271 13.918005    -0.046637    0.021635   -0.000006  
      4.607839  2.660340 13.875095     0.020646   -0.054065   -0.026697  
      3.093598  0.037597 13.875095     0.063343    0.006712   -0.019519  
      1.579370  2.660332 13.875087    -0.010604    0.013237    0.046238  
      6.187196  0.000002 20.903618    -0.064412    0.029948   -0.000080  
      4.637541  2.677490 20.900171     0.005613   -0.068364   -0.025385  
      3.093596  0.003299 20.900171     0.068694    0.021488   -0.018607  
      1.549651  2.677490 20.900171    -0.040606    0.031203    0.043903  
      3.093470  1.786163 12.009853    -0.014175    0.006587   -0.000008  
 
  37 f  =   12.955660 THz    81.402815 2PiTHz  432.154311 cm-1    53.580282 meV
             X         Y         Z           dx          dy          dz
      0.000031  1.786073  4.861250            0           0           0  
     -1.546769  4.465209  4.861250            0           0           0  
      3.093631  1.786073  4.861250            0           0           0  
      1.546831  4.465209  4.861250            0           0           0  
      0.000000  0.000000  7.269000            0           0           0  
     -1.546800  2.679136  7.269000            0           0           0  
      3.093600  0.000000  7.269000            0           0           0  
      1.546800  2.679136  7.269000            0           0           0  
      1.546769  0.893063  9.676500            0           0           0  
     -0.000031  3.572200  9.676500            0           0           0  
      4.640369  0.893063  9.676500            0           0           0  
      3.093569  3.572200  9.676500            0           0           0  
      1.537717  0.887799 14.838257     0.009481   -0.003311   -0.008571  
      0.000001  3.572181 14.777911     0.006752    0.014528   -0.000004  
      4.649484  0.887801 14.838246    -0.007214   -0.011059   -0.000928  
      3.093602  3.582671 14.838257    -0.005582    0.007246    0.009507  
      6.187198  0.000001 17.411768    -0.014287   -0.030748    0.000009  
     -1.546183  2.679494 17.398133    -0.016716    0.013110    0.001753  
     -0.000001  5.357559 17.398133     0.014474   -0.008768   -0.001919  
      1.546179  2.679495 17.398132     0.017840    0.029170    0.000184  
     -0.000004  1.786780 19.984037    -0.007928    0.004837    0.011349  
     -1.546209  4.464886 19.984036    -0.009795   -0.016026   -0.001107  
      3.093596  1.786093 19.985921     0.004088    0.008773    0.000006  
      1.546202  4.464886 19.984037     0.009209   -0.007192   -0.010240  
      1.546769  0.893063  5.959750            0           0           0  
     -0.000031  3.572200  5.959750            0           0           0  
      4.640369  0.893063  5.959750            0           0           0  
      3.093569  3.572200  5.959750            0           0           0  
      0.000031  1.786073  8.578000            0           0           0  
     -1.546769  4.465209  8.578000            0           0           0  
      3.093631  1.786073  8.578000            0           0           0  
      1.546831  4.465209  8.578000            0           0           0  
     -0.000001  1.797243 16.121959    -0.009512   -0.014744    0.056053  
     -1.537143  4.459651 16.121962    -0.009964   -0.020155   -0.005479  
      3.093600  1.786091 16.148331     0.015198    0.032777   -0.000024  
      1.537142  4.459651 16.121959    -0.005027   -0.017858   -0.050543  
      1.543829  0.891333 18.663159     0.005867   -0.011223   -0.060308  
     -0.000003  3.572183 18.668587     0.017717    0.038211    0.000037  
      4.643366  0.891333 18.663159    -0.010965   -0.019040   -0.006547  
      3.093597  3.575611 18.663159    -0.009291   -0.000531    0.066836  
      0.000000  0.000000  3.611250            0           0           0  
     -1.546800  2.679136  3.611250            0           0           0  
      3.093600  0.000000  3.611250            0           0           0  
      1.546800  2.679136  3.611250            0           0           0  
      0.000000  0.000000 10.926500            0           0           0  
     -1.546800  2.679136 10.926500            0           0           0  
      3.093600  0.000000 10.926500            0           0           0  
      1.546800  2.679136 10.926500            0           0           0  
     -3.093598  5.358271 13.918005     0.021603    0.046536    0.000011  
      4.607839  2.660340 13.875095     0.031382   -0.028299    0.037963  
      3.093598  0.037597 13.875095    -0.029411    0.014354   -0.042088  
      1.579370  2.660332 13.875087    -0.036039   -0.059517    0.004073  
      6.187196  0.000002 20.903618     0.029924    0.064501   -0.000059  
      4.637541  2.677490 20.900171     0.057857   -0.016840    0.036087  
      3.093596  0.003299 20.900171    -0.031876    0.046361   -0.040007  
      1.549651  2.677490 20.900171    -0.041677   -0.063178    0.003921  
      3.093470  1.786163 12.009853     0.006583    0.014182    0.000048  
 
  38 f  =   12.732722 THz    80.002050 2PiTHz  424.717879 cm-1    52.658282 meV
             X         Y         Z           dx          dy          dz
      0.000031  1.786073  4.861250            0           0           0  
     -1.546769  4.465209  4.861250            0           0           0  
      3.093631  1.786073  4.861250            0           0           0  
      1.546831  4.465209  4.861250            0           0           0  
      0.000000  0.000000  7.269000            0           0           0  
     -1.546800  2.679136  7.269000            0           0           0  
      3.093600  0.000000  7.269000            0           0           0  
      1.546800  2.679136  7.269000            0           0           0  
      1.546769  0.893063  9.676500            0           0           0  
     -0.000031  3.572200  9.676500            0           0           0  
      4.640369  0.893063  9.676500            0           0           0  
      3.093569  3.572200  9.676500            0           0           0  
      1.537717  0.887799 14.838257    -0.016224   -0.009348   -0.005224  
      0.000001  3.572181 14.777911     0.000012   -0.000011    0.005756  
      4.649484  0.887801 14.838246     0.016222   -0.009362   -0.005218  
      3.093602  3.582671 14.838257    -0.000012    0.018731   -0.005222  
      6.187198  0.000001 17.411768    -0.000020    0.000015   -0.007183  
     -1.546183  2.679494 17.398133     0.036120    0.020829    0.003912  
     -0.000001  5.357559 17.398133     0.000018   -0.041692    0.003911  
      1.546179  2.679495 17.398132    -0.036120    0.020851    0.003904  
     -0.000004  1.786780 19.984037    -0.000004    0.014703   -0.003253  
     -1.546209  4.464886 19.984036     0.012739   -0.007347   -0.003247  
      3.093596  1.786093 19.985921    -0.000003   -0.000006    0.008619  
      1.546202  4.464886 19.984037    -0.012734   -0.007349   -0.003252  
      1.546769  0.893063  5.959750            0           0           0  
     -0.000031  3.572200  5.959750            0           0           0  
      4.640369  0.893063  5.959750            0           0           0  
      3.093569  3.572200  5.959750            0           0           0  
      0.000031  1.786073  8.578000            0           0           0  
     -1.546769  4.465209  8.578000            0           0           0  
      3.093631  1.786073  8.578000            0           0           0  
      1.546831  4.465209  8.578000            0           0           0  
     -0.000001  1.797243 16.121959    -0.000000    0.021511   -0.023607  
     -1.537143  4.459651 16.121962     0.018630   -0.010764   -0.023602  
      3.093600  1.786091 16.148331     0.000005   -0.000004    0.077790  
      1.537142  4.459651 16.121959    -0.018613   -0.010756   -0.023622  
      1.543829  0.891333 18.663159    -0.015627   -0.009023   -0.018190  
     -0.000003  3.572183 18.668587     0.000003   -0.000007    0.057139  
      4.643366  0.891333 18.663159     0.015633   -0.009029   -0.018163  
      3.093597  3.575611 18.663159    -0.000016    0.018052   -0.018167  
      0.000000  0.000000  3.611250            0           0           0  
     -1.546800  2.679136  3.611250            0           0           0  
      3.093600  0.000000  3.611250            0           0           0  
      1.546800  2.679136  3.611250            0           0           0  
      0.000000  0.000000 10.926500            0           0           0  
     -1.546800  2.679136 10.926500            0           0           0  
      3.093600  0.000000 10.926500            0           0           0  
      1.546800  2.679136 10.926500            0           0           0  
     -3.093598  5.358271 13.918005    -0.000002   -0.000032   -0.061988  
      4.607839  2.660340 13.875095    -0.056477   -0.032623    0.029036  
      3.093598  0.037597 13.875095    -0.000011    0.065289    0.029052  
      1.579370  2.660332 13.875087     0.056496   -0.032655    0.029025  
      6.187196  0.000002 20.903618     0.000003   -0.000002   -0.054098  
      4.637541  2.677490 20.900171    -0.034808   -0.020128    0.017494  
      3.093596  0.003299 20.900171    -0.000035    0.040248    0.017468  
      1.549651  2.677490 20.900171     0.034854   -0.020124    0.017472  
      3.093470  1.786163 12.009853    -0.000019    0.000018   -0.077087  
 
  39 f  =   12.180953 THz    76.535183 2PiTHz  406.312845 cm-1    50.376350 meV
             X         Y         Z           dx          dy          dz
      0.000031  1.786073  4.861250            0           0           0  
     -1.546769  4.465209  4.861250            0           0           0  
      3.093631  1.786073  4.861250            0           0           0  
      1.546831  4.465209  4.861250            0           0           0  
      0.000000  0.000000  7.269000            0           0           0  
     -1.546800  2.679136  7.269000            0           0           0  
      3.093600  0.000000  7.269000            0           0           0  
      1.546800  2.679136  7.269000            0           0           0  
      1.546769  0.893063  9.676500            0           0           0  
     -0.000031  3.572200  9.676500            0           0           0  
      4.640369  0.893063  9.676500            0           0           0  
      3.093569  3.572200  9.676500            0           0           0  
      1.537717  0.887799 14.838257    -0.001371   -0.002147    0.000265  
      0.000001  3.572181 14.777911    -0.002992   -0.000252   -0.000001  
      4.649484  0.887801 14.838246    -0.000974    0.002385   -0.000240  
      3.093602  3.582671 14.838257     0.002794   -0.000212   -0.000024  
      6.187198  0.000001 17.411768     0.016620    0.001406   -0.000000  
     -1.546183  2.679494 17.398133     0.002180    0.012992   -0.003581  
     -0.000001  5.357559 17.398133    -0.023879    0.000819    0.000327  
      1.546179  2.679495 17.398132    -0.000193   -0.015681    0.003232  
     -0.000004  1.786780 19.984037    -0.004817    0.000981   -0.000033  
     -1.546209  4.464886 19.984036     0.007054   -0.007119   -0.000381  
      3.093596  1.786093 19.985921    -0.022405   -0.001914    0.000006  
      1.546202  4.464886 19.984037     0.008287    0.006997    0.000433  
      1.546769  0.893063  5.959750            0           0           0  
     -0.000031  3.572200  5.959750            0           0           0  
      4.640369  0.893063  5.959750            0           0           0  
      3.093569  3.572200  5.959750            0           0           0  
      0.000031  1.786073  8.578000            0           0           0  
     -1.546769  4.465209  8.578000            0           0           0  
      3.093631  1.786073  8.578000            0           0           0  
      1.546831  4.465209  8.578000            0           0           0  
     -0.000001  1.797243 16.121959    -0.005026    0.000831    0.000189  
     -1.537143  4.459651 16.121962     0.005435   -0.006411    0.001869  
      3.093600  1.786091 16.148331     0.000043    0.000008    0.000024  
      1.537142  4.459651 16.121959     0.006489    0.006175   -0.002086  
      1.543829  0.891333 18.663159     0.020532    0.015015    0.001250  
     -0.000003  3.572183 18.668587    -0.012118   -0.001015    0.000001  
      4.643366  0.891333 18.663159     0.018015   -0.014645   -0.001141  
      3.093597  3.575611 18.663159    -0.006760    0.002402   -0.000128  
      0.000000  0.000000  3.611250            0           0           0  
     -1.546800  2.679136  3.611250            0           0           0  
      3.093600  0.000000  3.611250            0           0           0  
      1.546800  2.679136  3.611250            0           0           0  
      0.000000  0.000000 10.926500            0           0           0  
     -1.546800  2.679136 10.926500            0           0           0  
      3.093600  0.000000 10.926500            0           0           0  
      1.546800  2.679136 10.926500            0           0           0  
     -3.093598  5.358271 13.918005     0.017937    0.001566    0.000026  
      4.607839  2.660340 13.875095    -0.001354    0.003330   -0.019090  
      3.093598  0.037597 13.875095    -0.007893    0.000072    0.001788  
      1.579370  2.660332 13.875087    -0.001894   -0.004376    0.017325  
      6.187196  0.000002 20.903618    -0.125155   -0.010623    0.000049  
      4.637541  2.677490 20.900171     0.109313    0.084481   -0.021877  
      3.093596  0.003299 20.900171    -0.045811    0.012849    0.002023  
      1.549651  2.677490 20.900171     0.094937   -0.083756    0.019784  
      3.093470  1.786163 12.009853    -0.003551   -0.000302   -0.000113  
 
  40 f  =   12.180365 THz    76.531491 2PiTHz  406.293249 cm-1    50.373920 meV
             X         Y         Z           dx          dy          dz
      0.000031  1.786073  4.861250            0           0           0  
     -1.546769  4.465209  4.861250            0           0           0  
      3.093631  1.786073  4.861250            0           0           0  
      1.546831  4.465209  4.861250            0           0           0  
      0.000000  0.000000  7.269000            0           0           0  
     -1.546800  2.679136  7.269000            0           0           0  
      3.093600  0.000000  7.269000            0           0           0  
      1.546800  2.679136  7.269000            0           0           0  
      1.546769  0.893063  9.676500            0           0           0  
     -0.000031  3.572200  9.676500            0           0           0  
      4.640369  0.893063  9.676500            0           0           0  
      3.093569  3.572200  9.676500            0           0           0  
      1.537717  0.887799 14.838257     0.002203   -0.001688   -0.000123  
      0.000001  3.572181 14.777911    -0.000257    0.003014   -0.000000  
      4.649484  0.887801 14.838246    -0.002374   -0.001299   -0.000172  
      3.093602  3.582671 14.838257     0.000245    0.002459    0.000296  
      6.187198  0.000001 17.411768     0.001410   -0.016761   -0.000003  
     -1.546183  2.679494 17.398133    -0.014328    0.016912    0.001692  
     -0.000001  5.357559 17.398133    -0.002018   -0.009332   -0.003968  
      1.546179  2.679495 17.398132     0.014509    0.014479    0.002274  
     -0.000004  1.786780 19.984037    -0.000399   -0.011695    0.000457  
     -1.546209  4.464886 19.984036     0.007787    0.000020   -0.000279  
      3.093596  1.786093 19.985921    -0.001896    0.022421   -0.000004  
      1.546202  4.464886 19.984037    -0.006474    0.001237   -0.000213  
      1.546769  0.893063  5.959750            0           0           0  
     -0.000031  3.572200  5.959750            0           0           0  
      4.640369  0.893063  5.959750            0           0           0  
      3.093569  3.572200  5.959750            0           0           0  
      0.000031  1.786073  8.578000            0           0           0  
     -1.546769  4.465209  8.578000            0           0           0  
      3.093631  1.786073  8.578000            0           0           0  
      1.546831  4.465209  8.578000            0           0           0  
     -0.000001  1.797243 16.121959    -0.000440   -0.009586   -0.002333  
     -1.537143  4.459651 16.121962     0.006842    0.000864    0.001325  
      3.093600  1.786091 16.148331    -0.000025   -0.000070    0.000006  
      1.537142  4.459651 16.121959    -0.005836    0.001939    0.001005  
      1.543829  0.891333 18.663159    -0.013329   -0.000726   -0.000574  
     -0.000003  3.572183 18.668587    -0.001057    0.011997   -0.000005  
      4.643366  0.891333 18.663159     0.016572   -0.003266   -0.000770  
      3.093597  3.575611 18.663159    -0.000584   -0.027888    0.001362  
      0.000000  0.000000  3.611250            0           0           0  
     -1.546800  2.679136  3.611250            0           0           0  
      3.093600  0.000000  3.611250            0           0           0  
      1.546800  2.679136  3.611250            0           0           0  
      0.000000  0.000000 10.926500            0           0           0  
     -1.546800  2.679136 10.926500            0           0           0  
      3.093600  0.000000 10.926500            0           0           0  
      1.546800  2.679136 10.926500            0           0           0  
     -3.093598  5.358271 13.918005     0.001416   -0.017909   -0.000035  
      4.607839  2.660340 13.875095    -0.003953    0.006304    0.009047  
      3.093598  0.037597 13.875095    -0.000753   -0.000697   -0.021141  
      1.579370  2.660332 13.875087     0.003776    0.005667    0.012119  
      6.187196  0.000002 20.903618    -0.010662    0.124878    0.000056  
      4.637541  2.677490 20.900171    -0.076101    0.003358    0.010386  
      3.093596  0.003299 20.900171    -0.003854   -0.150698   -0.024222  
      1.549651  2.677490 20.900171     0.093374   -0.011113    0.013897  
      3.093470  1.786163 12.009853    -0.000287    0.003542   -0.000009  
 
  41 f  =   12.134840 THz    76.245450 2PiTHz  404.774703 cm-1    50.185644 meV
             X         Y         Z           dx          dy          dz
      0.000031  1.786073  4.861250            0           0           0  
     -1.546769  4.465209  4.861250            0           0           0  
      3.093631  1.786073  4.861250            0           0           0  
      1.546831  4.465209  4.861250            0           0           0  
      0.000000  0.000000  7.269000            0           0           0  
     -1.546800  2.679136  7.269000            0           0           0  
      3.093600  0.000000  7.269000            0           0           0  
      1.546800  2.679136  7.269000            0           0           0  
      1.546769  0.893063  9.676500            0           0           0  
     -0.000031  3.572200  9.676500            0           0           0  
      4.640369  0.893063  9.676500            0           0           0  
      3.093569  3.572200  9.676500            0           0           0  
      1.537717  0.887799 14.838257    -0.001989    0.003271    0.000007  
      0.000001  3.572181 14.777911     0.000036    0.000008    0.000004  
      4.649484  0.887801 14.838246    -0.001985   -0.003250    0.000012  
      3.093602  3.582671 14.838257     0.003658    0.000019    0.000006  
      6.187198  0.000001 17.411768    -0.000492   -0.000071   -0.000002  
     -1.546183  2.679494 17.398133     0.001040   -0.002235    0.000092  
     -0.000001  5.357559 17.398133    -0.001739    0.000019   -0.000027  
      1.546179  2.679495 17.398132     0.001202    0.002339   -0.000098  
     -0.000004  1.786780 19.984037    -0.015795    0.000016    0.000024  
     -1.546209  4.464886 19.984036     0.007909    0.013698    0.000026  
      3.093596  1.786093 19.985921     0.000186    0.000052    0.000008  
      1.546202  4.464886 19.984037     0.007952   -0.013661   -0.000006  
      1.546769  0.893063  5.959750            0           0           0  
     -0.000031  3.572200  5.959750            0           0           0  
      4.640369  0.893063  5.959750            0           0           0  
      3.093569  3.572200  5.959750            0           0           0  
      0.000031  1.786073  8.578000            0           0           0  
     -1.546769  4.465209  8.578000            0           0           0  
      3.093631  1.786073  8.578000            0           0           0  
      1.546831  4.465209  8.578000            0           0           0  
     -0.000001  1.797243 16.121959    -0.002972   -0.000010   -0.000013  
     -1.537143  4.459651 16.121962     0.001678    0.002877   -0.000131  
      3.093600  1.786091 16.148331     0.000009   -0.000049    0.000003  
      1.537142  4.459651 16.121959     0.001660   -0.002908    0.000118  
      1.543829  0.891333 18.663159     0.010303   -0.018325    0.000047  
     -0.000003  3.572183 18.668587    -0.000148   -0.000061   -0.000004  
      4.643366  0.891333 18.663159     0.010332    0.018243   -0.000066  
      3.093597  3.575611 18.663159    -0.020871   -0.000046   -0.000012  
      0.000000  0.000000  3.611250            0           0           0  
     -1.546800  2.679136  3.611250            0           0           0  
      3.093600  0.000000  3.611250            0           0           0  
      1.546800  2.679136  3.611250            0           0           0  
      0.000000  0.000000 10.926500            0           0           0  
     -1.546800  2.679136 10.926500            0           0           0  
      3.093600  0.000000 10.926500            0           0           0  
      1.546800  2.679136 10.926500            0           0           0  
     -3.093598  5.358271 13.918005     0.000294   -0.000103    0.000031  
      4.607839  2.660340 13.875095    -0.018735    0.031670    0.000446  
      3.093598  0.037597 13.875095     0.037941    0.000014   -0.000120  
      1.579370  2.660332 13.875087    -0.018712   -0.031716   -0.000351  
      6.187196  0.000002 20.903618    -0.000063   -0.000071   -0.000011  
      4.637541  2.677490 20.900171     0.067099   -0.117693    0.000392  
      3.093596  0.003299 20.900171    -0.134999   -0.000089   -0.000066  
      1.549651  2.677490 20.900171     0.067195    0.117578   -0.000402  
      3.093470  1.786163 12.009853    -0.000043    0.000029   -0.000078  
 
  42 f  =   12.092580 THz    75.979923 2PiTHz  403.365063 cm-1    50.010872 meV
             X         Y         Z           dx          dy          dz
      0.000031  1.786073  4.861250            0           0           0  
     -1.546769  4.465209  4.861250            0           0           0  
      3.093631  1.786073  4.861250            0           0           0  
      1.546831  4.465209  4.861250            0           0           0  
      0.000000  0.000000  7.269000            0           0           0  
     -1.546800  2.679136  7.269000            0           0           0  
      3.093600  0.000000  7.269000            0           0           0  
      1.546800  2.679136  7.269000            0           0           0  
      1.546769  0.893063  9.676500            0           0           0  
     -0.000031  3.572200  9.676500            0           0           0  
      4.640369  0.893063  9.676500            0           0           0  
      3.093569  3.572200  9.676500            0           0           0  
      1.537717  0.887799 14.838257    -0.003320    0.013814    0.000316  
      0.000001  3.572181 14.777911     0.001586   -0.005626   -0.000031  
      4.649484  0.887801 14.838246    -0.005223    0.014350    0.000930  
      3.093602  3.582671 14.838257    -0.003811    0.015697   -0.001270  
      6.187198  0.000001 17.411768    -0.013455    0.047752    0.000047  
     -1.546183  2.679494 17.398133     0.026925   -0.036604   -0.002674  
     -0.000001  5.357559 17.398133     0.012647    0.020620    0.010454  
      1.546179  2.679495 17.398132    -0.029240   -0.020680   -0.007773  
     -0.000004  1.786780 19.984037    -0.001136   -0.004036   -0.000364  
     -1.546209  4.464886 19.984036     0.004083    0.001088    0.000264  
      3.093596  1.786093 19.985921    -0.000117    0.000467   -0.000002  
      1.546202  4.464886 19.984037    -0.002990    0.003128    0.000090  
      1.546769  0.893063  5.959750            0           0           0  
     -0.000031  3.572200  5.959750            0           0           0  
      4.640369  0.893063  5.959750            0           0           0  
      3.093569  3.572200  5.959750            0           0           0  
      0.000031  1.786073  8.578000            0           0           0  
     -1.546769  4.465209  8.578000            0           0           0  
      3.093631  1.786073  8.578000            0           0           0  
      1.546831  4.465209  8.578000            0           0           0  
     -0.000001  1.797243 16.121959     0.008574   -0.008675    0.017859  
     -1.537143  4.459651 16.121962    -0.005304   -0.022359   -0.013341  
      3.093600  1.786091 16.148331     0.000763   -0.002737    0.000123  
      1.537142  4.459651 16.121959     0.013247   -0.027609   -0.004603  
      1.543829  0.891333 18.663159     0.007418   -0.013255   -0.003360  
     -0.000003  3.572183 18.668587    -0.004800    0.017008    0.000116  
      4.643366  0.891333 18.663159    -0.005147   -0.009736   -0.009732  
      3.093597  3.575611 18.663159     0.004304   -0.000370    0.013005  
      0.000000  0.000000  3.611250            0           0           0  
     -1.546800  2.679136  3.611250            0           0           0  
      3.093600  0.000000  3.611250            0           0           0  
      1.546800  2.679136  3.611250            0           0           0  
      0.000000  0.000000 10.926500            0           0           0  
     -1.546800  2.679136 10.926500            0           0           0  
      3.093600  0.000000 10.926500            0           0           0  
      1.546800  2.679136 10.926500            0           0           0  
     -3.093598  5.358271 13.918005     0.017855   -0.063366    0.000187  
      4.607839  2.660340 13.875095     0.063623   -0.075654   -0.010061  
      3.093598  0.037597 13.875095     0.027231    0.068397    0.039154  
      1.579370  2.660332 13.875087    -0.078866   -0.035367   -0.029185  
      6.187196  0.000002 20.903618    -0.019008    0.067512    0.000183  
      4.637541  2.677490 20.900171     0.008148   -0.023557   -0.009509  
      3.093596  0.003299 20.900171     0.007135   -0.017346    0.036801  
      1.549651  2.677490 20.900171     0.002413   -0.022165   -0.027514  
      3.093470  1.786163 12.009853    -0.004010    0.014209   -0.000475  
 
  43 f  =   12.092161 THz    75.977288 2PiTHz  403.351072 cm-1    50.009137 meV
             X         Y         Z           dx          dy          dz
      0.000031  1.786073  4.861250            0           0           0  
     -1.546769  4.465209  4.861250            0           0           0  
      3.093631  1.786073  4.861250            0           0           0  
      1.546831  4.465209  4.861250            0           0           0  
      0.000000  0.000000  7.269000            0           0           0  
     -1.546800  2.679136  7.269000            0           0           0  
      3.093600  0.000000  7.269000            0           0           0  
      1.546800  2.679136  7.269000            0           0           0  
      1.546769  0.893063  9.676500            0           0           0  
     -0.000031  3.572200  9.676500            0           0           0  
      4.640369  0.893063  9.676500            0           0           0  
      3.093569  3.572200  9.676500            0           0           0  
      1.537717  0.887799 14.838257    -0.015432   -0.004943   -0.001269  
      0.000001  3.572181 14.777911     0.005618    0.001591   -0.000005  
      4.649484  0.887801 14.838246    -0.014915   -0.002998    0.000917  
      3.093602  3.582671 14.838257    -0.013551   -0.004418    0.000361  
      6.187198  0.000001 17.411768    -0.047734   -0.013481    0.000007  
     -1.546183  2.679494 17.398133    -0.012171   -0.020225    0.010502  
     -0.000001  5.357559 17.398133     0.044855   -0.005680   -0.002965  
      1.546179  2.679495 17.398132     0.003924    0.036269   -0.007581  
     -0.000004  1.786780 19.984037    -0.004004    0.001126    0.000108  
     -1.546209  4.464886 19.984036     0.000890   -0.004198    0.000260  
      3.093596  1.786093 19.985921    -0.000435   -0.000132    0.000006  
      1.546202  4.464886 19.984037     0.002889    0.003034   -0.000346  
      1.546769  0.893063  5.959750            0           0           0  
     -0.000031  3.572200  5.959750            0           0           0  
      4.640369  0.893063  5.959750            0           0           0  
      3.093569  3.572200  5.959750            0           0           0  
      0.000031  1.786073  8.578000            0           0           0  
     -1.546769  4.465209  8.578000            0           0           0  
      3.093631  1.786073  8.578000            0           0           0  
      1.546831  4.465209  8.578000            0           0           0  
     -0.000001  1.797243 16.121959     0.030446    0.002504   -0.005068  
     -1.537143  4.459651 16.121962     0.016788    0.016354   -0.012992  
      3.093600  1.786091 16.148331     0.002787    0.000753    0.000057  
      1.537142  4.459651 16.121959     0.011458   -0.002328    0.018005  
      1.543829  0.891333 18.663159     0.002199   -0.003034    0.013132  
     -0.000003  3.572183 18.668587    -0.016956   -0.004804    0.000035  
      4.643366  0.891333 18.663159     0.005838    0.009454   -0.009487  
      3.093597  3.575611 18.663159     0.015321    0.000150   -0.003699  
      0.000000  0.000000  3.611250            0           0           0  
     -1.546800  2.679136  3.611250            0           0           0  
      3.093600  0.000000  3.611250            0           0           0  
      1.546800  2.679136  3.611250            0           0           0  
      0.000000  0.000000 10.926500            0           0           0  
     -1.546800  2.679136 10.926500            0           0           0  
      3.093600  0.000000 10.926500            0           0           0  
      1.546800  2.679136 10.926500            0           0           0  
     -3.093598  5.358271 13.918005     0.063493    0.017785    0.000064  
      4.607839  2.660340 13.875095    -0.047135   -0.056082    0.039440  
      3.093598  0.037597 13.875095     0.096523   -0.019097   -0.011062  
      1.579370  2.660332 13.875087    -0.006787    0.087241   -0.028372  
      6.187196  0.000002 20.903618    -0.067137   -0.019028    0.000070  
      4.637541  2.677490 20.900171     0.017602    0.004002    0.037102  
      3.093596  0.003299 20.900171     0.025681    0.004972   -0.010446  
      1.549651  2.677490 20.900171     0.019449    0.008765   -0.026759  
      3.093470  1.786163 12.009853    -0.014241   -0.003995   -0.000235  
 
  44 f  =   12.012567 THz    75.477182 2PiTHz  400.696090 cm-1    49.679961 meV
             X         Y         Z           dx          dy          dz
      0.000031  1.786073  4.861250            0           0           0  
     -1.546769  4.465209  4.861250            0           0           0  
      3.093631  1.786073  4.861250            0           0           0  
      1.546831  4.465209  4.861250            0           0           0  
      0.000000  0.000000  7.269000            0           0           0  
     -1.546800  2.679136  7.269000            0           0           0  
      3.093600  0.000000  7.269000            0           0           0  
      1.546800  2.679136  7.269000            0           0           0  
      1.546769  0.893063  9.676500            0           0           0  
     -0.000031  3.572200  9.676500            0           0           0  
      4.640369  0.893063  9.676500            0           0           0  
      3.093569  3.572200  9.676500            0           0           0  
      1.537717  0.887799 14.838257     0.001246    0.000648   -0.001921  
      0.000001  3.572181 14.777911    -0.000004    0.000012   -0.007540  
      4.649484  0.887801 14.838246    -0.001147    0.000636   -0.001927  
      3.093602  3.582671 14.838257     0.000018   -0.001463   -0.001915  
      6.187198  0.000001 17.411768     0.000095   -0.000126    0.011337  
     -1.546183  2.679494 17.398133    -0.047558   -0.027302   -0.002290  
     -0.000001  5.357559 17.398133    -0.000080    0.054782   -0.002324  
      1.546179  2.679495 17.398132     0.047585   -0.027408   -0.002258  
     -0.000004  1.786780 19.984037     0.000030   -0.001683   -0.000655  
     -1.546209  4.464886 19.984036    -0.001466    0.000841   -0.000656  
      3.093596  1.786093 19.985921     0.000018   -0.000008    0.000399  
      1.546202  4.464886 19.984037     0.001455    0.000822   -0.000653  
      1.546769  0.893063  5.959750            0           0           0  
     -0.000031  3.572200  5.959750            0           0           0  
      4.640369  0.893063  5.959750            0           0           0  
      3.093569  3.572200  5.959750            0           0           0  
      0.000031  1.786073  8.578000            0           0           0  
     -1.546769  4.465209  8.578000            0           0           0  
      3.093631  1.786073  8.578000            0           0           0  
      1.546831  4.465209  8.578000            0           0           0  
     -0.000001  1.797243 16.121959    -0.000084    0.022740   -0.009785  
     -1.537143  4.459651 16.121962     0.019671   -0.011279   -0.009681  
      3.093600  1.786091 16.148331    -0.000034    0.000058    0.039412  
      1.537142  4.459651 16.121959    -0.019741   -0.011256   -0.009750  
      1.543829  0.891333 18.663159    -0.018983   -0.010892   -0.009377  
     -0.000003  3.572183 18.668587     0.000035   -0.000024    0.032367  
      4.643366  0.891333 18.663159     0.018929   -0.010913   -0.009330  
      3.093597  3.575611 18.663159    -0.000039    0.021862   -0.009389  
      0.000000  0.000000  3.611250            0           0           0  
     -1.546800  2.679136  3.611250            0           0           0  
      3.093600  0.000000  3.611250            0           0           0  
      1.546800  2.679136  3.611250            0           0           0  
      0.000000  0.000000 10.926500            0           0           0  
     -1.546800  2.679136 10.926500            0           0           0  
      3.093600  0.000000 10.926500            0           0           0  
      1.546800  2.679136 10.926500            0           0           0  
     -3.093598  5.358271 13.918005    -0.000228    0.000328    0.044062  
      4.607839  2.660340 13.875095    -0.047766   -0.027162   -0.001983  
      3.093598  0.037597 13.875095    -0.000323    0.054735   -0.002090  
      1.579370  2.660332 13.875087     0.048004   -0.027426   -0.001888  
      6.187196  0.000002 20.903618     0.000204   -0.000106    0.047874  
      4.637541  2.677490 20.900171    -0.043461   -0.024920   -0.017486  
      3.093596  0.003299 20.900171     0.000003    0.050011   -0.017577  
      1.549651  2.677490 20.900171     0.043166   -0.024927   -0.017354  
      3.093470  1.786163 12.009853     0.000006   -0.000039   -0.150216  
 
  45 f  =   11.961878 THz    75.158698 2PiTHz  399.005311 cm-1    49.470331 meV
             X         Y         Z           dx          dy          dz
      0.000031  1.786073  4.861250            0           0           0  
     -1.546769  4.465209  4.861250            0           0           0  
      3.093631  1.786073  4.861250            0           0           0  
      1.546831  4.465209  4.861250            0           0           0  
      0.000000  0.000000  7.269000            0           0           0  
     -1.546800  2.679136  7.269000            0           0           0  
      3.093600  0.000000  7.269000            0           0           0  
      1.546800  2.679136  7.269000            0           0           0  
      1.546769  0.893063  9.676500            0           0           0  
     -0.000031  3.572200  9.676500            0           0           0  
      4.640369  0.893063  9.676500            0           0           0  
      3.093569  3.572200  9.676500            0           0           0  
      1.537717  0.887799 14.838257    -0.006497    0.011306   -0.000001  
      0.000001  3.572181 14.777911     0.000008    0.000005   -0.000000  
      4.649484  0.887801 14.838246    -0.006498   -0.011312   -0.000001  
      3.093602  3.582671 14.838257     0.013056    0.000001    0.000002  
      6.187198  0.000001 17.411768     0.000006   -0.000023    0.000002  
     -1.546183  2.679494 17.398133    -0.001725    0.002960   -0.000004  
     -0.000001  5.357559 17.398133     0.003393    0.000010   -0.000009  
      1.546179  2.679495 17.398132    -0.001662   -0.002951    0.000006  
     -0.000004  1.786780 19.984037     0.003813   -0.000004   -0.000005  
     -1.546209  4.464886 19.984036    -0.001915   -0.003315   -0.000002  
      3.093596  1.786093 19.985921    -0.000022    0.000004   -0.000001  
      1.546202  4.464886 19.984037    -0.001911    0.003303   -0.000000  
      1.546769  0.893063  5.959750            0           0           0  
     -0.000031  3.572200  5.959750            0           0           0  
      4.640369  0.893063  5.959750            0           0           0  
      3.093569  3.572200  5.959750            0           0           0  
      0.000031  1.786073  8.578000            0           0           0  
     -1.546769  4.465209  8.578000            0           0           0  
      3.093631  1.786073  8.578000            0           0           0  
      1.546831  4.465209  8.578000            0           0           0  
     -0.000001  1.797243 16.121959     0.025868    0.000016   -0.000017  
     -1.537143  4.459651 16.121962    -0.012962   -0.022442    0.000005  
      3.093600  1.786091 16.148331    -0.000045   -0.000011    0.000015  
      1.537142  4.459651 16.121959    -0.012977    0.022442    0.000002  
      1.543829  0.891333 18.663159    -0.008462    0.014708    0.000005  
     -0.000003  3.572183 18.668587     0.000005    0.000001    0.000014  
      4.643366  0.891333 18.663159    -0.008438   -0.014695   -0.000002  
      3.093597  3.575611 18.663159     0.016976    0.000010   -0.000013  
      0.000000  0.000000  3.611250            0           0           0  
     -1.546800  2.679136  3.611250            0           0           0  
      3.093600  0.000000  3.611250            0           0           0  
      1.546800  2.679136  3.611250            0           0           0  
      0.000000  0.000000 10.926500            0           0           0  
     -1.546800  2.679136 10.926500            0           0           0  
      3.093600  0.000000 10.926500            0           0           0  
      1.546800  2.679136 10.926500            0           0           0  
     -3.093598  5.358271 13.918005    -0.000143   -0.000030    0.000022  
      4.607839  2.660340 13.875095    -0.067733    0.117362   -0.000018  
      3.093598  0.037597 13.875095     0.135346    0.000016   -0.000001  
      1.579370  2.660332 13.875087    -0.067675   -0.117362    0.000011  
      6.187196  0.000002 20.903618    -0.000043    0.000011    0.000020  
      4.637541  2.677490 20.900171    -0.017148    0.029819    0.000006  
      3.093596  0.003299 20.900171     0.034367    0.000007   -0.000013  
      1.549651  2.677490 20.900171    -0.017078   -0.029800    0.000011  
      3.093470  1.786163 12.009853     0.000014   -0.000001   -0.000080  
 
  46 f  =   11.859989 THz    74.518509 2PiTHz  395.606652 cm-1    49.048952 meV
             X         Y         Z           dx          dy          dz
      0.000031  1.786073  4.861250            0           0           0  
     -1.546769  4.465209  4.861250            0           0           0  
      3.093631  1.786073  4.861250            0           0           0  
      1.546831  4.465209  4.861250            0           0           0  
      0.000000  0.000000  7.269000            0           0           0  
     -1.546800  2.679136  7.269000            0           0           0  
      3.093600  0.000000  7.269000            0           0           0  
      1.546800  2.679136  7.269000            0           0           0  
      1.546769  0.893063  9.676500            0           0           0  
     -0.000031  3.572200  9.676500            0           0           0  
      4.640369  0.893063  9.676500            0           0           0  
      3.093569  3.572200  9.676500            0           0           0  
      1.537717  0.887799 14.838257     0.008455    0.010963    0.001369  
      0.000001  3.572181 14.777911     0.000244    0.002644   -0.000005  
      4.649484  0.887801 14.838246    -0.005202    0.009758    0.001008  
      3.093602  3.582671 14.838257     0.000556    0.022209   -0.002382  
      6.187198  0.000001 17.411768    -0.002912   -0.033068    0.000008  
     -1.546183  2.679494 17.398133    -0.019091    0.027905    0.002969  
     -0.000001  5.357559 17.398133     0.003614   -0.004351   -0.005180  
      1.546179  2.679495 17.398132     0.020320    0.031364    0.002183  
     -0.000004  1.786780 19.984037     0.000593    0.009673   -0.000602  
     -1.546209  4.464886 19.984036    -0.000636    0.007125    0.000252  
      3.093596  1.786093 19.985921     0.000259    0.003090    0.000000  
      1.546202  4.464886 19.984037     0.002173    0.007392    0.000349  
      1.546769  0.893063  5.959750            0           0           0  
     -0.000031  3.572200  5.959750            0           0           0  
      4.640369  0.893063  5.959750            0           0           0  
      3.093569  3.572200  5.959750            0           0           0  
      0.000031  1.786073  8.578000            0           0           0  
     -1.546769  4.465209  8.578000            0           0           0  
      3.093631  1.786073  8.578000            0           0           0  
      1.546831  4.465209  8.578000            0           0           0  
     -0.000001  1.797243 16.121959    -0.001000    0.001201   -0.017165  
     -1.537143  4.459651 16.121962    -0.005496   -0.008544    0.007254  
      3.093600  1.786091 16.148331    -0.004903   -0.055304    0.000022  
      1.537142  4.459651 16.121959     0.005156   -0.007595    0.009889  
      1.543829  0.891333 18.663159    -0.000489    0.000096    0.012728  
     -0.000003  3.572183 18.668587    -0.003536   -0.040061    0.000026  
      4.643366  0.891333 18.663159     0.000427    0.000137    0.009334  
      3.093597  3.575611 18.663159     0.000060   -0.000625   -0.022084  
      0.000000  0.000000  3.611250            0           0           0  
     -1.546800  2.679136  3.611250            0           0           0  
      3.093600  0.000000  3.611250            0           0           0  
      1.546800  2.679136  3.611250            0           0           0  
      0.000000  0.000000 10.926500            0           0           0  
     -1.546800  2.679136 10.926500            0           0           0  
      3.093600  0.000000 10.926500            0           0           0  
      1.546800  2.679136 10.926500            0           0           0  
     -3.093598  5.358271 13.918005    -0.013852   -0.156163    0.000057  
      4.607839  2.660340 13.875095     0.047015   -0.015055    0.022140  
      3.093598  0.037597 13.875095    -0.004039    0.057617   -0.038448  
      1.579370  2.660332 13.875087    -0.041263   -0.022794    0.016296  
      6.187196  0.000002 20.903618    -0.007600   -0.086241    0.000045  
      4.637541  2.677490 20.900171    -0.003405    0.007014    0.015083  
      3.093596  0.003299 20.900171     0.000993    0.001075   -0.026194  
      1.549651  2.677490 20.900171     0.003827    0.007417    0.011089  
      3.093470  1.786163 12.009853     0.002259    0.025628   -0.000103  
 
  47 f  =   11.859723 THz    74.516836 2PiTHz  395.597769 cm-1    49.047850 meV
             X         Y         Z           dx          dy          dz
      0.000031  1.786073  4.861250            0           0           0  
     -1.546769  4.465209  4.861250            0           0           0  
      3.093631  1.786073  4.861250            0           0           0  
      1.546831  4.465209  4.861250            0           0           0  
      0.000000  0.000000  7.269000            0           0           0  
     -1.546800  2.679136  7.269000            0           0           0  
      3.093600  0.000000  7.269000            0           0           0  
      1.546800  2.679136  7.269000            0           0           0  
      1.546769  0.893063  9.676500            0           0           0  
     -0.000031  3.572200  9.676500            0           0           0  
      4.640369  0.893063  9.676500            0           0           0  
      3.093569  3.572200  9.676500            0           0           0  
      1.537717  0.887799 14.838257    -0.017628   -0.005898   -0.001962  
      0.000001  3.572181 14.777911    -0.002643    0.000234   -0.000006  
      4.649484  0.887801 14.838246    -0.018851    0.007744    0.002162  
      3.093602  3.582671 14.838257    -0.006394    0.001970   -0.000212  
      6.187198  0.000001 17.411768     0.033150   -0.002924    0.000013  
     -1.546183  2.679494 17.398133    -0.008705    0.022335   -0.004247  
     -0.000001  5.357559 17.398133    -0.041100   -0.000369   -0.000449  
      1.546179  2.679495 17.398132    -0.005187   -0.017100    0.004718  
     -0.000004  1.786780 19.984037    -0.006475    0.000860   -0.000060  
     -1.546209  4.464886 19.984036    -0.008983    0.002047    0.000539  
      3.093596  1.786093 19.985921    -0.003122    0.000289   -0.000006  
      1.546202  4.464886 19.984037    -0.008759   -0.000766   -0.000508  
      1.546769  0.893063  5.959750            0           0           0  
     -0.000031  3.572200  5.959750            0           0           0  
      4.640369  0.893063  5.959750            0           0           0  
      3.093569  3.572200  5.959750            0           0           0  
      0.000031  1.786073  8.578000            0           0           0  
     -1.546769  4.465209  8.578000            0           0           0  
      3.093631  1.786073  8.578000            0           0           0  
      1.546831  4.465209  8.578000            0           0           0  
     -0.000001  1.797243 16.121959     0.011094    0.000113   -0.001517  
     -1.537143  4.459651 16.121962     0.001410    0.004582    0.015649  
      3.093600  1.786091 16.148331     0.055304   -0.004892    0.000023  
      1.537142  4.459651 16.121959     0.002334   -0.006034   -0.014139  
      1.543829  0.891333 18.663159     0.000363    0.000450   -0.018162  
     -0.000003  3.572183 18.668587     0.040095   -0.003532    0.000030  
      4.643366  0.891333 18.663159     0.000468   -0.000463    0.020093  
      3.093597  3.575611 18.663159    -0.000394   -0.000064   -0.001937  
      0.000000  0.000000  3.611250            0           0           0  
     -1.546800  2.679136  3.611250            0           0           0  
      3.093600  0.000000  3.611250            0           0           0  
      1.546800  2.679136  3.611250            0           0           0  
      0.000000  0.000000 10.926500            0           0           0  
     -1.546800  2.679136 10.926500            0           0           0  
      3.093600  0.000000 10.926500            0           0           0  
      1.546800  2.679136 10.926500            0           0           0  
     -3.093598  5.358271 13.918005     0.156112   -0.013858    0.000019  
      4.607839  2.660340 13.875095    -0.028214   -0.045635   -0.031648  
      3.093598  0.037597 13.875095     0.044343    0.005139   -0.003401  
      1.579370  2.660332 13.875087    -0.036026    0.042238    0.035020  
      6.187196  0.000002 20.903618     0.086222   -0.007530    0.000011  
      4.637541  2.677490 20.900171    -0.003298    0.004158   -0.021580  
      3.093596  0.003299 20.900171    -0.009458    0.000048   -0.002325  
      1.549651  2.677490 20.900171    -0.002546   -0.002976    0.023926  
      3.093470  1.786163 12.009853    -0.025603    0.002276   -0.000115  
 
  48 f  =   11.048250 THz    69.418204 2PiTHz  368.529963 cm-1    45.691871 meV
             X         Y         Z           dx          dy          dz
      0.000031  1.786073  4.861250            0           0           0  
     -1.546769  4.465209  4.861250            0           0           0  
      3.093631  1.786073  4.861250            0           0           0  
      1.546831  4.465209  4.861250            0           0           0  
      0.000000  0.000000  7.269000            0           0           0  
     -1.546800  2.679136  7.269000            0           0           0  
      3.093600  0.000000  7.269000            0           0           0  
      1.546800  2.679136  7.269000            0           0           0  
      1.546769  0.893063  9.676500            0           0           0  
     -0.000031  3.572200  9.676500            0           0           0  
      4.640369  0.893063  9.676500            0           0           0  
      3.093569  3.572200  9.676500            0           0           0  
      1.537717  0.887799 14.838257     0.007535   -0.004664   -0.000982  
      0.000001  3.572181 14.777911     0.012448   -0.006798    0.000189  
      4.649484  0.887801 14.838246     0.007244   -0.003891    0.002530  
      3.093602  3.582671 14.838257     0.008059   -0.003855   -0.000889  
      6.187198  0.000001 17.411768     0.016061   -0.008737   -0.000566  
     -1.546183  2.679494 17.398133     0.007704    0.000523    0.000561  
     -0.000001  5.357559 17.398133     0.003509   -0.006347    0.000453  
      1.546179  2.679495 17.398132     0.011628   -0.006598   -0.002610  
     -0.000004  1.786780 19.984037     0.026604   -0.015469   -0.000459  
     -1.546209  4.464886 19.984036     0.028442   -0.015562    0.001575  
      3.093596  1.786093 19.985921     0.027984   -0.015167    0.000192  
      1.546202  4.464886 19.984037     0.027568   -0.013874   -0.000519  
      1.546769  0.893063  5.959750            0           0           0  
     -0.000031  3.572200  5.959750            0           0           0  
      4.640369  0.893063  5.959750            0           0           0  
      3.093569  3.572200  5.959750            0           0           0  
      0.000031  1.786073  8.578000            0           0           0  
     -1.546769  4.465209  8.578000            0           0           0  
      3.093631  1.786073  8.578000            0           0           0  
      1.546831  4.465209  8.578000            0           0           0  
     -0.000001  1.797243 16.121959    -0.012583    0.010826   -0.005034  
     -1.537143  4.459651 16.121962    -0.019785    0.011004    0.010066  
      3.093600  1.786091 16.148331     0.000077   -0.000015   -0.000109  
      1.537142  4.459651 16.121959    -0.016380    0.004703   -0.005471  
      1.543829  0.891333 18.663159    -0.040330    0.023203   -0.005560  
     -0.000003  3.572183 18.668587    -0.031267    0.016964   -0.000122  
      4.643366  0.891333 18.663159    -0.039214    0.021229    0.010200  
      3.093597  3.575611 18.663159    -0.041432    0.021318   -0.005106  
      0.000000  0.000000  3.611250            0           0           0  
     -1.546800  2.679136  3.611250            0           0           0  
      3.093600  0.000000  3.611250            0           0           0  
      1.546800  2.679136  3.611250            0           0           0  
      0.000000  0.000000 10.926500            0           0           0  
     -1.546800  2.679136 10.926500            0           0           0  
      3.093600  0.000000 10.926500            0           0           0  
      1.546800  2.679136 10.926500            0           0           0  
     -3.093598  5.358271 13.918005     0.022898   -0.012435    0.000223  
      4.607839  2.660340 13.875095    -0.034271   -0.005403   -0.005086  
      3.093598  0.037597 13.875095    -0.012814    0.029644   -0.004553  
      1.579370  2.660332 13.875087    -0.053776    0.030650    0.010651  
      6.187196  0.000002 20.903618    -0.078270    0.042498    0.000319  
      4.637541  2.677490 20.900171    -0.080504    0.055432   -0.001488  
      3.093596  0.003299 20.900171    -0.090711    0.038309   -0.001395  
      1.549651  2.677490 20.900171    -0.070847    0.037738    0.003829  
      3.093470  1.786163 12.009853    -0.016067    0.008734    0.000433  
 
  49 f  =   11.047496 THz    69.413462 2PiTHz  368.504786 cm-1    45.688750 meV
             X         Y         Z           dx          dy          dz
      0.000031  1.786073  4.861250            0           0           0  
     -1.546769  4.465209  4.861250            0           0           0  
      3.093631  1.786073  4.861250            0           0           0  
      1.546831  4.465209  4.861250            0           0           0  
      0.000000  0.000000  7.269000            0           0           0  
     -1.546800  2.679136  7.269000            0           0           0  
      3.093600  0.000000  7.269000            0           0           0  
      1.546800  2.679136  7.269000            0           0           0  
      1.546769  0.893063  9.676500            0           0           0  
     -0.000031  3.572200  9.676500            0           0           0  
      4.640369  0.893063  9.676500            0           0           0  
      3.093569  3.572200  9.676500            0           0           0  
      1.537717  0.887799 14.838257    -0.003670   -0.007635    0.002015  
      0.000001  3.572181 14.777911    -0.006771   -0.012513    0.000035  
      4.649484  0.887801 14.838246    -0.004383   -0.008062    0.000103  
      3.093602  3.582671 14.838257    -0.004393   -0.007195   -0.001999  
      6.187198  0.000001 17.411768    -0.008719   -0.016059   -0.000109  
     -1.546183  2.679494 17.398133    -0.008820   -0.007522   -0.001868  
     -0.000001  5.357559 17.398133    -0.001918   -0.011710    0.001713  
      1.546179  2.679495 17.398132    -0.001686   -0.003656   -0.000154  
     -0.000004  1.786780 19.984037    -0.014468   -0.028470   -0.001175  
     -1.546209  4.464886 19.984036    -0.014387   -0.026624    0.000072  
      3.093596  1.786093 19.985921    -0.015185   -0.027921    0.000033  
      1.546202  4.464886 19.984037    -0.016035   -0.027561    0.001218  
      1.546769  0.893063  5.959750            0           0           0  
     -0.000031  3.572200  5.959750            0           0           0  
      4.640369  0.893063  5.959750            0           0           0  
      3.093569  3.572200  5.959750            0           0           0  
      0.000031  1.786073  8.578000            0           0           0  
     -1.546769  4.465209  8.578000            0           0           0  
      3.093631  1.786073  8.578000            0           0           0  
      1.546831  4.465209  8.578000            0           0           0  
     -0.000001  1.797243 16.121959     0.006847    0.019921   -0.008993  
     -1.537143  4.459651 16.121962     0.006697    0.012761    0.000237  
      3.093600  1.786091 16.148331    -0.000030    0.000002   -0.000027  
      1.537142  4.459651 16.121959     0.012984    0.016179    0.008679  
      1.543829  0.891333 18.663159     0.020624    0.040335    0.008796  
     -0.000003  3.572183 18.668587     0.016978    0.031239   -0.000012  
      4.643366  0.891333 18.663159     0.022583    0.041433    0.000231  
      3.093597  3.575611 18.663159     0.022497    0.039186   -0.009116  
      0.000000  0.000000  3.611250            0           0           0  
     -1.546800  2.679136  3.611250            0           0           0  
      3.093600  0.000000  3.611250            0           0           0  
      1.546800  2.679136  3.611250            0           0           0  
      0.000000  0.000000 10.926500            0           0           0  
     -1.546800  2.679136 10.926500            0           0           0  
      3.093600  0.000000 10.926500            0           0           0  
      1.546800  2.679136 10.926500            0           0           0  
     -3.093598  5.358271 13.918005    -0.012421   -0.022823    0.000058  
      4.607839  2.660340 13.875095     0.042010    0.033109    0.008848  
      3.093598  0.037597 13.875095     0.006994    0.054571   -0.008956  
      1.579370  2.660332 13.875087     0.005928    0.013493    0.000292  
      6.187196  0.000002 20.903618     0.042541    0.078312    0.000031  
      4.637541  2.677490 20.900171     0.032271    0.080802    0.003080  
      3.093596  0.003299 20.900171     0.049211    0.070422   -0.003039  
      1.549651  2.677490 20.900171     0.049978    0.090634    0.000195  
      3.093470  1.786163 12.009853     0.008734    0.016089    0.000145  
 
  50 f  =   11.038313 THz    69.355765 2PiTHz  368.198482 cm-1    45.650773 meV
             X         Y         Z           dx          dy          dz
      0.000031  1.786073  4.861250            0           0           0  
     -1.546769  4.465209  4.861250            0           0           0  
      3.093631  1.786073  4.861250            0           0           0  
      1.546831  4.465209  4.861250            0           0           0  
      0.000000  0.000000  7.269000            0           0           0  
     -1.546800  2.679136  7.269000            0           0           0  
      3.093600  0.000000  7.269000            0           0           0  
      1.546800  2.679136  7.269000            0           0           0  
      1.546769  0.893063  9.676500            0           0           0  
     -0.000031  3.572200  9.676500            0           0           0  
      4.640369  0.893063  9.676500            0           0           0  
      3.093569  3.572200  9.676500            0           0           0  
      1.537717  0.887799 14.838257     0.005449    0.003049   -0.022912  
      0.000001  3.572181 14.777911     0.000091   -0.000107   -0.019736  
      4.649484  0.887801 14.838246    -0.005318    0.003077   -0.022886  
      3.093602  3.582671 14.838257     0.000094   -0.006286   -0.022918  
      6.187198  0.000001 17.411768     0.000125   -0.000137    0.060344  
     -1.546183  2.679494 17.398133     0.003820    0.002183    0.056337  
     -0.000001  5.357559 17.398133     0.000039   -0.004454    0.056380  
      1.546179  2.679495 17.398132    -0.003655    0.002134    0.056307  
     -0.000004  1.786780 19.984037     0.000206   -0.000741   -0.020989  
     -1.546209  4.464886 19.984036    -0.000220    0.000076   -0.020979  
      3.093596  1.786093 19.985921     0.000246   -0.000202   -0.019744  
      1.546202  4.464886 19.984037     0.000700    0.000108   -0.020994  
      1.546769  0.893063  5.959750            0           0           0  
     -0.000031  3.572200  5.959750            0           0           0  
      4.640369  0.893063  5.959750            0           0           0  
      3.093569  3.572200  5.959750            0           0           0  
      0.000031  1.786073  8.578000            0           0           0  
     -1.546769  4.465209  8.578000            0           0           0  
      3.093631  1.786073  8.578000            0           0           0  
      1.546831  4.465209  8.578000            0           0           0  
     -0.000001  1.797243 16.121959    -0.000116   -0.000842    0.015233  
     -1.537143  4.459651 16.121962    -0.001034    0.000632    0.015398  
      3.093600  1.786091 16.148331    -0.000009   -0.000008    0.010518  
      1.537142  4.459651 16.121959     0.000717    0.000586    0.015285  
      1.543829  0.891333 18.663159     0.001375    0.001277    0.016289  
     -0.000003  3.572183 18.668587    -0.000278    0.000195    0.012439  
      4.643366  0.891333 18.663159    -0.002021    0.001273    0.016402  
      3.093597  3.575611 18.663159    -0.000330   -0.001710    0.016241  
      0.000000  0.000000  3.611250            0           0           0  
     -1.546800  2.679136  3.611250            0           0           0  
      3.093600  0.000000  3.611250            0           0           0  
      1.546800  2.679136  3.611250            0           0           0  
      0.000000  0.000000 10.926500            0           0           0  
     -1.546800  2.679136 10.926500            0           0           0  
      3.093600  0.000000 10.926500            0           0           0  
      1.546800  2.679136 10.926500            0           0           0  
     -3.093598  5.358271 13.918005     0.000177   -0.000155   -0.025541  
      4.607839  2.660340 13.875095     0.004344    0.002708   -0.036525  
      3.093598  0.037597 13.875095    -0.000112   -0.004945   -0.036497  
      1.579370  2.660332 13.875087    -0.005134    0.003007   -0.036353  
      6.187196  0.000002 20.903618    -0.000708    0.000524   -0.035028  
      4.637541  2.677490 20.900171     0.001868    0.002110   -0.034116  
      3.093596  0.003299 20.900171    -0.000756   -0.002446   -0.034127  
      1.549651  2.677490 20.900171    -0.003084    0.002003   -0.034114  
      3.093470  1.786163 12.009853    -0.000151    0.000115   -0.045393  
 
  51 f  =   10.460460 THz    65.725007 2PiTHz  348.923378 cm-1    43.260966 meV
             X         Y         Z           dx          dy          dz
      0.000031  1.786073  4.861250            0           0           0  
     -1.546769  4.465209  4.861250            0           0           0  
      3.093631  1.786073  4.861250            0           0           0  
      1.546831  4.465209  4.861250            0           0           0  
      0.000000  0.000000  7.269000            0           0           0  
     -1.546800  2.679136  7.269000            0           0           0  
      3.093600  0.000000  7.269000            0           0           0  
      1.546800  2.679136  7.269000            0           0           0  
      1.546769  0.893063  9.676500            0           0           0  
     -0.000031  3.572200  9.676500            0           0           0  
      4.640369  0.893063  9.676500            0           0           0  
      3.093569  3.572200  9.676500            0           0           0  
      1.537717  0.887799 14.838257     0.036468    0.021303    0.001172  
      0.000001  3.572181 14.777911     0.004323    0.002204   -0.010861  
      4.649484  0.887801 14.838246    -0.035184    0.016780    0.001260  
      3.093602  3.582671 14.838257    -0.003281   -0.039052    0.001255  
      6.187198  0.000001 17.411768     0.000834    0.000437   -0.006484  
     -1.546183  2.679494 17.398133     0.011247    0.006521   -0.007605  
     -0.000001  5.357559 17.398133    -0.000557   -0.012288   -0.007822  
      1.546179  2.679495 17.398132    -0.010870    0.005662   -0.007829  
     -0.000004  1.786780 19.984037     0.002612    0.026345    0.002193  
     -1.546209  4.464886 19.984036     0.023924   -0.011003    0.002166  
      3.093596  1.786093 19.985921    -0.003068   -0.001532    0.004327  
      1.546202  4.464886 19.984037    -0.024407   -0.014310    0.002586  
      1.546769  0.893063  5.959750            0           0           0  
     -0.000031  3.572200  5.959750            0           0           0  
      4.640369  0.893063  5.959750            0           0           0  
      3.093569  3.572200  5.959750            0           0           0  
      0.000031  1.786073  8.578000            0           0           0  
     -1.546769  4.465209  8.578000            0           0           0  
      3.093631  1.786073  8.578000            0           0           0  
      1.546831  4.465209  8.578000            0           0           0  
     -0.000001  1.797243 16.121959     0.000875    0.005203    0.008650  
     -1.537143  4.459651 16.121962     0.004761   -0.001811    0.008701  
      3.093600  1.786091 16.148331    -0.002125   -0.001091   -0.018778  
      1.537142  4.459651 16.121959    -0.007145   -0.004203    0.007982  
      1.543829  0.891333 18.663159     0.014793    0.008613    0.000226  
     -0.000003  3.572183 18.668587     0.001541    0.000778   -0.001877  
      4.643366  0.891333 18.663159    -0.014258    0.007435   -0.001440  
      3.093597  3.575611 18.663159    -0.000759   -0.016120   -0.001350  
      0.000000  0.000000  3.611250            0           0           0  
     -1.546800  2.679136  3.611250            0           0           0  
      3.093600  0.000000  3.611250            0           0           0  
      1.546800  2.679136  3.611250            0           0           0  
      0.000000  0.000000 10.926500            0           0           0  
     -1.546800  2.679136 10.926500            0           0           0  
      3.093600  0.000000 10.926500            0           0           0  
      1.546800  2.679136 10.926500            0           0           0  
     -3.093598  5.358271 13.918005    -0.001975   -0.001018    0.084049  
      4.607839  2.660340 13.875095     0.012334    0.007090    0.002767  
      3.093598  0.037597 13.875095    -0.000093   -0.020105   -0.008642  
      1.579370  2.660332 13.875087    -0.017692    0.010088   -0.009420  
      6.187196  0.000002 20.903618     0.001768    0.000910   -0.067978  
      4.637541  2.677490 20.900171     0.015307    0.008860    0.019662  
      3.093596  0.003299 20.900171     0.000084   -0.016341    0.029290  
      1.549651  2.677490 20.900171    -0.014030    0.008248    0.029964  
      3.093470  1.786163 12.009853    -0.000357   -0.000107   -0.240727  
 
  52 f  =   10.459245 THz    65.717376 2PiTHz  348.882867 cm-1    43.255943 meV
             X         Y         Z           dx          dy          dz
      0.000031  1.786073  4.861250            0           0           0  
     -1.546769  4.465209  4.861250            0           0           0  
      3.093631  1.786073  4.861250            0           0           0  
      1.546831  4.465209  4.861250            0           0           0  
      0.000000  0.000000  7.269000            0           0           0  
     -1.546800  2.679136  7.269000            0           0           0  
      3.093600  0.000000  7.269000            0           0           0  
      1.546800  2.679136  7.269000            0           0           0  
      1.546769  0.893063  9.676500            0           0           0  
     -0.000031  3.572200  9.676500            0           0           0  
      4.640369  0.893063  9.676500            0           0           0  
      3.093569  3.572200  9.676500            0           0           0  
      1.537717  0.887799 14.838257     0.000602    0.032605   -0.000472  
      0.000001  3.572181 14.777911     0.056201   -0.009088    0.000749  
      4.649484  0.887801 14.838246     0.014985   -0.026777    0.000370  
      3.093602  3.582671 14.838257    -0.043619   -0.001273   -0.000168  
      6.187198  0.000001 17.411768     0.011113   -0.001789    0.000458  
     -1.546183  2.679494 17.398133     0.000676    0.006061    0.002094  
     -0.000001  5.357559 17.398133    -0.007664   -0.000047    0.000874  
      1.546179  2.679495 17.398132     0.004052   -0.005533   -0.001307  
     -0.000004  1.786780 19.984037     0.034100    0.000654    0.000351  
     -1.546209  4.464886 19.984036    -0.008060    0.018856   -0.003156  
      3.093596  1.786093 19.985921    -0.039590    0.006404   -0.000300  
      1.546202  4.464886 19.984037     0.002046   -0.024054    0.002324  
      1.546769  0.893063  5.959750            0           0           0  
     -0.000031  3.572200  5.959750            0           0           0  
      4.640369  0.893063  5.959750            0           0           0  
      3.093569  3.572200  5.959750            0           0           0  
      0.000031  1.786073  8.578000            0           0           0  
     -1.546769  4.465209  8.578000            0           0           0  
      3.093631  1.786073  8.578000            0           0           0  
      1.546831  4.465209  8.578000            0           0           0  
     -0.000001  1.797243 16.121959     0.011966    0.003444   -0.001481  
     -1.537143  4.459651 16.121962    -0.017829    0.015270    0.004676  
      3.093600  1.786091 16.148331    -0.027276    0.004406    0.001296  
      1.537142  4.459651 16.121959    -0.012061   -0.015847   -0.004937  
      1.543829  0.891333 18.663159     0.001033    0.008073    0.009756  
     -0.000003  3.572183 18.668587     0.019878   -0.003213    0.000134  
      4.643366  0.891333 18.663159     0.005476   -0.007355   -0.011629  
      3.093597  3.575611 18.663159    -0.010131   -0.000135    0.002053  
      0.000000  0.000000  3.611250            0           0           0  
     -1.546800  2.679136  3.611250            0           0           0  
      3.093600  0.000000  3.611250            0           0           0  
      1.546800  2.679136  3.611250            0           0           0  
      0.000000  0.000000 10.926500            0           0           0  
     -1.546800  2.679136 10.926500            0           0           0  
      3.093600  0.000000 10.926500            0           0           0  
      1.546800  2.679136 10.926500            0           0           0  
     -3.093598  5.358271 13.918005    -0.024878    0.004030   -0.005774  
      4.607839  2.660340 13.875095    -0.030850   -0.017884    0.072833  
      3.093598  0.037597 13.875095     0.000099    0.008307    0.015272  
      1.579370  2.660332 13.875087    -0.034767    0.020095   -0.087136  
      6.187196  0.000002 20.903618     0.022725   -0.003666    0.004608  
      4.637541  2.677490 20.900171     0.005987    0.003031   -0.062645  
      3.093596  0.003299 20.900171     0.000419   -0.000481   -0.014345  
      1.549651  2.677490 20.900171     0.009301   -0.005089    0.071557  
      3.093470  1.786163 12.009853    -0.002717    0.000423    0.016726  
 
  53 f  =   10.458770 THz    65.714391 2PiTHz  348.867018 cm-1    43.253978 meV
             X         Y         Z           dx          dy          dz
      0.000031  1.786073  4.861250            0           0           0  
     -1.546769  4.465209  4.861250            0           0           0  
      3.093631  1.786073  4.861250            0           0           0  
      1.546831  4.465209  4.861250            0           0           0  
      0.000000  0.000000  7.269000            0           0           0  
     -1.546800  2.679136  7.269000            0           0           0  
      3.093600  0.000000  7.269000            0           0           0  
      1.546800  2.679136  7.269000            0           0           0  
      1.546769  0.893063  9.676500            0           0           0  
     -0.000031  3.572200  9.676500            0           0           0  
      4.640369  0.893063  9.676500            0           0           0  
      3.093569  3.572200  9.676500            0           0           0  
      1.537717  0.887799 14.838257    -0.029252    0.022909    0.000355  
      0.000001  3.572181 14.777911    -0.008905   -0.056261   -0.000535  
      4.649484  0.887801 14.838246     0.026800    0.032332    0.000230  
      3.093602  3.582671 14.838257     0.006930   -0.026935   -0.000395  
      6.187198  0.000001 17.411768    -0.001771   -0.011126   -0.000341  
     -1.546183  2.679494 17.398133    -0.005650    0.003768   -0.001668  
     -0.000001  5.357559 17.398133     0.001231   -0.006332    0.001597  
      1.546179  2.679495 17.398132     0.004898    0.005620   -0.001120  
     -0.000004  1.786780 19.984037    -0.005406    0.016766    0.003305  
     -1.546209  4.464886 19.984036    -0.019839   -0.025817   -0.001034  
      3.093596  1.786093 19.985921     0.006265    0.039647    0.000228  
      1.546202  4.464886 19.984037     0.020779   -0.019015   -0.001913  
      1.546769  0.893063  5.959750            0           0           0  
     -0.000031  3.572200  5.959750            0           0           0  
      4.640369  0.893063  5.959750            0           0           0  
      3.093569  3.572200  5.959750            0           0           0  
      0.000031  1.786073  8.578000            0           0           0  
     -1.546769  4.465209  8.578000            0           0           0  
      3.093631  1.786073  8.578000            0           0           0  
      1.546831  4.465209  8.578000            0           0           0  
     -0.000001  1.797243 16.121959    -0.001906    0.024235   -0.005161  
     -1.537143  4.459651 16.121962    -0.012979   -0.005735    0.002444  
      3.093600  1.786091 16.148331     0.004316    0.027261   -0.000930  
      1.537142  4.459651 16.121959     0.017696   -0.000806    0.003972  
      1.543829  0.891333 18.663159    -0.007560    0.004843   -0.007921  
     -0.000003  3.572183 18.668587    -0.003144   -0.019913   -0.000095  
      4.643366  0.891333 18.663159     0.006542    0.007288   -0.004532  
      3.093597  3.575611 18.663159     0.001611   -0.008586    0.012311  
      0.000000  0.000000  3.611250            0           0           0  
     -1.546800  2.679136  3.611250            0           0           0  
      3.093600  0.000000  3.611250            0           0           0  
      1.546800  2.679136  3.611250            0           0           0  
      0.000000  0.000000 10.926500            0           0           0  
     -1.546800  2.679136 10.926500            0           0           0  
      3.093600  0.000000 10.926500            0           0           0  
      1.546800  2.679136 10.926500            0           0           0  
     -3.093598  5.358271 13.918005     0.003924    0.024861    0.004234  
      4.607839  2.660340 13.875095     0.024896    0.014169   -0.059253  
      3.093598  0.037597 13.875095    -0.000045    0.042626    0.092386  
      1.579370  2.660332 13.875087    -0.014572    0.008180   -0.033882  
      6.187196  0.000002 20.903618    -0.003585   -0.022828   -0.003328  
      4.637541  2.677490 20.900171    -0.004566   -0.003108    0.050733  
      3.093596  0.003299 20.900171    -0.000051   -0.010840   -0.076296  
      1.549651  2.677490 20.900171     0.002186   -0.001836    0.029455  
      3.093470  1.786163 12.009853     0.000414    0.002610   -0.012005  
 
  54 f  =   10.318412 THz    64.832495 2PiTHz  344.185177 cm-1    42.673504 meV
             X         Y         Z           dx          dy          dz
      0.000031  1.786073  4.861250            0           0           0  
     -1.546769  4.465209  4.861250            0           0           0  
      3.093631  1.786073  4.861250            0           0           0  
      1.546831  4.465209  4.861250            0           0           0  
      0.000000  0.000000  7.269000            0           0           0  
     -1.546800  2.679136  7.269000            0           0           0  
      3.093600  0.000000  7.269000            0           0           0  
      1.546800  2.679136  7.269000            0           0           0  
      1.546769  0.893063  9.676500            0           0           0  
     -0.000031  3.572200  9.676500            0           0           0  
      4.640369  0.893063  9.676500            0           0           0  
      3.093569  3.572200  9.676500            0           0           0  
      1.537717  0.887799 14.838257    -0.028781    0.025783    0.004903  
      0.000001  3.572181 14.777911    -0.009921    0.004213   -0.000016  
      4.649484  0.887801 14.838246    -0.020123    0.004976   -0.008055  
      3.093602  3.582671 14.838257    -0.042467    0.007746    0.003148  
      6.187198  0.000001 17.411768     0.006554   -0.002758    0.000004  
     -1.546183  2.679494 17.398133    -0.006131    0.011106    0.006236  
     -0.000001  5.357559 17.398133    -0.014666   -0.000157    0.004006  
      1.546179  2.679495 17.398132    -0.000664   -0.001916   -0.010210  
     -0.000004  1.786780 19.984037     0.008751   -0.003948    0.000713  
     -1.546209  4.464886 19.984036     0.009454   -0.004125   -0.001832  
      3.093596  1.786093 19.985921     0.009979   -0.004208    0.000004  
      1.546202  4.464886 19.984037     0.009091   -0.003430    0.001122  
      1.546769  0.893063  5.959750            0           0           0  
     -0.000031  3.572200  5.959750            0           0           0  
      4.640369  0.893063  5.959750            0           0           0  
      3.093569  3.572200  5.959750            0           0           0  
      0.000031  1.786073  8.578000            0           0           0  
     -1.546769  4.465209  8.578000            0           0           0  
      3.093631  1.786073  8.578000            0           0           0  
      1.546831  4.465209  8.578000            0           0           0  
     -0.000001  1.797243 16.121959     0.026999   -0.012510   -0.002806  
     -1.537143  4.459651 16.121962     0.029490   -0.012812    0.007185  
      3.093600  1.786091 16.148331     0.017206   -0.007268   -0.000015  
      1.537142  4.459651 16.121959     0.028439   -0.010470   -0.004362  
      1.543829  0.891333 18.663159    -0.012323    0.009295   -0.004559  
     -0.000003  3.572183 18.668587    -0.009765    0.004109    0.000005  
      4.643366  0.891333 18.663159    -0.009736    0.003048    0.007515  
      3.093597  3.575611 18.663159    -0.016392    0.003879   -0.002959  
      0.000000  0.000000  3.611250            0           0           0  
     -1.546800  2.679136  3.611250            0           0           0  
      3.093600  0.000000  3.611250            0           0           0  
      1.546800  2.679136  3.611250            0           0           0  
      0.000000  0.000000 10.926500            0           0           0  
     -1.546800  2.679136 10.926500            0           0           0  
      3.093600  0.000000 10.926500            0           0           0  
      1.546800  2.679136 10.926500            0           0           0  
     -3.093598  5.358271 13.918005     0.030986   -0.013094    0.000090  
      4.607839  2.660340 13.875095     0.097601   -0.002449    0.026403  
      3.093598  0.037597 13.875095     0.058877   -0.053641    0.016892  
      1.579370  2.660332 13.875087     0.122572   -0.061590   -0.043418  
      6.187196  0.000002 20.903618    -0.026700    0.011239   -0.000108  
      4.637541  2.677490 20.900171    -0.032686    0.021113   -0.003315  
      3.093596  0.003299 20.900171    -0.039843    0.011392   -0.002100  
      1.549651  2.677490 20.900171    -0.028000    0.009881    0.005457  
      3.093470  1.786163 12.009853     0.041385   -0.017460   -0.000065  
 
  55 f  =   10.317877 THz    64.829136 2PiTHz  344.167344 cm-1    42.671293 meV
             X         Y         Z           dx          dy          dz
      0.000031  1.786073  4.861250            0           0           0  
     -1.546769  4.465209  4.861250            0           0           0  
      3.093631  1.786073  4.861250            0           0           0  
      1.546831  4.465209  4.861250            0           0           0  
      0.000000  0.000000  7.269000            0           0           0  
     -1.546800  2.679136  7.269000            0           0           0  
      3.093600  0.000000  7.269000            0           0           0  
      1.546800  2.679136  7.269000            0           0           0  
      1.546769  0.893063  9.676500            0           0           0  
     -0.000031  3.572200  9.676500            0           0           0  
      4.640369  0.893063  9.676500            0           0           0  
      3.093569  3.572200  9.676500            0           0           0  
      1.537717  0.887799 14.838257    -0.000108    0.031980   -0.006465  
      0.000001  3.572181 14.777911     0.004175    0.010007    0.000023  
      4.649484  0.887801 14.838246     0.020714    0.040756   -0.001002  
      3.093602  3.582671 14.838257     0.017906    0.018551    0.007489  
      6.187198  0.000001 17.411768    -0.002771   -0.006558   -0.000012  
     -1.546183  2.679494 17.398133    -0.005177    0.008082   -0.008178  
     -0.000001  5.357559 17.398133     0.006188   -0.000260    0.009526  
      1.546179  2.679495 17.398132     0.008032    0.013583   -0.001242  
     -0.000004  1.786780 19.984037    -0.003693   -0.009431    0.001689  
     -1.546209  4.464886 19.984036    -0.003454   -0.008793   -0.000226  
      3.093596  1.786093 19.985921    -0.004210   -0.010076   -0.000033  
      1.546202  4.464886 19.984037    -0.004386   -0.009093   -0.001466  
      1.546769  0.893063  5.959750            0           0           0  
     -0.000031  3.572200  5.959750            0           0           0  
      4.640369  0.893063  5.959750            0           0           0  
      3.093569  3.572200  5.959750            0           0           0  
      0.000031  1.786073  8.578000            0           0           0  
     -1.546769  4.465209  8.578000            0           0           0  
      3.093631  1.786073  8.578000            0           0           0  
      1.546831  4.465209  8.578000            0           0           0  
     -0.000001  1.797243 16.121959    -0.011372   -0.029681   -0.006694  
     -1.537143  4.459651 16.121962    -0.010963   -0.027086    0.000867  
      3.093600  1.786091 16.148331    -0.007252   -0.017231    0.000044  
      1.537142  4.459651 16.121959    -0.013440   -0.028079    0.005744  
      1.543829  0.891333 18.663159     0.001585    0.013326    0.006055  
     -0.000003  3.572183 18.668587     0.004122    0.009810    0.000047  
      4.643366  0.891333 18.663159     0.007732    0.015965    0.000951  
      3.093597  3.575611 18.663159     0.006923    0.009263   -0.007042  
      0.000000  0.000000  3.611250            0           0           0  
     -1.546800  2.679136  3.611250            0           0           0  
      3.093600  0.000000  3.611250            0           0           0  
      1.546800  2.679136  3.611250            0           0           0  
      0.000000  0.000000 10.926500            0           0           0  
     -1.546800  2.679136 10.926500            0           0           0  
      3.093600  0.000000 10.926500            0           0           0  
      1.546800  2.679136 10.926500            0           0           0  
     -3.093598  5.358271 13.918005    -0.013063   -0.031046   -0.000116  
      4.607839  2.660340 13.875095    -0.076125   -0.088460   -0.034828  
      3.093598  0.037597 13.875095    -0.024813   -0.127102    0.040071  
      1.579370  2.660332 13.875087    -0.016657   -0.063503   -0.005416  
      6.187196  0.000002 20.903618     0.011283    0.026811   -0.000190  
      4.637541  2.677490 20.900171     0.007193    0.034411    0.004360  
      3.093596  0.003299 20.900171     0.016833    0.027142   -0.004846  
      1.549651  2.677490 20.900171     0.018429    0.039191    0.000654  
      3.093470  1.786163 12.009853    -0.017436   -0.041391    0.001025  
 
  56 f  =   10.227612 THz    64.261980 2PiTHz  341.156408 cm-1    42.297985 meV
             X         Y         Z           dx          dy          dz
      0.000031  1.786073  4.861250            0           0           0  
     -1.546769  4.465209  4.861250            0           0           0  
      3.093631  1.786073  4.861250            0           0           0  
      1.546831  4.465209  4.861250            0           0           0  
      0.000000  0.000000  7.269000            0           0           0  
     -1.546800  2.679136  7.269000            0           0           0  
      3.093600  0.000000  7.269000            0           0           0  
      1.546800  2.679136  7.269000            0           0           0  
      1.546769  0.893063  9.676500            0           0           0  
     -0.000031  3.572200  9.676500            0           0           0  
      4.640369  0.893063  9.676500            0           0           0  
      3.093569  3.572200  9.676500            0           0           0  
      1.537717  0.887799 14.838257    -0.007633   -0.004270   -0.002110  
      0.000001  3.572181 14.777911     0.000045    0.000028   -0.005390  
      4.649484  0.887801 14.838246     0.007676   -0.004298   -0.002101  
      3.093602  3.582671 14.838257    -0.000002    0.008862   -0.002077  
      6.187198  0.000001 17.411768     0.000011   -0.000034    0.004357  
     -1.546183  2.679494 17.398133     0.020292    0.011767   -0.007174  
     -0.000001  5.357559 17.398133    -0.000004   -0.023451   -0.007128  
      1.546179  2.679495 17.398132    -0.020288    0.011759   -0.007169  
     -0.000004  1.786780 19.984037    -0.000002   -0.044245   -0.000467  
     -1.546209  4.464886 19.984036    -0.038298    0.022082   -0.000477  
      3.093596  1.786093 19.985921    -0.000018   -0.000057    0.006856  
      1.546202  4.464886 19.984037     0.038257    0.022069   -0.000476  
      1.546769  0.893063  5.959750            0           0           0  
     -0.000031  3.572200  5.959750            0           0           0  
      4.640369  0.893063  5.959750            0           0           0  
      3.093569  3.572200  5.959750            0           0           0  
      0.000031  1.786073  8.578000            0           0           0  
     -1.546769  4.465209  8.578000            0           0           0  
      3.093631  1.786073  8.578000            0           0           0  
      1.546831  4.465209  8.578000            0           0           0  
     -0.000001  1.797243 16.121959    -0.000007   -0.014439    0.006122  
     -1.537143  4.459651 16.121962    -0.012446    0.007090    0.006143  
      3.093600  1.786091 16.148331    -0.000034   -0.000046   -0.005978  
      1.537142  4.459651 16.121959     0.012388    0.007065    0.006153  
      1.543829  0.891333 18.663159    -0.011599   -0.006655    0.004260  
     -0.000003  3.572183 18.668587     0.000022    0.000062   -0.014086  
      4.643366  0.891333 18.663159     0.011629   -0.006650    0.004233  
      3.093597  3.575611 18.663159     0.000022    0.013452    0.004230  
      0.000000  0.000000  3.611250            0           0           0  
     -1.546800  2.679136  3.611250            0           0           0  
      3.093600  0.000000  3.611250            0           0           0  
      1.546800  2.679136  3.611250            0           0           0  
      0.000000  0.000000 10.926500            0           0           0  
     -1.546800  2.679136 10.926500            0           0           0  
      3.093600  0.000000 10.926500            0           0           0  
      1.546800  2.679136 10.926500            0           0           0  
     -3.093598  5.358271 13.918005    -0.000049   -0.000110   -0.027113  
      4.607839  2.660340 13.875095     0.032981    0.018856    0.029814  
      3.093598  0.037597 13.875095    -0.000047   -0.038687    0.029984  
      1.579370  2.660332 13.875087    -0.033164    0.018922    0.029729  
      6.187196  0.000002 20.903618     0.000069    0.000126    0.090411  
      4.637541  2.677490 20.900171    -0.003110   -0.001692   -0.028631  
      3.093596  0.003299 20.900171     0.000065    0.003744   -0.028608  
      1.549651  2.677490 20.900171     0.003172   -0.001667   -0.028587  
      3.093470  1.786163 12.009853    -0.000119   -0.000080   -0.224187  
 
  57 f  =    9.975120 THz    62.675526 2PiTHz  332.734180 cm-1    41.253762 meV
             X         Y         Z           dx          dy          dz
      0.000031  1.786073  4.861250            0           0           0  
     -1.546769  4.465209  4.861250            0           0           0  
      3.093631  1.786073  4.861250            0           0           0  
      1.546831  4.465209  4.861250            0           0           0  
      0.000000  0.000000  7.269000            0           0           0  
     -1.546800  2.679136  7.269000            0           0           0  
      3.093600  0.000000  7.269000            0           0           0  
      1.546800  2.679136  7.269000            0           0           0  
      1.546769  0.893063  9.676500            0           0           0  
     -0.000031  3.572200  9.676500            0           0           0  
      4.640369  0.893063  9.676500            0           0           0  
      3.093569  3.572200  9.676500            0           0           0  
      1.537717  0.887799 14.838257    -0.005927    0.023231    0.004223  
      0.000001  3.572181 14.777911     0.028236   -0.021004    0.000019  
      4.649484  0.887801 14.838246     0.015376   -0.005525   -0.010551  
      3.093602  3.582671 14.838257    -0.020181   -0.009734    0.006356  
      6.187198  0.000001 17.411768     0.032607   -0.024271   -0.000019  
     -1.546183  2.679494 17.398133    -0.012404    0.033293    0.006137  
     -0.000001  5.357559 17.398133    -0.030613   -0.008883    0.009287  
      1.546179  2.679495 17.398132     0.014965   -0.003526   -0.015474  
     -0.000004  1.786780 19.984037    -0.041470   -0.008136    0.006800  
     -1.546209  4.464886 19.984036     0.014716   -0.001569   -0.011312  
      3.093596  1.786093 19.985921     0.037585   -0.027970    0.000001  
      1.546202  4.464886 19.984037    -0.019051    0.043798    0.004517  
      1.546769  0.893063  5.959750            0           0           0  
     -0.000031  3.572200  5.959750            0           0           0  
      4.640369  0.893063  5.959750            0           0           0  
      3.093569  3.572200  5.959750            0           0           0  
      0.000031  1.786073  8.578000            0           0           0  
     -1.546769  4.465209  8.578000            0           0           0  
      3.093631  1.786073  8.578000            0           0           0  
      1.546831  4.465209  8.578000            0           0           0  
     -0.000001  1.797243 16.121959     0.005534    0.008824    0.005200  
     -1.537143  4.459651 16.121962    -0.013044    0.006616   -0.008681  
      3.093600  1.786091 16.148331    -0.017792    0.013230    0.000018  
      1.537142  4.459651 16.121959    -0.001922   -0.008418    0.003450  
      1.543829  0.891333 18.663159     0.011068   -0.021569    0.002563  
     -0.000003  3.572183 18.668587    -0.017623    0.013118    0.000015  
      4.643366  0.891333 18.663159    -0.004096   -0.001155   -0.006457  
      3.093597  3.575611 18.663159     0.021144    0.001798    0.003856  
      0.000000  0.000000  3.611250            0           0           0  
     -1.546800  2.679136  3.611250            0           0           0  
      3.093600  0.000000  3.611250            0           0           0  
      1.546800  2.679136  3.611250            0           0           0  
      0.000000  0.000000 10.926500            0           0           0  
     -1.546800  2.679136 10.926500            0           0           0  
      3.093600  0.000000 10.926500            0           0           0  
      1.546800  2.679136 10.926500            0           0           0  
     -3.093598  5.358271 13.918005    -0.015684    0.011663    0.000109  
      4.607839  2.660340 13.875095    -0.011649   -0.003520    0.018588  
      3.093598  0.037597 13.875095    -0.002427    0.017829    0.027968  
      1.579370  2.660332 13.875087    -0.025416    0.015095   -0.046640  
      6.187196  0.000002 20.903618    -0.009196    0.006840    0.000007  
      4.637541  2.677490 20.900171     0.013064   -0.018130    0.036445  
      3.093596  0.003299 20.900171     0.019412   -0.003392    0.054932  
      1.549651  2.677490 20.900171     0.003513   -0.005266   -0.091320  
      3.093470  1.786163 12.009853    -0.001013    0.000756    0.000103  
 
  58 f  =    9.974912 THz    62.674219 2PiTHz  332.727242 cm-1    41.252902 meV
             X         Y         Z           dx          dy          dz
      0.000031  1.786073  4.861250            0           0           0  
     -1.546769  4.465209  4.861250            0           0           0  
      3.093631  1.786073  4.861250            0           0           0  
      1.546831  4.465209  4.861250            0           0           0  
      0.000000  0.000000  7.269000            0           0           0  
     -1.546800  2.679136  7.269000            0           0           0  
      3.093600  0.000000  7.269000            0           0           0  
      1.546800  2.679136  7.269000            0           0           0  
      1.546769  0.893063  9.676500            0           0           0  
     -0.000031  3.572200  9.676500            0           0           0  
      4.640369  0.893063  9.676500            0           0           0  
      3.093569  3.572200  9.676500            0           0           0  
      1.537717  0.887799 14.838257     0.017867   -0.001179    0.009753  
      0.000001  3.572181 14.777911     0.021014    0.028221   -0.000008  
      4.649484  0.887801 14.838246    -0.010832   -0.022561   -0.001238  
      3.093602  3.582671 14.838257    -0.014997    0.013028   -0.008538  
      6.187198  0.000001 17.411768     0.024261    0.032612    0.000028  
     -1.546183  2.679494 17.398133     0.019355   -0.006291    0.014298  
     -0.000001  5.357559 17.398133    -0.022772    0.011915   -0.012495  
      1.546179  2.679495 17.398132    -0.017452   -0.033682   -0.001775  
     -0.000004  1.786780 19.984037    -0.030867    0.010936   -0.009141  
     -1.546209  4.464886 19.984036    -0.024306   -0.045254   -0.001324  
      3.093596  1.786093 19.985921     0.027968    0.037590   -0.000004  
      1.546202  4.464886 19.984037     0.021066   -0.011491    0.010448  
      1.546769  0.893063  5.959750            0           0           0  
     -0.000031  3.572200  5.959750            0           0           0  
      4.640369  0.893063  5.959750            0           0           0  
      3.093569  3.572200  5.959750            0           0           0  
      0.000031  1.786073  8.578000            0           0           0  
     -1.546769  4.465209  8.578000            0           0           0  
      3.093631  1.786073  8.578000            0           0           0  
      1.546831  4.465209  8.578000            0           0           0  
     -0.000001  1.797243 16.121959     0.004114   -0.011827   -0.006998  
     -1.537143  4.459651 16.121962     0.001929    0.006784   -0.001018  
      3.093600  1.786091 16.148331    -0.013241   -0.017771   -0.000003  
      1.537142  4.459651 16.121959    -0.013076   -0.004401    0.008025  
      1.543829  0.891333 18.663159    -0.007596    0.007663    0.005962  
     -0.000003  3.572183 18.668587    -0.013115   -0.017631    0.000002  
      4.643366  0.891333 18.663159     0.012792    0.022862   -0.000756  
      3.093597  3.575611 18.663159     0.015745   -0.002408   -0.005191  
      0.000000  0.000000  3.611250            0           0           0  
     -1.546800  2.679136  3.611250            0           0           0  
      3.093600  0.000000  3.611250            0           0           0  
      1.546800  2.679136  3.611250            0           0           0  
      0.000000  0.000000 10.926500            0           0           0  
     -1.546800  2.679136 10.926500            0           0           0  
      3.093600  0.000000 10.926500            0           0           0  
      1.546800  2.679136 10.926500            0           0           0  
     -3.093598  5.358271 13.918005    -0.011675   -0.015654   -0.000044  
      4.607839  2.660340 13.875095    -0.023121   -0.014741    0.043060  
      3.093598  0.037597 13.875095    -0.001815   -0.023920   -0.037609  
      1.579370  2.660332 13.875087    -0.004523   -0.000863   -0.005443  
      6.187196  0.000002 20.903618    -0.006827   -0.009208   -0.000019  
      4.637541  2.677490 20.900171    -0.000249    0.010907    0.084455  
      3.093596  0.003299 20.900171     0.014464    0.004579   -0.073809  
      1.549651  2.677490 20.900171     0.012608    0.020507   -0.010670  
      3.093470  1.786163 12.009853    -0.000768   -0.001018   -0.000008  
 
  59 f  =    9.826524 THz    61.741873 2PiTHz  327.777568 cm-1    40.639221 meV
             X         Y         Z           dx          dy          dz
      0.000031  1.786073  4.861250            0           0           0  
     -1.546769  4.465209  4.861250            0           0           0  
      3.093631  1.786073  4.861250            0           0           0  
      1.546831  4.465209  4.861250            0           0           0  
      0.000000  0.000000  7.269000            0           0           0  
     -1.546800  2.679136  7.269000            0           0           0  
      3.093600  0.000000  7.269000            0           0           0  
      1.546800  2.679136  7.269000            0           0           0  
      1.546769  0.893063  9.676500            0           0           0  
     -0.000031  3.572200  9.676500            0           0           0  
      4.640369  0.893063  9.676500            0           0           0  
      3.093569  3.572200  9.676500            0           0           0  
      1.537717  0.887799 14.838257     0.035370    0.020405   -0.001156  
      0.000001  3.572181 14.777911    -0.000015    0.000038    0.015392  
      4.649484  0.887801 14.838246    -0.035354    0.020432   -0.001151  
      3.093602  3.582671 14.838257     0.000026   -0.040793   -0.001157  
      6.187198  0.000001 17.411768    -0.000021    0.000025    0.012558  
     -1.546183  2.679494 17.398133     0.026754    0.015417   -0.006668  
     -0.000001  5.357559 17.398133     0.000021   -0.030866   -0.006690  
      1.546179  2.679495 17.398132    -0.026756    0.015443   -0.006646  
     -0.000004  1.786780 19.984037     0.000021   -0.026353   -0.002298  
     -1.546209  4.464886 19.984036    -0.022839    0.013164   -0.002281  
      3.093596  1.786093 19.985921    -0.000029    0.000013    0.011934  
      1.546202  4.464886 19.984037     0.022828    0.013135   -0.002293  
      1.546769  0.893063  5.959750            0           0           0  
     -0.000031  3.572200  5.959750            0           0           0  
      4.640369  0.893063  5.959750            0           0           0  
      3.093569  3.572200  5.959750            0           0           0  
      0.000031  1.786073  8.578000            0           0           0  
     -1.546769  4.465209  8.578000            0           0           0  
      3.093631  1.786073  8.578000            0           0           0  
      1.546831  4.465209  8.578000            0           0           0  
     -0.000001  1.797243 16.121959    -0.000011    0.028694   -0.011290  
     -1.537143  4.459651 16.121962     0.024880   -0.014376   -0.011272  
      3.093600  1.786091 16.148331     0.000007   -0.000031    0.019807  
      1.537142  4.459651 16.121959    -0.024893   -0.014368   -0.011277  
      1.543829  0.891333 18.663159    -0.015242   -0.008772   -0.005504  
     -0.000003  3.572183 18.668587     0.000020   -0.000001    0.014778  
      4.643366  0.891333 18.663159     0.015251   -0.008782   -0.005503  
      3.093597  3.575611 18.663159    -0.000006    0.017608   -0.005522  
      0.000000  0.000000  3.611250            0           0           0  
     -1.546800  2.679136  3.611250            0           0           0  
      3.093600  0.000000  3.611250            0           0           0  
      1.546800  2.679136  3.611250            0           0           0  
      0.000000  0.000000 10.926500            0           0           0  
     -1.546800  2.679136 10.926500            0           0           0  
      3.093600  0.000000 10.926500            0           0           0  
      1.546800  2.679136 10.926500            0           0           0  
     -3.093598  5.358271 13.918005    -0.000001   -0.000045    0.086888  
      4.607839  2.660340 13.875095    -0.036596   -0.021135   -0.039000  
      3.093598  0.037597 13.875095    -0.000024    0.042074   -0.039031  
      1.579370  2.660332 13.875087     0.036527   -0.021133   -0.038944  
      6.187196  0.000002 20.903618     0.000028    0.000009    0.058943  
      4.637541  2.677490 20.900171    -0.012637   -0.007265   -0.016193  
      3.093596  0.003299 20.900171     0.000008    0.014639   -0.016213  
      1.549651  2.677490 20.900171     0.012676   -0.007260   -0.016101  
      3.093470  1.786163 12.009853     0.000042   -0.000057    0.114947  
 
  60 f  =    8.306588 THz    52.191835 2PiTHz  277.077967 cm-1    34.353274 meV
             X         Y         Z           dx          dy          dz
      0.000031  1.786073  4.861250            0           0           0  
     -1.546769  4.465209  4.861250            0           0           0  
      3.093631  1.786073  4.861250            0           0           0  
      1.546831  4.465209  4.861250            0           0           0  
      0.000000  0.000000  7.269000            0           0           0  
     -1.546800  2.679136  7.269000            0           0           0  
      3.093600  0.000000  7.269000            0           0           0  
      1.546800  2.679136  7.269000            0           0           0  
      1.546769  0.893063  9.676500            0           0           0  
     -0.000031  3.572200  9.676500            0           0           0  
      4.640369  0.893063  9.676500            0           0           0  
      3.093569  3.572200  9.676500            0           0           0  
      1.537717  0.887799 14.838257    -0.004871    0.005016    0.022971  
      0.000001  3.572181 14.777911    -0.003880   -0.009205    0.000003  
      4.649484  0.887801 14.838246     0.005810    0.009516    0.003563  
      3.093602  3.582671 14.838257     0.004360   -0.001964   -0.026555  
      6.187198  0.000001 17.411768    -0.000667   -0.001577    0.000056  
     -1.546183  2.679494 17.398133     0.002223    0.002075    0.085914  
     -0.000001  5.357559 17.398133     0.000436    0.003422   -0.099297  
      1.546179  2.679495 17.398132     0.000174    0.001209    0.013366  
     -0.000004  1.786780 19.984037     0.003745   -0.004721   -0.019657  
     -1.546209  4.464886 19.984036     0.005348    0.007966    0.002644  
      3.093596  1.786093 19.985921    -0.005005   -0.011871    0.000001  
      1.546202  4.464886 19.984037    -0.006469    0.002995    0.017011  
      1.546769  0.893063  5.959750            0           0           0  
     -0.000031  3.572200  5.959750            0           0           0  
      4.640369  0.893063  5.959750            0           0           0  
      3.093569  3.572200  5.959750            0           0           0  
      0.000031  1.786073  8.578000            0           0           0  
     -1.546769  4.465209  8.578000            0           0           0  
      3.093631  1.786073  8.578000            0           0           0  
      1.546831  4.465209  8.578000            0           0           0  
     -0.000001  1.797243 16.121959    -0.005386    0.001666    0.014078  
     -1.537143  4.459651 16.121962    -0.007091   -0.011800   -0.001893  
      3.093600  1.786091 16.148331     0.003497    0.008315   -0.000007  
      1.537142  4.459651 16.121959     0.005452   -0.006527   -0.012170  
      1.543829  0.891333 18.663159     0.006681   -0.001560   -0.010035  
     -0.000003  3.572183 18.668587     0.004783    0.011366   -0.000003  
      4.643366  0.891333 18.663159    -0.004534   -0.006270   -0.001558  
      3.093597  3.575611 18.663159    -0.003005    0.005759    0.011618  
      0.000000  0.000000  3.611250            0           0           0  
     -1.546800  2.679136  3.611250            0           0           0  
      3.093600  0.000000  3.611250            0           0           0  
      1.546800  2.679136  3.611250            0           0           0  
      0.000000  0.000000 10.926500            0           0           0  
     -1.546800  2.679136 10.926500            0           0           0  
      3.093600  0.000000 10.926500            0           0           0  
      1.546800  2.679136 10.926500            0           0           0  
     -3.093598  5.358271 13.918005     0.000649    0.001559   -0.000015  
      4.607839  2.660340 13.875095    -0.003069   -0.010453   -0.012756  
      3.093598  0.037597 13.875095    -0.004838   -0.009126    0.014735  
      1.579370  2.660332 13.875087    -0.005119   -0.011306   -0.001996  
      6.187196  0.000002 20.903618     0.003518    0.008347   -0.000026  
      4.637541  2.677490 20.900171     0.003427    0.002426   -0.007598  
      3.093596  0.003299 20.900171     0.000262    0.004819    0.008778  
      1.549651  2.677490 20.900171    -0.000236    0.000893   -0.001190  
      3.093470  1.786163 12.009853     0.015906    0.037748    0.000002  
 
  61 f  =    8.306556 THz    52.191632 2PiTHz  277.076890 cm-1    34.353141 meV
             X         Y         Z           dx          dy          dz
      0.000031  1.786073  4.861250            0           0           0  
     -1.546769  4.465209  4.861250            0           0           0  
      3.093631  1.786073  4.861250            0           0           0  
      1.546831  4.465209  4.861250            0           0           0  
      0.000000  0.000000  7.269000            0           0           0  
     -1.546800  2.679136  7.269000            0           0           0  
      3.093600  0.000000  7.269000            0           0           0  
      1.546800  2.679136  7.269000            0           0           0  
      1.546769  0.893063  9.676500            0           0           0  
     -0.000031  3.572200  9.676500            0           0           0  
      4.640369  0.893063  9.676500            0           0           0  
      3.093569  3.572200  9.676500            0           0           0  
      1.537717  0.887799 14.838257     0.003362   -0.008395    0.017408  
      0.000001  3.572181 14.777911    -0.009190    0.003885    0.000009  
      4.649484  0.887801 14.838246    -0.001138    0.002264   -0.028599  
      3.093602  3.582671 14.838257     0.010334    0.000830    0.011200  
      6.187198  0.000001 17.411768    -0.001575    0.000661    0.000010  
     -1.546183  2.679494 17.398133     0.002405    0.000341    0.065036  
     -0.000001  5.357559 17.398133     0.001042   -0.001442    0.041873  
      1.546179  2.679495 17.398132     0.003264   -0.001727   -0.106945  
     -0.000004  1.786780 19.984037     0.008878    0.001997    0.008286  
     -1.546209  4.464886 19.984036    -0.003817    0.003576   -0.021183  
      3.093596  1.786093 19.985921    -0.011869    0.005008    0.000006  
      1.546202  4.464886 19.984037     0.001166   -0.008203    0.012880  
      1.546769  0.893063  5.959750            0           0           0  
     -0.000031  3.572200  5.959750            0           0           0  
      4.640369  0.893063  5.959750            0           0           0  
      3.093569  3.572200  5.959750            0           0           0  
      0.000031  1.786073  8.578000            0           0           0  
     -1.546769  4.465209  8.578000            0           0           0  
      3.093631  1.786073  8.578000            0           0           0  
      1.546831  4.465209  8.578000            0           0           0  
     -0.000001  1.797243 16.121959    -0.012766   -0.000704   -0.005934  
     -1.537143  4.459651 16.121962     0.000700   -0.002381    0.015150  
      3.093600  1.786091 16.148331     0.008286   -0.003506   -0.000003  
      1.537142  4.459651 16.121959    -0.004583    0.010113   -0.009210  
      1.543829  0.891333 18.663159     0.000181    0.007237   -0.007603  
     -0.000003  3.572183 18.668587     0.011341   -0.004794   -0.000006  
      4.643366  0.891333 18.663159     0.004905   -0.003928    0.012496  
      3.093597  3.575611 18.663159    -0.007122   -0.002434   -0.004900  
      0.000000  0.000000  3.611250            0           0           0  
     -1.546800  2.679136  3.611250            0           0           0  
      3.093600  0.000000  3.611250            0           0           0  
      1.546800  2.679136  3.611250            0           0           0  
      0.000000  0.000000 10.926500            0           0           0  
     -1.546800  2.679136 10.926500            0           0           0  
      3.093600  0.000000 10.926500            0           0           0  
      1.546800  2.679136 10.926500            0           0           0  
     -3.093598  5.358271 13.918005     0.001535   -0.000655    0.000011  
      4.607839  2.660340 13.875095    -0.010139    0.005604   -0.009639  
      3.093598  0.037597 13.875095    -0.011458    0.003845   -0.006210  
      1.579370  2.660332 13.875087    -0.009285    0.003575    0.015870  
      6.187196  0.000002 20.903618     0.008333   -0.003515    0.000009  
      4.637541  2.677490 20.900171     0.003009    0.001119   -0.005731  
      3.093596  0.003299 20.900171     0.000617   -0.002039   -0.003705  
      1.549651  2.677490 20.900171     0.004552   -0.002513    0.009451  
      3.093470  1.786163 12.009853     0.037758   -0.015946   -0.000025  
 
  62 f  =    8.268141 THz    51.950262 2PiTHz  275.795499 cm-1    34.194268 meV
             X         Y         Z           dx          dy          dz
      0.000031  1.786073  4.861250            0           0           0  
     -1.546769  4.465209  4.861250            0           0           0  
      3.093631  1.786073  4.861250            0           0           0  
      1.546831  4.465209  4.861250            0           0           0  
      0.000000  0.000000  7.269000            0           0           0  
     -1.546800  2.679136  7.269000            0           0           0  
      3.093600  0.000000  7.269000            0           0           0  
      1.546800  2.679136  7.269000            0           0           0  
      1.546769  0.893063  9.676500            0           0           0  
     -0.000031  3.572200  9.676500            0           0           0  
      4.640369  0.893063  9.676500            0           0           0  
      3.093569  3.572200  9.676500            0           0           0  
      1.537717  0.887799 14.838257    -0.008870   -0.005114   -0.007017  
      0.000001  3.572181 14.777911     0.000002   -0.000006    0.023497  
      4.649484  0.887801 14.838246     0.008865   -0.005120   -0.007000  
      3.093602  3.582671 14.838257    -0.000002    0.010234   -0.006979  
      6.187198  0.000001 17.411768     0.000000    0.000005    0.116446  
     -1.546183  2.679494 17.398133     0.001261    0.000734   -0.040352  
     -0.000001  5.357559 17.398133     0.000001   -0.001470   -0.040275  
      1.546179  2.679495 17.398132    -0.001265    0.000734   -0.040298  
     -0.000004  1.786780 19.984037    -0.000005    0.011194   -0.007317  
     -1.546209  4.464886 19.984036     0.009701   -0.005597   -0.007340  
      3.093596  1.786093 19.985921     0.000004    0.000002    0.024326  
      1.546202  4.464886 19.984037    -0.009698   -0.005594   -0.007346  
      1.546769  0.893063  5.959750            0           0           0  
     -0.000031  3.572200  5.959750            0           0           0  
      4.640369  0.893063  5.959750            0           0           0  
      3.093569  3.572200  5.959750            0           0           0  
      0.000031  1.786073  8.578000            0           0           0  
     -1.546769  4.465209  8.578000            0           0           0  
      3.093631  1.786073  8.578000            0           0           0  
      1.546831  4.465209  8.578000            0           0           0  
     -0.000001  1.797243 16.121959     0.000003   -0.006380    0.002442  
     -1.537143  4.459651 16.121962    -0.005534    0.003192    0.002439  
      3.093600  1.786091 16.148331    -0.000003    0.000011   -0.010881  
      1.537142  4.459651 16.121959     0.005537    0.003190    0.002448  
      1.543829  0.891333 18.663159     0.008628    0.004970    0.004873  
     -0.000003  3.572183 18.668587    -0.000004    0.000005   -0.013854  
      4.643366  0.891333 18.663159    -0.008630    0.004974    0.004868  
      3.093597  3.575611 18.663159     0.000002   -0.009961    0.004869  
      0.000000  0.000000  3.611250            0           0           0  
     -1.546800  2.679136  3.611250            0           0           0  
      3.093600  0.000000  3.611250            0           0           0  
      1.546800  2.679136  3.611250            0           0           0  
      0.000000  0.000000 10.926500            0           0           0  
     -1.546800  2.679136 10.926500            0           0           0  
      3.093600  0.000000 10.926500            0           0           0  
      1.546800  2.679136 10.926500            0           0           0  
     -3.093598  5.358271 13.918005     0.000000    0.000010   -0.006719  
      4.607839  2.660340 13.875095    -0.000238   -0.000146    0.002186  
      3.093598  0.037597 13.875095     0.000007    0.000302    0.002201  
      1.579370  2.660332 13.875087     0.000254   -0.000144    0.002180  
      6.187196  0.000002 20.903618    -0.000005   -0.000005   -0.010466  
      4.637541  2.677490 20.900171     0.003774    0.002172    0.004522  
      3.093596  0.003299 20.900171    -0.000001   -0.004366    0.004533  
      1.549651  2.677490 20.900171    -0.003779    0.002171    0.004519  
      3.093470  1.786163 12.009853    -0.000009   -0.000024    0.002473  
 
  63 f  =    7.794770 THz    48.975982 2PiTHz  260.005527 cm-1    32.236562 meV
             X         Y         Z           dx          dy          dz
      0.000031  1.786073  4.861250            0           0           0  
     -1.546769  4.465209  4.861250            0           0           0  
      3.093631  1.786073  4.861250            0           0           0  
      1.546831  4.465209  4.861250            0           0           0  
      0.000000  0.000000  7.269000            0           0           0  
     -1.546800  2.679136  7.269000            0           0           0  
      3.093600  0.000000  7.269000            0           0           0  
      1.546800  2.679136  7.269000            0           0           0  
      1.546769  0.893063  9.676500            0           0           0  
     -0.000031  3.572200  9.676500            0           0           0  
      4.640369  0.893063  9.676500            0           0           0  
      3.093569  3.572200  9.676500            0           0           0  
      1.537717  0.887799 14.838257     0.007839   -0.013610    0.000005  
      0.000001  3.572181 14.777911     0.000026   -0.000001   -0.000000  
      4.649484  0.887801 14.838246     0.007840    0.013611   -0.000009  
      3.093602  3.582671 14.838257    -0.015704    0.000002    0.000006  
      6.187198  0.000001 17.411768     0.000096    0.000001    0.000001  
     -1.546183  2.679494 17.398133     0.039905   -0.069289   -0.000004  
     -0.000001  5.357559 17.398133    -0.079909   -0.000001    0.000004  
      1.546179  2.679495 17.398132     0.039904    0.069287   -0.000000  
     -0.000004  1.786780 19.984037    -0.016117    0.000001   -0.000004  
     -1.546209  4.464886 19.984036     0.008054    0.013981    0.000001  
      3.093596  1.786093 19.985921     0.000021    0.000003    0.000000  
      1.546202  4.464886 19.984037     0.008057   -0.013983    0.000000  
      1.546769  0.893063  5.959750            0           0           0  
     -0.000031  3.572200  5.959750            0           0           0  
      4.640369  0.893063  5.959750            0           0           0  
      3.093569  3.572200  5.959750            0           0           0  
      0.000031  1.786073  8.578000            0           0           0  
     -1.546769  4.465209  8.578000            0           0           0  
      3.093631  1.786073  8.578000            0           0           0  
      1.546831  4.465209  8.578000            0           0           0  
     -0.000001  1.797243 16.121959     0.002667   -0.000000    0.000000  
     -1.537143  4.459651 16.121962    -0.001341   -0.002318    0.000005  
      3.093600  1.786091 16.148331    -0.000013   -0.000000    0.000001  
      1.537142  4.459651 16.121959    -0.001341    0.002319   -0.000004  
      1.543829  0.891333 18.663159    -0.001168    0.002038   -0.000001  
     -0.000003  3.572183 18.668587    -0.000002   -0.000001   -0.000001  
      4.643366  0.891333 18.663159    -0.001168   -0.002038    0.000001  
      3.093597  3.575611 18.663159     0.002341   -0.000000   -0.000000  
      0.000000  0.000000  3.611250            0           0           0  
     -1.546800  2.679136  3.611250            0           0           0  
      3.093600  0.000000  3.611250            0           0           0  
      1.546800  2.679136  3.611250            0           0           0  
      0.000000  0.000000 10.926500            0           0           0  
     -1.546800  2.679136 10.926500            0           0           0  
      3.093600  0.000000 10.926500            0           0           0  
      1.546800  2.679136 10.926500            0           0           0  
     -3.093598  5.358271 13.918005    -0.000008    0.000000   -0.000001  
      4.607839  2.660340 13.875095    -0.004318    0.007497    0.000001  
      3.093598  0.037597 13.875095     0.008651    0.000000    0.000003  
      1.579370  2.660332 13.875087    -0.004317   -0.007496    0.000000  
      6.187196  0.000002 20.903618    -0.000014   -0.000001    0.000002  
      4.637541  2.677490 20.900171    -0.005200    0.009024   -0.000007  
      3.093596  0.003299 20.900171     0.010394   -0.000000   -0.000004  
      1.549651  2.677490 20.900171    -0.005202   -0.009025    0.000009  
      3.093470  1.786163 12.009853     0.000034   -0.000011    0.000002  
 
  64 f  =    7.726101 THz    48.544524 2PiTHz  257.714988 cm-1    31.952572 meV
             X         Y         Z           dx          dy          dz
      0.000031  1.786073  4.861250            0           0           0  
     -1.546769  4.465209  4.861250            0           0           0  
      3.093631  1.786073  4.861250            0           0           0  
      1.546831  4.465209  4.861250            0           0           0  
      0.000000  0.000000  7.269000            0           0           0  
     -1.546800  2.679136  7.269000            0           0           0  
      3.093600  0.000000  7.269000            0           0           0  
      1.546800  2.679136  7.269000            0           0           0  
      1.546769  0.893063  9.676500            0           0           0  
     -0.000031  3.572200  9.676500            0           0           0  
      4.640369  0.893063  9.676500            0           0           0  
      3.093569  3.572200  9.676500            0           0           0  
      1.537717  0.887799 14.838257     0.009652    0.008788   -0.003408  
      0.000001  3.572181 14.777911    -0.018143    0.000979    0.000002  
      4.649484  0.887801 14.838246     0.010603   -0.008781    0.003627  
      3.093602  3.582671 14.838257    -0.005144   -0.000818   -0.000216  
      6.187198  0.000001 17.411768    -0.085271    0.004604    0.000000  
     -1.546183  2.679494 17.398133     0.052548    0.048436   -0.000801  
     -0.000001  5.357559 17.398133    -0.028935   -0.004488   -0.000050  
      1.546179  2.679495 17.398132     0.057781   -0.048345    0.000849  
     -0.000004  1.786780 19.984037    -0.005628   -0.001038   -0.000183  
     -1.546209  4.464886 19.984036     0.013569   -0.010771    0.003027  
      3.093596  1.786093 19.985921    -0.018237    0.000987   -0.000001  
      1.546202  4.464886 19.984037     0.012411    0.010705   -0.002844  
      1.546769  0.893063  5.959750            0           0           0  
     -0.000031  3.572200  5.959750            0           0           0  
      4.640369  0.893063  5.959750            0           0           0  
      3.093569  3.572200  5.959750            0           0           0  
      0.000031  1.786073  8.578000            0           0           0  
     -1.546769  4.465209  8.578000            0           0           0  
      3.093631  1.786073  8.578000            0           0           0  
      1.546831  4.465209  8.578000            0           0           0  
     -0.000001  1.797243 16.121959     0.003104   -0.000041    0.000190  
     -1.537143  4.459651 16.121962     0.001266    0.000888   -0.003167  
      3.093600  1.786091 16.148331     0.003748   -0.000202    0.000001  
      1.537142  4.459651 16.121959     0.001375   -0.001160    0.002977  
      1.543829  0.891333 18.663159    -0.002775   -0.002986    0.001325  
     -0.000003  3.572183 18.668587     0.000975   -0.000052   -0.000001  
      4.643366  0.891333 18.663159    -0.003091    0.002935   -0.001409  
      3.093597  3.575611 18.663159     0.002198    0.000251    0.000085  
      0.000000  0.000000  3.611250            0           0           0  
     -1.546800  2.679136  3.611250            0           0           0  
      3.093600  0.000000  3.611250            0           0           0  
      1.546800  2.679136  3.611250            0           0           0  
      0.000000  0.000000 10.926500            0           0           0  
     -1.546800  2.679136 10.926500            0           0           0  
      3.093600  0.000000 10.926500            0           0           0  
      1.546800  2.679136 10.926500            0           0           0  
     -3.093598  5.358271 13.918005     0.009553   -0.000518   -0.000001  
      4.607839  2.660340 13.875095    -0.002565   -0.004891    0.002013  
      3.093598  0.037597 13.875095     0.005414    0.000298    0.000133  
      1.579370  2.660332 13.875087    -0.003074    0.004601   -0.002144  
      6.187196  0.000002 20.903618     0.009575   -0.000516    0.000003  
      4.637541  2.677490 20.900171    -0.007016   -0.008132    0.002036  
      3.093596  0.003299 20.900171     0.006504    0.000654    0.000125  
      1.549651  2.677490 20.900171    -0.007883    0.007935   -0.002163  
      3.093470  1.786163 12.009853    -0.018198    0.000983    0.000008  
 
  65 f  =    7.725951 THz    48.543582 2PiTHz  257.709984 cm-1    31.951951 meV
             X         Y         Z           dx          dy          dz
      0.000031  1.786073  4.861250            0           0           0  
     -1.546769  4.465209  4.861250            0           0           0  
      3.093631  1.786073  4.861250            0           0           0  
      1.546831  4.465209  4.861250            0           0           0  
      0.000000  0.000000  7.269000            0           0           0  
     -1.546800  2.679136  7.269000            0           0           0  
      3.093600  0.000000  7.269000            0           0           0  
      1.546800  2.679136  7.269000            0           0           0  
      1.546769  0.893063  9.676500            0           0           0  
     -0.000031  3.572200  9.676500            0           0           0  
      4.640369  0.893063  9.676500            0           0           0  
      3.093569  3.572200  9.676500            0           0           0  
      1.537717  0.887799 14.838257     0.009349    0.000433   -0.002220  
      0.000001  3.572181 14.777911    -0.000979   -0.018147    0.000004  
      4.649484  0.887801 14.838246    -0.008256   -0.000517   -0.001840  
      3.093602  3.582671 14.838257    -0.000276    0.015202    0.004059  
      6.187198  0.000001 17.411768    -0.004604   -0.085259    0.000006  
     -1.546183  2.679494 17.398133     0.051452    0.001761   -0.000520  
     -0.000001  5.357559 17.398133    -0.001562    0.083112    0.000938  
      1.546179  2.679495 17.398132    -0.045496   -0.003464   -0.000423  
     -0.000004  1.786780 19.984037    -0.000306    0.019195    0.003386  
     -1.546209  4.464886 19.984036    -0.010038   -0.000000   -0.001535  
      3.093596  1.786093 19.985921    -0.000984   -0.018238   -0.000001  
      1.546202  4.464886 19.984037     0.011443    0.001158   -0.001852  
      1.546769  0.893063  5.959750            0           0           0  
     -0.000031  3.572200  5.959750            0           0           0  
      4.640369  0.893063  5.959750            0           0           0  
      3.093569  3.572200  5.959750            0           0           0  
      0.000031  1.786073  8.578000            0           0           0  
     -1.546769  4.465209  8.578000            0           0           0  
      3.093631  1.786073  8.578000            0           0           0  
      1.546831  4.465209  8.578000            0           0           0  
     -0.000001  1.797243 16.121959     0.000168    0.000747   -0.003543  
     -1.537143  4.459651 16.121962     0.001089    0.002563    0.001605  
      3.093600  1.786091 16.148331     0.000203    0.003746   -0.000002  
      1.537142  4.459651 16.121959    -0.000947    0.002452    0.001938  
      1.543829  0.891333 18.663159    -0.003118    0.000324    0.000862  
     -0.000003  3.572183 18.668587     0.000052    0.000970    0.000000  
      4.643366  0.891333 18.663159     0.002802    0.000647    0.000713  
      3.093597  3.575611 18.663159     0.000117   -0.004649   -0.001575  
      0.000000  0.000000  3.611250            0           0           0  
     -1.546800  2.679136  3.611250            0           0           0  
      3.093600  0.000000  3.611250            0           0           0  
      1.546800  2.679136  3.611250            0           0           0  
      0.000000  0.000000 10.926500            0           0           0  
     -1.546800  2.679136 10.926500            0           0           0  
      3.093600  0.000000 10.926500            0           0           0  
      1.546800  2.679136 10.926500            0           0           0  
     -3.093598  5.358271 13.918005     0.000515    0.009553    0.000000  
      4.607839  2.660340 13.875095    -0.004906    0.002407    0.001309  
      3.093598  0.037597 13.875095     0.000294   -0.005557   -0.002395  
      1.579370  2.660332 13.875087     0.004598    0.002919    0.001085  
      6.187196  0.000002 20.903618     0.000517    0.009573   -0.000009  
      4.637541  2.677490 20.900171    -0.008442    0.001411    0.001331  
      3.093596  0.003299 20.900171     0.000350   -0.012090   -0.002422  
      1.549651  2.677490 20.900171     0.007639    0.002280    0.001099  
      3.093470  1.786163 12.009853    -0.000973   -0.018209    0.000002  
 
  66 f  =    6.971860 THz    43.805488 2PiTHz  232.556217 cm-1    28.833283 meV
             X         Y         Z           dx          dy          dz
      0.000031  1.786073  4.861250            0           0           0  
     -1.546769  4.465209  4.861250            0           0           0  
      3.093631  1.786073  4.861250            0           0           0  
      1.546831  4.465209  4.861250            0           0           0  
      0.000000  0.000000  7.269000            0           0           0  
     -1.546800  2.679136  7.269000            0           0           0  
      3.093600  0.000000  7.269000            0           0           0  
      1.546800  2.679136  7.269000            0           0           0  
      1.546769  0.893063  9.676500            0           0           0  
     -0.000031  3.572200  9.676500            0           0           0  
      4.640369  0.893063  9.676500            0           0           0  
      3.093569  3.572200  9.676500            0           0           0  
      1.537717  0.887799 14.838257     0.004536   -0.005060   -0.008278  
      0.000001  3.572181 14.777911    -0.018360    0.025373    0.000020  
      4.649484  0.887801 14.838246     0.009408   -0.008598    0.073756  
      3.093602  3.582671 14.838257     0.003933   -0.011055   -0.065472  
      6.187198  0.000001 17.411768     0.005264   -0.007274    0.000002  
     -1.546183  2.679494 17.398133    -0.004189    0.005801    0.002531  
     -0.000001  5.357559 17.398133    -0.004201    0.005821    0.019967  
      1.546179  2.679495 17.398132    -0.004203    0.005817   -0.022503  
     -0.000004  1.786780 19.984037     0.000322    0.003777    0.021652  
     -1.546209  4.464886 19.984036    -0.003798    0.001934   -0.024403  
      3.093596  1.786093 19.985921     0.005055   -0.006978    0.000000  
      1.546202  4.464886 19.984037    -0.000135   -0.000738    0.002739  
      1.546769  0.893063  5.959750            0           0           0  
     -0.000031  3.572200  5.959750            0           0           0  
      4.640369  0.893063  5.959750            0           0           0  
      3.093569  3.572200  5.959750            0           0           0  
      0.000031  1.786073  8.578000            0           0           0  
     -1.546769  4.465209  8.578000            0           0           0  
      3.093631  1.786073  8.578000            0           0           0  
      1.546831  4.465209  8.578000            0           0           0  
     -0.000001  1.797243 16.121959     0.002802   -0.002274    0.008726  
     -1.537143  4.459651 16.121962     0.001251   -0.002980   -0.009832  
      3.093600  1.786091 16.148331    -0.002324    0.003209    0.000006  
      1.537142  4.459651 16.121959     0.002630   -0.003977    0.001105  
      1.543829  0.891333 18.663159    -0.001345    0.002218   -0.000942  
     -0.000003  3.572183 18.668587    -0.000204    0.000284   -0.000000  
      4.643366  0.891333 18.663159     0.000131    0.001160    0.008364  
      3.093597  3.575611 18.663159    -0.001522    0.000415   -0.007435  
      0.000000  0.000000  3.611250            0           0           0  
     -1.546800  2.679136  3.611250            0           0           0  
      3.093600  0.000000  3.611250            0           0           0  
      1.546800  2.679136  3.611250            0           0           0  
      0.000000  0.000000 10.926500            0           0           0  
     -1.546800  2.679136 10.926500            0           0           0  
      3.093600  0.000000 10.926500            0           0           0  
      1.546800  2.679136 10.926500            0           0           0  
     -3.093598  5.358271 13.918005    -0.004127    0.005703    0.000008  
      4.607839  2.660340 13.875095     0.006256   -0.007915    0.003408  
      3.093598  0.037597 13.875095     0.005883   -0.011637    0.026916  
      1.579370  2.660332 13.875087     0.009322   -0.010114   -0.030329  
      6.187196  0.000002 20.903618     0.001156   -0.001601    0.000001  
      4.637541  2.677490 20.900171    -0.002286    0.004817   -0.000410  
      3.093596  0.003299 20.900171    -0.003128   -0.003386   -0.003217  
      1.549651  2.677490 20.900171     0.004392   -0.000014    0.003618  
      3.093470  1.786163 12.009853    -0.134291    0.185494    0.000099  
 
  67 f  =    6.971318 THz    43.802085 2PiTHz  232.538150 cm-1    28.831043 meV
             X         Y         Z           dx          dy          dz
      0.000031  1.786073  4.861250            0           0           0  
     -1.546769  4.465209  4.861250            0           0           0  
      3.093631  1.786073  4.861250            0           0           0  
      1.546831  4.465209  4.861250            0           0           0  
      0.000000  0.000000  7.269000            0           0           0  
     -1.546800  2.679136  7.269000            0           0           0  
      3.093600  0.000000  7.269000            0           0           0  
      1.546800  2.679136  7.269000            0           0           0  
      1.546769  0.893063  9.676500            0           0           0  
     -0.000031  3.572200  9.676500            0           0           0  
      4.640369  0.893063  9.676500            0           0           0  
      3.093569  3.572200  9.676500            0           0           0  
      1.537717  0.887799 14.838257     0.011418    0.007403   -0.080434  
      0.000001  3.572181 14.777911    -0.025383   -0.018364    0.000004  
      4.649484  0.887801 14.838246     0.007882    0.002489    0.033019  
      3.093602  3.582671 14.838257     0.005440    0.008009    0.047411  
      6.187198  0.000001 17.411768     0.007279    0.005260   -0.000003  
     -1.546183  2.679494 17.398133    -0.005812   -0.004211    0.024525  
     -0.000001  5.357559 17.398133    -0.005802   -0.004212   -0.014442  
      1.546179  2.679495 17.398132    -0.005810   -0.004207   -0.010068  
     -0.000004  1.786780 19.984037     0.000423   -0.002732   -0.015682  
     -1.546209  4.464886 19.984036    -0.001376    0.001429   -0.010933  
      3.093596  1.786093 19.985921     0.006985    0.005060    0.000001  
      1.546202  4.464886 19.984037    -0.004026   -0.002290    0.026622  
      1.546769  0.893063  5.959750            0           0           0  
     -0.000031  3.572200  5.959750            0           0           0  
      4.640369  0.893063  5.959750            0           0           0  
      3.093569  3.572200  5.959750            0           0           0  
      0.000031  1.786073  8.578000            0           0           0  
     -1.546769  4.465209  8.578000            0           0           0  
      3.093631  1.786073  8.578000            0           0           0  
      1.546831  4.465209  8.578000            0           0           0  
     -0.000001  1.797243 16.121959     0.003874    0.001645   -0.006322  
     -1.537143  4.459651 16.121962     0.003183    0.003206   -0.004406  
      3.093600  1.786091 16.148331    -0.003213   -0.002324   -0.000002  
      1.537142  4.459651 16.121959     0.002180    0.001828    0.010726  
      1.543829  0.891333 18.663159    -0.000307   -0.000494   -0.009128  
     -0.000003  3.572183 18.668587    -0.000284   -0.000206    0.000001  
      4.643366  0.891333 18.663159    -0.001374   -0.001954    0.003747  
      3.093597  3.575611 18.663159    -0.002109   -0.000302    0.005381  
      0.000000  0.000000  3.611250            0           0           0  
     -1.546800  2.679136  3.611250            0           0           0  
      3.093600  0.000000  3.611250            0           0           0  
      1.546800  2.679136  3.611250            0           0           0  
      0.000000  0.000000 10.926500            0           0           0  
     -1.546800  2.679136 10.926500            0           0           0  
      3.093600  0.000000 10.926500            0           0           0  
      1.546800  2.679136 10.926500            0           0           0  
     -3.093598  5.358271 13.918005    -0.005706   -0.004126   -0.000004  
      4.607839  2.660340 13.875095     0.011851    0.008034    0.033038  
      3.093598  0.037597 13.875095     0.008139    0.008416   -0.019483  
      1.579370  2.660332 13.875087     0.009664    0.005018   -0.013571  
      6.187196  0.000002 20.903618     0.001597    0.001156   -0.000004  
      4.637541  2.677490 20.900171     0.003872    0.001605   -0.003947  
      3.093596  0.003299 20.900171    -0.004327    0.002450    0.002323  
      1.549651  2.677490 20.900171    -0.000966   -0.005086    0.001621  
      3.093470  1.786163 12.009853    -0.185316   -0.134041    0.000038  
 
  68 f  =    6.563571 THz    41.240134 2PiTHz  218.937170 cm-1    27.144737 meV
             X         Y         Z           dx          dy          dz
      0.000031  1.786073  4.861250            0           0           0  
     -1.546769  4.465209  4.861250            0           0           0  
      3.093631  1.786073  4.861250            0           0           0  
      1.546831  4.465209  4.861250            0           0           0  
      0.000000  0.000000  7.269000            0           0           0  
     -1.546800  2.679136  7.269000            0           0           0  
      3.093600  0.000000  7.269000            0           0           0  
      1.546800  2.679136  7.269000            0           0           0  
      1.546769  0.893063  9.676500            0           0           0  
     -0.000031  3.572200  9.676500            0           0           0  
      4.640369  0.893063  9.676500            0           0           0  
      3.093569  3.572200  9.676500            0           0           0  
      1.537717  0.887799 14.838257     0.037131   -0.064331   -0.000018  
      0.000001  3.572181 14.777911    -0.000004   -0.000001   -0.000000  
      4.649484  0.887801 14.838246     0.037144    0.064324    0.000027  
      3.093602  3.582671 14.838257    -0.074278   -0.000006    0.000013  
      6.187198  0.000001 17.411768     0.000016    0.000007    0.000008  
     -1.546183  2.679494 17.398133    -0.003941    0.006833    0.000008  
     -0.000001  5.357559 17.398133     0.007894    0.000004   -0.000009  
      1.546179  2.679495 17.398132    -0.003948   -0.006828   -0.000003  
     -0.000004  1.786780 19.984037     0.034246   -0.000000    0.000024  
     -1.546209  4.464886 19.984036    -0.017126   -0.029662   -0.000006  
      3.093596  1.786093 19.985921    -0.000007   -0.000006   -0.000020  
      1.546202  4.464886 19.984037    -0.017131    0.029657   -0.000016  
      1.546769  0.893063  5.959750            0           0           0  
     -0.000031  3.572200  5.959750            0           0           0  
      4.640369  0.893063  5.959750            0           0           0  
      3.093569  3.572200  5.959750            0           0           0  
      0.000031  1.786073  8.578000            0           0           0  
     -1.546769  4.465209  8.578000            0           0           0  
      3.093631  1.786073  8.578000            0           0           0  
      1.546831  4.465209  8.578000            0           0           0  
     -0.000001  1.797243 16.121959    -0.002552   -0.000002    0.000002  
     -1.537143  4.459651 16.121962     0.001273    0.002217    0.000000  
      3.093600  1.786091 16.148331    -0.000004    0.000001    0.000003  
      1.537142  4.459651 16.121959     0.001271   -0.002216    0.000007  
      1.543829  0.891333 18.663159    -0.000370    0.000648   -0.000005  
     -0.000003  3.572183 18.668587     0.000010    0.000001   -0.000001  
      4.643366  0.891333 18.663159    -0.000368   -0.000642    0.000003  
      3.093597  3.575611 18.663159     0.000754    0.000001   -0.000007  
      0.000000  0.000000  3.611250            0           0           0  
     -1.546800  2.679136  3.611250            0           0           0  
      3.093600  0.000000  3.611250            0           0           0  
      1.546800  2.679136  3.611250            0           0           0  
      0.000000  0.000000 10.926500            0           0           0  
     -1.546800  2.679136 10.926500            0           0           0  
      3.093600  0.000000 10.926500            0           0           0  
      1.546800  2.679136 10.926500            0           0           0  
     -3.093598  5.358271 13.918005    -0.000020   -0.000001    0.000005  
      4.607839  2.660340 13.875095    -0.010730    0.018574    0.000030  
      3.093598  0.037597 13.875095     0.021439   -0.000003   -0.000003  
      1.579370  2.660332 13.875087    -0.010732   -0.018578   -0.000012  
      6.187196  0.000002 20.903618     0.000008    0.000004   -0.000005  
      4.637541  2.677490 20.900171     0.006352   -0.010995   -0.000007  
      3.093596  0.003299 20.900171    -0.012694   -0.000005   -0.000012  
      1.549651  2.677490 20.900171     0.006366    0.011001   -0.000004  
      3.093470  1.786163 12.009853    -0.000124   -0.000061    0.000002  
 
  69 f  =    6.439461 THz    40.460328 2PiTHz  214.797307 cm-1    26.631460 meV
             X         Y         Z           dx          dy          dz
      0.000031  1.786073  4.861250            0           0           0  
     -1.546769  4.465209  4.861250            0           0           0  
      3.093631  1.786073  4.861250            0           0           0  
      1.546831  4.465209  4.861250            0           0           0  
      0.000000  0.000000  7.269000            0           0           0  
     -1.546800  2.679136  7.269000            0           0           0  
      3.093600  0.000000  7.269000            0           0           0  
      1.546800  2.679136  7.269000            0           0           0  
      1.546769  0.893063  9.676500            0           0           0  
     -0.000031  3.572200  9.676500            0           0           0  
      4.640369  0.893063  9.676500            0           0           0  
      3.093569  3.572200  9.676500            0           0           0  
      1.537717  0.887799 14.838257     0.019301    0.016034    0.011793  
      0.000001  3.572181 14.777911    -0.025902   -0.002592   -0.000010  
      4.649484  0.887801 14.838246     0.016085   -0.016217   -0.010489  
      3.093602  3.582671 14.838257    -0.010108    0.002699   -0.001295  
      6.187198  0.000001 17.411768    -0.017305   -0.001736    0.000004  
     -1.546183  2.679494 17.398133     0.010473    0.006453   -0.007946  
     -0.000001  5.357559 17.398133    -0.000969    0.001341    0.000878  
      1.546179  2.679495 17.398132     0.009231   -0.005917    0.007071  
     -0.000004  1.786780 19.984037     0.024327   -0.007873   -0.001686  
     -1.546209  4.464886 19.984036    -0.048634    0.044341   -0.013514  
      3.093596  1.786093 19.985921     0.079457    0.007956   -0.000001  
      1.546202  4.464886 19.984037    -0.057554   -0.044647    0.015205  
      1.546769  0.893063  5.959750            0           0           0  
     -0.000031  3.572200  5.959750            0           0           0  
      4.640369  0.893063  5.959750            0           0           0  
      3.093569  3.572200  5.959750            0           0           0  
      0.000031  1.786073  8.578000            0           0           0  
     -1.546769  4.465209  8.578000            0           0           0  
      3.093631  1.786073  8.578000            0           0           0  
      1.546831  4.465209  8.578000            0           0           0  
     -0.000001  1.797243 16.121959    -0.000563    0.000276   -0.000022  
     -1.537143  4.459651 16.121962     0.001784   -0.001420   -0.000176  
      3.093600  1.786091 16.148331     0.000832    0.000083   -0.000001  
      1.537142  4.459651 16.121959     0.002074    0.001472    0.000195  
      1.543829  0.891333 18.663159    -0.004346   -0.002817   -0.002044  
     -0.000003  3.572183 18.668587     0.006317    0.000631    0.000000  
      4.643366  0.891333 18.663159    -0.003801    0.002636    0.001818  
      3.093597  3.575611 18.663159     0.000676   -0.000566    0.000227  
      0.000000  0.000000  3.611250            0           0           0  
     -1.546800  2.679136  3.611250            0           0           0  
      3.093600  0.000000  3.611250            0           0           0  
      1.546800  2.679136  3.611250            0           0           0  
      0.000000  0.000000 10.926500            0           0           0  
     -1.546800  2.679136 10.926500            0           0           0  
      3.093600  0.000000 10.926500            0           0           0  
      1.546800  2.679136 10.926500            0           0           0  
     -3.093598  5.358271 13.918005     0.013094    0.001313   -0.000002  
      4.607839  2.660340 13.875095    -0.005975   -0.004835   -0.004856  
      3.093598  0.037597 13.875095     0.002856   -0.000826    0.000526  
      1.579370  2.660332 13.875087    -0.005009    0.004847    0.004322  
      6.187196  0.000002 20.903618    -0.023377   -0.002339   -0.000005  
      4.637541  2.677490 20.900171     0.019305    0.016842   -0.003531  
      3.093596  0.003299 20.900171    -0.012087    0.002743    0.000393  
      1.549651  2.677490 20.900171     0.015878   -0.017282    0.003145  
      3.093470  1.786163 12.009853     0.032751    0.003265   -0.000009  
 
  70 f  =    6.439431 THz    40.460137 2PiTHz  214.796293 cm-1    26.631334 meV
             X         Y         Z           dx          dy          dz
      0.000031  1.786073  4.861250            0           0           0  
     -1.546769  4.465209  4.861250            0           0           0  
      3.093631  1.786073  4.861250            0           0           0  
      1.546831  4.465209  4.861250            0           0           0  
      0.000000  0.000000  7.269000            0           0           0  
     -1.546800  2.679136  7.269000            0           0           0  
      3.093600  0.000000  7.269000            0           0           0  
      1.546800  2.679136  7.269000            0           0           0  
      1.546769  0.893063  9.676500            0           0           0  
     -0.000031  3.572200  9.676500            0           0           0  
      4.640369  0.893063  9.676500            0           0           0  
      3.093569  3.572200  9.676500            0           0           0  
      1.537717  0.887799 14.838257     0.014333   -0.002478    0.005330  
      0.000001  3.572181 14.777911     0.002576   -0.025905   -0.000001  
      4.649484  0.887801 14.838246    -0.017845    0.000747    0.007523  
      3.093602  3.582671 14.838257     0.000998    0.027001   -0.012869  
      6.187198  0.000001 17.411768     0.001734   -0.017316   -0.000005  
     -1.546183  2.679494 17.398133     0.005216    0.002039   -0.003596  
     -0.000001  5.357559 17.398133     0.000102    0.013421    0.008696  
      1.546179  2.679495 17.398132    -0.007200    0.003281   -0.005096  
     -0.000004  1.786780 19.984037    -0.002435   -0.078758   -0.016692  
     -1.546209  4.464886 19.984036     0.049897   -0.005994    0.009785  
      3.093596  1.786093 19.985921    -0.007957    0.079461    0.000030  
      1.546202  4.464886 19.984037    -0.039258    0.002915    0.006901  
      1.546769  0.893063  5.959750            0           0           0  
     -0.000031  3.572200  5.959750            0           0           0  
      4.640369  0.893063  5.959750            0           0           0  
      3.093569  3.572200  5.959750            0           0           0  
      0.000031  1.786073  8.578000            0           0           0  
     -1.546769  4.465209  8.578000            0           0           0  
      3.093631  1.786073  8.578000            0           0           0  
      1.546831  4.465209  8.578000            0           0           0  
     -0.000001  1.797243 16.121959     0.000053    0.002763   -0.000223  
     -1.537143  4.459651 16.121962    -0.001633    0.000408    0.000129  
      3.093600  1.786091 16.148331    -0.000085    0.000829   -0.000002  
      1.537142  4.459651 16.121959     0.001250    0.000123    0.000085  
      1.543829  0.891333 18.663159    -0.002324   -0.000640   -0.000924  
     -0.000003  3.572183 18.668587    -0.000633    0.006316   -0.000002  
      4.643366  0.891333 18.663159     0.003143   -0.001186   -0.001314  
      3.093597  3.575611 18.663159    -0.000069   -0.005647    0.002246  
      0.000000  0.000000  3.611250            0           0           0  
     -1.546800  2.679136  3.611250            0           0           0  
      3.093600  0.000000  3.611250            0           0           0  
      1.546800  2.679136  3.611250            0           0           0  
      0.000000  0.000000 10.926500            0           0           0  
     -1.546800  2.679136 10.926500            0           0           0  
      3.093600  0.000000 10.926500            0           0           0  
      1.546800  2.679136 10.926500            0           0           0  
     -3.093598  5.358271 13.918005    -0.001300    0.013094   -0.000007  
      4.607839  2.660340 13.875095    -0.004288    0.000570   -0.002196  
      3.093598  0.037597 13.875095    -0.000287   -0.008294    0.005291  
      1.579370  2.660332 13.875087     0.005384   -0.000407   -0.003110  
      6.187196  0.000002 20.903618     0.002337   -0.023356    0.000002  
      4.637541  2.677490 20.900171     0.015344   -0.003886   -0.001597  
      3.093596  0.003299 20.900171     0.001212    0.027437    0.003876  
      1.549651  2.677490 20.900171    -0.018864   -0.000472   -0.002268  
      3.093470  1.786163 12.009853    -0.003302    0.032817    0.000005  
 
  71 f  =    6.398384 THz    40.202235 2PiTHz  213.427130 cm-1    26.461580 meV
             X         Y         Z           dx          dy          dz
      0.000031  1.786073  4.861250            0           0           0  
     -1.546769  4.465209  4.861250            0           0           0  
      3.093631  1.786073  4.861250            0           0           0  
      1.546831  4.465209  4.861250            0           0           0  
      0.000000  0.000000  7.269000            0           0           0  
     -1.546800  2.679136  7.269000            0           0           0  
      3.093600  0.000000  7.269000            0           0           0  
      1.546800  2.679136  7.269000            0           0           0  
      1.546769  0.893063  9.676500            0           0           0  
     -0.000031  3.572200  9.676500            0           0           0  
      4.640369  0.893063  9.676500            0           0           0  
      3.093569  3.572200  9.676500            0           0           0  
      1.537717  0.887799 14.838257    -0.004090   -0.002568    0.025832  
      0.000001  3.572181 14.777911     0.000093   -0.000013   -0.043646  
      4.649484  0.887801 14.838246     0.004130   -0.002188    0.025897  
      3.093602  3.582671 14.838257    -0.000124    0.004763    0.025847  
      6.187198  0.000001 17.411768    -0.000036    0.000013   -0.010340  
     -1.546183  2.679494 17.398133    -0.004302   -0.002380    0.005025  
     -0.000001  5.357559 17.398133     0.000126    0.004934    0.005017  
      1.546179  2.679495 17.398132     0.004242   -0.002575    0.005103  
     -0.000004  1.786780 19.984037    -0.000378   -0.008789   -0.044258  
     -1.546209  4.464886 19.984036    -0.007427    0.004685   -0.044624  
      3.093596  1.786093 19.985921     0.000015   -0.000011    0.097682  
      1.546202  4.464886 19.984037     0.007770    0.004120   -0.044225  
      1.546769  0.893063  5.959750            0           0           0  
     -0.000031  3.572200  5.959750            0           0           0  
      4.640369  0.893063  5.959750            0           0           0  
      3.093569  3.572200  5.959750            0           0           0  
      0.000031  1.786073  8.578000            0           0           0  
     -1.546769  4.465209  8.578000            0           0           0  
      3.093631  1.786073  8.578000            0           0           0  
      1.546831  4.465209  8.578000            0           0           0  
     -0.000001  1.797243 16.121959    -0.000008    0.001521    0.001651  
     -1.537143  4.459651 16.121962     0.001321   -0.000747    0.001621  
      3.093600  1.786091 16.148331     0.000009   -0.000002    0.016668  
      1.537142  4.459651 16.121959    -0.001315   -0.000777    0.001653  
      1.543829  0.891333 18.663159     0.003093    0.001761    0.001084  
     -0.000003  3.572183 18.668587     0.000012   -0.000006   -0.020717  
      4.643366  0.891333 18.663159    -0.003066    0.001803    0.001141  
      3.093597  3.575611 18.663159    -0.000038   -0.003557    0.001089  
      0.000000  0.000000  3.611250            0           0           0  
     -1.546800  2.679136  3.611250            0           0           0  
      3.093600  0.000000  3.611250            0           0           0  
      1.546800  2.679136  3.611250            0           0           0  
      0.000000  0.000000 10.926500            0           0           0  
     -1.546800  2.679136 10.926500            0           0           0  
      3.093600  0.000000 10.926500            0           0           0  
      1.546800  2.679136 10.926500            0           0           0  
     -3.093598  5.358271 13.918005    -0.000040    0.000006    0.018507  
      4.607839  2.660340 13.875095    -0.004645   -0.002640    0.007079  
      3.093598  0.037597 13.875095     0.000044    0.005358    0.007077  
      1.579370  2.660332 13.875087     0.004610   -0.002710    0.007097  
      6.187196  0.000002 20.903618     0.000029   -0.000011   -0.032801  
      4.637541  2.677490 20.900171     0.011906    0.007047   -0.001662  
      3.093596  0.003299 20.900171     0.000086   -0.013833   -0.001650  
      1.549651  2.677490 20.900171    -0.012036    0.006811   -0.001575  
      3.093470  1.786163 12.009853     0.000246   -0.000141    0.015852  
 
  72 f  =    6.387625 THz    40.134631 2PiTHz  213.068230 cm-1    26.417082 meV
             X         Y         Z           dx          dy          dz
      0.000031  1.786073  4.861250            0           0           0  
     -1.546769  4.465209  4.861250            0           0           0  
      3.093631  1.786073  4.861250            0           0           0  
      1.546831  4.465209  4.861250            0           0           0  
      0.000000  0.000000  7.269000            0           0           0  
     -1.546800  2.679136  7.269000            0           0           0  
      3.093600  0.000000  7.269000            0           0           0  
      1.546800  2.679136  7.269000            0           0           0  
      1.546769  0.893063  9.676500            0           0           0  
     -0.000031  3.572200  9.676500            0           0           0  
      4.640369  0.893063  9.676500            0           0           0  
      3.093569  3.572200  9.676500            0           0           0  
      1.537717  0.887799 14.838257    -0.015730    0.027432    0.000151  
      0.000001  3.572181 14.777911    -0.000105   -0.000050   -0.000214  
      4.649484  0.887801 14.838246    -0.015737   -0.027460    0.000099  
      3.093602  3.582671 14.838257     0.031588    0.000060    0.000112  
      6.187198  0.000001 17.411768     0.000094    0.000017   -0.000050  
     -1.546183  2.679494 17.398133     0.010987   -0.019207    0.000075  
     -0.000001  5.357559 17.398133    -0.022112    0.000016   -0.000002  
      1.546179  2.679495 17.398132     0.011027    0.019165   -0.000002  
     -0.000004  1.786780 19.984037     0.072334   -0.000057   -0.000094  
     -1.546209  4.464886 19.984036    -0.036123   -0.062717   -0.000087  
      3.093596  1.786093 19.985921    -0.000176    0.000001    0.000478  
      1.546202  4.464886 19.984037    -0.036080    0.062775   -0.000451  
      1.546769  0.893063  5.959750            0           0           0  
     -0.000031  3.572200  5.959750            0           0           0  
      4.640369  0.893063  5.959750            0           0           0  
      3.093569  3.572200  5.959750            0           0           0  
      0.000031  1.786073  8.578000            0           0           0  
     -1.546769  4.465209  8.578000            0           0           0  
      3.093631  1.786073  8.578000            0           0           0  
      1.546831  4.465209  8.578000            0           0           0  
     -0.000001  1.797243 16.121959     0.002593    0.000011    0.000013  
     -1.537143  4.459651 16.121962    -0.001296   -0.002258    0.000016  
      3.093600  1.786091 16.148331    -0.000015   -0.000005    0.000079  
      1.537142  4.459651 16.121959    -0.001305    0.002251   -0.000011  
      1.543829  0.891333 18.663159    -0.002948    0.005170    0.000035  
     -0.000003  3.572183 18.668587    -0.000009   -0.000006   -0.000098  
      4.643366  0.891333 18.663159    -0.002973   -0.005144   -0.000004  
      3.093597  3.575611 18.663159     0.005963   -0.000018   -0.000010  
      0.000000  0.000000  3.611250            0           0           0  
     -1.546800  2.679136  3.611250            0           0           0  
      3.093600  0.000000  3.611250            0           0           0  
      1.546800  2.679136  3.611250            0           0           0  
      0.000000  0.000000 10.926500            0           0           0  
     -1.546800  2.679136 10.926500            0           0           0  
      3.093600  0.000000 10.926500            0           0           0  
      1.546800  2.679136 10.926500            0           0           0  
     -3.093598  5.358271 13.918005     0.000023    0.000019    0.000089  
      4.607839  2.660340 13.875095     0.004090   -0.007161    0.000061  
      3.093598  0.037597 13.875095    -0.008279    0.000028    0.000013  
      1.579370  2.660332 13.875087     0.004134    0.007138    0.000014  
      6.187196  0.000002 20.903618     0.000038   -0.000017   -0.000160  
      4.637541  2.677490 20.900171     0.012316   -0.021268    0.000043  
      3.093596  0.003299 20.900171    -0.024508   -0.000070   -0.000025  
      1.549651  2.677490 20.900171     0.012217    0.021363   -0.000027  
      3.093470  1.786163 12.009853    -0.000397   -0.000176    0.000075  
 
  73 f  =    6.332157 THz    39.786116 2PiTHz  211.218023 cm-1    26.187685 meV
             X         Y         Z           dx          dy          dz
      0.000031  1.786073  4.861250            0           0           0  
     -1.546769  4.465209  4.861250            0           0           0  
      3.093631  1.786073  4.861250            0           0           0  
      1.546831  4.465209  4.861250            0           0           0  
      0.000000  0.000000  7.269000            0           0           0  
     -1.546800  2.679136  7.269000            0           0           0  
      3.093600  0.000000  7.269000            0           0           0  
      1.546800  2.679136  7.269000            0           0           0  
      1.546769  0.893063  9.676500            0           0           0  
     -0.000031  3.572200  9.676500            0           0           0  
      4.640369  0.893063  9.676500            0           0           0  
      3.093569  3.572200  9.676500            0           0           0  
      1.537717  0.887799 14.838257    -0.001970    0.019214    0.003335  
      0.000001  3.572181 14.777911    -0.032696    0.041086   -0.000118  
      4.649484  0.887801 14.838246     0.046382   -0.019203   -0.020546  
      3.093602  3.582671 14.838257    -0.011146   -0.041837    0.017298  
      6.187198  0.000001 17.411768     0.009752   -0.012245   -0.000019  
     -1.546183  2.679494 17.398133    -0.004813    0.003357    0.001951  
     -0.000001  5.357559 17.398133    -0.003321    0.013032    0.010212  
      1.546179  2.679495 17.398132    -0.012440    0.009422   -0.012134  
     -0.000004  1.786780 19.984037     0.004672   -0.002948   -0.062899  
     -1.546209  4.464886 19.984036     0.001670   -0.004121    0.074690  
      3.093596  1.786093 19.985921    -0.006916    0.008636    0.000258  
      1.546202  4.464886 19.984037     0.004310   -0.006232   -0.012017  
      1.546769  0.893063  5.959750            0           0           0  
     -0.000031  3.572200  5.959750            0           0           0  
      4.640369  0.893063  5.959750            0           0           0  
      3.093569  3.572200  5.959750            0           0           0  
      0.000031  1.786073  8.578000            0           0           0  
     -1.546769  4.465209  8.578000            0           0           0  
      3.093631  1.786073  8.578000            0           0           0  
      1.546831  4.465209  8.578000            0           0           0  
     -0.000001  1.797243 16.121959    -0.001872   -0.003599   -0.005439  
     -1.537143  4.459651 16.121962     0.004258   -0.001187    0.006451  
      3.093600  1.786091 16.148331    -0.003418    0.004288    0.000022  
      1.537142  4.459651 16.121959    -0.000902    0.002907   -0.001049  
      1.543829  0.891333 18.663159     0.001280   -0.002136    0.001793  
     -0.000003  3.572183 18.668587    -0.003914    0.004906   -0.000035  
      4.643366  0.891333 18.663159    -0.000320   -0.000872   -0.011094  
      3.093597  3.575611 18.663159     0.001562   -0.000146    0.009350  
      0.000000  0.000000  3.611250            0           0           0  
     -1.546800  2.679136  3.611250            0           0           0  
      3.093600  0.000000  3.611250            0           0           0  
      1.546800  2.679136  3.611250            0           0           0  
      0.000000  0.000000 10.926500            0           0           0  
     -1.546800  2.679136 10.926500            0           0           0  
      3.093600  0.000000 10.926500            0           0           0  
      1.546800  2.679136 10.926500            0           0           0  
     -3.093598  5.358271 13.918005     0.014959   -0.018802    0.000009  
      4.607839  2.660340 13.875095     0.000023   -0.001284    0.000393  
      3.093598  0.037597 13.875095     0.000700    0.003288    0.002111  
      1.579370  2.660332 13.875087    -0.003565    0.001562   -0.002545  
      6.187196  0.000002 20.903618    -0.004793    0.006031   -0.000048  
      4.637541  2.677490 20.900171     0.006483   -0.012121    0.002639  
      3.093596  0.003299 20.900171     0.008695    0.002432    0.013763  
      1.549651  2.677490 20.900171    -0.005124   -0.002928   -0.016322  
      3.093470  1.786163 12.009853    -0.060372    0.075514    0.000063  
 
  74 f  =    6.331944 THz    39.784775 2PiTHz  211.210904 cm-1    26.186803 meV
             X         Y         Z           dx          dy          dz
      0.000031  1.786073  4.861250            0           0           0  
     -1.546769  4.465209  4.861250            0           0           0  
      3.093631  1.786073  4.861250            0           0           0  
      1.546831  4.465209  4.861250            0           0           0  
      0.000000  0.000000  7.269000            0           0           0  
     -1.546800  2.679136  7.269000            0           0           0  
      3.093600  0.000000  7.269000            0           0           0  
      1.546800  2.679136  7.269000            0           0           0  
      1.546769  0.893063  9.676500            0           0           0  
     -0.000031  3.572200  9.676500            0           0           0  
      4.640369  0.893063  9.676500            0           0           0  
      3.093569  3.572200  9.676500            0           0           0  
      1.537717  0.887799 14.838257    -0.047239   -0.024115   -0.021805  
      0.000001  3.572181 14.777911     0.041119    0.032784    0.000065  
      4.649484  0.887801 14.838246    -0.008686    0.024122    0.008033  
      3.093602  3.582671 14.838257     0.014040   -0.033406    0.013652  
      6.187198  0.000001 17.411768    -0.012242   -0.009773    0.000011  
     -1.546183  2.679494 17.398133     0.013941    0.008888   -0.012910  
     -0.000001  5.357559 17.398133     0.004145    0.010388    0.008122  
      1.546179  2.679495 17.398132     0.007819    0.001319    0.004768  
     -0.000004  1.786780 19.984037    -0.005719   -0.002365   -0.049962  
     -1.546209  4.464886 19.984036    -0.004846   -0.005568   -0.029308  
      3.093596  1.786093 19.985921     0.008684    0.006922   -0.000111  
      1.546202  4.464886 19.984037    -0.002840   -0.002695    0.079442  
      1.546769  0.893063  5.959750            0           0           0  
     -0.000031  3.572200  5.959750            0           0           0  
      4.640369  0.893063  5.959750            0           0           0  
      3.093569  3.572200  5.959750            0           0           0  
      0.000031  1.786073  8.578000            0           0           0  
     -1.546769  4.465209  8.578000            0           0           0  
      3.093631  1.786073  8.578000            0           0           0  
      1.546831  4.465209  8.578000            0           0           0  
     -0.000001  1.797243 16.121959     0.002356   -0.002877   -0.004312  
     -1.537143  4.459651 16.121962    -0.000060    0.003252   -0.002539  
      3.093600  1.786091 16.148331     0.004306    0.003425   -0.000023  
      1.537142  4.459651 16.121959    -0.004163   -0.001884    0.006841  
      1.543829  0.891333 18.663159     0.000019   -0.000402   -0.011794  
     -0.000003  3.572183 18.668587     0.004922    0.003915    0.000029  
      4.643366  0.891333 18.663159    -0.001229   -0.002000    0.004364  
      3.093597  3.575611 18.663159    -0.001944   -0.000107    0.007428  
      0.000000  0.000000  3.611250            0           0           0  
     -1.546800  2.679136  3.611250            0           0           0  
      3.093600  0.000000  3.611250            0           0           0  
      1.546800  2.679136  3.611250            0           0           0  
      0.000000  0.000000 10.926500            0           0           0  
     -1.546800  2.679136 10.926500            0           0           0  
      3.093600  0.000000 10.926500            0           0           0  
      1.546800  2.679136 10.926500            0           0           0  
     -3.093598  5.358271 13.918005    -0.018803   -0.014989   -0.000025  
      4.607839  2.660340 13.875095     0.003716    0.001907   -0.002703  
      3.093598  0.037597 13.875095    -0.000938    0.002625    0.001681  
      1.579370  2.660332 13.875087     0.000777   -0.001695    0.000984  
      6.187196  0.000002 20.903618     0.005997    0.004783    0.000042  
      4.637541  2.677490 20.900171     0.003759   -0.000286   -0.017358  
      3.093596  0.003299 20.900171    -0.010965    0.001994    0.010945  
      1.549651  2.677490 20.900171    -0.005426   -0.011740    0.006431  
      3.093470  1.786163 12.009853     0.075394    0.059898   -0.000038  
 
  75 f  =    6.213886 THz    39.042999 2PiTHz  207.272934 cm-1    25.698557 meV
             X         Y         Z           dx          dy          dz
      0.000031  1.786073  4.861250            0           0           0  
     -1.546769  4.465209  4.861250            0           0           0  
      3.093631  1.786073  4.861250            0           0           0  
      1.546831  4.465209  4.861250            0           0           0  
      0.000000  0.000000  7.269000            0           0           0  
     -1.546800  2.679136  7.269000            0           0           0  
      3.093600  0.000000  7.269000            0           0           0  
      1.546800  2.679136  7.269000            0           0           0  
      1.546769  0.893063  9.676500            0           0           0  
     -0.000031  3.572200  9.676500            0           0           0  
      4.640369  0.893063  9.676500            0           0           0  
      3.093569  3.572200  9.676500            0           0           0  
      1.537717  0.887799 14.838257     0.030476   -0.000034    0.004209  
      0.000001  3.572181 14.777911     0.003920   -0.053138    0.000010  
      4.649484  0.887801 14.838246    -0.036558    0.004905    0.005290  
      3.093602  3.582671 14.838257     0.001235    0.060472   -0.009785  
      6.187198  0.000001 17.411768    -0.000252    0.003317   -0.000046  
     -1.546183  2.679494 17.398133    -0.012006    0.000352   -0.008012  
     -0.000001  5.357559 17.398133    -0.000489   -0.023368    0.018311  
      1.546179  2.679495 17.398132     0.014357   -0.001546   -0.010270  
     -0.000004  1.786780 19.984037     0.001029    0.033144   -0.063290  
     -1.546209  4.464886 19.984036    -0.021934   -0.000646    0.035581  
      3.093596  1.786093 19.985921     0.001488   -0.020557    0.000237  
      1.546202  4.464886 19.984037     0.018783   -0.003522    0.027751  
      1.546769  0.893063  5.959750            0           0           0  
     -0.000031  3.572200  5.959750            0           0           0  
      4.640369  0.893063  5.959750            0           0           0  
      3.093569  3.572200  5.959750            0           0           0  
      0.000031  1.786073  8.578000            0           0           0  
     -1.546769  4.465209  8.578000            0           0           0  
      3.093631  1.786073  8.578000            0           0           0  
      1.546831  4.465209  8.578000            0           0           0  
     -0.000001  1.797243 16.121959     0.000240    0.006117   -0.003769  
     -1.537143  4.459651 16.121962    -0.004357   -0.000646    0.002070  
      3.093600  1.786091 16.148331     0.000367   -0.004880   -0.000038  
      1.537142  4.459651 16.121959     0.003807   -0.001239    0.001582  
      1.543829  0.891333 18.663159     0.003615   -0.004505   -0.003180  
     -0.000003  3.572183 18.668587     0.000198   -0.002601    0.000016  
      4.643366  0.891333 18.663159    -0.003597   -0.003990   -0.004095  
      3.093597  3.575611 18.663159     0.000463    0.001979    0.007396  
      0.000000  0.000000  3.611250            0           0           0  
     -1.546800  2.679136  3.611250            0           0           0  
      3.093600  0.000000  3.611250            0           0           0  
      1.546800  2.679136  3.611250            0           0           0  
      0.000000  0.000000 10.926500            0           0           0  
     -1.546800  2.679136 10.926500            0           0           0  
      3.093600  0.000000 10.926500            0           0           0  
      1.546800  2.679136 10.926500            0           0           0  
     -3.093598  5.358271 13.918005    -0.001807    0.024608   -0.000090  
      4.607839  2.660340 13.875095    -0.010658    0.005314   -0.003876  
      3.093598  0.037597 13.875095    -0.000827   -0.015086    0.008629  
      1.579370  2.660332 13.875087     0.011920    0.003628   -0.004966  
      6.187196  0.000002 20.903618    -0.001226    0.016894    0.000038  
      4.637541  2.677490 20.900171     0.000148   -0.005227   -0.006179  
      3.093596  0.003299 20.900171     0.000338   -0.005742    0.014411  
      1.549651  2.677490 20.900171     0.000658   -0.005251   -0.007954  
      3.093470  1.786163 12.009853    -0.007967    0.105833   -0.000006  
 
  76 f  =    6.213721 THz    39.041959 2PiTHz  207.267414 cm-1    25.697873 meV
             X         Y         Z           dx          dy          dz
      0.000031  1.786073  4.861250            0           0           0  
     -1.546769  4.465209  4.861250            0           0           0  
      3.093631  1.786073  4.861250            0           0           0  
      1.546831  4.465209  4.861250            0           0           0  
      0.000000  0.000000  7.269000            0           0           0  
     -1.546800  2.679136  7.269000            0           0           0  
      3.093600  0.000000  7.269000            0           0           0  
      1.546800  2.679136  7.269000            0           0           0  
      1.546769  0.893063  9.676500            0           0           0  
     -0.000031  3.572200  9.676500            0           0           0  
      4.640369  0.893063  9.676500            0           0           0  
      3.093569  3.572200  9.676500            0           0           0  
      1.537717  0.887799 14.838257     0.043553    0.033672    0.008933  
      0.000001  3.572181 14.777911    -0.053161   -0.003814    0.000002  
      4.649484  0.887801 14.838246     0.038740   -0.033350   -0.007841  
      3.093602  3.582671 14.838257    -0.016945    0.004356   -0.000646  
      6.187198  0.000001 17.411768     0.003315    0.000224    0.000065  
     -1.546183  2.679494 17.398133    -0.016713   -0.013164   -0.016555  
     -0.000001  5.357559 17.398133     0.007024   -0.001719    0.001351  
      1.546179  2.679495 17.398132    -0.014834    0.013144    0.015158  
     -0.000004  1.786780 19.984037    -0.013827    0.002444   -0.004753  
     -1.546209  4.464886 19.984036     0.019886   -0.020476   -0.052510  
      3.093596  1.786093 19.985921    -0.020511   -0.001501   -0.000308  
      1.546202  4.464886 19.984037     0.022854    0.020145    0.057131  
      1.546769  0.893063  5.959750            0           0           0  
     -0.000031  3.572200  5.959750            0           0           0  
      4.640369  0.893063  5.959750            0           0           0  
      3.093569  3.572200  5.959750            0           0           0  
      0.000031  1.786073  8.578000            0           0           0  
     -1.546769  4.465209  8.578000            0           0           0  
      3.093631  1.786073  8.578000            0           0           0  
      1.546831  4.465209  8.578000            0           0           0  
     -0.000001  1.797243 16.121959    -0.003302    0.000450   -0.000201  
     -1.537143  4.459651 16.121962     0.003476   -0.004158   -0.003038  
      3.093600  1.786091 16.148331    -0.004875   -0.000346    0.000066  
      1.537142  4.459651 16.121959     0.004060    0.004007    0.003425  
      1.543829  0.891333 18.663159     0.000164    0.003285   -0.006707  
     -0.000003  3.572183 18.668587    -0.002586   -0.000181   -0.000035  
      4.643366  0.891333 18.663159    -0.000351   -0.003914    0.006038  
      3.093597  3.575611 18.663159    -0.006332    0.000158    0.000481  
      0.000000  0.000000  3.611250            0           0           0  
     -1.546800  2.679136  3.611250            0           0           0  
      3.093600  0.000000  3.611250            0           0           0  
      1.546800  2.679136  3.611250            0           0           0  
      0.000000  0.000000 10.926500            0           0           0  
     -1.546800  2.679136 10.926500            0           0           0  
      3.093600  0.000000 10.926500            0           0           0  
      1.546800  2.679136 10.926500            0           0           0  
     -3.093598  5.358271 13.918005     0.024616    0.001775    0.000141  
      4.607839  2.660340 13.875095    -0.009391   -0.010986   -0.007748  
      3.093598  0.037597 13.875095     0.010992   -0.001075    0.000761  
      1.579370  2.660332 13.875087    -0.007777    0.011602    0.007333  
      6.187196  0.000002 20.903618     0.016887    0.001247   -0.000069  
      4.637541  2.677490 20.900171    -0.005587   -0.000667   -0.013080  
      3.093596  0.003299 20.900171    -0.005104   -0.000394    0.000916  
      1.549651  2.677490 20.900171    -0.005514   -0.000145    0.011743  
      3.093470  1.786163 12.009853     0.105951    0.007480    0.000013  
 
  77 f  =    6.166089 THz    38.742678 2PiTHz  205.678581 cm-1    25.500883 meV
             X         Y         Z           dx          dy          dz
      0.000031  1.786073  4.861250            0           0           0  
     -1.546769  4.465209  4.861250            0           0           0  
      3.093631  1.786073  4.861250            0           0           0  
      1.546831  4.465209  4.861250            0           0           0  
      0.000000  0.000000  7.269000            0           0           0  
     -1.546800  2.679136  7.269000            0           0           0  
      3.093600  0.000000  7.269000            0           0           0  
      1.546800  2.679136  7.269000            0           0           0  
      1.546769  0.893063  9.676500            0           0           0  
     -0.000031  3.572200  9.676500            0           0           0  
      4.640369  0.893063  9.676500            0           0           0  
      3.093569  3.572200  9.676500            0           0           0  
      1.537717  0.887799 14.838257    -0.003120   -0.001832    0.051176  
      0.000001  3.572181 14.777911     0.000173   -0.000078   -0.014476  
      4.649484  0.887801 14.838246     0.002829   -0.001644    0.051134  
      3.093602  3.582671 14.838257     0.000065    0.003594    0.051161  
      6.187198  0.000001 17.411768    -0.000010   -0.000010    0.020450  
     -1.546183  2.679494 17.398133     0.007015    0.004059   -0.004221  
     -0.000001  5.357559 17.398133    -0.000014   -0.008102   -0.004206  
      1.546179  2.679495 17.398132    -0.006906    0.003988   -0.004305  
     -0.000004  1.786780 19.984037     0.000045    0.003494   -0.019121  
     -1.546209  4.464886 19.984036     0.002879   -0.001661   -0.018689  
      3.093596  1.786093 19.985921     0.000058   -0.000012   -0.079205  
      1.546202  4.464886 19.984037    -0.003018   -0.001792   -0.019052  
      1.546769  0.893063  5.959750            0           0           0  
     -0.000031  3.572200  5.959750            0           0           0  
      4.640369  0.893063  5.959750            0           0           0  
      3.093569  3.572200  5.959750            0           0           0  
      0.000031  1.786073  8.578000            0           0           0  
     -1.546769  4.465209  8.578000            0           0           0  
      3.093631  1.786073  8.578000            0           0           0  
      1.546831  4.465209  8.578000            0           0           0  
     -0.000001  1.797243 16.121959     0.000009    0.002858    0.018571  
     -1.537143  4.459651 16.121962     0.002455   -0.001420    0.018612  
      3.093600  1.786091 16.148331     0.000018   -0.000010    0.022685  
      1.537142  4.459651 16.121959    -0.002474   -0.001439    0.018571  
      1.543829  0.891333 18.663159    -0.001799   -0.001066   -0.018161  
     -0.000003  3.572183 18.668587     0.000011   -0.000005   -0.013319  
      4.643366  0.891333 18.663159     0.001802   -0.001043   -0.018207  
      3.093597  3.575611 18.663159     0.000021    0.002090   -0.018158  
      0.000000  0.000000  3.611250            0           0           0  
     -1.546800  2.679136  3.611250            0           0           0  
      3.093600  0.000000  3.611250            0           0           0  
      1.546800  2.679136  3.611250            0           0           0  
      0.000000  0.000000 10.926500            0           0           0  
     -1.546800  2.679136 10.926500            0           0           0  
      3.093600  0.000000 10.926500            0           0           0  
      1.546800  2.679136 10.926500            0           0           0  
     -3.093598  5.358271 13.918005    -0.000073    0.000036    0.049436  
      4.607839  2.660340 13.875095    -0.002916   -0.001634    0.034208  
      3.093598  0.037597 13.875095    -0.000056    0.003360    0.034206  
      1.579370  2.660332 13.875087     0.002995   -0.001728    0.034161  
      6.187196  0.000002 20.903618    -0.000057    0.000038   -0.026056  
      4.637541  2.677490 20.900171    -0.004819   -0.002804   -0.041644  
      3.093596  0.003299 20.900171     0.000022    0.005589   -0.041633  
      1.549651  2.677490 20.900171     0.004853   -0.002807   -0.041707  
      3.093470  1.786163 12.009853    -0.000614    0.000299    0.018729  
 
  78 f  =    6.050426 THz    38.015948 2PiTHz  201.820489 cm-1    25.022540 meV
             X         Y         Z           dx          dy          dz
      0.000031  1.786073  4.861250            0           0           0  
     -1.546769  4.465209  4.861250            0           0           0  
      3.093631  1.786073  4.861250            0           0           0  
      1.546831  4.465209  4.861250            0           0           0  
      0.000000  0.000000  7.269000            0           0           0  
     -1.546800  2.679136  7.269000            0           0           0  
      3.093600  0.000000  7.269000            0           0           0  
      1.546800  2.679136  7.269000            0           0           0  
      1.546769  0.893063  9.676500            0           0           0  
     -0.000031  3.572200  9.676500            0           0           0  
      4.640369  0.893063  9.676500            0           0           0  
      3.093569  3.572200  9.676500            0           0           0  
      1.537717  0.887799 14.838257    -0.009514    0.008268    0.018842  
      0.000001  3.572181 14.777911    -0.001777    0.001681    0.000184  
      4.649484  0.887801 14.838246    -0.010687    0.009490   -0.064142  
      3.093602  3.582671 14.838257    -0.009052    0.009855    0.045153  
      6.187198  0.000001 17.411768     0.004365   -0.004140   -0.000047  
     -1.546183  2.679494 17.398133     0.014921   -0.018658   -0.004634  
     -0.000001  5.357559 17.398133     0.017931   -0.008642   -0.011076  
      1.546179  2.679495 17.398132     0.007793   -0.011077    0.015755  
     -0.000004  1.786780 19.984037    -0.007560    0.000992    0.022745  
     -1.546209  4.464886 19.984036    -0.000025    0.002801   -0.032333  
      3.093596  1.786093 19.985921    -0.006169    0.005835    0.000050  
      1.546202  4.464886 19.984037    -0.005322    0.008391    0.009515  
      1.546769  0.893063  5.959750            0           0           0  
     -0.000031  3.572200  5.959750            0           0           0  
      4.640369  0.893063  5.959750            0           0           0  
      3.093569  3.572200  5.959750            0           0           0  
      0.000031  1.786073  8.578000            0           0           0  
     -1.546769  4.465209  8.578000            0           0           0  
      3.093631  1.786073  8.578000            0           0           0  
      1.546831  4.465209  8.578000            0           0           0  
     -0.000001  1.797243 16.121959    -0.000074   -0.003671   -0.006303  
     -1.537143  4.459651 16.121962     0.004500   -0.002574    0.008952  
      3.093600  1.786091 16.148331     0.005267   -0.004970   -0.000016  
      1.537142  4.459651 16.121959     0.001281    0.000851   -0.002628  
      1.543829  0.891333 18.663159     0.002505   -0.000989   -0.000218  
     -0.000003  3.572183 18.668587     0.004799   -0.004530   -0.000002  
      4.643366  0.891333 18.663159     0.004663   -0.003283    0.000712  
      3.093597  3.575611 18.663159     0.001593   -0.004012   -0.000508  
      0.000000  0.000000  3.611250            0           0           0  
     -1.546800  2.679136  3.611250            0           0           0  
      3.093600  0.000000  3.611250            0           0           0  
      1.546800  2.679136  3.611250            0           0           0  
      0.000000  0.000000 10.926500            0           0           0  
     -1.546800  2.679136 10.926500            0           0           0  
      3.093600  0.000000 10.926500            0           0           0  
      1.546800  2.679136 10.926500            0           0           0  
     -3.093598  5.358271 13.918005     0.001554   -0.001461   -0.000034  
      4.607839  2.660340 13.875095    -0.007639    0.019246   -0.000256  
      3.093598  0.037597 13.875095    -0.015549   -0.007173   -0.000615  
      1.579370  2.660332 13.875087     0.011252   -0.000795    0.000906  
      6.187196  0.000002 20.903618    -0.000618    0.000587   -0.000018  
      4.637541  2.677490 20.900171    -0.005692    0.006607   -0.002528  
      3.093596  0.003299 20.900171    -0.006495    0.003913   -0.006031  
      1.549651  2.677490 20.900171    -0.003783    0.004553    0.008552  
      3.093470  1.786163 12.009853    -0.204147    0.192644    0.000063  
 
  79 f  =    6.049348 THz    38.009178 2PiTHz  201.784545 cm-1    25.018084 meV
             X         Y         Z           dx          dy          dz
      0.000031  1.786073  4.861250            0           0           0  
     -1.546769  4.465209  4.861250            0           0           0  
      3.093631  1.786073  4.861250            0           0           0  
      1.546831  4.465209  4.861250            0           0           0  
      0.000000  0.000000  7.269000            0           0           0  
     -1.546800  2.679136  7.269000            0           0           0  
      3.093600  0.000000  7.269000            0           0           0  
      1.546800  2.679136  7.269000            0           0           0  
      1.546769  0.893063  9.676500            0           0           0  
     -0.000031  3.572200  9.676500            0           0           0  
      4.640369  0.893063  9.676500            0           0           0  
      3.093569  3.572200  9.676500            0           0           0  
      1.537717  0.887799 14.838257    -0.010217   -0.010020    0.062983  
      0.000001  3.572181 14.777911    -0.001685   -0.001788    0.000082  
      4.649484  0.887801 14.838246    -0.008959   -0.008822   -0.015191  
      3.093602  3.582671 14.838257    -0.008546   -0.010532   -0.047866  
      6.187198  0.000001 17.411768     0.004201    0.004459   -0.000018  
     -1.546183  2.679494 17.398133     0.007005    0.012222   -0.015417  
     -0.000001  5.357559 17.398133     0.016957    0.009257    0.011702  
      1.546179  2.679495 17.398132     0.014569    0.019340    0.003729  
     -0.000004  1.786780 19.984037    -0.007141   -0.001120   -0.023950  
     -1.546209  4.464886 19.984036    -0.005359   -0.008553   -0.007631  
      3.093596  1.786093 19.985921    -0.005839   -0.006191    0.000031  
      1.546202  4.464886 19.984037     0.000209   -0.003327    0.031561  
      1.546769  0.893063  5.959750            0           0           0  
     -0.000031  3.572200  5.959750            0           0           0  
      4.640369  0.893063  5.959750            0           0           0  
      3.093569  3.572200  5.959750            0           0           0  
      0.000031  1.786073  8.578000            0           0           0  
     -1.546769  4.465209  8.578000            0           0           0  
      3.093631  1.786073  8.578000            0           0           0  
      1.546831  4.465209  8.578000            0           0           0  
     -0.000001  1.797243 16.121959    -0.000045    0.003891    0.006692  
     -1.537143  4.459651 16.121962     0.001034   -0.000674    0.002120  
      3.093600  1.786091 16.148331     0.004991    0.005286   -0.000006  
      1.537142  4.459651 16.121959     0.004454    0.002547   -0.008805  
      1.543829  0.891333 18.663159     0.004542    0.003367   -0.000679  
     -0.000003  3.572183 18.668587     0.004543    0.004811    0.000002  
      4.643366  0.891333 18.663159     0.002261    0.001215    0.000167  
      3.093597  3.575611 18.663159     0.001534    0.004263    0.000514  
      0.000000  0.000000  3.611250            0           0           0  
     -1.546800  2.679136  3.611250            0           0           0  
      3.093600  0.000000  3.611250            0           0           0  
      1.546800  2.679136  3.611250            0           0           0  
      0.000000  0.000000 10.926500            0           0           0  
     -1.546800  2.679136 10.926500            0           0           0  
      3.093600  0.000000 10.926500            0           0           0  
      1.546800  2.679136 10.926500            0           0           0  
     -3.093598  5.358271 13.918005     0.001422    0.001509   -0.000013  
      4.607839  2.660340 13.875095     0.011740   -0.000322   -0.000834  
      3.093598  0.037597 13.875095    -0.014696    0.007593    0.000632  
      1.579370  2.660332 13.875087    -0.008342   -0.019249    0.000211  
      6.187196  0.000002 20.903618    -0.000633   -0.000672   -0.000004  
      4.637541  2.677490 20.900171    -0.003475   -0.004948   -0.008362  
      3.093596  0.003299 20.900171    -0.006132   -0.004168    0.006353  
      1.549651  2.677490 20.900171    -0.005496   -0.006872    0.002031  
      3.093470  1.786163 12.009853    -0.192921   -0.204534    0.000010  
 
  80 f  =    5.922682 THz    37.213310 2PiTHz  197.559412 cm-1    24.494234 meV
             X         Y         Z           dx          dy          dz
      0.000031  1.786073  4.861250            0           0           0  
     -1.546769  4.465209  4.861250            0           0           0  
      3.093631  1.786073  4.861250            0           0           0  
      1.546831  4.465209  4.861250            0           0           0  
      0.000000  0.000000  7.269000            0           0           0  
     -1.546800  2.679136  7.269000            0           0           0  
      3.093600  0.000000  7.269000            0           0           0  
      1.546800  2.679136  7.269000            0           0           0  
      1.546769  0.893063  9.676500            0           0           0  
     -0.000031  3.572200  9.676500            0           0           0  
      4.640369  0.893063  9.676500            0           0           0  
      3.093569  3.572200  9.676500            0           0           0  
      1.537717  0.887799 14.838257     0.007442    0.004273   -0.008487  
      0.000001  3.572181 14.777911     0.000024    0.000004    0.119755  
      4.649484  0.887801 14.838246    -0.007386    0.004273   -0.008364  
      3.093602  3.582671 14.838257     0.000030   -0.008586   -0.008455  
      6.187198  0.000001 17.411768    -0.000039    0.000015   -0.023448  
     -1.546183  2.679494 17.398133    -0.007971   -0.004543    0.007006  
     -0.000001  5.357559 17.398133    -0.000065    0.009166    0.006990  
      1.546179  2.679495 17.398132     0.007873   -0.004559    0.006968  
     -0.000004  1.786780 19.984037     0.000038   -0.001899   -0.031542  
     -1.546209  4.464886 19.984036    -0.001629    0.000944   -0.031426  
      3.093596  1.786093 19.985921     0.000036   -0.000008    0.006302  
      1.546202  4.464886 19.984037     0.001646    0.000923   -0.031558  
      1.546769  0.893063  5.959750            0           0           0  
     -0.000031  3.572200  5.959750            0           0           0  
      4.640369  0.893063  5.959750            0           0           0  
      3.093569  3.572200  5.959750            0           0           0  
      0.000031  1.786073  8.578000            0           0           0  
     -1.546769  4.465209  8.578000            0           0           0  
      3.093631  1.786073  8.578000            0           0           0  
      1.546831  4.465209  8.578000            0           0           0  
     -0.000001  1.797243 16.121959    -0.000009   -0.003684    0.014838  
     -1.537143  4.459651 16.121962    -0.003206    0.001851    0.014828  
      3.093600  1.786091 16.148331    -0.000019    0.000007    0.002784  
      1.537142  4.459651 16.121959     0.003179    0.001845    0.014840  
      1.543829  0.891333 18.663159     0.001208    0.000709   -0.012611  
     -0.000003  3.572183 18.668587    -0.000019    0.000006   -0.010036  
      4.643366  0.891333 18.663159    -0.001243    0.000718   -0.012621  
      3.093597  3.575611 18.663159    -0.000010   -0.001407   -0.012613  
      0.000000  0.000000  3.611250            0           0           0  
     -1.546800  2.679136  3.611250            0           0           0  
      3.093600  0.000000  3.611250            0           0           0  
      1.546800  2.679136  3.611250            0           0           0  
      0.000000  0.000000 10.926500            0           0           0  
     -1.546800  2.679136 10.926500            0           0           0  
      3.093600  0.000000 10.926500            0           0           0  
      1.546800  2.679136 10.926500            0           0           0  
     -3.093598  5.358271 13.918005     0.000009   -0.000014    0.006039  
      4.607839  2.660340 13.875095     0.006503    0.003709    0.029831  
      3.093598  0.037597 13.875095     0.000035   -0.007487    0.029827  
      1.579370  2.660332 13.875087    -0.006474    0.003741    0.029830  
      6.187196  0.000002 20.903618    -0.000001    0.000003   -0.031811  
      4.637541  2.677490 20.900171     0.002070    0.001170   -0.021496  
      3.093596  0.003299 20.900171     0.000027   -0.002369   -0.021501  
      1.549651  2.677490 20.900171    -0.002031    0.001180   -0.021516  
      3.093470  1.786163 12.009853     0.000330   -0.000136   -0.018416  
 
  81 f  =    5.828317 THz    36.620397 2PiTHz  194.411733 cm-1    24.103972 meV
             X         Y         Z           dx          dy          dz
      0.000031  1.786073  4.861250            0           0           0  
     -1.546769  4.465209  4.861250            0           0           0  
      3.093631  1.786073  4.861250            0           0           0  
      1.546831  4.465209  4.861250            0           0           0  
      0.000000  0.000000  7.269000            0           0           0  
     -1.546800  2.679136  7.269000            0           0           0  
      3.093600  0.000000  7.269000            0           0           0  
      1.546800  2.679136  7.269000            0           0           0  
      1.546769  0.893063  9.676500            0           0           0  
     -0.000031  3.572200  9.676500            0           0           0  
      4.640369  0.893063  9.676500            0           0           0  
      3.093569  3.572200  9.676500            0           0           0  
      1.537717  0.887799 14.838257     0.009704   -0.024262   -0.005678  
      0.000001  3.572181 14.777911     0.009905   -0.037640   -0.000042  
      4.649484  0.887801 14.838246    -0.000852   -0.021496   -0.015070  
      3.093602  3.582671 14.838257     0.006833   -0.013729    0.020764  
      6.187198  0.000001 17.411768    -0.015386    0.058453    0.000004  
     -1.546183  2.679494 17.398133    -0.013157    0.051307    0.000604  
     -0.000001  5.357559 17.398133    -0.013464    0.052421   -0.002222  
      1.546179  2.679495 17.398132    -0.014280    0.051601    0.001613  
     -0.000004  1.786780 19.984037     0.006757   -0.022829    0.008356  
     -1.546209  4.464886 19.984036     0.004967   -0.024642   -0.006092  
      3.093596  1.786093 19.985921     0.007305   -0.027742   -0.000009  
      1.546202  4.464886 19.984037     0.007429   -0.025290   -0.002242  
      1.546769  0.893063  5.959750            0           0           0  
     -0.000031  3.572200  5.959750            0           0           0  
      4.640369  0.893063  5.959750            0           0           0  
      3.093569  3.572200  5.959750            0           0           0  
      0.000031  1.786073  8.578000            0           0           0  
     -1.546769  4.465209  8.578000            0           0           0  
      3.093631  1.786073  8.578000            0           0           0  
      1.546831  4.465209  8.578000            0           0           0  
     -0.000001  1.797243 16.121959    -0.004577    0.016992   -0.005027  
     -1.537143  4.459651 16.121962    -0.004326    0.017249    0.003645  
      3.093600  1.786091 16.148331    -0.004448    0.016888    0.000002  
      1.537142  4.459651 16.121959    -0.004675    0.017340    0.001369  
      1.543829  0.891333 18.663159    -0.004531    0.017263    0.000056  
     -0.000003  3.572183 18.668587    -0.004016    0.015264    0.000004  
      4.643366  0.891333 18.663159    -0.004578    0.017274    0.000171  
      3.093597  3.575611 18.663159    -0.004543    0.017309   -0.000220  
      0.000000  0.000000  3.611250            0           0           0  
     -1.546800  2.679136  3.611250            0           0           0  
      3.093600  0.000000  3.611250            0           0           0  
      1.546800  2.679136  3.611250            0           0           0  
      0.000000  0.000000 10.926500            0           0           0  
     -1.546800  2.679136 10.926500            0           0           0  
      3.093600  0.000000 10.926500            0           0           0  
      1.546800  2.679136 10.926500            0           0           0  
     -3.093598  5.358271 13.918005     0.004248   -0.016151   -0.000002  
      4.607839  2.660340 13.875095    -0.000369   -0.011583   -0.000135  
      3.093598  0.037597 13.875095     0.002610   -0.022411    0.000445  
      1.579370  2.660332 13.875087     0.010502   -0.014419   -0.000338  
      6.187196  0.000002 20.903618     0.004771   -0.018095    0.000008  
      4.637541  2.677490 20.900171     0.004236   -0.017819    0.000510  
      3.093596  0.003299 20.900171     0.004625   -0.019276   -0.001865  
      1.549651  2.677490 20.900171     0.005693   -0.018209    0.001370  
      3.093470  1.786163 12.009853    -0.018532    0.071328    0.000022  
 
  82 f  =    5.828184 THz    36.619561 2PiTHz  194.407299 cm-1    24.103422 meV
             X         Y         Z           dx          dy          dz
      0.000031  1.786073  4.861250            0           0           0  
     -1.546769  4.465209  4.861250            0           0           0  
      3.093631  1.786073  4.861250            0           0           0  
      1.546831  4.465209  4.861250            0           0           0  
      0.000000  0.000000  7.269000            0           0           0  
     -1.546800  2.679136  7.269000            0           0           0  
      3.093600  0.000000  7.269000            0           0           0  
      1.546800  2.679136  7.269000            0           0           0  
      1.546769  0.893063  9.676500            0           0           0  
     -0.000031  3.572200  9.676500            0           0           0  
      4.640369  0.893063  9.676500            0           0           0  
      3.093569  3.572200  9.676500            0           0           0  
      1.537717  0.887799 14.838257     0.015379    0.000722    0.020723  
      0.000001  3.572181 14.777911     0.037654    0.009904   -0.000051  
      4.649484  0.887801 14.838246     0.018172    0.011292   -0.015222  
      3.093602  3.582671 14.838257     0.025926    0.003599   -0.005516  
      6.187198  0.000001 17.411768    -0.058449   -0.015373    0.000009  
     -1.546183  2.679494 17.398133    -0.052246   -0.014082   -0.002231  
     -0.000001  5.357559 17.398133    -0.051121   -0.013785    0.000591  
      1.546179  2.679495 17.398132    -0.051950   -0.012957    0.001632  
     -0.000004  1.786780 19.984037     0.025688    0.006006   -0.002195  
     -1.546209  4.464886 19.984036     0.023851    0.007780   -0.006147  
      3.093596  1.786093 19.985921     0.027744    0.007293    0.000007  
      1.546202  4.464886 19.984037     0.023206    0.005344    0.008399  
      1.546769  0.893063  5.959750            0           0           0  
     -0.000031  3.572200  5.959750            0           0           0  
      4.640369  0.893063  5.959750            0           0           0  
      3.093569  3.572200  5.959750            0           0           0  
      0.000031  1.786073  8.578000            0           0           0  
     -1.546769  4.465209  8.578000            0           0           0  
      3.093631  1.786073  8.578000            0           0           0  
      1.546831  4.465209  8.578000            0           0           0  
     -0.000001  1.797243 16.121959    -0.017395   -0.004466    0.001320  
     -1.537143  4.459651 16.121962    -0.017144   -0.004724    0.003673  
      3.093600  1.786091 16.148331    -0.016887   -0.004438   -0.000007  
      1.537142  4.459651 16.121959    -0.017051   -0.004375   -0.005021  
      1.543829  0.891333 18.663159    -0.017301   -0.004561   -0.000222  
     -0.000003  3.572183 18.668587    -0.015247   -0.004012    0.000007  
      4.643366  0.891333 18.663159    -0.017288   -0.004519    0.000185  
      3.093597  3.575611 18.663159    -0.017252   -0.004549    0.000067  
      0.000000  0.000000  3.611250            0           0           0  
     -1.546800  2.679136  3.611250            0           0           0  
      3.093600  0.000000  3.611250            0           0           0  
      1.546800  2.679136  3.611250            0           0           0  
      0.000000  0.000000 10.926500            0           0           0  
     -1.546800  2.679136 10.926500            0           0           0  
      3.093600  0.000000 10.926500            0           0           0  
      1.546800  2.679136 10.926500            0           0           0  
     -3.093598  5.358271 13.918005     0.016138    0.004251   -0.000010  
      4.607839  2.660340 13.875095     0.020710    0.008845    0.000440  
      3.093598  0.037597 13.875095     0.009859    0.005911   -0.000143  
      1.579370  2.660332 13.875087     0.017825   -0.002027   -0.000356  
      6.187196  0.000002 20.903618     0.018112    0.004757    0.000024  
      4.637541  2.677490 20.900171     0.019057    0.005464   -0.001864  
      3.093596  0.003299 20.900171     0.017573    0.005066    0.000515  
      1.549651  2.677490 20.900171     0.018674    0.004001    0.001407  
      3.093470  1.786163 12.009853    -0.071367   -0.019044    0.000026  
 
  83 f  =    3.298369 THz    20.724263 2PiTHz  110.021742 cm-1    13.640951 meV
             X         Y         Z           dx          dy          dz
      0.000031  1.786073  4.861250            0           0           0  
     -1.546769  4.465209  4.861250            0           0           0  
      3.093631  1.786073  4.861250            0           0           0  
      1.546831  4.465209  4.861250            0           0           0  
      0.000000  0.000000  7.269000            0           0           0  
     -1.546800  2.679136  7.269000            0           0           0  
      3.093600  0.000000  7.269000            0           0           0  
      1.546800  2.679136  7.269000            0           0           0  
      1.546769  0.893063  9.676500            0           0           0  
     -0.000031  3.572200  9.676500            0           0           0  
      4.640369  0.893063  9.676500            0           0           0  
      3.093569  3.572200  9.676500            0           0           0  
      1.537717  0.887799 14.838257     0.032649    0.028318    0.003611  
      0.000001  3.572181 14.777911     0.035435    0.030267    0.000000  
      4.649484  0.887801 14.838246     0.033692    0.029532   -0.001227  
      3.093602  3.582671 14.838257     0.034211    0.028026   -0.002385  
      6.187198  0.000001 17.411768    -0.001462   -0.001251    0.000000  
     -1.546183  2.679494 17.398133    -0.000218   -0.000204    0.001141  
     -0.000001  5.357559 17.398133    -0.000273   -0.000192   -0.000750  
      1.546179  2.679495 17.398132    -0.000257   -0.000245   -0.000387  
     -0.000004  1.786780 19.984037    -0.034819   -0.029684    0.000469  
     -1.546209  4.464886 19.984036    -0.034785   -0.029748    0.000247  
      3.093596  1.786093 19.985921    -0.035334   -0.030175   -0.000001  
      1.546202  4.464886 19.984037    -0.034741   -0.029693   -0.000710  
      1.546769  0.893063  5.959750            0           0           0  
     -0.000031  3.572200  5.959750            0           0           0  
      4.640369  0.893063  5.959750            0           0           0  
      3.093569  3.572200  5.959750            0           0           0  
      0.000031  1.786073  8.578000            0           0           0  
     -1.546769  4.465209  8.578000            0           0           0  
      3.093631  1.786073  8.578000            0           0           0  
      1.546831  4.465209  8.578000            0           0           0  
     -0.000001  1.797243 16.121959     0.013611    0.011632    0.000880  
     -1.537143  4.459651 16.121962     0.013626    0.011626    0.000450  
      3.093600  1.786091 16.148331     0.012430    0.010621   -0.000002  
      1.537142  4.459651 16.121959     0.013629    0.011633   -0.001332  
      1.543829  0.891333 18.663159    -0.013325   -0.011512    0.000681  
     -0.000003  3.572183 18.668587    -0.014136   -0.012069    0.000001  
      4.643366  0.891333 18.663159    -0.013619   -0.011856   -0.000232  
      3.093597  3.575611 18.663159    -0.013778   -0.011426   -0.000449  
      0.000000  0.000000  3.611250            0           0           0  
     -1.546800  2.679136  3.611250            0           0           0  
      3.093600  0.000000  3.611250            0           0           0  
      1.546800  2.679136  3.611250            0           0           0  
      0.000000  0.000000 10.926500            0           0           0  
     -1.546800  2.679136 10.926500            0           0           0  
      3.093600  0.000000 10.926500            0           0           0  
      1.546800  2.679136 10.926500            0           0           0  
     -3.093598  5.358271 13.918005     0.028287    0.024153   -0.000001  
      4.607839  2.660340 13.875095     0.029718    0.024651    0.001983  
      3.093598  0.037597 13.875095     0.027085    0.025138   -0.001315  
      1.579370  2.660332 13.875087     0.027970    0.022610   -0.000676  
      6.187196  0.000002 20.903618    -0.028935   -0.024718    0.000002  
      4.637541  2.677490 20.900171    -0.029065   -0.024709    0.000176  
      3.093596  0.003299 20.900171    -0.028616   -0.024786   -0.000119  
      1.549651  2.677490 20.900171    -0.028772   -0.024357   -0.000063  
      3.093470  1.786163 12.009853    -0.006257   -0.005340   -0.000002  
 
  84 f  =    3.298168 THz    20.722999 2PiTHz  110.015034 cm-1    13.640120 meV
             X         Y         Z           dx          dy          dz
      0.000031  1.786073  4.861250            0           0           0  
     -1.546769  4.465209  4.861250            0           0           0  
      3.093631  1.786073  4.861250            0           0           0  
      1.546831  4.465209  4.861250            0           0           0  
      0.000000  0.000000  7.269000            0           0           0  
     -1.546800  2.679136  7.269000            0           0           0  
      3.093600  0.000000  7.269000            0           0           0  
      1.546800  2.679136  7.269000            0           0           0  
      1.546769  0.893063  9.676500            0           0           0  
     -0.000031  3.572200  9.676500            0           0           0  
      4.640369  0.893063  9.676500            0           0           0  
      3.093569  3.572200  9.676500            0           0           0  
      1.537717  0.887799 14.838257    -0.028940    0.034385   -0.000670  
      0.000001  3.572181 14.777911    -0.030263    0.035440   -0.000002  
      4.649484  0.887801 14.838246    -0.027720    0.033343    0.003463  
      3.093602  3.582671 14.838257    -0.029223    0.032813   -0.002792  
      6.187198  0.000001 17.411768     0.001249   -0.001465   -0.000002  
     -1.546183  2.679494 17.398133     0.000226   -0.000279   -0.000213  
     -0.000001  5.357559 17.398133     0.000233   -0.000224   -0.000881  
      1.546179  2.679495 17.398132     0.000182   -0.000243    0.001093  
     -0.000004  1.786780 19.984037     0.029745   -0.034754    0.000541  
     -1.546209  4.464886 19.984036     0.029661   -0.034776   -0.000692  
      3.093596  1.786093 19.985921     0.030184   -0.035331   -0.000000  
      1.546202  4.464886 19.984037     0.029715   -0.034823    0.000140  
      1.546769  0.893063  5.959750            0           0           0  
     -0.000031  3.572200  5.959750            0           0           0  
      4.640369  0.893063  5.959750            0           0           0  
      3.093569  3.572200  5.959750            0           0           0  
      0.000031  1.786073  8.578000            0           0           0  
     -1.546769  4.465209  8.578000            0           0           0  
      3.093631  1.786073  8.578000            0           0           0  
      1.546831  4.465209  8.578000            0           0           0  
     -0.000001  1.797243 16.121959    -0.011624    0.013620    0.001036  
     -1.537143  4.459651 16.121962    -0.011642    0.013621   -0.001273  
      3.093600  1.786091 16.148331    -0.010616    0.012436    0.000003  
      1.537142  4.459651 16.121959    -0.011637    0.013615    0.000252  
      1.543829  0.891333 18.663159     0.011679   -0.013824   -0.000126  
     -0.000003  3.572183 18.668587     0.012073   -0.014130    0.000002  
      4.643366  0.891333 18.663159     0.011330   -0.013533    0.000658  
      3.093597  3.575611 18.663159     0.011766   -0.013379   -0.000523  
      0.000000  0.000000  3.611250            0           0           0  
     -1.546800  2.679136  3.611250            0           0           0  
      3.093600  0.000000  3.611250            0           0           0  
      1.546800  2.679136  3.611250            0           0           0  
      0.000000  0.000000 10.926500            0           0           0  
     -1.546800  2.679136 10.926500            0           0           0  
      3.093600  0.000000 10.926500            0           0           0  
      1.546800  2.679136 10.926500            0           0           0  
     -3.093598  5.358271 13.918005    -0.024160    0.028280    0.000011  
      4.607839  2.660340 13.875095    -0.023613    0.026797   -0.000363  
      3.093598  0.037597 13.875095    -0.023131    0.029429   -0.001530  
      1.579370  2.660332 13.875087    -0.025663    0.028540    0.001914  
      6.187196  0.000002 20.903618     0.024709   -0.028935    0.000002  
      4.637541  2.677490 20.900171     0.024524   -0.028574   -0.000026  
      3.093596  0.003299 20.900171     0.024430   -0.029019   -0.000134  
      1.549651  2.677490 20.900171     0.024870   -0.028876    0.000180  
      3.093470  1.786163 12.009853     0.005340   -0.006254   -0.000004  
 
  85 f  =    0.835126 THz     5.247254 2PiTHz   27.856816 cm-1     3.453803 meV
             X         Y         Z           dx          dy          dz
      0.000031  1.786073  4.861250            0           0           0  
     -1.546769  4.465209  4.861250            0           0           0  
      3.093631  1.786073  4.861250            0           0           0  
      1.546831  4.465209  4.861250            0           0           0  
      0.000000  0.000000  7.269000            0           0           0  
     -1.546800  2.679136  7.269000            0           0           0  
      3.093600  0.000000  7.269000            0           0           0  
      1.546800  2.679136  7.269000            0           0           0  
      1.546769  0.893063  9.676500            0           0           0  
     -0.000031  3.572200  9.676500            0           0           0  
      4.640369  0.893063  9.676500            0           0           0  
      3.093569  3.572200  9.676500            0           0           0  
      1.537717  0.887799 14.838257    -0.000312   -0.000179   -0.034027  
      0.000001  3.572181 14.777911     0.000023    0.000012   -0.035349  
      4.649484  0.887801 14.838246     0.000357   -0.000178   -0.034029  
      3.093602  3.582671 14.838257     0.000023    0.000398   -0.034032  
      6.187198  0.000001 17.411768     0.000022    0.000010   -0.035360  
     -1.546183  2.679494 17.398133     0.000023    0.000012   -0.035745  
     -0.000001  5.357559 17.398133     0.000023    0.000010   -0.035744  
      1.546179  2.679495 17.398132     0.000023    0.000012   -0.035745  
     -0.000004  1.786780 19.984037     0.000024    0.000037   -0.036304  
     -1.546209  4.464886 19.984036     0.000042    0.000001   -0.036299  
      3.093596  1.786093 19.985921     0.000022    0.000012   -0.036236  
      1.546202  4.464886 19.984037    -0.000000   -0.000000   -0.036299  
      1.546769  0.893063  5.959750            0           0           0  
     -0.000031  3.572200  5.959750            0           0           0  
      4.640369  0.893063  5.959750            0           0           0  
      3.093569  3.572200  5.959750            0           0           0  
      0.000031  1.786073  8.578000            0           0           0  
     -1.546769  4.465209  8.578000            0           0           0  
      3.093631  1.786073  8.578000            0           0           0  
      1.546831  4.465209  8.578000            0           0           0  
     -0.000001  1.797243 16.121959     0.000023    0.000311   -0.035205  
     -1.537143  4.459651 16.121962     0.000275   -0.000140   -0.035206  
      3.093600  1.786091 16.148331     0.000022    0.000019   -0.034451  
      1.537142  4.459651 16.121959    -0.000231   -0.000140   -0.035207  
      1.543829  0.891333 18.663159    -0.000072   -0.000050   -0.036031  
     -0.000003  3.572183 18.668587     0.000023    0.000018   -0.035808  
      4.643366  0.891333 18.663159     0.000118   -0.000051   -0.036031  
      3.093597  3.575611 18.663159     0.000023    0.000128   -0.036028  
      0.000000  0.000000  3.611250            0           0           0  
     -1.546800  2.679136  3.611250            0           0           0  
      3.093600  0.000000  3.611250            0           0           0  
      1.546800  2.679136  3.611250            0           0           0  
      0.000000  0.000000 10.926500            0           0           0  
     -1.546800  2.679136 10.926500            0           0           0  
      3.093600  0.000000 10.926500            0           0           0  
      1.546800  2.679136 10.926500            0           0           0  
     -3.093598  5.358271 13.918005     0.000021    0.000018   -0.033519  
      4.607839  2.660340 13.875095    -0.000944   -0.000546   -0.033830  
      3.093598  0.037597 13.875095     0.000021    0.001137   -0.033830  
      1.579370  2.660332 13.875087     0.000991   -0.000549   -0.033833  
      6.187196  0.000002 20.903618     0.000022    0.000015   -0.036172  
      4.637541  2.677490 20.900171    -0.000081   -0.000053   -0.036297  
      3.093596  0.003299 20.900171     0.000022    0.000135   -0.036293  
      1.549651  2.677490 20.900171     0.000129   -0.000053   -0.036291  
      3.093470  1.786163 12.009853    -0.000022   -0.000005   -0.002714  
 
  86 fi =    0.365164 THz     2.294395 2PiTHz   12.180570 cm-1     1.510198 meV
             X         Y         Z           dx          dy          dz
      0.000031  1.786073  4.861250            0           0           0  
     -1.546769  4.465209  4.861250            0           0           0  
      3.093631  1.786073  4.861250            0           0           0  
      1.546831  4.465209  4.861250            0           0           0  
      0.000000  0.000000  7.269000            0           0           0  
     -1.546800  2.679136  7.269000            0           0           0  
      3.093600  0.000000  7.269000            0           0           0  
      1.546800  2.679136  7.269000            0           0           0  
      1.546769  0.893063  9.676500            0           0           0  
     -0.000031  3.572200  9.676500            0           0           0  
      4.640369  0.893063  9.676500            0           0           0  
      3.093569  3.572200  9.676500            0           0           0  
      1.537717  0.887799 14.838257    -0.035515   -0.003058   -0.001543  
      0.000001  3.572181 14.777911    -0.035780   -0.003355   -0.000023  
      4.649484  0.887801 14.838246    -0.035574   -0.003673    0.001344  
      3.093602  3.582671 14.838257    -0.036078   -0.003315    0.000135  
      6.187198  0.000001 17.411768    -0.034990   -0.003281   -0.000024  
     -1.546183  2.679494 17.398133    -0.035107   -0.003222   -0.000136  
     -0.000001  5.357559 17.398133    -0.035250   -0.003288   -0.000012  
      1.546179  2.679495 17.398132    -0.035123   -0.003379    0.000077  
     -0.000004  1.786780 19.984037    -0.034645   -0.003244   -0.000022  
     -1.546209  4.464886 19.984036    -0.034611   -0.003265   -0.000006  
      3.093596  1.786093 19.985921    -0.034568   -0.003240   -0.000025  
      1.546202  4.464886 19.984037    -0.034608   -0.003229   -0.000045  
      1.546769  0.893063  5.959750            0           0           0  
     -0.000031  3.572200  5.959750            0           0           0  
      4.640369  0.893063  5.959750            0           0           0  
      3.093569  3.572200  5.959750            0           0           0  
      0.000031  1.786073  8.578000            0           0           0  
     -1.546769  4.465209  8.578000            0           0           0  
      3.093631  1.786073  8.578000            0           0           0  
      1.546831  4.465209  8.578000            0           0           0  
     -0.000001  1.797243 16.121959    -0.035531   -0.003336   -0.000062  
     -1.537143  4.459651 16.121962    -0.035572   -0.003309   -0.000367  
      3.093600  1.786091 16.148331    -0.035491   -0.003328   -0.000022  
      1.537142  4.459651 16.121959    -0.035577   -0.003357    0.000359  
      1.543829  0.891333 18.663159    -0.034927   -0.003289   -0.000112  
     -0.000003  3.572183 18.668587    -0.034907   -0.003274   -0.000025  
      4.643366  0.891333 18.663159    -0.034922   -0.003257    0.000055  
      3.093597  3.575611 18.663159    -0.034891   -0.003274   -0.000016  
      0.000000  0.000000  3.611250            0           0           0  
     -1.546800  2.679136  3.611250            0           0           0  
      3.093600  0.000000  3.611250            0           0           0  
      1.546800  2.679136  3.611250            0           0           0  
      0.000000  0.000000 10.926500            0           0           0  
     -1.546800  2.679136 10.926500            0           0           0  
      3.093600  0.000000 10.926500            0           0           0  
      1.546800  2.679136 10.926500            0           0           0  
     -3.093598  5.358271 13.918005    -0.036067   -0.003381   -0.000022  
      4.607839  2.660340 13.875095    -0.037319   -0.004590   -0.001637  
      3.093598  0.037597 13.875095    -0.035065   -0.003555    0.000145  
      1.579370  2.660332 13.875087    -0.037084   -0.002120    0.001427  
      6.187196  0.000002 20.903618    -0.034531   -0.003238   -0.000028  
      4.637541  2.677490 20.900171    -0.034592   -0.003226   -0.000021  
      3.093596  0.003299 20.900171    -0.034615   -0.003240   -0.000026  
      1.549651  2.677490 20.900171    -0.034593   -0.003262   -0.000029  
      3.093470  1.786163 12.009853     0.005921    0.000558   -0.000004  
 
  87 fi =    0.365593 THz     2.297088 2PiTHz   12.194868 cm-1     1.511970 meV
             X         Y         Z           dx          dy          dz
      0.000031  1.786073  4.861250            0           0           0  
     -1.546769  4.465209  4.861250            0           0           0  
      3.093631  1.786073  4.861250            0           0           0  
      1.546831  4.465209  4.861250            0           0           0  
      0.000000  0.000000  7.269000            0           0           0  
     -1.546800  2.679136  7.269000            0           0           0  
      3.093600  0.000000  7.269000            0           0           0  
      1.546800  2.679136  7.269000            0           0           0  
      1.546769  0.893063  9.676500            0           0           0  
     -0.000031  3.572200  9.676500            0           0           0  
      4.640369  0.893063  9.676500            0           0           0  
      3.093569  3.572200  9.676500            0           0           0  
      1.537717  0.887799 14.838257     0.003641   -0.035933   -0.000704  
      0.000001  3.572181 14.777911     0.003353   -0.035788   -0.000010  
      4.649484  0.887801 14.838246     0.003024   -0.035875   -0.000974  
      3.093602  3.582671 14.838257     0.003383   -0.035372    0.001651  
      6.187198  0.000001 17.411768     0.003281   -0.034992   -0.000010  
     -1.546183  2.679494 17.398133     0.003373   -0.035211   -0.000063  
     -0.000001  5.357559 17.398133     0.003305   -0.035066    0.000114  
      1.546179  2.679495 17.398132     0.003211   -0.035196   -0.000083  
     -0.000004  1.786780 19.984037     0.003247   -0.034593    0.000012  
     -1.546209  4.464886 19.984036     0.003225   -0.034625   -0.000026  
      3.093596  1.786093 19.985921     0.003241   -0.034562   -0.000010  
      1.546202  4.464886 19.984037     0.003267   -0.034631   -0.000019  
      1.546769  0.893063  5.959750            0           0           0  
     -0.000031  3.572200  5.959750            0           0           0  
      4.640369  0.893063  5.959750            0           0           0  
      3.093569  3.572200  5.959750            0           0           0  
      0.000031  1.786073  8.578000            0           0           0  
     -1.546769  4.465209  8.578000            0           0           0  
      3.093631  1.786073  8.578000            0           0           0  
      1.546831  4.465209  8.578000            0           0           0  
     -0.000001  1.797243 16.121959     0.003331   -0.035579   -0.000428  
     -1.537143  4.459651 16.121962     0.003356   -0.035547    0.000231  
      3.093600  1.786091 16.148331     0.003327   -0.035492   -0.000011  
      1.537142  4.459651 16.121959     0.003314   -0.035542    0.000164  
      1.543829  0.891333 18.663159     0.003257   -0.034904   -0.000047  
     -0.000003  3.572183 18.668587     0.003273   -0.034920   -0.000012  
      4.643366  0.891333 18.663159     0.003291   -0.034908   -0.000062  
      3.093597  3.575611 18.663159     0.003271   -0.034934    0.000078  
      0.000000  0.000000  3.611250            0           0           0  
     -1.546800  2.679136  3.611250            0           0           0  
      3.093600  0.000000  3.611250            0           0           0  
      1.546800  2.679136  3.611250            0           0           0  
      0.000000  0.000000 10.926500            0           0           0  
     -1.546800  2.679136 10.926500            0           0           0  
      3.093600  0.000000 10.926500            0           0           0  
      1.546800  2.679136 10.926500            0           0           0  
     -3.093598  5.358271 13.918005     0.003382   -0.036059   -0.000009  
      4.607839  2.660340 13.875095     0.002253   -0.035658   -0.000756  
      3.093598  0.037597 13.875095     0.003287   -0.037905    0.001768  
      1.579370  2.660332 13.875087     0.004722   -0.035888   -0.001044  
      6.187196  0.000002 20.903618     0.003239   -0.034542   -0.000008  
      4.637541  2.677490 20.900171     0.003256   -0.034614   -0.000003  
      3.093596  0.003299 20.900171     0.003245   -0.034588   -0.000024  
      1.549651  2.677490 20.900171     0.003228   -0.034613   -0.000003  
      3.093470  1.786163 12.009853    -0.000556    0.005922    0.000004  
 
