 Eigenvectors and eigenvalues of the dynamical matrix
 ----------------------------------------------------
 
 
   1 f  =   89.514116 THz   562.433778 2PiTHz 2985.869506 cm-1   370.200470 meV
             X         Y         Z           dx          dy          dz
      1.467219  0.847100  4.367567            0           0           0  
     -0.000000  3.388398  4.367567            0           0           0  
      4.401659  0.847100  4.367567            0           0           0  
      2.934439  3.388398  4.367567            0           0           0  
      0.001109  1.682885  8.898173    -0.000000   -0.000312   -0.000041  
     -1.475322  4.240175  8.898165    -0.000271    0.000156   -0.000041  
      2.935562  1.693551  9.051750     0.000000   -0.000000   -0.000092  
      1.477572  4.240194  8.898173     0.000271    0.000156   -0.000041  
     -0.000000  1.694199  3.382422            0           0           0  
     -1.467220  4.235497  3.382422            0           0           0  
      2.934439  1.694199  3.382422            0           0           0  
      1.467219  4.235497  3.382422            0           0           0  
      0.000000  0.000000  5.352711            0           0           0  
     -1.467220  2.541298  5.352711            0           0           0  
      2.934439  0.000000  5.352711            0           0           0  
      1.467219  2.541298  5.352711            0           0           0  
     -2.933309  5.081944  7.975797     0.000005   -0.000003    0.004522  
     -1.420889  2.566758  7.970140    -0.000110   -0.000064    0.000143  
      0.001116  5.029743  7.970140    -0.000000    0.000128    0.000143  
      1.423100  2.566771  7.970092     0.000110   -0.000064    0.000143  
      1.360009  0.783905  9.835647    -0.000014   -0.000008   -0.000143  
      0.001147  3.387736  9.804114    -0.000000   -0.000000   -0.000189  
      4.511107  0.783910  9.835657     0.000014   -0.000008   -0.000143  
      2.935561  3.512842  9.835647     0.000000    0.000016   -0.000143  
     -0.000000  1.694199  2.183783            0           0           0  
     -1.467220  4.235497  2.183783            0           0           0  
      2.934439  1.694199  2.183783            0           0           0  
      1.467219  4.235497  2.183783            0           0           0  
     -2.934212  5.082466  6.352769     0.000150   -0.000087    0.998991  
     -1.263663  2.658390  6.333263    -0.006092   -0.003500   -0.022487  
      0.000374  4.847766  6.333263    -0.000010    0.007011   -0.022467  
      1.264084  2.658578  6.333308     0.006101   -0.003517   -0.022567  
      2.934461  1.694186  6.609287    -0.000000    0.000000   -0.000195  
 
   2 f  =   85.737377 THz   538.703830 2PiTHz 2859.891073 cm-1   354.581142 meV
             X         Y         Z           dx          dy          dz
      1.467219  0.847100  4.367567            0           0           0  
     -0.000000  3.388398  4.367567            0           0           0  
      4.401659  0.847100  4.367567            0           0           0  
      2.934439  3.388398  4.367567            0           0           0  
      0.001109  1.682885  8.898173    -0.000008   -0.000233    0.000191  
     -1.475322  4.240175  8.898165    -0.000197    0.000114    0.000187  
      2.935562  1.693551  9.051750     0.000007   -0.000004    0.000284  
      1.477572  4.240194  8.898173     0.000198    0.000123    0.000191  
     -0.000000  1.694199  3.382422            0           0           0  
     -1.467220  4.235497  3.382422            0           0           0  
      2.934439  1.694199  3.382422            0           0           0  
      1.467219  4.235497  3.382422            0           0           0  
      0.000000  0.000000  5.352711            0           0           0  
     -1.467220  2.541298  5.352711            0           0           0  
      2.934439  0.000000  5.352711            0           0           0  
      1.467219  2.541298  5.352711            0           0           0  
     -2.933309  5.081944  7.975797    -0.000003    0.000001   -0.000184  
     -1.420889  2.566758  7.970140     0.001344    0.000781   -0.003371  
      0.001116  5.029743  7.970140    -0.000004   -0.001555   -0.003371  
      1.423100  2.566771  7.970092    -0.001400    0.000809   -0.003507  
      1.360009  0.783905  9.835647    -0.000434   -0.000249    0.000001  
      0.001147  3.387736  9.804114    -0.000001    0.000001    0.000262  
      4.511107  0.783910  9.835657     0.000459   -0.000265    0.000002  
      2.935561  3.512842  9.835647    -0.000002    0.000500    0.000001  
     -0.000000  1.694199  2.183783            0           0           0  
     -1.467220  4.235497  2.183783            0           0           0  
      2.934439  1.694199  2.183783            0           0           0  
      1.467219  4.235497  2.183783            0           0           0  
     -2.934212  5.082466  6.352769     0.000020   -0.000009   -0.040790  
     -1.263663  2.658390  6.333263    -0.146574   -0.084376   -0.542916  
      0.000374  4.847766  6.333263    -0.000214    0.169128   -0.542934  
      1.264084  2.658578  6.333308     0.152442   -0.088011   -0.565502  
      2.934461  1.694186  6.609287    -0.000045    0.000027   -0.004126  
 
   3 f  =   85.391537 THz   536.530854 2PiTHz 2848.355093 cm-1   353.150864 meV
             X         Y         Z           dx          dy          dz
      1.467219  0.847100  4.367567            0           0           0  
     -0.000000  3.388398  4.367567            0           0           0  
      4.401659  0.847100  4.367567            0           0           0  
      2.934439  3.388398  4.367567            0           0           0  
      0.001109  1.682885  8.898173    -0.000415   -0.000087    0.000058  
     -1.475322  4.240175  8.898165     0.000162   -0.000098   -0.000128  
      2.935562  1.693551  9.051750     0.000349   -0.000198   -0.000005  
      1.477572  4.240194  8.898173    -0.000128    0.000401    0.000060  
     -0.000000  1.694199  3.382422            0           0           0  
     -1.467220  4.235497  3.382422            0           0           0  
      2.934439  1.694199  3.382422            0           0           0  
      1.467219  4.235497  3.382422            0           0           0  
      0.000000  0.000000  5.352711            0           0           0  
     -1.467220  2.541298  5.352711            0           0           0  
      2.934439  0.000000  5.352711            0           0           0  
      1.467219  2.541298  5.352711            0           0           0  
     -2.933309  5.081944  7.975797    -0.000120    0.000068    0.000003  
     -1.420889  2.566758  7.970140    -0.000968   -0.000439    0.002511  
      0.001116  5.029743  7.970140    -0.000105    0.001028    0.002440  
      1.423100  2.566771  7.970092    -0.001732    0.000999   -0.004750  
      1.360009  0.783905  9.835647     0.000430    0.000358   -0.000022  
      0.001147  3.387736  9.804114    -0.000069    0.000039   -0.000005  
      4.511107  0.783910  9.835657     0.000914   -0.000529    0.000043  
      2.935561  3.512842  9.835647    -0.000096   -0.000536   -0.000021  
     -0.000000  1.694199  2.183783            0           0           0  
     -1.467220  4.235497  2.183783            0           0           0  
      2.934439  1.694199  2.183783            0           0           0  
      1.467219  4.235497  2.183783            0           0           0  
     -2.934212  5.082466  6.352769     0.001157   -0.000655    0.000711  
     -1.263663  2.658390  6.333263     0.108230    0.064282    0.406063  
      0.000374  4.847766  6.333263    -0.001584   -0.122305    0.394598  
      1.264084  2.658578  6.333308     0.206222   -0.119067   -0.768849  
      2.934461  1.694186  6.609287    -0.002386    0.001350    0.000079  
 
   4 f  =   85.382334 THz   536.473028 2PiTHz 2848.048107 cm-1   353.112802 meV
             X         Y         Z           dx          dy          dz
      1.467219  0.847100  4.367567            0           0           0  
     -0.000000  3.388398  4.367567            0           0           0  
      4.401659  0.847100  4.367567            0           0           0  
      2.934439  3.388398  4.367567            0           0           0  
      0.001109  1.682885  8.898173    -0.000235    0.000161   -0.000108  
     -1.475322  4.240175  8.898165    -0.000240   -0.000413    0.000001  
      2.935562  1.693551  9.051750     0.000198    0.000349    0.000000  
      1.477572  4.240194  8.898173     0.000260   -0.000130    0.000107  
     -0.000000  1.694199  3.382422            0           0           0  
     -1.467220  4.235497  3.382422            0           0           0  
      2.934439  1.694199  3.382422            0           0           0  
      1.467219  4.235497  3.382422            0           0           0  
      0.000000  0.000000  5.352711            0           0           0  
     -1.467220  2.541298  5.352711            0           0           0  
      2.934439  0.000000  5.352711            0           0           0  
      1.467219  2.541298  5.352711            0           0           0  
     -2.933309  5.081944  7.975797    -0.000068   -0.000119    0.000001  
     -1.420889  2.566758  7.970140    -0.001479   -0.000928    0.004155  
      0.001116  5.029743  7.970140    -0.000062   -0.001763   -0.004196  
      1.423100  2.566771  7.970092    -0.000046   -0.000114    0.000041  
      1.360009  0.783905  9.835647     0.000824    0.000412   -0.000037  
      0.001147  3.387736  9.804114    -0.000039   -0.000070   -0.000000  
      4.511107  0.783910  9.835657    -0.000062   -0.000090   -0.000001  
      2.935561  3.512842  9.835647    -0.000054    0.000929    0.000037  
     -0.000000  1.694199  2.183783            0           0           0  
     -1.467220  4.235497  2.183783            0           0           0  
      2.934439  1.694199  2.183783            0           0           0  
      1.467219  4.235497  2.183783            0           0           0  
     -2.934212  5.082466  6.352769     0.000656    0.001160    0.000011  
     -1.263663  2.658390  6.333263     0.180919    0.103022    0.671732  
      0.000374  4.847766  6.333263    -0.001202    0.210276   -0.678525  
      1.264084  2.658578  6.333308    -0.002743   -0.000701    0.006538  
      2.934461  1.694186  6.609287    -0.001352   -0.002387   -0.000001  
 
   5 f  =   36.237034 THz   227.684002 2PiTHz 1208.737358 cm-1   149.864265 meV
             X         Y         Z           dx          dy          dz
      1.467219  0.847100  4.367567            0           0           0  
     -0.000000  3.388398  4.367567            0           0           0  
      4.401659  0.847100  4.367567            0           0           0  
      2.934439  3.388398  4.367567            0           0           0  
      0.001109  1.682885  8.898173    -0.000000    0.000510    0.000190  
     -1.475322  4.240175  8.898165     0.000438   -0.000257    0.000187  
      2.935562  1.693551  9.051750    -0.000001    0.000001   -0.000364  
      1.477572  4.240194  8.898173    -0.000438   -0.000256    0.000186  
     -0.000000  1.694199  3.382422            0           0           0  
     -1.467220  4.235497  3.382422            0           0           0  
      2.934439  1.694199  3.382422            0           0           0  
      1.467219  4.235497  3.382422            0           0           0  
      0.000000  0.000000  5.352711            0           0           0  
     -1.467220  2.541298  5.352711            0           0           0  
      2.934439  0.000000  5.352711            0           0           0  
      1.467219  2.541298  5.352711            0           0           0  
     -2.933309  5.081944  7.975797    -0.000002   -0.000006   -0.000344  
     -1.420889  2.566758  7.970140     0.006932    0.003987    0.004495  
      0.001116  5.029743  7.970140     0.000006   -0.007967    0.004470  
      1.423100  2.566771  7.970092    -0.006904    0.003979    0.004505  
      1.360009  0.783905  9.835647     0.001222    0.000698    0.000017  
      0.001147  3.387736  9.804114     0.000000    0.000003   -0.001169  
      4.511107  0.783910  9.835657    -0.001223    0.000702    0.000017  
      2.935561  3.512842  9.835647     0.000002   -0.001394    0.000013  
     -0.000000  1.694199  2.183783            0           0           0  
     -1.467220  4.235497  2.183783            0           0           0  
      2.934439  1.694199  2.183783            0           0           0  
      1.467219  4.235497  2.183783            0           0           0  
     -2.934212  5.082466  6.352769    -0.000012   -0.000123    0.000031  
     -1.263663  2.658390  6.333263    -0.478036   -0.275037    0.171764  
      0.000374  4.847766  6.333263    -0.000113    0.548460    0.170796  
      1.264084  2.658578  6.333308     0.476794   -0.274447    0.171229  
      2.934461  1.694186  6.609287     0.000066    0.000163   -0.005485  
 
   6 f  =   34.244251 THz   215.162972 2PiTHz 1142.265244 cm-1   141.622777 meV
             X         Y         Z           dx          dy          dz
      1.467219  0.847100  4.367567            0           0           0  
     -0.000000  3.388398  4.367567            0           0           0  
      4.401659  0.847100  4.367567            0           0           0  
      2.934439  3.388398  4.367567            0           0           0  
      0.001109  1.682885  8.898173     0.001243   -0.000430   -0.000251  
     -1.475322  4.240175  8.898165     0.000489    0.001385   -0.000155  
      2.935562  1.693551  9.051750    -0.000220   -0.000168    0.000000  
      1.477572  4.240194  8.898173    -0.000712   -0.000173    0.000407  
     -0.000000  1.694199  3.382422            0           0           0  
     -1.467220  4.235497  3.382422            0           0           0  
      2.934439  1.694199  3.382422            0           0           0  
      1.467219  4.235497  3.382422            0           0           0  
      0.000000  0.000000  5.352711            0           0           0  
     -1.467220  2.541298  5.352711            0           0           0  
      2.934439  0.000000  5.352711            0           0           0  
      1.467219  2.541298  5.352711            0           0           0  
     -2.933309  5.081944  7.975797    -0.000908   -0.000696    0.000010  
     -1.420889  2.566758  7.970140    -0.008270   -0.004116   -0.008722  
      0.001116  5.029743  7.970140     0.003330   -0.005705    0.005378  
      1.423100  2.566771  7.970092    -0.001168    0.005140    0.003392  
      1.360009  0.783905  9.835647    -0.002419   -0.001372   -0.000306  
      0.001147  3.387736  9.804114     0.000834    0.000639   -0.000010  
      4.511107  0.783910  9.835657    -0.000880    0.000626    0.000108  
      2.935561  3.512842  9.835647     0.000088   -0.001709    0.000178  
     -0.000000  1.694199  2.183783            0           0           0  
     -1.467220  4.235497  2.183783            0           0           0  
      2.934439  1.694199  2.183783            0           0           0  
      1.467219  4.235497  2.183783            0           0           0  
     -2.934212  5.082466  6.352769     0.063204    0.048786   -0.000000  
     -1.263663  2.658390  6.333263     0.653787    0.355710   -0.231436  
      0.000374  4.847766  6.333263    -0.106890    0.458948    0.142784  
      1.264084  2.658578  6.333308     0.187907   -0.251836    0.089730  
      2.934461  1.694186  6.609287    -0.057840   -0.044410   -0.000015  
 
   7 f  =   34.239436 THz   215.132720 2PiTHz 1142.104644 cm-1   141.602865 meV
             X         Y         Z           dx          dy          dz
      1.467219  0.847100  4.367567            0           0           0  
     -0.000000  3.388398  4.367567            0           0           0  
      4.401659  0.847100  4.367567            0           0           0  
      2.934439  3.388398  4.367567            0           0           0  
      0.001109  1.682885  8.898173     0.000955    0.000560    0.000326  
     -1.475322  4.240175  8.898165    -0.000866   -0.000191   -0.000379  
      2.935562  1.693551  9.051750    -0.000170    0.000220    0.000000  
      1.477572  4.240194  8.898173     0.000698   -0.001391    0.000052  
     -0.000000  1.694199  3.382422            0           0           0  
     -1.467220  4.235497  3.382422            0           0           0  
      2.934439  1.694199  3.382422            0           0           0  
      1.467219  4.235497  3.382422            0           0           0  
      0.000000  0.000000  5.352711            0           0           0  
     -1.467220  2.541298  5.352711            0           0           0  
      2.934439  0.000000  5.352711            0           0           0  
      1.467219  2.541298  5.352711            0           0           0  
     -2.933309  5.081944  7.975797    -0.000696    0.000905   -0.000009  
     -1.420889  2.566758  7.970140     0.001004   -0.004213   -0.001170  
      0.001116  5.029743  7.970140     0.002538    0.007413   -0.007006  
      1.423100  2.566771  7.970092    -0.008239    0.002900    0.008157  
      1.360009  0.783905  9.835647    -0.000262   -0.000280   -0.000030  
      0.001147  3.387736  9.804114     0.000641   -0.000831    0.000011  
      4.511107  0.783910  9.835657    -0.002276    0.001259    0.000289  
      2.935561  3.512842  9.835647     0.000066    0.002227   -0.000234  
     -0.000000  1.694199  2.183783            0           0           0  
     -1.467220  4.235497  2.183783            0           0           0  
      2.934439  1.694199  2.183783            0           0           0  
      1.467219  4.235497  2.183783            0           0           0  
     -2.934212  5.082466  6.352769     0.048531   -0.063502   -0.000016  
     -1.263663  2.658390  6.333263     0.019198    0.165170   -0.030812  
      0.000374  4.847766  6.333263    -0.081699   -0.596682   -0.185554  
      1.264084  2.658578  6.333308     0.627217   -0.301696    0.215741  
      2.934461  1.694186  6.609287    -0.044456    0.057864    0.000007  
 
   8 f  =   29.907526 THz   187.914530 2PiTHz  997.607698 cm-1   123.687535 meV
             X         Y         Z           dx          dy          dz
      1.467219  0.847100  4.367567            0           0           0  
     -0.000000  3.388398  4.367567            0           0           0  
      4.401659  0.847100  4.367567            0           0           0  
      2.934439  3.388398  4.367567            0           0           0  
      0.001109  1.682885  8.898173     0.000895    0.000071   -0.000209  
     -1.475322  4.240175  8.898165    -0.000250    0.000541    0.001466  
      2.935562  1.693551  9.051750    -0.000038    0.000005    0.000000  
      1.477572  4.240194  8.898173    -0.000090   -0.000686   -0.001257  
     -0.000000  1.694199  3.382422            0           0           0  
     -1.467220  4.235497  3.382422            0           0           0  
      2.934439  1.694199  3.382422            0           0           0  
      1.467219  4.235497  3.382422            0           0           0  
      0.000000  0.000000  5.352711            0           0           0  
     -1.467220  2.541298  5.352711            0           0           0  
      2.934439  0.000000  5.352711            0           0           0  
      1.467219  2.541298  5.352711            0           0           0  
     -2.933309  5.081944  7.975797     0.016338   -0.002173   -0.000016  
     -1.420889  2.566758  7.970140    -0.005731    0.007112   -0.002123  
      0.001116  5.029743  7.970140    -0.014641    0.000232   -0.000342  
      1.423100  2.566771  7.970092    -0.004250   -0.004059    0.002494  
      1.360009  0.783905  9.835647    -0.000728    0.000325   -0.001016  
      0.001147  3.387736  9.804114     0.002465   -0.000328   -0.000003  
      4.511107  0.783910  9.835657    -0.000677   -0.000076    0.001185  
      2.935561  3.512842  9.835647    -0.001043    0.000077   -0.000170  
     -0.000000  1.694199  2.183783            0           0           0  
     -1.467220  4.235497  2.183783            0           0           0  
      2.934439  1.694199  2.183783            0           0           0  
      1.467219  4.235497  2.183783            0           0           0  
     -2.934212  5.082466  6.352769    -0.738738    0.098061    0.000122  
     -1.263663  2.658390  6.333263     0.251673   -0.220793   -0.031457  
      0.000374  4.847766  6.333263     0.513911   -0.017768   -0.005351  
      1.264084  2.658578  6.333308     0.208194    0.108745    0.036689  
      2.934461  1.694186  6.609287     0.006741   -0.000884   -0.000009  
 
   9 f  =   29.905840 THz   187.903932 2PiTHz  997.551432 cm-1   123.680559 meV
             X         Y         Z           dx          dy          dz
      1.467219  0.847100  4.367567            0           0           0  
     -0.000000  3.388398  4.367567            0           0           0  
      4.401659  0.847100  4.367567            0           0           0  
      2.934439  3.388398  4.367567            0           0           0  
      0.001109  1.682885  8.898173     0.000120   -0.000528    0.001574  
     -1.475322  4.240175  8.898165     0.000594    0.000627   -0.000606  
      2.935562  1.693551  9.051750    -0.000006   -0.000040   -0.000001  
      1.477572  4.240194  8.898173    -0.000640    0.000461   -0.000969  
     -0.000000  1.694199  3.382422            0           0           0  
     -1.467220  4.235497  3.382422            0           0           0  
      2.934439  1.694199  3.382422            0           0           0  
      1.467219  4.235497  3.382422            0           0           0  
      0.000000  0.000000  5.352711            0           0           0  
     -1.467220  2.541298  5.352711            0           0           0  
      2.934439  0.000000  5.352711            0           0           0  
      1.467219  2.541298  5.352711            0           0           0  
     -2.933309  5.081944  7.975797     0.002173    0.016335   -0.000001  
     -1.420889  2.566758  7.970140     0.004890   -0.010687   -0.001672  
      0.001116  5.029743  7.970140    -0.001941   -0.001781    0.002690  
      1.423100  2.566771  7.970092    -0.006214   -0.012160   -0.001045  
      1.360009  0.783905  9.835647     0.000103   -0.000906   -0.000777  
      0.001147  3.387736  9.804114     0.000329    0.002473    0.000008  
      4.511107  0.783910  9.835657    -0.000292   -0.000955   -0.000483  
      2.935561  3.512842  9.835647    -0.000139   -0.000594    0.001279  
     -0.000000  1.694199  2.183783            0           0           0  
     -1.467220  4.235497  2.183783            0           0           0  
      2.934439  1.694199  2.183783            0           0           0  
      1.467219  4.235497  2.183783            0           0           0  
     -2.934212  5.082466  6.352769    -0.098450   -0.738812   -0.000053  
     -1.263663  2.658390  6.333263    -0.132951    0.397857   -0.024293  
      0.000374  4.847766  6.333263     0.068181    0.135661    0.039522  
      1.264084  2.658578  6.333308     0.194113    0.441347   -0.015321  
      2.934461  1.694186  6.609287     0.000897    0.006646    0.000007  
 
  10 f  =   27.454510 THz   172.501777 2PiTHz  915.783894 cm-1   113.542681 meV
             X         Y         Z           dx          dy          dz
      1.467219  0.847100  4.367567            0           0           0  
     -0.000000  3.388398  4.367567            0           0           0  
      4.401659  0.847100  4.367567            0           0           0  
      2.934439  3.388398  4.367567            0           0           0  
      0.001109  1.682885  8.898173     0.000108   -0.001458   -0.000455  
     -1.475322  4.240175  8.898165     0.000297   -0.001199    0.000269  
      2.935562  1.693551  9.051750    -0.000022    0.000238    0.000000  
      1.477572  4.240194  8.898173    -0.000029   -0.001161    0.000191  
     -0.000000  1.694199  3.382422            0           0           0  
     -1.467220  4.235497  3.382422            0           0           0  
      2.934439  1.694199  3.382422            0           0           0  
      1.467219  4.235497  3.382422            0           0           0  
      0.000000  0.000000  5.352711            0           0           0  
     -1.467220  2.541298  5.352711            0           0           0  
      2.934439  0.000000  5.352711            0           0           0  
      1.467219  2.541298  5.352711            0           0           0  
     -2.933309  5.081944  7.975797    -0.001357    0.013700    0.000027  
     -1.420889  2.566758  7.970140    -0.007210    0.012708    0.000689  
      0.001116  5.029743  7.970140    -0.001545    0.000213   -0.001589  
      1.423100  2.566771  7.970092     0.006375    0.011331    0.000944  
      1.360009  0.783905  9.835647    -0.000709    0.000980    0.000022  
      0.001147  3.387736  9.804114    -0.000254    0.002544   -0.000013  
      4.511107  0.783910  9.835657     0.000684    0.000837    0.000035  
      2.935561  3.512842  9.835647    -0.000126   -0.000293   -0.000099  
     -0.000000  1.694199  2.183783            0           0           0  
     -1.467220  4.235497  2.183783            0           0           0  
      2.934439  1.694199  2.183783            0           0           0  
      1.467219  4.235497  2.183783            0           0           0  
     -2.934212  5.082466  6.352769     0.064376   -0.652718   -0.000061  
     -1.263663  2.658390  6.333263     0.254393   -0.492636    0.007447  
      0.000374  4.847766  6.333263     0.058586   -0.060985   -0.017898  
      1.264084  2.658578  6.333308    -0.215402   -0.445139    0.010564  
      2.934461  1.694186  6.609287     0.000901   -0.009120   -0.000012  
 
  11 f  =   27.452597 THz   172.489757 2PiTHz  915.720083 cm-1   113.534769 meV
             X         Y         Z           dx          dy          dz
      1.467219  0.847100  4.367567            0           0           0  
     -0.000000  3.388398  4.367567            0           0           0  
      4.401659  0.847100  4.367567            0           0           0  
      2.934439  3.388398  4.367567            0           0           0  
      0.001109  1.682885  8.898173    -0.001086   -0.000142   -0.000047  
     -1.475322  4.240175  8.898165    -0.001351    0.000052   -0.000374  
      2.935562  1.693551  9.051750     0.000236    0.000025    0.000001  
      1.477572  4.240194  8.898173    -0.001380   -0.000283    0.000416  
     -0.000000  1.694199  3.382422            0           0           0  
     -1.467220  4.235497  3.382422            0           0           0  
      2.934439  1.694199  3.382422            0           0           0  
      1.467219  4.235497  3.382422            0           0           0  
      0.000000  0.000000  5.352711            0           0           0  
     -1.467220  2.541298  5.352711            0           0           0  
      2.934439  0.000000  5.352711            0           0           0  
      1.467219  2.541298  5.352711            0           0           0  
     -2.933309  5.081944  7.975797     0.013706    0.001337   -0.000013  
     -1.420889  2.566758  7.970140     0.003492   -0.005661    0.001443  
      0.001116  5.029743  7.970140     0.015924    0.000021   -0.000169  
      1.423100  2.566771  7.970092     0.004828    0.008025   -0.001286  
      1.360009  0.783905  9.835647     0.000038   -0.000609    0.000079  
      0.001147  3.387736  9.804114     0.002554    0.000247   -0.000002  
      4.511107  0.783910  9.835657     0.000178    0.000785   -0.000070  
      2.935561  3.512842  9.835647     0.001307   -0.000028   -0.000007  
     -0.000000  1.694199  2.183783            0           0           0  
     -1.467220  4.235497  2.183783            0           0           0  
      2.934439  1.694199  2.183783            0           0           0  
      1.467219  4.235497  2.183783            0           0           0  
     -2.934212  5.082466  6.352769    -0.652742   -0.063927    0.000090  
     -1.263663  2.658390  6.333263    -0.173980    0.190456    0.016340  
      0.000374  4.847766  6.333263    -0.603330   -0.006301   -0.001649  
      1.264084  2.658578  6.333308    -0.220360   -0.282794   -0.014494  
      2.934461  1.694186  6.609287    -0.009191   -0.000897    0.000007  
 
  12 f  =   26.889579 THz   168.952206 2PiTHz  896.939798 cm-1   111.206312 meV
             X         Y         Z           dx          dy          dz
      1.467219  0.847100  4.367567            0           0           0  
     -0.000000  3.388398  4.367567            0           0           0  
      4.401659  0.847100  4.367567            0           0           0  
      2.934439  3.388398  4.367567            0           0           0  
      0.001109  1.682885  8.898173     0.001670    0.000001    0.000003  
     -1.475322  4.240175  8.898165    -0.000843   -0.001455   -0.000003  
      2.935562  1.693551  9.051750     0.000001    0.000000    0.000000  
      1.477572  4.240194  8.898173    -0.000843    0.001456    0.000001  
     -0.000000  1.694199  3.382422            0           0           0  
     -1.467220  4.235497  3.382422            0           0           0  
      2.934439  1.694199  3.382422            0           0           0  
      1.467219  4.235497  3.382422            0           0           0  
      0.000000  0.000000  5.352711            0           0           0  
     -1.467220  2.541298  5.352711            0           0           0  
      2.934439  0.000000  5.352711            0           0           0  
      1.467219  2.541298  5.352711            0           0           0  
     -2.933309  5.081944  7.975797     0.000014   -0.000013   -0.000001  
     -1.420889  2.566758  7.970140    -0.007935    0.013780    0.000033  
      0.001116  5.029743  7.970140     0.015986    0.000002   -0.000011  
      1.423100  2.566771  7.970092    -0.007947   -0.013799   -0.000023  
      1.360009  0.783905  9.835647    -0.001128    0.001964    0.000003  
      0.001147  3.387736  9.804114     0.000001   -0.000003   -0.000001  
      4.511107  0.783910  9.835657    -0.001129   -0.001963   -0.000005  
      2.935561  3.512842  9.835647     0.002266    0.000001    0.000001  
     -0.000000  1.694199  2.183783            0           0           0  
     -1.467220  4.235497  2.183783            0           0           0  
      2.934439  1.694199  2.183783            0           0           0  
      1.467219  4.235497  2.183783            0           0           0  
     -2.934212  5.082466  6.352769    -0.000942    0.000562    0.000000  
     -1.263663  2.658390  6.333263     0.285278   -0.496004    0.000087  
      0.000374  4.847766  6.333263    -0.575261   -0.000205    0.000127  
      1.264084  2.658578  6.333308     0.286033    0.496912   -0.000216  
      2.934461  1.694186  6.609287     0.000056    0.000031    0.000000  
 
  13 f  =   17.350389 THz   109.015707 2PiTHz  578.746671 cm-1    71.755410 meV
             X         Y         Z           dx          dy          dz
      1.467219  0.847100  4.367567            0           0           0  
     -0.000000  3.388398  4.367567            0           0           0  
      4.401659  0.847100  4.367567            0           0           0  
      2.934439  3.388398  4.367567            0           0           0  
      0.001109  1.682885  8.898173     0.000012   -0.006425   -0.042667  
     -1.475322  4.240175  8.898165    -0.005559    0.003207   -0.042650  
      2.935562  1.693551  9.051750    -0.000001    0.000004   -0.009960  
      1.477572  4.240194  8.898173     0.005571    0.003200   -0.042663  
     -0.000000  1.694199  3.382422            0           0           0  
     -1.467220  4.235497  3.382422            0           0           0  
      2.934439  1.694199  3.382422            0           0           0  
      1.467219  4.235497  3.382422            0           0           0  
      0.000000  0.000000  5.352711            0           0           0  
     -1.467220  2.541298  5.352711            0           0           0  
      2.934439  0.000000  5.352711            0           0           0  
      1.467219  2.541298  5.352711            0           0           0  
     -2.933309  5.081944  7.975797    -0.000001    0.000009    0.095019  
     -1.420889  2.566758  7.970140     0.030323    0.017509    0.056526  
      0.001116  5.029743  7.970140     0.000011   -0.035011    0.056516  
      1.423100  2.566771  7.970092    -0.030347    0.017528    0.056509  
      1.360009  0.783905  9.835647     0.023677    0.013657    0.060100  
      0.001147  3.387736  9.804114    -0.000042    0.000020    0.078213  
      4.511107  0.783910  9.835657    -0.023718    0.013686    0.060150  
      2.935561  3.512842  9.835647    -0.000002   -0.027342    0.060080  
     -0.000000  1.694199  2.183783            0           0           0  
     -1.467220  4.235497  2.183783            0           0           0  
      2.934439  1.694199  2.183783            0           0           0  
      1.467219  4.235497  2.183783            0           0           0  
     -2.934212  5.082466  6.352769    -0.000016    0.000015   -0.007437  
     -1.263663  2.658390  6.333263     0.009757    0.005652   -0.008790  
      0.000374  4.847766  6.333263    -0.000012   -0.011281   -0.008791  
      1.264084  2.658578  6.333308    -0.009764    0.005648   -0.008782  
      2.934461  1.694186  6.609287     0.000038   -0.000021    0.017955  
 
  14 f  =   16.210623 THz   101.854346 2PiTHz  540.728169 cm-1    67.041718 meV
             X         Y         Z           dx          dy          dz
      1.467219  0.847100  4.367567            0           0           0  
     -0.000000  3.388398  4.367567            0           0           0  
      4.401659  0.847100  4.367567            0           0           0  
      2.934439  3.388398  4.367567            0           0           0  
      0.001109  1.682885  8.898173    -0.000012   -0.017267    0.000324  
     -1.475322  4.240175  8.898165    -0.014934    0.008641    0.000303  
      2.935562  1.693551  9.051750     0.000002   -0.000005    0.007991  
      1.477572  4.240194  8.898173     0.014940    0.008656    0.000309  
     -0.000000  1.694199  3.382422            0           0           0  
     -1.467220  4.235497  3.382422            0           0           0  
      2.934439  1.694199  3.382422            0           0           0  
      1.467219  4.235497  3.382422            0           0           0  
      0.000000  0.000000  5.352711            0           0           0  
     -1.467220  2.541298  5.352711            0           0           0  
      2.934439  0.000000  5.352711            0           0           0  
      1.467219  2.541298  5.352711            0           0           0  
     -2.933309  5.081944  7.975797    -0.000006   -0.000001    0.156560  
     -1.420889  2.566758  7.970140    -0.032554   -0.018812   -0.038679  
      0.001116  5.029743  7.970140    -0.000003    0.037565   -0.038635  
      1.423100  2.566771  7.970092     0.032608   -0.018833   -0.038712  
      1.360009  0.783905  9.835647    -0.033395   -0.019266   -0.056173  
      0.001147  3.387736  9.804114    -0.000055    0.000024    0.107055  
      4.511107  0.783910  9.835657     0.033432   -0.019306   -0.056241  
      2.935561  3.512842  9.835647    -0.000005    0.038525   -0.056106  
     -0.000000  1.694199  2.183783            0           0           0  
     -1.467220  4.235497  2.183783            0           0           0  
      2.934439  1.694199  2.183783            0           0           0  
      1.467219  4.235497  2.183783            0           0           0  
     -2.934212  5.082466  6.352769    -0.000083    0.000050   -0.012069  
     -1.263663  2.658390  6.333263    -0.012929   -0.007474    0.008566  
      0.000374  4.847766  6.333263     0.000016    0.014903    0.008552  
      1.264084  2.658578  6.333308     0.012947   -0.007458    0.008561  
      2.934461  1.694186  6.609287    -0.000039    0.000032   -0.027851  
 
  15 f  =   15.945948 THz   100.191346 2PiTHz  531.899572 cm-1    65.947112 meV
             X         Y         Z           dx          dy          dz
      1.467219  0.847100  4.367567            0           0           0  
     -0.000000  3.388398  4.367567            0           0           0  
      4.401659  0.847100  4.367567            0           0           0  
      2.934439  3.388398  4.367567            0           0           0  
      0.001109  1.682885  8.898173     0.043435    0.000714   -0.015699  
     -1.475322  4.240175  8.898165    -0.000814    0.001698    0.032649  
      2.935562  1.693551  9.051750    -0.004658    0.002555    0.000017  
      1.477572  4.240194  8.898173     0.020519   -0.037078   -0.016907  
     -0.000000  1.694199  3.382422            0           0           0  
     -1.467220  4.235497  3.382422            0           0           0  
      2.934439  1.694199  3.382422            0           0           0  
      1.467219  4.235497  3.382422            0           0           0  
      0.000000  0.000000  5.352711            0           0           0  
     -1.467220  2.541298  5.352711            0           0           0  
      2.934439  0.000000  5.352711            0           0           0  
      1.467219  2.541298  5.352711            0           0           0  
     -2.933309  5.081944  7.975797    -0.021038    0.011566    0.000019  
     -1.420889  2.566758  7.970140    -0.030091   -0.019352   -0.040434  
      0.001116  5.029743  7.970140     0.001743    0.033188   -0.037516  
      1.423100  2.566771  7.970092    -0.059597    0.034435    0.077716  
      1.360009  0.783905  9.835647    -0.027042   -0.024999   -0.056727  
      0.001147  3.387736  9.804114    -0.024061    0.013220    0.000068  
      4.511107  0.783910  9.835657    -0.059933    0.034800    0.109327  
      2.935561  3.512842  9.835647     0.008351    0.033356   -0.052656  
     -0.000000  1.694199  2.183783            0           0           0  
     -1.467220  4.235497  2.183783            0           0           0  
      2.934439  1.694199  2.183783            0           0           0  
      1.467219  4.235497  2.183783            0           0           0  
     -2.934212  5.082466  6.352769    -0.003362    0.001850    0.000001  
     -1.263663  2.658390  6.333263    -0.019944   -0.003413    0.010198  
      0.000374  4.847766  6.333263    -0.007252    0.017646    0.009472  
      1.264084  2.658578  6.333308    -0.031806    0.018213   -0.019621  
      2.934461  1.694186  6.609287    -0.006899    0.003777   -0.000087  
 
  16 f  =   15.945279 THz   100.187140 2PiTHz  531.877240 cm-1    65.944344 meV
             X         Y         Z           dx          dy          dz
      1.467219  0.847100  4.367567            0           0           0  
     -0.000000  3.388398  4.367567            0           0           0  
      4.401659  0.847100  4.367567            0           0           0  
      2.934439  3.388398  4.367567            0           0           0  
      0.001109  1.682885  8.898173     0.023845   -0.001347    0.028623  
     -1.475322  4.240175  8.898165     0.024803    0.042875   -0.000707  
      2.935562  1.693551  9.051750    -0.002563   -0.004661   -0.000005  
      1.477572  4.240194  8.898173    -0.013994    0.021586   -0.027926  
     -0.000000  1.694199  3.382422            0           0           0  
     -1.467220  4.235497  3.382422            0           0           0  
      2.934439  1.694199  3.382422            0           0           0  
      1.467219  4.235497  3.382422            0           0           0  
      0.000000  0.000000  5.352711            0           0           0  
     -1.467220  2.541298  5.352711            0           0           0  
      2.934439  0.000000  5.352711            0           0           0  
      1.467219  2.541298  5.352711            0           0           0  
     -2.933309  5.081944  7.975797    -0.011558   -0.021072   -0.000050  
     -1.420889  2.566758  7.970140    -0.051541   -0.028530   -0.066585  
      0.001116  5.029743  7.970140     0.000982   -0.060381    0.068272  
      1.423100  2.566771  7.970092     0.002299    0.001028   -0.001634  
      1.360009  0.783905  9.835647    -0.053735   -0.025296   -0.093483  
      0.001147  3.387736  9.804114    -0.013210   -0.024070   -0.000019  
      4.511107  0.783910  9.835657     0.006051    0.007507   -0.002310  
      2.935561  3.512842  9.835647     0.004571   -0.060725    0.095865  
     -0.000000  1.694199  2.183783            0           0           0  
     -1.467220  4.235497  2.183783            0           0           0  
      2.934439  1.694199  2.183783            0           0           0  
      1.467219  4.235497  2.183783            0           0           0  
     -2.934212  5.082466  6.352769    -0.001825   -0.003330    0.000004  
     -1.263663  2.658390  6.333263    -0.024972   -0.019427    0.016807  
      0.000374  4.847766  6.333263    -0.003992   -0.032168   -0.017246  
      1.264084  2.658578  6.333308    -0.003435   -0.007544    0.000420  
      2.934461  1.694186  6.609287    -0.003835   -0.006970    0.000017  
 
  17 f  =   14.860663 THz    93.372300 2PiTHz  495.698364 cm-1    61.458737 meV
             X         Y         Z           dx          dy          dz
      1.467219  0.847100  4.367567            0           0           0  
     -0.000000  3.388398  4.367567            0           0           0  
      4.401659  0.847100  4.367567            0           0           0  
      2.934439  3.388398  4.367567            0           0           0  
      0.001109  1.682885  8.898173     0.000014    0.007980    0.003510  
     -1.475322  4.240175  8.898165     0.006846   -0.003934    0.003573  
      2.935562  1.693551  9.051750    -0.000009    0.000005   -0.004863  
      1.477572  4.240194  8.898173    -0.006879   -0.003972    0.003537  
     -0.000000  1.694199  3.382422            0           0           0  
     -1.467220  4.235497  3.382422            0           0           0  
      2.934439  1.694199  3.382422            0           0           0  
      1.467219  4.235497  3.382422            0           0           0  
      0.000000  0.000000  5.352711            0           0           0  
     -1.467220  2.541298  5.352711            0           0           0  
      2.934439  0.000000  5.352711            0           0           0  
      1.467219  2.541298  5.352711            0           0           0  
     -2.933309  5.081944  7.975797    -0.000007    0.000033    0.094791  
     -1.420889  2.566758  7.970140     0.039540    0.022673    0.068192  
      0.001116  5.029743  7.970140     0.000009   -0.045537    0.068196  
      1.423100  2.566771  7.970092    -0.039651    0.022771    0.068305  
      1.360009  0.783905  9.835647    -0.041905   -0.024381   -0.050991  
      0.001147  3.387736  9.804114     0.000111   -0.000068   -0.131873  
      4.511107  0.783910  9.835657     0.041953   -0.024301   -0.050949  
      2.935561  3.512842  9.835647     0.000090    0.048469   -0.050918  
     -0.000000  1.694199  2.183783            0           0           0  
     -1.467220  4.235497  2.183783            0           0           0  
      2.934439  1.694199  2.183783            0           0           0  
      1.467219  4.235497  2.183783            0           0           0  
     -2.934212  5.082466  6.352769    -0.000015    0.000048   -0.007704  
     -1.263663  2.658390  6.333263     0.013714    0.008015   -0.009639  
      0.000374  4.847766  6.333263    -0.000027   -0.015965   -0.009660  
      1.264084  2.658578  6.333308    -0.013754    0.008020   -0.009645  
      2.934461  1.694186  6.609287     0.000057    0.000050    0.015470  
 
  18 f  =   14.410983 THz    90.546878 2PiTHz  480.698659 cm-1    59.599011 meV
             X         Y         Z           dx          dy          dz
      1.467219  0.847100  4.367567            0           0           0  
     -0.000000  3.388398  4.367567            0           0           0  
      4.401659  0.847100  4.367567            0           0           0  
      2.934439  3.388398  4.367567            0           0           0  
      0.001109  1.682885  8.898173    -0.005204    0.007618   -0.011800  
     -1.475322  4.240175  8.898165    -0.014785    0.008184    0.026041  
      2.935562  1.693551  9.051750     0.005498   -0.002788    0.000035  
      1.477572  4.240194  8.898173    -0.010407   -0.000340   -0.014219  
     -0.000000  1.694199  3.382422            0           0           0  
     -1.467220  4.235497  3.382422            0           0           0  
      2.934439  1.694199  3.382422            0           0           0  
      1.467219  4.235497  3.382422            0           0           0  
      0.000000  0.000000  5.352711            0           0           0  
     -1.467220  2.541298  5.352711            0           0           0  
      2.934439  0.000000  5.352711            0           0           0  
      1.467219  2.541298  5.352711            0           0           0  
     -2.933309  5.081944  7.975797    -0.062055    0.031543   -0.000100  
     -1.420889  2.566758  7.970140     0.029557   -0.083173    0.030665  
      0.001116  5.029743  7.970140     0.092303    0.013275    0.025404  
      1.423100  2.566771  7.970092    -0.022507    0.019356   -0.056011  
      1.360009  0.783905  9.835647     0.028234   -0.096092    0.029693  
      0.001147  3.387736  9.804114    -0.040417    0.020531    0.000088  
      4.511107  0.783910  9.835657    -0.034647    0.027182   -0.054608  
      2.935561  3.512842  9.835647     0.103649    0.019482    0.024681  
     -0.000000  1.694199  2.183783            0           0           0  
     -1.467220  4.235497  2.183783            0           0           0  
      2.934439  1.694199  2.183783            0           0           0  
      1.467219  4.235497  2.183783            0           0           0  
     -2.934212  5.082466  6.352769    -0.022518    0.011448    0.000015  
     -1.263663  2.658390  6.333263     0.021901   -0.037453   -0.002938  
      0.000374  4.847766  6.333263     0.046156   -0.000223   -0.002446  
      1.264084  2.658578  6.333308     0.001826    0.002121    0.005347  
      2.934461  1.694186  6.609287    -0.004886    0.002499    0.000011  
 
  19 f  =   14.410234 THz    90.542172 2PiTHz  480.673676 cm-1    59.595913 meV
             X         Y         Z           dx          dy          dz
      1.467219  0.847100  4.367567            0           0           0  
     -0.000000  3.388398  4.367567            0           0           0  
      4.401659  0.847100  4.367567            0           0           0  
      2.934439  3.388398  4.367567            0           0           0  
      0.001109  1.682885  8.898173     0.002651    0.015054   -0.023269  
     -1.475322  4.240175  8.898165     0.002154    0.005531    0.001390  
      2.935562  1.693551  9.051750    -0.002777   -0.005469   -0.000003  
      1.477572  4.240194  8.898173     0.010650    0.009858    0.021867  
     -0.000000  1.694199  3.382422            0           0           0  
     -1.467220  4.235497  3.382422            0           0           0  
      2.934439  1.694199  3.382422            0           0           0  
      1.467219  4.235497  3.382422            0           0           0  
      0.000000  0.000000  5.352711            0           0           0  
     -1.467220  2.541298  5.352711            0           0           0  
      2.934439  0.000000  5.352711            0           0           0  
      1.467219  2.541298  5.352711            0           0           0  
     -2.933309  5.081944  7.975797     0.031564    0.062177   -0.000079  
     -1.420889  2.566758  7.970140     0.049428   -0.036712   -0.047032  
      0.001116  5.029743  7.970140    -0.046863    0.026058    0.049921  
      1.423100  2.566771  7.970092    -0.053012   -0.088731   -0.003039  
      1.360009  0.783905  9.835647     0.063160   -0.036775   -0.045664  
      0.001147  3.387736  9.804114     0.020545    0.040442    0.000094  
      4.511107  0.783910  9.835657    -0.060063   -0.099431   -0.002902  
      2.935561  3.512842  9.835647    -0.052689    0.038589    0.048720  
     -0.000000  1.694199  2.183783            0           0           0  
     -1.467220  4.235497  2.183783            0           0           0  
      2.934439  1.694199  2.183783            0           0           0  
      1.467219  4.235497  2.183783            0           0           0  
     -2.934212  5.082466  6.352769     0.011445    0.022544    0.000007  
     -1.263663  2.658390  6.333263     0.013761   -0.024711    0.004482  
      0.000374  4.847766  6.333263    -0.023464   -0.000427   -0.004752  
      1.264084  2.658578  6.333308    -0.025760   -0.044767    0.000304  
      2.934461  1.694186  6.609287     0.002483    0.004912   -0.000004  
 
  20 f  =   14.070808 THz    88.409493 2PiTHz  469.351626 cm-1    58.192159 meV
             X         Y         Z           dx          dy          dz
      1.467219  0.847100  4.367567            0           0           0  
     -0.000000  3.388398  4.367567            0           0           0  
      4.401659  0.847100  4.367567            0           0           0  
      2.934439  3.388398  4.367567            0           0           0  
      0.001109  1.682885  8.898173     0.018077   -0.010376    0.009481  
     -1.475322  4.240175  8.898165     0.017967   -0.009776   -0.019568  
      2.935562  1.693551  9.051750     0.026020   -0.014170    0.000438  
      1.477572  4.240194  8.898173     0.018548   -0.009551    0.010331  
     -0.000000  1.694199  3.382422            0           0           0  
     -1.467220  4.235497  3.382422            0           0           0  
      2.934439  1.694199  3.382422            0           0           0  
      1.467219  4.235497  3.382422            0           0           0  
      0.000000  0.000000  5.352711            0           0           0  
     -1.467220  2.541298  5.352711            0           0           0  
      2.934439  0.000000  5.352711            0           0           0  
      1.467219  2.541298  5.352711            0           0           0  
     -2.933309  5.081944  7.975797     0.025780   -0.014072    0.000141  
     -1.420889  2.566758  7.970140    -0.015544    0.025222    0.059211  
      0.001116  5.029743  7.970140    -0.030501    0.000690    0.054433  
      1.423100  2.566771  7.970092    -0.002362    0.000388   -0.112598  
      1.360009  0.783905  9.835647    -0.076862    0.003834    0.003191  
      0.001147  3.387736  9.804114    -0.044040    0.023999   -0.000336  
      4.511107  0.783910  9.835657    -0.112088    0.063212   -0.009067  
      2.935561  3.512842  9.835647    -0.042930    0.059217    0.002799  
     -0.000000  1.694199  2.183783            0           0           0  
     -1.467220  4.235497  2.183783            0           0           0  
      2.934439  1.694199  2.183783            0           0           0  
      1.467219  4.235497  2.183783            0           0           0  
     -2.934212  5.082466  6.352769     0.004231   -0.002318   -0.000042  
     -1.263663  2.658390  6.333263     0.000033    0.015717   -0.007064  
      0.000374  4.847766  6.333263    -0.013994   -0.007271   -0.006498  
      1.264084  2.658578  6.333308     0.012616   -0.007785    0.013375  
      2.934461  1.694186  6.609287     0.013880   -0.007559   -0.000238  
 
  21 f  =   14.070494 THz    88.407521 2PiTHz  469.341161 cm-1    58.190861 meV
             X         Y         Z           dx          dy          dz
      1.467219  0.847100  4.367567            0           0           0  
     -0.000000  3.388398  4.367567            0           0           0  
      4.401659  0.847100  4.367567            0           0           0  
      2.934439  3.388398  4.367567            0           0           0  
      0.001109  1.682885  8.898173     0.009808    0.018059   -0.017157  
     -1.475322  4.240175  8.898165     0.009656    0.018217    0.000517  
      2.935562  1.693551  9.051750     0.014165    0.026006    0.000243  
      1.477572  4.240194  8.898173     0.010246    0.018254    0.016764  
     -0.000000  1.694199  3.382422            0           0           0  
     -1.467220  4.235497  3.382422            0           0           0  
      2.934439  1.694199  3.382422            0           0           0  
      1.467219  4.235497  3.382422            0           0           0  
      0.000000  0.000000  5.352711            0           0           0  
     -1.467220  2.541298  5.352711            0           0           0  
      2.934439  0.000000  5.352711            0           0           0  
      1.467219  2.541298  5.352711            0           0           0  
     -2.933309  5.081944  7.975797     0.014081    0.025771    0.000025  
     -1.420889  2.566758  7.970140     0.007736   -0.016535    0.096625  
      0.001116  5.029743  7.970140    -0.016684   -0.001868   -0.099222  
      1.423100  2.566771  7.970092    -0.017343   -0.029878    0.002956  
      1.360009  0.783905  9.835647    -0.080476   -0.075832    0.006212  
      0.001147  3.387736  9.804114    -0.024025   -0.044164   -0.000093  
      4.511107  0.783910  9.835657    -0.022337   -0.043228   -0.000299  
      2.935561  3.512842  9.835647    -0.023445   -0.112563   -0.007437  
     -0.000000  1.694199  2.183783            0           0           0  
     -1.467220  4.235497  2.183783            0           0           0  
      2.934439  1.694199  2.183783            0           0           0  
      1.467219  4.235497  2.183783            0           0           0  
     -2.934212  5.082466  6.352769     0.002322    0.004238   -0.000016  
     -1.263663  2.658390  6.333263     0.015234   -0.000760   -0.011517  
      0.000374  4.847766  6.333263    -0.007629    0.013107    0.011813  
      1.264084  2.658578  6.333308    -0.008256   -0.013455   -0.000361  
      2.934461  1.694186  6.609287     0.007615    0.013992   -0.000182  
 
  22 f  =   14.029838 THz    88.152073 2PiTHz  467.985028 cm-1    58.022722 meV
             X         Y         Z           dx          dy          dz
      1.467219  0.847100  4.367567            0           0           0  
     -0.000000  3.388398  4.367567            0           0           0  
      4.401659  0.847100  4.367567            0           0           0  
      2.934439  3.388398  4.367567            0           0           0  
      0.001109  1.682885  8.898173    -0.000310   -0.028609    0.005094  
     -1.475322  4.240175  8.898165    -0.025009    0.014241    0.005292  
      2.935562  1.693551  9.051750    -0.000461   -0.000024    0.030154  
      1.477572  4.240194  8.898173     0.024445    0.014275    0.004818  
     -0.000000  1.694199  3.382422            0           0           0  
     -1.467220  4.235497  3.382422            0           0           0  
      2.934439  1.694199  3.382422            0           0           0  
      1.467219  4.235497  3.382422            0           0           0  
      0.000000  0.000000  5.352711            0           0           0  
     -1.467220  2.541298  5.352711            0           0           0  
      2.934439  0.000000  5.352711            0           0           0  
      1.467219  2.541298  5.352711            0           0           0  
     -2.933309  5.081944  7.975797    -0.000650    0.000112    0.007289  
     -1.420889  2.566758  7.970140     0.016338    0.009058    0.015038  
      0.001116  5.029743  7.970140     0.000594   -0.018630    0.016733  
      1.423100  2.566771  7.970092    -0.016215    0.009648    0.018827  
      1.360009  0.783905  9.835647     0.095519    0.055101   -0.063763  
      0.001147  3.387736  9.804114     0.000940   -0.000031   -0.016935  
      4.511107  0.783910  9.835657    -0.091995    0.053564   -0.063994  
      2.935561  3.512842  9.835647     0.000410   -0.108396   -0.063626  
     -0.000000  1.694199  2.183783            0           0           0  
     -1.467220  4.235497  2.183783            0           0           0  
      2.934439  1.694199  2.183783            0           0           0  
      1.467219  4.235497  2.183783            0           0           0  
     -2.934212  5.082466  6.352769    -0.000153    0.000064   -0.002401  
     -1.263663  2.658390  6.333263     0.007236    0.004077   -0.003434  
      0.000374  4.847766  6.333263     0.000242   -0.008552   -0.003643  
      1.264084  2.658578  6.333308    -0.007595    0.004555   -0.003885  
      2.934461  1.694186  6.609287    -0.000235   -0.000001   -0.021787  
 
  23 f  =   13.834626 THz    86.925517 2PiTHz  461.473443 cm-1    57.215389 meV
             X         Y         Z           dx          dy          dz
      1.467219  0.847100  4.367567            0           0           0  
     -0.000000  3.388398  4.367567            0           0           0  
      4.401659  0.847100  4.367567            0           0           0  
      2.934439  3.388398  4.367567            0           0           0  
      0.001109  1.682885  8.898173     0.015140   -0.012427    0.002414  
     -1.475322  4.240175  8.898165     0.025011   -0.013244   -0.005491  
      2.935562  1.693551  9.051750     0.012191   -0.006024   -0.000091  
      1.477572  4.240194  8.898173     0.020460   -0.004324    0.003020  
     -0.000000  1.694199  3.382422            0           0           0  
     -1.467220  4.235497  3.382422            0           0           0  
      2.934439  1.694199  3.382422            0           0           0  
      1.467219  4.235497  3.382422            0           0           0  
      0.000000  0.000000  5.352711            0           0           0  
     -1.467220  2.541298  5.352711            0           0           0  
      2.934439  0.000000  5.352711            0           0           0  
      1.467219  2.541298  5.352711            0           0           0  
     -2.933309  5.081944  7.975797    -0.096595    0.047759   -0.000050  
     -1.420889  2.566758  7.970140    -0.015987   -0.043014   -0.032193  
      0.001116  5.029743  7.970140     0.031706    0.028234   -0.025758  
      1.423100  2.566771  7.970092    -0.053889    0.033607    0.057872  
      1.360009  0.783905  9.835647    -0.035011    0.070495    0.059263  
      0.001147  3.387736  9.804114    -0.019380    0.009619    0.000060  
      4.511107  0.783910  9.835657     0.005509   -0.010234   -0.106044  
      2.935561  3.512842  9.835647    -0.084336   -0.003889    0.047373  
     -0.000000  1.694199  2.183783            0           0           0  
     -1.467220  4.235497  2.183783            0           0           0  
      2.934439  1.694199  2.183783            0           0           0  
      1.467219  4.235497  2.183783            0           0           0  
     -2.934212  5.082466  6.352769    -0.039736    0.019654    0.000027  
     -1.263663  2.658390  6.333263    -0.004325   -0.012326    0.004541  
      0.000374  4.847766  6.333263     0.009297    0.007910    0.003630  
      1.264084  2.658578  6.333308    -0.015056    0.009422   -0.008132  
      2.934461  1.694186  6.609287     0.004070   -0.002001   -0.000065  
 
  24 f  =   13.834444 THz    86.924376 2PiTHz  461.467385 cm-1    57.214638 meV
             X         Y         Z           dx          dy          dz
      1.467219  0.847100  4.367567            0           0           0  
     -0.000000  3.388398  4.367567            0           0           0  
      4.401659  0.847100  4.367567            0           0           0  
      2.934439  3.388398  4.367567            0           0           0  
      0.001109  1.682885  8.898173     0.007543    0.025348   -0.004928  
     -1.475322  4.240175  8.898165     0.006769    0.015408    0.000372  
      2.935562  1.693551  9.051750     0.006036    0.012213    0.000011  
      1.477572  4.240194  8.898173     0.015676    0.019944    0.004572  
     -0.000000  1.694199  3.382422            0           0           0  
     -1.467220  4.235497  3.382422            0           0           0  
      2.934439  1.694199  3.382422            0           0           0  
      1.467219  4.235497  3.382422            0           0           0  
      0.000000  0.000000  5.352711            0           0           0  
     -1.467220  2.541298  5.352711            0           0           0  
      2.934439  0.000000  5.352711            0           0           0  
      1.467219  2.541298  5.352711            0           0           0  
     -2.933309  5.081944  7.975797    -0.047838   -0.096650    0.000006  
     -1.420889  2.566758  7.970140    -0.055635   -0.009342   -0.048173  
      0.001116  5.029743  7.970140     0.015829   -0.056988    0.051816  
      1.423100  2.566771  7.970092     0.020993    0.028298   -0.003695  
      1.360009  0.783905  9.835647     0.032883   -0.041187    0.088568  
      0.001147  3.387736  9.804114    -0.009644   -0.019542   -0.000007  
      4.511107  0.783910  9.835657    -0.047686   -0.081411    0.006794  
      2.935561  3.512842  9.835647    -0.041524    0.008440   -0.095398  
     -0.000000  1.694199  2.183783            0           0           0  
     -1.467220  4.235497  2.183783            0           0           0  
      2.934439  1.694199  2.183783            0           0           0  
      1.467219  4.235497  2.183783            0           0           0  
     -2.934212  5.082466  6.352769    -0.019662   -0.039743   -0.000002  
     -1.263663  2.658390  6.333263    -0.015689   -0.002394    0.006790  
      0.000374  4.847766  6.333263     0.004670   -0.015975   -0.007317  
      1.264084  2.658578  6.333308     0.006020    0.008244    0.000510  
      2.934461  1.694186  6.609287     0.001947    0.003935    0.000000  
 
  25 f  =   13.643850 THz    85.726839 2PiTHz  455.109854 cm-1    56.426405 meV
             X         Y         Z           dx          dy          dz
      1.467219  0.847100  4.367567            0           0           0  
     -0.000000  3.388398  4.367567            0           0           0  
      4.401659  0.847100  4.367567            0           0           0  
      2.934439  3.388398  4.367567            0           0           0  
      0.001109  1.682885  8.898173    -0.036328    0.000047    0.000013  
     -1.475322  4.240175  8.898165     0.018229    0.031485    0.000008  
      2.935562  1.693551  9.051750     0.000005   -0.000011   -0.000001  
      1.477572  4.240194  8.898173     0.018264   -0.031452   -0.000022  
     -0.000000  1.694199  3.382422            0           0           0  
     -1.467220  4.235497  3.382422            0           0           0  
      2.934439  1.694199  3.382422            0           0           0  
      1.467219  4.235497  3.382422            0           0           0  
      0.000000  0.000000  5.352711            0           0           0  
     -1.467220  2.541298  5.352711            0           0           0  
      2.934439  0.000000  5.352711            0           0           0  
      1.467219  2.541298  5.352711            0           0           0  
     -2.933309  5.081944  7.975797    -0.000360   -0.000283   -0.000006  
     -1.420889  2.566758  7.970140     0.034598   -0.060170   -0.000217  
      0.001116  5.029743  7.970140    -0.069322   -0.000092    0.000203  
      1.423100  2.566771  7.970092     0.034663    0.060086    0.000009  
      1.360009  0.783905  9.835647     0.052685   -0.090943    0.000251  
      0.001147  3.387736  9.804114    -0.000125    0.000020    0.000007  
      4.511107  0.783910  9.835657     0.052507    0.090950   -0.000073  
      2.935561  3.512842  9.835647    -0.105274    0.000161   -0.000172  
     -0.000000  1.694199  2.183783            0           0           0  
     -1.467220  4.235497  2.183783            0           0           0  
      2.934439  1.694199  2.183783            0           0           0  
      1.467219  4.235497  2.183783            0           0           0  
     -2.934212  5.082466  6.352769    -0.000146   -0.000109    0.000000  
     -1.263663  2.658390  6.333263     0.021817   -0.037912    0.000012  
      0.000374  4.847766  6.333263    -0.043738   -0.000037   -0.000005  
      1.264084  2.658578  6.333308     0.021820    0.037845   -0.000007  
      2.934461  1.694186  6.609287     0.000008   -0.000014    0.000001  
 
  26 f  =   13.143503 THz    82.583066 2PiTHz  438.420072 cm-1    54.357137 meV
             X         Y         Z           dx          dy          dz
      1.467219  0.847100  4.367567            0           0           0  
     -0.000000  3.388398  4.367567            0           0           0  
      4.401659  0.847100  4.367567            0           0           0  
      2.934439  3.388398  4.367567            0           0           0  
      0.001109  1.682885  8.898173     0.002572    0.014794    0.006483  
     -1.475322  4.240175  8.898165     0.018179   -0.007891    0.008602  
      2.935562  1.693551  9.051750    -0.012908   -0.006133    0.000006  
      1.477572  4.240194  8.898173     0.030000    0.017074   -0.015077  
     -0.000000  1.694199  3.382422            0           0           0  
     -1.467220  4.235497  3.382422            0           0           0  
      2.934439  1.694199  3.382422            0           0           0  
      1.467219  4.235497  3.382422            0           0           0  
      0.000000  0.000000  5.352711            0           0           0  
     -1.467220  2.541298  5.352711            0           0           0  
      2.934439  0.000000  5.352711            0           0           0  
      1.467219  2.541298  5.352711            0           0           0  
     -2.933309  5.081944  7.975797    -0.126736   -0.059911   -0.000042  
     -1.420889  2.566758  7.970140     0.047611    0.035928    0.028889  
      0.001116  5.029743  7.970140    -0.080168    0.025435   -0.012350  
      1.423100  2.566771  7.970092    -0.007315   -0.080021   -0.016458  
      1.360009  0.783905  9.835647     0.039238    0.019246   -0.026883  
      0.001147  3.387736  9.804114    -0.087356   -0.041360    0.000006  
      4.511107  0.783910  9.835657     0.036591    0.013739    0.015197  
      2.935561  3.512842  9.835647     0.033531    0.018708    0.011583  
     -0.000000  1.694199  2.183783            0           0           0  
     -1.467220  4.235497  2.183783            0           0           0  
      2.934439  1.694199  2.183783            0           0           0  
      1.467219  4.235497  2.183783            0           0           0  
     -2.934212  5.082466  6.352769    -0.049765   -0.023509    0.000015  
     -1.263663  2.658390  6.333263     0.021307    0.016507   -0.009967  
      0.000374  4.847766  6.333263    -0.039346    0.011488    0.004298  
      1.264084  2.658578  6.333308    -0.004721   -0.038649    0.005678  
      2.934461  1.694186  6.609287     0.012345    0.005874    0.000036  
 
  27 f  =   13.143443 THz    82.582685 2PiTHz  438.418054 cm-1    54.356886 meV
             X         Y         Z           dx          dy          dz
      1.467219  0.847100  4.367567            0           0           0  
     -0.000000  3.388398  4.367567            0           0           0  
      4.401659  0.847100  4.367567            0           0           0  
      2.934439  3.388398  4.367567            0           0           0  
      0.001109  1.682885  8.898173    -0.001213    0.031293    0.013675  
     -1.475322  4.240175  8.898165    -0.023867    0.015594   -0.012447  
      2.935562  1.693551  9.051750     0.006084   -0.012923   -0.000002  
      1.477572  4.240194  8.898173     0.001040    0.003825   -0.001254  
     -0.000000  1.694199  3.382422            0           0           0  
     -1.467220  4.235497  3.382422            0           0           0  
      2.934439  1.694199  3.382422            0           0           0  
      1.467219  4.235497  3.382422            0           0           0  
      0.000000  0.000000  5.352711            0           0           0  
     -1.467220  2.541298  5.352711            0           0           0  
      2.934439  0.000000  5.352711            0           0           0  
      1.467219  2.541298  5.352711            0           0           0  
     -2.933309  5.081944  7.975797     0.060035   -0.126734    0.000044  
     -1.420889  2.566758  7.970140     0.048449   -0.074149    0.002243  
      0.001116  5.029743  7.970140     0.037946    0.053688   -0.026242  
      1.423100  2.566771  7.970092    -0.067400   -0.019302    0.023735  
      1.360009  0.783905  9.835647    -0.015328    0.033768   -0.002196  
      0.001147  3.387736  9.804114     0.041306   -0.087340    0.000018  
      4.511107  0.783910  9.835657    -0.020617    0.036088   -0.021952  
      2.935561  3.512842  9.835647    -0.015825    0.039560    0.024424  
     -0.000000  1.694199  2.183783            0           0           0  
     -1.467220  4.235497  2.183783            0           0           0  
      2.934439  1.694199  2.183783            0           0           0  
      1.467219  4.235497  2.183783            0           0           0  
     -2.934212  5.082466  6.352769     0.023587   -0.049759   -0.000020  
     -1.263663  2.658390  6.333263     0.023578   -0.036497   -0.000818  
      0.000374  4.847766  6.333263     0.018641    0.024251    0.009047  
      1.264084  2.658578  6.333308    -0.031396   -0.010411   -0.008189  
      2.934461  1.694186  6.609287    -0.005810    0.012355   -0.000085  
 
  28 f  =   12.832381 THz    80.628231 2PiTHz  428.042171 cm-1    53.070442 meV
             X         Y         Z           dx          dy          dz
      1.467219  0.847100  4.367567            0           0           0  
     -0.000000  3.388398  4.367567            0           0           0  
      4.401659  0.847100  4.367567            0           0           0  
      2.934439  3.388398  4.367567            0           0           0  
      0.001109  1.682885  8.898173     0.000039   -0.026566    0.007585  
     -1.475322  4.240175  8.898165    -0.022967    0.013283    0.007508  
      2.935562  1.693551  9.051750     0.000112   -0.000019    0.012554  
      1.477572  4.240194  8.898173     0.022991    0.013252    0.007636  
     -0.000000  1.694199  3.382422            0           0           0  
     -1.467220  4.235497  3.382422            0           0           0  
      2.934439  1.694199  3.382422            0           0           0  
      1.467219  4.235497  3.382422            0           0           0  
      0.000000  0.000000  5.352711            0           0           0  
     -1.467220  2.541298  5.352711            0           0           0  
      2.934439  0.000000  5.352711            0           0           0  
      1.467219  2.541298  5.352711            0           0           0  
     -2.933309  5.081944  7.975797    -0.000078    0.000061    0.018786  
     -1.420889  2.566758  7.970140     0.088674    0.051601   -0.072872  
      0.001116  5.029743  7.970140    -0.000613   -0.102896   -0.072841  
      1.423100  2.566771  7.970092    -0.089555    0.051393   -0.072918  
      1.360009  0.783905  9.835647    -0.018558   -0.011019    0.032214  
      0.001147  3.387736  9.804114     0.000458    0.000031   -0.024453  
      4.511107  0.783910  9.835657     0.018514   -0.010409    0.031628  
      2.935561  3.512842  9.835647     0.000495    0.021429    0.032017  
     -0.000000  1.694199  2.183783            0           0           0  
     -1.467220  4.235497  2.183783            0           0           0  
      2.934439  1.694199  2.183783            0           0           0  
      1.467219  4.235497  2.183783            0           0           0  
     -2.934212  5.082466  6.352769     0.000005    0.000027   -0.000557  
     -1.263663  2.658390  6.333263     0.013449    0.007916    0.008725  
      0.000374  4.847766  6.333263    -0.000226   -0.015666    0.008711  
      1.264084  2.658578  6.333308    -0.013549    0.007711    0.008762  
      2.934461  1.694186  6.609287     0.000171   -0.000027   -0.031683  
 
  29 f  =   12.740864 THz    80.053211 2PiTHz  424.989483 cm-1    52.691957 meV
             X         Y         Z           dx          dy          dz
      1.467219  0.847100  4.367567            0           0           0  
     -0.000000  3.388398  4.367567            0           0           0  
      4.401659  0.847100  4.367567            0           0           0  
      2.934439  3.388398  4.367567            0           0           0  
      0.001109  1.682885  8.898173     0.006103    0.000887    0.006366  
     -1.475322  4.240175  8.898165    -0.001166    0.000973   -0.013714  
      2.935562  1.693551  9.051750     0.015048   -0.008000   -0.000046  
      1.477572  4.240194  8.898173     0.002082   -0.005592    0.007204  
     -0.000000  1.694199  3.382422            0           0           0  
     -1.467220  4.235497  3.382422            0           0           0  
      2.934439  1.694199  3.382422            0           0           0  
      1.467219  4.235497  3.382422            0           0           0  
      0.000000  0.000000  5.352711            0           0           0  
     -1.467220  2.541298  5.352711            0           0           0  
      2.934439  0.000000  5.352711            0           0           0  
      1.467219  2.541298  5.352711            0           0           0  
     -2.933309  5.081944  7.975797    -0.016452    0.008781   -0.000036  
     -1.420889  2.566758  7.970140    -0.084183    0.067395   -0.009575  
      0.001116  5.029743  7.970140    -0.104681    0.034800   -0.008475  
      1.423100  2.566771  7.970092    -0.064730    0.032616    0.018904  
      1.360009  0.783905  9.835647     0.027858   -0.072885    0.031383  
      0.001147  3.387736  9.804114     0.093804   -0.049860    0.000116  
      4.511107  0.783910  9.835657    -0.018799    0.014546   -0.059471  
      2.935561  3.512842  9.835647     0.080177    0.010871    0.027840  
     -0.000000  1.694199  2.183783            0           0           0  
     -1.467220  4.235497  2.183783            0           0           0  
      2.934439  1.694199  2.183783            0           0           0  
      1.467219  4.235497  2.183783            0           0           0  
     -2.934212  5.082466  6.352769     0.001541   -0.000804    0.000000  
     -1.263663  2.658390  6.333263    -0.025598    0.032743    0.001420  
      0.000374  4.847766  6.333263    -0.042927    0.005177    0.001269  
      1.264084  2.658578  6.333308    -0.010129    0.003927   -0.002733  
      2.934461  1.694186  6.609287     0.019950   -0.010632   -0.000142  
 
  30 f  =   12.739717 THz    80.046006 2PiTHz  424.951234 cm-1    52.687214 meV
             X         Y         Z           dx          dy          dz
      1.467219  0.847100  4.367567            0           0           0  
     -0.000000  3.388398  4.367567            0           0           0  
      4.401659  0.847100  4.367567            0           0           0  
      2.934439  3.388398  4.367567            0           0           0  
      0.001109  1.682885  8.898173    -0.003272    0.001315    0.012078  
     -1.475322  4.240175  8.898165    -0.003559   -0.005956   -0.000457  
      2.935562  1.693551  9.051750    -0.007997   -0.015053    0.000029  
      1.477572  4.240194  8.898173     0.003050   -0.002516   -0.011565  
     -0.000000  1.694199  3.382422            0           0           0  
     -1.467220  4.235497  3.382422            0           0           0  
      2.934439  1.694199  3.382422            0           0           0  
      1.467219  4.235497  3.382422            0           0           0  
      0.000000  0.000000  5.352711            0           0           0  
     -1.467220  2.541298  5.352711            0           0           0  
      2.934439  0.000000  5.352711            0           0           0  
      1.467219  2.541298  5.352711            0           0           0  
     -2.933309  5.081944  7.975797     0.008872    0.016734    0.000074  
     -1.420889  2.566758  7.970140     0.022265    0.085455    0.015586  
      0.001116  5.029743  7.970140     0.055731    0.064160   -0.016573  
      1.423100  2.566771  7.970092     0.056839    0.104035    0.000492  
      1.360009  0.783905  9.835647     0.041267   -0.031813   -0.050292  
      0.001147  3.387736  9.804114    -0.049860   -0.093711   -0.000094  
      4.511107  0.783910  9.835657    -0.046013   -0.078122   -0.002052  
      2.935561  3.512842  9.835647    -0.042702    0.020732    0.052560  
     -0.000000  1.694199  2.183783            0           0           0  
     -1.467220  4.235497  2.183783            0           0           0  
      2.934439  1.694199  2.183783            0           0           0  
      1.467219  4.235497  2.183783            0           0           0  
     -2.934212  5.082466  6.352769    -0.000776   -0.001434   -0.000004  
     -1.263663  2.658390  6.333263    -0.004895    0.026950   -0.002274  
      0.000374  4.847766  6.333263     0.022853    0.009545    0.002409  
      1.264084  2.658578  6.333308     0.023891    0.042279   -0.000085  
      2.934461  1.694186  6.609287    -0.010567   -0.019923   -0.000077  
 
  31 f  =   11.824393 THz    74.294850 2PiTHz  394.419284 cm-1    48.901737 meV
             X         Y         Z           dx          dy          dz
      1.467219  0.847100  4.367567            0           0           0  
     -0.000000  3.388398  4.367567            0           0           0  
      4.401659  0.847100  4.367567            0           0           0  
      2.934439  3.388398  4.367567            0           0           0  
      0.001109  1.682885  8.898173    -0.005817   -0.000031    0.000002  
     -1.475322  4.240175  8.898165     0.002908    0.005039    0.000003  
      2.935562  1.693551  9.051750    -0.000014   -0.000011   -0.000002  
      1.477572  4.240194  8.898173     0.002889   -0.005033   -0.000007  
     -0.000000  1.694199  3.382422            0           0           0  
     -1.467220  4.235497  3.382422            0           0           0  
      2.934439  1.694199  3.382422            0           0           0  
      1.467219  4.235497  3.382422            0           0           0  
      0.000000  0.000000  5.352711            0           0           0  
     -1.467220  2.541298  5.352711            0           0           0  
      2.934439  0.000000  5.352711            0           0           0  
      1.467219  2.541298  5.352711            0           0           0  
     -2.933309  5.081944  7.975797     0.000013    0.000044   -0.000009  
     -1.420889  2.566758  7.970140     0.057779   -0.100073   -0.000042  
      0.001116  5.029743  7.970140    -0.115563   -0.000025    0.000001  
      1.423100  2.566771  7.970092     0.057873    0.100214    0.000040  
      1.360009  0.783905  9.835647    -0.042377    0.073536    0.000014  
      0.001147  3.387736  9.804114    -0.000019   -0.000000    0.000001  
      4.511107  0.783910  9.835657    -0.042435   -0.073574   -0.000006  
      2.935561  3.512842  9.835647     0.084831    0.000006   -0.000004  
     -0.000000  1.694199  2.183783            0           0           0  
     -1.467220  4.235497  2.183783            0           0           0  
      2.934439  1.694199  2.183783            0           0           0  
      1.467219  4.235497  2.183783            0           0           0  
     -2.934212  5.082466  6.352769     0.000011    0.000008    0.000000  
     -1.263663  2.658390  6.333263     0.023461   -0.040724   -0.000006  
      0.000374  4.847766  6.333263    -0.047031   -0.000018    0.000016  
      1.264084  2.658578  6.333308     0.023506    0.040771   -0.000012  
      2.934461  1.694186  6.609287     0.000000   -0.000052    0.000024  
 
  32 f  =   11.482883 THz    72.149079 2PiTHz  383.027734 cm-1    47.489365 meV
             X         Y         Z           dx          dy          dz
      1.467219  0.847100  4.367567            0           0           0  
     -0.000000  3.388398  4.367567            0           0           0  
      4.401659  0.847100  4.367567            0           0           0  
      2.934439  3.388398  4.367567            0           0           0  
      0.001109  1.682885  8.898173    -0.000047    0.011993   -0.001583  
     -1.475322  4.240175  8.898165     0.010421   -0.006035   -0.001519  
      2.935562  1.693551  9.051750     0.000017    0.000014    0.004857  
      1.477572  4.240194  8.898173    -0.010379   -0.005962   -0.001582  
     -0.000000  1.694199  3.382422            0           0           0  
     -1.467220  4.235497  3.382422            0           0           0  
      2.934439  1.694199  3.382422            0           0           0  
      1.467219  4.235497  3.382422            0           0           0  
      0.000000  0.000000  5.352711            0           0           0  
     -1.467220  2.541298  5.352711            0           0           0  
      2.934439  0.000000  5.352711            0           0           0  
      1.467219  2.541298  5.352711            0           0           0  
     -2.933309  5.081944  7.975797    -0.000247    0.000139    0.121473  
     -1.420889  2.566758  7.970140    -0.041358   -0.023988   -0.046406  
      0.001116  5.029743  7.970140     0.000073    0.047765   -0.046381  
      1.423100  2.566771  7.970092     0.041604   -0.024033   -0.046485  
      1.360009  0.783905  9.835647     0.038272    0.022181    0.049909  
      0.001147  3.387736  9.804114     0.000127   -0.000024   -0.136486  
      4.511107  0.783910  9.835657    -0.038408    0.022177    0.050035  
      2.935561  3.512842  9.835647    -0.000068   -0.044260    0.049907  
     -0.000000  1.694199  2.183783            0           0           0  
     -1.467220  4.235497  2.183783            0           0           0  
      2.934439  1.694199  2.183783            0           0           0  
      1.467219  4.235497  2.183783            0           0           0  
     -2.934212  5.082466  6.352769    -0.000128    0.000074   -0.008063  
     -1.263663  2.658390  6.333263    -0.009637   -0.005655    0.005240  
      0.000374  4.847766  6.333263     0.000059    0.011178    0.005241  
      1.264084  2.658578  6.333308     0.009643   -0.005588    0.005224  
      2.934461  1.694186  6.609287    -0.000159    0.000088   -0.042382  
 
  33 f  =   11.258130 THz    70.736920 2PiTHz  375.530810 cm-1    46.559866 meV
             X         Y         Z           dx          dy          dz
      1.467219  0.847100  4.367567            0           0           0  
     -0.000000  3.388398  4.367567            0           0           0  
      4.401659  0.847100  4.367567            0           0           0  
      2.934439  3.388398  4.367567            0           0           0  
      0.001109  1.682885  8.898173     0.000065   -0.010418    0.005387  
     -1.475322  4.240175  8.898165    -0.009066    0.005227    0.005339  
      2.935562  1.693551  9.051750    -0.000050    0.000034   -0.036072  
      1.477572  4.240194  8.898173     0.009065    0.005150    0.005385  
     -0.000000  1.694199  3.382422            0           0           0  
     -1.467220  4.235497  3.382422            0           0           0  
      2.934439  1.694199  3.382422            0           0           0  
      1.467219  4.235497  3.382422            0           0           0  
      0.000000  0.000000  5.352711            0           0           0  
     -1.467220  2.541298  5.352711            0           0           0  
      2.934439  0.000000  5.352711            0           0           0  
      1.467219  2.541298  5.352711            0           0           0  
     -2.933309  5.081944  7.975797    -0.000156    0.000078    0.018374  
     -1.420889  2.566758  7.970140    -0.002616   -0.001471   -0.018223  
      0.001116  5.029743  7.970140    -0.000021    0.003008   -0.018220  
      1.423100  2.566771  7.970092     0.002650   -0.001543   -0.018190  
      1.360009  0.783905  9.835647     0.010214    0.005902   -0.002235  
      0.001147  3.387736  9.804114     0.000243   -0.000124   -0.012526  
      4.511107  0.783910  9.835657    -0.010293    0.005951   -0.002358  
      2.935561  3.512842  9.835647    -0.000014   -0.011809   -0.002229  
     -0.000000  1.694199  2.183783            0           0           0  
     -1.467220  4.235497  2.183783            0           0           0  
      2.934439  1.694199  2.183783            0           0           0  
      1.467219  4.235497  2.183783            0           0           0  
     -2.934212  5.082466  6.352769    -0.000067    0.000032   -0.001840  
     -1.263663  2.658390  6.333263    -0.009049   -0.005306   -0.000961  
      0.000374  4.847766  6.333263     0.000065    0.010501   -0.000958  
      1.264084  2.658578  6.333308     0.008861   -0.005136   -0.001047  
      2.934461  1.694186  6.609287    -0.000429    0.000243    0.379834  
 
  34 f  =   10.462732 THz    65.739283 2PiTHz  348.999168 cm-1    43.270363 meV
             X         Y         Z           dx          dy          dz
      1.467219  0.847100  4.367567            0           0           0  
     -0.000000  3.388398  4.367567            0           0           0  
      4.401659  0.847100  4.367567            0           0           0  
      2.934439  3.388398  4.367567            0           0           0  
      0.001109  1.682885  8.898173     0.034266   -0.029301   -0.025917  
     -1.475322  4.240175  8.898165     0.029610    0.055169   -0.001678  
      2.935562  1.693551  9.051750    -0.026628   -0.040827   -0.000023  
      1.477572  4.240194  8.898173    -0.041129    0.009015    0.027597  
     -0.000000  1.694199  3.382422            0           0           0  
     -1.467220  4.235497  3.382422            0           0           0  
      2.934439  1.694199  3.382422            0           0           0  
      1.467219  4.235497  3.382422            0           0           0  
      0.000000  0.000000  5.352711            0           0           0  
     -1.467220  2.541298  5.352711            0           0           0  
      2.934439  0.000000  5.352711            0           0           0  
      1.467219  2.541298  5.352711            0           0           0  
     -2.933309  5.081944  7.975797     0.027177    0.041638    0.000012  
     -1.420889  2.566758  7.970140    -0.009256   -0.012578    0.018859  
      0.001116  5.029743  7.970140    -0.007564   -0.013319   -0.017699  
      1.423100  2.566771  7.970092    -0.007616   -0.011588   -0.001124  
      1.360009  0.783905  9.835647     0.038755    0.032070    0.041790  
      0.001147  3.387736  9.804114    -0.048578   -0.074457   -0.000093  
      4.511107  0.783910  9.835657     0.011949    0.014639   -0.002507  
      2.935561  3.512842  9.835647     0.010149    0.046589   -0.039160  
     -0.000000  1.694199  2.183783            0           0           0  
     -1.467220  4.235497  2.183783            0           0           0  
      2.934439  1.694199  2.183783            0           0           0  
      1.467219  4.235497  2.183783            0           0           0  
     -2.934212  5.082466  6.352769     0.006103    0.009340   -0.000005  
     -1.263663  2.658390  6.333263    -0.002895   -0.004369    0.000976  
      0.000374  4.847766  6.333263    -0.002821   -0.004364   -0.000907  
      1.264084  2.658578  6.333308    -0.002804   -0.004334   -0.000056  
      2.934461  1.694186  6.609287    -0.000458   -0.000655   -0.000022  
 
  35 f  =   10.462196 THz    65.735918 2PiTHz  348.981306 cm-1    43.268148 meV
             X         Y         Z           dx          dy          dz
      1.467219  0.847100  4.367567            0           0           0  
     -0.000000  3.388398  4.367567            0           0           0  
      4.401659  0.847100  4.367567            0           0           0  
      2.934439  3.388398  4.367567            0           0           0  
      0.001109  1.682885  8.898173     0.052505    0.018984    0.016893  
     -1.475322  4.240175  8.898165    -0.031981    0.014533   -0.030876  
      2.935562  1.693551  9.051750    -0.040811    0.026625   -0.000037  
      1.477572  4.240194  8.898173     0.014358   -0.056270    0.013994  
     -0.000000  1.694199  3.382422            0           0           0  
     -1.467220  4.235497  3.382422            0           0           0  
      2.934439  1.694199  3.382422            0           0           0  
      1.467219  4.235497  3.382422            0           0           0  
      0.000000  0.000000  5.352711            0           0           0  
     -1.467220  2.541298  5.352711            0           0           0  
      2.934439  0.000000  5.352711            0           0           0  
      1.467219  2.541298  5.352711            0           0           0  
     -2.933309  5.081944  7.975797     0.041744   -0.027215    0.000073  
     -1.420889  2.566758  7.970140    -0.012564    0.006991    0.009575  
      0.001116  5.029743  7.970140    -0.011585    0.008872    0.011577  
      1.423100  2.566771  7.970092    -0.013324    0.008563   -0.021082  
      1.360009  0.783905  9.835647     0.030110   -0.001826    0.021262  
      0.001147  3.387736  9.804114    -0.074498    0.048607   -0.000281  
      4.511107  0.783910  9.835657     0.047583   -0.028644   -0.046618  
      2.935561  3.512842  9.835647     0.015627   -0.030405    0.025666  
     -0.000000  1.694199  2.183783            0           0           0  
     -1.467220  4.235497  2.183783            0           0           0  
      2.934439  1.694199  2.183783            0           0           0  
      1.467219  4.235497  2.183783            0           0           0  
     -2.934212  5.082466  6.352769     0.009392   -0.006115   -0.000019  
     -1.263663  2.658390  6.333263    -0.004359    0.002779    0.000498  
      0.000374  4.847766  6.333263    -0.004315    0.002880    0.000600  
      1.264084  2.658578  6.333308    -0.004354    0.002847   -0.001078  
      2.934461  1.694186  6.609287    -0.000688    0.000425   -0.000258  
 
  36 f  =   10.395566 THz    65.317265 2PiTHz  346.758742 cm-1    42.992585 meV
             X         Y         Z           dx          dy          dz
      1.467219  0.847100  4.367567            0           0           0  
     -0.000000  3.388398  4.367567            0           0           0  
      4.401659  0.847100  4.367567            0           0           0  
      2.934439  3.388398  4.367567            0           0           0  
      0.001109  1.682885  8.898173    -0.000099   -0.058957    0.000593  
     -1.475322  4.240175  8.898165    -0.051043    0.029410    0.000626  
      2.935562  1.693551  9.051750     0.000067    0.000012   -0.024012  
      1.477572  4.240194  8.898173     0.051089    0.029547    0.000547  
     -0.000000  1.694199  3.382422            0           0           0  
     -1.467220  4.235497  3.382422            0           0           0  
      2.934439  1.694199  3.382422            0           0           0  
      1.467219  4.235497  3.382422            0           0           0  
      0.000000  0.000000  5.352711            0           0           0  
     -1.467220  2.541298  5.352711            0           0           0  
      2.934439  0.000000  5.352711            0           0           0  
      1.467219  2.541298  5.352711            0           0           0  
     -2.933309  5.081944  7.975797    -0.000210    0.000127   -0.031020  
     -1.420889  2.566758  7.970140    -0.042910   -0.024861    0.033266  
      0.001116  5.029743  7.970140     0.000086    0.049571    0.033308  
      1.423100  2.566771  7.970092     0.043023   -0.024846    0.033193  
      1.360009  0.783905  9.835647    -0.027349   -0.015711    0.030178  
      0.001147  3.387736  9.804114     0.000315   -0.000153   -0.060707  
      4.511107  0.783910  9.835657     0.027181   -0.015700    0.030407  
      2.935561  3.512842  9.835647    -0.000080    0.031479    0.030218  
     -0.000000  1.694199  2.183783            0           0           0  
     -1.467220  4.235497  2.183783            0           0           0  
      2.934439  1.694199  2.183783            0           0           0  
      1.467219  4.235497  2.183783            0           0           0  
     -2.934212  5.082466  6.352769    -0.000048    0.000024   -0.001934  
     -1.263663  2.658390  6.333263    -0.008215   -0.004808   -0.000179  
      0.000374  4.847766  6.333263     0.000037    0.009535   -0.000175  
      1.264084  2.658578  6.333308     0.008248   -0.004792   -0.000171  
      2.934461  1.694186  6.609287     0.000005   -0.000021   -0.052541  
 
  37 f  =    9.978859 THz    62.699018 2PiTHz  332.858895 cm-1    41.269225 meV
             X         Y         Z           dx          dy          dz
      1.467219  0.847100  4.367567            0           0           0  
     -0.000000  3.388398  4.367567            0           0           0  
      4.401659  0.847100  4.367567            0           0           0  
      2.934439  3.388398  4.367567            0           0           0  
      0.001109  1.682885  8.898173    -0.007360    0.022990    0.020502  
     -1.475322  4.240175  8.898165    -0.020256   -0.022084   -0.005844  
      2.935562  1.693551  9.051750     0.006860    0.027595    0.000033  
      1.477572  4.240194  8.898173     0.025168   -0.010816   -0.014667  
     -0.000000  1.694199  3.382422            0           0           0  
     -1.467220  4.235497  3.382422            0           0           0  
      2.934439  1.694199  3.382422            0           0           0  
      1.467219  4.235497  3.382422            0           0           0  
      0.000000  0.000000  5.352711            0           0           0  
     -1.467220  2.541298  5.352711            0           0           0  
      2.934439  0.000000  5.352711            0           0           0  
      1.467219  2.541298  5.352711            0           0           0  
     -2.933309  5.081944  7.975797     0.029590    0.118948   -0.000035  
     -1.420889  2.566758  7.970140    -0.022521   -0.037383   -0.030998  
      0.001116  5.029743  7.970140    -0.007101   -0.053512    0.043294  
      1.423100  2.566771  7.970092    -0.000981   -0.032040   -0.012307  
      1.360009  0.783905  9.835647     0.002048    0.023892    0.019634  
      0.001147  3.387736  9.804114    -0.034518   -0.138768    0.000103  
      4.511107  0.783910  9.835657     0.008398    0.025451    0.007749  
      2.935561  3.512842  9.835647     0.006631    0.019183   -0.027476  
     -0.000000  1.694199  2.183783            0           0           0  
     -1.467220  4.235497  2.183783            0           0           0  
      2.934439  1.694199  2.183783            0           0           0  
      1.467219  4.235497  2.183783            0           0           0  
     -2.934212  5.082466  6.352769     0.008848    0.035598    0.000010  
     -1.263663  2.658390  6.333263     0.015435   -0.010034   -0.002048  
      0.000374  4.847766  6.333263    -0.005499    0.011749    0.002889  
      1.264084  2.658578  6.333308    -0.013872   -0.017255   -0.000832  
      2.934461  1.694186  6.609287     0.015268    0.062067   -0.000108  
 
  38 f  =    9.977852 THz    62.692695 2PiTHz  332.825326 cm-1    41.265063 meV
             X         Y         Z           dx          dy          dz
      1.467219  0.847100  4.367567            0           0           0  
     -0.000000  3.388398  4.367567            0           0           0  
      4.401659  0.847100  4.367567            0           0           0  
      2.934439  3.388398  4.367567            0           0           0  
      0.001109  1.682885  8.898173    -0.029596   -0.005766   -0.005096  
     -1.475322  4.240175  8.898165     0.015431   -0.018623    0.020329  
      2.935562  1.693551  9.051750     0.027610   -0.006862   -0.000098  
      1.477572  4.240194  8.898173     0.004213    0.026871   -0.015185  
     -0.000000  1.694199  3.382422            0           0           0  
     -1.467220  4.235497  3.382422            0           0           0  
      2.934439  1.694199  3.382422            0           0           0  
      1.467219  4.235497  3.382422            0           0           0  
      0.000000  0.000000  5.352711            0           0           0  
     -1.467220  2.541298  5.352711            0           0           0  
      2.934439  0.000000  5.352711            0           0           0  
      1.467219  2.541298  5.352711            0           0           0  
     -2.933309  5.081944  7.975797     0.118927   -0.029559    0.000114  
     -1.420889  2.566758  7.970140    -0.044636   -0.002277   -0.032097  
      0.001116  5.029743  7.970140    -0.028438    0.013404   -0.010760  
      1.423100  2.566771  7.970092    -0.049831    0.019379    0.042813  
      1.360009  0.783905  9.835647     0.021816   -0.009260    0.020378  
      0.001147  3.387736  9.804114    -0.138756    0.034520   -0.000254  
      4.511107  0.783910  9.835657     0.020188   -0.002925   -0.027026  
      2.935561  3.512842  9.835647     0.026482   -0.004817    0.006854  
     -0.000000  1.694199  2.183783            0           0           0  
     -1.467220  4.235497  2.183783            0           0           0  
      2.934439  1.694199  2.183783            0           0           0  
      1.467219  4.235497  2.183783            0           0           0  
     -2.934212  5.082466  6.352769     0.035611   -0.008858   -0.000030  
     -1.263663  2.658390  6.333263    -0.000328    0.018074   -0.002157  
      0.000374  4.847766  6.333263    -0.022122   -0.002968   -0.000733  
      1.264084  2.658578  6.333308     0.007099   -0.011354    0.002910  
      2.934461  1.694186  6.609287     0.062301   -0.015635    0.000466  
 
  39 f  =    8.299861 THz    52.149563 2PiTHz  276.853552 cm-1    34.325450 meV
             X         Y         Z           dx          dy          dz
      1.467219  0.847100  4.367567            0           0           0  
     -0.000000  3.388398  4.367567            0           0           0  
      4.401659  0.847100  4.367567            0           0           0  
      2.934439  3.388398  4.367567            0           0           0  
      0.001109  1.682885  8.898173    -0.002747   -0.003564    0.004722  
     -1.475322  4.240175  8.898165     0.005957   -0.003339   -0.008856  
      2.935562  1.693551  9.051750    -0.006463    0.004001   -0.000114  
      1.477572  4.240194  8.898173     0.001345    0.004085    0.004258  
     -0.000000  1.694199  3.382422            0           0           0  
     -1.467220  4.235497  3.382422            0           0           0  
      2.934439  1.694199  3.382422            0           0           0  
      1.467219  4.235497  3.382422            0           0           0  
      0.000000  0.000000  5.352711            0           0           0  
     -1.467220  2.541298  5.352711            0           0           0  
      2.934439  0.000000  5.352711            0           0           0  
      1.467219  2.541298  5.352711            0           0           0  
     -2.933309  5.081944  7.975797    -0.018045    0.011196    0.000099  
     -1.420889  2.566758  7.970140    -0.019973   -0.038265    0.028925  
      0.001116  5.029743  7.970140     0.022317    0.040527    0.032208  
      1.423100  2.566771  7.970092    -0.067038    0.037758   -0.061300  
      1.360009  0.783905  9.835647     0.015828    0.022092   -0.025222  
      0.001147  3.387736  9.804114     0.026295   -0.016324    0.000042  
      4.511107  0.783910  9.835657     0.045287   -0.025674    0.053286  
      2.935561  3.512842  9.835647    -0.010825   -0.027538   -0.028096  
     -0.000000  1.694199  2.183783            0           0           0  
     -1.467220  4.235497  2.183783            0           0           0  
      2.934439  1.694199  2.183783            0           0           0  
      1.467219  4.235497  2.183783            0           0           0  
     -2.934212  5.082466  6.352769     0.002124   -0.001323   -0.000003  
     -1.263663  2.658390  6.333263     0.030247    0.041106   -0.017481  
      0.000374  4.847766  6.333263    -0.019715   -0.052174   -0.019495  
      1.264084  2.658578  6.333308     0.086126   -0.048898    0.037002  
      2.934461  1.694186  6.609287     0.258886   -0.160553    0.000293  
 
  40 f  =    8.296224 THz    52.126711 2PiTHz  276.732236 cm-1    34.310409 meV
             X         Y         Z           dx          dy          dz
      1.467219  0.847100  4.367567            0           0           0  
     -0.000000  3.388398  4.367567            0           0           0  
      4.401659  0.847100  4.367567            0           0           0  
      2.934439  3.388398  4.367567            0           0           0  
      0.001109  1.682885  8.898173     0.001763   -0.005864    0.007522  
     -1.475322  4.240175  8.898165     0.001430    0.002921    0.000272  
      2.935562  1.693551  9.051750     0.004030    0.006468   -0.000002  
      1.477572  4.240194  8.898173    -0.006070   -0.001676   -0.007789  
     -0.000000  1.694199  3.382422            0           0           0  
     -1.467220  4.235497  3.382422            0           0           0  
      2.934439  1.694199  3.382422            0           0           0  
      1.467219  4.235497  3.382422            0           0           0  
      0.000000  0.000000  5.352711            0           0           0  
     -1.467220  2.541298  5.352711            0           0           0  
      2.934439  0.000000  5.352711            0           0           0  
      1.467219  2.541298  5.352711            0           0           0  
     -2.933309  5.081944  7.975797     0.011091    0.017907    0.000012  
     -1.420889  2.566758  7.970140     0.065232    0.023301   -0.054042  
      0.001116  5.029743  7.970140    -0.013852    0.065672    0.052096  
      1.423100  2.566771  7.970092    -0.010994   -0.023940    0.001952  
      1.360009  0.783905  9.835647    -0.042950   -0.017875    0.047005  
      0.001147  3.387736  9.804114    -0.016288   -0.026251   -0.000008  
      4.511107  0.783910  9.835657     0.004940    0.011862   -0.001690  
      2.935561  3.512842  9.835647     0.006686   -0.044467   -0.045329  
     -0.000000  1.694199  2.183783            0           0           0  
     -1.467220  4.235497  2.183783            0           0           0  
      2.934439  1.694199  2.183783            0           0           0  
      1.467219  4.235497  2.183783            0           0           0  
     -2.934212  5.082466  6.352769    -0.001340   -0.002165   -0.000002  
     -1.263663  2.658390  6.333263    -0.080786   -0.034019    0.032559  
      0.000374  4.847766  6.333263     0.012175   -0.083934   -0.031414  
      1.264084  2.658578  6.333308     0.008952    0.021605   -0.001151  
      2.934461  1.694186  6.609287    -0.160186   -0.258621   -0.000019  
 
  41 f  =    7.779734 THz    48.881511 2PiTHz  259.503995 cm-1    32.174380 meV
             X         Y         Z           dx          dy          dz
      1.467219  0.847100  4.367567            0           0           0  
     -0.000000  3.388398  4.367567            0           0           0  
      4.401659  0.847100  4.367567            0           0           0  
      2.934439  3.388398  4.367567            0           0           0  
      0.001109  1.682885  8.898173     0.065743   -0.000086    0.000064  
     -1.475322  4.240175  8.898165    -0.032878   -0.056912    0.000018  
      2.935562  1.693551  9.051750     0.000084    0.000120   -0.000001  
      1.477572  4.240194  8.898173    -0.032952    0.056875   -0.000082  
     -0.000000  1.694199  3.382422            0           0           0  
     -1.467220  4.235497  3.382422            0           0           0  
      2.934439  1.694199  3.382422            0           0           0  
      1.467219  4.235497  3.382422            0           0           0  
      0.000000  0.000000  5.352711            0           0           0  
     -1.467220  2.541298  5.352711            0           0           0  
      2.934439  0.000000  5.352711            0           0           0  
      1.467219  2.541298  5.352711            0           0           0  
     -2.933309  5.081944  7.975797    -0.000016   -0.000036    0.000002  
     -1.420889  2.566758  7.970140     0.024601   -0.042395   -0.000054  
      0.001116  5.029743  7.970140    -0.049037    0.000087    0.000039  
      1.423100  2.566771  7.970092     0.024499    0.042374    0.000014  
      1.360009  0.783905  9.835647     0.025372   -0.043943    0.000049  
      0.001147  3.387736  9.804114    -0.000018   -0.000026   -0.000001  
      4.511107  0.783910  9.835657     0.025298    0.043853   -0.000018  
      2.935561  3.512842  9.835647    -0.050748    0.000020   -0.000027  
     -0.000000  1.694199  2.183783            0           0           0  
     -1.467220  4.235497  2.183783            0           0           0  
      2.934439  1.694199  2.183783            0           0           0  
      1.467219  4.235497  2.183783            0           0           0  
     -2.934212  5.082466  6.352769     0.000005    0.000014   -0.000000  
     -1.263663  2.658390  6.333263     0.007013   -0.011817   -0.000041  
      0.000374  4.847766  6.333263    -0.013765    0.000167    0.000046  
      1.264084  2.658578  6.333308     0.006796    0.011776   -0.000004  
      2.934461  1.694186  6.609287     0.000286    0.000465    0.000001  
 
  42 f  =    7.441308 THz    46.755120 2PiTHz  248.215332 cm-1    30.774765 meV
             X         Y         Z           dx          dy          dz
      1.467219  0.847100  4.367567            0           0           0  
     -0.000000  3.388398  4.367567            0           0           0  
      4.401659  0.847100  4.367567            0           0           0  
      2.934439  3.388398  4.367567            0           0           0  
      0.001109  1.682885  8.898173    -0.013535   -0.030826    0.014047  
     -1.475322  4.240175  8.898165     0.047492   -0.025898   -0.024704  
      2.935562  1.693551  9.051750    -0.045744    0.031612    0.000045  
      1.477572  4.240194  8.898173     0.012688    0.024496    0.010616  
     -0.000000  1.694199  3.382422            0           0           0  
     -1.467220  4.235497  3.382422            0           0           0  
      2.934439  1.694199  3.382422            0           0           0  
      1.467219  4.235497  3.382422            0           0           0  
      0.000000  0.000000  5.352711            0           0           0  
     -1.467220  2.541298  5.352711            0           0           0  
      2.934439  0.000000  5.352711            0           0           0  
      1.467219  2.541298  5.352711            0           0           0  
     -2.933309  5.081944  7.975797     0.016450   -0.011381   -0.000027  
     -1.420889  2.566758  7.970140    -0.019311   -0.036761    0.015793  
      0.001116  5.029743  7.970140     0.020181    0.046555    0.020978  
      1.423100  2.566771  7.970092    -0.071722    0.039145   -0.036773  
      1.360009  0.783905  9.835647     0.015519   -0.014500   -0.013972  
      0.001147  3.387736  9.804114     0.011989   -0.008300    0.000004  
      4.511107  0.783910  9.835657     0.011565   -0.008765    0.032459  
      2.935561  3.512842  9.835647     0.018506   -0.008206   -0.018525  
     -0.000000  1.694199  2.183783            0           0           0  
     -1.467220  4.235497  2.183783            0           0           0  
      2.934439  1.694199  2.183783            0           0           0  
      1.467219  4.235497  2.183783            0           0           0  
     -2.934212  5.082466  6.352769    -0.004737    0.003261    0.000003  
     -1.263663  2.658390  6.333263    -0.010397   -0.042239    0.004934  
      0.000374  4.847766  6.333263     0.028572    0.039855    0.006520  
      1.264084  2.658578  6.333308    -0.061945    0.032572   -0.011440  
      2.934461  1.694186  6.609287    -0.154358    0.106450   -0.000114  
 
  43 f  =    7.441019 THz    46.753303 2PiTHz  248.205686 cm-1    30.773569 meV
             X         Y         Z           dx          dy          dz
      1.467219  0.847100  4.367567            0           0           0  
     -0.000000  3.388398  4.367567            0           0           0  
      4.401659  0.847100  4.367567            0           0           0  
      2.934439  3.388398  4.367567            0           0           0  
      0.001109  1.682885  8.898173     0.009193   -0.044669    0.020420  
     -1.475322  4.240175  8.898165     0.004485    0.016512    0.001982  
      2.935562  1.693551  9.051750     0.031662    0.045862   -0.000012  
      1.477572  4.240194  8.898173    -0.045916   -0.018539   -0.022398  
     -0.000000  1.694199  3.382422            0           0           0  
     -1.467220  4.235497  3.382422            0           0           0  
      2.934439  1.694199  3.382422            0           0           0  
      1.467219  4.235497  3.382422            0           0           0  
      0.000000  0.000000  5.352711            0           0           0  
     -1.467220  2.541298  5.352711            0           0           0  
      2.934439  0.000000  5.352711            0           0           0  
      1.467219  2.541298  5.352711            0           0           0  
     -2.933309  5.081944  7.975797    -0.011386   -0.016495   -0.000002  
     -1.420889  2.566758  7.970140     0.069080    0.027871   -0.033167  
      0.001116  5.029743  7.970140    -0.013825    0.067209    0.030190  
      1.423100  2.566771  7.970092    -0.006569   -0.024546    0.002955  
      1.360009  0.783905  9.835647    -0.006312   -0.014696    0.029322  
      0.001147  3.387736  9.804114    -0.008291   -0.011983   -0.000003  
      4.511107  0.783910  9.835657    -0.012294   -0.018997   -0.002592  
      2.935561  3.512842  9.835647    -0.012695   -0.011668   -0.026694  
     -0.000000  1.694199  2.183783            0           0           0  
     -1.467220  4.235497  2.183783            0           0           0  
      2.934439  1.694199  2.183783            0           0           0  
      1.467219  4.235497  2.183783            0           0           0  
     -2.934212  5.082466  6.352769     0.003273    0.004744    0.000001  
     -1.263663  2.658390  6.333263     0.062376    0.018844   -0.010438  
      0.000374  4.847766  6.333263    -0.019746    0.057774    0.009509  
      1.264084  2.658578  6.333308    -0.012417   -0.032903    0.000941  
      2.934461  1.694186  6.609287     0.106759    0.154468   -0.000001  
 
  44 f  =    6.774643 THz    42.566340 2PiTHz  225.977780 cm-1    28.017661 meV
             X         Y         Z           dx          dy          dz
      1.467219  0.847100  4.367567            0           0           0  
     -0.000000  3.388398  4.367567            0           0           0  
      4.401659  0.847100  4.367567            0           0           0  
      2.934439  3.388398  4.367567            0           0           0  
      0.001109  1.682885  8.898173     0.005506    0.016988    0.065819  
     -1.475322  4.240175  8.898165     0.005101    0.012229   -0.006700  
      2.935562  1.693551  9.051750    -0.025229   -0.054722    0.000008  
      1.477572  4.240194  8.898173     0.009431    0.014246   -0.059131  
     -0.000000  1.694199  3.382422            0           0           0  
     -1.467220  4.235497  3.382422            0           0           0  
      2.934439  1.694199  3.382422            0           0           0  
      1.467219  4.235497  3.382422            0           0           0  
      0.000000  0.000000  5.352711            0           0           0  
     -1.467220  2.541298  5.352711            0           0           0  
      2.934439  0.000000  5.352711            0           0           0  
      1.467219  2.541298  5.352711            0           0           0  
     -2.933309  5.081944  7.975797     0.022911    0.049723   -0.000002  
     -1.420889  2.566758  7.970140     0.016784   -0.003067    0.025776  
      0.001116  5.029743  7.970140    -0.007981    0.014483   -0.028724  
      1.423100  2.566771  7.970092    -0.010787   -0.015778    0.002938  
      1.360009  0.783905  9.835647    -0.001838   -0.020083    0.050178  
      0.001147  3.387736  9.804114     0.025708    0.055889   -0.000008  
      4.511107  0.783910  9.835657    -0.013072   -0.025204    0.005656  
      2.935561  3.512842  9.835647    -0.011876   -0.012916   -0.055823  
     -0.000000  1.694199  2.183783            0           0           0  
     -1.467220  4.235497  2.183783            0           0           0  
      2.934439  1.694199  2.183783            0           0           0  
      1.467219  4.235497  2.183783            0           0           0  
     -2.934212  5.082466  6.352769     0.010714    0.023268    0.000001  
     -1.263663  2.658390  6.333263     0.022380   -0.002640   -0.005064  
      0.000374  4.847766  6.333263    -0.009757    0.020095    0.005637  
      1.264084  2.658578  6.333308    -0.013376   -0.019145   -0.000567  
      2.934461  1.694186  6.609287     0.020262    0.043856    0.000017  
 
  45 f  =    6.773437 THz    42.558759 2PiTHz  225.937533 cm-1    28.012671 meV
             X         Y         Z           dx          dy          dz
      1.467219  0.847100  4.367567            0           0           0  
     -0.000000  3.388398  4.367567            0           0           0  
      4.401659  0.847100  4.367567            0           0           0  
      2.934439  3.388398  4.367567            0           0           0  
      0.001109  1.682885  8.898173     0.011979   -0.007841   -0.030282  
     -1.475322  4.240175  8.898165     0.016776   -0.008267    0.072155  
      2.935562  1.693551  9.051750    -0.054708    0.025214   -0.000065  
      1.477572  4.240194  8.898173     0.014736   -0.003931   -0.041870  
     -0.000000  1.694199  3.382422            0           0           0  
     -1.467220  4.235497  3.382422            0           0           0  
      2.934439  1.694199  3.382422            0           0           0  
      1.467219  4.235497  3.382422            0           0           0  
      0.000000  0.000000  5.352711            0           0           0  
     -1.467220  2.541298  5.352711            0           0           0  
      2.934439  0.000000  5.352711            0           0           0  
      1.467219  2.541298  5.352711            0           0           0  
     -2.933309  5.081944  7.975797     0.049753   -0.022896   -0.000009  
     -1.420889  2.566758  7.970140     0.000129    0.018119    0.018311  
      0.001116  5.029743  7.970140    -0.017397   -0.006638    0.013243  
      1.423100  2.566771  7.970092     0.012753   -0.009432   -0.031591  
      1.360009  0.783905  9.835647    -0.018678    0.016070    0.035447  
      0.001147  3.387736  9.804114     0.055905   -0.025741    0.000037  
      4.511107  0.783910  9.835657    -0.013524    0.004759   -0.061152  
      2.935561  3.512842  9.835647    -0.025886    0.005911    0.025647  
     -0.000000  1.694199  2.183783            0           0           0  
     -1.467220  4.235497  2.183783            0           0           0  
      2.934439  1.694199  2.183783            0           0           0  
      1.467219  4.235497  2.183783            0           0           0  
     -2.934212  5.082466  6.352769     0.023280   -0.010711   -0.000010  
     -1.263663  2.658390  6.333263     0.001526    0.022894   -0.003580  
      0.000374  4.847766  6.333263    -0.021206   -0.009265   -0.002591  
      1.264084  2.658578  6.333308     0.017981   -0.012877    0.006179  
      2.934461  1.694186  6.609287     0.043769   -0.020198   -0.000139  
 
  46 f  =    6.292267 THz    39.535480 2PiTHz  209.887437 cm-1    26.022714 meV
             X         Y         Z           dx          dy          dz
      1.467219  0.847100  4.367567            0           0           0  
     -0.000000  3.388398  4.367567            0           0           0  
      4.401659  0.847100  4.367567            0           0           0  
      2.934439  3.388398  4.367567            0           0           0  
      0.001109  1.682885  8.898173     0.005996    0.011774   -0.016161  
     -1.475322  4.240175  8.898165    -0.023583    0.014267    0.037628  
      2.935562  1.693551  9.051750     0.045587   -0.021498    0.000276  
      1.477572  4.240194  8.898173    -0.010926   -0.012591   -0.021697  
     -0.000000  1.694199  3.382422            0           0           0  
     -1.467220  4.235497  3.382422            0           0           0  
      2.934439  1.694199  3.382422            0           0           0  
      1.467219  4.235497  3.382422            0           0           0  
      0.000000  0.000000  5.352711            0           0           0  
     -1.467220  2.541298  5.352711            0           0           0  
      2.934439  0.000000  5.352711            0           0           0  
      1.467219  2.541298  5.352711            0           0           0  
     -2.933309  5.081944  7.975797    -0.007223    0.003433   -0.000090  
     -1.420889  2.566758  7.970140    -0.044437    0.001934    0.045914  
      0.001116  5.029743  7.970140    -0.026336    0.028056    0.034267  
      1.423100  2.566771  7.970092    -0.057920    0.030622   -0.080194  
      1.360009  0.783905  9.835647     0.022467    0.054250   -0.011600  
      0.001147  3.387736  9.804114     0.007424   -0.003468   -0.000079  
      4.511107  0.783910  9.835657     0.068786   -0.043934    0.020293  
      2.935561  3.512842  9.835647    -0.039388   -0.034789   -0.008734  
     -0.000000  1.694199  2.183783            0           0           0  
     -1.467220  4.235497  2.183783            0           0           0  
      2.934439  1.694199  2.183783            0           0           0  
      1.467219  4.235497  2.183783            0           0           0  
     -2.934212  5.082466  6.352769    -0.000129    0.000070    0.000007  
     -1.263663  2.658390  6.333263    -0.023951   -0.017885    0.000668  
      0.000374  4.847766  6.333263     0.003878    0.022121    0.000486  
      1.264084  2.658578  6.333308    -0.044547    0.026149   -0.001107  
      2.934461  1.694186  6.609287    -0.143966    0.067649    0.000228  
 
  47 f  =    6.289803 THz    39.519999 2PiTHz  209.805249 cm-1    26.012524 meV
             X         Y         Z           dx          dy          dz
      1.467219  0.847100  4.367567            0           0           0  
     -0.000000  3.388398  4.367567            0           0           0  
      4.401659  0.847100  4.367567            0           0           0  
      2.934439  3.388398  4.367567            0           0           0  
      0.001109  1.682885  8.898173     0.002790   -0.024927    0.034267  
     -1.475322  4.240175  8.898165     0.005294    0.004566   -0.003181  
      2.935562  1.693551  9.051750     0.021402    0.045459   -0.000009  
      1.477572  4.240194  8.898173    -0.021478   -0.008059   -0.031066  
     -0.000000  1.694199  3.382422            0           0           0  
     -1.467220  4.235497  3.382422            0           0           0  
      2.934439  1.694199  3.382422            0           0           0  
      1.467219  4.235497  3.382422            0           0           0  
      0.000000  0.000000  5.352711            0           0           0  
     -1.467220  2.541298  5.352711            0           0           0  
      2.934439  0.000000  5.352711            0           0           0  
      1.467219  2.541298  5.352711            0           0           0  
     -2.933309  5.081944  7.975797    -0.003383   -0.007150    0.000012  
     -1.420889  2.566758  7.970140    -0.038452   -0.041364    0.066105  
      0.001116  5.029743  7.970140    -0.012367   -0.059494   -0.072842  
      1.423100  2.566771  7.970092    -0.009767   -0.027895    0.006753  
      1.360009  0.783905  9.835647     0.070558    0.012055   -0.016719  
      0.001147  3.387736  9.804114     0.003489    0.007457    0.000005  
      4.511107  0.783910  9.835657    -0.027609   -0.034143   -0.001687  
      2.935561  3.512842  9.835647    -0.018519    0.073963    0.018402  
     -0.000000  1.694199  2.183783            0           0           0  
     -1.467220  4.235497  2.183783            0           0           0  
      2.934439  1.694199  2.183783            0           0           0  
      1.467219  4.235497  2.183783            0           0           0  
     -2.934212  5.082466  6.352769    -0.000075   -0.000131   -0.000001  
     -1.263663  2.658390  6.333263    -0.038328   -0.019218    0.000979  
      0.000374  4.847766  6.333263     0.001936   -0.047118   -0.001067  
      1.264084  2.658578  6.333308     0.005906    0.001643    0.000080  
      2.934461  1.694186  6.609287    -0.068146   -0.144429    0.000001  
 
  48 f  =    5.327258 THz    33.472149 2PiTHz  177.698199 cm-1    22.031759 meV
             X         Y         Z           dx          dy          dz
      1.467219  0.847100  4.367567            0           0           0  
     -0.000000  3.388398  4.367567            0           0           0  
      4.401659  0.847100  4.367567            0           0           0  
      2.934439  3.388398  4.367567            0           0           0  
      0.001109  1.682885  8.898173     0.000025   -0.005204   -0.033116  
     -1.475322  4.240175  8.898165    -0.004371    0.002525   -0.033193  
      2.935562  1.693551  9.051750    -0.000097    0.000060    0.102729  
      1.477572  4.240194  8.898173     0.004519    0.002582   -0.033107  
     -0.000000  1.694199  3.382422            0           0           0  
     -1.467220  4.235497  3.382422            0           0           0  
      2.934439  1.694199  3.382422            0           0           0  
      1.467219  4.235497  3.382422            0           0           0  
      0.000000  0.000000  5.352711            0           0           0  
     -1.467220  2.541298  5.352711            0           0           0  
      2.934439  0.000000  5.352711            0           0           0  
      1.467219  2.541298  5.352711            0           0           0  
     -2.933309  5.081944  7.975797     0.000071   -0.000035   -0.035847  
     -1.420889  2.566758  7.970140    -0.015628   -0.009123   -0.007259  
      0.001116  5.029743  7.970140     0.000089    0.018119   -0.007236  
      1.423100  2.566771  7.970092     0.015858   -0.009153   -0.007025  
      1.360009  0.783905  9.835647    -0.026669   -0.015510   -0.003920  
      0.001147  3.387736  9.804114     0.000025   -0.000024   -0.039768  
      4.511107  0.783910  9.835657     0.026549   -0.015321   -0.004014  
      2.935561  3.512842  9.835647     0.000103    0.030829   -0.003927  
     -0.000000  1.694199  2.183783            0           0           0  
     -1.467220  4.235497  2.183783            0           0           0  
      2.934439  1.694199  2.183783            0           0           0  
      1.467219  4.235497  2.183783            0           0           0  
     -2.934212  5.082466  6.352769     0.000051   -0.000030    0.002463  
     -1.263663  2.658390  6.333263    -0.008256   -0.004738    0.002073  
      0.000374  4.847766  6.333263    -0.000023    0.009525    0.002071  
      1.264084  2.658578  6.333308     0.008579   -0.004954    0.002131  
      2.934461  1.694186  6.609287     0.000671   -0.000384    0.109321  
 
  49 f  =    2.548030 THz    16.009746 2PiTHz   84.993141 cm-1    10.537802 meV
             X         Y         Z           dx          dy          dz
      1.467219  0.847100  4.367567            0           0           0  
     -0.000000  3.388398  4.367567            0           0           0  
      4.401659  0.847100  4.367567            0           0           0  
      2.934439  3.388398  4.367567            0           0           0  
      0.001109  1.682885  8.898173     0.000026   -0.000251    0.051316  
     -1.475322  4.240175  8.898165    -0.000168    0.000102    0.051338  
      2.935562  1.693551  9.051750    -0.000001   -0.000000    0.057705  
      1.477572  4.240194  8.898173     0.000235    0.000110    0.051315  
     -0.000000  1.694199  3.382422            0           0           0  
     -1.467220  4.235497  3.382422            0           0           0  
      2.934439  1.694199  3.382422            0           0           0  
      1.467219  4.235497  3.382422            0           0           0  
      0.000000  0.000000  5.352711            0           0           0  
     -1.467220  2.541298  5.352711            0           0           0  
      2.934439  0.000000  5.352711            0           0           0  
      1.467219  2.541298  5.352711            0           0           0  
     -2.933309  5.081944  7.975797     0.000042   -0.000020    0.046987  
     -1.420889  2.566758  7.970140    -0.002732   -0.001595    0.047069  
      0.001116  5.029743  7.970140     0.000015    0.003184    0.047075  
      1.423100  2.566771  7.970092     0.002789   -0.001609    0.047082  
      1.360009  0.783905  9.835647    -0.000536   -0.000332    0.054279  
      0.001147  3.387736  9.804114     0.000050   -0.000021    0.050918  
      4.511107  0.783910  9.835657     0.000566   -0.000321    0.054235  
      2.935561  3.512842  9.835647     0.000026    0.000627    0.054272  
     -0.000000  1.694199  2.183783            0           0           0  
     -1.467220  4.235497  2.183783            0           0           0  
      2.934439  1.694199  2.183783            0           0           0  
      1.467219  4.235497  2.183783            0           0           0  
     -2.934212  5.082466  6.352769    -0.000006    0.000003   -0.002751  
     -1.263663  2.658390  6.333263     0.002153    0.001252   -0.004611  
      0.000374  4.847766  6.333263    -0.000020   -0.002472   -0.004608  
      1.264084  2.658578  6.333308    -0.002161    0.001238   -0.004611  
      2.934461  1.694186  6.609287     0.000026    0.000002    0.051046  
 
  50 f  =    0.463684 THz     2.913410 2PiTHz   15.466821 cm-1     1.917640 meV
             X         Y         Z           dx          dy          dz
      1.467219  0.847100  4.367567            0           0           0  
     -0.000000  3.388398  4.367567            0           0           0  
      4.401659  0.847100  4.367567            0           0           0  
      2.934439  3.388398  4.367567            0           0           0  
      0.001109  1.682885  8.898173     0.044701   -0.027329   -0.000231  
     -1.475322  4.240175  8.898165     0.044770   -0.027341    0.000425  
      2.935562  1.693551  9.051750     0.046061   -0.028130   -0.000089  
      1.477572  4.240194  8.898173     0.044720   -0.027287   -0.000211  
     -0.000000  1.694199  3.382422            0           0           0  
     -1.467220  4.235497  3.382422            0           0           0  
      2.934439  1.694199  3.382422            0           0           0  
      1.467219  4.235497  3.382422            0           0           0  
      0.000000  0.000000  5.352711            0           0           0  
     -1.467220  2.541298  5.352711            0           0           0  
      2.934439  0.000000  5.352711            0           0           0  
      1.467219  2.541298  5.352711            0           0           0  
     -2.933309  5.081944  7.975797     0.044367   -0.027100   -0.000006  
     -1.420889  2.566758  7.970140     0.043095   -0.026026    0.000656  
      0.001116  5.029743  7.970140     0.042842   -0.026490    0.000714  
      1.423100  2.566771  7.970092     0.043332   -0.026447   -0.001434  
      1.360009  0.783905  9.835647     0.045395   -0.026561   -0.000133  
      0.001147  3.387736  9.804114     0.044271   -0.027036    0.000014  
      4.511107  0.783910  9.835657     0.046383   -0.028267    0.000195  
      2.935561  3.512842  9.835647     0.044415   -0.028346   -0.000140  
     -0.000000  1.694199  2.183783            0           0           0  
     -1.467220  4.235497  2.183783            0           0           0  
      2.934439  1.694199  2.183783            0           0           0  
      1.467219  4.235497  2.183783            0           0           0  
     -2.934212  5.082466  6.352769     0.010761   -0.006571   -0.000005  
     -1.263663  2.658390  6.333263     0.010573   -0.009541   -0.000731  
      0.000374  4.847766  6.333263     0.013166   -0.004777   -0.000795  
      1.264084  2.658578  6.333308     0.007727   -0.004894    0.001506  
      2.934461  1.694186  6.609287     0.003090   -0.001884   -0.000099  
 
  51 f  =    0.454129 THz     2.853378 2PiTHz   15.148121 cm-1     1.878127 meV
             X         Y         Z           dx          dy          dz
      1.467219  0.847100  4.367567            0           0           0  
     -0.000000  3.388398  4.367567            0           0           0  
      4.401659  0.847100  4.367567            0           0           0  
      2.934439  3.388398  4.367567            0           0           0  
      0.001109  1.682885  8.898173    -0.027310   -0.044763   -0.000371  
     -1.475322  4.240175  8.898165    -0.027308   -0.044707   -0.000006  
      2.935562  1.693551  9.051750    -0.028121   -0.046040    0.000009  
      1.477572  4.240194  8.898173    -0.027351   -0.044741    0.000386  
     -0.000000  1.694199  3.382422            0           0           0  
     -1.467220  4.235497  3.382422            0           0           0  
      2.934439  1.694199  3.382422            0           0           0  
      1.467219  4.235497  3.382422            0           0           0  
      0.000000  0.000000  5.352711            0           0           0  
     -1.467220  2.541298  5.352711            0           0           0  
      2.934439  0.000000  5.352711            0           0           0  
      1.467219  2.541298  5.352711            0           0           0  
     -2.933309  5.081944  7.975797    -0.027095   -0.044365    0.000001  
     -1.420889  2.566758  7.970140    -0.026616   -0.043094   -0.001261  
      0.001116  5.029743  7.970140    -0.026162   -0.043343    0.001231  
      1.423100  2.566771  7.970092    -0.026175   -0.042843    0.000037  
      1.360009  0.783905  9.835647    -0.028890   -0.045425    0.000196  
      0.001147  3.387736  9.804114    -0.027037   -0.044270    0.000001  
      4.511107  0.783910  9.835657    -0.027172   -0.044379   -0.000003  
      2.935561  3.512842  9.835647    -0.027119   -0.046387   -0.000173  
     -0.000000  1.694199  2.183783            0           0           0  
     -1.467220  4.235497  2.183783            0           0           0  
      2.934439  1.694199  2.183783            0           0           0  
      1.467219  4.235497  2.183783            0           0           0  
     -2.934212  5.082466  6.352769    -0.006567   -0.010750    0.000000  
     -1.263663  2.658390  6.333263    -0.003255   -0.010395    0.001322  
      0.000374  4.847766  6.333263    -0.008041   -0.007785   -0.001284  
      1.264084  2.658578  6.333308    -0.007905   -0.013247   -0.000037  
      2.934461  1.694186  6.609287    -0.001843   -0.003007    0.000007  
 
