 Eigenvectors and eigenvalues of the dynamical matrix
 ----------------------------------------------------
 
 
   1 f  =   20.124267 THz   126.444496 2PiTHz  671.273275 cm-1    83.227241 meV
             X         Y         Z           dx          dy          dz
      0.000032  1.831799  2.624395            0           0           0  
     -1.586368  4.579524  2.624395            0           0           0  
      3.172832  1.831799  2.624395            0           0           0  
      1.586431  4.579524  2.624395            0           0           0  
      1.586368  0.915927  5.087164            0           0           0  
     -0.000032  3.663652  5.087164            0           0           0  
      4.759169  0.915927  5.087164            0           0           0  
      3.172769  3.663652  5.087164            0           0           0  
     -0.040871  1.772020  9.936509     0.001536    0.002156   -0.009411  
     -1.598223  4.536617  9.850069     0.000124   -0.000134   -0.003843  
      3.188852  1.772626  9.935351    -0.001576    0.001264   -0.008123  
      1.574425  4.570632  9.937848    -0.000794   -0.002581   -0.009969  
     -0.022373  3.626861 12.447627    -0.000753    0.000708   -0.008224  
      1.574113  0.861311 12.447845    -0.000640   -0.001516   -0.010060  
      3.170905  3.627131 12.447736     0.000746    0.001443   -0.009500  
      4.746886  0.873562 12.447495     0.000085   -0.000079   -0.003284  
      0.000000  0.000000  3.855704            0           0           0  
     -1.586400  2.747725  3.855704            0           0           0  
      3.172800  0.000000  3.855704            0           0           0  
      1.586400  2.747725  3.855704            0           0           0  
      1.574330  2.704886 11.184273     0.004301   -0.004765    0.119599  
     -0.029973  5.443114 11.176014    -0.057531   -0.024201    0.123253  
      4.746769  2.725153 11.175670    -0.005186    0.055703    0.110916  
      3.178558  5.442730 11.176238     0.068660   -0.036596    0.154074  
      1.557169  0.899068  1.424395            0           0           0  
     -0.000031  3.596217  1.424395            0           0           0  
      4.671569  0.899068  1.424395            0           0           0  
      3.114369  3.596217  1.424395            0           0           0  
      0.000031  1.798082  6.287164            0           0           0  
     -1.557169  4.495231  6.287164            0           0           0  
      3.114431  1.798082  6.287164            0           0           0  
      1.557231  4.495231  6.287164            0           0           0  
      0.049788  3.585454  8.788822    -0.002593    0.001228   -0.004083  
      1.573269  0.942497  8.786773     0.000536   -0.002625   -0.005255  
      3.099286  3.587001  8.786109     0.002687    0.000666   -0.004905  
      4.746561  0.873192  8.807446    -0.000637    0.000627    0.000671  
     -0.004956  1.793343 13.529837     0.005135    0.001735   -0.002779  
     -1.598331  4.536633 13.549718    -0.000860    0.000915   -0.002228  
      3.153453  1.793409 13.529557    -0.005269    0.002645   -0.001516  
      1.574233  4.528663 13.529674     0.000721   -0.005101   -0.003298  
      1.568337  2.722201  7.507618    -0.000187    0.000182    0.002682  
 
   2 f  =   20.048928 THz   125.971133 2PiTHz  668.760267 cm-1    82.915668 meV
             X         Y         Z           dx          dy          dz
      0.000032  1.831799  2.624395            0           0           0  
     -1.586368  4.579524  2.624395            0           0           0  
      3.172832  1.831799  2.624395            0           0           0  
      1.586431  4.579524  2.624395            0           0           0  
      1.586368  0.915927  5.087164            0           0           0  
     -0.000032  3.663652  5.087164            0           0           0  
      4.759169  0.915927  5.087164            0           0           0  
      3.172769  3.663652  5.087164            0           0           0  
     -0.040871  1.772020  9.936509    -0.001987    0.006219   -0.004604  
     -1.598223  4.536617  9.850069     0.001241   -0.000319    0.000382  
      3.188852  1.772626  9.935351     0.000887   -0.003245    0.008620  
      1.574425  4.570632  9.937848    -0.008893   -0.000338   -0.000925  
     -0.022373  3.626861 12.447627     0.000881   -0.002669    0.008591  
      1.574113  0.861311 12.447845    -0.007005   -0.000398   -0.000871  
      3.170905  3.627131 12.447736    -0.001337    0.005047   -0.004523  
      4.746886  0.873562 12.447495     0.000837   -0.000211    0.000342  
      0.000000  0.000000  3.855704            0           0           0  
     -1.586400  2.747725  3.855704            0           0           0  
      3.172800  0.000000  3.855704            0           0           0  
      1.586400  2.747725  3.855704            0           0           0  
      1.574330  2.704886 11.184273     0.044854   -0.011407   -0.015058  
     -0.029973  5.443114 11.176014     0.053306    0.067436   -0.153689  
      4.746769  2.725153 11.175670    -0.046423   -0.033193   -0.063346  
      3.178558  5.442730 11.176238     0.072003   -0.055950    0.174833  
      1.557169  0.899068  1.424395            0           0           0  
     -0.000031  3.596217  1.424395            0           0           0  
      4.671569  0.899068  1.424395            0           0           0  
      3.114369  3.596217  1.424395            0           0           0  
      0.000031  1.798082  6.287164            0           0           0  
     -1.557169  4.495231  6.287164            0           0           0  
      3.114431  1.798082  6.287164            0           0           0  
      1.557231  4.495231  6.287164            0           0           0  
      0.049788  3.585454  8.788822     0.000271    0.001671    0.006048  
      1.573269  0.942497  8.786773     0.005581    0.000626   -0.000835  
      3.099286  3.587001  8.786109     0.001056   -0.003970   -0.003388  
      4.746561  0.873192  8.807446    -0.006291    0.001636   -0.000071  
     -0.004956  1.793343 13.529837    -0.000365   -0.005784   -0.005723  
     -1.598331  4.536633 13.549718    -0.009116    0.002357    0.000215  
      3.153453  1.793409 13.529557    -0.001502    0.003046    0.008385  
      1.574233  4.528663 13.529674     0.006725    0.001562   -0.001828  
      1.568337  2.722201  7.507618    -0.001926    0.000503   -0.000246  
 
   3 f  =   20.045687 THz   125.950769 2PiTHz  668.652161 cm-1    82.902265 meV
             X         Y         Z           dx          dy          dz
      0.000032  1.831799  2.624395            0           0           0  
     -1.586368  4.579524  2.624395            0           0           0  
      3.172832  1.831799  2.624395            0           0           0  
      1.586431  4.579524  2.624395            0           0           0  
      1.586368  0.915927  5.087164            0           0           0  
     -0.000032  3.663652  5.087164            0           0           0  
      4.759169  0.915927  5.087164            0           0           0  
      3.172769  3.663652  5.087164            0           0           0  
     -0.040871  1.772020  9.936509     0.004719   -0.004607   -0.006352  
     -1.598223  4.536617  9.850069     0.000338    0.001255   -0.000253  
      3.188852  1.772626  9.935351    -0.004922   -0.007040   -0.002714  
      1.574425  4.570632  9.937848    -0.002325    0.002095    0.007182  
     -0.022373  3.626861 12.447627    -0.003931   -0.005552   -0.002728  
      1.574113  0.861311 12.447845    -0.001831    0.002000    0.007131  
      3.170905  3.627131 12.447736     0.003892   -0.003545   -0.006357  
      4.746886  0.873562 12.447495     0.000243    0.000887   -0.000235  
      0.000000  0.000000  3.855704            0           0           0  
     -1.586400  2.747725  3.855704            0           0           0  
      3.172800  0.000000  3.855704            0           0           0  
      1.586400  2.747725  3.855704            0           0           0  
      1.574330  2.704886 11.184273     0.012592    0.046559    0.008920  
     -0.029973  5.443114 11.176014     0.076671    0.000586   -0.129296  
      4.746769  2.725153 11.175670    -0.014694    0.102029    0.197713  
      3.178558  5.442730 11.176238    -0.044206   -0.033122   -0.041946  
      1.557169  0.899068  1.424395            0           0           0  
     -0.000031  3.596217  1.424395            0           0           0  
      4.671569  0.899068  1.424395            0           0           0  
      3.114369  3.596217  1.424395            0           0           0  
      0.000031  1.798082  6.287164            0           0           0  
     -1.557169  4.495231  6.287164            0           0           0  
      3.114431  1.798082  6.287164            0           0           0  
      1.557231  4.495231  6.287164            0           0           0  
      0.049788  3.585454  8.788822     0.003020    0.005139   -0.001835  
      1.573269  0.942497  8.786773     0.001614   -0.001185    0.005020  
      3.099286  3.587001  8.786109    -0.002555    0.003471   -0.004254  
      4.746561  0.873192  8.807446    -0.001703   -0.006383    0.000008  
     -0.004956  1.793343 13.529837    -0.004394    0.003340   -0.006140  
     -1.598331  4.536633 13.549718    -0.002462   -0.009199   -0.000169  
      3.153453  1.793409 13.529557     0.003975    0.005806   -0.002362  
      1.574233  4.528663 13.529674     0.001881   -0.003865    0.007977  
      1.568337  2.722201  7.507618    -0.000520   -0.001960    0.000146  
 
   4 f  =   19.331358 THz   121.462507 2PiTHz  644.824706 cm-1    79.948038 meV
             X         Y         Z           dx          dy          dz
      0.000032  1.831799  2.624395            0           0           0  
     -1.586368  4.579524  2.624395            0           0           0  
      3.172832  1.831799  2.624395            0           0           0  
      1.586431  4.579524  2.624395            0           0           0  
      1.586368  0.915927  5.087164            0           0           0  
     -0.000032  3.663652  5.087164            0           0           0  
      4.759169  0.915927  5.087164            0           0           0  
      3.172769  3.663652  5.087164            0           0           0  
     -0.040871  1.772020  9.936509     0.000596   -0.004733    0.006182  
     -1.598223  4.536617  9.850069    -0.000487   -0.000730    0.000234  
      3.188852  1.772626  9.935351    -0.004323   -0.007644   -0.000315  
      1.574425  4.570632  9.937848    -0.004902   -0.001464   -0.005936  
     -0.022373  3.626861 12.447627    -0.003548   -0.006273   -0.000339  
      1.574113  0.861311 12.447845    -0.004013   -0.002021   -0.006521  
      3.170905  3.627131 12.447736    -0.000291   -0.004353    0.006796  
      4.746886  0.873562 12.447495    -0.000909   -0.001404    0.000252  
      0.000000  0.000000  3.855704            0           0           0  
     -1.586400  2.747725  3.855704            0           0           0  
      3.172800  0.000000  3.855704            0           0           0  
      1.586400  2.747725  3.855704            0           0           0  
      1.574330  2.704886 11.184273    -0.042606   -0.067269    0.007369  
     -0.029973  5.443114 11.176014    -0.016652    0.101085   -0.046426  
      4.746769  2.725153 11.175670     0.109445    0.036091    0.039676  
      3.178558  5.442730 11.176238     0.108747    0.184291   -0.002528  
      1.557169  0.899068  1.424395            0           0           0  
     -0.000031  3.596217  1.424395            0           0           0  
      4.671569  0.899068  1.424395            0           0           0  
      3.114369  3.596217  1.424395            0           0           0  
      0.000031  1.798082  6.287164            0           0           0  
     -1.557169  4.495231  6.287164            0           0           0  
      3.114431  1.798082  6.287164            0           0           0  
      1.557231  4.495231  6.287164            0           0           0  
      0.049788  3.585454  8.788822    -0.006800   -0.011197   -0.000174  
      1.573269  0.942497  8.786773    -0.006936   -0.000095    0.001991  
      3.099286  3.587001  8.786109     0.003501   -0.004940   -0.002371  
      4.746561  0.873192  8.807446     0.000835    0.001206    0.000206  
     -0.004956  1.793343 13.529837     0.002757   -0.004320   -0.001296  
     -1.598331  4.536633 13.549718     0.001833    0.002809    0.000308  
      3.153453  1.793409 13.529557    -0.005835   -0.009532   -0.000193  
      1.574233  4.528663 13.529674    -0.005991   -0.000403    0.000939  
      1.568337  2.722201  7.507618    -0.000070   -0.000134    0.000019  
 
   5 f  =   19.320177 THz   121.392255 2PiTHz  644.451750 cm-1    79.901798 meV
             X         Y         Z           dx          dy          dz
      0.000032  1.831799  2.624395            0           0           0  
     -1.586368  4.579524  2.624395            0           0           0  
      3.172832  1.831799  2.624395            0           0           0  
      1.586431  4.579524  2.624395            0           0           0  
      1.586368  0.915927  5.087164            0           0           0  
     -0.000032  3.663652  5.087164            0           0           0  
      4.759169  0.915927  5.087164            0           0           0  
      3.172769  3.663652  5.087164            0           0           0  
     -0.040871  1.772020  9.936509    -0.004699    0.006169    0.003313  
     -1.598223  4.536617  9.850069    -0.000791    0.000465    0.000237  
      3.188852  1.772626  9.935351    -0.001396    0.001325   -0.007281  
      1.574425  4.570632  9.937848    -0.007491    0.001101    0.003695  
     -0.022373  3.626861 12.447627    -0.001933    0.001555   -0.007998  
      1.574113  0.861311 12.447845    -0.006082    0.001446    0.004030  
      3.170905  3.627131 12.447736    -0.004243    0.004786    0.003607  
      4.746886  0.873562 12.447495    -0.001414    0.000855    0.000240  
      0.000000  0.000000  3.855704            0           0           0  
     -1.586400  2.747725  3.855704            0           0           0  
      3.172800  0.000000  3.855704            0           0           0  
      1.586400  2.747725  3.855704            0           0           0  
      1.574330  2.704886 11.184273    -0.069961    0.043323    0.006098  
     -0.029973  5.443114 11.176014     0.108229   -0.155343   -0.021427  
      4.746769  2.725153 11.175670     0.178510   -0.018966   -0.026865  
      3.178558  5.442730 11.176238     0.032478   -0.026143    0.043421  
      1.557169  0.899068  1.424395            0           0           0  
     -0.000031  3.596217  1.424395            0           0           0  
      4.671569  0.899068  1.424395            0           0           0  
      3.114369  3.596217  1.424395            0           0           0  
      0.000031  1.798082  6.287164            0           0           0  
     -1.557169  4.495231  6.287164            0           0           0  
      3.114431  1.798082  6.287164            0           0           0  
      1.557231  4.495231  6.287164            0           0           0  
      0.049788  3.585454  8.788822     0.000323    0.000298    0.002221  
      1.573269  0.942497  8.786773    -0.011076   -0.000461   -0.001392  
      3.099286  3.587001  8.786109    -0.005346    0.010196   -0.001108  
      4.746561  0.873192  8.807446     0.001719   -0.000986    0.000241  
     -0.004956  1.793343 13.529837    -0.004902    0.008984   -0.000526  
     -1.598331  4.536633 13.549718     0.003156   -0.001898    0.000174  
      3.153453  1.793409 13.529557    -0.000018    0.000395    0.001120  
      1.574233  4.528663 13.529674    -0.009922   -0.000201   -0.000728  
      1.568337  2.722201  7.507618    -0.000097    0.000076   -0.000050  
 
   6 f  =   19.302197 THz   121.279281 2PiTHz  643.851992 cm-1    79.827437 meV
             X         Y         Z           dx          dy          dz
      0.000032  1.831799  2.624395            0           0           0  
     -1.586368  4.579524  2.624395            0           0           0  
      3.172832  1.831799  2.624395            0           0           0  
      1.586431  4.579524  2.624395            0           0           0  
      1.586368  0.915927  5.087164            0           0           0  
     -0.000032  3.663652  5.087164            0           0           0  
      4.759169  0.915927  5.087164            0           0           0  
      3.172769  3.663652  5.087164            0           0           0  
     -0.040871  1.772020  9.936509    -0.004004   -0.002310   -0.001579  
     -1.598223  4.536617  9.850069     0.000024    0.000003    0.005761  
      3.188852  1.772626  9.935351     0.004228   -0.002120   -0.001047  
      1.574425  4.570632  9.937848     0.000292    0.004796   -0.001205  
     -0.022373  3.626861 12.447627     0.004513   -0.002341   -0.001186  
      1.574113  0.861311 12.447845     0.000248    0.005082   -0.001384  
      3.170905  3.627131 12.447736    -0.004250   -0.002461   -0.001786  
      4.746886  0.873562 12.447495     0.000065    0.000003    0.006043  
      0.000000  0.000000  3.855704            0           0           0  
     -1.586400  2.747725  3.855704            0           0           0  
      3.172800  0.000000  3.855704            0           0           0  
      1.586400  2.747725  3.855704            0           0           0  
      1.574330  2.704886 11.184273     0.003879   -0.000181    0.244446  
     -0.029973  5.443114 11.176014    -0.011232   -0.004828   -0.080476  
      4.746769  2.725153 11.175670    -0.008053    0.010275   -0.083466  
      3.178558  5.442730 11.176238     0.005748   -0.011251   -0.081660  
      1.557169  0.899068  1.424395            0           0           0  
     -0.000031  3.596217  1.424395            0           0           0  
      4.671569  0.899068  1.424395            0           0           0  
      3.114369  3.596217  1.424395            0           0           0  
      0.000031  1.798082  6.287164            0           0           0  
     -1.557169  4.495231  6.287164            0           0           0  
      3.114431  1.798082  6.287164            0           0           0  
      1.557231  4.495231  6.287164            0           0           0  
      0.049788  3.585454  8.788822    -0.008888    0.005584   -0.006039  
      1.573269  0.942497  8.786773     0.000518   -0.010357   -0.005882  
      3.099286  3.587001  8.786109     0.009052    0.005079   -0.005760  
      4.746561  0.873192  8.807446    -0.000115    0.000007    0.006160  
     -0.004956  1.793343 13.529837     0.007928    0.004574   -0.005705  
     -1.598331  4.536633 13.549718    -0.000261    0.000060    0.008274  
      3.153453  1.793409 13.529557    -0.007782    0.004938   -0.005711  
      1.574233  4.528663 13.529674     0.000389   -0.009129   -0.005784  
      1.568337  2.722201  7.507618     0.000008   -0.000021    0.000728  
 
   7 f  =   18.734150 THz   117.710135 2PiTHz  624.903974 cm-1    77.478183 meV
             X         Y         Z           dx          dy          dz
      0.000032  1.831799  2.624395            0           0           0  
     -1.586368  4.579524  2.624395            0           0           0  
      3.172832  1.831799  2.624395            0           0           0  
      1.586431  4.579524  2.624395            0           0           0  
      1.586368  0.915927  5.087164            0           0           0  
     -0.000032  3.663652  5.087164            0           0           0  
      4.759169  0.915927  5.087164            0           0           0  
      3.172769  3.663652  5.087164            0           0           0  
     -0.040871  1.772020  9.936509     0.004578   -0.008043   -0.000087  
     -1.598223  4.536617  9.850069    -0.000026    0.000077   -0.000013  
      3.188852  1.772626  9.935351     0.004702    0.008201    0.000038  
      1.574425  4.570632  9.937848    -0.009144   -0.000027    0.000049  
     -0.022373  3.626861 12.447627     0.004063    0.007085    0.000045  
      1.574113  0.861311 12.447845    -0.007867   -0.000023    0.000063  
      3.170905  3.627131 12.447736     0.003948   -0.006940   -0.000110  
      4.746886  0.873562 12.447495    -0.000014    0.000095   -0.000015  
      0.000000  0.000000  3.855704            0           0           0  
     -1.586400  2.747725  3.855704            0           0           0  
      3.172800  0.000000  3.855704            0           0           0  
      1.586400  2.747725  3.855704            0           0           0  
      1.574330  2.704886 11.184273     0.002951    0.001968    0.000041  
     -0.029973  5.443114 11.176014     0.080383   -0.142070    0.002274  
      4.746769  2.725153 11.175670    -0.165680   -0.002056   -0.000368  
      3.178558  5.442730 11.176238     0.080340    0.138570   -0.001632  
      1.557169  0.899068  1.424395            0           0           0  
     -0.000031  3.596217  1.424395            0           0           0  
      4.671569  0.899068  1.424395            0           0           0  
      3.114369  3.596217  1.424395            0           0           0  
      0.000031  1.798082  6.287164            0           0           0  
     -1.557169  4.495231  6.287164            0           0           0  
      3.114431  1.798082  6.287164            0           0           0  
      1.557231  4.495231  6.287164            0           0           0  
      0.049788  3.585454  8.788822    -0.001006   -0.001701   -0.000114  
      1.573269  0.942497  8.786773     0.002372   -0.000021   -0.000022  
      3.099286  3.587001  8.786109    -0.001176    0.001932    0.000112  
      4.746561  0.873192  8.807446    -0.000085   -0.000045   -0.000016  
     -0.004956  1.793343 13.529837    -0.000700    0.001128    0.000078  
     -1.598331  4.536633 13.549718    -0.000103   -0.000081   -0.000010  
      3.153453  1.793409 13.529557    -0.000557   -0.000936   -0.000081  
      1.574233  4.528663 13.529674     0.001388   -0.000010   -0.000007  
      1.568337  2.722201  7.507618     0.000026    0.000008    0.000003  
 
   8 f  =   18.425333 THz   115.769780 2PiTHz  614.602945 cm-1    76.201019 meV
             X         Y         Z           dx          dy          dz
      0.000032  1.831799  2.624395            0           0           0  
     -1.586368  4.579524  2.624395            0           0           0  
      3.172832  1.831799  2.624395            0           0           0  
      1.586431  4.579524  2.624395            0           0           0  
      1.586368  0.915927  5.087164            0           0           0  
     -0.000032  3.663652  5.087164            0           0           0  
      4.759169  0.915927  5.087164            0           0           0  
      3.172769  3.663652  5.087164            0           0           0  
     -0.040871  1.772020  9.936509    -0.001733   -0.000763    0.002027  
     -1.598223  4.536617  9.850069    -0.000123    0.000346   -0.012820  
      3.188852  1.772626  9.935351     0.001476   -0.000792    0.001905  
      1.574425  4.570632  9.937848    -0.000129    0.002277    0.001927  
     -0.022373  3.626861 12.447627     0.001653   -0.000893   -0.000325  
      1.574113  0.861311 12.447845    -0.000075    0.002379   -0.000358  
      3.170905  3.627131 12.447736    -0.001834   -0.000887   -0.000209  
      4.746886  0.873562 12.447495    -0.000099    0.000296   -0.015749  
      0.000000  0.000000  3.855704            0           0           0  
     -1.586400  2.747725  3.855704            0           0           0  
      3.172800  0.000000  3.855704            0           0           0  
      1.586400  2.747725  3.855704            0           0           0  
      1.574330  2.704886 11.184273     0.001303   -0.007721    0.075608  
     -0.029973  5.443114 11.176014     0.129021    0.071036    0.049688  
      4.746769  2.725153 11.175670     0.002596   -0.152920    0.053840  
      3.178558  5.442730 11.176238    -0.124980    0.071230    0.048208  
      1.557169  0.899068  1.424395            0           0           0  
     -0.000031  3.596217  1.424395            0           0           0  
      4.671569  0.899068  1.424395            0           0           0  
      3.114369  3.596217  1.424395            0           0           0  
      0.000031  1.798082  6.287164            0           0           0  
     -1.557169  4.495231  6.287164            0           0           0  
      3.114431  1.798082  6.287164            0           0           0  
      1.557231  4.495231  6.287164            0           0           0  
      0.049788  3.585454  8.788822     0.000484   -0.000251   -0.005225  
      1.573269  0.942497  8.786773    -0.000159    0.001064   -0.004623  
      3.099286  3.587001  8.786109    -0.000645   -0.000182   -0.005020  
      4.746561  0.873192  8.807446     0.000124    0.000236   -0.016240  
     -0.004956  1.793343 13.529837    -0.004008   -0.001675   -0.000058  
     -1.598331  4.536633 13.549718    -0.000122    0.000433   -0.005210  
      3.153453  1.793409 13.529557     0.003651   -0.001895   -0.000173  
      1.574233  4.528663 13.529674    -0.000384    0.004730    0.000255  
      1.568337  2.722201  7.507618    -0.000005   -0.000019    0.001741  
 
   9 f  =   18.299388 THz   114.978449 2PiTHz  610.401895 cm-1    75.680156 meV
             X         Y         Z           dx          dy          dz
      0.000032  1.831799  2.624395            0           0           0  
     -1.586368  4.579524  2.624395            0           0           0  
      3.172832  1.831799  2.624395            0           0           0  
      1.586431  4.579524  2.624395            0           0           0  
      1.586368  0.915927  5.087164            0           0           0  
     -0.000032  3.663652  5.087164            0           0           0  
      4.759169  0.915927  5.087164            0           0           0  
      3.172769  3.663652  5.087164            0           0           0  
     -0.040871  1.772020  9.936509    -0.005749   -0.005279   -0.001012  
     -1.598223  4.536617  9.850069    -0.001704   -0.004529   -0.000368  
      3.188852  1.772626  9.935351     0.000124   -0.003214   -0.000167  
      1.574425  4.570632  9.937848    -0.000909   -0.009163    0.001362  
     -0.022373  3.626861 12.447627     0.000213   -0.003033   -0.000421  
      1.574113  0.861311 12.447845    -0.000833   -0.008914    0.002341  
      3.170905  3.627131 12.447736    -0.005680   -0.005095   -0.001946  
      4.746886  0.873562 12.447495    -0.001660   -0.004403   -0.000462  
      0.000000  0.000000  3.855704            0           0           0  
     -1.586400  2.747725  3.855704            0           0           0  
      3.172800  0.000000  3.855704            0           0           0  
      1.586400  2.747725  3.855704            0           0           0  
      1.574330  2.704886 11.184273     0.087820    0.236896    0.002863  
     -0.029973  5.443114 11.176014     0.022659    0.060362    0.044446  
      4.746769  2.725153 11.175670     0.022392    0.050351   -0.051085  
      3.178558  5.442730 11.176238     0.018351    0.059747    0.010422  
      1.557169  0.899068  1.424395            0           0           0  
     -0.000031  3.596217  1.424395            0           0           0  
      4.671569  0.899068  1.424395            0           0           0  
      3.114369  3.596217  1.424395            0           0           0  
      0.000031  1.798082  6.287164            0           0           0  
     -1.557169  4.495231  6.287164            0           0           0  
      3.114431  1.798082  6.287164            0           0           0  
      1.557231  4.495231  6.287164            0           0           0  
      0.049788  3.585454  8.788822     0.000183   -0.002618    0.001064  
      1.573269  0.942497  8.786773    -0.000742   -0.008262   -0.007114  
      3.099286  3.587001  8.786109    -0.005166   -0.004577    0.005495  
      4.746561  0.873192  8.807446    -0.003848   -0.010488   -0.000422  
     -0.004956  1.793343 13.529837    -0.004015   -0.005920    0.003354  
     -1.598331  4.536633 13.549718    -0.004125   -0.011120   -0.000164  
      3.153453  1.793409 13.529557    -0.001149   -0.004966    0.000711  
      1.574233  4.528663 13.529674    -0.001721   -0.007617   -0.004125  
      1.568337  2.722201  7.507618     0.000422    0.001158    0.000087  
 
  10 f  =   18.287087 THz   114.901155 2PiTHz  609.991557 cm-1    75.629280 meV
             X         Y         Z           dx          dy          dz
      0.000032  1.831799  2.624395            0           0           0  
     -1.586368  4.579524  2.624395            0           0           0  
      3.172832  1.831799  2.624395            0           0           0  
      1.586431  4.579524  2.624395            0           0           0  
      1.586368  0.915927  5.087164            0           0           0  
     -0.000032  3.663652  5.087164            0           0           0  
      4.759169  0.915927  5.087164            0           0           0  
      3.172769  3.663652  5.087164            0           0           0  
     -0.040871  1.772020  9.936509     0.006435    0.001196    0.000924  
     -1.598223  4.536617  9.850069     0.004676   -0.001708   -0.000267  
      3.188852  1.772626  9.935351     0.008636   -0.004389   -0.001295  
      1.574425  4.570632  9.937848     0.002526   -0.003354    0.000515  
     -0.022373  3.626861 12.447627     0.008468   -0.004340   -0.002431  
      1.574113  0.861311 12.447845     0.002360   -0.003261    0.000820  
      3.170905  3.627131 12.447736     0.006235    0.001255    0.001551  
      4.746886  0.873562 12.447495     0.004604   -0.001680   -0.000339  
      0.000000  0.000000  3.855704            0           0           0  
     -1.586400  2.747725  3.855704            0           0           0  
      3.172800  0.000000  3.855704            0           0           0  
      1.586400  2.747725  3.855704            0           0           0  
      1.574330  2.704886 11.184273    -0.235362    0.087247    0.002305  
     -0.029973  5.443114 11.176014    -0.055130    0.023369   -0.036045  
      4.746769  2.725153 11.175670    -0.060214    0.017682   -0.018951  
      3.178558  5.442730 11.176238    -0.059876    0.023844    0.057148  
      1.557169  0.899068  1.424395            0           0           0  
     -0.000031  3.596217  1.424395            0           0           0  
      4.671569  0.899068  1.424395            0           0           0  
      3.114369  3.596217  1.424395            0           0           0  
      0.000031  1.798082  6.287164            0           0           0  
     -1.557169  4.495231  6.287164            0           0           0  
      3.114431  1.798082  6.287164            0           0           0  
      1.557231  4.495231  6.287164            0           0           0  
      0.049788  3.585454  8.788822     0.007782   -0.004027    0.007410  
      1.573269  0.942497  8.786773     0.002319   -0.003087   -0.002731  
      3.099286  3.587001  8.786109     0.005848    0.001201   -0.004932  
      4.746561  0.873192  8.807446     0.010574   -0.003961   -0.000248  
     -0.004956  1.793343 13.529837     0.006381   -0.000763   -0.002856  
     -1.598331  4.536633 13.549718     0.011027   -0.004096    0.000012  
      3.153453  1.793409 13.529557     0.007530   -0.003370    0.004539  
      1.574233  4.528663 13.529674     0.004733   -0.002771   -0.001535  
      1.568337  2.722201  7.507618    -0.001181    0.000444    0.000085  
 
  11 f  =   18.055288 THz   113.444719 2PiTHz  602.259572 cm-1    74.670637 meV
             X         Y         Z           dx          dy          dz
      0.000032  1.831799  2.624395            0           0           0  
     -1.586368  4.579524  2.624395            0           0           0  
      3.172832  1.831799  2.624395            0           0           0  
      1.586431  4.579524  2.624395            0           0           0  
      1.586368  0.915927  5.087164            0           0           0  
     -0.000032  3.663652  5.087164            0           0           0  
      4.759169  0.915927  5.087164            0           0           0  
      3.172769  3.663652  5.087164            0           0           0  
     -0.040871  1.772020  9.936509    -0.003060   -0.000058    0.000300  
     -1.598223  4.536617  9.850069     0.002441    0.011385    0.000172  
      3.188852  1.772626  9.935351     0.001929    0.000877    0.000103  
      1.574425  4.570632  9.937848     0.000452   -0.003968   -0.000505  
     -0.022373  3.626861 12.447627     0.001668    0.000505   -0.000076  
      1.574113  0.861311 12.447845     0.000344   -0.003829    0.000196  
      3.170905  3.627131 12.447736    -0.002807   -0.000335   -0.000124  
      4.746886  0.873562 12.447495     0.002729    0.012784    0.000227  
      0.000000  0.000000  3.855704            0           0           0  
     -1.586400  2.747725  3.855704            0           0           0  
      3.172800  0.000000  3.855704            0           0           0  
      1.586400  2.747725  3.855704            0           0           0  
      1.574330  2.704886 11.184273     0.017779    0.084366   -0.000344  
     -0.029973  5.443114 11.176014    -0.129079   -0.040215   -0.065496  
      4.746769  2.725153 11.175670     0.009406   -0.188046    0.093474  
      3.178558  5.442730 11.176238     0.071363    0.000118   -0.030481  
      1.557169  0.899068  1.424395            0           0           0  
     -0.000031  3.596217  1.424395            0           0           0  
      4.671569  0.899068  1.424395            0           0           0  
      3.114369  3.596217  1.424395            0           0           0  
      0.000031  1.798082  6.287164            0           0           0  
     -1.557169  4.495231  6.287164            0           0           0  
      3.114431  1.798082  6.287164            0           0           0  
      1.557231  4.495231  6.287164            0           0           0  
      0.049788  3.585454  8.788822     0.002312    0.003404   -0.001544  
      1.573269  0.942497  8.786773     0.000771   -0.000944    0.005091  
      3.099286  3.587001  8.786109    -0.002074    0.002387   -0.003350  
      4.746561  0.873192  8.807446    -0.000174   -0.000712    0.000219  
     -0.004956  1.793343 13.529837    -0.002915    0.003211   -0.004792  
     -1.598331  4.536633 13.549718    -0.000380   -0.001788    0.000127  
      3.153453  1.793409 13.529557     0.003092    0.004529   -0.002249  
      1.574233  4.528663 13.529674     0.001155   -0.001578    0.006968  
      1.568337  2.722201  7.507618    -0.000210   -0.001007    0.000025  
 
  12 f  =   18.047398 THz   113.395145 2PiTHz  601.996393 cm-1    74.638007 meV
             X         Y         Z           dx          dy          dz
      0.000032  1.831799  2.624395            0           0           0  
     -1.586368  4.579524  2.624395            0           0           0  
      3.172832  1.831799  2.624395            0           0           0  
      1.586431  4.579524  2.624395            0           0           0  
      1.586368  0.915927  5.087164            0           0           0  
     -0.000032  3.663652  5.087164            0           0           0  
      4.759169  0.915927  5.087164            0           0           0  
      3.172769  3.663652  5.087164            0           0           0  
     -0.040871  1.772020  9.936509     0.002066    0.002642   -0.000390  
     -1.598223  4.536617  9.850069    -0.011284    0.002395    0.000112  
      3.188852  1.772626  9.935351     0.003145   -0.002479    0.000433  
      1.574425  4.570632  9.937848    -0.001780   -0.000891   -0.000112  
     -0.022373  3.626861 12.447627     0.003121   -0.002293   -0.000192  
      1.574113  0.861311 12.447845    -0.001317   -0.000854    0.000063  
      3.170905  3.627131 12.447736     0.002143    0.002312    0.000149  
      4.746886  0.873562 12.447495    -0.012715    0.002710    0.000145  
      0.000000  0.000000  3.855704            0           0           0  
     -1.586400  2.747725  3.855704            0           0           0  
      3.172800  0.000000  3.855704            0           0           0  
      1.586400  2.747725  3.855704            0           0           0  
      1.574330  2.704886 11.184273    -0.087427    0.018872   -0.000427  
     -0.029973  5.443114 11.176014     0.109665    0.094758    0.070619  
      4.746769  2.725153 11.175670    -0.039294   -0.039133    0.019377  
      3.178558  5.442730 11.176238     0.153756   -0.103715   -0.091550  
      1.557169  0.899068  1.424395            0           0           0  
     -0.000031  3.596217  1.424395            0           0           0  
      4.671569  0.899068  1.424395            0           0           0  
      3.114369  3.596217  1.424395            0           0           0  
      0.000031  1.798082  6.287164            0           0           0  
     -1.557169  4.495231  6.287164            0           0           0  
      3.114431  1.798082  6.287164            0           0           0  
      1.557231  4.495231  6.287164            0           0           0  
      0.049788  3.585454  8.788822     0.000322   -0.001656   -0.004827  
      1.573269  0.942497  8.786773    -0.004131   -0.000254    0.001129  
      3.099286  3.587001  8.786109    -0.000722    0.002893    0.003814  
      4.746561  0.873192  8.807446     0.000866   -0.000175    0.000167  
     -0.004956  1.793343 13.529837    -0.000768    0.003904    0.005273  
     -1.598331  4.536633 13.549718     0.001925   -0.000411    0.000100  
      3.153453  1.793409 13.529557     0.000519   -0.002279   -0.006849  
      1.574233  4.528663 13.529674    -0.005481   -0.000411    0.001491  
      1.568337  2.722201  7.507618     0.000909   -0.000197    0.000022  
 
  13 f  =   16.191106 THz   101.731716 2PiTHz  540.077147 cm-1    66.961002 meV
             X         Y         Z           dx          dy          dz
      0.000032  1.831799  2.624395            0           0           0  
     -1.586368  4.579524  2.624395            0           0           0  
      3.172832  1.831799  2.624395            0           0           0  
      1.586431  4.579524  2.624395            0           0           0  
      1.586368  0.915927  5.087164            0           0           0  
     -0.000032  3.663652  5.087164            0           0           0  
      4.759169  0.915927  5.087164            0           0           0  
      3.172769  3.663652  5.087164            0           0           0  
     -0.040871  1.772020  9.936509     0.000706    0.000405    0.001407  
     -1.598223  4.536617  9.850069    -0.000019    0.000020    0.000230  
      3.188852  1.772626  9.935351    -0.000720    0.000428    0.001372  
      1.574425  4.570632  9.937848     0.000015   -0.000800    0.001403  
     -0.022373  3.626861 12.447627    -0.000361    0.000196    0.020174  
      1.574113  0.861311 12.447845    -0.000012   -0.000430    0.020184  
      3.170905  3.627131 12.447736     0.000378    0.000221    0.020180  
      4.746886  0.873562 12.447495     0.000019   -0.000011    0.019980  
      0.000000  0.000000  3.855704            0           0           0  
     -1.586400  2.747725  3.855704            0           0           0  
      3.172800  0.000000  3.855704            0           0           0  
      1.586400  2.747725  3.855704            0           0           0  
      1.574330  2.704886 11.184273    -0.000246    0.000075    0.002541  
     -0.029973  5.443114 11.176014    -0.000760   -0.000552    0.007642  
      4.746769  2.725153 11.175670     0.000096    0.000895    0.007618  
      3.178558  5.442730 11.176238     0.000719   -0.000434    0.007678  
      1.557169  0.899068  1.424395            0           0           0  
     -0.000031  3.596217  1.424395            0           0           0  
      4.671569  0.899068  1.424395            0           0           0  
      3.114369  3.596217  1.424395            0           0           0  
      0.000031  1.798082  6.287164            0           0           0  
     -1.557169  4.495231  6.287164            0           0           0  
      3.114431  1.798082  6.287164            0           0           0  
      1.557231  4.495231  6.287164            0           0           0  
      0.049788  3.585454  8.788822    -0.000378    0.000165   -0.010332  
      1.573269  0.942497  8.786773     0.000052   -0.000509   -0.010052  
      3.099286  3.587001  8.786109     0.000447    0.000139   -0.010029  
      4.746561  0.873192  8.807446     0.000074   -0.000115   -0.023400  
     -0.004956  1.793343 13.529837    -0.002705   -0.001442   -0.111301  
     -1.598331  4.536633 13.549718    -0.000244   -0.000062   -0.122730  
      3.153453  1.793409 13.529557     0.002798   -0.001470   -0.111031  
      1.574233  4.528663 13.529674     0.000052    0.003097   -0.111037  
      1.568337  2.722201  7.507618     0.000024    0.000049    0.000371  
 
  14 f  =   15.541725 THz    97.651539 2PiTHz  518.416149 cm-1    64.275382 meV
             X         Y         Z           dx          dy          dz
      0.000032  1.831799  2.624395            0           0           0  
     -1.586368  4.579524  2.624395            0           0           0  
      3.172832  1.831799  2.624395            0           0           0  
      1.586431  4.579524  2.624395            0           0           0  
      1.586368  0.915927  5.087164            0           0           0  
     -0.000032  3.663652  5.087164            0           0           0  
      4.759169  0.915927  5.087164            0           0           0  
      3.172769  3.663652  5.087164            0           0           0  
     -0.040871  1.772020  9.936509    -0.003110   -0.001668   -0.020599  
     -1.598223  4.536617  9.850069     0.000074    0.000002   -0.015141  
      3.188852  1.772626  9.935351     0.003170   -0.001834   -0.020480  
      1.574425  4.570632  9.937848    -0.000113    0.003552   -0.020640  
     -0.022373  3.626861 12.447627    -0.000659    0.000352    0.003197  
      1.574113  0.861311 12.447845     0.000016   -0.000754    0.003242  
      3.170905  3.627131 12.447736     0.000671    0.000342    0.003225  
      4.746886  0.873562 12.447495     0.000012   -0.000011    0.001561  
      0.000000  0.000000  3.855704            0           0           0  
     -1.586400  2.747725  3.855704            0           0           0  
      3.172800  0.000000  3.855704            0           0           0  
      1.586400  2.747725  3.855704            0           0           0  
      1.574330  2.704886 11.184273     0.000113   -0.000052    0.001494  
     -0.029973  5.443114 11.176014     0.009196    0.005211   -0.001546  
      4.746769  2.725153 11.175670     0.000091   -0.010495   -0.001513  
      3.178558  5.442730 11.176238    -0.009198    0.005331   -0.001841  
      1.557169  0.899068  1.424395            0           0           0  
     -0.000031  3.596217  1.424395            0           0           0  
      4.671569  0.899068  1.424395            0           0           0  
      3.114369  3.596217  1.424395            0           0           0  
      0.000031  1.798082  6.287164            0           0           0  
     -1.557169  4.495231  6.287164            0           0           0  
      3.114431  1.798082  6.287164            0           0           0  
      1.557231  4.495231  6.287164            0           0           0  
      0.049788  3.585454  8.788822    -0.006303    0.003295    0.094593  
      1.573269  0.942497  8.786773    -0.000236   -0.007184    0.092683  
      3.099286  3.587001  8.786109     0.006382    0.003536    0.092844  
      4.746561  0.873192  8.807446    -0.000033    0.000092    0.156714  
     -0.004956  1.793343 13.529837    -0.002694   -0.001318   -0.011370  
     -1.598331  4.536633 13.549718    -0.000043    0.000013   -0.016254  
      3.153453  1.793409 13.529557     0.002572   -0.001394   -0.011427  
      1.574233  4.528663 13.529674    -0.000124    0.003072   -0.011131  
      1.568337  2.722201  7.507618    -0.000167   -0.000440    0.061365  
 
  15 f  =   14.834066 THz    93.205186 2PiTHz  494.811183 cm-1    61.348740 meV
             X         Y         Z           dx          dy          dz
      0.000032  1.831799  2.624395            0           0           0  
     -1.586368  4.579524  2.624395            0           0           0  
      3.172832  1.831799  2.624395            0           0           0  
      1.586431  4.579524  2.624395            0           0           0  
      1.586368  0.915927  5.087164            0           0           0  
     -0.000032  3.663652  5.087164            0           0           0  
      4.759169  0.915927  5.087164            0           0           0  
      3.172769  3.663652  5.087164            0           0           0  
     -0.040871  1.772020  9.936509     0.018995    0.011217   -0.002082  
     -1.598223  4.536617  9.850069     0.000243   -0.000064   -0.012478  
      3.188852  1.772626  9.935351    -0.018927    0.010850   -0.001711  
      1.574425  4.570632  9.937848    -0.000286   -0.022022   -0.002016  
     -0.022373  3.626861 12.447627     0.001933   -0.001133   -0.000749  
      1.574113  0.861311 12.447845     0.000001    0.002277   -0.000728  
      3.170905  3.627131 12.447736    -0.001951   -0.001142   -0.000740  
      4.746886  0.873562 12.447495    -0.000014    0.000038    0.002663  
      0.000000  0.000000  3.855704            0           0           0  
     -1.586400  2.747725  3.855704            0           0           0  
      3.172800  0.000000  3.855704            0           0           0  
      1.586400  2.747725  3.855704            0           0           0  
      1.574330  2.704886 11.184273     0.000155   -0.000031    0.012949  
     -0.029973  5.443114 11.176014    -0.003068   -0.001717   -0.006991  
      4.746769  2.725153 11.175670    -0.000055    0.003579   -0.007186  
      3.178558  5.442730 11.176238     0.003046   -0.001759   -0.007606  
      1.557169  0.899068  1.424395            0           0           0  
     -0.000031  3.596217  1.424395            0           0           0  
      4.671569  0.899068  1.424395            0           0           0  
      3.114369  3.596217  1.424395            0           0           0  
      0.000031  1.798082  6.287164            0           0           0  
     -1.557169  4.495231  6.287164            0           0           0  
      3.114431  1.798082  6.287164            0           0           0  
      1.557231  4.495231  6.287164            0           0           0  
      0.049788  3.585454  8.788822    -0.009274    0.005212    0.089189  
      1.573269  0.942497  8.786773    -0.000384   -0.010734    0.085422  
      3.099286  3.587001  8.786109     0.009446    0.005700    0.084368  
      4.746561  0.873192  8.807446     0.000099   -0.000140   -0.167261  
     -0.004956  1.793343 13.529837     0.008733    0.004958    0.002937  
     -1.598331  4.536633 13.549718     0.000097   -0.000006    0.002968  
      3.153453  1.793409 13.529557    -0.008716    0.004919    0.003271  
      1.574233  4.528663 13.529674    -0.000015   -0.010035    0.003155  
      1.568337  2.722201  7.507618    -0.000520   -0.000644    0.063518  
 
  16 f  =   14.539833 THz    91.356468 2PiTHz  484.996637 cm-1    60.131892 meV
             X         Y         Z           dx          dy          dz
      0.000032  1.831799  2.624395            0           0           0  
     -1.586368  4.579524  2.624395            0           0           0  
      3.172832  1.831799  2.624395            0           0           0  
      1.586431  4.579524  2.624395            0           0           0  
      1.586368  0.915927  5.087164            0           0           0  
     -0.000032  3.663652  5.087164            0           0           0  
      4.759169  0.915927  5.087164            0           0           0  
      3.172769  3.663652  5.087164            0           0           0  
     -0.040871  1.772020  9.936509    -0.001482   -0.000826   -0.000395  
     -1.598223  4.536617  9.850069     0.000062   -0.000021    0.002120  
      3.188852  1.772626  9.935351     0.001526   -0.000876   -0.000326  
      1.574425  4.570632  9.937848    -0.000020    0.001703   -0.000399  
     -0.022373  3.626861 12.447627    -0.018941    0.011066    0.002891  
      1.574113  0.861311 12.447845     0.000400   -0.021765    0.003119  
      3.170905  3.627131 12.447736     0.018969    0.010614    0.003226  
      4.746886  0.873562 12.447495    -0.000404    0.000111   -0.011466  
      0.000000  0.000000  3.855704            0           0           0  
     -1.586400  2.747725  3.855704            0           0           0  
      3.172800  0.000000  3.855704            0           0           0  
      1.586400  2.747725  3.855704            0           0           0  
      1.574330  2.704886 11.184273    -0.000081    0.000002    0.017494  
     -0.029973  5.443114 11.176014    -0.003578   -0.001909   -0.008091  
      4.746769  2.725153 11.175670    -0.000109    0.003964   -0.007914  
      3.178558  5.442730 11.176238     0.003476   -0.001976   -0.007499  
      1.557169  0.899068  1.424395            0           0           0  
     -0.000031  3.596217  1.424395            0           0           0  
      4.671569  0.899068  1.424395            0           0           0  
      3.114369  3.596217  1.424395            0           0           0  
      0.000031  1.798082  6.287164            0           0           0  
     -1.557169  4.495231  6.287164            0           0           0  
      3.114431  1.798082  6.287164            0           0           0  
      1.557231  4.495231  6.287164            0           0           0  
      0.049788  3.585454  8.788822    -0.006676    0.003813   -0.000292  
      1.573269  0.942497  8.786773     0.000185   -0.007524   -0.000631  
      3.099286  3.587001  8.786109     0.006617    0.003601   -0.000462  
      4.746561  0.873192  8.807446    -0.000460    0.000235   -0.007419  
     -0.004956  1.793343 13.529837     0.000669    0.000075    0.073672  
     -1.598331  4.536633 13.549718    -0.000585   -0.000241   -0.193489  
      3.153453  1.793409 13.529557    -0.000629    0.000459    0.067848  
      1.574233  4.528663 13.529674     0.000299   -0.000606    0.072018  
      1.568337  2.722201  7.507618    -0.000049   -0.000025    0.001697  
 
  17 f  =   14.421127 THz    90.610611 2PiTHz  481.037007 cm-1    59.640961 meV
             X         Y         Z           dx          dy          dz
      0.000032  1.831799  2.624395            0           0           0  
     -1.586368  4.579524  2.624395            0           0           0  
      3.172832  1.831799  2.624395            0           0           0  
      1.586431  4.579524  2.624395            0           0           0  
      1.586368  0.915927  5.087164            0           0           0  
     -0.000032  3.663652  5.087164            0           0           0  
      4.759169  0.915927  5.087164            0           0           0  
      3.172769  3.663652  5.087164            0           0           0  
     -0.040871  1.772020  9.936509    -0.001130   -0.000350    0.001983  
     -1.598223  4.536617  9.850069    -0.002574   -0.001839    0.000039  
      3.188852  1.772626  9.935351     0.000952    0.002524   -0.000827  
      1.574425  4.570632  9.937848     0.002411   -0.000613   -0.001149  
     -0.022373  3.626861 12.447627    -0.008019   -0.019443    0.004342  
      1.574113  0.861311 12.447845    -0.018234    0.004315    0.006511  
      3.170905  3.627131 12.447736     0.008137    0.001661   -0.010806  
      4.746886  0.873562 12.447495     0.017560    0.013040   -0.000155  
      0.000000  0.000000  3.855704            0           0           0  
     -1.586400  2.747725  3.855704            0           0           0  
      3.172800  0.000000  3.855704            0           0           0  
      1.586400  2.747725  3.855704            0           0           0  
      1.574330  2.704886 11.184273     0.000826    0.000658    0.000186  
     -0.029973  5.443114 11.176014     0.002936    0.001784    0.020218  
      4.746769  2.725153 11.175670     0.000464    0.002115   -0.012347  
      3.178558  5.442730 11.176238     0.001556   -0.000246   -0.008152  
      1.557169  0.899068  1.424395            0           0           0  
     -0.000031  3.596217  1.424395            0           0           0  
      4.671569  0.899068  1.424395            0           0           0  
      3.114369  3.596217  1.424395            0           0           0  
      0.000031  1.798082  6.287164            0           0           0  
     -1.557169  4.495231  6.287164            0           0           0  
      3.114431  1.798082  6.287164            0           0           0  
      1.557231  4.495231  6.287164            0           0           0  
      0.049788  3.585454  8.788822    -0.003978   -0.008277   -0.001528  
      1.573269  0.942497  8.786773    -0.007804    0.001399   -0.000612  
      3.099286  3.587001  8.786109     0.002644    0.000223    0.001840  
      4.746561  0.873192  8.807446     0.009630    0.007216   -0.000009  
     -0.004956  1.793343 13.529837     0.002572    0.000742   -0.185342  
     -1.598331  4.536633 13.549718     0.000383    0.000489   -0.002143  
      3.153453  1.793409 13.529557    -0.000979   -0.003436    0.075212  
      1.574233  4.528663 13.529674    -0.003009    0.001618    0.112903  
      1.568337  2.722201  7.507618     0.002990    0.002101   -0.000055  
 
  18 f  =   14.419586 THz    90.600932 2PiTHz  480.985619 cm-1    59.634590 meV
             X         Y         Z           dx          dy          dz
      0.000032  1.831799  2.624395            0           0           0  
     -1.586368  4.579524  2.624395            0           0           0  
      3.172832  1.831799  2.624395            0           0           0  
      1.586431  4.579524  2.624395            0           0           0  
      1.586368  0.915927  5.087164            0           0           0  
     -0.000032  3.663652  5.087164            0           0           0  
      4.759169  0.915927  5.087164            0           0           0  
      3.172769  3.663652  5.087164            0           0           0  
     -0.040871  1.772020  9.936509     0.001358   -0.002735    0.000266  
     -1.598223  4.536617  9.850069    -0.002020    0.002607    0.000019  
      3.188852  1.772626  9.935351    -0.001521   -0.000442   -0.001945  
      1.574425  4.570632  9.937848     0.001901    0.000968    0.001621  
     -0.022373  3.626861 12.447627     0.010307    0.004448    0.010054  
      1.574113  0.861311 12.447845    -0.013558   -0.006470   -0.008709  
      3.170905  3.627131 12.447736    -0.010247    0.020156   -0.001237  
      4.746886  0.873562 12.447495     0.013066   -0.017550   -0.000181  
      0.000000  0.000000  3.855704            0           0           0  
     -1.586400  2.747725  3.855704            0           0           0  
      3.172800  0.000000  3.855704            0           0           0  
      1.586400  2.747725  3.855704            0           0           0  
      1.574330  2.704886 11.184273     0.000601   -0.000840    0.000248  
     -0.029973  5.443114 11.176014     0.000595   -0.000299    0.002205  
      4.746769  2.725153 11.175670     0.000337   -0.002759    0.016277  
      3.178558  5.442730 11.176238     0.002808   -0.001912   -0.018777  
      1.557169  0.899068  1.424395            0           0           0  
     -0.000031  3.596217  1.424395            0           0           0  
      4.671569  0.899068  1.424395            0           0           0  
      3.114369  3.596217  1.424395            0           0           0  
      0.000031  1.798082  6.287164            0           0           0  
     -1.557169  4.495231  6.287164            0           0           0  
      3.114431  1.798082  6.287164            0           0           0  
      1.557231  4.495231  6.287164            0           0           0  
      0.049788  3.585454  8.788822     0.003503    0.002525   -0.003087  
      1.573269  0.942497  8.786773    -0.005735   -0.001996    0.002159  
      3.099286  3.587001  8.786109    -0.004571    0.008468    0.001185  
      4.746561  0.873192  8.807446     0.007204   -0.009766    0.000090  
     -0.004956  1.793343 13.529837    -0.001422    0.003182   -0.020663  
     -1.598331  4.536633 13.549718     0.000167   -0.000418   -0.002775  
      3.153453  1.793409 13.529557     0.002439    0.000154    0.173137  
      1.574233  4.528663 13.529674    -0.001755   -0.002176   -0.149422  
      1.568337  2.722201  7.507618     0.002446   -0.003141    0.000075  
 
  19 f  =   14.161535 THz    88.979548 2PiTHz  472.377958 cm-1    58.567376 meV
             X         Y         Z           dx          dy          dz
      0.000032  1.831799  2.624395            0           0           0  
     -1.586368  4.579524  2.624395            0           0           0  
      3.172832  1.831799  2.624395            0           0           0  
      1.586431  4.579524  2.624395            0           0           0  
      1.586368  0.915927  5.087164            0           0           0  
     -0.000032  3.663652  5.087164            0           0           0  
      4.759169  0.915927  5.087164            0           0           0  
      3.172769  3.663652  5.087164            0           0           0  
     -0.040871  1.772020  9.936509     0.005287   -0.017233    0.006059  
     -1.598223  4.536617  9.850069    -0.015288    0.008432   -0.000387  
      3.188852  1.772626  9.935351    -0.007315    0.004700   -0.012269  
      1.574425  4.570632  9.937848     0.017934    0.003745    0.005649  
     -0.022373  3.626861 12.447627     0.001057   -0.000643    0.000610  
      1.574113  0.861311 12.447845    -0.001081   -0.000573   -0.000279  
      3.170905  3.627131 12.447736    -0.000001    0.001217   -0.000303  
      4.746886  0.873562 12.447495     0.001897   -0.001054    0.000042  
      0.000000  0.000000  3.855704            0           0           0  
     -1.586400  2.747725  3.855704            0           0           0  
      3.172800  0.000000  3.855704            0           0           0  
      1.586400  2.747725  3.855704            0           0           0  
      1.574330  2.704886 11.184273    -0.007431    0.004074   -0.000017  
     -0.029973  5.443114 11.176014    -0.000469   -0.000041   -0.010566  
      4.746769  2.725153 11.175670    -0.000205    0.000401   -0.009929  
      3.178558  5.442730 11.176238    -0.000751    0.000439    0.020092  
      1.557169  0.899068  1.424395            0           0           0  
     -0.000031  3.596217  1.424395            0           0           0  
      4.671569  0.899068  1.424395            0           0           0  
      3.114369  3.596217  1.424395            0           0           0  
      0.000031  1.798082  6.287164            0           0           0  
     -1.557169  4.495231  6.287164            0           0           0  
      3.114431  1.798082  6.287164            0           0           0  
      1.557231  4.495231  6.287164            0           0           0  
      0.049788  3.585454  8.788822    -0.014584    0.008965   -0.186127  
      1.573269  0.942497  8.786773    -0.000460    0.007785    0.092344  
      3.099286  3.587001  8.786109    -0.007552   -0.003873    0.099047  
      4.746561  0.873192  8.807446     0.002812   -0.001683   -0.001527  
     -0.004956  1.793343 13.529837     0.002480   -0.008250    0.004448  
     -1.598331  4.536633 13.549718    -0.009776    0.005409    0.000048  
      3.153453  1.793409 13.529557    -0.003597    0.002326   -0.008234  
      1.574233  4.528663 13.529674     0.008601    0.001869    0.004196  
      1.568337  2.722201  7.507618     0.038402   -0.022068    0.002260  
 
  20 f  =   14.138834 THz    88.836915 2PiTHz  471.620742 cm-1    58.473493 meV
             X         Y         Z           dx          dy          dz
      0.000032  1.831799  2.624395            0           0           0  
     -1.586368  4.579524  2.624395            0           0           0  
      3.172832  1.831799  2.624395            0           0           0  
      1.586431  4.579524  2.624395            0           0           0  
      1.586368  0.915927  5.087164            0           0           0  
     -0.000032  3.663652  5.087164            0           0           0  
      4.759169  0.915927  5.087164            0           0           0  
      3.172769  3.663652  5.087164            0           0           0  
     -0.040871  1.772020  9.936509     0.011554   -0.005654   -0.010478  
     -1.598223  4.536617  9.850069     0.008471    0.015401    0.000020  
      3.188852  1.772626  9.935351    -0.010330   -0.017685   -0.000249  
      1.574425  4.570632  9.937848    -0.009919    0.007471    0.010742  
     -0.022373  3.626861 12.447627     0.000748    0.001285    0.000021  
      1.574113  0.861311 12.447845     0.000720   -0.001147   -0.000594  
      3.170905  3.627131 12.447736    -0.001305    0.000132    0.000597  
      4.746886  0.873562 12.447495    -0.001139   -0.002090   -0.000014  
      0.000000  0.000000  3.855704            0           0           0  
     -1.586400  2.747725  3.855704            0           0           0  
      3.172800  0.000000  3.855704            0           0           0  
      1.586400  2.747725  3.855704            0           0           0  
      1.574330  2.704886 11.184273     0.004061    0.007321   -0.000065  
     -0.029973  5.443114 11.176014     0.000498    0.000385    0.017011  
      4.746769  2.725153 11.175670     0.000057    0.000628   -0.017407  
      3.178558  5.442730 11.176238     0.000017    0.000085    0.000452  
      1.557169  0.899068  1.424395            0           0           0  
     -0.000031  3.596217  1.424395            0           0           0  
      4.671569  0.899068  1.424395            0           0           0  
      3.114369  3.596217  1.424395            0           0           0  
      0.000031  1.798082  6.287164            0           0           0  
     -1.557169  4.495231  6.287164            0           0           0  
      3.114431  1.798082  6.287164            0           0           0  
      1.557231  4.495231  6.287164            0           0           0  
      0.049788  3.585454  8.788822    -0.000005    0.000513   -0.004121  
      1.573269  0.942497  8.786773    -0.001028    0.014442    0.164081  
      3.099286  3.587001  8.786109     0.012416    0.006809   -0.161146  
      4.746561  0.873192  8.807446    -0.001444   -0.002897    0.000623  
     -0.004956  1.793343 13.529837     0.005690   -0.002713   -0.005391  
     -1.598331  4.536633 13.549718     0.005435    0.009911   -0.000141  
      3.153453  1.793409 13.529557    -0.005067   -0.008620   -0.000148  
      1.574233  4.528663 13.529674    -0.004889    0.003737    0.005615  
      1.568337  2.722201  7.507618    -0.021333   -0.040404    0.001155  
 
  21 f  =   12.439095 THz    78.157141 2PiTHz  414.923558 cm-1    51.443942 meV
             X         Y         Z           dx          dy          dz
      0.000032  1.831799  2.624395            0           0           0  
     -1.586368  4.579524  2.624395            0           0           0  
      3.172832  1.831799  2.624395            0           0           0  
      1.586431  4.579524  2.624395            0           0           0  
      1.586368  0.915927  5.087164            0           0           0  
     -0.000032  3.663652  5.087164            0           0           0  
      4.759169  0.915927  5.087164            0           0           0  
      3.172769  3.663652  5.087164            0           0           0  
     -0.040871  1.772020  9.936509    -0.001730   -0.000707    0.004698  
     -1.598223  4.536617  9.850069    -0.001340   -0.004503    0.000023  
      3.188852  1.772626  9.935351     0.000621    0.000297    0.001403  
      1.574425  4.570632  9.937848    -0.000130   -0.002459   -0.006233  
     -0.022373  3.626861 12.447627     0.001258    0.001627    0.000881  
      1.574113  0.861311 12.447845     0.000543   -0.001792   -0.003516  
      3.170905  3.627131 12.447736    -0.001881    0.000581    0.002750  
      4.746886  0.873562 12.447495    -0.001893   -0.006018   -0.000017  
      0.000000  0.000000  3.855704            0           0           0  
     -1.586400  2.747725  3.855704            0           0           0  
      3.172800  0.000000  3.855704            0           0           0  
      1.586400  2.747725  3.855704            0           0           0  
      1.574330  2.704886 11.184273    -0.005179   -0.017112   -0.000425  
     -0.029973  5.443114 11.176014    -0.004060    0.008560    0.006446  
      4.746769  2.725153 11.175670     0.004108    0.000702   -0.008327  
      3.178558  5.442730 11.176238     0.006443    0.011743    0.001917  
      1.557169  0.899068  1.424395            0           0           0  
     -0.000031  3.596217  1.424395            0           0           0  
      4.671569  0.899068  1.424395            0           0           0  
      3.114369  3.596217  1.424395            0           0           0  
      0.000031  1.798082  6.287164            0           0           0  
     -1.557169  4.495231  6.287164            0           0           0  
      3.114431  1.798082  6.287164            0           0           0  
      1.557231  4.495231  6.287164            0           0           0  
      0.049788  3.585454  8.788822     0.065731    0.107599   -0.002963  
      1.573269  0.942497  8.786773     0.036275   -0.018188    0.010999  
      3.099286  3.587001  8.786109    -0.052750    0.066316   -0.009643  
      4.746561  0.873192  8.807446    -0.030512   -0.101905    0.000398  
     -0.004956  1.793343 13.529837    -0.044040    0.052165   -0.013675  
     -1.598331  4.536633 13.549718    -0.026338   -0.090118    0.000260  
      3.153453  1.793409 13.529557     0.051009    0.082572   -0.004028  
      1.574233  4.528663 13.529674     0.028483   -0.019429    0.017765  
      1.568337  2.722201  7.507618    -0.004743   -0.015975    0.004513  
 
  22 f  =   12.422931 THz    78.055575 2PiTHz  414.384362 cm-1    51.377090 meV
             X         Y         Z           dx          dy          dz
      0.000032  1.831799  2.624395            0           0           0  
     -1.586368  4.579524  2.624395            0           0           0  
      3.172832  1.831799  2.624395            0           0           0  
      1.586431  4.579524  2.624395            0           0           0  
      1.586368  0.915927  5.087164            0           0           0  
     -0.000032  3.663652  5.087164            0           0           0  
      4.759169  0.915927  5.087164            0           0           0  
      3.172769  3.663652  5.087164            0           0           0  
     -0.040871  1.772020  9.936509    -0.001325   -0.001358    0.004430  
     -1.598223  4.536617  9.850069    -0.004652    0.001468   -0.000105  
      3.188852  1.772626  9.935351    -0.001980    0.001120   -0.006290  
      1.574425  4.570632  9.937848     0.000559    0.000696    0.001908  
     -0.022373  3.626861 12.447627    -0.001016    0.001106   -0.003763  
      1.574113  0.861311 12.447845     0.002124    0.000610    0.001005  
      3.170905  3.627131 12.447736    -0.000393   -0.002144    0.002451  
      4.746886  0.873562 12.447495    -0.005982    0.001786    0.000039  
      0.000000  0.000000  3.855704            0           0           0  
     -1.586400  2.747725  3.855704            0           0           0  
      3.172800  0.000000  3.855704            0           0           0  
      1.586400  2.747725  3.855704            0           0           0  
      1.574330  2.704886 11.184273    -0.017157    0.005308    0.000705  
     -0.029973  5.443114 11.176014     0.005596   -0.008601    0.005892  
      4.746769  2.725153 11.175670     0.013410   -0.000142    0.002429  
      3.178558  5.442730 11.176238     0.002464    0.002215   -0.008443  
      1.557169  0.899068  1.424395            0           0           0  
     -0.000031  3.596217  1.424395            0           0           0  
      4.671569  0.899068  1.424395            0           0           0  
      3.114369  3.596217  1.424395            0           0           0  
      0.000031  1.798082  6.287164            0           0           0  
     -1.557169  4.495231  6.287164            0           0           0  
      3.114431  1.798082  6.287164            0           0           0  
      1.557231  4.495231  6.287164            0           0           0  
      0.049788  3.585454  8.788822     0.001394    0.032695    0.012599  
      1.573269  0.942497  8.786773     0.120762    0.006846   -0.002251  
      3.099286  3.587001  8.786109     0.033530   -0.085474   -0.007582  
      4.746561  0.873192  8.807446    -0.101672    0.031862   -0.000564  
     -0.004956  1.793343 13.529837     0.022652   -0.070729   -0.012475  
     -1.598331  4.536633 13.549718    -0.091798    0.029498    0.000033  
      3.153453  1.793409 13.529557    -0.003047    0.027134    0.017629  
      1.574233  4.528663 13.529674     0.095126    0.008381   -0.005179  
      1.568337  2.722201  7.507618    -0.014265    0.004530   -0.004640  
 
  23 f  =   12.322505 THz    77.424585 2PiTHz  411.034536 cm-1    50.961765 meV
             X         Y         Z           dx          dy          dz
      0.000032  1.831799  2.624395            0           0           0  
     -1.586368  4.579524  2.624395            0           0           0  
      3.172832  1.831799  2.624395            0           0           0  
      1.586431  4.579524  2.624395            0           0           0  
      1.586368  0.915927  5.087164            0           0           0  
     -0.000032  3.663652  5.087164            0           0           0  
      4.759169  0.915927  5.087164            0           0           0  
      3.172769  3.663652  5.087164            0           0           0  
     -0.040871  1.772020  9.936509    -0.003436   -0.002489    0.000618  
     -1.598223  4.536617  9.850069     0.000025   -0.000008   -0.001609  
      3.188852  1.772626  9.935351     0.003762   -0.002411    0.000829  
      1.574425  4.570632  9.937848     0.000213    0.004247    0.000632  
     -0.022373  3.626861 12.447627     0.003703   -0.002083   -0.002204  
      1.574113  0.861311 12.447845    -0.000151    0.004157   -0.002308  
      3.170905  3.627131 12.447736    -0.003732   -0.001938   -0.002276  
      4.746886  0.873562 12.447495     0.000118   -0.000208   -0.000171  
      0.000000  0.000000  3.855704            0           0           0  
     -1.586400  2.747725  3.855704            0           0           0  
      3.172800  0.000000  3.855704            0           0           0  
      1.586400  2.747725  3.855704            0           0           0  
      1.574330  2.704886 11.184273     0.000406   -0.000330    0.021441  
     -0.029973  5.443114 11.176014    -0.005834   -0.002770   -0.001441  
      4.746769  2.725153 11.175670    -0.000337    0.006385   -0.001703  
      3.178558  5.442730 11.176238     0.005649   -0.003063   -0.001189  
      1.557169  0.899068  1.424395            0           0           0  
     -0.000031  3.596217  1.424395            0           0           0  
      4.671569  0.899068  1.424395            0           0           0  
      3.114369  3.596217  1.424395            0           0           0  
      0.000031  1.798082  6.287164            0           0           0  
     -1.557169  4.495231  6.287164            0           0           0  
      3.114431  1.798082  6.287164            0           0           0  
      1.557231  4.495231  6.287164            0           0           0  
      0.049788  3.585454  8.788822     0.065041   -0.034055    0.037160  
      1.573269  0.942497  8.786773    -0.005640    0.073392    0.037385  
      3.099286  3.587001  8.786109    -0.067335   -0.029153    0.036786  
      4.746561  0.873192  8.807446     0.002558   -0.003648   -0.016847  
     -0.004956  1.793343 13.529837    -0.054913   -0.033622    0.001912  
     -1.598331  4.536633 13.549718    -0.000324    0.000152   -0.014166  
      3.153453  1.793409 13.529557     0.055924   -0.032757    0.001144  
      1.574233  4.528663 13.529674     0.000990    0.065320    0.002435  
      1.568337  2.722201  7.507618     0.002721   -0.001152   -0.252170  
 
  24 f  =   12.147560 THz    76.325373 2PiTHz  405.198998 cm-1    50.238250 meV
             X         Y         Z           dx          dy          dz
      0.000032  1.831799  2.624395            0           0           0  
     -1.586368  4.579524  2.624395            0           0           0  
      3.172832  1.831799  2.624395            0           0           0  
      1.586431  4.579524  2.624395            0           0           0  
      1.586368  0.915927  5.087164            0           0           0  
     -0.000032  3.663652  5.087164            0           0           0  
      4.759169  0.915927  5.087164            0           0           0  
      3.172769  3.663652  5.087164            0           0           0  
     -0.040871  1.772020  9.936509    -0.000015   -0.003648    0.002395  
     -1.598223  4.536617  9.850069     0.001634    0.002485   -0.000005  
      3.188852  1.772626  9.935351    -0.003356   -0.005476   -0.000170  
      1.574425  4.570632  9.937848    -0.003830   -0.001748   -0.002335  
     -0.022373  3.626861 12.447627     0.001019    0.001996    0.000164  
      1.574113  0.861311 12.447845     0.001238   -0.000811    0.001436  
      3.170905  3.627131 12.447736    -0.001058    0.000570   -0.001407  
      4.746886  0.873562 12.447495    -0.001513   -0.002327   -0.000001  
      0.000000  0.000000  3.855704            0           0           0  
     -1.586400  2.747725  3.855704            0           0           0  
      3.172800  0.000000  3.855704            0           0           0  
      1.586400  2.747725  3.855704            0           0           0  
      1.574330  2.704886 11.184273     0.000874    0.001237   -0.000158  
     -0.029973  5.443114 11.176014     0.000028   -0.001006   -0.002951  
      4.746769  2.725153 11.175670    -0.001171   -0.000634    0.002718  
      3.178558  5.442730 11.176238    -0.001205   -0.001806    0.000140  
      1.557169  0.899068  1.424395            0           0           0  
     -0.000031  3.596217  1.424395            0           0           0  
      4.671569  0.899068  1.424395            0           0           0  
      3.114369  3.596217  1.424395            0           0           0  
      0.000031  1.798082  6.287164            0           0           0  
     -1.557169  4.495231  6.287164            0           0           0  
      3.114431  1.798082  6.287164            0           0           0  
      1.557231  4.495231  6.287164            0           0           0  
      0.049788  3.585454  8.788822     0.058853    0.104975   -0.000890  
      1.573269  0.942497  8.786773     0.062487   -0.017956   -0.013397  
      3.099286  3.587001  8.786109    -0.040867    0.035117    0.013497  
      4.746561  0.873192  8.807446    -0.030771   -0.047746    0.000248  
     -0.004956  1.793343 13.529837     0.056745   -0.030135   -0.007932  
     -1.598331  4.536633 13.549718     0.059901    0.091822   -0.000170  
      3.153453  1.793409 13.529557    -0.059699   -0.106099    0.000398  
      1.574233  4.528663 13.529674    -0.067187    0.030322    0.007467  
      1.568337  2.722201  7.507618    -0.008017   -0.013251    0.002772  
 
  25 f  =   12.140644 THz    76.281914 2PiTHz  404.968280 cm-1    50.209645 meV
             X         Y         Z           dx          dy          dz
      0.000032  1.831799  2.624395            0           0           0  
     -1.586368  4.579524  2.624395            0           0           0  
      3.172832  1.831799  2.624395            0           0           0  
      1.586431  4.579524  2.624395            0           0           0  
      1.586368  0.915927  5.087164            0           0           0  
     -0.000032  3.663652  5.087164            0           0           0  
      4.759169  0.915927  5.087164            0           0           0  
      3.172769  3.663652  5.087164            0           0           0  
     -0.040871  1.772020  9.936509     0.003743   -0.004540   -0.001198  
     -1.598223  4.536617  9.850069    -0.002338    0.001527    0.000099  
      3.188852  1.772626  9.935351     0.001403   -0.001085    0.002808  
      1.574425  4.570632  9.937848     0.005285   -0.001100   -0.001513  
     -0.022373  3.626861 12.447627     0.000661   -0.000230   -0.001600  
      1.574113  0.861311 12.447845    -0.001850   -0.000667    0.000980  
      3.170905  3.627131 12.447736    -0.000560    0.002007    0.000832  
      4.746886  0.873562 12.447495     0.002338   -0.001527   -0.000076  
      0.000000  0.000000  3.855704            0           0           0  
     -1.586400  2.747725  3.855704            0           0           0  
      3.172800  0.000000  3.855704            0           0           0  
      1.586400  2.747725  3.855704            0           0           0  
      1.574330  2.704886 11.184273    -0.001236    0.000738   -0.000841  
     -0.029973  5.443114 11.176014     0.001566   -0.001322    0.001447  
      4.746769  2.725153 11.175670     0.001867   -0.000744    0.001810  
      3.178558  5.442730 11.176238     0.000170   -0.000209   -0.003108  
      1.557169  0.899068  1.424395            0           0           0  
     -0.000031  3.596217  1.424395            0           0           0  
      4.671569  0.899068  1.424395            0           0           0  
      3.114369  3.596217  1.424395            0           0           0  
      0.000031  1.798082  6.287164            0           0           0  
     -1.557169  4.495231  6.287164            0           0           0  
      3.114431  1.798082  6.287164            0           0           0  
      1.557231  4.495231  6.287164            0           0           0  
      0.049788  3.585454  8.788822     0.020300   -0.002559    0.014317  
      1.573269  0.942497  8.786773    -0.100579   -0.013947   -0.009986  
      3.099286  3.587001  8.786109    -0.042432    0.096294   -0.007908  
      4.746561  0.873192  8.807446     0.050733   -0.033793    0.001078  
     -0.004956  1.793343 13.529837     0.042150   -0.099400    0.003897  
     -1.598331  4.536633 13.549718    -0.090783    0.060037    0.000624  
      3.153453  1.793409 13.529557    -0.039143    0.015067   -0.009550  
      1.574233  4.528663 13.529674     0.101009    0.016376    0.004903  
      1.568337  2.722201  7.507618     0.012215   -0.008709    0.006006  
 
  26 f  =   11.917662 THz    74.880876 2PiTHz  397.530399 cm-1    49.287466 meV
             X         Y         Z           dx          dy          dz
      0.000032  1.831799  2.624395            0           0           0  
     -1.586368  4.579524  2.624395            0           0           0  
      3.172832  1.831799  2.624395            0           0           0  
      1.586431  4.579524  2.624395            0           0           0  
      1.586368  0.915927  5.087164            0           0           0  
     -0.000032  3.663652  5.087164            0           0           0  
      4.759169  0.915927  5.087164            0           0           0  
      3.172769  3.663652  5.087164            0           0           0  
     -0.040871  1.772020  9.936509     0.002299    0.001348    0.001635  
     -1.598223  4.536617  9.850069    -0.000026    0.000034   -0.002863  
      3.188852  1.772626  9.935351    -0.002506    0.001373    0.001419  
      1.574425  4.570632  9.937848    -0.000047   -0.002463    0.001758  
     -0.022373  3.626861 12.447627    -0.001401    0.000771    0.000654  
      1.574113  0.861311 12.447845     0.000163   -0.001556    0.000705  
      3.170905  3.627131 12.447736     0.001396    0.000638    0.000693  
      4.746886  0.873562 12.447495     0.000010    0.000065   -0.003149  
      0.000000  0.000000  3.855704            0           0           0  
     -1.586400  2.747725  3.855704            0           0           0  
      3.172800  0.000000  3.855704            0           0           0  
      1.586400  2.747725  3.855704            0           0           0  
      1.574330  2.704886 11.184273    -0.000255    0.000182   -0.008938  
     -0.029973  5.443114 11.176014     0.005650    0.003097    0.001147  
      4.746769  2.725153 11.175670     0.000121   -0.006480    0.001010  
      3.178558  5.442730 11.176238    -0.005495    0.003172    0.001132  
      1.557169  0.899068  1.424395            0           0           0  
     -0.000031  3.596217  1.424395            0           0           0  
      4.671569  0.899068  1.424395            0           0           0  
      3.114369  3.596217  1.424395            0           0           0  
      0.000031  1.798082  6.287164            0           0           0  
     -1.557169  4.495231  6.287164            0           0           0  
      3.114431  1.798082  6.287164            0           0           0  
      1.557231  4.495231  6.287164            0           0           0  
      0.049788  3.585454  8.788822     0.016963   -0.010528    0.013531  
      1.573269  0.942497  8.786773     0.002880    0.022752    0.013771  
      3.099286  3.587001  8.786109    -0.016980   -0.013157    0.013382  
      4.746561  0.873192  8.807446    -0.000690   -0.000246    0.015814  
     -0.004956  1.793343 13.529837     0.106815    0.062967   -0.004483  
     -1.598331  4.536633 13.549718     0.000991   -0.000325   -0.004786  
      3.153453  1.793409 13.529557    -0.109388    0.062953   -0.004276  
      1.574233  4.528663 13.529674    -0.000437   -0.124891   -0.004453  
      1.568337  2.722201  7.507618     0.001338   -0.000382   -0.171258  
 
  27 f  =   11.643473 THz    73.158100 2PiTHz  388.384460 cm-1    48.153514 meV
             X         Y         Z           dx          dy          dz
      0.000032  1.831799  2.624395            0           0           0  
     -1.586368  4.579524  2.624395            0           0           0  
      3.172832  1.831799  2.624395            0           0           0  
      1.586431  4.579524  2.624395            0           0           0  
      1.586368  0.915927  5.087164            0           0           0  
     -0.000032  3.663652  5.087164            0           0           0  
      4.759169  0.915927  5.087164            0           0           0  
      3.172769  3.663652  5.087164            0           0           0  
     -0.040871  1.772020  9.936509    -0.004264    0.008272   -0.000010  
     -1.598223  4.536617  9.850069     0.000103    0.000207    0.000002  
      3.188852  1.772626  9.935351    -0.004850   -0.007801    0.000020  
      1.574425  4.570632  9.937848     0.009252    0.000768   -0.000042  
     -0.022373  3.626861 12.447627    -0.001473   -0.002308    0.000002  
      1.574113  0.861311 12.447845     0.003101    0.000304   -0.000036  
      3.170905  3.627131 12.447736    -0.001489    0.002917    0.000034  
      4.746886  0.873562 12.447495    -0.000011   -0.000083    0.000008  
      0.000000  0.000000  3.855704            0           0           0  
     -1.586400  2.747725  3.855704            0           0           0  
      3.172800  0.000000  3.855704            0           0           0  
      1.586400  2.747725  3.855704            0           0           0  
      1.574330  2.704886 11.184273    -0.000058   -0.000109    0.000029  
     -0.029973  5.443114 11.176014     0.000962   -0.001978   -0.000021  
      4.746769  2.725153 11.175670    -0.002184   -0.000261    0.000000  
      3.178558  5.442730 11.176238     0.001289    0.001943    0.000008  
      1.557169  0.899068  1.424395            0           0           0  
     -0.000031  3.596217  1.424395            0           0           0  
      4.671569  0.899068  1.424395            0           0           0  
      3.114369  3.596217  1.424395            0           0           0  
      0.000031  1.798082  6.287164            0           0           0  
     -1.557169  4.495231  6.287164            0           0           0  
      3.114431  1.798082  6.287164            0           0           0  
      1.557231  4.495231  6.287164            0           0           0  
      0.049788  3.585454  8.788822    -0.065558   -0.111878   -0.000004  
      1.573269  0.942497  8.786773     0.130329    0.000686    0.000276  
      3.099286  3.587001  8.786109    -0.065466    0.112841   -0.000319  
      4.746561  0.873192  8.807446    -0.000712   -0.010202   -0.000027  
     -0.004956  1.793343 13.529837    -0.026864    0.047835   -0.000307  
     -1.598331  4.536633 13.549718    -0.000126   -0.002474    0.000009  
      3.153453  1.793409 13.529557    -0.030868   -0.051733   -0.000273  
      1.574233  4.528663 13.529674     0.057211    0.002302    0.000623  
      1.568337  2.722201  7.507618    -0.000134   -0.000661    0.000513  
 
  28 f  =   11.415579 THz    71.726195 2PiTHz  380.782713 cm-1    47.211018 meV
             X         Y         Z           dx          dy          dz
      0.000032  1.831799  2.624395            0           0           0  
     -1.586368  4.579524  2.624395            0           0           0  
      3.172832  1.831799  2.624395            0           0           0  
      1.586431  4.579524  2.624395            0           0           0  
      1.586368  0.915927  5.087164            0           0           0  
     -0.000032  3.663652  5.087164            0           0           0  
      4.759169  0.915927  5.087164            0           0           0  
      3.172769  3.663652  5.087164            0           0           0  
     -0.040871  1.772020  9.936509     0.000522   -0.006014   -0.000094  
     -1.598223  4.536617  9.850069     0.000805   -0.002105    0.000014  
      3.188852  1.772626  9.935351     0.007914   -0.009307   -0.000057  
      1.574425  4.570632  9.937848     0.002280   -0.014262    0.000101  
     -0.022373  3.626861 12.447627     0.006119   -0.007131   -0.000063  
      1.574113  0.861311 12.447845     0.001646   -0.010564    0.000112  
      3.170905  3.627131 12.447736     0.000466   -0.004627   -0.000001  
      4.746886  0.873562 12.447495    -0.000267    0.000671   -0.000032  
      0.000000  0.000000  3.855704            0           0           0  
     -1.586400  2.747725  3.855704            0           0           0  
      3.172800  0.000000  3.855704            0           0           0  
      1.586400  2.747725  3.855704            0           0           0  
      1.574330  2.704886 11.184273     0.001034   -0.002606    0.000166  
     -0.029973  5.443114 11.176014     0.000164    0.001719    0.000268  
      4.746769  2.725153 11.175670    -0.000644    0.005432   -0.002066  
      3.178558  5.442730 11.176238    -0.003498    0.003249    0.001644  
      1.557169  0.899068  1.424395            0           0           0  
     -0.000031  3.596217  1.424395            0           0           0  
      4.671569  0.899068  1.424395            0           0           0  
      3.114369  3.596217  1.424395            0           0           0  
      0.000031  1.798082  6.287164            0           0           0  
     -1.557169  4.495231  6.287164            0           0           0  
      3.114431  1.798082  6.287164            0           0           0  
      1.557231  4.495231  6.287164            0           0           0  
      0.049788  3.585454  8.788822     0.041881    0.021002   -0.004104  
      1.573269  0.942497  8.786773    -0.020147   -0.024829    0.004655  
      3.099286  3.587001  8.786109    -0.042769    0.059284   -0.001067  
      4.746561  0.873192  8.807446    -0.050949    0.142875    0.000047  
     -0.004956  1.793343 13.529837    -0.044690    0.059035    0.000425  
     -1.598331  4.536633 13.549718    -0.039582    0.104457   -0.000353  
      3.153453  1.793409 13.529557     0.066187    0.011011    0.001293  
      1.574233  4.528663 13.529674    -0.022148   -0.065199   -0.001533  
      1.568337  2.722201  7.507618     0.002724   -0.008423    0.003500  
 
  29 f  =   11.406149 THz    71.666947 2PiTHz  380.468174 cm-1    47.172020 meV
             X         Y         Z           dx          dy          dz
      0.000032  1.831799  2.624395            0           0           0  
     -1.586368  4.579524  2.624395            0           0           0  
      3.172832  1.831799  2.624395            0           0           0  
      1.586431  4.579524  2.624395            0           0           0  
      1.586368  0.915927  5.087164            0           0           0  
     -0.000032  3.663652  5.087164            0           0           0  
      4.759169  0.915927  5.087164            0           0           0  
      3.172769  3.663652  5.087164            0           0           0  
     -0.040871  1.772020  9.936509    -0.013498   -0.006575   -0.000202  
     -1.598223  4.536617  9.850069    -0.002066   -0.000738   -0.000019  
      3.188852  1.772626  9.935351    -0.010656    0.000701    0.000014  
      1.574425  4.570632  9.937848    -0.005437   -0.005289    0.000066  
     -0.022373  3.626861 12.447627    -0.008185    0.000521    0.000115  
      1.574113  0.861311 12.447845    -0.004199   -0.003869    0.000070  
      3.170905  3.627131 12.447736    -0.010076   -0.004925   -0.000119  
      4.746886  0.873562 12.447495     0.000748    0.000287    0.000005  
      0.000000  0.000000  3.855704            0           0           0  
     -1.586400  2.747725  3.855704            0           0           0  
      3.172800  0.000000  3.855704            0           0           0  
      1.586400  2.747725  3.855704            0           0           0  
      1.574330  2.704886 11.184273    -0.002488   -0.000869    0.000256  
     -0.029973  5.443114 11.176014     0.005042    0.002584    0.002046  
      4.746769  2.725153 11.175670     0.001302    0.002050   -0.000762  
      3.178558  5.442730 11.176238     0.003911   -0.000958   -0.001450  
      1.557169  0.899068  1.424395            0           0           0  
     -0.000031  3.596217  1.424395            0           0           0  
      4.671569  0.899068  1.424395            0           0           0  
      3.114369  3.596217  1.424395            0           0           0  
      0.000031  1.798082  6.287164            0           0           0  
     -1.557169  4.495231  6.287164            0           0           0  
      3.114431  1.798082  6.287164            0           0           0  
      1.557231  4.495231  6.287164            0           0           0  
      0.049788  3.585454  8.788822     0.009323    0.052203    0.003360  
      1.573269  0.942497  8.786773     0.065643   -0.008785    0.001960  
      3.099286  3.587001  8.786109    -0.020608   -0.023681   -0.005143  
      4.746561  0.873192  8.807446     0.142974    0.054803   -0.000113  
     -0.004956  1.793343 13.529837    -0.052943   -0.043117    0.001826  
     -1.598331  4.536633 13.549718     0.105884    0.037985   -0.000342  
      3.153453  1.793409 13.529557    -0.010991    0.067621   -0.000964  
      1.574233  4.528663 13.529674     0.067961   -0.022461   -0.000562  
      1.568337  2.722201  7.507618    -0.007380   -0.003059    0.001408  
 
  30 f  =   11.220032 THz    70.497542 2PiTHz  374.259992 cm-1    46.402304 meV
             X         Y         Z           dx          dy          dz
      0.000032  1.831799  2.624395            0           0           0  
     -1.586368  4.579524  2.624395            0           0           0  
      3.172832  1.831799  2.624395            0           0           0  
      1.586431  4.579524  2.624395            0           0           0  
      1.586368  0.915927  5.087164            0           0           0  
     -0.000032  3.663652  5.087164            0           0           0  
      4.759169  0.915927  5.087164            0           0           0  
      3.172769  3.663652  5.087164            0           0           0  
     -0.040871  1.772020  9.936509    -0.002780    0.005425   -0.000025  
     -1.598223  4.536617  9.850069     0.000053    0.000018   -0.000009  
      3.188852  1.772626  9.935351    -0.003242   -0.005189    0.000005  
      1.574425  4.570632  9.937848     0.006119    0.000497    0.000037  
     -0.022373  3.626861 12.447627     0.004963    0.008271   -0.000002  
      1.574113  0.861311 12.447845    -0.009444   -0.000501    0.000005  
      3.170905  3.627131 12.447736     0.004368   -0.008164    0.000004  
      4.746886  0.873562 12.447495    -0.000039    0.000251   -0.000001  
      0.000000  0.000000  3.855704            0           0           0  
     -1.586400  2.747725  3.855704            0           0           0  
      3.172800  0.000000  3.855704            0           0           0  
      1.586400  2.747725  3.855704            0           0           0  
      1.574330  2.704886 11.184273    -0.000024   -0.000075   -0.000058  
     -0.029973  5.443114 11.176014    -0.000225    0.000534    0.000042  
      4.746769  2.725153 11.175670     0.000557    0.000087   -0.000019  
      3.178558  5.442730 11.176238    -0.000310   -0.000426    0.000017  
      1.557169  0.899068  1.424395            0           0           0  
     -0.000031  3.596217  1.424395            0           0           0  
      4.671569  0.899068  1.424395            0           0           0  
      3.114369  3.596217  1.424395            0           0           0  
      0.000031  1.798082  6.287164            0           0           0  
     -1.557169  4.495231  6.287164            0           0           0  
      3.114431  1.798082  6.287164            0           0           0  
      1.557231  4.495231  6.287164            0           0           0  
      0.049788  3.585454  8.788822    -0.028988   -0.048579    0.000113  
      1.573269  0.942497  8.786773     0.056085   -0.000458    0.000015  
      3.099286  3.587001  8.786109    -0.028028    0.048156   -0.000010  
      4.746561  0.873192  8.807446    -0.000383   -0.005424    0.000033  
     -0.004956  1.793343 13.529837     0.062862   -0.112772   -0.000213  
     -1.598331  4.536633 13.549718     0.000617    0.006877    0.000049  
      3.153453  1.793409 13.529557     0.067383    0.112956   -0.000086  
      1.574233  4.528663 13.529674    -0.129602   -0.004199    0.000197  
      1.568337  2.722201  7.507618    -0.000047   -0.000250   -0.000651  
 
  31 f  =   11.171446 THz    70.192266 2PiTHz  372.639330 cm-1    46.201368 meV
             X         Y         Z           dx          dy          dz
      0.000032  1.831799  2.624395            0           0           0  
     -1.586368  4.579524  2.624395            0           0           0  
      3.172832  1.831799  2.624395            0           0           0  
      1.586431  4.579524  2.624395            0           0           0  
      1.586368  0.915927  5.087164            0           0           0  
     -0.000032  3.663652  5.087164            0           0           0  
      4.759169  0.915927  5.087164            0           0           0  
      3.172769  3.663652  5.087164            0           0           0  
     -0.040871  1.772020  9.936509    -0.000118    0.000462   -0.002132  
     -1.598223  4.536617  9.850069    -0.000052    0.000416    0.000874  
      3.188852  1.772626  9.935351     0.000248    0.000245   -0.001963  
      1.574425  4.570632  9.937848    -0.000065   -0.000161   -0.002180  
     -0.022373  3.626861 12.447627     0.002937   -0.001530    0.000863  
      1.574113  0.861311 12.447845    -0.000085    0.004513    0.000760  
      3.170905  3.627131 12.447736    -0.003015   -0.001640    0.000811  
      4.746886  0.873562 12.447495     0.000116   -0.000393    0.000245  
      0.000000  0.000000  3.855704            0           0           0  
     -1.586400  2.747725  3.855704            0           0           0  
      3.172800  0.000000  3.855704            0           0           0  
      1.586400  2.747725  3.855704            0           0           0  
      1.574330  2.704886 11.184273     0.000079   -0.000074    0.011013  
     -0.029973  5.443114 11.176014    -0.001491   -0.000977   -0.003750  
      4.746769  2.725153 11.175670     0.000025    0.001657   -0.003440  
      3.178558  5.442730 11.176238     0.001419   -0.000929   -0.003821  
      1.557169  0.899068  1.424395            0           0           0  
     -0.000031  3.596217  1.424395            0           0           0  
      4.671569  0.899068  1.424395            0           0           0  
      3.114369  3.596217  1.424395            0           0           0  
      0.000031  1.798082  6.287164            0           0           0  
     -1.557169  4.495231  6.287164            0           0           0  
      3.114431  1.798082  6.287164            0           0           0  
      1.557231  4.495231  6.287164            0           0           0  
      0.049788  3.585454  8.788822     0.106477   -0.062759   -0.011402  
      1.573269  0.942497  8.786773    -0.000343    0.114192   -0.010085  
      3.099286  3.587001  8.786109    -0.105030   -0.061159   -0.010593  
      4.746561  0.873192  8.807446    -0.000287    0.001768   -0.001167  
     -0.004956  1.793343 13.529837     0.021603    0.008062    0.005474  
     -1.598331  4.536633 13.549718     0.000827   -0.007845   -0.012887  
      3.153453  1.793409 13.529557    -0.022062    0.010105    0.005447  
      1.574233  4.528663 13.529674    -0.000456   -0.015651    0.005303  
      1.568337  2.722201  7.507618    -0.003304    0.004243    0.196388  
 
  32 f  =   11.111481 THz    69.815497 2PiTHz  370.639124 cm-1    45.953374 meV
             X         Y         Z           dx          dy          dz
      0.000032  1.831799  2.624395            0           0           0  
     -1.586368  4.579524  2.624395            0           0           0  
      3.172832  1.831799  2.624395            0           0           0  
      1.586431  4.579524  2.624395            0           0           0  
      1.586368  0.915927  5.087164            0           0           0  
     -0.000032  3.663652  5.087164            0           0           0  
      4.759169  0.915927  5.087164            0           0           0  
      3.172769  3.663652  5.087164            0           0           0  
     -0.040871  1.772020  9.936509    -0.001698    0.004017   -0.000063  
     -1.598223  4.536617  9.850069     0.000313   -0.000790    0.000036  
      3.188852  1.772626  9.935351    -0.009465    0.008676   -0.000133  
      1.574425  4.570632  9.937848    -0.002429    0.013245   -0.000091  
     -0.022373  3.626861 12.447627     0.005509    0.000619   -0.000467  
      1.574113  0.861311 12.447845    -0.003083   -0.004762    0.000584  
      3.170905  3.627131 12.447736    -0.004153    0.005996   -0.000049  
      4.746886  0.873562 12.447495    -0.006303    0.011815   -0.000001  
      0.000000  0.000000  3.855704            0           0           0  
     -1.586400  2.747725  3.855704            0           0           0  
      3.172800  0.000000  3.855704            0           0           0  
      1.586400  2.747725  3.855704            0           0           0  
      1.574330  2.704886 11.184273     0.001550   -0.002599    0.000354  
     -0.029973  5.443114 11.176014     0.000094   -0.000228   -0.000092  
      4.746769  2.725153 11.175670     0.000060    0.002548   -0.000285  
      3.178558  5.442730 11.176238    -0.001916    0.000896    0.000033  
      1.557169  0.899068  1.424395            0           0           0  
     -0.000031  3.596217  1.424395            0           0           0  
      4.671569  0.899068  1.424395            0           0           0  
      3.114369  3.596217  1.424395            0           0           0  
      0.000031  1.798082  6.287164            0           0           0  
     -1.557169  4.495231  6.287164            0           0           0  
      3.114431  1.798082  6.287164            0           0           0  
      1.557231  4.495231  6.287164            0           0           0  
      0.049788  3.585454  8.788822    -0.013504   -0.019004    0.002121  
      1.573269  0.942497  8.786773     0.019663    0.010808   -0.002747  
      3.099286  3.587001  8.786109     0.022333   -0.047123   -0.000135  
      4.746561  0.873192  8.807446     0.060231   -0.116304   -0.000107  
     -0.004956  1.793343 13.529837    -0.013432    0.014339    0.000050  
     -1.598331  4.536633 13.549718    -0.046581    0.095555   -0.000485  
      3.153453  1.793409 13.529557     0.098851   -0.050646   -0.003643  
      1.574233  4.528663 13.529674    -0.001967   -0.116839    0.004523  
      1.568337  2.722201  7.507618    -0.002592    0.005454    0.006333  
 
  33 f  =   11.099867 THz    69.742520 2PiTHz  370.251703 cm-1    45.905340 meV
             X         Y         Z           dx          dy          dz
      0.000032  1.831799  2.624395            0           0           0  
     -1.586368  4.579524  2.624395            0           0           0  
      3.172832  1.831799  2.624395            0           0           0  
      1.586431  4.579524  2.624395            0           0           0  
      1.586368  0.915927  5.087164            0           0           0  
     -0.000032  3.663652  5.087164            0           0           0  
      4.759169  0.915927  5.087164            0           0           0  
      3.172769  3.663652  5.087164            0           0           0  
     -0.040871  1.772020  9.936509     0.013018    0.007074   -0.000027  
     -1.598223  4.536617  9.850069    -0.000676   -0.000428    0.000025  
      3.188852  1.772626  9.935351     0.009084   -0.000545    0.000008  
      1.574425  4.570632  9.937848     0.003942    0.006718   -0.000056  
     -0.022373  3.626861 12.447627     0.000480    0.006210    0.000352  
      1.574113  0.861311 12.447845     0.006485   -0.002642    0.000358  
      3.170905  3.627131 12.447736    -0.004548   -0.003021   -0.000602  
      4.746886  0.873562 12.447495     0.012000    0.006011    0.000011  
      0.000000  0.000000  3.855704            0           0           0  
     -1.586400  2.747725  3.855704            0           0           0  
      3.172800  0.000000  3.855704            0           0           0  
      1.586400  2.747725  3.855704            0           0           0  
      1.574330  2.704886 11.184273    -0.002767   -0.001262    0.000204  
     -0.029973  5.443114 11.176014     0.002418    0.001344    0.000141  
      4.746769  2.725153 11.175670    -0.000205    0.001287   -0.000150  
      3.178558  5.442730 11.176238     0.001181   -0.000939   -0.000129  
      1.557169  0.899068  1.424395            0           0           0  
     -0.000031  3.596217  1.424395            0           0           0  
      4.671569  0.899068  1.424395            0           0           0  
      3.114369  3.596217  1.424395            0           0           0  
      0.000031  1.798082  6.287164            0           0           0  
     -1.557169  4.495231  6.287164            0           0           0  
      3.114431  1.798082  6.287164            0           0           0  
      1.557231  4.495231  6.287164            0           0           0  
      0.049788  3.585454  8.788822    -0.014424   -0.035326   -0.001863  
      1.573269  0.942497  8.786773    -0.044169    0.003809   -0.001527  
      3.099286  3.587001  8.786109     0.004010    0.003046    0.002697  
      4.746561  0.873192  8.807446    -0.116486   -0.059620   -0.000108  
     -0.004956  1.793343 13.529837    -0.116033   -0.063549   -0.004699  
     -1.598331  4.536633 13.549718     0.094405    0.051074   -0.000299  
      3.153453  1.793409 13.529557    -0.056605    0.045471    0.002646  
      1.574233  4.528663 13.529674     0.014863   -0.059401    0.002300  
      1.568337  2.722201  7.507618     0.004529    0.002640    0.002867  
 
  34 f  =   10.671074 THz    67.048336 2PiTHz  355.948716 cm-1    44.131996 meV
             X         Y         Z           dx          dy          dz
      0.000032  1.831799  2.624395            0           0           0  
     -1.586368  4.579524  2.624395            0           0           0  
      3.172832  1.831799  2.624395            0           0           0  
      1.586431  4.579524  2.624395            0           0           0  
      1.586368  0.915927  5.087164            0           0           0  
     -0.000032  3.663652  5.087164            0           0           0  
      4.759169  0.915927  5.087164            0           0           0  
      3.172769  3.663652  5.087164            0           0           0  
     -0.040871  1.772020  9.936509     0.001812   -0.004359    0.000879  
     -1.598223  4.536617  9.850069    -0.001899   -0.009888    0.000069  
      3.188852  1.772626  9.935351    -0.002532   -0.005059    0.000425  
      1.574425  4.570632  9.937848    -0.001253   -0.000966   -0.001536  
     -0.022373  3.626861 12.447627    -0.000795   -0.012158   -0.000102  
      1.574113  0.861311 12.447845    -0.002170   -0.016276    0.000559  
      3.170905  3.627131 12.447736    -0.005332   -0.012855   -0.000332  
      4.746886  0.873562 12.447495    -0.002609   -0.013088    0.000021  
      0.000000  0.000000  3.855704            0           0           0  
     -1.586400  2.747725  3.855704            0           0           0  
      3.172800  0.000000  3.855704            0           0           0  
      1.586400  2.747725  3.855704            0           0           0  
      1.574330  2.704886 11.184273     0.001521    0.007403    0.000156  
     -0.029973  5.443114 11.176014    -0.001496   -0.002276   -0.000406  
      4.746769  2.725153 11.175670    -0.000399   -0.003216    0.000469  
      3.178558  5.442730 11.176238     0.000291   -0.002055   -0.000244  
      1.557169  0.899068  1.424395            0           0           0  
     -0.000031  3.596217  1.424395            0           0           0  
      4.671569  0.899068  1.424395            0           0           0  
      3.114369  3.596217  1.424395            0           0           0  
      0.000031  1.798082  6.287164            0           0           0  
     -1.557169  4.495231  6.287164            0           0           0  
      3.114431  1.798082  6.287164            0           0           0  
      1.557231  4.495231  6.287164            0           0           0  
      0.049788  3.585454  8.788822    -0.025301   -0.010031    0.001999  
      1.573269  0.942497  8.786773    -0.005352    0.058729   -0.007490  
      3.099286  3.587001  8.786109     0.040002    0.001913    0.004553  
      4.746561  0.873192  8.807446    -0.010670   -0.053636   -0.000211  
     -0.004956  1.793343 13.529837     0.032084    0.101503   -0.000908  
     -1.598331  4.536633 13.549718     0.023367    0.113988   -0.000272  
      3.153453  1.793409 13.529557     0.010808    0.094806   -0.000381  
      1.574233  4.528663 13.529674     0.019069    0.116708    0.001934  
      1.568337  2.722201  7.507618     0.002475    0.015011    0.003886  
 
  35 f  =   10.664018 THz    67.004001 2PiTHz  355.713352 cm-1    44.102815 meV
             X         Y         Z           dx          dy          dz
      0.000032  1.831799  2.624395            0           0           0  
     -1.586368  4.579524  2.624395            0           0           0  
      3.172832  1.831799  2.624395            0           0           0  
      1.586431  4.579524  2.624395            0           0           0  
      1.586368  0.915927  5.087164            0           0           0  
     -0.000032  3.663652  5.087164            0           0           0  
      4.759169  0.915927  5.087164            0           0           0  
      3.172769  3.663652  5.087164            0           0           0  
     -0.040871  1.772020  9.936509     0.002539   -0.003413   -0.001190  
     -1.598223  4.536617  9.850069     0.010208   -0.002102    0.000047  
      3.188852  1.772626  9.935351     0.001640    0.001403    0.001427  
      1.574425  4.570632  9.937848     0.006187   -0.000125   -0.000375  
     -0.022373  3.626861 12.447627     0.015654   -0.004863   -0.000488  
      1.574113  0.861311 12.447845     0.010938   -0.003230    0.000067  
      3.170905  3.627131 12.447736     0.014520   -0.000055    0.000417  
      4.746886  0.873562 12.447495     0.012741   -0.002503    0.000054  
      0.000000  0.000000  3.855704            0           0           0  
     -1.586400  2.747725  3.855704            0           0           0  
      3.172800  0.000000  3.855704            0           0           0  
      1.586400  2.747725  3.855704            0           0           0  
      1.574330  2.704886 11.184273    -0.007296    0.001388    0.000026  
     -0.029973  5.443114 11.176014     0.002554    0.000414    0.000366  
      4.746769  2.725153 11.175670     0.001437   -0.000460    0.000088  
      3.178558  5.442730 11.176238     0.003363   -0.001296   -0.000544  
      1.557169  0.899068  1.424395            0           0           0  
     -0.000031  3.596217  1.424395            0           0           0  
      4.671569  0.899068  1.424395            0           0           0  
      3.114369  3.596217  1.424395            0           0           0  
      0.000031  1.798082  6.287164            0           0           0  
     -1.557169  4.495231  6.287164            0           0           0  
      3.114431  1.798082  6.287164            0           0           0  
      1.557231  4.495231  6.287164            0           0           0  
      0.049788  3.585454  8.788822    -0.046678    0.035952    0.007542  
      1.573269  0.942497  8.786773     0.022666    0.013486   -0.001573  
      3.099286  3.587001  8.786109    -0.033263   -0.037453   -0.006130  
      4.746561  0.873192  8.807446     0.056381   -0.011271   -0.000286  
     -0.004956  1.793343 13.529837    -0.107058    0.010173    0.001668  
     -1.598331  4.536633 13.549718    -0.115004    0.022556    0.000032  
      3.153453  1.793409 13.529557    -0.108130    0.028315   -0.001852  
      1.574233  4.528663 13.529674    -0.092156    0.022788    0.000501  
      1.568337  2.722201  7.507618    -0.012871    0.003015    0.001194  
 
  36 f  =   10.034457 THz    63.048352 2PiTHz  334.713451 cm-1    41.499160 meV
             X         Y         Z           dx          dy          dz
      0.000032  1.831799  2.624395            0           0           0  
     -1.586368  4.579524  2.624395            0           0           0  
      3.172832  1.831799  2.624395            0           0           0  
      1.586431  4.579524  2.624395            0           0           0  
      1.586368  0.915927  5.087164            0           0           0  
     -0.000032  3.663652  5.087164            0           0           0  
      4.759169  0.915927  5.087164            0           0           0  
      3.172769  3.663652  5.087164            0           0           0  
     -0.040871  1.772020  9.936509    -0.008410   -0.002303    0.006504  
     -1.598223  4.536617  9.850069    -0.015934   -0.003761    0.000073  
      3.188852  1.772626  9.935351    -0.008321   -0.001388   -0.004977  
      1.574425  4.570632  9.937848    -0.007437   -0.001911   -0.001613  
     -0.022373  3.626861 12.447627    -0.000174   -0.001378    0.001137  
      1.574113  0.861311 12.447845    -0.001944   -0.000053    0.000282  
      3.170905  3.627131 12.447736    -0.000001    0.000645   -0.001442  
      4.746886  0.873562 12.447495     0.005862    0.001219    0.000011  
      0.000000  0.000000  3.855704            0           0           0  
     -1.586400  2.747725  3.855704            0           0           0  
      3.172800  0.000000  3.855704            0           0           0  
      1.586400  2.747725  3.855704            0           0           0  
      1.574330  2.704886 11.184273     0.003896    0.000802    0.000069  
     -0.029973  5.443114 11.176014    -0.002649   -0.000700    0.000079  
      4.746769  2.725153 11.175670    -0.002145   -0.000516   -0.000012  
      3.178558  5.442730 11.176238    -0.002357   -0.000363   -0.000072  
      1.557169  0.899068  1.424395            0           0           0  
     -0.000031  3.596217  1.424395            0           0           0  
      4.671569  0.899068  1.424395            0           0           0  
      3.114369  3.596217  1.424395            0           0           0  
      0.000031  1.798082  6.287164            0           0           0  
     -1.557169  4.495231  6.287164            0           0           0  
      3.114431  1.798082  6.287164            0           0           0  
      1.557231  4.495231  6.287164            0           0           0  
      0.049788  3.585454  8.788822     0.129477   -0.043997   -0.005713  
      1.573269  0.942497  8.786773     0.040362    0.041796   -0.001272  
      3.099286  3.587001  8.786109     0.157502    0.077269    0.007265  
      4.746561  0.873192  8.807446     0.025182    0.004241   -0.000118  
     -0.004956  1.793343 13.529837    -0.042787   -0.013747    0.006717  
     -1.598331  4.536633 13.549718    -0.028133   -0.005175   -0.000108  
      3.153453  1.793409 13.529557    -0.038424    0.000825   -0.005128  
      1.574233  4.528663 13.529674    -0.029009   -0.009211   -0.001366  
      1.568337  2.722201  7.507618     0.019053    0.006688   -0.000137  
 
  37 f  =   10.013168 THz    62.914591 2PiTHz  334.003335 cm-1    41.411117 meV
             X         Y         Z           dx          dy          dz
      0.000032  1.831799  2.624395            0           0           0  
     -1.586368  4.579524  2.624395            0           0           0  
      3.172832  1.831799  2.624395            0           0           0  
      1.586431  4.579524  2.624395            0           0           0  
      1.586368  0.915927  5.087164            0           0           0  
     -0.000032  3.663652  5.087164            0           0           0  
      4.759169  0.915927  5.087164            0           0           0  
      3.172769  3.663652  5.087164            0           0           0  
     -0.040871  1.772020  9.936509     0.001521   -0.007720    0.002061  
     -1.598223  4.536617  9.850069     0.003611   -0.016230   -0.000003  
      3.188852  1.772626  9.935351     0.002425   -0.008091    0.004709  
      1.574425  4.570632  9.937848     0.001647   -0.008761   -0.007001  
     -0.022373  3.626861 12.447627    -0.000854   -0.001091   -0.001022  
      1.574113  0.861311 12.447845     0.000424    0.000255    0.001491  
      3.170905  3.627131 12.447736     0.000746   -0.001751   -0.000366  
      4.746886  0.873562 12.447495    -0.001382    0.005531    0.000087  
      0.000000  0.000000  3.855704            0           0           0  
     -1.586400  2.747725  3.855704            0           0           0  
      3.172800  0.000000  3.855704            0           0           0  
      1.586400  2.747725  3.855704            0           0           0  
      1.574330  2.704886 11.184273    -0.000947    0.003795    0.000161  
     -0.029973  5.443114 11.176014     0.000468   -0.002262   -0.000108  
      4.746769  2.725153 11.175670     0.000568   -0.002717   -0.000037  
      3.178558  5.442730 11.176238     0.000686   -0.002321   -0.000107  
      1.557169  0.899068  1.424395            0           0           0  
     -0.000031  3.596217  1.424395            0           0           0  
      4.671569  0.899068  1.424395            0           0           0  
      3.114369  3.596217  1.424395            0           0           0  
      0.000031  1.798082  6.287164            0           0           0  
     -1.557169  4.495231  6.287164            0           0           0  
      3.114431  1.798082  6.287164            0           0           0  
      1.557231  4.495231  6.287164            0           0           0  
      0.049788  3.585454  8.788822    -0.090860    0.086398    0.004337  
      1.573269  0.942497  8.786773    -0.009594    0.181480   -0.007403  
      3.099286  3.587001  8.786109     0.025333    0.060413    0.001148  
      4.746561  0.873192  8.807446    -0.006847    0.023154    0.000201  
     -0.004956  1.793343 13.529837     0.003625   -0.029867    0.001951  
     -1.598331  4.536633 13.549718     0.007171   -0.026174   -0.000249  
      3.153453  1.793409 13.529557     0.016254   -0.032028    0.004816  
      1.574233  4.528663 13.529674     0.007230   -0.043666   -0.006569  
      1.568337  2.722201  7.507618    -0.003909    0.026201    0.007234  
 
  38 f  =    7.396792 THz    46.475415 2PiTHz  246.730426 cm-1    30.590660 meV
             X         Y         Z           dx          dy          dz
      0.000032  1.831799  2.624395            0           0           0  
     -1.586368  4.579524  2.624395            0           0           0  
      3.172832  1.831799  2.624395            0           0           0  
      1.586431  4.579524  2.624395            0           0           0  
      1.586368  0.915927  5.087164            0           0           0  
     -0.000032  3.663652  5.087164            0           0           0  
      4.759169  0.915927  5.087164            0           0           0  
      3.172769  3.663652  5.087164            0           0           0  
     -0.040871  1.772020  9.936509     0.001136    0.000069    0.035197  
     -1.598223  4.536617  9.850069    -0.000068    0.000211    0.030817  
      3.188852  1.772626  9.935351    -0.001157    0.000271    0.035040  
      1.574425  4.570632  9.937848     0.000149   -0.000607    0.035880  
     -0.022373  3.626861 12.447627     0.002634   -0.001922   -0.033316  
      1.574113  0.861311 12.447845    -0.000016    0.003394   -0.033220  
      3.170905  3.627131 12.447736    -0.002649   -0.001912   -0.033345  
      4.746886  0.873562 12.447495    -0.000042    0.000438   -0.032128  
      0.000000  0.000000  3.855704            0           0           0  
     -1.586400  2.747725  3.855704            0           0           0  
      3.172800  0.000000  3.855704            0           0           0  
      1.586400  2.747725  3.855704            0           0           0  
      1.574330  2.704886 11.184273     0.000047   -0.000076   -0.001345  
     -0.029973  5.443114 11.176014    -0.003212   -0.001645    0.000125  
      4.746769  2.725153 11.175670    -0.000077    0.003388   -0.000425  
      3.178558  5.442730 11.176238     0.003239   -0.001755    0.000262  
      1.557169  0.899068  1.424395            0           0           0  
     -0.000031  3.596217  1.424395            0           0           0  
      4.671569  0.899068  1.424395            0           0           0  
      3.114369  3.596217  1.424395            0           0           0  
      0.000031  1.798082  6.287164            0           0           0  
     -1.557169  4.495231  6.287164            0           0           0  
      3.114431  1.798082  6.287164            0           0           0  
      1.557231  4.495231  6.287164            0           0           0  
      0.049788  3.585454  8.788822    -0.002446    0.001504    0.032359  
      1.573269  0.942497  8.786773     0.000083   -0.002282    0.031027  
      3.099286  3.587001  8.786109     0.002365    0.001375    0.032378  
      4.746561  0.873192  8.807446     0.000052   -0.000179    0.036269  
     -0.004956  1.793343 13.529837    -0.000019    0.000398   -0.033017  
     -1.598331  4.536633 13.549718     0.000154   -0.000079   -0.041745  
      3.153453  1.793409 13.529557    -0.000144    0.000303   -0.033100  
      1.574233  4.528663 13.529674    -0.000167   -0.000132   -0.033625  
      1.568337  2.722201  7.507618    -0.000085   -0.004274    0.039883  
 
  39 f  =    7.166321 THz    45.027320 2PiTHz  239.042722 cm-1    29.637507 meV
             X         Y         Z           dx          dy          dz
      0.000032  1.831799  2.624395            0           0           0  
     -1.586368  4.579524  2.624395            0           0           0  
      3.172832  1.831799  2.624395            0           0           0  
      1.586431  4.579524  2.624395            0           0           0  
      1.586368  0.915927  5.087164            0           0           0  
     -0.000032  3.663652  5.087164            0           0           0  
      4.759169  0.915927  5.087164            0           0           0  
      3.172769  3.663652  5.087164            0           0           0  
     -0.040871  1.772020  9.936509    -0.017195    0.028562    0.002252  
     -1.598223  4.536617  9.850069     0.011288   -0.021459    0.000260  
      3.188852  1.772626  9.935351     0.022363    0.007992    0.019114  
      1.574425  4.570632  9.937848    -0.015009   -0.017835   -0.019471  
     -0.022373  3.626861 12.447627     0.017782    0.013620    0.008871  
      1.574113  0.861311 12.447845    -0.016276   -0.013529   -0.010340  
      3.170905  3.627131 12.447736    -0.017397    0.032730    0.000459  
      4.746886  0.873562 12.447495     0.016120   -0.032667   -0.001461  
      0.000000  0.000000  3.855704            0           0           0  
     -1.586400  2.747725  3.855704            0           0           0  
      3.172800  0.000000  3.855704            0           0           0  
      1.586400  2.747725  3.855704            0           0           0  
      1.574330  2.704886 11.184273    -0.000432    0.000842    0.000911  
     -0.029973  5.443114 11.176014     0.002415   -0.003251   -0.002259  
      4.746769  2.725153 11.175670     0.001642    0.006369    0.026475  
      3.178558  5.442730 11.176238    -0.006195    0.000949   -0.025534  
      1.557169  0.899068  1.424395            0           0           0  
     -0.000031  3.596217  1.424395            0           0           0  
      4.671569  0.899068  1.424395            0           0           0  
      3.114369  3.596217  1.424395            0           0           0  
      0.000031  1.798082  6.287164            0           0           0  
     -1.557169  4.495231  6.287164            0           0           0  
      3.114431  1.798082  6.287164            0           0           0  
      1.557231  4.495231  6.287164            0           0           0  
      0.049788  3.585454  8.788822     0.000478   -0.006817   -0.041128  
      1.573269  0.942497  8.786773     0.004781   -0.006302    0.046205  
      3.099286  3.587001  8.786109     0.004059   -0.009349   -0.002714  
      4.746561  0.873192  8.807446    -0.002823    0.005742    0.000963  
     -0.004956  1.793343 13.529837     0.007248   -0.013410   -0.004683  
     -1.598331  4.536633 13.549718    -0.004220    0.008407    0.002459  
      3.153453  1.793409 13.529557    -0.003552   -0.007588   -0.037573  
      1.574233  4.528663 13.529674     0.006912    0.000194    0.036966  
      1.568337  2.722201  7.507618    -0.069229    0.146841   -0.003015  
 
  40 f  =    7.125777 THz    44.772578 2PiTHz  237.690337 cm-1    29.469833 meV
             X         Y         Z           dx          dy          dz
      0.000032  1.831799  2.624395            0           0           0  
     -1.586368  4.579524  2.624395            0           0           0  
      3.172832  1.831799  2.624395            0           0           0  
      1.586431  4.579524  2.624395            0           0           0  
      1.586368  0.915927  5.087164            0           0           0  
     -0.000032  3.663652  5.087164            0           0           0  
      4.759169  0.915927  5.087164            0           0           0  
      3.172769  3.663652  5.087164            0           0           0  
     -0.040871  1.772020  9.936509     0.013052    0.010673   -0.021204  
     -1.598223  4.536617  9.850069     0.023071    0.010583    0.000175  
      3.188852  1.772626  9.935351    -0.002832   -0.030454    0.010798  
      1.574425  4.570632  9.937848    -0.030779    0.010380    0.008560  
     -0.022373  3.626861 12.447627    -0.003729   -0.035198    0.005970  
      1.574113  0.861311 12.447845    -0.035238    0.012498    0.004552  
      3.170905  3.627131 12.447736     0.004723    0.005963   -0.012433  
      4.746886  0.873562 12.447495     0.034855    0.016754    0.003533  
      0.000000  0.000000  3.855704            0           0           0  
     -1.586400  2.747725  3.855704            0           0           0  
      3.172800  0.000000  3.855704            0           0           0  
      1.586400  2.747725  3.855704            0           0           0  
      1.574330  2.704886 11.184273    -0.000822   -0.000392   -0.003296  
     -0.029973  5.443114 11.176014    -0.005728   -0.003378    0.032155  
      4.746769  2.725153 11.175670     0.003074   -0.003000   -0.012069  
      3.178558  5.442730 11.176238    -0.001894    0.004339   -0.016215  
      1.557169  0.899068  1.424395            0           0           0  
     -0.000031  3.596217  1.424395            0           0           0  
      4.671569  0.899068  1.424395            0           0           0  
      3.114369  3.596217  1.424395            0           0           0  
      0.000031  1.798082  6.287164            0           0           0  
     -1.557169  4.495231  6.287164            0           0           0  
      3.114431  1.798082  6.287164            0           0           0  
      1.557231  4.495231  6.287164            0           0           0  
      0.049788  3.585454  8.788822     0.003496    0.008522   -0.026497  
      1.573269  0.942497  8.786773     0.010032    0.000262   -0.020919  
      3.099286  3.587001  8.786109     0.004794    0.001655    0.047877  
      4.746561  0.873192  8.807446    -0.006840   -0.003277   -0.002231  
     -0.004956  1.793343 13.529837     0.002527   -0.000075    0.049874  
     -1.598331  4.536633 13.549718    -0.008372   -0.004009   -0.009492  
      3.153453  1.793409 13.529557     0.005365    0.011499   -0.021976  
      1.574233  4.528663 13.529674     0.013925   -0.001276   -0.016148  
      1.568337  2.722201  7.507618    -0.119899   -0.061355   -0.000235  
 
  41 f  =    7.112904 THz    44.691692 2PiTHz  237.260928 cm-1    29.416593 meV
             X         Y         Z           dx          dy          dz
      0.000032  1.831799  2.624395            0           0           0  
     -1.586368  4.579524  2.624395            0           0           0  
      3.172832  1.831799  2.624395            0           0           0  
      1.586431  4.579524  2.624395            0           0           0  
      1.586368  0.915927  5.087164            0           0           0  
     -0.000032  3.663652  5.087164            0           0           0  
      4.759169  0.915927  5.087164            0           0           0  
      3.172769  3.663652  5.087164            0           0           0  
     -0.040871  1.772020  9.936509    -0.015623   -0.008001   -0.000435  
     -1.598223  4.536617  9.850069    -0.002681   -0.002150    0.002242  
      3.188852  1.772626  9.935351     0.014483   -0.003243   -0.004197  
      1.574425  4.570632  9.937848     0.003584    0.013243   -0.005022  
     -0.022373  3.626861 12.447627     0.045651   -0.020087   -0.006531  
      1.574113  0.861311 12.447845     0.003749    0.048471   -0.007418  
      3.170905  3.627131 12.447736    -0.045844   -0.024511   -0.004525  
      4.746886  0.873562 12.447495    -0.003792   -0.003961    0.025197  
      0.000000  0.000000  3.855704            0           0           0  
     -1.586400  2.747725  3.855704            0           0           0  
      3.172800  0.000000  3.855704            0           0           0  
      1.586400  2.747725  3.855704            0           0           0  
      1.574330  2.704886 11.184273     0.000103    0.000016   -0.024643  
     -0.029973  5.443114 11.176014     0.001135    0.000564    0.005349  
      4.746769  2.725153 11.175670    -0.000389    0.000302    0.012536  
      3.178558  5.442730 11.176238    -0.000273   -0.000359    0.010832  
      1.557169  0.899068  1.424395            0           0           0  
     -0.000031  3.596217  1.424395            0           0           0  
      4.671569  0.899068  1.424395            0           0           0  
      3.114369  3.596217  1.424395            0           0           0  
      0.000031  1.798082  6.287164            0           0           0  
     -1.557169  4.495231  6.287164            0           0           0  
      3.114431  1.798082  6.287164            0           0           0  
      1.557231  4.495231  6.287164            0           0           0  
      0.049788  3.585454  8.788822    -0.014248    0.006489    0.003941  
      1.573269  0.942497  8.786773    -0.001138   -0.015798    0.005846  
      3.099286  3.587001  8.786109     0.013039    0.007134   -0.004851  
      4.746561  0.873192  8.807446     0.000763    0.000839   -0.013582  
     -0.004956  1.793343 13.529837     0.009570    0.004957    0.022069  
     -1.598331  4.536633 13.549718     0.001105    0.000907   -0.073768  
      3.153453  1.793409 13.529557    -0.010352    0.003589    0.029764  
      1.574233  4.528663 13.529674    -0.001556   -0.010892    0.033285  
      1.568337  2.722201  7.507618     0.013947    0.011698    0.005403  
 
  42 f  =    6.774466 THz    42.565228 2PiTHz  225.971875 cm-1    28.016929 meV
             X         Y         Z           dx          dy          dz
      0.000032  1.831799  2.624395            0           0           0  
     -1.586368  4.579524  2.624395            0           0           0  
      3.172832  1.831799  2.624395            0           0           0  
      1.586431  4.579524  2.624395            0           0           0  
      1.586368  0.915927  5.087164            0           0           0  
     -0.000032  3.663652  5.087164            0           0           0  
      4.759169  0.915927  5.087164            0           0           0  
      3.172769  3.663652  5.087164            0           0           0  
     -0.040871  1.772020  9.936509    -0.044433   -0.024544   -0.006310  
     -1.598223  4.536617  9.850069     0.000074   -0.000541    0.023531  
      3.188852  1.772626  9.935351     0.044640   -0.025066   -0.005690  
      1.574425  4.570632  9.937848    -0.000339    0.050213   -0.006806  
     -0.022373  3.626861 12.447627    -0.012304    0.006552    0.000556  
      1.574113  0.861311 12.447845     0.000867   -0.013308    0.001443  
      3.170905  3.627131 12.447736     0.012383    0.005580    0.001102  
      4.746886  0.873562 12.447495    -0.000793    0.000965   -0.007435  
      0.000000  0.000000  3.855704            0           0           0  
     -1.586400  2.747725  3.855704            0           0           0  
      3.172800  0.000000  3.855704            0           0           0  
      1.586400  2.747725  3.855704            0           0           0  
      1.574330  2.704886 11.184273     0.000009    0.000031   -0.011607  
     -0.029973  5.443114 11.176014    -0.001668   -0.001083    0.007448  
      4.746769  2.725153 11.175670     0.000092    0.002159    0.007564  
      3.178558  5.442730 11.176238     0.001573   -0.000924    0.007735  
      1.557169  0.899068  1.424395            0           0           0  
     -0.000031  3.596217  1.424395            0           0           0  
      4.671569  0.899068  1.424395            0           0           0  
      3.114369  3.596217  1.424395            0           0           0  
      0.000031  1.798082  6.287164            0           0           0  
     -1.557169  4.495231  6.287164            0           0           0  
      3.114431  1.798082  6.287164            0           0           0  
      1.557231  4.495231  6.287164            0           0           0  
      0.049788  3.585454  8.788822    -0.002375    0.001403    0.027366  
      1.573269  0.942497  8.786773    -0.000071   -0.003517    0.030123  
      3.099286  3.587001  8.786109     0.002785    0.001737    0.028609  
      4.746561  0.873192  8.807446     0.000130   -0.000232   -0.077049  
     -0.004956  1.793343 13.529837     0.010912    0.006177   -0.011542  
     -1.598331  4.536633 13.549718    -0.000114    0.000133    0.028231  
      3.153453  1.793409 13.529557    -0.011073    0.006310   -0.009478  
      1.574233  4.528663 13.529674     0.000010   -0.012310   -0.012807  
      1.568337  2.722201  7.507618    -0.002207    0.001699    0.028632  
 
  43 f  =    6.502765 THz    40.858078 2PiTHz  216.908897 cm-1    26.893264 meV
             X         Y         Z           dx          dy          dz
      0.000032  1.831799  2.624395            0           0           0  
     -1.586368  4.579524  2.624395            0           0           0  
      3.172832  1.831799  2.624395            0           0           0  
      1.586431  4.579524  2.624395            0           0           0  
      1.586368  0.915927  5.087164            0           0           0  
     -0.000032  3.663652  5.087164            0           0           0  
      4.759169  0.915927  5.087164            0           0           0  
      3.172769  3.663652  5.087164            0           0           0  
     -0.040871  1.772020  9.936509     0.003910   -0.007448   -0.003140  
     -1.598223  4.536617  9.850069    -0.001011   -0.002154    0.000754  
      3.188852  1.772626  9.935351    -0.009894    0.001905   -0.027678  
      1.574425  4.570632  9.937848     0.004804    0.012534    0.029818  
     -0.022373  3.626861 12.447627     0.019152    0.013459    0.014003  
      1.574113  0.861311 12.447845    -0.016882   -0.012825   -0.014325  
      3.170905  3.627131 12.447736    -0.019305    0.033089    0.001423  
      4.746886  0.873562 12.447495     0.017618   -0.036277   -0.000296  
      0.000000  0.000000  3.855704            0           0           0  
     -1.586400  2.747725  3.855704            0           0           0  
      3.172800  0.000000  3.855704            0           0           0  
      1.586400  2.747725  3.855704            0           0           0  
      1.574330  2.704886 11.184273    -0.000274    0.000434    0.000094  
     -0.029973  5.443114 11.176014    -0.004885    0.007233   -0.000945  
      4.746769  2.725153 11.175670    -0.003470   -0.006028    0.006785  
      3.178558  5.442730 11.176238     0.007367    0.001748   -0.005488  
      1.557169  0.899068  1.424395            0           0           0  
     -0.000031  3.596217  1.424395            0           0           0  
      4.671569  0.899068  1.424395            0           0           0  
      3.114369  3.596217  1.424395            0           0           0  
      0.000031  1.798082  6.287164            0           0           0  
     -1.557169  4.495231  6.287164            0           0           0  
      3.114431  1.798082  6.287164            0           0           0  
      1.557231  4.495231  6.287164            0           0           0  
      0.049788  3.585454  8.788822    -0.016100    0.005594    0.034722  
      1.573269  0.942497  8.786773     0.002174    0.021678   -0.036662  
      3.099286  3.587001  8.786109     0.004216   -0.004303    0.002496  
      4.746561  0.873192  8.807446    -0.008340    0.016846   -0.001982  
     -0.004956  1.793343 13.529837     0.000031    0.000133   -0.004065  
     -1.598331  4.536633 13.549718     0.002658   -0.004458    0.001881  
      3.153453  1.793409 13.529557     0.004205   -0.002616   -0.047310  
      1.574233  4.528663 13.529674    -0.000106   -0.005857    0.050307  
      1.568337  2.722201  7.507618     0.078944   -0.175524    0.003665  
 
  44 f  =    6.437535 THz    40.448225 2PiTHz  214.733052 cm-1    26.623493 meV
             X         Y         Z           dx          dy          dz
      0.000032  1.831799  2.624395            0           0           0  
     -1.586368  4.579524  2.624395            0           0           0  
      3.172832  1.831799  2.624395            0           0           0  
      1.586431  4.579524  2.624395            0           0           0  
      1.586368  0.915927  5.087164            0           0           0  
     -0.000032  3.663652  5.087164            0           0           0  
      4.759169  0.915927  5.087164            0           0           0  
      3.172769  3.663652  5.087164            0           0           0  
     -0.040871  1.772020  9.936509    -0.012591   -0.010561    0.036132  
     -1.598223  4.536617  9.850069    -0.004751   -0.000038    0.000234  
      3.188852  1.772626  9.935351    -0.001695    0.014838   -0.020172  
      1.574425  4.570632  9.937848     0.014980   -0.006455   -0.015987  
     -0.022373  3.626861 12.447627    -0.009283   -0.029446    0.009519  
      1.574113  0.861311 12.447845    -0.033601    0.005266    0.006931  
      3.170905  3.627131 12.447736     0.008902    0.008907   -0.016657  
      4.746886  0.873562 12.447495     0.034796    0.016420   -0.000099  
      0.000000  0.000000  3.855704            0           0           0  
     -1.586400  2.747725  3.855704            0           0           0  
      3.172800  0.000000  3.855704            0           0           0  
      1.586400  2.747725  3.855704            0           0           0  
      1.574330  2.704886 11.184273    -0.000661   -0.000237   -0.000102  
     -0.029973  5.443114 11.176014     0.006543    0.004088    0.003310  
      4.746769  2.725153 11.175670    -0.007689    0.003371   -0.001883  
      3.178558  5.442730 11.176238    -0.000009   -0.008537   -0.001363  
      1.557169  0.899068  1.424395            0           0           0  
     -0.000031  3.596217  1.424395            0           0           0  
      4.671569  0.899068  1.424395            0           0           0  
      3.114369  3.596217  1.424395            0           0           0  
      0.000031  1.798082  6.287164            0           0           0  
     -1.557169  4.495231  6.287164            0           0           0  
      3.114431  1.798082  6.287164            0           0           0  
      1.557231  4.495231  6.287164            0           0           0  
      0.049788  3.585454  8.788822    -0.008088    0.008509    0.028182  
      1.573269  0.942497  8.786773     0.003704   -0.009994    0.020151  
      3.099286  3.587001  8.786109    -0.018025   -0.010468   -0.047817  
      4.746561  0.873192  8.807446    -0.017106   -0.007920   -0.000406  
     -0.004956  1.793343 13.529837     0.005769    0.003671    0.055163  
     -1.598331  4.536633 13.549718     0.006434    0.002507    0.000087  
      3.153453  1.793409 13.529557     0.002589   -0.003457   -0.032080  
      1.574233  4.528663 13.529674    -0.002091    0.002611   -0.023555  
      1.568337  2.722201  7.507618     0.154538    0.080390    0.001253  
 
  45 f  =    5.765530 THz    36.225891 2PiTHz  192.317368 cm-1    23.844304 meV
             X         Y         Z           dx          dy          dz
      0.000032  1.831799  2.624395            0           0           0  
     -1.586368  4.579524  2.624395            0           0           0  
      3.172832  1.831799  2.624395            0           0           0  
      1.586431  4.579524  2.624395            0           0           0  
      1.586368  0.915927  5.087164            0           0           0  
     -0.000032  3.663652  5.087164            0           0           0  
      4.759169  0.915927  5.087164            0           0           0  
      3.172769  3.663652  5.087164            0           0           0  
     -0.040871  1.772020  9.936509    -0.028045    0.046003   -0.002516  
     -1.598223  4.536617  9.850069     0.010475   -0.040990   -0.000387  
      3.188852  1.772626  9.935351     0.022900    0.032434   -0.008145  
      1.574425  4.570632  9.937848    -0.013162   -0.006867    0.010956  
     -0.022373  3.626861 12.447627    -0.007360   -0.014579   -0.009073  
      1.574113  0.861311 12.447845     0.005159   -0.000513    0.013103  
      3.170905  3.627131 12.447736     0.010459   -0.018632   -0.003779  
      4.746886  0.873562 12.447495    -0.001064    0.004631    0.000281  
      0.000000  0.000000  3.855704            0           0           0  
     -1.586400  2.747725  3.855704            0           0           0  
      3.172800  0.000000  3.855704            0           0           0  
      1.586400  2.747725  3.855704            0           0           0  
      1.574330  2.704886 11.184273     0.001249   -0.004813    0.000249  
     -0.029973  5.443114 11.176014    -0.006106    0.010356   -0.003308  
      4.746769  2.725153 11.175670    -0.003431   -0.000408    0.011550  
      3.178558  5.442730 11.176238     0.004807    0.007813   -0.008447  
      1.557169  0.899068  1.424395            0           0           0  
     -0.000031  3.596217  1.424395            0           0           0  
      4.671569  0.899068  1.424395            0           0           0  
      3.114369  3.596217  1.424395            0           0           0  
      0.000031  1.798082  6.287164            0           0           0  
     -1.557169  4.495231  6.287164            0           0           0  
      3.114431  1.798082  6.287164            0           0           0  
      1.557231  4.495231  6.287164            0           0           0  
      0.049788  3.585454  8.788822     0.000616    0.004799   -0.025987  
      1.573269  0.942497  8.786773    -0.001360    0.004644    0.035094  
      3.099286  3.587001  8.786109    -0.001936    0.005133   -0.010851  
      4.746561  0.873192  8.807446     0.000759   -0.002919    0.001138  
     -0.004956  1.793343 13.529837     0.005932   -0.009176    0.008050  
     -1.598331  4.536633 13.549718    -0.002209    0.008417   -0.000401  
      3.153453  1.793409 13.529557    -0.005964   -0.006095    0.018628  
      1.574233  4.528663 13.529674     0.002509    0.003250   -0.025747  
      1.568337  2.722201  7.507618     0.046710   -0.174239    0.000624  
 
  46 f  =    5.670439 THz    35.628421 2PiTHz  189.145498 cm-1    23.451042 meV
             X         Y         Z           dx          dy          dz
      0.000032  1.831799  2.624395            0           0           0  
     -1.586368  4.579524  2.624395            0           0           0  
      3.172832  1.831799  2.624395            0           0           0  
      1.586431  4.579524  2.624395            0           0           0  
      1.586368  0.915927  5.087164            0           0           0  
     -0.000032  3.663652  5.087164            0           0           0  
      4.759169  0.915927  5.087164            0           0           0  
      3.172769  3.663652  5.087164            0           0           0  
     -0.040871  1.772020  9.936509    -0.006106    0.012568    0.021692  
     -1.598223  4.536617  9.850069     0.040903    0.010443    0.000524  
      3.188852  1.772626  9.935351    -0.018184   -0.032456   -0.016498  
      1.574425  4.570632  9.937848    -0.052443    0.000247   -0.005473  
     -0.022373  3.626861 12.447627     0.008695    0.012722   -0.008444  
      1.574113  0.861311 12.447845     0.020633    0.000271   -0.003232  
      3.170905  3.627131 12.447736     0.003844   -0.004195    0.011420  
      4.746886  0.873562 12.447495     0.000160    0.000010   -0.000074  
      0.000000  0.000000  3.855704            0           0           0  
     -1.586400  2.747725  3.855704            0           0           0  
      3.172800  0.000000  3.855704            0           0           0  
      1.586400  2.747725  3.855704            0           0           0  
      1.574330  2.704886 11.184273     0.004988    0.001249   -0.000082  
     -0.029973  5.443114 11.176014     0.000386    0.005658    0.010030  
      4.746769  2.725153 11.175670    -0.015411    0.000786   -0.002568  
      3.178558  5.442730 11.176238    -0.003902   -0.011098   -0.007480  
      1.557169  0.899068  1.424395            0           0           0  
     -0.000031  3.596217  1.424395            0           0           0  
      4.671569  0.899068  1.424395            0           0           0  
      3.114369  3.596217  1.424395            0           0           0  
      0.000031  1.798082  6.287164            0           0           0  
     -1.557169  4.495231  6.287164            0           0           0  
      3.114431  1.798082  6.287164            0           0           0  
      1.557231  4.495231  6.287164            0           0           0  
      0.049788  3.585454  8.788822    -0.006159   -0.003998   -0.021039  
      1.573269  0.942497  8.786773    -0.008392   -0.001682   -0.007520  
      3.099286  3.587001  8.786109    -0.005778   -0.000679    0.028348  
      4.746561  0.873192  8.807446     0.000347    0.000041    0.000018  
     -0.004956  1.793343 13.529837    -0.000083   -0.003079   -0.021689  
     -1.598331  4.536633 13.549718    -0.007239   -0.001769   -0.000182  
      3.153453  1.793409 13.529557     0.002704    0.007209    0.015703  
      1.574233  4.528663 13.529674     0.010301   -0.000263    0.005908  
      1.568337  2.722201  7.507618     0.178546    0.043520    0.001427  
 
  47 f  =    5.170026 THz    32.484231 2PiTHz  172.453503 cm-1    21.381500 meV
             X         Y         Z           dx          dy          dz
      0.000032  1.831799  2.624395            0           0           0  
     -1.586368  4.579524  2.624395            0           0           0  
      3.172832  1.831799  2.624395            0           0           0  
      1.586431  4.579524  2.624395            0           0           0  
      1.586368  0.915927  5.087164            0           0           0  
     -0.000032  3.663652  5.087164            0           0           0  
      4.759169  0.915927  5.087164            0           0           0  
      3.172769  3.663652  5.087164            0           0           0  
     -0.040871  1.772020  9.936509     0.019899   -0.036404   -0.000179  
     -1.598223  4.536617  9.850069    -0.000861    0.002455   -0.000061  
      3.188852  1.772626  9.935351     0.023274    0.036657   -0.000059  
      1.574425  4.570632  9.937848    -0.042219   -0.002799    0.000292  
     -0.022373  3.626861 12.447627     0.021943    0.034235   -0.000355  
      1.574113  0.861311 12.447845    -0.040037   -0.002797    0.000508  
      3.170905  3.627131 12.447736     0.018545   -0.033930   -0.000095  
      4.746886  0.873562 12.447495    -0.000529    0.002848   -0.000029  
      0.000000  0.000000  3.855704            0           0           0  
     -1.586400  2.747725  3.855704            0           0           0  
      3.172800  0.000000  3.855704            0           0           0  
      1.586400  2.747725  3.855704            0           0           0  
      1.574330  2.704886 11.184273     0.000416   -0.002125    0.000020  
     -0.029973  5.443114 11.176014    -0.016227    0.029289   -0.000110  
      4.746769  2.725153 11.175670     0.033985    0.001973   -0.000006  
      3.178558  5.442730 11.176238    -0.018240   -0.028941    0.000108  
      1.557169  0.899068  1.424395            0           0           0  
     -0.000031  3.596217  1.424395            0           0           0  
      4.671569  0.899068  1.424395            0           0           0  
      3.114369  3.596217  1.424395            0           0           0  
      0.000031  1.798082  6.287164            0           0           0  
     -1.557169  4.495231  6.287164            0           0           0  
      3.114431  1.798082  6.287164            0           0           0  
      1.557231  4.495231  6.287164            0           0           0  
      0.049788  3.585454  8.788822    -0.009329   -0.015372    0.000156  
      1.573269  0.942497  8.786773     0.017500    0.000638    0.000057  
      3.099286  3.587001  8.786109    -0.008230    0.014618   -0.000241  
      4.746561  0.873192  8.807446     0.000226   -0.001314    0.000021  
     -0.004956  1.793343 13.529837    -0.005952    0.010992    0.000066  
     -1.598331  4.536633 13.549718     0.000263   -0.001060    0.000022  
      3.153453  1.793409 13.529557    -0.007102   -0.011040   -0.000054  
      1.574233  4.528663 13.529674     0.012784    0.000990   -0.000006  
      1.568337  2.722201  7.507618    -0.000561   -0.004707    0.000026  
 
  48 f  =    5.137830 THz    32.281938 2PiTHz  171.379563 cm-1    21.248348 meV
             X         Y         Z           dx          dy          dz
      0.000032  1.831799  2.624395            0           0           0  
     -1.586368  4.579524  2.624395            0           0           0  
      3.172832  1.831799  2.624395            0           0           0  
      1.586431  4.579524  2.624395            0           0           0  
      1.586368  0.915927  5.087164            0           0           0  
     -0.000032  3.663652  5.087164            0           0           0  
      4.759169  0.915927  5.087164            0           0           0  
      3.172769  3.663652  5.087164            0           0           0  
     -0.040871  1.772020  9.936509    -0.009775    0.008885    0.000047  
     -1.598223  4.536617  9.850069    -0.017216    0.038269   -0.000351  
      3.188852  1.772626  9.935351     0.029881   -0.014075   -0.003050  
      1.574425  4.570632  9.937848    -0.001921   -0.036968    0.003371  
     -0.022373  3.626861 12.447627     0.035632   -0.009862   -0.009234  
      1.574113  0.861311 12.447845    -0.005432   -0.040236    0.010287  
      3.170905  3.627131 12.447736    -0.014937    0.017484   -0.000782  
      4.746886  0.873562 12.447495    -0.017992    0.039951   -0.000120  
      0.000000  0.000000  3.855704            0           0           0  
     -1.586400  2.747725  3.855704            0           0           0  
      3.172800  0.000000  3.855704            0           0           0  
      1.586400  2.747725  3.855704            0           0           0  
      1.574330  2.704886 11.184273     0.013792   -0.030219    0.000140  
     -0.029973  5.443114 11.176014     0.006546   -0.005503    0.000294  
      4.746769  2.725153 11.175670     0.000077    0.027525   -0.002704  
      3.178558  5.442730 11.176238    -0.021827    0.010973    0.002293  
      1.557169  0.899068  1.424395            0           0           0  
     -0.000031  3.596217  1.424395            0           0           0  
      4.671569  0.899068  1.424395            0           0           0  
      3.114369  3.596217  1.424395            0           0           0  
      0.000031  1.798082  6.287164            0           0           0  
     -1.557169  4.495231  6.287164            0           0           0  
      3.114431  1.798082  6.287164            0           0           0  
      1.557231  4.495231  6.287164            0           0           0  
      0.049788  3.585454  8.788822    -0.009091   -0.000308    0.003109  
      1.573269  0.942497  8.786773     0.002708    0.009387   -0.004215  
      3.099286  3.587001  8.786109     0.006156   -0.009028    0.000609  
      4.746561  0.873192  8.807446     0.007874   -0.017339    0.000119  
     -0.004956  1.793343 13.529837     0.003833   -0.003671   -0.000371  
     -1.598331  4.536633 13.549718     0.007634   -0.016807    0.000183  
      3.153453  1.793409 13.529557    -0.011375    0.004817   -0.000909  
      1.574233  4.528663 13.529674     0.000984    0.013796    0.001248  
      1.568337  2.722201  7.507618     0.022159   -0.048972    0.000513  
 
  49 f  =    5.132303 THz    32.247208 2PiTHz  171.195188 cm-1    21.225489 meV
             X         Y         Z           dx          dy          dz
      0.000032  1.831799  2.624395            0           0           0  
     -1.586368  4.579524  2.624395            0           0           0  
      3.172832  1.831799  2.624395            0           0           0  
      1.586431  4.579524  2.624395            0           0           0  
      1.586368  0.915927  5.087164            0           0           0  
     -0.000032  3.663652  5.087164            0           0           0  
      4.759169  0.915927  5.087164            0           0           0  
      3.172769  3.663652  5.087164            0           0           0  
     -0.040871  1.772020  9.936509    -0.033485   -0.020530   -0.008912  
     -1.598223  4.536617  9.850069     0.037249    0.016886    0.000082  
      3.188852  1.772626  9.935351    -0.015290    0.019511    0.005480  
      1.574425  4.570632  9.937848     0.012164   -0.016331    0.003339  
     -0.022373  3.626861 12.447627    -0.015604    0.026074    0.007198  
      1.574113  0.861311 12.447845     0.017640   -0.018627    0.004762  
      3.170905  3.627131 12.447736    -0.038587   -0.023489   -0.011819  
      4.746886  0.873562 12.447495     0.039642    0.018010   -0.000073  
      0.000000  0.000000  3.855704            0           0           0  
     -1.586400  2.747725  3.855704            0           0           0  
      3.172800  0.000000  3.855704            0           0           0  
      1.586400  2.747725  3.855704            0           0           0  
      1.574330  2.704886 11.184273    -0.031374   -0.014053    0.000032  
     -0.029973  5.443114 11.176014     0.025683    0.014455    0.003241  
      4.746769  2.725153 11.175670    -0.004069    0.012219   -0.001349  
      3.178558  5.442730 11.176238     0.013525   -0.011079   -0.001870  
      1.557169  0.899068  1.424395            0           0           0  
     -0.000031  3.596217  1.424395            0           0           0  
      4.671569  0.899068  1.424395            0           0           0  
      3.114369  3.596217  1.424395            0           0           0  
      0.000031  1.798082  6.287164            0           0           0  
     -1.557169  4.495231  6.287164            0           0           0  
      3.114431  1.798082  6.287164            0           0           0  
      1.557231  4.495231  6.287164            0           0           0  
      0.049788  3.585454  8.788822     0.002131   -0.008494   -0.002277  
      1.573269  0.942497  8.786773    -0.007391    0.004479   -0.002012  
      3.099286  3.587001  8.786109     0.008835    0.005403    0.004366  
      4.746561  0.873192  8.807446    -0.017160   -0.007737    0.000020  
     -0.004956  1.793343 13.529837     0.012744    0.007791   -0.000674  
     -1.598331  4.536633 13.549718    -0.017477   -0.007846    0.000066  
      3.153453  1.793409 13.529557     0.005703   -0.007603    0.000238  
      1.574233  4.528663 13.529674    -0.004679    0.006187    0.000455  
      1.568337  2.722201  7.507618    -0.046649   -0.021322   -0.000358  
 
  50 f  =    4.792370 THz    30.111351 2PiTHz  159.856269 cm-1    19.819642 meV
             X         Y         Z           dx          dy          dz
      0.000032  1.831799  2.624395            0           0           0  
     -1.586368  4.579524  2.624395            0           0           0  
      3.172832  1.831799  2.624395            0           0           0  
      1.586431  4.579524  2.624395            0           0           0  
      1.586368  0.915927  5.087164            0           0           0  
     -0.000032  3.663652  5.087164            0           0           0  
      4.759169  0.915927  5.087164            0           0           0  
      3.172769  3.663652  5.087164            0           0           0  
     -0.040871  1.772020  9.936509     0.013156    0.005895   -0.023513  
     -1.598223  4.536617  9.850069     0.000020   -0.000295    0.076578  
      3.188852  1.772626  9.935351    -0.012019    0.006105   -0.018807  
      1.574425  4.570632  9.937848     0.000748   -0.015259   -0.030156  
     -0.022373  3.626861 12.447627     0.008057   -0.003869    0.011858  
      1.574113  0.861311 12.447845    -0.000694    0.011384    0.012197  
      3.170905  3.627131 12.447736    -0.009182   -0.003762    0.012037  
      4.746886  0.873562 12.447495    -0.000239    0.000182   -0.041597  
      0.000000  0.000000  3.855704            0           0           0  
     -1.586400  2.747725  3.855704            0           0           0  
      3.172800  0.000000  3.855704            0           0           0  
      1.586400  2.747725  3.855704            0           0           0  
      1.574330  2.704886 11.184273    -0.000545    0.001309   -0.003571  
     -0.029973  5.443114 11.176014     0.008377    0.002727    0.000720  
      4.746769  2.725153 11.175670     0.000801   -0.008167    0.001671  
      3.178558  5.442730 11.176238    -0.008415    0.003657    0.000167  
      1.557169  0.899068  1.424395            0           0           0  
     -0.000031  3.596217  1.424395            0           0           0  
      4.671569  0.899068  1.424395            0           0           0  
      3.114369  3.596217  1.424395            0           0           0  
      0.000031  1.798082  6.287164            0           0           0  
     -1.557169  4.495231  6.287164            0           0           0  
      3.114431  1.798082  6.287164            0           0           0  
      1.557231  4.495231  6.287164            0           0           0  
      0.049788  3.585454  8.788822    -0.001244   -0.000910   -0.002127  
      1.573269  0.942497  8.786773     0.001088   -0.001480   -0.000772  
      3.099286  3.587001  8.786109     0.002042   -0.001699   -0.001576  
      4.746561  0.873192  8.807446    -0.000008    0.000131   -0.004004  
     -0.004956  1.793343 13.529837    -0.001730   -0.000522   -0.001895  
     -1.598331  4.536633 13.549718    -0.000315    0.000851   -0.001270  
      3.153453  1.793409 13.529557     0.001431   -0.000549   -0.002068  
      1.574233  4.528663 13.529674    -0.000160    0.001997   -0.001818  
      1.568337  2.722201  7.507618     0.007082   -0.017680   -0.017414  
 
  51 f  =    4.747635 THz    29.830273 2PiTHz  158.364072 cm-1    19.634634 meV
             X         Y         Z           dx          dy          dz
      0.000032  1.831799  2.624395            0           0           0  
     -1.586368  4.579524  2.624395            0           0           0  
      3.172832  1.831799  2.624395            0           0           0  
      1.586431  4.579524  2.624395            0           0           0  
      1.586368  0.915927  5.087164            0           0           0  
     -0.000032  3.663652  5.087164            0           0           0  
      4.759169  0.915927  5.087164            0           0           0  
      3.172769  3.663652  5.087164            0           0           0  
     -0.040871  1.772020  9.936509    -0.004602    0.016018   -0.015743  
     -1.598223  4.536617  9.850069    -0.001766    0.005824    0.007424  
      3.188852  1.772626  9.935351    -0.002653    0.014898   -0.049667  
      1.574425  4.570632  9.937848    -0.004421    0.009529    0.058102  
     -0.022373  3.626861 12.447627     0.007403   -0.015905    0.000167  
      1.574113  0.861311 12.447845     0.003964   -0.016049    0.002409  
      3.170905  3.627131 12.447736     0.002978   -0.014886    0.000697  
      4.746886  0.873562 12.447495     0.000680   -0.003010   -0.004236  
      0.000000  0.000000  3.855704            0           0           0  
     -1.586400  2.747725  3.855704            0           0           0  
      3.172800  0.000000  3.855704            0           0           0  
      1.586400  2.747725  3.855704            0           0           0  
      1.574330  2.704886 11.184273     0.004843   -0.014757   -0.000559  
     -0.029973  5.443114 11.176014    -0.008986    0.015251    0.001788  
      4.746769  2.725153 11.175670    -0.005437   -0.005096   -0.008366  
      3.178558  5.442730 11.176238     0.008337    0.009309    0.006625  
      1.557169  0.899068  1.424395            0           0           0  
     -0.000031  3.596217  1.424395            0           0           0  
      4.671569  0.899068  1.424395            0           0           0  
      3.114369  3.596217  1.424395            0           0           0  
      0.000031  1.798082  6.287164            0           0           0  
     -1.557169  4.495231  6.287164            0           0           0  
      3.114431  1.798082  6.287164            0           0           0  
      1.557231  4.495231  6.287164            0           0           0  
      0.049788  3.585454  8.788822     0.003617    0.017713    0.004465  
      1.573269  0.942497  8.786773    -0.007395    0.004995   -0.004890  
      3.099286  3.587001  8.786109    -0.010834    0.021982    0.000672  
      4.746561  0.873192  8.807446    -0.000006    0.000150   -0.000496  
     -0.004956  1.793343 13.529837     0.002193   -0.006106    0.000508  
     -1.598331  4.536633 13.549718     0.003596   -0.010924   -0.000328  
      3.153453  1.793409 13.529557     0.000419   -0.005551    0.001471  
      1.574233  4.528663 13.529674     0.001927   -0.003770   -0.002772  
      1.568337  2.722201  7.507618    -0.059073    0.185409   -0.002500  
 
  52 f  =    4.619950 THz    29.028002 2PiTHz  154.104943 cm-1    19.106569 meV
             X         Y         Z           dx          dy          dz
      0.000032  1.831799  2.624395            0           0           0  
     -1.586368  4.579524  2.624395            0           0           0  
      3.172832  1.831799  2.624395            0           0           0  
      1.586431  4.579524  2.624395            0           0           0  
      1.586368  0.915927  5.087164            0           0           0  
     -0.000032  3.663652  5.087164            0           0           0  
      4.759169  0.915927  5.087164            0           0           0  
      3.172769  3.663652  5.087164            0           0           0  
     -0.040871  1.772020  9.936509    -0.011495   -0.004354    0.057500  
     -1.598223  4.536617  9.850069    -0.007344   -0.002581    0.000651  
      3.188852  1.772626  9.935351    -0.012082   -0.004138   -0.040222  
      1.574425  4.570632  9.937848    -0.011839   -0.004318   -0.017906  
     -0.022373  3.626861 12.447627     0.015082    0.005386    0.004922  
      1.574113  0.861311 12.447845     0.015803    0.004815    0.001817  
      3.170905  3.627131 12.447736     0.014141    0.004846   -0.005881  
      4.746886  0.873562 12.447495     0.003767    0.001735   -0.000594  
      0.000000  0.000000  3.855704            0           0           0  
     -1.586400  2.747725  3.855704            0           0           0  
      3.172800  0.000000  3.855704            0           0           0  
      1.586400  2.747725  3.855704            0           0           0  
      1.574330  2.704886 11.184273     0.011203    0.003475    0.000021  
     -0.029973  5.443114 11.176014     0.002687    0.004841   -0.008403  
      4.746769  2.725153 11.175670    -0.013598    0.001533    0.002580  
      3.178558  5.442730 11.176238    -0.002479   -0.010854    0.005915  
      1.557169  0.899068  1.424395            0           0           0  
     -0.000031  3.596217  1.424395            0           0           0  
      4.671569  0.899068  1.424395            0           0           0  
      3.114369  3.596217  1.424395            0           0           0  
      0.000031  1.798082  6.287164            0           0           0  
     -1.557169  4.495231  6.287164            0           0           0  
      3.114431  1.798082  6.287164            0           0           0  
      1.557231  4.495231  6.287164            0           0           0  
      0.049788  3.585454  8.788822    -0.012802   -0.013816    0.004038  
      1.573269  0.942497  8.786773    -0.023164   -0.001233    0.001135  
      3.099286  3.587001  8.786109    -0.006996    0.001690   -0.005012  
      4.746561  0.873192  8.807446    -0.000364   -0.000240    0.000019  
     -0.004956  1.793343 13.529837     0.005067    0.001378   -0.001274  
     -1.598331  4.536633 13.549718     0.009992    0.003124    0.000016  
      3.153453  1.793409 13.529557     0.005356    0.002536    0.000799  
      1.574233  4.528663 13.529674     0.005879    0.001758    0.000683  
      1.568337  2.722201  7.507618    -0.217528   -0.069365   -0.001830  
 
  53 f  =    4.489374 THz    28.207570 2PiTHz  149.749405 cm-1    18.566552 meV
             X         Y         Z           dx          dy          dz
      0.000032  1.831799  2.624395            0           0           0  
     -1.586368  4.579524  2.624395            0           0           0  
      3.172832  1.831799  2.624395            0           0           0  
      1.586431  4.579524  2.624395            0           0           0  
      1.586368  0.915927  5.087164            0           0           0  
     -0.000032  3.663652  5.087164            0           0           0  
      4.759169  0.915927  5.087164            0           0           0  
      3.172769  3.663652  5.087164            0           0           0  
     -0.040871  1.772020  9.936509    -0.005038   -0.008295   -0.000009  
     -1.598223  4.536617  9.850069    -0.002061    0.000297    0.000769  
      3.188852  1.772626  9.935351    -0.010975    0.006784    0.002332  
      1.574425  4.570632  9.937848     0.004778    0.004141   -0.002963  
     -0.022373  3.626861 12.447627     0.003275   -0.003295   -0.078263  
      1.574113  0.861311 12.447845    -0.012405   -0.001702    0.028720  
      3.170905  3.627131 12.447736    -0.002197    0.011780    0.047731  
      4.746886  0.873562 12.447495     0.024928   -0.009601    0.001713  
      0.000000  0.000000  3.855704            0           0           0  
     -1.586400  2.747725  3.855704            0           0           0  
      3.172800  0.000000  3.855704            0           0           0  
      1.586400  2.747725  3.855704            0           0           0  
      1.574330  2.704886 11.184273     0.014353   -0.005340   -0.000183  
     -0.029973  5.443114 11.176014    -0.001787    0.019961   -0.004656  
      4.746769  2.725153 11.175670    -0.021947   -0.005020   -0.002301  
      3.178558  5.442730 11.176238     0.007995   -0.009101    0.007138  
      1.557169  0.899068  1.424395            0           0           0  
     -0.000031  3.596217  1.424395            0           0           0  
      4.671569  0.899068  1.424395            0           0           0  
      3.114369  3.596217  1.424395            0           0           0  
      0.000031  1.798082  6.287164            0           0           0  
     -1.557169  4.495231  6.287164            0           0           0  
      3.114431  1.798082  6.287164            0           0           0  
      1.557231  4.495231  6.287164            0           0           0  
      0.049788  3.585454  8.788822     0.000107   -0.001758    0.004518  
      1.573269  0.942497  8.786773    -0.002885   -0.000460   -0.001523  
      3.099286  3.587001  8.786109    -0.000538    0.001502   -0.002920  
      4.746561  0.873192  8.807446    -0.007493    0.002843   -0.000070  
     -0.004956  1.793343 13.529837     0.001681    0.004619   -0.002104  
     -1.598331  4.536633 13.549718     0.007543   -0.002526   -0.000033  
      3.153453  1.793409 13.529557     0.004610   -0.002919    0.003205  
      1.574233  4.528663 13.529674    -0.003467   -0.001853   -0.001174  
      1.568337  2.722201  7.507618    -0.027969    0.000481   -0.000356  
 
  54 f  =    4.482798 THz    28.166253 2PiTHz  149.530058 cm-1    18.539356 meV
             X         Y         Z           dx          dy          dz
      0.000032  1.831799  2.624395            0           0           0  
     -1.586368  4.579524  2.624395            0           0           0  
      3.172832  1.831799  2.624395            0           0           0  
      1.586431  4.579524  2.624395            0           0           0  
      1.586368  0.915927  5.087164            0           0           0  
     -0.000032  3.663652  5.087164            0           0           0  
      4.759169  0.915927  5.087164            0           0           0  
      3.172769  3.663652  5.087164            0           0           0  
     -0.040871  1.772020  9.936509     0.010877    0.001242    0.001107  
     -1.598223  4.536617  9.850069     0.001052    0.001425    0.000656  
      3.188852  1.772626  9.935351    -0.003747   -0.004149    0.002042  
      1.574425  4.570632  9.937848    -0.002218    0.011063   -0.003677  
     -0.022373  3.626861 12.447627     0.006867    0.012493   -0.011924  
      1.574113  0.861311 12.447845     0.004838   -0.004236    0.072414  
      3.170905  3.627131 12.447736    -0.007789    0.006573   -0.062291  
      4.746886  0.873562 12.447495    -0.010102   -0.024324    0.001599  
      0.000000  0.000000  3.855704            0           0           0  
     -1.586400  2.747725  3.855704            0           0           0  
      3.172800  0.000000  3.855704            0           0           0  
      1.586400  2.747725  3.855704            0           0           0  
      1.574330  2.704886 11.184273    -0.005997   -0.014056   -0.000185  
     -0.029973  5.443114 11.176014    -0.014970    0.007779    0.005795  
      4.746769  2.725153 11.175670     0.009227   -0.011809   -0.006353  
      3.178558  5.442730 11.176238     0.012320    0.019514    0.000768  
      1.557169  0.899068  1.424395            0           0           0  
     -0.000031  3.596217  1.424395            0           0           0  
      4.671569  0.899068  1.424395            0           0           0  
      3.114369  3.596217  1.424395            0           0           0  
      0.000031  1.798082  6.287164            0           0           0  
     -1.557169  4.495231  6.287164            0           0           0  
      3.114431  1.798082  6.287164            0           0           0  
      1.557231  4.495231  6.287164            0           0           0  
      0.049788  3.585454  8.788822     0.001440    0.001586    0.000502  
      1.573269  0.942497  8.786773     0.001812   -0.001116   -0.004183  
      3.099286  3.587001  8.786109    -0.001051    0.000295    0.003760  
      4.746561  0.873192  8.807446     0.003024    0.007142   -0.000090  
     -0.004956  1.793343 13.529837    -0.005090    0.000265    0.002370  
     -1.598331  4.536633 13.549718    -0.003203   -0.006810   -0.000073  
      3.153453  1.793409 13.529557     0.002420    0.003368    0.000341  
      1.574233  4.528663 13.529674     0.001273   -0.004834   -0.002832  
      1.568337  2.722201  7.507618     0.016070    0.016181   -0.000010  
 
  55 f  =    4.343763 THz    27.292671 2PiTHz  144.892354 cm-1    17.964354 meV
             X         Y         Z           dx          dy          dz
      0.000032  1.831799  2.624395            0           0           0  
     -1.586368  4.579524  2.624395            0           0           0  
      3.172832  1.831799  2.624395            0           0           0  
      1.586431  4.579524  2.624395            0           0           0  
      1.586368  0.915927  5.087164            0           0           0  
     -0.000032  3.663652  5.087164            0           0           0  
      4.759169  0.915927  5.087164            0           0           0  
      3.172769  3.663652  5.087164            0           0           0  
     -0.040871  1.772020  9.936509    -0.006326   -0.003655    0.012333  
     -1.598223  4.536617  9.850069    -0.000027    0.000096   -0.040667  
      3.188852  1.772626  9.935351     0.005655   -0.003424    0.012939  
      1.574425  4.570632  9.937848    -0.000105    0.008066    0.012063  
     -0.022373  3.626861 12.447627     0.013501   -0.007592    0.024299  
      1.574113  0.861311 12.447845    -0.000061    0.014819    0.028197  
      3.170905  3.627131 12.447736    -0.013211   -0.007296    0.026004  
      4.746886  0.873562 12.447495     0.000517   -0.000990   -0.073450  
      0.000000  0.000000  3.855704            0           0           0  
     -1.586400  2.747725  3.855704            0           0           0  
      3.172800  0.000000  3.855704            0           0           0  
      1.586400  2.747725  3.855704            0           0           0  
      1.574330  2.704886 11.184273     0.000084   -0.000237    0.007688  
     -0.029973  5.443114 11.176014    -0.028355   -0.015660   -0.003163  
      4.746769  2.725153 11.175670    -0.000269    0.031899   -0.003361  
      3.178558  5.442730 11.176238     0.028480   -0.016011   -0.003131  
      1.557169  0.899068  1.424395            0           0           0  
     -0.000031  3.596217  1.424395            0           0           0  
      4.671569  0.899068  1.424395            0           0           0  
      3.114369  3.596217  1.424395            0           0           0  
      0.000031  1.798082  6.287164            0           0           0  
     -1.557169  4.495231  6.287164            0           0           0  
      3.114431  1.798082  6.287164            0           0           0  
      1.557231  4.495231  6.287164            0           0           0  
      0.049788  3.585454  8.788822    -0.003695    0.002265    0.001284  
      1.573269  0.942497  8.786773    -0.000056   -0.004195    0.000979  
      3.099286  3.587001  8.786109     0.003645    0.002289    0.001210  
      4.746561  0.873192  8.807446    -0.000274    0.000502   -0.000258  
     -0.004956  1.793343 13.529837    -0.000822   -0.000453    0.000505  
     -1.598331  4.536633 13.549718     0.000106   -0.000293    0.004367  
      3.153453  1.793409 13.529557     0.001025   -0.000555    0.000523  
      1.574233  4.528663 13.529674     0.000000    0.000704    0.000556  
      1.568337  2.722201  7.507618     0.000962    0.000598    0.010296  
 
  56 f  =    4.037768 THz    25.370045 2PiTHz  134.685443 cm-1    16.698859 meV
             X         Y         Z           dx          dy          dz
      0.000032  1.831799  2.624395            0           0           0  
     -1.586368  4.579524  2.624395            0           0           0  
      3.172832  1.831799  2.624395            0           0           0  
      1.586431  4.579524  2.624395            0           0           0  
      1.586368  0.915927  5.087164            0           0           0  
     -0.000032  3.663652  5.087164            0           0           0  
      4.759169  0.915927  5.087164            0           0           0  
      3.172769  3.663652  5.087164            0           0           0  
     -0.040871  1.772020  9.936509     0.040851    0.018859    0.031605  
     -1.598223  4.536617  9.850069     0.026665    0.007729   -0.000196  
      3.188852  1.772626  9.935351     0.033481   -0.005714   -0.022118  
      1.574425  4.570632  9.937848     0.016158    0.013021   -0.009353  
     -0.022373  3.626861 12.447627    -0.035997    0.001523   -0.006797  
      1.574113  0.861311 12.447845    -0.022848   -0.013030   -0.002299  
      3.170905  3.627131 12.447736    -0.041811   -0.017570    0.009339  
      4.746886  0.873562 12.447495    -0.014713   -0.004313   -0.000228  
      0.000000  0.000000  3.855704            0           0           0  
     -1.586400  2.747725  3.855704            0           0           0  
      3.172800  0.000000  3.855704            0           0           0  
      1.586400  2.747725  3.855704            0           0           0  
      1.574330  2.704886 11.184273     0.008537    0.002523    0.000034  
     -0.029973  5.443114 11.176014     0.003043    0.005195   -0.003811  
      4.746769  2.725153 11.175670    -0.012094    0.001629    0.001033  
      3.178558  5.442730 11.176238    -0.001222   -0.009918    0.002677  
      1.557169  0.899068  1.424395            0           0           0  
     -0.000031  3.596217  1.424395            0           0           0  
      4.671569  0.899068  1.424395            0           0           0  
      3.114369  3.596217  1.424395            0           0           0  
      0.000031  1.798082  6.287164            0           0           0  
     -1.557169  4.495231  6.287164            0           0           0  
      3.114431  1.798082  6.287164            0           0           0  
      1.557231  4.495231  6.287164            0           0           0  
      0.049788  3.585454  8.788822     0.009852    0.004427   -0.001969  
      1.573269  0.942497  8.786773     0.011664    0.002639   -0.000945  
      3.099286  3.587001  8.786109     0.009432    0.001807    0.002908  
      4.746561  0.873192  8.807446     0.028361    0.008501   -0.000043  
     -0.004956  1.793343 13.529837    -0.008603   -0.000331   -0.003815  
     -1.598331  4.536633 13.549718    -0.021978   -0.006534    0.000095  
      3.153453  1.793409 13.529557    -0.010682   -0.007609    0.002593  
      1.574233  4.528663 13.529674    -0.015649   -0.002184    0.001155  
      1.568337  2.722201  7.507618    -0.023114   -0.008181   -0.000142  
 
  57 f  =    4.034864 THz    25.351797 2PiTHz  134.588570 cm-1    16.686848 meV
             X         Y         Z           dx          dy          dz
      0.000032  1.831799  2.624395            0           0           0  
     -1.586368  4.579524  2.624395            0           0           0  
      3.172832  1.831799  2.624395            0           0           0  
      1.586431  4.579524  2.624395            0           0           0  
      1.586368  0.915927  5.087164            0           0           0  
     -0.000032  3.663652  5.087164            0           0           0  
      4.759169  0.915927  5.087164            0           0           0  
      3.172769  3.663652  5.087164            0           0           0  
     -0.040871  1.772020  9.936509     0.001421    0.019480    0.007899  
     -1.598223  4.536617  9.850069    -0.007943    0.026687   -0.000038  
      3.188852  1.772626  9.935351    -0.023472    0.026392    0.022632  
      1.574425  4.570632  9.937848    -0.004808    0.044693   -0.030325  
     -0.022373  3.626861 12.447627     0.021113   -0.030535    0.006476  
      1.574113  0.861311 12.447845     0.006804   -0.045097   -0.008781  
      3.170905  3.627131 12.447736     0.002093   -0.025326    0.001481  
      4.746886  0.873562 12.447495     0.004410   -0.014996    0.000783  
      0.000000  0.000000  3.855704            0           0           0  
     -1.586400  2.747725  3.855704            0           0           0  
      3.172800  0.000000  3.855704            0           0           0  
      1.586400  2.747725  3.855704            0           0           0  
      1.574330  2.704886 11.184273    -0.002380    0.008239   -0.000046  
     -0.029973  5.443114 11.176014     0.007159   -0.009626   -0.000794  
      4.746769  2.725153 11.175670     0.003419    0.004875    0.003567  
      3.178558  5.442730 11.176238    -0.007695   -0.005400   -0.002599  
      1.557169  0.899068  1.424395            0           0           0  
     -0.000031  3.596217  1.424395            0           0           0  
      4.671569  0.899068  1.424395            0           0           0  
      3.114369  3.596217  1.424395            0           0           0  
      0.000031  1.798082  6.287164            0           0           0  
     -1.557169  4.495231  6.287164            0           0           0  
      3.114431  1.798082  6.287164            0           0           0  
      1.557231  4.495231  6.287164            0           0           0  
      0.049788  3.585454  8.788822    -0.001472    0.010726    0.002278  
      1.573269  0.942497  8.786773    -0.003786    0.009258   -0.003124  
      3.099286  3.587001  8.786109    -0.004248    0.011586    0.000866  
      4.746561  0.873192  8.807446    -0.008149    0.028544   -0.000072  
     -0.004956  1.793343 13.529837     0.006390   -0.014747   -0.001054  
     -1.598331  4.536633 13.549718     0.006448   -0.022321    0.000079  
      3.153453  1.793409 13.529557    -0.000656   -0.012763   -0.002877  
      1.574233  4.528663 13.529674     0.004713   -0.007606    0.003875  
      1.568337  2.722201  7.507618     0.003571   -0.018676    0.000257  
 
  58 f  =    3.728169 THz    23.424778 2PiTHz  124.358339 cm-1    15.418462 meV
             X         Y         Z           dx          dy          dz
      0.000032  1.831799  2.624395            0           0           0  
     -1.586368  4.579524  2.624395            0           0           0  
      3.172832  1.831799  2.624395            0           0           0  
      1.586431  4.579524  2.624395            0           0           0  
      1.586368  0.915927  5.087164            0           0           0  
     -0.000032  3.663652  5.087164            0           0           0  
      4.759169  0.915927  5.087164            0           0           0  
      3.172769  3.663652  5.087164            0           0           0  
     -0.040871  1.772020  9.936509     0.019669   -0.034066   -0.000184  
     -1.598223  4.536617  9.850069    -0.000582    0.001516    0.000017  
      3.188852  1.772626  9.935351     0.021037    0.035179    0.000064  
      1.574425  4.570632  9.937848    -0.040064   -0.000644    0.000098  
     -0.022373  3.626861 12.447627    -0.022644   -0.037826    0.000161  
      1.574113  0.861311 12.447845     0.043310    0.000652   -0.000377  
      3.170905  3.627131 12.447736    -0.021213    0.036638    0.000231  
      4.746886  0.873562 12.447495     0.000453   -0.001351   -0.000013  
      0.000000  0.000000  3.855704            0           0           0  
     -1.586400  2.747725  3.855704            0           0           0  
      3.172800  0.000000  3.855704            0           0           0  
      1.586400  2.747725  3.855704            0           0           0  
      1.574330  2.704886 11.184273    -0.000041    0.000074   -0.000000  
     -0.029973  5.443114 11.176014    -0.000650    0.001142   -0.000026  
      4.746769  2.725153 11.175670     0.001400    0.000038    0.000057  
      3.178558  5.442730 11.176238    -0.000741   -0.001217   -0.000033  
      1.557169  0.899068  1.424395            0           0           0  
     -0.000031  3.596217  1.424395            0           0           0  
      4.671569  0.899068  1.424395            0           0           0  
      3.114369  3.596217  1.424395            0           0           0  
      0.000031  1.798082  6.287164            0           0           0  
     -1.557169  4.495231  6.287164            0           0           0  
      3.114431  1.798082  6.287164            0           0           0  
      1.557231  4.495231  6.287164            0           0           0  
      0.049788  3.585454  8.788822    -0.010150   -0.016699    0.000082  
      1.573269  0.942497  8.786773     0.019779    0.000630    0.000099  
      3.099286  3.587001  8.786109    -0.009614    0.017008   -0.000195  
      4.746561  0.873192  8.807446     0.000224   -0.000474    0.000002  
     -0.004956  1.793343 13.529837     0.010075   -0.017787    0.000111  
     -1.598331  4.536633 13.549718    -0.000231    0.000454   -0.000001  
      3.153453  1.793409 13.529557     0.010551    0.017339    0.000001  
      1.574233  4.528663 13.529674    -0.020545   -0.000641   -0.000116  
      1.568337  2.722201  7.507618     0.000363   -0.000454    0.000005  
 
  59 f  =    3.534396 THz    22.207267 2PiTHz  117.894771 cm-1    14.617082 meV
             X         Y         Z           dx          dy          dz
      0.000032  1.831799  2.624395            0           0           0  
     -1.586368  4.579524  2.624395            0           0           0  
      3.172832  1.831799  2.624395            0           0           0  
      1.586431  4.579524  2.624395            0           0           0  
      1.586368  0.915927  5.087164            0           0           0  
     -0.000032  3.663652  5.087164            0           0           0  
      4.759169  0.915927  5.087164            0           0           0  
      3.172769  3.663652  5.087164            0           0           0  
     -0.040871  1.772020  9.936509    -0.019046    0.011119    0.000254  
     -1.598223  4.536617  9.850069    -0.007911    0.062203   -0.000047  
      3.188852  1.772626  9.935351     0.022031    0.003514   -0.000239  
      1.574425  4.570632  9.937848    -0.001557   -0.028220    0.000279  
     -0.022373  3.626861 12.447627    -0.022401   -0.006972    0.000192  
      1.574113  0.861311 12.447845     0.002165    0.025794   -0.000465  
      3.170905  3.627131 12.447736     0.020042   -0.014812    0.000209  
      4.746886  0.873562 12.447495     0.006829   -0.052603    0.000052  
      0.000000  0.000000  3.855704            0           0           0  
     -1.586400  2.747725  3.855704            0           0           0  
      3.172800  0.000000  3.855704            0           0           0  
      1.586400  2.747725  3.855704            0           0           0  
      1.574330  2.704886 11.184273     0.000144   -0.000405    0.000053  
     -0.029973  5.443114 11.176014     0.000668   -0.000494    0.000321  
      4.746769  2.725153 11.175670    -0.000140    0.000909   -0.000817  
      3.178558  5.442730 11.176238    -0.000610   -0.000357    0.000510  
      1.557169  0.899068  1.424395            0           0           0  
     -0.000031  3.596217  1.424395            0           0           0  
      4.671569  0.899068  1.424395            0           0           0  
      3.114369  3.596217  1.424395            0           0           0  
      0.000031  1.798082  6.287164            0           0           0  
     -1.557169  4.495231  6.287164            0           0           0  
      3.114431  1.798082  6.287164            0           0           0  
      1.557231  4.495231  6.287164            0           0           0  
      0.049788  3.585454  8.788822    -0.014960    0.002787    0.004411  
      1.573269  0.942497  8.786773     0.000042    0.024328   -0.007864  
      3.099286  3.587001  8.786109     0.011564   -0.001475    0.003259  
      4.746561  0.873192  8.807446     0.002800   -0.019658    0.000019  
     -0.004956  1.793343 13.529837    -0.010010   -0.000622   -0.001484  
     -1.598331  4.536633 13.549718    -0.002294    0.016890    0.000003  
      3.153453  1.793409 13.529557     0.013607   -0.004695   -0.001790  
      1.574233  4.528663 13.529674     0.000042   -0.022914    0.003372  
      1.568337  2.722201  7.507618     0.000965   -0.025360    0.000333  
 
  60 f  =    3.530922 THz    22.185438 2PiTHz  117.778882 cm-1    14.602714 meV
             X         Y         Z           dx          dy          dz
      0.000032  1.831799  2.624395            0           0           0  
     -1.586368  4.579524  2.624395            0           0           0  
      3.172832  1.831799  2.624395            0           0           0  
      1.586431  4.579524  2.624395            0           0           0  
      1.586368  0.915927  5.087164            0           0           0  
     -0.000032  3.663652  5.087164            0           0           0  
      4.759169  0.915927  5.087164            0           0           0  
      3.172769  3.663652  5.087164            0           0           0  
     -0.040871  1.772020  9.936509    -0.019058   -0.020243    0.000078  
     -1.598223  4.536617  9.850069     0.061957    0.008312   -0.000102  
      3.188852  1.772626  9.935351    -0.013766    0.021834    0.000112  
      1.574425  4.570632  9.937848     0.019271   -0.003636   -0.000215  
     -0.022373  3.626861 12.447627     0.011104   -0.022848   -0.000337  
      1.574113  0.861311 12.447845    -0.023009    0.003286   -0.000144  
      3.170905  3.627131 12.447736     0.016378    0.020325    0.000500  
      4.746886  0.873562 12.447495    -0.052150   -0.006855    0.000012  
      0.000000  0.000000  3.855704            0           0           0  
     -1.586400  2.747725  3.855704            0           0           0  
      3.172800  0.000000  3.855704            0           0           0  
      1.586400  2.747725  3.855704            0           0           0  
      1.574330  2.704886 11.184273    -0.000358    0.000029    0.000015  
     -0.029973  5.443114 11.176014     0.000748    0.000619    0.000667  
      4.746769  2.725153 11.175670    -0.000704    0.000200   -0.000111  
      3.178558  5.442730 11.176238     0.000328   -0.000865   -0.000571  
      1.557169  0.899068  1.424395            0           0           0  
     -0.000031  3.596217  1.424395            0           0           0  
      4.671569  0.899068  1.424395            0           0           0  
      3.114369  3.596217  1.424395            0           0           0  
      0.000031  1.798082  6.287164            0           0           0  
     -1.557169  4.495231  6.287164            0           0           0  
      3.114431  1.798082  6.287164            0           0           0  
      1.557231  4.495231  6.287164            0           0           0  
      0.049788  3.585454  8.788822     0.014000   -0.013365   -0.005616  
      1.573269  0.942497  8.786773    -0.006932    0.003309   -0.001274  
      3.099286  3.587001  8.786109     0.017822    0.013355    0.007005  
      4.746561  0.873192  8.807446    -0.020112   -0.002382   -0.000047  
     -0.004956  1.793343 13.529837    -0.017464   -0.012154   -0.002928  
     -1.598331  4.536633 13.549718     0.017352    0.002139    0.000033  
      3.153453  1.793409 13.529557    -0.014458    0.011505    0.002248  
      1.574233  4.528663 13.529674     0.004243   -0.003059    0.000622  
      1.568337  2.722201  7.507618    -0.027010   -0.005461   -0.000175  
 
  61 f  =    0.872377 THz     5.481306 2PiTHz   29.099365 cm-1     3.607860 meV
             X         Y         Z           dx          dy          dz
      0.000032  1.831799  2.624395            0           0           0  
     -1.586368  4.579524  2.624395            0           0           0  
      3.172832  1.831799  2.624395            0           0           0  
      1.586431  4.579524  2.624395            0           0           0  
      1.586368  0.915927  5.087164            0           0           0  
     -0.000032  3.663652  5.087164            0           0           0  
      4.759169  0.915927  5.087164            0           0           0  
      3.172769  3.663652  5.087164            0           0           0  
     -0.040871  1.772020  9.936509    -0.000865   -0.000299   -0.032346  
     -1.598223  4.536617  9.850069    -0.000174    0.000113   -0.034222  
      3.188852  1.772626  9.935351     0.000559   -0.000289   -0.032370  
      1.574425  4.570632  9.937848    -0.000145    0.000884   -0.032460  
     -0.022373  3.626861 12.447627    -0.000133    0.000125   -0.033472  
      1.574113  0.861311 12.447845    -0.000114    0.000110   -0.033469  
      3.170905  3.627131 12.447736    -0.000120    0.000101   -0.033462  
      4.746886  0.873562 12.447495    -0.000097    0.000071   -0.033711  
      0.000000  0.000000  3.855704            0           0           0  
     -1.586400  2.747725  3.855704            0           0           0  
      3.172800  0.000000  3.855704            0           0           0  
      1.586400  2.747725  3.855704            0           0           0  
      1.574330  2.704886 11.184273    -0.000135    0.000114   -0.033136  
     -0.029973  5.443114 11.176014    -0.000569   -0.000157   -0.033167  
      4.746769  2.725153 11.175670    -0.000146    0.000620   -0.033121  
      3.178558  5.442730 11.176238     0.000305   -0.000176   -0.033148  
      1.557169  0.899068  1.424395            0           0           0  
     -0.000031  3.596217  1.424395            0           0           0  
      4.671569  0.899068  1.424395            0           0           0  
      3.114369  3.596217  1.424395            0           0           0  
      0.000031  1.798082  6.287164            0           0           0  
     -1.557169  4.495231  6.287164            0           0           0  
      3.114431  1.798082  6.287164            0           0           0  
      1.557231  4.495231  6.287164            0           0           0  
      0.049788  3.585454  8.788822    -0.000299    0.000110   -0.030575  
      1.573269  0.942497  8.786773    -0.000183   -0.000024   -0.030877  
      3.099286  3.587001  8.786109     0.000037    0.000163   -0.030776  
      4.746561  0.873192  8.807446    -0.000137    0.000093   -0.032486  
     -0.004956  1.793343 13.529837    -0.000088    0.000148   -0.033562  
     -1.598331  4.536633 13.549718    -0.000096    0.000145   -0.033471  
      3.153453  1.793409 13.529557    -0.000185    0.000128   -0.033593  
      1.574233  4.528663 13.529674    -0.000154    0.000037   -0.033554  
      1.568337  2.722201  7.507618     0.000031   -0.001384   -0.015565  
 
  62 f  =    0.515604 THz     3.239635 2PiTHz   17.198695 cm-1     2.132365 meV
             X         Y         Z           dx          dy          dz
      0.000032  1.831799  2.624395            0           0           0  
     -1.586368  4.579524  2.624395            0           0           0  
      3.172832  1.831799  2.624395            0           0           0  
      1.586431  4.579524  2.624395            0           0           0  
      1.586368  0.915927  5.087164            0           0           0  
     -0.000032  3.663652  5.087164            0           0           0  
      4.759169  0.915927  5.087164            0           0           0  
      3.172769  3.663652  5.087164            0           0           0  
     -0.040871  1.772020  9.936509     0.029353    0.013450    0.001290  
     -1.598223  4.536617  9.850069     0.029896    0.013830   -0.000095  
      3.188852  1.772626  9.935351     0.029809    0.014350   -0.000807  
      1.574425  4.570632  9.937848     0.030356    0.013527   -0.000697  
     -0.022373  3.626861 12.447627     0.030402    0.013950   -0.000135  
      1.574113  0.861311 12.447845     0.030298    0.014079   -0.000136  
      3.170905  3.627131 12.447736     0.030429    0.014081   -0.000004  
      4.746886  0.873562 12.447495     0.030168    0.013936   -0.000079  
      0.000000  0.000000  3.855704            0           0           0  
     -1.586400  2.747725  3.855704            0           0           0  
      3.172800  0.000000  3.855704            0           0           0  
      1.586400  2.747725  3.855704            0           0           0  
      1.574330  2.704886 11.184273     0.030208    0.013968   -0.000084  
     -0.029973  5.443114 11.176014     0.030301    0.014046   -0.000472  
      4.746769  2.725153 11.175670     0.029702    0.014018    0.000094  
      3.178558  5.442730 11.176238     0.030014    0.013513    0.000134  
      1.557169  0.899068  1.424395            0           0           0  
     -0.000031  3.596217  1.424395            0           0           0  
      4.671569  0.899068  1.424395            0           0           0  
      3.114369  3.596217  1.424395            0           0           0  
      0.000031  1.798082  6.287164            0           0           0  
     -1.557169  4.495231  6.287164            0           0           0  
      3.114431  1.798082  6.287164            0           0           0  
      1.557231  4.495231  6.287164            0           0           0  
      0.049788  3.585454  8.788822     0.028991    0.012856    0.000023  
      1.573269  0.942497  8.786773     0.028486    0.013694   -0.000010  
      3.099286  3.587001  8.786109     0.029395    0.013652   -0.000221  
      4.746561  0.873192  8.807446     0.029330    0.013551   -0.000088  
     -0.004956  1.793343 13.529837     0.030248    0.013966   -0.000071  
     -1.598331  4.536633 13.549718     0.030543    0.014111   -0.000139  
      3.153453  1.793409 13.529557     0.030188    0.013981   -0.000081  
      1.574233  4.528663 13.529674     0.030230    0.013946   -0.000066  
      1.568337  2.722201  7.507618     0.013456    0.005344    0.000113  
 
  63 f  =    0.498159 THz     3.130027 2PiTHz   16.616805 cm-1     2.060220 meV
             X         Y         Z           dx          dy          dz
      0.000032  1.831799  2.624395            0           0           0  
     -1.586368  4.579524  2.624395            0           0           0  
      3.172832  1.831799  2.624395            0           0           0  
      1.586431  4.579524  2.624395            0           0           0  
      1.586368  0.915927  5.087164            0           0           0  
     -0.000032  3.663652  5.087164            0           0           0  
      4.759169  0.915927  5.087164            0           0           0  
      3.172769  3.663652  5.087164            0           0           0  
     -0.040871  1.772020  9.936509     0.014183   -0.030350   -0.000341  
     -1.598223  4.536617  9.850069     0.013824   -0.029991   -0.000190  
      3.188852  1.772626  9.935351     0.013173   -0.029910   -0.001324  
      1.574425  4.570632  9.937848     0.014036   -0.029258    0.001246  
     -0.022373  3.626861 12.447627     0.014134   -0.030388   -0.000181  
      1.574113  0.861311 12.447845     0.013994   -0.030477   -0.000079  
      3.170905  3.627131 12.447736     0.013952   -0.030274   -0.000157  
      4.746886  0.873562 12.447495     0.013905   -0.030087   -0.000149  
      0.000000  0.000000  3.855704            0           0           0  
     -1.586400  2.747725  3.855704            0           0           0  
      3.172800  0.000000  3.855704            0           0           0  
      1.586400  2.747725  3.855704            0           0           0  
      1.574330  2.704886 11.184273     0.013958   -0.030245   -0.000146  
     -0.029973  5.443114 11.176014     0.013629   -0.029734   -0.000094  
      4.746769  2.725153 11.175670     0.013729   -0.030322   -0.000531  
      3.178558  5.442730 11.176238     0.014227   -0.029953    0.000186  
      1.557169  0.899068  1.424395            0           0           0  
     -0.000031  3.596217  1.424395            0           0           0  
      4.671569  0.899068  1.424395            0           0           0  
      3.114369  3.596217  1.424395            0           0           0  
      0.000031  1.798082  6.287164            0           0           0  
     -1.557169  4.495231  6.287164            0           0           0  
      3.114431  1.798082  6.287164            0           0           0  
      1.557231  4.495231  6.287164            0           0           0  
      0.049788  3.585454  8.788822     0.014031   -0.028960   -0.000077  
      1.573269  0.942497  8.786773     0.013192   -0.029785   -0.000135  
      3.099286  3.587001  8.786109     0.013008   -0.028526   -0.000122  
      4.746561  0.873192  8.807446     0.013526   -0.029277   -0.000142  
     -0.004956  1.793343 13.529837     0.013992   -0.030252   -0.000138  
     -1.598331  4.536633 13.549718     0.014081   -0.030501   -0.000144  
      3.153453  1.793409 13.529557     0.013907   -0.030184   -0.000154  
      1.574233  4.528663 13.529674     0.013948   -0.030152   -0.000130  
      1.568337  2.722201  7.507618     0.005922   -0.010767   -0.000416  
 
