 Eigenvectors and eigenvalues of the dynamical matrix
 ----------------------------------------------------
 
 
   1 f  =   21.565383 THz   135.499297 2PiTHz  719.343746 cm-1    89.187218 meV
             X         Y         Z           dx          dy          dz
      0.000031  1.786073  4.861250            0           0           0  
     -1.546769  4.465209  4.861250            0           0           0  
      3.093631  1.786073  4.861250            0           0           0  
      1.546831  4.465209  4.861250            0           0           0  
      0.000000  0.000000  7.269000            0           0           0  
     -1.546800  2.679136  7.269000            0           0           0  
      3.093600  0.000000  7.269000            0           0           0  
      1.546800  2.679136  7.269000            0           0           0  
      1.546769  0.893063  9.676500            0           0           0  
     -0.000031  3.572200  9.676500            0           0           0  
      4.640369  0.893063  9.676500            0           0           0  
      3.093569  3.572200  9.676500            0           0           0  
      1.546799  0.893046 14.581451     0.000001   -0.000001    0.009466  
      0.000227  3.572314 14.581810     0.000524    0.000304    0.009962  
      4.640399  0.892783 14.581810    -0.000001   -0.000606    0.009963  
      3.093371  3.572314 14.581810    -0.000518    0.000302    0.009962  
      3.093381  5.358150 17.164964    -0.000428   -0.000249    0.002587  
      4.640396  2.679138 17.148229     0.000000    0.000003    0.004233  
      0.000212  5.358150 17.164963     0.000425   -0.000249    0.002584  
      1.546796  2.679387 17.164964     0.000000    0.000494    0.002587  
     -0.019279  1.797222 19.698053    -0.000505    0.000293   -0.013801  
     -1.546806  4.442973 19.698049    -0.000001   -0.000584   -0.013804  
      3.112869  1.797223 19.698049     0.000505    0.000294   -0.013802  
      1.546794  4.465230 19.781382     0.000000   -0.000001   -0.011204  
      1.546769  0.893063  5.959750            0           0           0  
     -0.000031  3.572200  5.959750            0           0           0  
      4.640369  0.893063  5.959750            0           0           0  
      3.093569  3.572200  5.959750            0           0           0  
      0.000031  1.786073  8.578000            0           0           0  
     -1.546769  4.465209  8.578000            0           0           0  
      3.093631  1.786073  8.578000            0           0           0  
      1.546831  4.465209  8.578000            0           0           0  
     -0.004200  1.788516 15.917002    -0.014470    0.008342   -0.096842  
     -1.546802  4.460381 15.917002     0.000001   -0.016693   -0.096793  
      3.097796  1.788515 15.917002     0.014469    0.008340   -0.096838  
      1.546798  4.465228 15.913116    -0.000002    0.000024   -0.112841  
      1.546795  0.893048 18.434530     0.000001   -0.000038    0.098296  
      0.017353  3.582205 18.469529    -0.030319   -0.017459    0.087847  
      4.640396  0.873006 18.469529    -0.000001    0.034960    0.087827  
      3.076238  3.582206 18.469528     0.030319   -0.017462    0.087848  
      0.000000  0.000000  3.611250            0           0           0  
     -1.546800  2.679136  3.611250            0           0           0  
      3.093600  0.000000  3.611250            0           0           0  
      1.546800  2.679136  3.611250            0           0           0  
      0.000000  0.000000 10.926500            0           0           0  
     -1.546800  2.679136 10.926500            0           0           0  
      3.093600  0.000000 10.926500            0           0           0  
      1.546800  2.679136 10.926500            0           0           0  
      0.003370  0.001946 13.697370    -0.003615   -0.002080    0.007282  
      4.640399  2.679137 13.693483     0.000000   -0.000007    0.008715  
      3.090229  0.001946 13.697369     0.003614   -0.002081    0.007283  
      1.546800  2.675245 13.697370    -0.000001    0.004168    0.007280  
      0.066719  0.038525 20.780262     0.005552    0.003203    0.002208  
      4.640393  2.679140 20.689473    -0.000001    0.000004   -0.004156  
      3.026873  0.038525 20.780261    -0.005551    0.003203    0.002209  
      1.546795  2.602094 20.780262     0.000001   -0.006417    0.002218  
      1.546809  0.893038 21.844132    -0.000001    0.000003    0.003460  
 
   2 f  =   20.979891 THz   131.820543 2PiTHz  699.813835 cm-1    86.765818 meV
             X         Y         Z           dx          dy          dz
      0.000031  1.786073  4.861250            0           0           0  
     -1.546769  4.465209  4.861250            0           0           0  
      3.093631  1.786073  4.861250            0           0           0  
      1.546831  4.465209  4.861250            0           0           0  
      0.000000  0.000000  7.269000            0           0           0  
     -1.546800  2.679136  7.269000            0           0           0  
      3.093600  0.000000  7.269000            0           0           0  
      1.546800  2.679136  7.269000            0           0           0  
      1.546769  0.893063  9.676500            0           0           0  
     -0.000031  3.572200  9.676500            0           0           0  
      4.640369  0.893063  9.676500            0           0           0  
      3.093569  3.572200  9.676500            0           0           0  
      1.546799  0.893046 14.581451    -0.003073   -0.000203   -0.000000  
      0.000227  3.572314 14.581810    -0.000092   -0.001642    0.001421  
      4.640399  0.892783 14.581810     0.003108   -0.000065   -0.000105  
      3.093371  3.572314 14.581810     0.000144    0.001916   -0.001317  
      3.093381  5.358150 17.164964    -0.000058   -0.000182    0.000640  
      4.640396  2.679138 17.148229    -0.000460   -0.000030   -0.000000  
      0.000212  5.358150 17.164963    -0.000035    0.000205   -0.000592  
      1.546796  2.679387 17.164964     0.000289   -0.000010   -0.000047  
     -0.019279  1.797222 19.698053     0.001091   -0.002865    0.004761  
     -1.546806  4.442973 19.698049    -0.003475    0.000188    0.000377  
      3.112869  1.797223 19.698049     0.001452    0.002615   -0.005137  
      1.546794  4.465230 19.781382     0.003446    0.000227    0.000000  
      1.546769  0.893063  5.959750            0           0           0  
     -0.000031  3.572200  5.959750            0           0           0  
      4.640369  0.893063  5.959750            0           0           0  
      3.093569  3.572200  5.959750            0           0           0  
      0.000031  1.786073  8.578000            0           0           0  
     -1.546769  4.465209  8.578000            0           0           0  
      3.093631  1.786073  8.578000            0           0           0  
      1.546831  4.465209  8.578000            0           0           0  
     -0.004200  1.788516 15.917002     0.002885    0.065353   -0.050346  
     -1.546802  4.460381 15.917002     0.104181   -0.002388   -0.003983  
      3.097796  1.788515 15.917002    -0.005128   -0.056241    0.054331  
      1.546798  4.465228 15.913116    -0.103788   -0.006843   -0.000003  
      1.546795  0.893048 18.434530     0.112000    0.007377   -0.000001  
      0.017353  3.582205 18.469529     0.007752    0.065407   -0.056835  
      4.640396  0.873006 18.469529    -0.119151    0.002894    0.004163  
      3.076238  3.582206 18.469528    -0.001542   -0.075744    0.052667  
      0.000000  0.000000  3.611250            0           0           0  
     -1.546800  2.679136  3.611250            0           0           0  
      3.093600  0.000000  3.611250            0           0           0  
      1.546800  2.679136  3.611250            0           0           0  
      0.000000  0.000000 10.926500            0           0           0  
     -1.546800  2.679136 10.926500            0           0           0  
      3.093600  0.000000 10.926500            0           0           0  
      1.546800  2.679136 10.926500            0           0           0  
      0.003370  0.001946 13.697370     0.001280    0.015536   -0.007062  
      4.640399  2.679137 13.693483     0.028800    0.001901    0.000003  
      3.090229  0.001946 13.697369    -0.000938   -0.018072    0.006545  
      1.546800  2.675245 13.697370    -0.028927    0.000650    0.000517  
      0.066719  0.038525 20.780262     0.000083   -0.011168    0.006827  
      4.640393  2.679140 20.689473    -0.026460   -0.001743   -0.000005  
      3.026873  0.038525 20.780261     0.001680    0.013136   -0.006328  
      1.546795  2.602094 20.780262     0.021929   -0.000405   -0.000500  
      1.546809  0.893038 21.844132    -0.005318   -0.000351    0.000001  
 
   3 f  =   20.979672 THz   131.819169 2PiTHz  699.806542 cm-1    86.764914 meV
             X         Y         Z           dx          dy          dz
      0.000031  1.786073  4.861250            0           0           0  
     -1.546769  4.465209  4.861250            0           0           0  
      3.093631  1.786073  4.861250            0           0           0  
      1.546831  4.465209  4.861250            0           0           0  
      0.000000  0.000000  7.269000            0           0           0  
     -1.546800  2.679136  7.269000            0           0           0  
      3.093600  0.000000  7.269000            0           0           0  
      1.546800  2.679136  7.269000            0           0           0  
      1.546769  0.893063  9.676500            0           0           0  
     -0.000031  3.572200  9.676500            0           0           0  
      4.640369  0.893063  9.676500            0           0           0  
      3.093569  3.572200  9.676500            0           0           0  
      1.546799  0.893046 14.581451    -0.000202    0.003076   -0.000002  
      0.000227  3.572314 14.581810     0.001779   -0.002201   -0.000703  
      4.640399  0.892783 14.581810     0.000205    0.001005    0.001578  
      3.093371  3.572314 14.581810    -0.001777   -0.001966   -0.000883  
      3.093381  5.358150 17.164964     0.000190   -0.000190   -0.000318  
      4.640396  2.679138 17.148229    -0.000030    0.000461   -0.000000  
      0.000212  5.358150 17.164963    -0.000196   -0.000165   -0.000399  
      1.546796  2.679387 17.164964     0.000019    0.000157    0.000711  
     -0.019279  1.797222 19.698053     0.002824    0.001713    0.003184  
     -1.546806  4.442973 19.698049    -0.000229   -0.002854   -0.005712  
      3.112869  1.797223 19.698049    -0.002656    0.002074    0.002532  
      1.546794  4.465230 19.781382     0.000227   -0.003446   -0.000002  
      1.546769  0.893063  5.959750            0           0           0  
     -0.000031  3.572200  5.959750            0           0           0  
      4.640369  0.893063  5.959750            0           0           0  
      3.093569  3.572200  5.959750            0           0           0  
      0.000031  1.786073  8.578000            0           0           0  
     -1.546769  4.465209  8.578000            0           0           0  
      3.093631  1.786073  8.578000            0           0           0  
      1.546831  4.465209  8.578000            0           0           0  
     -0.004200  1.788516 15.917002    -0.060831   -0.065118   -0.033652  
     -1.546802  4.460381 15.917002     0.006866    0.036290    0.060440  
      3.097796  1.788515 15.917002     0.060681   -0.073132   -0.026755  
      1.546798  4.465228 15.913116    -0.006839    0.103810    0.000065  
      1.546795  0.893048 18.434530     0.007383   -0.111989   -0.000045  
      0.017353  3.582205 18.469529    -0.070317    0.083071    0.027994  
      4.640396  0.873006 18.469529    -0.007853   -0.043905   -0.063182  
      3.076238  3.582206 18.469528     0.070730    0.073769    0.035213  
      0.000000  0.000000  3.611250            0           0           0  
     -1.546800  2.679136  3.611250            0           0           0  
      3.093600  0.000000  3.611250            0           0           0  
      1.546800  2.679136  3.611250            0           0           0  
      0.000000  0.000000 10.926500            0           0           0  
     -1.546800  2.679136 10.926500            0           0           0  
      3.093600  0.000000 10.926500            0           0           0  
      1.546800  2.679136 10.926500            0           0           0  
      0.003370  0.001946 13.697370    -0.016779    0.020354    0.003472  
      4.640399  2.679137 13.693483     0.001898   -0.028806   -0.000000  
      3.090229  0.001946 13.697369     0.016801    0.018143    0.004373  
      1.546800  2.675245 13.697370    -0.001904   -0.009891   -0.007852  
      0.066719  0.038525 20.780262     0.012195   -0.015722   -0.003359  
      4.640393  2.679140 20.689473    -0.001745    0.026461    0.000010  
      3.026873  0.038525 20.780261    -0.012081   -0.014119   -0.004229  
      1.546795  2.602094 20.780262     0.001445    0.006145    0.007589  
      1.546809  0.893038 21.844132    -0.000350    0.005320   -0.000001  
 
   4 f  =   20.742508 THz   130.329025 2PiTHz  691.895608 cm-1    85.784084 meV
             X         Y         Z           dx          dy          dz
      0.000031  1.786073  4.861250            0           0           0  
     -1.546769  4.465209  4.861250            0           0           0  
      3.093631  1.786073  4.861250            0           0           0  
      1.546831  4.465209  4.861250            0           0           0  
      0.000000  0.000000  7.269000            0           0           0  
     -1.546800  2.679136  7.269000            0           0           0  
      3.093600  0.000000  7.269000            0           0           0  
      1.546800  2.679136  7.269000            0           0           0  
      1.546769  0.893063  9.676500            0           0           0  
     -0.000031  3.572200  9.676500            0           0           0  
      4.640369  0.893063  9.676500            0           0           0  
      3.093569  3.572200  9.676500            0           0           0  
      1.546799  0.893046 14.581451     0.000001   -0.000001   -0.005656  
      0.000227  3.572314 14.581810     0.002035    0.001173   -0.004788  
      4.640399  0.892783 14.581810    -0.000001   -0.002352   -0.004786  
      3.093371  3.572314 14.581810    -0.002041    0.001172   -0.004787  
      3.093381  5.358150 17.164964     0.000861    0.000497   -0.006067  
      4.640396  2.679138 17.148229    -0.000000    0.000002   -0.011653  
      0.000212  5.358150 17.164963    -0.000858    0.000496   -0.006068  
      1.546796  2.679387 17.164964    -0.000000   -0.000997   -0.006063  
     -0.019279  1.797222 19.698053     0.002111   -0.001215   -0.002858  
     -1.546806  4.442973 19.698049    -0.000001    0.002434   -0.002862  
      3.112869  1.797223 19.698049    -0.002111   -0.001214   -0.002859  
      1.546794  4.465230 19.781382     0.000001   -0.000002    0.002736  
      1.546769  0.893063  5.959750            0           0           0  
     -0.000031  3.572200  5.959750            0           0           0  
      4.640369  0.893063  5.959750            0           0           0  
      3.093569  3.572200  5.959750            0           0           0  
      0.000031  1.786073  8.578000            0           0           0  
     -1.546769  4.465209  8.578000            0           0           0  
      3.093631  1.786073  8.578000            0           0           0  
      1.546831  4.465209  8.578000            0           0           0  
     -0.004200  1.788516 15.917002    -0.093814    0.054116    0.072691  
     -1.546802  4.460381 15.917002    -0.000004   -0.108286    0.072745  
      3.097796  1.788515 15.917002     0.093816    0.054120    0.072688  
      1.546798  4.465228 15.913116     0.000002    0.000074   -0.015906  
      1.546795  0.893048 18.434530     0.000003   -0.000041    0.055649  
      0.017353  3.582205 18.469529    -0.073280   -0.042252   -0.001670  
      4.640396  0.873006 18.469529    -0.000009    0.084548   -0.001693  
      3.076238  3.582206 18.469528     0.073283   -0.042261   -0.001669  
      0.000000  0.000000  3.611250            0           0           0  
     -1.546800  2.679136  3.611250            0           0           0  
      3.093600  0.000000  3.611250            0           0           0  
      1.546800  2.679136  3.611250            0           0           0  
      0.000000  0.000000 10.926500            0           0           0  
     -1.546800  2.679136 10.926500            0           0           0  
      3.093600  0.000000 10.926500            0           0           0  
      1.546800  2.679136 10.926500            0           0           0  
      0.003370  0.001946 13.697370    -0.028860   -0.016657   -0.008405  
      4.640399  2.679137 13.693483    -0.000001   -0.000013    0.007325  
      3.090229  0.001946 13.697369     0.028866   -0.016650   -0.008401  
      1.546800  2.675245 13.697370     0.000007    0.033320   -0.008415  
      0.066719  0.038525 20.780262     0.012699    0.007322    0.001176  
      4.640393  2.679140 20.689473    -0.000001    0.000013   -0.007598  
      3.026873  0.038525 20.780261    -0.012701    0.007320    0.001179  
      1.546795  2.602094 20.780262     0.000000   -0.014664    0.001176  
      1.546809  0.893038 21.844132    -0.000001    0.000008   -0.001660  
 
   5 f  =   20.011587 THz   125.736509 2PiTHz  667.514687 cm-1    82.761236 meV
             X         Y         Z           dx          dy          dz
      0.000031  1.786073  4.861250            0           0           0  
     -1.546769  4.465209  4.861250            0           0           0  
      3.093631  1.786073  4.861250            0           0           0  
      1.546831  4.465209  4.861250            0           0           0  
      0.000000  0.000000  7.269000            0           0           0  
     -1.546800  2.679136  7.269000            0           0           0  
      3.093600  0.000000  7.269000            0           0           0  
      1.546800  2.679136  7.269000            0           0           0  
      1.546769  0.893063  9.676500            0           0           0  
     -0.000031  3.572200  9.676500            0           0           0  
      4.640369  0.893063  9.676500            0           0           0  
      3.093569  3.572200  9.676500            0           0           0  
      1.546799  0.893046 14.581451    -0.000000    0.000000   -0.008854  
      0.000227  3.572314 14.581810    -0.000462   -0.000267   -0.008894  
      4.640399  0.892783 14.581810    -0.000000    0.000533   -0.008893  
      3.093371  3.572314 14.581810     0.000464   -0.000269   -0.008893  
      3.093381  5.358150 17.164964    -0.002611   -0.001507   -0.019322  
      4.640396  2.679138 17.148229     0.000002    0.000000   -0.011816  
      0.000212  5.358150 17.164963     0.002611   -0.001508   -0.019315  
      1.546796  2.679387 17.164964    -0.000002    0.003014   -0.019324  
     -0.019279  1.797222 19.698053    -0.002302    0.001328   -0.014850  
     -1.546806  4.442973 19.698049    -0.000000   -0.002655   -0.014851  
      3.112869  1.797223 19.698049     0.002303    0.001328   -0.014851  
      1.546794  4.465230 19.781382     0.000000    0.000003   -0.014257  
      1.546769  0.893063  5.959750            0           0           0  
     -0.000031  3.572200  5.959750            0           0           0  
      4.640369  0.893063  5.959750            0           0           0  
      3.093569  3.572200  5.959750            0           0           0  
      0.000031  1.786073  8.578000            0           0           0  
     -1.546769  4.465209  8.578000            0           0           0  
      3.093631  1.786073  8.578000            0           0           0  
      1.546831  4.465209  8.578000            0           0           0  
     -0.004200  1.788516 15.917002     0.055533   -0.032005    0.063857  
     -1.546802  4.460381 15.917002    -0.000023    0.064064    0.063834  
      3.097796  1.788515 15.917002    -0.055534   -0.031981    0.063829  
      1.546798  4.465228 15.913116     0.000019   -0.000054    0.113585  
      1.546795  0.893048 18.434530     0.000022   -0.000004    0.074719  
      0.017353  3.582205 18.469529    -0.017105   -0.009854    0.093482  
      4.640396  0.873006 18.469529    -0.000022    0.019746    0.093496  
      3.076238  3.582206 18.469528     0.017108   -0.009883    0.093490  
      0.000000  0.000000  3.611250            0           0           0  
     -1.546800  2.679136  3.611250            0           0           0  
      3.093600  0.000000  3.611250            0           0           0  
      1.546800  2.679136  3.611250            0           0           0  
      0.000000  0.000000 10.926500            0           0           0  
     -1.546800  2.679136 10.926500            0           0           0  
      3.093600  0.000000 10.926500            0           0           0  
      1.546800  2.679136 10.926500            0           0           0  
      0.003370  0.001946 13.697370     0.020759    0.011947   -0.002178  
      4.640399  2.679137 13.693483    -0.000005    0.000011   -0.014843  
      3.090229  0.001946 13.697369    -0.020750    0.011966   -0.002176  
      1.546800  2.675245 13.697370     0.000014   -0.023952   -0.002159  
      0.066719  0.038525 20.780262     0.004789    0.002767    0.006445  
      4.640393  2.679140 20.689473    -0.000008   -0.000007   -0.002960  
      3.026873  0.038525 20.780261    -0.004795    0.002768    0.006445  
      1.546795  2.602094 20.780262     0.000003   -0.005537    0.006443  
      1.546809  0.893038 21.844132    -0.000002    0.000002    0.003628  
 
   6 f  =   19.174219 THz   120.475170 2PiTHz  639.583097 cm-1    79.298162 meV
             X         Y         Z           dx          dy          dz
      0.000031  1.786073  4.861250            0           0           0  
     -1.546769  4.465209  4.861250            0           0           0  
      3.093631  1.786073  4.861250            0           0           0  
      1.546831  4.465209  4.861250            0           0           0  
      0.000000  0.000000  7.269000            0           0           0  
     -1.546800  2.679136  7.269000            0           0           0  
      3.093600  0.000000  7.269000            0           0           0  
      1.546800  2.679136  7.269000            0           0           0  
      1.546769  0.893063  9.676500            0           0           0  
     -0.000031  3.572200  9.676500            0           0           0  
      4.640369  0.893063  9.676500            0           0           0  
      3.093569  3.572200  9.676500            0           0           0  
      1.546799  0.893046 14.581451     0.001800    0.000771   -0.000003  
      0.000227  3.572314 14.581810     0.000795    0.000610   -0.001882  
      4.640399  0.892783 14.581810    -0.001002    0.000392    0.000743  
      3.093371  3.572314 14.581810     0.000079   -0.001056    0.001132  
      3.093381  5.358150 17.164964    -0.001215   -0.001600    0.009258  
      4.640396  2.679138 17.148229    -0.006261   -0.002688   -0.000004  
      0.000212  5.358150 17.164963     0.001675    0.005134   -0.005571  
      1.546796  2.679387 17.164964     0.006060   -0.000737   -0.003680  
     -0.019279  1.797222 19.698053    -0.001667   -0.000532   -0.001608  
     -1.546806  4.442973 19.698049    -0.001484   -0.000776   -0.001060  
      3.112869  1.797223 19.698049    -0.001790   -0.000812    0.002664  
      1.546794  4.465230 19.781382    -0.000408   -0.000176   -0.000002  
      1.546769  0.893063  5.959750            0           0           0  
     -0.000031  3.572200  5.959750            0           0           0  
      4.640369  0.893063  5.959750            0           0           0  
      3.093569  3.572200  5.959750            0           0           0  
      0.000031  1.786073  8.578000            0           0           0  
     -1.546769  4.465209  8.578000            0           0           0  
      3.093631  1.786073  8.578000            0           0           0  
      1.546831  4.465209  8.578000            0           0           0  
     -0.004200  1.788516 15.917002     0.024321    0.084280   -0.026630  
     -1.546802  4.460381 15.917002     0.097668   -0.013891   -0.017534  
      3.097796  1.788515 15.917002    -0.023983   -0.028324    0.044220  
      1.546798  4.465228 15.913116    -0.103579   -0.044451    0.000008  
      1.546795  0.893048 18.434530    -0.095029   -0.040809    0.000003  
      0.017353  3.582205 18.469529    -0.024998   -0.030194    0.022266  
      4.640396  0.873006 18.469529     0.106867   -0.014619   -0.008789  
      3.076238  3.582206 18.469528     0.027357    0.091721   -0.013422  
      0.000000  0.000000  3.611250            0           0           0  
     -1.546800  2.679136  3.611250            0           0           0  
      3.093600  0.000000  3.611250            0           0           0  
      1.546800  2.679136  3.611250            0           0           0  
      0.000000  0.000000 10.926500            0           0           0  
     -1.546800  2.679136 10.926500            0           0           0  
      3.093600  0.000000 10.926500            0           0           0  
      1.546800  2.679136 10.926500            0           0           0  
      0.003370  0.001946 13.697370     0.010686    0.013258   -0.021209  
      4.640399  2.679137 13.693483     0.045331    0.019460   -0.000004  
      3.090229  0.001946 13.697369    -0.012555   -0.040914    0.012791  
      1.546800  2.675245 13.697370    -0.047850    0.006319    0.008417  
      0.066719  0.038525 20.780262     0.006108    0.007257   -0.016321  
      4.640393  2.679140 20.689473     0.031603    0.013563    0.000004  
      3.026873  0.038525 20.780261    -0.006333   -0.021732    0.009828  
      1.546795  2.602094 20.780262    -0.025226    0.003550    0.006478  
      1.546809  0.893038 21.844132     0.004411    0.001893    0.000001  
 
   7 f  =   19.174032 THz   120.473995 2PiTHz  639.576859 cm-1    79.297388 meV
             X         Y         Z           dx          dy          dz
      0.000031  1.786073  4.861250            0           0           0  
     -1.546769  4.465209  4.861250            0           0           0  
      3.093631  1.786073  4.861250            0           0           0  
      1.546831  4.465209  4.861250            0           0           0  
      0.000000  0.000000  7.269000            0           0           0  
     -1.546800  2.679136  7.269000            0           0           0  
      3.093600  0.000000  7.269000            0           0           0  
      1.546800  2.679136  7.269000            0           0           0  
      1.546769  0.893063  9.676500            0           0           0  
     -0.000031  3.572200  9.676500            0           0           0  
      4.640369  0.893063  9.676500            0           0           0  
      3.093569  3.572200  9.676500            0           0           0  
      1.546799  0.893046 14.581451     0.000773   -0.001797   -0.000002  
      0.000227  3.572314 14.581810    -0.000646    0.000879    0.000221  
      4.640399  0.892783 14.581810    -0.000430   -0.000912   -0.001739  
      3.093371  3.572314 14.581810     0.001020    0.000162    0.001515  
      3.093381  5.358150 17.164964     0.003461   -0.005564   -0.001100  
      4.640396  2.679138 17.148229    -0.002688    0.006261    0.000008  
      0.000212  5.358150 17.164963    -0.003268   -0.002673   -0.007452  
      1.546796  2.679387 17.164964     0.002602    0.001720    0.008565  
     -0.019279  1.797222 19.698053    -0.000881    0.001626   -0.002150  
     -1.546806  4.442973 19.698049    -0.000636    0.001811    0.002462  
      3.112869  1.797223 19.698049    -0.000603    0.001507   -0.000317  
      1.546794  4.465230 19.781382    -0.000175    0.000408    0.000003  
      1.546769  0.893063  5.959750            0           0           0  
     -0.000031  3.572200  5.959750            0           0           0  
      4.640369  0.893063  5.959750            0           0           0  
      3.093569  3.572200  5.959750            0           0           0  
      0.000031  1.786073  8.578000            0           0           0  
     -1.546769  4.465209  8.578000            0           0           0  
      3.093631  1.786073  8.578000            0           0           0  
      1.546831  4.465209  8.578000            0           0           0  
     -0.004200  1.788516 15.917002    -0.056144   -0.041037   -0.035650  
     -1.546802  4.460381 15.917002     0.041934    0.032423    0.040879  
      3.097796  1.788515 15.917002     0.056287   -0.089378   -0.005247  
      1.546798  4.465228 15.913116    -0.044468    0.103553    0.000036  
      1.546795  0.893048 18.434530    -0.040793    0.095062    0.000002  
      0.017353  3.582205 18.469529     0.061404   -0.097878   -0.002616  
      4.640396  0.873006 18.469529     0.045876    0.034146    0.020505  
      3.076238  3.582206 18.469528    -0.060392   -0.045544   -0.017922  
      0.000000  0.000000  3.611250            0           0           0  
     -1.546800  2.679136  3.611250            0           0           0  
      3.093600  0.000000  3.611250            0           0           0  
      1.546800  2.679136  3.611250            0           0           0  
      0.000000  0.000000 10.926500            0           0           0  
     -1.546800  2.679136 10.926500            0           0           0  
      3.093600  0.000000 10.926500            0           0           0  
      1.546800  2.679136 10.926500            0           0           0  
      0.003370  0.001946 13.697370    -0.027444    0.043851    0.002509  
      4.640399  2.679137 13.693483     0.019457   -0.045328   -0.000005  
      3.090229  0.001946 13.697369     0.026640    0.020602    0.017111  
      1.546800  2.675245 13.697370    -0.020538   -0.014747   -0.019616  
      0.066719  0.038525 20.780262    -0.014525    0.023092    0.001948  
      4.640393  2.679140 20.689473     0.013565   -0.031599   -0.000027  
      3.026873  0.038525 20.780261     0.014429    0.010647    0.013171  
      1.546795  2.602094 20.780262    -0.010830   -0.008286   -0.015098  
      1.546809  0.893038 21.844132     0.001894   -0.004409   -0.000003  
 
   8 f  =   18.796829 THz   118.103959 2PiTHz  626.994720 cm-1    77.737403 meV
             X         Y         Z           dx          dy          dz
      0.000031  1.786073  4.861250            0           0           0  
     -1.546769  4.465209  4.861250            0           0           0  
      3.093631  1.786073  4.861250            0           0           0  
      1.546831  4.465209  4.861250            0           0           0  
      0.000000  0.000000  7.269000            0           0           0  
     -1.546800  2.679136  7.269000            0           0           0  
      3.093600  0.000000  7.269000            0           0           0  
      1.546800  2.679136  7.269000            0           0           0  
      1.546769  0.893063  9.676500            0           0           0  
     -0.000031  3.572200  9.676500            0           0           0  
      4.640369  0.893063  9.676500            0           0           0  
      3.093569  3.572200  9.676500            0           0           0  
      1.546799  0.893046 14.581451     0.000001   -0.000001    0.000694  
      0.000227  3.572314 14.581810    -0.001363   -0.000780   -0.002596  
      4.640399  0.892783 14.581810    -0.000001    0.001577   -0.002600  
      3.093371  3.572314 14.581810     0.001367   -0.000782   -0.002594  
      3.093381  5.358150 17.164964     0.003326    0.001915   -0.004706  
      4.640396  2.679138 17.148229    -0.000001    0.000004   -0.011320  
      0.000212  5.358150 17.164963    -0.003330    0.001918   -0.004712  
      1.546796  2.679387 17.164964     0.000000   -0.003828   -0.004702  
     -0.019279  1.797222 19.698053    -0.000651    0.000377   -0.008157  
     -1.546806  4.442973 19.698049    -0.000001   -0.000750   -0.008159  
      3.112869  1.797223 19.698049     0.000650    0.000377   -0.008157  
      1.546794  4.465230 19.781382     0.000001   -0.000001   -0.012144  
      1.546769  0.893063  5.959750            0           0           0  
     -0.000031  3.572200  5.959750            0           0           0  
      4.640369  0.893063  5.959750            0           0           0  
      3.093569  3.572200  5.959750            0           0           0  
      0.000031  1.786073  8.578000            0           0           0  
     -1.546769  4.465209  8.578000            0           0           0  
      3.093631  1.786073  8.578000            0           0           0  
      1.546831  4.465209  8.578000            0           0           0  
     -0.004200  1.788516 15.917002    -0.059873    0.034475    0.015028  
     -1.546802  4.460381 15.917002     0.000029   -0.069018    0.014997  
      3.097796  1.788515 15.917002     0.059871    0.034442    0.015021  
      1.546798  4.465228 15.913116    -0.000033    0.000061    0.022796  
      1.546795  0.893048 18.434530    -0.000019    0.000112    0.068679  
      0.017353  3.582205 18.469529     0.111940    0.064465    0.035382  
      4.640396  0.873006 18.469529     0.000030   -0.129100    0.035250  
      3.076238  3.582206 18.469528    -0.111940    0.064490    0.035390  
      0.000000  0.000000  3.611250            0           0           0  
     -1.546800  2.679136  3.611250            0           0           0  
      3.093600  0.000000  3.611250            0           0           0  
      1.546800  2.679136  3.611250            0           0           0  
      0.000000  0.000000 10.926500            0           0           0  
     -1.546800  2.679136 10.926500            0           0           0  
      3.093600  0.000000 10.926500            0           0           0  
      1.546800  2.679136 10.926500            0           0           0  
      0.003370  0.001946 13.697370    -0.024175   -0.013928   -0.008621  
      4.640399  2.679137 13.693483     0.000010   -0.000047    0.016759  
      3.090229  0.001946 13.697369     0.024180   -0.013933   -0.008599  
      1.546800  2.675245 13.697370    -0.000009    0.027884   -0.008654  
      0.066719  0.038525 20.780262    -0.017636   -0.010146    0.000171  
      4.640393  2.679140 20.689473     0.000004   -0.000031    0.031740  
      3.026873  0.038525 20.780261     0.017633   -0.010155    0.000184  
      1.546795  2.602094 20.780262    -0.000007    0.020353    0.000130  
      1.546809  0.893038 21.844132     0.000000   -0.000009    0.004930  
 
   9 f  =   18.342597 THz   115.249938 2PiTHz  611.843187 cm-1    75.858853 meV
             X         Y         Z           dx          dy          dz
      0.000031  1.786073  4.861250            0           0           0  
     -1.546769  4.465209  4.861250            0           0           0  
      3.093631  1.786073  4.861250            0           0           0  
      1.546831  4.465209  4.861250            0           0           0  
      0.000000  0.000000  7.269000            0           0           0  
     -1.546800  2.679136  7.269000            0           0           0  
      3.093600  0.000000  7.269000            0           0           0  
      1.546800  2.679136  7.269000            0           0           0  
      1.546769  0.893063  9.676500            0           0           0  
     -0.000031  3.572200  9.676500            0           0           0  
      4.640369  0.893063  9.676500            0           0           0  
      3.093569  3.572200  9.676500            0           0           0  
      1.546799  0.893046 14.581451     0.000003    0.000017   -0.002951  
      0.000227  3.572314 14.581810     0.006192    0.003561    0.001431  
      4.640399  0.892783 14.581810    -0.000003   -0.007133    0.001438  
      3.093371  3.572314 14.581810    -0.006197    0.003558    0.001431  
      3.093381  5.358150 17.164964    -0.007449   -0.004287   -0.003328  
      4.640396  2.679138 17.148229    -0.000003   -0.000010    0.010885  
      0.000212  5.358150 17.164963     0.007439   -0.004283   -0.003339  
      1.546796  2.679387 17.164964     0.000004    0.008593   -0.003353  
     -0.019279  1.797222 19.698053    -0.002367    0.001367    0.003719  
     -1.546806  4.442973 19.698049     0.000001   -0.002735    0.003715  
      3.112869  1.797223 19.698049     0.002367    0.001367    0.003721  
      1.546794  4.465230 19.781382     0.000001    0.000004    0.007530  
      1.546769  0.893063  5.959750            0           0           0  
     -0.000031  3.572200  5.959750            0           0           0  
      4.640369  0.893063  5.959750            0           0           0  
      3.093569  3.572200  5.959750            0           0           0  
      0.000031  1.786073  8.578000            0           0           0  
     -1.546769  4.465209  8.578000            0           0           0  
      3.093631  1.786073  8.578000            0           0           0  
      1.546831  4.465209  8.578000            0           0           0  
     -0.004200  1.788516 15.917002    -0.021067    0.012083   -0.054004  
     -1.546802  4.460381 15.917002    -0.000021   -0.024256   -0.054323  
      3.097796  1.788515 15.917002     0.021076    0.012116   -0.053873  
      1.546798  4.465228 15.913116     0.000027    0.000056    0.143690  
      1.546795  0.893048 18.434530     0.000021    0.000035    0.163067  
      0.017353  3.582205 18.469529    -0.003240   -0.001917   -0.062491  
      4.640396  0.873006 18.469529    -0.000021    0.003672   -0.062926  
      3.076238  3.582206 18.469528     0.003214   -0.001926   -0.062607  
      0.000000  0.000000  3.611250            0           0           0  
     -1.546800  2.679136  3.611250            0           0           0  
      3.093600  0.000000  3.611250            0           0           0  
      1.546800  2.679136  3.611250            0           0           0  
      0.000000  0.000000 10.926500            0           0           0  
     -1.546800  2.679136 10.926500            0           0           0  
      3.093600  0.000000 10.926500            0           0           0  
      1.546800  2.679136 10.926500            0           0           0  
      0.003370  0.001946 13.697370     0.036275    0.020888    0.001309  
      4.640399  2.679137 13.693483     0.000020    0.000068    0.001378  
      3.090229  0.001946 13.697369    -0.036279    0.020864    0.001300  
      1.546800  2.675245 13.697370    -0.000020   -0.041822    0.001305  
      0.066719  0.038525 20.780262     0.025734    0.014828   -0.010075  
      4.640393  2.679140 20.689473     0.000012    0.000061   -0.007298  
      3.026873  0.038525 20.780261    -0.025732    0.014819   -0.010087  
      1.546795  2.602094 20.780262    -0.000006   -0.029634   -0.010091  
      1.546809  0.893038 21.844132     0.000001    0.000000    0.004652  
 
  10 f  =   18.247062 THz   114.649672 2PiTHz  608.656471 cm-1    75.463751 meV
             X         Y         Z           dx          dy          dz
      0.000031  1.786073  4.861250            0           0           0  
     -1.546769  4.465209  4.861250            0           0           0  
      3.093631  1.786073  4.861250            0           0           0  
      1.546831  4.465209  4.861250            0           0           0  
      0.000000  0.000000  7.269000            0           0           0  
     -1.546800  2.679136  7.269000            0           0           0  
      3.093600  0.000000  7.269000            0           0           0  
      1.546800  2.679136  7.269000            0           0           0  
      1.546769  0.893063  9.676500            0           0           0  
     -0.000031  3.572200  9.676500            0           0           0  
      4.640369  0.893063  9.676500            0           0           0  
      3.093569  3.572200  9.676500            0           0           0  
      1.546799  0.893046 14.581451    -0.000080   -0.007778    0.000001  
      0.000227  3.572314 14.581810    -0.004133    0.004432    0.001010  
      4.640399  0.892783 14.581810     0.000071   -0.002706   -0.001972  
      3.093371  3.572314 14.581810     0.004127    0.004517    0.000975  
      3.093381  5.358150 17.164964     0.003848   -0.006160   -0.003906  
      4.640396  2.679138 17.148229     0.000055    0.005258    0.000011  
      0.000212  5.358150 17.164963    -0.003876   -0.006242   -0.003774  
      1.546796  2.679387 17.164964    -0.000089    0.000536    0.007646  
     -0.019279  1.797222 19.698053    -0.000123   -0.000702   -0.000996  
     -1.546806  4.442973 19.698049    -0.000007   -0.000522    0.002085  
      3.112869  1.797223 19.698049     0.000111   -0.000702   -0.001033  
      1.546794  4.465230 19.781382    -0.000029   -0.002718    0.000018  
      1.546769  0.893063  5.959750            0           0           0  
     -0.000031  3.572200  5.959750            0           0           0  
      4.640369  0.893063  5.959750            0           0           0  
      3.093569  3.572200  5.959750            0           0           0  
      0.000031  1.786073  8.578000            0           0           0  
     -1.546769  4.465209  8.578000            0           0           0  
      3.093631  1.786073  8.578000            0           0           0  
      1.546831  4.465209  8.578000            0           0           0  
     -0.004200  1.788516 15.917002     0.029504    0.029168   -0.071527  
     -1.546802  4.460381 15.917002     0.000489   -0.022602    0.145465  
      3.097796  1.788515 15.917002    -0.029619    0.028537   -0.074203  
      1.546798  4.465228 15.913116    -0.000417   -0.038959    0.000273  
      1.546795  0.893048 18.434530    -0.000391   -0.036639    0.000283  
      0.017353  3.582205 18.469529    -0.010027    0.043916   -0.074355  
      4.640396  0.873006 18.469529     0.000525    0.025875    0.145785  
      3.076238  3.582206 18.469528     0.010701    0.044135   -0.071690  
      0.000000  0.000000  3.611250            0           0           0  
     -1.546800  2.679136  3.611250            0           0           0  
      3.093600  0.000000  3.611250            0           0           0  
      1.546800  2.679136  3.611250            0           0           0  
      0.000000  0.000000 10.926500            0           0           0  
     -1.546800  2.679136 10.926500            0           0           0  
      3.093600  0.000000 10.926500            0           0           0  
      1.546800  2.679136 10.926500            0           0           0  
      0.003370  0.001946 13.697370    -0.020781    0.025064   -0.002888  
      4.640399  2.679137 13.693483    -0.000370   -0.034948    0.000007  
      3.090229  0.001946 13.697369     0.020805    0.025509   -0.002772  
      1.546800  2.675245 13.697370     0.000398   -0.010907    0.005615  
      0.066719  0.038525 20.780262    -0.011056    0.008316   -0.003676  
      4.640393  2.679140 20.689473    -0.000288   -0.027369   -0.000045  
      3.026873  0.038525 20.780261     0.010965    0.008547   -0.003550  
      1.546795  2.602094 20.780262     0.000153   -0.010732    0.007065  
      1.546809  0.893038 21.844132    -0.000005   -0.000629    0.000036  
 
  11 f  =   18.246146 THz   114.643913 2PiTHz  608.625902 cm-1    75.459961 meV
             X         Y         Z           dx          dy          dz
      0.000031  1.786073  4.861250            0           0           0  
     -1.546769  4.465209  4.861250            0           0           0  
      3.093631  1.786073  4.861250            0           0           0  
      1.546831  4.465209  4.861250            0           0           0  
      0.000000  0.000000  7.269000            0           0           0  
     -1.546800  2.679136  7.269000            0           0           0  
      3.093600  0.000000  7.269000            0           0           0  
      1.546800  2.679136  7.269000            0           0           0  
      1.546769  0.893063  9.676500            0           0           0  
     -0.000031  3.572200  9.676500            0           0           0  
      4.640369  0.893063  9.676500            0           0           0  
      3.093569  3.572200  9.676500            0           0           0  
      1.546799  0.893046 14.581451     0.007785   -0.000083    0.000006  
      0.000227  3.572314 14.581810     0.000258    0.004187   -0.001698  
      4.640399  0.892783 14.581810    -0.006867   -0.000024   -0.000019  
      3.093371  3.572314 14.581810     0.000354   -0.004096    0.001724  
      3.093381  5.358150 17.164964     0.001762   -0.003942    0.006586  
      4.640396  2.679138 17.148229    -0.005258    0.000056   -0.000009  
      0.000212  5.358150 17.164963     0.001671    0.003814   -0.006684  
      1.546796  2.679387 17.164964     0.008432    0.000002    0.000080  
     -0.019279  1.797222 19.698053     0.000580    0.000100   -0.001790  
     -1.546806  4.442973 19.698049     0.000770   -0.000005    0.000028  
      3.112869  1.797223 19.698049     0.000581   -0.000116    0.001781  
      1.546794  4.465230 19.781382     0.002720   -0.000029    0.000002  
      1.546769  0.893063  5.959750            0           0           0  
     -0.000031  3.572200  5.959750            0           0           0  
      4.640369  0.893063  5.959750            0           0           0  
      3.093569  3.572200  5.959750            0           0           0  
      0.000031  1.786073  8.578000            0           0           0  
     -1.546769  4.465209  8.578000            0           0           0  
      3.093631  1.786073  8.578000            0           0           0  
      1.546831  4.465209  8.578000            0           0           0  
     -0.004200  1.788516 15.917002     0.005720   -0.029367   -0.126821  
     -1.546802  4.460381 15.917002    -0.045970   -0.000231    0.001567  
      3.097796  1.788515 15.917002     0.005091    0.029955    0.125340  
      1.546798  4.465228 15.913116     0.039023   -0.000405   -0.000065  
      1.546795  0.893048 18.434530     0.036671   -0.000387   -0.000071  
      0.017353  3.582205 18.469529    -0.032062    0.010918    0.125537  
      4.640396  0.873006 18.469529    -0.050029    0.000265    0.001589  
      3.076238  3.582206 18.469528    -0.031871   -0.009976   -0.127002  
      0.000000  0.000000  3.611250            0           0           0  
     -1.546800  2.679136  3.611250            0           0           0  
      3.093600  0.000000  3.611250            0           0           0  
      1.546800  2.679136  3.611250            0           0           0  
      0.000000  0.000000 10.926500            0           0           0  
     -1.546800  2.679136 10.926500            0           0           0  
      3.093600  0.000000 10.926500            0           0           0  
      1.546800  2.679136 10.926500            0           0           0  
      0.003370  0.001946 13.697370    -0.001424    0.021095    0.004838  
      4.640399  2.679137 13.693483     0.034943   -0.000368   -0.000005  
      3.090229  0.001946 13.697369    -0.000946   -0.020577   -0.004913  
      1.546800  2.675245 13.697370    -0.037277   -0.000090    0.000044  
      0.066719  0.038525 20.780262     0.004200    0.011117    0.006100  
      4.640393  2.679140 20.689473     0.027355   -0.000294   -0.000018  
      3.026873  0.038525 20.780261     0.004469   -0.010954   -0.006213  
      1.546795  2.602094 20.780262    -0.014785   -0.000095    0.000055  
      1.546809  0.893038 21.844132     0.000633   -0.000007    0.000007  
 
  12 f  =   17.660723 THz   110.965596 2PiTHz  589.098315 cm-1    73.038849 meV
             X         Y         Z           dx          dy          dz
      0.000031  1.786073  4.861250            0           0           0  
     -1.546769  4.465209  4.861250            0           0           0  
      3.093631  1.786073  4.861250            0           0           0  
      1.546831  4.465209  4.861250            0           0           0  
      0.000000  0.000000  7.269000            0           0           0  
     -1.546800  2.679136  7.269000            0           0           0  
      3.093600  0.000000  7.269000            0           0           0  
      1.546800  2.679136  7.269000            0           0           0  
      1.546769  0.893063  9.676500            0           0           0  
     -0.000031  3.572200  9.676500            0           0           0  
      4.640369  0.893063  9.676500            0           0           0  
      3.093569  3.572200  9.676500            0           0           0  
      1.546799  0.893046 14.581451     0.005419    0.000300    0.000011  
      0.000227  3.572314 14.581810     0.000412    0.002957    0.002499  
      4.640399  0.892783 14.581810    -0.005208    0.000105   -0.000153  
      3.093371  3.572314 14.581810     0.000050   -0.003325   -0.002342  
      3.093381  5.358150 17.164964    -0.001624   -0.001530    0.000440  
      4.640396  2.679138 17.148229    -0.006011   -0.000333   -0.000002  
      0.000212  5.358150 17.164963    -0.001453    0.001558   -0.000414  
      1.546796  2.679387 17.164964     0.001136   -0.000133   -0.000027  
     -0.019279  1.797222 19.698053    -0.001246   -0.000980    0.005455  
     -1.546806  4.442973 19.698049    -0.002685   -0.000035    0.000365  
      3.112869  1.797223 19.698049    -0.001157    0.000734   -0.005806  
      1.546794  4.465230 19.781382    -0.002677   -0.000147   -0.000012  
      1.546769  0.893063  5.959750            0           0           0  
     -0.000031  3.572200  5.959750            0           0           0  
      4.640369  0.893063  5.959750            0           0           0  
      3.093569  3.572200  5.959750            0           0           0  
      0.000031  1.786073  8.578000            0           0           0  
     -1.546769  4.465209  8.578000            0           0           0  
      3.093631  1.786073  8.578000            0           0           0  
      1.546831  4.465209  8.578000            0           0           0  
     -0.004200  1.788516 15.917002    -0.010572   -0.033466   -0.115386  
     -1.546802  4.460381 15.917002    -0.062555    0.000385   -0.007680  
      3.097796  1.788515 15.917002    -0.006937    0.028652    0.122791  
      1.546798  4.465228 15.913116     0.063827    0.003527    0.000290  
      1.546795  0.893048 18.434530    -0.039451   -0.002180   -0.000301  
      0.017353  3.582205 18.469529     0.041241   -0.006368   -0.128195  
      4.640396  0.873006 18.469529     0.057845    0.002051    0.008034  
      3.076238  3.582206 18.469528     0.042325    0.012116    0.120467  
      0.000000  0.000000  3.611250            0           0           0  
     -1.546800  2.679136  3.611250            0           0           0  
      3.093600  0.000000  3.611250            0           0           0  
      1.546800  2.679136  3.611250            0           0           0  
      0.000000  0.000000 10.926500            0           0           0  
     -1.546800  2.679136 10.926500            0           0           0  
      3.093600  0.000000 10.926500            0           0           0  
      1.546800  2.679136 10.926500            0           0           0  
      0.003370  0.001946 13.697370     0.001323    0.010694    0.019983  
      4.640399  2.679137 13.693483     0.019860    0.001098    0.000041  
      3.090229  0.001946 13.697369     0.000009   -0.012029   -0.018807  
      1.546800  2.675245 13.697370    -0.019022    0.000368   -0.001265  
      0.066719  0.038525 20.780262    -0.004815   -0.009926   -0.012645  
      4.640393  2.679140 20.689473    -0.025739   -0.001422   -0.000035  
      3.026873  0.038525 20.780261    -0.003583    0.010732    0.011875  
      1.546795  2.602094 20.780262     0.013688   -0.000509    0.000791  
      1.546809  0.893038 21.844132    -0.002310   -0.000129   -0.000005  
 
  13 f  =   17.660447 THz   110.963858 2PiTHz  589.089087 cm-1    73.037705 meV
             X         Y         Z           dx          dy          dz
      0.000031  1.786073  4.861250            0           0           0  
     -1.546769  4.465209  4.861250            0           0           0  
      3.093631  1.786073  4.861250            0           0           0  
      1.546831  4.465209  4.861250            0           0           0  
      0.000000  0.000000  7.269000            0           0           0  
     -1.546800  2.679136  7.269000            0           0           0  
      3.093600  0.000000  7.269000            0           0           0  
      1.546800  2.679136  7.269000            0           0           0  
      1.546769  0.893063  9.676500            0           0           0  
     -0.000031  3.572200  9.676500            0           0           0  
      4.640369  0.893063  9.676500            0           0           0  
      3.093569  3.572200  9.676500            0           0           0  
      1.546799  0.893046 14.581451    -0.000300    0.005421   -0.000046  
      0.000227  3.572314 14.581810     0.003083   -0.003601    0.001287  
      4.640399  0.892783 14.581810     0.000288    0.002101   -0.002772  
      3.093371  3.572314 14.581810    -0.003104   -0.003252    0.001554  
      3.093381  5.358150 17.164964    -0.001453    0.000336    0.000195  
      4.640396  2.679138 17.148229     0.000331   -0.006011   -0.000014  
      0.000212  5.358150 17.164963     0.001623    0.000166    0.000244  
      1.546796  2.679387 17.164964    -0.000063   -0.002437   -0.000521  
     -0.019279  1.797222 19.698053    -0.000828   -0.002126   -0.003543  
     -1.546806  4.442973 19.698049     0.000146   -0.000744    0.006522  
      3.112869  1.797223 19.698049     0.000961   -0.002219   -0.002925  
      1.546794  4.465230 19.781382     0.000149   -0.002671    0.000119  
      1.546769  0.893063  5.959750            0           0           0  
     -0.000031  3.572200  5.959750            0           0           0  
      4.640369  0.893063  5.959750            0           0           0  
      3.093569  3.572200  5.959750            0           0           0  
      0.000031  1.786073  8.578000            0           0           0  
     -1.546769  4.465209  8.578000            0           0           0  
      3.093631  1.786073  8.578000            0           0           0  
      1.546831  4.465209  8.578000            0           0           0  
     -0.004200  1.788516 15.917002    -0.029853   -0.043349    0.076068  
     -1.546802  4.460381 15.917002     0.003455    0.010047   -0.136818  
      3.097796  1.788515 15.917002     0.030813   -0.046778    0.062912  
      1.546798  4.465228 15.913116    -0.003518    0.063867   -0.002137  
      1.546795  0.893048 18.434530     0.002175   -0.039393    0.002239  
      0.017353  3.582205 18.469529    -0.011226    0.053109   -0.065549  
      4.640396  0.873006 18.469529    -0.003196    0.036090    0.142872  
      3.076238  3.582206 18.469528     0.006620    0.052090   -0.079263  
      0.000000  0.000000  3.611250            0           0           0  
     -1.546800  2.679136  3.611250            0           0           0  
      3.093600  0.000000  3.611250            0           0           0  
      1.546800  2.679136  3.611250            0           0           0  
      0.000000  0.000000 10.926500            0           0           0  
     -1.546800  2.679136 10.926500            0           0           0  
      3.093600  0.000000 10.926500            0           0           0  
      1.546800  2.679136 10.926500            0           0           0  
      0.003370  0.001946 13.697370     0.011092   -0.013224    0.010245  
      4.640399  2.679137 13.693483    -0.001100    0.019853   -0.000397  
      3.090229  0.001946 13.697369    -0.011164   -0.011968    0.012381  
      1.546800  2.675245 13.697370     0.001049    0.007501   -0.022288  
      0.066719  0.038525 20.780262    -0.009809    0.008472   -0.006614  
      4.640393  2.679140 20.689473     0.001423   -0.025744    0.000038  
      3.026873  0.038525 20.780261     0.010274    0.007330   -0.007960  
      1.546795  2.602094 20.780262    -0.000756   -0.010479    0.013965  
      1.546809  0.893038 21.844132     0.000125   -0.002311    0.000143  
 
  14 f  =   17.646231 THz   110.874542 2PiTHz  588.614921 cm-1    72.978916 meV
             X         Y         Z           dx          dy          dz
      0.000031  1.786073  4.861250            0           0           0  
     -1.546769  4.465209  4.861250            0           0           0  
      3.093631  1.786073  4.861250            0           0           0  
      1.546831  4.465209  4.861250            0           0           0  
      0.000000  0.000000  7.269000            0           0           0  
     -1.546800  2.679136  7.269000            0           0           0  
      3.093600  0.000000  7.269000            0           0           0  
      1.546800  2.679136  7.269000            0           0           0  
      1.546769  0.893063  9.676500            0           0           0  
     -0.000031  3.572200  9.676500            0           0           0  
      4.640369  0.893063  9.676500            0           0           0  
      3.093569  3.572200  9.676500            0           0           0  
      1.546799  0.893046 14.581451     0.000011   -0.000074   -0.003097  
      0.000227  3.572314 14.581810    -0.003554   -0.001976    0.001802  
      4.640399  0.892783 14.581810    -0.000010    0.004028    0.001854  
      3.093371  3.572314 14.581810     0.003553   -0.001987    0.001787  
      3.093381  5.358150 17.164964     0.000472    0.000259   -0.002029  
      4.640396  2.679138 17.148229    -0.000015    0.000082   -0.001123  
      0.000212  5.358150 17.164963    -0.000478    0.000264   -0.002029  
      1.546796  2.679387 17.164964     0.000001   -0.000492   -0.002020  
     -0.019279  1.797222 19.698053    -0.002223    0.001316    0.002461  
     -1.546806  4.442973 19.698049    -0.000004   -0.002565    0.002314  
      3.112869  1.797223 19.698049     0.002216    0.001317    0.002434  
      1.546794  4.465230 19.781382    -0.000010    0.000038    0.009520  
      1.546769  0.893063  5.959750            0           0           0  
     -0.000031  3.572200  5.959750            0           0           0  
      4.640369  0.893063  5.959750            0           0           0  
      3.093569  3.572200  5.959750            0           0           0  
      0.000031  1.786073  8.578000            0           0           0  
     -1.546769  4.465209  8.578000            0           0           0  
      3.093631  1.786073  8.578000            0           0           0  
      1.546831  4.465209  8.578000            0           0           0  
     -0.004200  1.788516 15.917002     0.053866   -0.030329    0.050045  
     -1.546802  4.460381 15.917002    -0.000161    0.061614    0.053246  
      3.097796  1.788515 15.917002    -0.053908   -0.030169    0.050678  
      1.546798  4.465228 15.913116     0.000169   -0.000900   -0.153136  
      1.546795  0.893048 18.434530    -0.000111    0.000532    0.158828  
      0.017353  3.582205 18.469529     0.020555    0.010987   -0.046006  
      4.640396  0.873006 18.469529     0.000157   -0.023980   -0.048642  
      3.076238  3.582206 18.469528    -0.020336    0.011033   -0.045342  
      0.000000  0.000000  3.611250            0           0           0  
     -1.546800  2.679136  3.611250            0           0           0  
      3.093600  0.000000  3.611250            0           0           0  
      1.546800  2.679136  3.611250            0           0           0  
      0.000000  0.000000 10.926500            0           0           0  
     -1.546800  2.679136 10.926500            0           0           0  
      3.093600  0.000000 10.926500            0           0           0  
      1.546800  2.679136 10.926500            0           0           0  
      0.003370  0.001946 13.697370    -0.016872   -0.009440    0.007759  
      4.640399  2.679137 13.693483     0.000051   -0.000278   -0.028481  
      3.090229  0.001946 13.697369     0.016871   -0.009501    0.007639  
      1.546800  2.675245 13.697370    -0.000052    0.019198    0.008176  
      0.066719  0.038525 20.780262     0.020406    0.011573   -0.016823  
      4.640393  2.679140 20.689473    -0.000065    0.000359    0.000656  
      3.026873  0.038525 20.780261    -0.020430    0.011632   -0.016770  
      1.546795  2.602094 20.780262     0.000037   -0.023243   -0.017086  
      1.546809  0.893038 21.844132    -0.000002    0.000027    0.009910  
 
  15 f  =   17.357694 THz   109.061606 2PiTHz  578.990340 cm-1    71.785621 meV
             X         Y         Z           dx          dy          dz
      0.000031  1.786073  4.861250            0           0           0  
     -1.546769  4.465209  4.861250            0           0           0  
      3.093631  1.786073  4.861250            0           0           0  
      1.546831  4.465209  4.861250            0           0           0  
      0.000000  0.000000  7.269000            0           0           0  
     -1.546800  2.679136  7.269000            0           0           0  
      3.093600  0.000000  7.269000            0           0           0  
      1.546800  2.679136  7.269000            0           0           0  
      1.546769  0.893063  9.676500            0           0           0  
     -0.000031  3.572200  9.676500            0           0           0  
      4.640369  0.893063  9.676500            0           0           0  
      3.093569  3.572200  9.676500            0           0           0  
      1.546799  0.893046 14.581451     0.000002   -0.000004   -0.005667  
      0.000227  3.572314 14.581810     0.000420    0.000252   -0.004240  
      4.640399  0.892783 14.581810    -0.000005   -0.000487   -0.004241  
      3.093371  3.572314 14.581810    -0.000426    0.000249   -0.004238  
      3.093381  5.358150 17.164964     0.000007   -0.000004    0.008800  
      4.640396  2.679138 17.148229    -0.000001    0.000001    0.009562  
      0.000212  5.358150 17.164963    -0.000013   -0.000002    0.008809  
      1.546796  2.679387 17.164964     0.000002   -0.000009    0.008803  
     -0.019279  1.797222 19.698053     0.002215   -0.001276   -0.035998  
     -1.546806  4.442973 19.698049     0.000003    0.002557   -0.036001  
      3.112869  1.797223 19.698049    -0.002214   -0.001281   -0.035997  
      1.546794  4.465230 19.781382    -0.000004    0.000000   -0.026798  
      1.546769  0.893063  5.959750            0           0           0  
     -0.000031  3.572200  5.959750            0           0           0  
      4.640369  0.893063  5.959750            0           0           0  
      3.093569  3.572200  5.959750            0           0           0  
      0.000031  1.786073  8.578000            0           0           0  
     -1.546769  4.465209  8.578000            0           0           0  
      3.093631  1.786073  8.578000            0           0           0  
      1.546831  4.465209  8.578000            0           0           0  
     -0.004200  1.788516 15.917002     0.005518   -0.003140    0.001405  
     -1.546802  4.460381 15.917002    -0.000035    0.006342    0.001616  
      3.097796  1.788515 15.917002    -0.005532   -0.003103    0.001540  
      1.546798  4.465228 15.913116     0.000022   -0.000020   -0.009069  
      1.546795  0.893048 18.434530    -0.000003    0.000001    0.004541  
      0.017353  3.582205 18.469529    -0.004553   -0.002599   -0.034117  
      4.640396  0.873006 18.469529     0.000006    0.005259   -0.034093  
      3.076238  3.582206 18.469528     0.004561   -0.002602   -0.034105  
      0.000000  0.000000  3.611250            0           0           0  
     -1.546800  2.679136  3.611250            0           0           0  
      3.093600  0.000000  3.611250            0           0           0  
      1.546800  2.679136  3.611250            0           0           0  
      0.000000  0.000000 10.926500            0           0           0  
     -1.546800  2.679136 10.926500            0           0           0  
      3.093600  0.000000 10.926500            0           0           0  
      1.546800  2.679136 10.926500            0           0           0  
      0.003370  0.001946 13.697370     0.002694    0.001544    0.011668  
      4.640399  2.679137 13.693483     0.000034   -0.000044    0.004958  
      3.090229  0.001946 13.697369    -0.002669    0.001539    0.011670  
      1.546800  2.675245 13.697370    -0.000012   -0.003124    0.011661  
      0.066719  0.038525 20.780262     0.013378    0.007718    0.099030  
      4.640393  2.679140 20.689473    -0.000008   -0.000010    0.113486  
      3.026873  0.038525 20.780261    -0.013390    0.007721    0.099041  
      1.546795  2.602094 20.780262     0.000000   -0.015439    0.099007  
      1.546809  0.893038 21.844132     0.000006    0.000002   -0.050096  
 
  16 f  =   16.493725 THz   103.633132 2PiTHz  550.171453 cm-1    68.212536 meV
             X         Y         Z           dx          dy          dz
      0.000031  1.786073  4.861250            0           0           0  
     -1.546769  4.465209  4.861250            0           0           0  
      3.093631  1.786073  4.861250            0           0           0  
      1.546831  4.465209  4.861250            0           0           0  
      0.000000  0.000000  7.269000            0           0           0  
     -1.546800  2.679136  7.269000            0           0           0  
      3.093600  0.000000  7.269000            0           0           0  
      1.546800  2.679136  7.269000            0           0           0  
      1.546769  0.893063  9.676500            0           0           0  
     -0.000031  3.572200  9.676500            0           0           0  
      4.640369  0.893063  9.676500            0           0           0  
      3.093569  3.572200  9.676500            0           0           0  
      1.546799  0.893046 14.581451     0.000023   -0.000015   -0.037943  
      0.000227  3.572314 14.581810    -0.000573   -0.000298   -0.037785  
      4.640399  0.892783 14.581810    -0.000024    0.000646   -0.037786  
      3.093371  3.572314 14.581810     0.000573   -0.000325   -0.037771  
      3.093381  5.358150 17.164964     0.000075    0.000032    0.005068  
      4.640396  2.679138 17.148229    -0.000003    0.000001    0.005135  
      0.000212  5.358150 17.164963    -0.000067    0.000038    0.005054  
      1.546796  2.679387 17.164964     0.000007   -0.000083    0.005070  
     -0.019279  1.797222 19.698053    -0.000421    0.000242    0.002588  
     -1.546806  4.442973 19.698049    -0.000004   -0.000490    0.002584  
      3.112869  1.797223 19.698049     0.000423    0.000248    0.002583  
      1.546794  4.465230 19.781382     0.000004   -0.000002    0.001887  
      1.546769  0.893063  5.959750            0           0           0  
     -0.000031  3.572200  5.959750            0           0           0  
      4.640369  0.893063  5.959750            0           0           0  
      3.093569  3.572200  5.959750            0           0           0  
      0.000031  1.786073  8.578000            0           0           0  
     -1.546769  4.465209  8.578000            0           0           0  
      3.093631  1.786073  8.578000            0           0           0  
      1.546831  4.465209  8.578000            0           0           0  
     -0.004200  1.788516 15.917002    -0.001284    0.000753   -0.000915  
     -1.546802  4.460381 15.917002    -0.000052   -0.001446   -0.000878  
      3.097796  1.788515 15.917002     0.001251    0.000739   -0.000878  
      1.546798  4.465228 15.913116    -0.000001    0.000003   -0.005553  
      1.546795  0.893048 18.434530    -0.000002    0.000019    0.002151  
      0.017353  3.582205 18.469529     0.001218    0.000748    0.003660  
      4.640396  0.873006 18.469529     0.000019   -0.001397    0.003669  
      3.076238  3.582206 18.469528    -0.001222    0.000704    0.003674  
      0.000000  0.000000  3.611250            0           0           0  
     -1.546800  2.679136  3.611250            0           0           0  
      3.093600  0.000000  3.611250            0           0           0  
      1.546800  2.679136  3.611250            0           0           0  
      0.000000  0.000000 10.926500            0           0           0  
     -1.546800  2.679136 10.926500            0           0           0  
      3.093600  0.000000 10.926500            0           0           0  
      1.546800  2.679136 10.926500            0           0           0  
      0.003370  0.001946 13.697370    -0.000741   -0.000471    0.104418  
      4.640399  2.679137 13.693483     0.000013   -0.000014    0.107220  
      3.090229  0.001946 13.697369     0.000771   -0.000458    0.104526  
      1.546800  2.675245 13.697370     0.000013    0.000856    0.104399  
      0.066719  0.038525 20.780262    -0.002150   -0.001243   -0.012573  
      4.640393  2.679140 20.689473    -0.000011   -0.000003   -0.013176  
      3.026873  0.038525 20.780261     0.002142   -0.001245   -0.012558  
      1.546795  2.602094 20.780262    -0.000000    0.002476   -0.012590  
      1.546809  0.893038 21.844132    -0.000005    0.000004    0.008395  
 
  17 f  =   16.367458 THz   102.839775 2PiTHz  545.959647 cm-1    67.690339 meV
             X         Y         Z           dx          dy          dz
      0.000031  1.786073  4.861250            0           0           0  
     -1.546769  4.465209  4.861250            0           0           0  
      3.093631  1.786073  4.861250            0           0           0  
      1.546831  4.465209  4.861250            0           0           0  
      0.000000  0.000000  7.269000            0           0           0  
     -1.546800  2.679136  7.269000            0           0           0  
      3.093600  0.000000  7.269000            0           0           0  
      1.546800  2.679136  7.269000            0           0           0  
      1.546769  0.893063  9.676500            0           0           0  
     -0.000031  3.572200  9.676500            0           0           0  
      4.640369  0.893063  9.676500            0           0           0  
      3.093569  3.572200  9.676500            0           0           0  
      1.546799  0.893046 14.581451     0.000046   -0.000017   -0.000005  
      0.000227  3.572314 14.581810     0.000850   -0.001464   -0.000022  
      4.640399  0.892783 14.581810    -0.001810   -0.000003   -0.000011  
      3.093371  3.572314 14.581810     0.000872    0.001485    0.000015  
      3.093381  5.358150 17.164964    -0.000034    0.000019    0.000002  
      4.640396  2.679138 17.148229    -0.000004    0.000004    0.000001  
      0.000212  5.358150 17.164963    -0.000038   -0.000020   -0.000003  
      1.546796  2.679387 17.164964     0.000045    0.000002    0.000003  
     -0.019279  1.797222 19.698053     0.000718    0.001225    0.000009  
     -1.546806  4.442973 19.698049    -0.001415    0.000000    0.000001  
      3.112869  1.797223 19.698049     0.000718   -0.001226   -0.000008  
      1.546794  4.465230 19.781382     0.000019    0.000001    0.000000  
      1.546769  0.893063  5.959750            0           0           0  
     -0.000031  3.572200  5.959750            0           0           0  
      4.640369  0.893063  5.959750            0           0           0  
      3.093569  3.572200  5.959750            0           0           0  
      0.000031  1.786073  8.578000            0           0           0  
     -1.546769  4.465209  8.578000            0           0           0  
      3.093631  1.786073  8.578000            0           0           0  
      1.546831  4.465209  8.578000            0           0           0  
     -0.004200  1.788516 15.917002    -0.048447   -0.083852   -0.000011  
     -1.546802  4.460381 15.917002     0.097167   -0.000011    0.000001  
      3.097796  1.788515 15.917002    -0.048466    0.083855    0.000011  
      1.546798  4.465228 15.913116     0.000369    0.000004   -0.000002  
      1.546795  0.893048 18.434530    -0.000088   -0.000016    0.000004  
      0.017353  3.582205 18.469529     0.067265   -0.116764   -0.000054  
      4.640396  0.873006 18.469529    -0.134839   -0.000008   -0.000004  
      3.076238  3.582206 18.469528     0.067260    0.116747    0.000060  
      0.000000  0.000000  3.611250            0           0           0  
     -1.546800  2.679136  3.611250            0           0           0  
      3.093600  0.000000  3.611250            0           0           0  
      1.546800  2.679136  3.611250            0           0           0  
      0.000000  0.000000 10.926500            0           0           0  
     -1.546800  2.679136 10.926500            0           0           0  
      3.093600  0.000000 10.926500            0           0           0  
      1.546800  2.679136 10.926500            0           0           0  
      0.003370  0.001946 13.697370     0.002459   -0.004289   -0.000085  
      4.640399  2.679137 13.693483     0.000002    0.000003    0.000022  
      3.090229  0.001946 13.697369     0.002457    0.004286    0.000154  
      1.546800  2.675245 13.697370    -0.005043    0.000004   -0.000030  
      0.066719  0.038525 20.780262    -0.005011    0.008714   -0.000027  
      4.640393  2.679140 20.689473     0.000046    0.000007   -0.000002  
      3.026873  0.038525 20.780261    -0.005016   -0.008714    0.000020  
      1.546795  2.602094 20.780262     0.010031    0.000003    0.000001  
      1.546809  0.893038 21.844132    -0.000002   -0.000000    0.000001  
 
  18 f  =   16.086003 THz   101.071335 2PiTHz  536.571289 cm-1    66.526331 meV
             X         Y         Z           dx          dy          dz
      0.000031  1.786073  4.861250            0           0           0  
     -1.546769  4.465209  4.861250            0           0           0  
      3.093631  1.786073  4.861250            0           0           0  
      1.546831  4.465209  4.861250            0           0           0  
      0.000000  0.000000  7.269000            0           0           0  
     -1.546800  2.679136  7.269000            0           0           0  
      3.093600  0.000000  7.269000            0           0           0  
      1.546800  2.679136  7.269000            0           0           0  
      1.546769  0.893063  9.676500            0           0           0  
     -0.000031  3.572200  9.676500            0           0           0  
      4.640369  0.893063  9.676500            0           0           0  
      3.093569  3.572200  9.676500            0           0           0  
      1.546799  0.893046 14.581451     0.028032   -0.020333    0.000060  
      0.000227  3.572314 14.581810    -0.011142    0.026299   -0.004079  
      4.640399  0.892783 14.581810    -0.025133   -0.005089   -0.005871  
      3.093371  3.572314 14.581810     0.009393   -0.001709    0.009933  
      3.093381  5.358150 17.164964    -0.001922   -0.001209    0.001696  
      4.640396  2.679138 17.148229    -0.010733    0.007796   -0.000025  
      0.000212  5.358150 17.164963    -0.004880    0.002816   -0.004117  
      1.546796  2.679387 17.164964     0.000087    0.003286    0.002438  
     -0.019279  1.797222 19.698053    -0.000453    0.000667   -0.000960  
     -1.546806  4.442973 19.698049    -0.002691    0.000452    0.000573  
      3.112869  1.797223 19.698049    -0.001789    0.002480    0.000390  
      1.546794  4.465230 19.781382    -0.002502    0.001831    0.000010  
      1.546769  0.893063  5.959750            0           0           0  
     -0.000031  3.572200  5.959750            0           0           0  
      4.640369  0.893063  5.959750            0           0           0  
      3.093569  3.572200  5.959750            0           0           0  
      0.000031  1.786073  8.578000            0           0           0  
     -1.546769  4.465209  8.578000            0           0           0  
      3.093631  1.786073  8.578000            0           0           0  
      1.546831  4.465209  8.578000            0           0           0  
     -0.004200  1.788516 15.917002     0.093365   -0.048390    0.003219  
     -1.546802  4.460381 15.917002    -0.036111   -0.062092   -0.001903  
      3.097796  1.788515 15.917002     0.016597    0.056899   -0.001332  
      1.546798  4.465228 15.913116    -0.079883    0.058355    0.000006  
      1.546795  0.893048 18.434530     0.107000   -0.078076    0.000046  
      0.017353  3.582205 18.469529     0.019467   -0.059889   -0.006655  
      4.640396  0.873006 18.469529     0.054405    0.019007   -0.009597  
      3.076238  3.582206 18.469528    -0.031330    0.009784    0.016176  
      0.000000  0.000000  3.611250            0           0           0  
     -1.546800  2.679136  3.611250            0           0           0  
      3.093600  0.000000  3.611250            0           0           0  
      1.546800  2.679136  3.611250            0           0           0  
      0.000000  0.000000 10.926500            0           0           0  
     -1.546800  2.679136 10.926500            0           0           0  
      3.093600  0.000000 10.926500            0           0           0  
      1.546800  2.679136 10.926500            0           0           0  
      0.003370  0.001946 13.697370    -0.000143   -0.007764   -0.033370  
      4.640399  2.679137 13.693483     0.000547   -0.000446    0.000360  
      3.090229  0.001946 13.697369    -0.008860    0.004211    0.080912  
      1.546800  2.675245 13.697370     0.005836    0.005743   -0.048005  
      0.066719  0.038525 20.780262    -0.004119    0.000634    0.001543  
      4.640393  2.679140 20.689473    -0.021514    0.015673    0.000009  
      3.026873  0.038525 20.780261    -0.006837    0.004321   -0.003799  
      1.546795  2.602094 20.780262    -0.002281    0.004735    0.002240  
      1.546809  0.893038 21.844132     0.001341   -0.000989   -0.000014  
 
  19 f  =   16.085974 THz   101.071158 2PiTHz  536.570352 cm-1    66.526215 meV
             X         Y         Z           dx          dy          dz
      0.000031  1.786073  4.861250            0           0           0  
     -1.546769  4.465209  4.861250            0           0           0  
      3.093631  1.786073  4.861250            0           0           0  
      1.546831  4.465209  4.861250            0           0           0  
      0.000000  0.000000  7.269000            0           0           0  
     -1.546800  2.679136  7.269000            0           0           0  
      3.093600  0.000000  7.269000            0           0           0  
      1.546800  2.679136  7.269000            0           0           0  
      1.546769  0.893063  9.676500            0           0           0  
     -0.000031  3.572200  9.676500            0           0           0  
      4.640369  0.893063  9.676500            0           0           0  
      3.093569  3.572200  9.676500            0           0           0  
      1.546799  0.893046 14.581451     0.020388    0.027959    0.000041  
      0.000227  3.572314 14.581810     0.013234   -0.006872   -0.009137  
      4.640399  0.892783 14.581810    -0.018278    0.007299    0.008056  
      3.093371  3.572314 14.581810    -0.014506   -0.027238    0.001053  
      3.093381  5.358150 17.164964    -0.004461   -0.002538    0.003791  
      4.640396  2.679138 17.148229    -0.007808   -0.010723   -0.000018  
      0.000212  5.358150 17.164963    -0.000487    0.000385   -0.000433  
      1.546796  2.679387 17.164964     0.000058   -0.004577   -0.003339  
     -0.019279  1.797222 19.698053    -0.001715   -0.002822   -0.000104  
     -1.546806  4.442973 19.698049    -0.001954   -0.000599   -0.000787  
      3.112869  1.797223 19.698049     0.000079   -0.001510    0.000887  
      1.546794  4.465230 19.781382    -0.001830   -0.002515    0.000004  
      1.546769  0.893063  5.959750            0           0           0  
     -0.000031  3.572200  5.959750            0           0           0  
      4.640369  0.893063  5.959750            0           0           0  
      3.093569  3.572200  5.959750            0           0           0  
      0.000031  1.786073  8.578000            0           0           0  
     -1.546769  4.465209  8.578000            0           0           0  
      3.093631  1.786073  8.578000            0           0           0  
      1.546831  4.465209  8.578000            0           0           0  
     -0.004200  1.788516 15.917002    -0.012645   -0.044148    0.000350  
     -1.546802  4.460381 15.917002    -0.026295    0.085458    0.002589  
      3.097796  1.788515 15.917002     0.092641    0.032567   -0.002953  
      1.546798  4.465228 15.913116    -0.058207   -0.080028    0.000002  
      1.546795  0.893048 18.434530     0.077950    0.107138    0.000036  
      0.017353  3.582205 18.469529    -0.039202    0.008921   -0.014903  
      4.640396  0.873006 18.469529     0.039605   -0.026082    0.013157  
      3.076238  3.582206 18.469528     0.030625    0.059743    0.001700  
      0.000000  0.000000  3.611250            0           0           0  
     -1.546800  2.679136  3.611250            0           0           0  
      3.093600  0.000000  3.611250            0           0           0  
      1.546800  2.679136  3.611250            0           0           0  
      0.000000  0.000000 10.926500            0           0           0  
     -1.546800  2.679136 10.926500            0           0           0  
      3.093600  0.000000 10.926500            0           0           0  
      1.546800  2.679136 10.926500            0           0           0  
      0.003370  0.001946 13.697370    -0.009214   -0.001947   -0.074574  
      4.640399  2.679137 13.693483     0.000414    0.000553    0.000314  
      3.090229  0.001946 13.697369     0.002692    0.006776    0.008546  
      1.546800  2.675245 13.697370     0.004239   -0.007948    0.065690  
      0.066719  0.038525 20.780262    -0.005819   -0.004686    0.003501  
      4.640393  2.679140 20.689473    -0.015674   -0.021525    0.000006  
      3.026873  0.038525 20.780261    -0.002166   -0.002011   -0.000409  
      1.546795  2.602094 20.780262    -0.001659   -0.006553   -0.003096  
      1.546809  0.893038 21.844132     0.000985    0.001357   -0.000003  
 
  20 f  =   16.071030 THz   100.977256 2PiTHz  536.071842 cm-1    66.464408 meV
             X         Y         Z           dx          dy          dz
      0.000031  1.786073  4.861250            0           0           0  
     -1.546769  4.465209  4.861250            0           0           0  
      3.093631  1.786073  4.861250            0           0           0  
      1.546831  4.465209  4.861250            0           0           0  
      0.000000  0.000000  7.269000            0           0           0  
     -1.546800  2.679136  7.269000            0           0           0  
      3.093600  0.000000  7.269000            0           0           0  
      1.546800  2.679136  7.269000            0           0           0  
      1.546769  0.893063  9.676500            0           0           0  
     -0.000031  3.572200  9.676500            0           0           0  
      4.640369  0.893063  9.676500            0           0           0  
      3.093569  3.572200  9.676500            0           0           0  
      1.546799  0.893046 14.581451    -0.042972    0.014346   -0.000211  
      0.000227  3.572314 14.581810     0.008751   -0.035248    0.009697  
      4.640399  0.892783 14.581810     0.044224    0.004519    0.004653  
      3.093371  3.572314 14.581810    -0.009322    0.016150   -0.014221  
      3.093381  5.358150 17.164964    -0.002013    0.007452   -0.004799  
      4.640396  2.679138 17.148229     0.007296   -0.002429    0.000087  
      0.000212  5.358150 17.164963     0.001741   -0.003301    0.007027  
      1.546796  2.679387 17.164964    -0.009445   -0.000891   -0.002308  
     -0.019279  1.797222 19.698053    -0.002449    0.001490   -0.002761  
     -1.546806  4.442973 19.698049     0.000355    0.000902    0.000897  
      3.112869  1.797223 19.698049    -0.001506   -0.001208    0.001871  
      1.546794  4.465230 19.781382    -0.005403    0.001808   -0.000020  
      1.546769  0.893063  5.959750            0           0           0  
     -0.000031  3.572200  5.959750            0           0           0  
      4.640369  0.893063  5.959750            0           0           0  
      3.093569  3.572200  5.959750            0           0           0  
      0.000031  1.786073  8.578000            0           0           0  
     -1.546769  4.465209  8.578000            0           0           0  
      3.093631  1.786073  8.578000            0           0           0  
      1.546831  4.465209  8.578000            0           0           0  
     -0.004200  1.788516 15.917002     0.017939   -0.020674   -0.004079  
     -1.546802  4.460381 15.917002    -0.040924   -0.008637    0.001350  
      3.097796  1.788515 15.917002    -0.000969    0.037008    0.002797  
      1.546798  4.465228 15.913116    -0.096064    0.031965   -0.000046  
      1.546795  0.893048 18.434530     0.088843   -0.029563   -0.000175  
      0.017353  3.582205 18.469529     0.012802   -0.045148    0.006658  
      4.640396  0.873006 18.469529     0.057305    0.005489    0.003198  
      3.076238  3.582206 18.469528    -0.008743    0.019316   -0.009609  
      0.000000  0.000000  3.611250            0           0           0  
     -1.546800  2.679136  3.611250            0           0           0  
      3.093600  0.000000  3.611250            0           0           0  
      1.546800  2.679136  3.611250            0           0           0  
      0.000000  0.000000 10.926500            0           0           0  
     -1.546800  2.679136 10.926500            0           0           0  
      3.093600  0.000000 10.926500            0           0           0  
      1.546800  2.679136 10.926500            0           0           0  
      0.003370  0.001946 13.697370     0.007324    0.000699    0.078675  
      4.640399  2.679137 13.693483     0.015555   -0.005155   -0.001470  
      3.090229  0.001946 13.697369     0.009072   -0.004221   -0.114885  
      1.546800  2.675245 13.697370     0.003926   -0.003127    0.037865  
      0.066719  0.038525 20.780262    -0.007009    0.007990    0.002578  
      4.640393  2.679140 20.689473    -0.005084    0.001694    0.000008  
      3.026873  0.038525 20.780261    -0.003833   -0.001044   -0.003844  
      1.546795  2.602094 20.780262    -0.013212    0.001038    0.001247  
      1.546809  0.893038 21.844132     0.006029   -0.002017    0.000028  
 
  21 f  =   16.070954 THz   100.976784 2PiTHz  536.069336 cm-1    66.464097 meV
             X         Y         Z           dx          dy          dz
      0.000031  1.786073  4.861250            0           0           0  
     -1.546769  4.465209  4.861250            0           0           0  
      3.093631  1.786073  4.861250            0           0           0  
      1.546831  4.465209  4.861250            0           0           0  
      0.000000  0.000000  7.269000            0           0           0  
     -1.546800  2.679136  7.269000            0           0           0  
      3.093600  0.000000  7.269000            0           0           0  
      1.546800  2.679136  7.269000            0           0           0  
      1.546769  0.893063  9.676500            0           0           0  
     -0.000031  3.572200  9.676500            0           0           0  
      4.640369  0.893063  9.676500            0           0           0  
      3.093569  3.572200  9.676500            0           0           0  
      1.546799  0.893046 14.581451     0.014312    0.043040    0.000131  
      0.000227  3.572314 14.581810     0.025503   -0.021069   -0.010944  
      4.640399  0.892783 14.581810    -0.014733    0.015526    0.013782  
      3.093371  3.572314 14.581810    -0.025313   -0.038189   -0.002977  
      3.093381  5.358150 17.164964    -0.005265    0.004597    0.005415  
      4.640396  2.679138 17.148229    -0.002423   -0.007315   -0.000070  
      0.000212  5.358150 17.164963     0.005367    0.008180    0.001474  
      1.546796  2.679387 17.164964     0.003152   -0.003047   -0.006818  
     -0.019279  1.797222 19.698053    -0.000655   -0.000062   -0.000572  
     -1.546806  4.442973 19.698049    -0.000114    0.002804    0.002670  
      3.112869  1.797223 19.698049     0.001975    0.000833   -0.002114  
      1.546794  4.465230 19.781382     0.001801    0.005407    0.000023  
      1.546769  0.893063  5.959750            0           0           0  
     -0.000031  3.572200  5.959750            0           0           0  
      4.640369  0.893063  5.959750            0           0           0  
      3.093569  3.572200  5.959750            0           0           0  
      0.000031  1.786073  8.578000            0           0           0  
     -1.546769  4.465209  8.578000            0           0           0  
      3.093631  1.786073  8.578000            0           0           0  
      1.546831  4.465209  8.578000            0           0           0  
     -0.004200  1.788516 15.917002     0.025764    0.034050   -0.000849  
     -1.546802  4.460381 15.917002     0.013674   -0.024968    0.003943  
      3.097796  1.788515 15.917002    -0.031563    0.014776   -0.003140  
      1.546798  4.465228 15.913116     0.032069    0.095817    0.000015  
      1.546795  0.893048 18.434530    -0.029694   -0.088582    0.000123  
      0.017353  3.582205 18.469529     0.031296   -0.028165   -0.007436  
      4.640396  0.873006 18.469529    -0.019168    0.016607    0.009335  
      3.076238  3.582206 18.469528    -0.032626   -0.049658   -0.002042  
      0.000000  0.000000  3.611250            0           0           0  
     -1.546800  2.679136  3.611250            0           0           0  
      3.093600  0.000000  3.611250            0           0           0  
      1.546800  2.679136  3.611250            0           0           0  
      0.000000  0.000000 10.926500            0           0           0  
     -1.546800  2.679136 10.926500            0           0           0  
      3.093600  0.000000 10.926500            0           0           0  
      1.546800  2.679136 10.926500            0           0           0  
      0.003370  0.001946 13.697370    -0.005131   -0.006096   -0.088550  
      4.640399  2.679137 13.693483    -0.005181   -0.015558    0.001101  
      3.090229  0.001946 13.697369    -0.000296   -0.004452   -0.024075  
      1.546800  2.675245 13.697370    -0.001322   -0.009632    0.111577  
      0.066719  0.038525 20.780262    -0.002651    0.009140   -0.002962  
      4.640393  2.679140 20.689473     0.001702    0.005038    0.000081  
      3.026873  0.038525 20.780261     0.006276    0.012143   -0.000825  
      1.546795  2.602094 20.780262     0.004419    0.002755    0.003696  
      1.546809  0.893038 21.844132    -0.002009   -0.006035   -0.000043  
 
  22 f  =   16.038914 THz   100.775468 2PiTHz  535.000578 cm-1    66.331588 meV
             X         Y         Z           dx          dy          dz
      0.000031  1.786073  4.861250            0           0           0  
     -1.546769  4.465209  4.861250            0           0           0  
      3.093631  1.786073  4.861250            0           0           0  
      1.546831  4.465209  4.861250            0           0           0  
      0.000000  0.000000  7.269000            0           0           0  
     -1.546800  2.679136  7.269000            0           0           0  
      3.093600  0.000000  7.269000            0           0           0  
      1.546800  2.679136  7.269000            0           0           0  
      1.546769  0.893063  9.676500            0           0           0  
     -0.000031  3.572200  9.676500            0           0           0  
      4.640369  0.893063  9.676500            0           0           0  
      3.093569  3.572200  9.676500            0           0           0  
      1.546799  0.893046 14.581451    -0.000636   -0.000180    0.019849  
      0.000227  3.572314 14.581810    -0.047024   -0.027327   -0.005670  
      4.640399  0.892783 14.581810     0.000639    0.054100   -0.005936  
      3.093371  3.572314 14.581810     0.047025   -0.026594   -0.006014  
      3.093381  5.358150 17.164964     0.008910    0.005168    0.002883  
      4.640396  2.679138 17.148229     0.000132    0.000019   -0.009340  
      0.000212  5.358150 17.164963    -0.008895    0.005019    0.003049  
      1.546796  2.679387 17.164964    -0.000120   -0.010251    0.003010  
     -0.019279  1.797222 19.698053     0.003273   -0.001875   -0.000369  
     -1.546806  4.442973 19.698049     0.000009    0.003793   -0.000355  
      3.112869  1.797223 19.698049    -0.003313   -0.001909   -0.000321  
      1.546794  4.465230 19.781382    -0.000052   -0.000015    0.002679  
      1.546769  0.893063  5.959750            0           0           0  
     -0.000031  3.572200  5.959750            0           0           0  
      4.640369  0.893063  5.959750            0           0           0  
      3.093569  3.572200  5.959750            0           0           0  
      0.000031  1.786073  8.578000            0           0           0  
     -1.546769  4.465209  8.578000            0           0           0  
      3.093631  1.786073  8.578000            0           0           0  
      1.546831  4.465209  8.578000            0           0           0  
     -0.004200  1.788516 15.917002     0.011565   -0.006873   -0.002403  
     -1.546802  4.460381 15.917002    -0.000349    0.013953   -0.002411  
      3.097796  1.788515 15.917002    -0.011816   -0.006611   -0.002307  
      1.546798  4.465228 15.913116    -0.000822   -0.000269    0.004409  
      1.546795  0.893048 18.434530     0.000680    0.000242    0.017843  
      0.017353  3.582205 18.469529    -0.007679   -0.004564   -0.007370  
      4.640396  0.873006 18.469529     0.000509    0.008542   -0.007504  
      3.076238  3.582206 18.469528     0.007820   -0.004074   -0.007675  
      0.000000  0.000000  3.611250            0           0           0  
     -1.546800  2.679136  3.611250            0           0           0  
      3.093600  0.000000  3.611250            0           0           0  
      1.546800  2.679136  3.611250            0           0           0  
      0.000000  0.000000 10.926500            0           0           0  
     -1.546800  2.679136 10.926500            0           0           0  
      3.093600  0.000000 10.926500            0           0           0  
      1.546800  2.679136 10.926500            0           0           0  
      0.003370  0.001946 13.697370     0.005530    0.003145   -0.050484  
      4.640399  2.679137 13.693483     0.000157    0.000047    0.153906  
      3.090229  0.001946 13.697369    -0.005292    0.003022   -0.053274  
      1.546800  2.675245 13.697370     0.000008   -0.006296   -0.052618  
      0.066719  0.038525 20.780262     0.007876    0.004617   -0.001541  
      4.640393  2.679140 20.689473     0.000016   -0.000004    0.003979  
      3.026873  0.038525 20.780261    -0.007964    0.004487   -0.001575  
      1.546795  2.602094 20.780262    -0.000161   -0.009118   -0.001545  
      1.546809  0.893038 21.844132     0.000064    0.000015   -0.004052  
 
  23 f  =   15.843358 THz    99.546755 2PiTHz  528.477543 cm-1    65.522835 meV
             X         Y         Z           dx          dy          dz
      0.000031  1.786073  4.861250            0           0           0  
     -1.546769  4.465209  4.861250            0           0           0  
      3.093631  1.786073  4.861250            0           0           0  
      1.546831  4.465209  4.861250            0           0           0  
      0.000000  0.000000  7.269000            0           0           0  
     -1.546800  2.679136  7.269000            0           0           0  
      3.093600  0.000000  7.269000            0           0           0  
      1.546800  2.679136  7.269000            0           0           0  
      1.546769  0.893063  9.676500            0           0           0  
     -0.000031  3.572200  9.676500            0           0           0  
      4.640369  0.893063  9.676500            0           0           0  
      3.093569  3.572200  9.676500            0           0           0  
      1.546799  0.893046 14.581451     0.003477   -0.008979   -0.000020  
      0.000227  3.572314 14.581810    -0.005874    0.008950    0.000627  
      4.640399  0.892783 14.581810    -0.003910   -0.004306   -0.003697  
      3.093371  3.572314 14.581810     0.006384    0.004145    0.003123  
      3.093381  5.358150 17.164964     0.003246   -0.006852   -0.000330  
      4.640396  2.679138 17.148229     0.003611   -0.009245    0.000010  
      0.000212  5.358150 17.164963     0.000319   -0.005712   -0.001654  
      1.546796  2.679387 17.164964     0.002770   -0.003709    0.001964  
     -0.019279  1.797222 19.698053    -0.001001    0.003900   -0.001857  
     -1.546806  4.442973 19.698049    -0.001661    0.003367    0.002223  
      3.112869  1.797223 19.698049    -0.001801    0.004201   -0.000352  
      1.546794  4.465230 19.781382    -0.000741    0.001886    0.000003  
      1.546769  0.893063  5.959750            0           0           0  
     -0.000031  3.572200  5.959750            0           0           0  
      4.640369  0.893063  5.959750            0           0           0  
      3.093569  3.572200  5.959750            0           0           0  
      0.000031  1.786073  8.578000            0           0           0  
     -1.546769  4.465209  8.578000            0           0           0  
      3.093631  1.786073  8.578000            0           0           0  
      1.546831  4.465209  8.578000            0           0           0  
     -0.004200  1.788516 15.917002    -0.086845    0.111454    0.003602  
     -1.546802  4.460381 15.917002    -0.030812    0.156261   -0.004305  
      3.097796  1.788515 15.917002    -0.020012    0.085448    0.000696  
      1.546798  4.465228 15.913116    -0.015587    0.040065    0.000002  
      1.546795  0.893048 18.434530     0.020600   -0.052924   -0.000029  
      0.017353  3.582205 18.469529     0.011979   -0.043829   -0.004290  
      4.640396  0.873006 18.469529     0.016120   -0.071340    0.026558  
      3.076238  3.582206 18.469528     0.037844   -0.053936   -0.022240  
      0.000000  0.000000  3.611250            0           0           0  
     -1.546800  2.679136  3.611250            0           0           0  
      3.093600  0.000000  3.611250            0           0           0  
      1.546800  2.679136  3.611250            0           0           0  
      0.000000  0.000000 10.926500            0           0           0  
     -1.546800  2.679136 10.926500            0           0           0  
      3.093600  0.000000 10.926500            0           0           0  
      1.546800  2.679136 10.926500            0           0           0  
      0.003370  0.001946 13.697370     0.013005   -0.033982    0.005053  
      4.640399  2.679137 13.693483     0.010480   -0.026877   -0.000255  
      3.090229  0.001946 13.697369     0.014192   -0.034438    0.025541  
      1.546800  2.675245 13.697370     0.013177   -0.035206   -0.030427  
      0.066719  0.038525 20.780262    -0.008112    0.016494   -0.001195  
      4.640393  2.679140 20.689473    -0.001787    0.004598   -0.000000  
      3.026873  0.038525 20.780261     0.000275    0.013235   -0.006200  
      1.546795  2.602094 20.780262    -0.006742    0.007644    0.007356  
      1.546809  0.893038 21.844132     0.002183   -0.005573    0.000005  
 
  24 f  =   15.843148 THz    99.545432 2PiTHz  528.470519 cm-1    65.521964 meV
             X         Y         Z           dx          dy          dz
      0.000031  1.786073  4.861250            0           0           0  
     -1.546769  4.465209  4.861250            0           0           0  
      3.093631  1.786073  4.861250            0           0           0  
      1.546831  4.465209  4.861250            0           0           0  
      0.000000  0.000000  7.269000            0           0           0  
     -1.546800  2.679136  7.269000            0           0           0  
      3.093600  0.000000  7.269000            0           0           0  
      1.546800  2.679136  7.269000            0           0           0  
      1.546769  0.893063  9.676500            0           0           0  
     -0.000031  3.572200  9.676500            0           0           0  
      4.640369  0.893063  9.676500            0           0           0  
      3.093569  3.572200  9.676500            0           0           0  
      1.546799  0.893046 14.581451    -0.009023   -0.003489   -0.000016  
      0.000227  3.572314 14.581810    -0.003042   -0.003680    0.003947  
      4.640399  0.892783 14.581810     0.010134   -0.001669   -0.001448  
      3.093371  3.572314 14.581810     0.001737    0.008764   -0.002512  
      3.093381  5.358150 17.164964    -0.003995   -0.000975   -0.002096  
      4.640396  2.679138 17.148229    -0.009236   -0.003603    0.000006  
      0.000212  5.358150 17.164963    -0.005135   -0.003926    0.001328  
      1.546796  2.679387 17.164964    -0.007126   -0.001444    0.000767  
     -0.019279  1.797222 19.698053     0.003742    0.001980    0.001492  
     -1.546806  4.442973 19.698049     0.004278    0.001302    0.000864  
      3.112869  1.797223 19.698049     0.003445    0.001191   -0.002356  
      1.546794  4.465230 19.781382     0.001889    0.000734   -0.000006  
      1.546769  0.893063  5.959750            0           0           0  
     -0.000031  3.572200  5.959750            0           0           0  
      4.640369  0.893063  5.959750            0           0           0  
      3.093569  3.572200  5.959750            0           0           0  
      0.000031  1.786073  8.578000            0           0           0  
     -1.546769  4.465209  8.578000            0           0           0  
      3.093631  1.786073  8.578000            0           0           0  
      1.546831  4.465209  8.578000            0           0           0  
     -0.004200  1.788516 15.917002     0.124010    0.005050   -0.002904  
     -1.546802  4.460381 15.917002     0.079001    0.060911   -0.001671  
      3.097796  1.788515 15.917002     0.150068    0.071697    0.004574  
      1.546798  4.465228 15.913116     0.039954    0.015622    0.000009  
      1.546795  0.893048 18.434530    -0.052863   -0.020625   -0.000015  
      0.017353  3.582205 18.469529    -0.068958   -0.032010   -0.028173  
      4.640396  0.873006 18.469529    -0.041331   -0.027810    0.010360  
      3.076238  3.582206 18.469528    -0.058874   -0.006092    0.017835  
      0.000000  0.000000  3.611250            0           0           0  
     -1.546800  2.679136  3.611250            0           0           0  
      3.093600  0.000000  3.611250            0           0           0  
      1.546800  2.679136  3.611250            0           0           0  
      0.000000  0.000000 10.926500            0           0           0  
     -1.546800  2.679136 10.926500            0           0           0  
      3.093600  0.000000 10.926500            0           0           0  
      1.546800  2.679136 10.926500            0           0           0  
      0.003370  0.001946 13.697370    -0.035116   -0.013910    0.032475  
      4.640399  2.679137 13.693483    -0.026845   -0.010467   -0.000056  
      3.090229  0.001946 13.697369    -0.034640   -0.012770   -0.020536  
      1.546800  2.675245 13.697370    -0.033818   -0.013718   -0.011808  
      0.066719  0.038525 20.780262     0.008418    0.001613   -0.007824  
      4.640393  2.679140 20.689473     0.004605    0.001786   -0.000020  
      3.026873  0.038525 20.780261     0.011680    0.009973    0.004970  
      1.546795  2.602094 20.780262     0.017271    0.002972    0.002878  
      1.546809  0.893038 21.844132    -0.005580   -0.002169    0.000005  
 
  25 f  =   15.369422 THz    96.568927 2PiTHz  512.668739 cm-1    63.562794 meV
             X         Y         Z           dx          dy          dz
      0.000031  1.786073  4.861250            0           0           0  
     -1.546769  4.465209  4.861250            0           0           0  
      3.093631  1.786073  4.861250            0           0           0  
      1.546831  4.465209  4.861250            0           0           0  
      0.000000  0.000000  7.269000            0           0           0  
     -1.546800  2.679136  7.269000            0           0           0  
      3.093600  0.000000  7.269000            0           0           0  
      1.546800  2.679136  7.269000            0           0           0  
      1.546769  0.893063  9.676500            0           0           0  
     -0.000031  3.572200  9.676500            0           0           0  
      4.640369  0.893063  9.676500            0           0           0  
      3.093569  3.572200  9.676500            0           0           0  
      1.546799  0.893046 14.581451     0.000771    0.001517   -0.000005  
      0.000227  3.572314 14.581810    -0.000555   -0.003403    0.000255  
      4.640399  0.892783 14.581810    -0.002197   -0.002332   -0.000291  
      3.093371  3.572314 14.581810    -0.002290   -0.004290    0.000015  
      3.093381  5.358150 17.164964     0.007530    0.019469    0.000878  
      4.640396  2.679138 17.148229     0.005655    0.011290    0.000005  
      0.000212  5.358150 17.164963     0.010886    0.021150    0.000061  
      1.546796  2.679387 17.164964     0.010674    0.017411   -0.000931  
     -0.019279  1.797222 19.698053    -0.000097    0.000664   -0.000421  
     -1.546806  4.442973 19.698049     0.000226    0.006217    0.006362  
      3.112869  1.797223 19.698049     0.004902    0.003179   -0.005962  
      1.546794  4.465230 19.781382     0.004273    0.008502   -0.000010  
      1.546769  0.893063  5.959750            0           0           0  
     -0.000031  3.572200  5.959750            0           0           0  
      4.640369  0.893063  5.959750            0           0           0  
      3.093569  3.572200  5.959750            0           0           0  
      0.000031  1.786073  8.578000            0           0           0  
     -1.546769  4.465209  8.578000            0           0           0  
      3.093631  1.786073  8.578000            0           0           0  
      1.546831  4.465209  8.578000            0           0           0  
     -0.004200  1.788516 15.917002    -0.043093   -0.075633    0.000257  
     -1.546802  4.460381 15.917002    -0.038925   -0.008107   -0.003751  
      3.097796  1.788515 15.917002     0.017334   -0.045218    0.003500  
      1.546798  4.465228 15.913116    -0.054631   -0.109055    0.000005  
      1.546795  0.893048 18.434530    -0.044013   -0.087895   -0.000007  
      0.017353  3.582205 18.469529    -0.054239   -0.083426   -0.031501  
      4.640396  0.873006 18.469529    -0.036723   -0.094916    0.033721  
      3.076238  3.582206 18.469528    -0.035587   -0.074114   -0.002213  
      0.000000  0.000000  3.611250            0           0           0  
     -1.546800  2.679136  3.611250            0           0           0  
      3.093600  0.000000  3.611250            0           0           0  
      1.546800  2.679136  3.611250            0           0           0  
      0.000000  0.000000 10.926500            0           0           0  
     -1.546800  2.679136 10.926500            0           0           0  
      3.093600  0.000000 10.926500            0           0           0  
      1.546800  2.679136 10.926500            0           0           0  
      0.003370  0.001946 13.697370     0.006974    0.030731   -0.002727  
      4.640399  2.679137 13.693483     0.012917    0.025791    0.000034  
      3.090229  0.001946 13.697369     0.019704    0.037137   -0.000154  
      1.546800  2.675245 13.697370     0.018846    0.022902    0.002906  
      0.066719  0.038525 20.780262     0.005910    0.023711   -0.019725  
      4.640393  2.679140 20.689473     0.008198    0.016354   -0.000013  
      3.026873  0.038525 20.780261     0.014922    0.028233   -0.001340  
      1.546795  2.602094 20.780262     0.014304    0.018146    0.021147  
      1.546809  0.893038 21.844132    -0.007863   -0.015657   -0.000016  
 
  26 f  =   15.369233 THz    96.567738 2PiTHz  512.662424 cm-1    63.562011 meV
             X         Y         Z           dx          dy          dz
      0.000031  1.786073  4.861250            0           0           0  
     -1.546769  4.465209  4.861250            0           0           0  
      3.093631  1.786073  4.861250            0           0           0  
      1.546831  4.465209  4.861250            0           0           0  
      0.000000  0.000000  7.269000            0           0           0  
     -1.546800  2.679136  7.269000            0           0           0  
      3.093600  0.000000  7.269000            0           0           0  
      1.546800  2.679136  7.269000            0           0           0  
      1.546769  0.893063  9.676500            0           0           0  
     -0.000031  3.572200  9.676500            0           0           0  
      4.640369  0.893063  9.676500            0           0           0  
      3.093569  3.572200  9.676500            0           0           0  
      1.546799  0.893046 14.581451     0.001531   -0.000765    0.000009  
      0.000227  3.572314 14.581810    -0.003283    0.002806    0.000179  
      4.640399  0.892783 14.581810    -0.004370    0.001175    0.000150  
      3.093371  3.572314 14.581810    -0.002395    0.001048   -0.000302  
      3.093381  5.358150 17.164964     0.019227   -0.011848    0.000577  
      4.640396  2.679138 17.148229     0.011292   -0.005657   -0.000016  
      0.000212  5.358150 17.164963     0.017512   -0.008500   -0.001042  
      1.546796  2.679387 17.164964     0.021294   -0.008740    0.000469  
     -0.019279  1.797222 19.698053     0.006093   -0.003491    0.007118  
     -1.546806  4.442973 19.698049     0.000466   -0.003063   -0.003191  
      3.112869  1.797223 19.698049     0.003494    0.001509   -0.003924  
      1.546794  4.465230 19.781382     0.008514   -0.004261    0.000026  
      1.546769  0.893063  5.959750            0           0           0  
     -0.000031  3.572200  5.959750            0           0           0  
      4.640369  0.893063  5.959750            0           0           0  
      3.093569  3.572200  5.959750            0           0           0  
      0.000031  1.786073  8.578000            0           0           0  
     -1.546769  4.465209  8.578000            0           0           0  
      3.093631  1.786073  8.578000            0           0           0  
      1.546831  4.465209  8.578000            0           0           0  
     -0.004200  1.788516 15.917002    -0.010585   -0.000071   -0.004173  
     -1.546802  4.460381 15.917002    -0.077660    0.004078    0.001871  
      3.097796  1.788515 15.917002    -0.040859    0.060635    0.002297  
      1.546798  4.465228 15.913116    -0.108996    0.054641   -0.000005  
      1.546795  0.893048 18.434530    -0.087838    0.044055    0.000026  
      0.017353  3.582205 18.469529    -0.084937    0.030194   -0.020768  
      4.640396  0.873006 18.469529    -0.073277    0.047596   -0.016908  
      3.076238  3.582206 18.469528    -0.094274    0.048766    0.037668  
      0.000000  0.000000  3.611250            0           0           0  
     -1.546800  2.679136  3.611250            0           0           0  
      3.093600  0.000000  3.611250            0           0           0  
      1.546800  2.679136  3.611250            0           0           0  
      0.000000  0.000000 10.926500            0           0           0  
     -1.546800  2.679136 10.926500            0           0           0  
      3.093600  0.000000 10.926500            0           0           0  
      1.546800  2.679136 10.926500            0           0           0  
      0.003370  0.001946 13.697370     0.029824   -0.023360   -0.001836  
      4.640399  2.679137 13.693483     0.025808   -0.012929   -0.000007  
      3.090229  0.001946 13.697369     0.023394   -0.010607    0.003245  
      1.546800  2.675245 13.697370     0.037577   -0.011514   -0.001484  
      0.066719  0.038525 20.780262     0.023023   -0.017555   -0.013094  
      4.640393  2.679140 20.689473     0.016342   -0.008187    0.000123  
      3.026873  0.038525 20.780261     0.018537   -0.008511    0.023550  
      1.546795  2.602094 20.780262     0.028550   -0.009076   -0.010649  
      1.546809  0.893038 21.844132    -0.015675    0.007850   -0.000018  
 
  27 f  =   15.264683 THz    95.910834 2PiTHz  509.175030 cm-1    63.129629 meV
             X         Y         Z           dx          dy          dz
      0.000031  1.786073  4.861250            0           0           0  
     -1.546769  4.465209  4.861250            0           0           0  
      3.093631  1.786073  4.861250            0           0           0  
      1.546831  4.465209  4.861250            0           0           0  
      0.000000  0.000000  7.269000            0           0           0  
     -1.546800  2.679136  7.269000            0           0           0  
      3.093600  0.000000  7.269000            0           0           0  
      1.546800  2.679136  7.269000            0           0           0  
      1.546769  0.893063  9.676500            0           0           0  
     -0.000031  3.572200  9.676500            0           0           0  
      4.640369  0.893063  9.676500            0           0           0  
      3.093569  3.572200  9.676500            0           0           0  
      1.546799  0.893046 14.581451    -0.000007    0.000024    0.003607  
      0.000227  3.572314 14.581810    -0.002156   -0.001262   -0.001140  
      4.640399  0.892783 14.581810     0.000007    0.002511   -0.001133  
      3.093371  3.572314 14.581810     0.002152   -0.001253   -0.001146  
      3.093381  5.358150 17.164964    -0.010880   -0.006309   -0.002200  
      4.640396  2.679138 17.148229     0.000010   -0.000015    0.012678  
      0.000212  5.358150 17.164963     0.010916   -0.006304   -0.002203  
      1.546796  2.679387 17.164964     0.000026    0.012577   -0.002209  
     -0.019279  1.797222 19.698053    -0.048862    0.028209    0.002965  
     -1.546806  4.442973 19.698049    -0.000018   -0.056445    0.002931  
      3.112869  1.797223 19.698049     0.048868    0.028236    0.002942  
      1.546794  4.465230 19.781382     0.000022   -0.000018   -0.021716  
      1.546769  0.893063  5.959750            0           0           0  
     -0.000031  3.572200  5.959750            0           0           0  
      4.640369  0.893063  5.959750            0           0           0  
      3.093569  3.572200  5.959750            0           0           0  
      0.000031  1.786073  8.578000            0           0           0  
     -1.546769  4.465209  8.578000            0           0           0  
      3.093631  1.786073  8.578000            0           0           0  
      1.546831  4.465209  8.578000            0           0           0  
     -0.004200  1.788516 15.917002    -0.000206    0.000098   -0.000883  
     -1.546802  4.460381 15.917002    -0.000072   -0.000101   -0.000847  
      3.097796  1.788515 15.917002     0.000074    0.000178   -0.000868  
      1.546798  4.465228 15.913116    -0.000129    0.000053    0.001741  
      1.546795  0.893048 18.434530    -0.000038   -0.000080   -0.009809  
      0.017353  3.582205 18.469529     0.010296    0.005986   -0.004334  
      4.640396  0.873006 18.469529    -0.000027   -0.011710   -0.004422  
      3.076238  3.582206 18.469528    -0.010465    0.005999   -0.004287  
      0.000000  0.000000  3.611250            0           0           0  
     -1.546800  2.679136  3.611250            0           0           0  
      3.093600  0.000000  3.611250            0           0           0  
      1.546800  2.679136  3.611250            0           0           0  
      0.000000  0.000000 10.926500            0           0           0  
     -1.546800  2.679136 10.926500            0           0           0  
      3.093600  0.000000 10.926500            0           0           0  
      1.546800  2.679136 10.926500            0           0           0  
      0.003370  0.001946 13.697370    -0.021334   -0.012378   -0.005529  
      4.640399  2.679137 13.693483     0.000007    0.000004    0.015370  
      3.090229  0.001946 13.697369     0.021380   -0.012365   -0.005565  
      1.546800  2.675245 13.697370     0.000048    0.024614   -0.005477  
      0.066719  0.038525 20.780262     0.017316    0.010017    0.052338  
      4.640393  2.679140 20.689473     0.000041   -0.000039   -0.133374  
      3.026873  0.038525 20.780261    -0.017272    0.009994    0.052394  
      1.546795  2.602094 20.780262     0.000003   -0.020039    0.052302  
      1.546809  0.893038 21.844132    -0.000031    0.000025    0.035986  
 
  28 f  =   15.135441 THz    95.098780 2PiTHz  504.863964 cm-1    62.595126 meV
             X         Y         Z           dx          dy          dz
      0.000031  1.786073  4.861250            0           0           0  
     -1.546769  4.465209  4.861250            0           0           0  
      3.093631  1.786073  4.861250            0           0           0  
      1.546831  4.465209  4.861250            0           0           0  
      0.000000  0.000000  7.269000            0           0           0  
     -1.546800  2.679136  7.269000            0           0           0  
      3.093600  0.000000  7.269000            0           0           0  
      1.546800  2.679136  7.269000            0           0           0  
      1.546769  0.893063  9.676500            0           0           0  
     -0.000031  3.572200  9.676500            0           0           0  
      4.640369  0.893063  9.676500            0           0           0  
      3.093569  3.572200  9.676500            0           0           0  
      1.546799  0.893046 14.581451     0.000006   -0.000001   -0.000001  
      0.000227  3.572314 14.581810     0.000833   -0.001415    0.000004  
      4.640399  0.892783 14.581810    -0.001615   -0.000002    0.000000  
      3.093371  3.572314 14.581810     0.000832    0.001420   -0.000004  
      3.093381  5.358150 17.164964    -0.003410    0.005877    0.000003  
      4.640396  2.679138 17.148229    -0.000034   -0.000002   -0.000002  
      0.000212  5.358150 17.164963    -0.003400   -0.005873   -0.000003  
      1.546796  2.679387 17.164964     0.006717    0.000000   -0.000001  
     -0.019279  1.797222 19.698053    -0.000479   -0.000806   -0.000017  
     -1.546806  4.442973 19.698049     0.000948    0.000009   -0.000000  
      3.112869  1.797223 19.698049    -0.000494    0.000797    0.000018  
      1.546794  4.465230 19.781382    -0.000025    0.000001    0.000004  
      1.546769  0.893063  5.959750            0           0           0  
     -0.000031  3.572200  5.959750            0           0           0  
      4.640369  0.893063  5.959750            0           0           0  
      3.093569  3.572200  5.959750            0           0           0  
      0.000031  1.786073  8.578000            0           0           0  
     -1.546769  4.465209  8.578000            0           0           0  
      3.093631  1.786073  8.578000            0           0           0  
      1.546831  4.465209  8.578000            0           0           0  
     -0.004200  1.788516 15.917002    -0.066939   -0.116303    0.000005  
     -1.546802  4.460381 15.917002     0.134357    0.000006    0.000002  
      3.097796  1.788515 15.917002    -0.066935    0.116304   -0.000005  
      1.546798  4.465228 15.913116     0.000021   -0.000006   -0.000000  
      1.546795  0.893048 18.434530    -0.000140   -0.000004   -0.000002  
      0.017353  3.582205 18.469529    -0.047546    0.083147    0.000114  
      4.640396  0.873006 18.469529     0.095801   -0.000002    0.000001  
      3.076238  3.582206 18.469528    -0.047533   -0.083153   -0.000112  
      0.000000  0.000000  3.611250            0           0           0  
     -1.546800  2.679136  3.611250            0           0           0  
      3.093600  0.000000  3.611250            0           0           0  
      1.546800  2.679136  3.611250            0           0           0  
      0.000000  0.000000 10.926500            0           0           0  
     -1.546800  2.679136 10.926500            0           0           0  
      3.093600  0.000000 10.926500            0           0           0  
      1.546800  2.679136 10.926500            0           0           0  
      0.003370  0.001946 13.697370     0.004767   -0.008408    0.000002  
      4.640399  2.679137 13.693483    -0.000103    0.000003   -0.000002  
      3.090229  0.001946 13.697369     0.004763    0.008407    0.000004  
      1.546800  2.675245 13.697370    -0.009746   -0.000003   -0.000001  
      0.066719  0.038525 20.780262     0.006562   -0.011485    0.000039  
      4.640393  2.679140 20.689473    -0.000030   -0.000005    0.000021  
      3.026873  0.038525 20.780261     0.006576    0.011490   -0.000062  
      1.546795  2.602094 20.780262    -0.013241    0.000003   -0.000007  
      1.546809  0.893038 21.844132     0.000031   -0.000002   -0.000005  
 
  29 f  =   14.614022 THz    91.822608 2PiTHz  487.471302 cm-1    60.438711 meV
             X         Y         Z           dx          dy          dz
      0.000031  1.786073  4.861250            0           0           0  
     -1.546769  4.465209  4.861250            0           0           0  
      3.093631  1.786073  4.861250            0           0           0  
      1.546831  4.465209  4.861250            0           0           0  
      0.000000  0.000000  7.269000            0           0           0  
     -1.546800  2.679136  7.269000            0           0           0  
      3.093600  0.000000  7.269000            0           0           0  
      1.546800  2.679136  7.269000            0           0           0  
      1.546769  0.893063  9.676500            0           0           0  
     -0.000031  3.572200  9.676500            0           0           0  
      4.640369  0.893063  9.676500            0           0           0  
      3.093569  3.572200  9.676500            0           0           0  
      1.546799  0.893046 14.581451     0.000774    0.000021    0.000004  
      0.000227  3.572314 14.581810    -0.001319    0.000634   -0.003013  
      4.640399  0.892783 14.581810    -0.002547   -0.000021    0.000103  
      3.093371  3.572314 14.581810    -0.001348   -0.000768    0.002900  
      3.093381  5.358150 17.164964     0.003132    0.010419   -0.008607  
      4.640396  2.679138 17.148229     0.017758    0.000569    0.000002  
      0.000212  5.358150 17.164963     0.002452   -0.011021    0.008301  
      1.546796  2.679387 17.164964    -0.015793    0.000291    0.000308  
     -0.019279  1.797222 19.698053     0.000108    0.035578   -0.023558  
     -1.546806  4.442973 19.698049     0.058519   -0.000679   -0.000879  
      3.112869  1.797223 19.698049    -0.002032   -0.033100    0.024444  
      1.546794  4.465230 19.781382    -0.048594   -0.001544   -0.000003  
      1.546769  0.893063  5.959750            0           0           0  
     -0.000031  3.572200  5.959750            0           0           0  
      4.640369  0.893063  5.959750            0           0           0  
      3.093569  3.572200  5.959750            0           0           0  
      0.000031  1.786073  8.578000            0           0           0  
     -1.546769  4.465209  8.578000            0           0           0  
      3.093631  1.786073  8.578000            0           0           0  
      1.546831  4.465209  8.578000            0           0           0  
     -0.004200  1.788516 15.917002     0.011419   -0.018585    0.005853  
     -1.546802  4.460381 15.917002    -0.019847    0.000660    0.000203  
      3.097796  1.788515 15.917002     0.012554    0.017966   -0.006066  
      1.546798  4.465228 15.913116    -0.031395   -0.000982    0.000012  
      1.546795  0.893048 18.434530    -0.059688   -0.001875   -0.000019  
      0.017353  3.582205 18.469529     0.015635    0.015707    0.005059  
      4.640396  0.873006 18.469529    -0.012573    0.000714   -0.000158  
      3.076238  3.582206 18.469528     0.014669   -0.015932   -0.004874  
      0.000000  0.000000  3.611250            0           0           0  
     -1.546800  2.679136  3.611250            0           0           0  
      3.093600  0.000000  3.611250            0           0           0  
      1.546800  2.679136  3.611250            0           0           0  
      0.000000  0.000000 10.926500            0           0           0  
     -1.546800  2.679136 10.926500            0           0           0  
      3.093600  0.000000 10.926500            0           0           0  
      1.546800  2.679136 10.926500            0           0           0  
      0.003370  0.001946 13.697370     0.005937    0.019559   -0.010110  
      4.640399  2.679137 13.693483     0.045895    0.001441    0.000023  
      3.090229  0.001946 13.697369     0.004668   -0.020716    0.009743  
      1.546800  2.675245 13.697370    -0.029657    0.000553    0.000354  
      0.066719  0.038525 20.780262    -0.021525   -0.031934    0.089090  
      4.640393  2.679140 20.689473    -0.030873   -0.000980   -0.000016  
      3.026873  0.038525 20.780261    -0.019501    0.033066   -0.085883  
      1.546795  2.602094 20.780262     0.035887   -0.001263   -0.003210  
      1.546809  0.893038 21.844132     0.063446    0.002010    0.000029  
 
  30 f  =   14.613598 THz    91.819942 2PiTHz  487.457145 cm-1    60.436956 meV
             X         Y         Z           dx          dy          dz
      0.000031  1.786073  4.861250            0           0           0  
     -1.546769  4.465209  4.861250            0           0           0  
      3.093631  1.786073  4.861250            0           0           0  
      1.546831  4.465209  4.861250            0           0           0  
      0.000000  0.000000  7.269000            0           0           0  
     -1.546800  2.679136  7.269000            0           0           0  
      3.093600  0.000000  7.269000            0           0           0  
      1.546800  2.679136  7.269000            0           0           0  
      1.546769  0.893063  9.676500            0           0           0  
     -0.000031  3.572200  9.676500            0           0           0  
      4.640369  0.893063  9.676500            0           0           0  
      3.093569  3.572200  9.676500            0           0           0  
      1.546799  0.893046 14.581451     0.000032   -0.000790   -0.000002  
      0.000227  3.572314 14.581810    -0.000756    0.002179    0.001618  
      4.640399  0.892783 14.581810    -0.000088    0.000916   -0.003430  
      3.093371  3.572314 14.581810     0.000669    0.002128    0.001807  
      3.093381  5.358150 17.164964    -0.010637    0.009933    0.004614  
      4.640396  2.679138 17.148229     0.000556   -0.017764    0.000005  
      0.000212  5.358150 17.164963     0.010810    0.009256    0.005148  
      1.546796  2.679387 17.164964    -0.000499   -0.008967   -0.009766  
     -0.019279  1.797222 19.698053    -0.034404   -0.037613   -0.014623  
     -1.546806  4.442973 19.698049     0.001849    0.020762    0.027732  
      3.112869  1.797223 19.698049     0.034340   -0.039782   -0.013108  
      1.546794  4.465230 19.781382    -0.001534    0.048636   -0.000009  
      1.546769  0.893063  5.959750            0           0           0  
     -0.000031  3.572200  5.959750            0           0           0  
      4.640369  0.893063  5.959750            0           0           0  
      3.093569  3.572200  5.959750            0           0           0  
      0.000031  1.786073  8.578000            0           0           0  
     -1.546769  4.465209  8.578000            0           0           0  
      3.093631  1.786073  8.578000            0           0           0  
      1.546831  4.465209  8.578000            0           0           0  
     -0.004200  1.788516 15.917002     0.018599    0.008616    0.003649  
     -1.546802  4.460381 15.917002    -0.000630   -0.022330   -0.006926  
      3.097796  1.788515 15.917002    -0.017777    0.009804    0.003286  
      1.546798  4.465228 15.913116    -0.001026    0.031106    0.000001  
      1.546795  0.893048 18.434530    -0.001929    0.059440   -0.000016  
      0.017353  3.582205 18.469529    -0.015205    0.003807   -0.002667  
      4.640396  0.873006 18.469529    -0.000412   -0.024013    0.005690  
      3.076238  3.582206 18.469528     0.016233    0.002742   -0.002991  
      0.000000  0.000000  3.611250            0           0           0  
     -1.546800  2.679136  3.611250            0           0           0  
      3.093600  0.000000  3.611250            0           0           0  
      1.546800  2.679136  3.611250            0           0           0  
      0.000000  0.000000 10.926500            0           0           0  
     -1.546800  2.679136 10.926500            0           0           0  
      3.093600  0.000000 10.926500            0           0           0  
      1.546800  2.679136 10.926500            0           0           0  
      0.003370  0.001946 13.697370    -0.020068    0.018691    0.005429  
      4.640399  2.679137 13.693483     0.001446   -0.045965   -0.000007  
      3.090229  0.001946 13.697369     0.020404    0.017437    0.006072  
      1.546800  2.675245 13.697370    -0.000921   -0.016956   -0.011478  
      0.066719  0.038525 20.780262     0.031935   -0.018168   -0.047705  
      4.640393  2.679140 20.689473    -0.000949    0.031016   -0.000070  
      3.026873  0.038525 20.780261    -0.033250   -0.016122   -0.053260  
      1.546795  2.602094 20.780262     0.001113    0.039241    0.101047  
      1.546809  0.893038 21.844132     0.002010   -0.063456    0.000013  
 
  31 f  =   14.362150 THz    90.240048 2PiTHz  479.069745 cm-1    59.397052 meV
             X         Y         Z           dx          dy          dz
      0.000031  1.786073  4.861250            0           0           0  
     -1.546769  4.465209  4.861250            0           0           0  
      3.093631  1.786073  4.861250            0           0           0  
      1.546831  4.465209  4.861250            0           0           0  
      0.000000  0.000000  7.269000            0           0           0  
     -1.546800  2.679136  7.269000            0           0           0  
      3.093600  0.000000  7.269000            0           0           0  
      1.546800  2.679136  7.269000            0           0           0  
      1.546769  0.893063  9.676500            0           0           0  
     -0.000031  3.572200  9.676500            0           0           0  
      4.640369  0.893063  9.676500            0           0           0  
      3.093569  3.572200  9.676500            0           0           0  
      1.546799  0.893046 14.581451     0.000040   -0.000387    0.000003  
      0.000227  3.572314 14.581810     0.001236    0.000763   -0.000804  
      4.640399  0.892783 14.581810    -0.000003    0.003532    0.001962  
      3.093371  3.572314 14.581810    -0.001789    0.001080   -0.001162  
      3.093381  5.358150 17.164964    -0.000220    0.001150   -0.001425  
      4.640396  2.679138 17.148229    -0.000785    0.007518    0.000007  
      0.000212  5.358150 17.164963     0.000009    0.001139   -0.002061  
      1.546796  2.679387 17.164964    -0.000117    0.000939    0.003475  
     -0.019279  1.797222 19.698053     0.005887    0.010952    0.003402  
     -1.546806  4.442973 19.698049    -0.001612    0.000595   -0.005733  
      3.112869  1.797223 19.698049    -0.006772    0.012302    0.002347  
      1.546794  4.465230 19.781382     0.001625   -0.015427   -0.000016  
      1.546769  0.893063  5.959750            0           0           0  
     -0.000031  3.572200  5.959750            0           0           0  
      4.640369  0.893063  5.959750            0           0           0  
      3.093569  3.572200  5.959750            0           0           0  
      0.000031  1.786073  8.578000            0           0           0  
     -1.546769  4.465209  8.578000            0           0           0  
      3.093631  1.786073  8.578000            0           0           0  
      1.546831  4.465209  8.578000            0           0           0  
     -0.004200  1.788516 15.917002     0.053216   -0.007121   -0.003039  
     -1.546802  4.460381 15.917002    -0.002628   -0.084186    0.005118  
      3.097796  1.788515 15.917002    -0.041421    0.002658   -0.002109  
      1.546798  4.465228 15.913116    -0.009864    0.094988    0.000025  
      1.546795  0.893048 18.434530    -0.009616    0.092776   -0.000005  
      0.017353  3.582205 18.469529    -0.070589   -0.010054   -0.010045  
      4.640396  0.873006 18.469529    -0.003048   -0.161405    0.024479  
      3.076238  3.582206 18.469528     0.094196   -0.027103   -0.014434  
      0.000000  0.000000  3.611250            0           0           0  
     -1.546800  2.679136  3.611250            0           0           0  
      3.093600  0.000000  3.611250            0           0           0  
      1.546800  2.679136  3.611250            0           0           0  
      0.000000  0.000000 10.926500            0           0           0  
     -1.546800  2.679136 10.926500            0           0           0  
      3.093600  0.000000 10.926500            0           0           0  
      1.546800  2.679136 10.926500            0           0           0  
      0.003370  0.001946 13.697370     0.018751   -0.020481   -0.000734  
      4.640399  2.679137 13.693483    -0.000489    0.004537   -0.000044  
      3.090229  0.001946 13.697369    -0.019516   -0.016466   -0.001090  
      1.546800  2.675245 13.697370     0.003079    0.014797    0.001875  
      0.066719  0.038525 20.780262    -0.013809    0.031923    0.003894  
      4.640393  2.679140 20.689473     0.005376   -0.051580   -0.000095  
      3.026873  0.038525 20.780261     0.010373    0.029369    0.005683  
      1.546795  2.602094 20.780262    -0.003915    0.009657   -0.009473  
      1.546809  0.893038 21.844132    -0.000185    0.001491   -0.000013  
 
  32 f  =   14.361941 THz    90.238734 2PiTHz  479.062769 cm-1    59.396187 meV
             X         Y         Z           dx          dy          dz
      0.000031  1.786073  4.861250            0           0           0  
     -1.546769  4.465209  4.861250            0           0           0  
      3.093631  1.786073  4.861250            0           0           0  
      1.546831  4.465209  4.861250            0           0           0  
      0.000000  0.000000  7.269000            0           0           0  
     -1.546800  2.679136  7.269000            0           0           0  
      3.093600  0.000000  7.269000            0           0           0  
      1.546800  2.679136  7.269000            0           0           0  
      1.546769  0.893063  9.676500            0           0           0  
     -0.000031  3.572200  9.676500            0           0           0  
      4.640369  0.893063  9.676500            0           0           0  
      3.093569  3.572200  9.676500            0           0           0  
      1.546799  0.893046 14.581451    -0.000392   -0.000043   -0.000002  
      0.000227  3.572314 14.581810     0.002820    0.001604   -0.001809  
      4.640399  0.892783 14.581810     0.000047    0.000366    0.000200  
      3.093371  3.572314 14.581810     0.002511   -0.001407    0.001604  
      3.093381  5.358150 17.164964     0.000974    0.000043   -0.003212  
      4.640396  2.679138 17.148229     0.007553    0.000773    0.000003  
      0.000212  5.358150 17.164963     0.001027    0.000202    0.002858  
      1.546796  2.679387 17.164964     0.001188    0.000100    0.000357  
     -0.019279  1.797222 19.698053     0.004915    0.007625   -0.004737  
     -1.546806  4.442973 19.698049     0.015411    0.000068   -0.000585  
      3.112869  1.797223 19.698049     0.003630   -0.005240    0.005323  
      1.546794  4.465230 19.781382    -0.015546   -0.001583   -0.000001  
      1.546769  0.893063  5.959750            0           0           0  
     -0.000031  3.572200  5.959750            0           0           0  
      4.640369  0.893063  5.959750            0           0           0  
      3.093569  3.572200  5.959750            0           0           0  
      0.000031  1.786073  8.578000            0           0           0  
     -1.546769  4.465209  8.578000            0           0           0  
      3.093631  1.786073  8.578000            0           0           0  
      1.546831  4.465209  8.578000            0           0           0  
     -0.004200  1.788516 15.917002    -0.051997    0.046925    0.004187  
     -1.546802  4.460381 15.917002     0.025225   -0.008754    0.000532  
      3.097796  1.788515 15.917002    -0.061836   -0.047391   -0.004717  
      1.546798  4.465228 15.913116     0.094940    0.009865    0.000008  
      1.546795  0.893048 18.434530     0.092693    0.009651   -0.000004  
      0.017353  3.582205 18.469529    -0.122390   -0.084075   -0.022443  
      4.640396  0.873006 18.469529     0.029318   -0.016764    0.002552  
      3.076238  3.582206 18.469528    -0.105267    0.080216    0.019903  
      0.000000  0.000000  3.611250            0           0           0  
     -1.546800  2.679136  3.611250            0           0           0  
      3.093600  0.000000  3.611250            0           0           0  
      1.546800  2.679136  3.611250            0           0           0  
      0.000000  0.000000 10.926500            0           0           0  
     -1.546800  2.679136 10.926500            0           0           0  
      3.093600  0.000000 10.926500            0           0           0  
      1.546800  2.679136 10.926500            0           0           0  
      0.003370  0.001946 13.697370     0.005652    0.017323   -0.001722  
      4.640399  2.679137 13.693483     0.004633    0.000452   -0.000004  
      3.090229  0.001946 13.697369     0.001712   -0.021155    0.001551  
      1.546800  2.675245 13.697370    -0.029562    0.001536    0.000182  
      0.066719  0.038525 20.780262     0.015381   -0.009047    0.008902  
      4.640393  2.679140 20.689473    -0.051683   -0.005337   -0.000002  
      3.026873  0.038525 20.780261     0.017853    0.015399   -0.007945  
      1.546795  2.602094 20.780262     0.037671    0.001013   -0.000959  
      1.546809  0.893038 21.844132     0.001646    0.000133    0.000005  
 
  33 f  =   13.789771 THz    86.643684 2PiTHz  459.977235 cm-1    57.029883 meV
             X         Y         Z           dx          dy          dz
      0.000031  1.786073  4.861250            0           0           0  
     -1.546769  4.465209  4.861250            0           0           0  
      3.093631  1.786073  4.861250            0           0           0  
      1.546831  4.465209  4.861250            0           0           0  
      0.000000  0.000000  7.269000            0           0           0  
     -1.546800  2.679136  7.269000            0           0           0  
      3.093600  0.000000  7.269000            0           0           0  
      1.546800  2.679136  7.269000            0           0           0  
      1.546769  0.893063  9.676500            0           0           0  
     -0.000031  3.572200  9.676500            0           0           0  
      4.640369  0.893063  9.676500            0           0           0  
      3.093569  3.572200  9.676500            0           0           0  
      1.546799  0.893046 14.581451     0.000003    0.000000    0.018284  
      0.000227  3.572314 14.581810    -0.003559   -0.002081   -0.005955  
      4.640399  0.892783 14.581810     0.000008    0.004131   -0.005939  
      3.093371  3.572314 14.581810     0.003563   -0.002074   -0.005975  
      3.093381  5.358150 17.164964     0.005885    0.003412   -0.002117  
      4.640396  2.679138 17.148229     0.000010   -0.000020    0.003244  
      0.000212  5.358150 17.164963    -0.005878    0.003406   -0.002116  
      1.546796  2.679387 17.164964    -0.000002   -0.006809   -0.002122  
     -0.019279  1.797222 19.698053     0.007841   -0.004542    0.001272  
     -1.546806  4.442973 19.698049     0.000010    0.009079    0.001287  
      3.112869  1.797223 19.698049    -0.007845   -0.004556    0.001276  
      1.546794  4.465230 19.781382    -0.000007    0.000020    0.005978  
      1.546769  0.893063  5.959750            0           0           0  
     -0.000031  3.572200  5.959750            0           0           0  
      4.640369  0.893063  5.959750            0           0           0  
      3.093569  3.572200  5.959750            0           0           0  
      0.000031  1.786073  8.578000            0           0           0  
     -1.546769  4.465209  8.578000            0           0           0  
      3.093631  1.786073  8.578000            0           0           0  
      1.546831  4.465209  8.578000            0           0           0  
     -0.004200  1.788516 15.917002     0.028483   -0.016481   -0.032660  
     -1.546802  4.460381 15.917002     0.000011    0.033003   -0.032485  
      3.097796  1.788515 15.917002    -0.028515   -0.016515   -0.032554  
      1.546798  4.465228 15.913116    -0.000030   -0.000008    0.093337  
      1.546795  0.893048 18.434530     0.000005   -0.000025   -0.004451  
      0.017353  3.582205 18.469529    -0.007470   -0.004319    0.000576  
      4.640396  0.873006 18.469529    -0.000004    0.008721    0.000577  
      3.076238  3.582206 18.469528     0.007430   -0.004302    0.000619  
      0.000000  0.000000  3.611250            0           0           0  
     -1.546800  2.679136  3.611250            0           0           0  
      3.093600  0.000000  3.611250            0           0           0  
      1.546800  2.679136  3.611250            0           0           0  
      0.000000  0.000000 10.926500            0           0           0  
     -1.546800  2.679136 10.926500            0           0           0  
      3.093600  0.000000 10.926500            0           0           0  
      1.546800  2.679136 10.926500            0           0           0  
      0.003370  0.001946 13.697370    -0.100852   -0.058347    0.009462  
      4.640399  2.679137 13.693483    -0.000090    0.000075   -0.022863  
      3.090229  0.001946 13.697369     0.100807   -0.058249    0.009482  
      1.546800  2.675245 13.697370     0.000073    0.116601    0.009460  
      0.066719  0.038525 20.780262     0.036388    0.021064   -0.011192  
      4.640393  2.679140 20.689473     0.000073   -0.000042    0.023927  
      3.026873  0.038525 20.780261    -0.036398    0.021009   -0.011243  
      1.546795  2.602094 20.780262    -0.000055   -0.042034   -0.011165  
      1.546809  0.893038 21.844132     0.000038   -0.000035   -0.028487  
 
  34 f  =   13.653843 THz    85.789629 2PiTHz  455.443194 cm-1    56.467734 meV
             X         Y         Z           dx          dy          dz
      0.000031  1.786073  4.861250            0           0           0  
     -1.546769  4.465209  4.861250            0           0           0  
      3.093631  1.786073  4.861250            0           0           0  
      1.546831  4.465209  4.861250            0           0           0  
      0.000000  0.000000  7.269000            0           0           0  
     -1.546800  2.679136  7.269000            0           0           0  
      3.093600  0.000000  7.269000            0           0           0  
      1.546800  2.679136  7.269000            0           0           0  
      1.546769  0.893063  9.676500            0           0           0  
     -0.000031  3.572200  9.676500            0           0           0  
      4.640369  0.893063  9.676500            0           0           0  
      3.093569  3.572200  9.676500            0           0           0  
      1.546799  0.893046 14.581451    -0.000430    0.000198   -0.000020  
      0.000227  3.572314 14.581810     0.002405   -0.004297    0.008075  
      4.640399  0.892783 14.581810     0.005530    0.000050    0.005661  
      3.093371  3.572314 14.581810     0.000201    0.000595   -0.013715  
      3.093381  5.358150 17.164964    -0.000803    0.007243   -0.001430  
      4.640396  2.679138 17.148229     0.010449   -0.004700   -0.000007  
      0.000212  5.358150 17.164963     0.003918   -0.003216    0.002439  
      1.546796  2.679387 17.164964    -0.007498   -0.002050   -0.001002  
     -0.019279  1.797222 19.698053    -0.006946    0.006149   -0.006301  
     -1.546806  4.442973 19.698049     0.016739    0.003735    0.002597  
      3.112869  1.797223 19.698049     0.002817   -0.015561    0.003704  
      1.546794  4.465230 19.781382    -0.013759    0.006184   -0.000002  
      1.546769  0.893063  5.959750            0           0           0  
     -0.000031  3.572200  5.959750            0           0           0  
      4.640369  0.893063  5.959750            0           0           0  
      3.093569  3.572200  5.959750            0           0           0  
      0.000031  1.786073  8.578000            0           0           0  
     -1.546769  4.465209  8.578000            0           0           0  
      3.093631  1.786073  8.578000            0           0           0  
      1.546831  4.465209  8.578000            0           0           0  
     -0.004200  1.788516 15.917002    -0.017994    0.013959   -0.073824  
     -1.546802  4.460381 15.917002     0.028027    0.009235    0.030462  
      3.097796  1.788515 15.917002     0.001009   -0.028170    0.043464  
      1.546798  4.465228 15.913116    -0.011830    0.005318   -0.000099  
      1.546795  0.893048 18.434530     0.012674   -0.005671   -0.000005  
      0.017353  3.582205 18.469529    -0.018934   -0.011166   -0.017501  
      4.640396  0.873006 18.469529     0.000294    0.015374   -0.012227  
      3.076238  3.582206 18.469528    -0.032373    0.018689    0.029737  
      0.000000  0.000000  3.611250            0           0           0  
     -1.546800  2.679136  3.611250            0           0           0  
      3.093600  0.000000  3.611250            0           0           0  
      1.546800  2.679136  3.611250            0           0           0  
      0.000000  0.000000 10.926500            0           0           0  
     -1.546800  2.679136 10.926500            0           0           0  
      3.093600  0.000000 10.926500            0           0           0  
      1.546800  2.679136 10.926500            0           0           0  
      0.003370  0.001946 13.697370     0.015636   -0.078763   -0.012120  
      4.640399  2.679137 13.693483    -0.094988    0.042669    0.000032  
      3.090229  0.001946 13.697369    -0.033624    0.030369    0.020577  
      1.546800  2.675245 13.697370     0.085498    0.018057   -0.008488  
      0.066719  0.038525 20.780262    -0.021245    0.050311    0.033311  
      4.640393  2.679140 20.689473     0.074629   -0.033473    0.000013  
      3.026873  0.038525 20.780261     0.006598   -0.011677   -0.056606  
      1.546795  2.602094 20.780262    -0.060970   -0.004698    0.023302  
      1.546809  0.893038 21.844132     0.046002   -0.020651    0.000001  
 
  35 f  =   13.653459 THz    85.787210 2PiTHz  455.430354 cm-1    56.466142 meV
             X         Y         Z           dx          dy          dz
      0.000031  1.786073  4.861250            0           0           0  
     -1.546769  4.465209  4.861250            0           0           0  
      3.093631  1.786073  4.861250            0           0           0  
      1.546831  4.465209  4.861250            0           0           0  
      0.000000  0.000000  7.269000            0           0           0  
     -1.546800  2.679136  7.269000            0           0           0  
      3.093600  0.000000  7.269000            0           0           0  
      1.546800  2.679136  7.269000            0           0           0  
      1.546769  0.893063  9.676500            0           0           0  
     -0.000031  3.572200  9.676500            0           0           0  
      4.640369  0.893063  9.676500            0           0           0  
      3.093569  3.572200  9.676500            0           0           0  
      1.546799  0.893046 14.581451     0.000199    0.000447   -0.000007  
      0.000227  3.572314 14.581810     0.001865   -0.003026   -0.011186  
      4.640399  0.892783 14.581810    -0.002484    0.000114    0.012597  
      3.093371  3.572314 14.581810    -0.003028   -0.005222   -0.001397  
      3.093381  5.358150 17.164964    -0.005935    0.002156    0.001984  
      4.640396  2.679138 17.148229    -0.004691   -0.010467   -0.000010  
      0.000212  5.358150 17.164963     0.004543    0.006854    0.000250  
      1.546796  2.679387 17.164964     0.003369   -0.004589   -0.002234  
     -0.019279  1.797222 19.698053    -0.009930   -0.015370   -0.000645  
     -1.546806  4.442973 19.698049    -0.007511    0.008348    0.005798  
      3.112869  1.797223 19.698049     0.011783   -0.005627   -0.005134  
      1.546794  4.465230 19.781382     0.006174    0.013787    0.000006  
      1.546769  0.893063  5.959750            0           0           0  
     -0.000031  3.572200  5.959750            0           0           0  
      4.640369  0.893063  5.959750            0           0           0  
      3.093569  3.572200  5.959750            0           0           0  
      0.000031  1.786073  8.578000            0           0           0  
     -1.546769  4.465209  8.578000            0           0           0  
      3.093631  1.786073  8.578000            0           0           0  
      1.546831  4.465209  8.578000            0           0           0  
     -0.004200  1.788516 15.917002    -0.017289   -0.025334   -0.007531  
     -1.546802  4.460381 15.917002    -0.012604    0.020622    0.067798  
      3.097796  1.788515 15.917002     0.024909   -0.006415   -0.060223  
      1.546798  4.465228 15.913116     0.005303    0.011846   -0.000042  
      1.546795  0.893048 18.434530    -0.005690   -0.012614    0.000018  
      0.017353  3.582205 18.469529     0.026454    0.015052    0.024197  
      4.640396  0.873006 18.469529    -0.000140    0.034222   -0.027217  
      3.076238  3.582206 18.469528    -0.003427    0.001652    0.003002  
      0.000000  0.000000  3.611250            0           0           0  
     -1.546800  2.679136  3.611250            0           0           0  
      3.093600  0.000000  3.611250            0           0           0  
      1.546800  2.679136  3.611250            0           0           0  
      0.000000  0.000000 10.926500            0           0           0  
     -1.546800  2.679136 10.926500            0           0           0  
      3.093600  0.000000 10.926500            0           0           0  
      1.546800  2.679136 10.926500            0           0           0  
      0.003370  0.001946 13.697370     0.058649   -0.029502    0.016788  
      4.640399  2.679137 13.693483     0.042671    0.095043    0.000006  
      3.090229  0.001946 13.697369    -0.050607   -0.078526    0.002103  
      1.546800  2.675245 13.697370    -0.038397    0.040414   -0.018897  
      0.066719  0.038525 20.780262    -0.027667    0.029111   -0.046108  
      4.640393  2.679140 20.689473    -0.033501   -0.074514   -0.000022  
      3.026873  0.038525 20.780261     0.034237    0.056937   -0.005760  
      1.546795  2.602094 20.780262     0.027381   -0.010498    0.051908  
      1.546809  0.893038 21.844132    -0.020652   -0.045995   -0.000115  
 
  36 f  =   13.141893 THz    82.572948 2PiTHz  438.366361 cm-1    54.350477 meV
             X         Y         Z           dx          dy          dz
      0.000031  1.786073  4.861250            0           0           0  
     -1.546769  4.465209  4.861250            0           0           0  
      3.093631  1.786073  4.861250            0           0           0  
      1.546831  4.465209  4.861250            0           0           0  
      0.000000  0.000000  7.269000            0           0           0  
     -1.546800  2.679136  7.269000            0           0           0  
      3.093600  0.000000  7.269000            0           0           0  
      1.546800  2.679136  7.269000            0           0           0  
      1.546769  0.893063  9.676500            0           0           0  
     -0.000031  3.572200  9.676500            0           0           0  
      4.640369  0.893063  9.676500            0           0           0  
      3.093569  3.572200  9.676500            0           0           0  
      1.546799  0.893046 14.581451    -0.000000   -0.000031    0.002685  
      0.000227  3.572314 14.581810    -0.002489   -0.001360    0.001624  
      4.640399  0.892783 14.581810     0.000006    0.002794    0.001502  
      3.093371  3.572314 14.581810     0.002494   -0.001358    0.001615  
      3.093381  5.358150 17.164964     0.012371    0.007021   -0.009592  
      4.640396  2.679138 17.148229     0.000018    0.000110   -0.013750  
      0.000212  5.358150 17.164963    -0.012372    0.007001   -0.009577  
      1.546796  2.679387 17.164964    -0.000017   -0.014165   -0.009633  
     -0.019279  1.797222 19.698053     0.016369   -0.009376    0.017402  
     -1.546806  4.442973 19.698049     0.000020    0.018841    0.017361  
      3.112869  1.797223 19.698049    -0.016368   -0.009399    0.017415  
      1.546794  4.465230 19.781382    -0.000019   -0.000097    0.004462  
      1.546769  0.893063  5.959750            0           0           0  
     -0.000031  3.572200  5.959750            0           0           0  
      4.640369  0.893063  5.959750            0           0           0  
      3.093569  3.572200  5.959750            0           0           0  
      0.000031  1.786073  8.578000            0           0           0  
     -1.546769  4.465209  8.578000            0           0           0  
      3.093631  1.786073  8.578000            0           0           0  
      1.546831  4.465209  8.578000            0           0           0  
     -0.004200  1.788516 15.917002     0.002282   -0.001145   -0.004277  
     -1.546802  4.460381 15.917002     0.000017    0.002488   -0.004836  
      3.097796  1.788515 15.917002    -0.002293   -0.001163   -0.004220  
      1.546798  4.465228 15.913116    -0.000018   -0.000219    0.000758  
      1.546795  0.893048 18.434530    -0.000012   -0.000194    0.037492  
      0.017353  3.582205 18.469529     0.002238    0.001472   -0.001925  
      4.640396  0.873006 18.469529     0.000011   -0.002485   -0.002538  
      3.076238  3.582206 18.469528    -0.002246    0.001486   -0.001961  
      0.000000  0.000000  3.611250            0           0           0  
     -1.546800  2.679136  3.611250            0           0           0  
      3.093600  0.000000  3.611250            0           0           0  
      1.546800  2.679136  3.611250            0           0           0  
      0.000000  0.000000 10.926500            0           0           0  
     -1.546800  2.679136 10.926500            0           0           0  
      3.093600  0.000000 10.926500            0           0           0  
      1.546800  2.679136 10.926500            0           0           0  
      0.003370  0.001946 13.697370    -0.001029   -0.000131    0.010231  
      4.640399  2.679137 13.693483    -0.000051   -0.000399   -0.009936  
      3.090229  0.001946 13.697369     0.001015   -0.000108    0.010265  
      1.546800  2.675245 13.697370     0.000034    0.000476    0.010481  
      0.066719  0.038525 20.780262    -0.028962   -0.016106    0.039144  
      4.640393  2.679140 20.689473    -0.000027   -0.000618   -0.089843  
      3.026873  0.038525 20.780261     0.028958   -0.016059    0.039180  
      1.546795  2.602094 20.780262     0.000027    0.032943    0.039838  
      1.546809  0.893038 21.844132     0.000015   -0.000196   -0.285228  
 
  37 f  =   13.108703 THz    82.364409 2PiTHz  437.259260 cm-1    54.213214 meV
             X         Y         Z           dx          dy          dz
      0.000031  1.786073  4.861250            0           0           0  
     -1.546769  4.465209  4.861250            0           0           0  
      3.093631  1.786073  4.861250            0           0           0  
      1.546831  4.465209  4.861250            0           0           0  
      0.000000  0.000000  7.269000            0           0           0  
     -1.546800  2.679136  7.269000            0           0           0  
      3.093600  0.000000  7.269000            0           0           0  
      1.546800  2.679136  7.269000            0           0           0  
      1.546769  0.893063  9.676500            0           0           0  
     -0.000031  3.572200  9.676500            0           0           0  
      4.640369  0.893063  9.676500            0           0           0  
      3.093569  3.572200  9.676500            0           0           0  
      1.546799  0.893046 14.581451    -0.004496    0.000154   -0.000003  
      0.000227  3.572314 14.581810     0.001103   -0.006618    0.009196  
      4.640399  0.892783 14.581810     0.011827    0.000091    0.000373  
      3.093371  3.572314 14.581810     0.000667    0.006047   -0.009570  
      3.093381  5.358150 17.164964    -0.000831    0.010668    0.003970  
      4.640396  2.679138 17.148229     0.015582   -0.000539    0.000008  
      0.000212  5.358150 17.164963    -0.000129   -0.009822   -0.004100  
      1.546796  2.679387 17.164964    -0.018252   -0.000190    0.000165  
     -0.019279  1.797222 19.698053     0.000864    0.004731   -0.003979  
     -1.546806  4.442973 19.698049     0.009641    0.000061    0.000149  
      3.112869  1.797223 19.698049     0.001218   -0.005198    0.003808  
      1.546794  4.465230 19.781382    -0.014269    0.000495   -0.000006  
      1.546769  0.893063  5.959750            0           0           0  
     -0.000031  3.572200  5.959750            0           0           0  
      4.640369  0.893063  5.959750            0           0           0  
      3.093569  3.572200  5.959750            0           0           0  
      0.000031  1.786073  8.578000            0           0           0  
     -1.546769  4.465209  8.578000            0           0           0  
      3.093631  1.786073  8.578000            0           0           0  
      1.546831  4.465209  8.578000            0           0           0  
     -0.004200  1.788516 15.917002    -0.000798    0.013246   -0.048295  
     -1.546802  4.460381 15.917002     0.023408    0.000295    0.001887  
      3.097796  1.788515 15.917002     0.000144   -0.014299    0.046416  
      1.546798  4.465228 15.913116    -0.032019    0.001111    0.000009  
      1.546795  0.893048 18.434530    -0.028645    0.000986    0.000007  
      0.017353  3.582205 18.469529     0.019368   -0.005362    0.052714  
      4.640396  0.873006 18.469529     0.026764   -0.000567    0.002133  
      3.076238  3.582206 18.469528     0.019064    0.003689   -0.054857  
      0.000000  0.000000  3.611250            0           0           0  
     -1.546800  2.679136  3.611250            0           0           0  
      3.093600  0.000000  3.611250            0           0           0  
      1.546800  2.679136  3.611250            0           0           0  
      0.000000  0.000000 10.926500            0           0           0  
     -1.546800  2.679136 10.926500            0           0           0  
      3.093600  0.000000 10.926500            0           0           0  
      1.546800  2.679136 10.926500            0           0           0  
      0.003370  0.001946 13.697370    -0.013778   -0.046272   -0.017927  
      4.640399  2.679137 13.693483    -0.061920    0.002155   -0.000014  
      3.090229  0.001946 13.697369    -0.016858    0.043773    0.018656  
      1.546800  2.675245 13.697370     0.062381    0.001426   -0.000742  
      0.066719  0.038525 20.780262     0.010375   -0.054144   -0.061940  
      4.640393  2.679140 20.689473    -0.101036    0.003461   -0.000015  
      3.026873  0.038525 20.780261     0.006827    0.049425    0.064443  
      1.546795  2.602094 20.780262     0.098298    0.000751   -0.002508  
      1.546809  0.893038 21.844132    -0.029896    0.001020    0.000093  
 
  38 f  =   13.108247 THz    82.361545 2PiTHz  437.244053 cm-1    54.211329 meV
             X         Y         Z           dx          dy          dz
      0.000031  1.786073  4.861250            0           0           0  
     -1.546769  4.465209  4.861250            0           0           0  
      3.093631  1.786073  4.861250            0           0           0  
      1.546831  4.465209  4.861250            0           0           0  
      0.000000  0.000000  7.269000            0           0           0  
     -1.546800  2.679136  7.269000            0           0           0  
      3.093600  0.000000  7.269000            0           0           0  
      1.546800  2.679136  7.269000            0           0           0  
      1.546769  0.893063  9.676500            0           0           0  
     -0.000031  3.572200  9.676500            0           0           0  
      4.640369  0.893063  9.676500            0           0           0  
      3.093569  3.572200  9.676500            0           0           0  
      1.546799  0.893046 14.581451     0.000162    0.004533    0.000016  
      0.000227  3.572314 14.581810     0.006266   -0.007973   -0.005723  
      4.640399  0.892783 14.581810    -0.000400    0.002801    0.010837  
      3.093371  3.572314 14.581810    -0.006324   -0.008402   -0.005079  
      3.093381  5.358150 17.164964    -0.010143    0.012027   -0.002536  
      4.640396  2.679138 17.148229    -0.000534   -0.015572   -0.000090  
      0.000212  5.358150 17.164963     0.010176    0.012733   -0.002245  
      1.546796  2.679387 17.164964     0.000629   -0.005538    0.004610  
     -0.019279  1.797222 19.698053    -0.004893   -0.006998   -0.002005  
     -1.546806  4.442973 19.698049    -0.000331    0.001943    0.004600  
      3.112869  1.797223 19.698049     0.004817   -0.006661   -0.002274  
      1.546794  4.465230 19.781382     0.000489    0.014267    0.000014  
      1.546769  0.893063  5.959750            0           0           0  
     -0.000031  3.572200  5.959750            0           0           0  
      4.640369  0.893063  5.959750            0           0           0  
      3.093569  3.572200  5.959750            0           0           0  
      0.000031  1.786073  8.578000            0           0           0  
     -1.546769  4.465209  8.578000            0           0           0  
      3.093631  1.786073  8.578000            0           0           0  
      1.546831  4.465209  8.578000            0           0           0  
     -0.004200  1.788516 15.917002    -0.013719   -0.016007   -0.025705  
     -1.546802  4.460381 15.917002    -0.000810    0.008257    0.054585  
      3.097796  1.788515 15.917002     0.013723   -0.015054   -0.028960  
      1.546798  4.465228 15.913116     0.001093    0.031987   -0.000003  
      1.546795  0.893048 18.434530     0.000986    0.028645    0.000266  
      0.017353  3.582205 18.469529     0.003819   -0.024142   -0.032932  
      4.640396  0.873006 18.469529    -0.000920   -0.016654    0.062121  
      3.076238  3.582206 18.469528    -0.005143   -0.024463   -0.029225  
      0.000000  0.000000  3.611250            0           0           0  
     -1.546800  2.679136  3.611250            0           0           0  
      3.093600  0.000000  3.611250            0           0           0  
      1.546800  2.679136  3.611250            0           0           0  
      0.000000  0.000000 10.926500            0           0           0  
     -1.546800  2.679136 10.926500            0           0           0  
      3.093600  0.000000 10.926500            0           0           0  
      1.546800  2.679136 10.926500            0           0           0  
      0.003370  0.001946 13.697370     0.045332   -0.034956    0.011239  
      4.640399  2.679137 13.693483     0.002147    0.061881   -0.000090  
      3.090229  0.001946 13.697369    -0.044360   -0.038045    0.009998  
      1.546800  2.675245 13.697370    -0.002124    0.041131   -0.021036  
      0.066719  0.038525 20.780262     0.051288   -0.066779    0.038969  
      4.640393  2.679140 20.689473     0.003504    0.101126   -0.000667  
      3.026873  0.038525 20.780261    -0.051893   -0.070341    0.034624  
      1.546795  2.602094 20.780262    -0.003380    0.021548   -0.072746  
      1.546809  0.893038 21.844132     0.001035    0.029909   -0.001795  
 
  39 f  =   12.689465 THz    79.730260 2PiTHz  423.274989 cm-1    52.479387 meV
             X         Y         Z           dx          dy          dz
      0.000031  1.786073  4.861250            0           0           0  
     -1.546769  4.465209  4.861250            0           0           0  
      3.093631  1.786073  4.861250            0           0           0  
      1.546831  4.465209  4.861250            0           0           0  
      0.000000  0.000000  7.269000            0           0           0  
     -1.546800  2.679136  7.269000            0           0           0  
      3.093600  0.000000  7.269000            0           0           0  
      1.546800  2.679136  7.269000            0           0           0  
      1.546769  0.893063  9.676500            0           0           0  
     -0.000031  3.572200  9.676500            0           0           0  
      4.640369  0.893063  9.676500            0           0           0  
      3.093569  3.572200  9.676500            0           0           0  
      1.546799  0.893046 14.581451    -0.003820    0.027836   -0.000012  
      0.000227  3.572314 14.581810    -0.010412    0.006571   -0.000353  
      4.640399  0.892783 14.581810    -0.001510   -0.015162    0.000975  
      3.093371  3.572314 14.581810     0.012643    0.003242   -0.000582  
      3.093381  5.358150 17.164964    -0.004214    0.004120   -0.000156  
      4.640396  2.679138 17.148229    -0.000537    0.003903   -0.000030  
      0.000212  5.358150 17.164963     0.004609    0.002886   -0.000244  
      1.546796  2.679387 17.164964    -0.000813   -0.003998    0.000330  
     -0.019279  1.797222 19.698053    -0.000526   -0.000327   -0.000104  
     -1.546806  4.442973 19.698049     0.000098    0.000428    0.000250  
      3.112869  1.797223 19.698049     0.000478   -0.000463   -0.000049  
      1.546794  4.465230 19.781382    -0.000215    0.001547    0.000026  
      1.546769  0.893063  5.959750            0           0           0  
     -0.000031  3.572200  5.959750            0           0           0  
      4.640369  0.893063  5.959750            0           0           0  
      3.093569  3.572200  5.959750            0           0           0  
      0.000031  1.786073  8.578000            0           0           0  
     -1.546769  4.465209  8.578000            0           0           0  
      3.093631  1.786073  8.578000            0           0           0  
      1.546831  4.465209  8.578000            0           0           0  
     -0.004200  1.788516 15.917002     0.009523   -0.010210   -0.004973  
     -1.546802  4.460381 15.917002     0.000749   -0.021688    0.008070  
      3.097796  1.788515 15.917002    -0.004755   -0.008159   -0.003034  
      1.546798  4.465228 15.913116    -0.001374    0.010021   -0.000086  
      1.546795  0.893048 18.434530    -0.000655    0.004758   -0.000201  
      0.017353  3.582205 18.469529    -0.001535   -0.002011   -0.001571  
      4.640396  0.873006 18.469529     0.000145   -0.006445    0.004436  
      3.076238  3.582206 18.469528     0.002917   -0.002644   -0.002606  
      0.000000  0.000000  3.611250            0           0           0  
     -1.546800  2.679136  3.611250            0           0           0  
      3.093600  0.000000  3.611250            0           0           0  
      1.546800  2.679136  3.611250            0           0           0  
      0.000000  0.000000 10.926500            0           0           0  
     -1.546800  2.679136 10.926500            0           0           0  
      3.093600  0.000000 10.926500            0           0           0  
      1.546800  2.679136 10.926500            0           0           0  
      0.003370  0.001946 13.697370    -0.061823   -0.011798    0.002859  
      4.640399  2.679137 13.693483    -0.018867    0.137272    0.000034  
      3.090229  0.001946 13.697369     0.091983   -0.033864    0.004698  
      1.546800  2.675245 13.697370    -0.002393   -0.156214   -0.007549  
      0.066719  0.038525 20.780262     0.003089   -0.002349    0.002468  
      4.640393  2.679140 20.689473    -0.000206    0.001565    0.000156  
      3.026873  0.038525 20.780261    -0.003450   -0.001524    0.004038  
      1.546795  2.602094 20.780262     0.000526    0.002665   -0.006693  
      1.546809  0.893038 21.844132    -0.000081    0.000628   -0.000402  
 
  40 f  =   12.689152 THz    79.728295 2PiTHz  423.264561 cm-1    52.478094 meV
             X         Y         Z           dx          dy          dz
      0.000031  1.786073  4.861250            0           0           0  
     -1.546769  4.465209  4.861250            0           0           0  
      3.093631  1.786073  4.861250            0           0           0  
      1.546831  4.465209  4.861250            0           0           0  
      0.000000  0.000000  7.269000            0           0           0  
     -1.546800  2.679136  7.269000            0           0           0  
      3.093600  0.000000  7.269000            0           0           0  
      1.546800  2.679136  7.269000            0           0           0  
      1.546769  0.893063  9.676500            0           0           0  
     -0.000031  3.572200  9.676500            0           0           0  
      4.640369  0.893063  9.676500            0           0           0  
      3.093569  3.572200  9.676500            0           0           0  
      1.546799  0.893046 14.581451    -0.027850   -0.003829    0.000006  
      0.000227  3.572314 14.581810     0.009994    0.010911    0.000899  
      4.640399  0.892783 14.581810    -0.011524    0.002082   -0.000138  
      3.093371  3.572314 14.581810     0.006833   -0.012278   -0.000783  
      3.093381  5.358150 17.164964     0.002134    0.003915    0.000349  
      4.640396  2.679138 17.148229    -0.003895   -0.000536    0.000024  
      0.000212  5.358150 17.164963     0.000884   -0.004865   -0.000273  
      1.546796  2.679387 17.164964    -0.006065    0.000529   -0.000031  
     -0.019279  1.797222 19.698053    -0.000084    0.000534   -0.000199  
     -1.546806  4.442973 19.698049     0.000686   -0.000048   -0.000051  
      3.112869  1.797223 19.698049    -0.000232   -0.000438    0.000183  
      1.546794  4.465230 19.781382    -0.001549   -0.000209   -0.000013  
      1.546769  0.893063  5.959750            0           0           0  
     -0.000031  3.572200  5.959750            0           0           0  
      4.640369  0.893063  5.959750            0           0           0  
      3.093569  3.572200  5.959750            0           0           0  
      0.000031  1.786073  8.578000            0           0           0  
     -1.546769  4.465209  8.578000            0           0           0  
      3.093631  1.786073  8.578000            0           0           0  
      1.546831  4.465209  8.578000            0           0           0  
     -0.004200  1.788516 15.917002     0.016551   -0.005927   -0.006490  
     -1.546802  4.460381 15.917002     0.005134    0.003011   -0.001100  
      3.097796  1.788515 15.917002     0.018485    0.008446    0.007550  
      1.546798  4.465228 15.913116    -0.009992   -0.001353    0.000062  
      1.546795  0.893048 18.434530    -0.004768   -0.000643    0.000103  
      0.017353  3.582205 18.469529     0.005316    0.002581    0.004041  
      4.640396  0.873006 18.469529     0.001040    0.000914   -0.000633  
      3.076238  3.582206 18.469528     0.004763   -0.001979   -0.003544  
      0.000000  0.000000  3.611250            0           0           0  
     -1.546800  2.679136  3.611250            0           0           0  
      3.093600  0.000000  3.611250            0           0           0  
      1.546800  2.679136  3.611250            0           0           0  
      0.000000  0.000000 10.926500            0           0           0  
     -1.546800  2.679136 10.926500            0           0           0  
      3.093600  0.000000 10.926500            0           0           0  
      1.546800  2.679136 10.926500            0           0           0  
      0.003370  0.001946 13.697370     0.122142    0.080283   -0.007096  
      4.640399  2.679137 13.693483    -0.137278   -0.018816   -0.000056  
      3.090229  0.001946 13.697369     0.101055   -0.074047    0.006080  
      1.546800  2.675245 13.697370    -0.021161    0.021528    0.001034  
      0.066719  0.038525 20.780262    -0.001857   -0.002799   -0.006204  
      4.640393  2.679140 20.689473    -0.001608   -0.000206   -0.000067  
      3.026873  0.038525 20.780261    -0.000759    0.003172    0.005359  
      1.546795  2.602094 20.780262     0.003869   -0.000225    0.000925  
      1.546809  0.893038 21.844132    -0.000655   -0.000089    0.000265  
 
  41 f  =   12.674725 THz    79.637647 2PiTHz  422.783326 cm-1    52.418428 meV
             X         Y         Z           dx          dy          dz
      0.000031  1.786073  4.861250            0           0           0  
     -1.546769  4.465209  4.861250            0           0           0  
      3.093631  1.786073  4.861250            0           0           0  
      1.546831  4.465209  4.861250            0           0           0  
      0.000000  0.000000  7.269000            0           0           0  
     -1.546800  2.679136  7.269000            0           0           0  
      3.093600  0.000000  7.269000            0           0           0  
      1.546800  2.679136  7.269000            0           0           0  
      1.546769  0.893063  9.676500            0           0           0  
     -0.000031  3.572200  9.676500            0           0           0  
      4.640369  0.893063  9.676500            0           0           0  
      3.093569  3.572200  9.676500            0           0           0  
      1.546799  0.893046 14.581451     0.000043    0.000094    0.004313  
      0.000227  3.572314 14.581810    -0.007583   -0.004365   -0.004103  
      4.640399  0.892783 14.581810    -0.000012    0.008667   -0.004097  
      3.093371  3.572314 14.581810     0.007596   -0.004301   -0.004095  
      3.093381  5.358150 17.164964     0.016420    0.009504    0.008836  
      4.640396  2.679138 17.148229     0.000008    0.000008    0.010756  
      0.000212  5.358150 17.164963    -0.016410    0.009524    0.008845  
      1.546796  2.679387 17.164964    -0.000001   -0.018996    0.008831  
     -0.019279  1.797222 19.698053     0.006034   -0.003487   -0.012680  
     -1.546806  4.442973 19.698049     0.000010    0.006990   -0.012672  
      3.112869  1.797223 19.698049    -0.006036   -0.003500   -0.012675  
      1.546794  4.465230 19.781382    -0.000006    0.000014   -0.007805  
      1.546769  0.893063  5.959750            0           0           0  
     -0.000031  3.572200  5.959750            0           0           0  
      4.640369  0.893063  5.959750            0           0           0  
      3.093569  3.572200  5.959750            0           0           0  
      0.000031  1.786073  8.578000            0           0           0  
     -1.546769  4.465209  8.578000            0           0           0  
      3.093631  1.786073  8.578000            0           0           0  
      1.546831  4.465209  8.578000            0           0           0  
     -0.004200  1.788516 15.917002     0.012192   -0.007042   -0.008147  
     -1.546802  4.460381 15.917002    -0.000023    0.013979   -0.008136  
      3.097796  1.788515 15.917002    -0.012231   -0.007082   -0.008174  
      1.546798  4.465228 15.913116     0.000018    0.000010    0.034933  
      1.546795  0.893048 18.434530     0.000017   -0.000009    0.060312  
      0.017353  3.582205 18.469529    -0.022169   -0.012793   -0.026173  
      4.640396  0.873006 18.469529    -0.000010    0.025541   -0.026182  
      3.076238  3.582206 18.469528     0.022140   -0.012786   -0.026138  
      0.000000  0.000000  3.611250            0           0           0  
     -1.546800  2.679136  3.611250            0           0           0  
      3.093600  0.000000  3.611250            0           0           0  
      1.546800  2.679136  3.611250            0           0           0  
      0.000000  0.000000 10.926500            0           0           0  
     -1.546800  2.679136 10.926500            0           0           0  
      3.093600  0.000000 10.926500            0           0           0  
      1.546800  2.679136 10.926500            0           0           0  
      0.003370  0.001946 13.697370    -0.023310   -0.013561    0.003388  
      4.640399  2.679137 13.693483     0.000173    0.000423   -0.029711  
      3.090229  0.001946 13.697369     0.023168   -0.013110    0.003372  
      1.546800  2.675245 13.697370    -0.000145    0.025972    0.003339  
      0.066719  0.038525 20.780262    -0.090049   -0.051943    0.016296  
      4.640393  2.679140 20.689473     0.000035   -0.000026   -0.042421  
      3.026873  0.038525 20.780261     0.090043   -0.051971    0.016232  
      1.546795  2.602094 20.780262    -0.000033    0.103854    0.016281  
      1.546809  0.893038 21.844132     0.000015   -0.000011    0.151002  
 
  42 f  =   12.654777 THz    79.512311 2PiTHz  422.117937 cm-1    52.335930 meV
             X         Y         Z           dx          dy          dz
      0.000031  1.786073  4.861250            0           0           0  
     -1.546769  4.465209  4.861250            0           0           0  
      3.093631  1.786073  4.861250            0           0           0  
      1.546831  4.465209  4.861250            0           0           0  
      0.000000  0.000000  7.269000            0           0           0  
     -1.546800  2.679136  7.269000            0           0           0  
      3.093600  0.000000  7.269000            0           0           0  
      1.546800  2.679136  7.269000            0           0           0  
      1.546769  0.893063  9.676500            0           0           0  
     -0.000031  3.572200  9.676500            0           0           0  
      4.640369  0.893063  9.676500            0           0           0  
      3.093569  3.572200  9.676500            0           0           0  
      1.546799  0.893046 14.581451     0.000073   -0.000100    0.000004  
      0.000227  3.572314 14.581810    -0.010570    0.018262   -0.000003  
      4.640399  0.892783 14.581810     0.021186    0.000063   -0.000011  
      3.093371  3.572314 14.581810    -0.010632   -0.018309   -0.000007  
      3.093381  5.358150 17.164964    -0.002393    0.004211    0.000011  
      4.640396  2.679138 17.148229     0.000052   -0.000018    0.000012  
      0.000212  5.358150 17.164963    -0.002465   -0.004207    0.000020  
      1.546796  2.679387 17.164964     0.004831   -0.000013    0.000010  
     -0.019279  1.797222 19.698053    -0.000166   -0.000295   -0.000022  
     -1.546806  4.442973 19.698049     0.000373    0.000009   -0.000019  
      3.112869  1.797223 19.698049    -0.000186    0.000292   -0.000014  
      1.546794  4.465230 19.781382    -0.000014   -0.000008   -0.000011  
      1.546769  0.893063  5.959750            0           0           0  
     -0.000031  3.572200  5.959750            0           0           0  
      4.640369  0.893063  5.959750            0           0           0  
      3.093569  3.572200  5.959750            0           0           0  
      0.000031  1.786073  8.578000            0           0           0  
     -1.546769  4.465209  8.578000            0           0           0  
      3.093631  1.786073  8.578000            0           0           0  
      1.546831  4.465209  8.578000            0           0           0  
     -0.004200  1.788516 15.917002    -0.006342   -0.010850   -0.000003  
     -1.546802  4.460381 15.917002     0.012535    0.000094   -0.000048  
      3.097796  1.788515 15.917002    -0.006318    0.010915    0.000034  
      1.546798  4.465228 15.913116    -0.000036   -0.000033    0.000038  
      1.546795  0.893048 18.434530    -0.000029   -0.000022    0.000067  
      0.017353  3.582205 18.469529    -0.000516    0.000918    0.000006  
      4.640396  0.873006 18.469529     0.001051    0.000045   -0.000046  
      3.076238  3.582206 18.469528    -0.000479   -0.000924   -0.000040  
      0.000000  0.000000  3.611250            0           0           0  
     -1.546800  2.679136  3.611250            0           0           0  
      3.093600  0.000000  3.611250            0           0           0  
      1.546800  2.679136  3.611250            0           0           0  
      0.000000  0.000000 10.926500            0           0           0  
     -1.546800  2.679136 10.926500            0           0           0  
      3.093600  0.000000 10.926500            0           0           0  
      1.546800  2.679136 10.926500            0           0           0  
      0.003370  0.001946 13.697370    -0.069526    0.120170   -0.000053  
      4.640399  2.679137 13.693483     0.000352   -0.000508   -0.000034  
      3.090229  0.001946 13.697369    -0.070023   -0.119999    0.000022  
      1.546800  2.675245 13.697370     0.139042    0.000588    0.000056  
      0.066719  0.038525 20.780262     0.000193   -0.000623   -0.000039  
      4.640393  2.679140 20.689473    -0.000027   -0.000021   -0.000039  
      3.026873  0.038525 20.780261     0.000425    0.000540    0.000049  
      1.546795  2.602094 20.780262    -0.000607    0.000095    0.000043  
      1.546809  0.893038 21.844132     0.000009   -0.000005    0.000183  
 
  43 f  =   12.071271 THz    75.846034 2PiTHz  402.654268 cm-1    49.922744 meV
             X         Y         Z           dx          dy          dz
      0.000031  1.786073  4.861250            0           0           0  
     -1.546769  4.465209  4.861250            0           0           0  
      3.093631  1.786073  4.861250            0           0           0  
      1.546831  4.465209  4.861250            0           0           0  
      0.000000  0.000000  7.269000            0           0           0  
     -1.546800  2.679136  7.269000            0           0           0  
      3.093600  0.000000  7.269000            0           0           0  
      1.546800  2.679136  7.269000            0           0           0  
      1.546769  0.893063  9.676500            0           0           0  
     -0.000031  3.572200  9.676500            0           0           0  
      4.640369  0.893063  9.676500            0           0           0  
      3.093569  3.572200  9.676500            0           0           0  
      1.546799  0.893046 14.581451     0.000476   -0.000756    0.002049  
      0.000227  3.572314 14.581810    -0.010007   -0.005954   -0.002763  
      4.640399  0.892783 14.581810     0.000066    0.011026   -0.002875  
      3.093371  3.572314 14.581810     0.010659   -0.006248   -0.002634  
      3.093381  5.358150 17.164964     0.057503    0.030017    0.010146  
      4.640396  2.679138 17.148229    -0.001318    0.001981   -0.009587  
      0.000212  5.358150 17.164963    -0.057355    0.031682    0.009600  
      1.546796  2.679387 17.164964     0.001520   -0.064252    0.010574  
     -0.019279  1.797222 19.698053     0.000290    0.000021   -0.006599  
     -1.546806  4.442973 19.698049    -0.000207    0.000232   -0.006564  
      3.112869  1.797223 19.698049    -0.000391    0.000204   -0.006576  
      1.546794  4.465230 19.781382     0.000146   -0.000223    0.005426  
      1.546769  0.893063  5.959750            0           0           0  
     -0.000031  3.572200  5.959750            0           0           0  
      4.640369  0.893063  5.959750            0           0           0  
      3.093569  3.572200  5.959750            0           0           0  
      0.000031  1.786073  8.578000            0           0           0  
     -1.546769  4.465209  8.578000            0           0           0  
      3.093631  1.786073  8.578000            0           0           0  
      1.546831  4.465209  8.578000            0           0           0  
     -0.004200  1.788516 15.917002    -0.014402    0.008419    0.001211  
     -1.546802  4.460381 15.917002    -0.000054   -0.015055    0.001041  
      3.097796  1.788515 15.917002     0.013614    0.008047    0.001134  
      1.546798  4.465228 15.913116    -0.000784    0.001221    0.004562  
      1.546795  0.893048 18.434530    -0.000348    0.000524   -0.018388  
      0.017353  3.582205 18.469529     0.011506    0.006025    0.006993  
      4.640396  0.873006 18.469529     0.000311   -0.013092    0.007362  
      3.076238  3.582206 18.469528    -0.011229    0.006214    0.006498  
      0.000000  0.000000  3.611250            0           0           0  
     -1.546800  2.679136  3.611250            0           0           0  
      3.093600  0.000000  3.611250            0           0           0  
      1.546800  2.679136  3.611250            0           0           0  
      0.000000  0.000000 10.926500            0           0           0  
     -1.546800  2.679136 10.926500            0           0           0  
      3.093600  0.000000 10.926500            0           0           0  
      1.546800  2.679136 10.926500            0           0           0  
      0.003370  0.001946 13.697370     0.024668    0.014930    0.019000  
      4.640399  2.679137 13.693483    -0.001848    0.002830   -0.066134  
      3.090229  0.001946 13.697369    -0.025988    0.015396    0.016948  
      1.546800  2.675245 13.697370    -0.000287   -0.027555    0.020675  
      0.066719  0.038525 20.780262     0.047681    0.025083    0.007151  
      4.640393  2.679140 20.689473    -0.000526    0.000764   -0.045159  
      3.026873  0.038525 20.780261    -0.047867    0.026551    0.004135  
      1.546795  2.602094 20.780262     0.001180   -0.053099    0.009567  
      1.546809  0.893038 21.844132    -0.000166    0.000248    0.058289  
 
  44 f  =   12.061906 THz    75.787190 2PiTHz  402.341875 cm-1    49.884012 meV
             X         Y         Z           dx          dy          dz
      0.000031  1.786073  4.861250            0           0           0  
     -1.546769  4.465209  4.861250            0           0           0  
      3.093631  1.786073  4.861250            0           0           0  
      1.546831  4.465209  4.861250            0           0           0  
      0.000000  0.000000  7.269000            0           0           0  
     -1.546800  2.679136  7.269000            0           0           0  
      3.093600  0.000000  7.269000            0           0           0  
      1.546800  2.679136  7.269000            0           0           0  
      1.546769  0.893063  9.676500            0           0           0  
     -0.000031  3.572200  9.676500            0           0           0  
      4.640369  0.893063  9.676500            0           0           0  
      3.093569  3.572200  9.676500            0           0           0  
      1.546799  0.893046 14.581451    -0.003727   -0.020552   -0.000070  
      0.000227  3.572314 14.581810    -0.008517   -0.007868    0.002168  
      4.640399  0.892783 14.581810    -0.000616   -0.018063   -0.003109  
      3.093371  3.572314 14.581810     0.003378   -0.005599    0.001171  
      3.093381  5.358150 17.164964     0.033064   -0.038808   -0.008835  
      4.640396  2.679138 17.148229     0.010106    0.055831    0.000303  
      0.000212  5.358150 17.164963    -0.034286   -0.051629   -0.004751  
      1.546796  2.679387 17.164964    -0.011709    0.019081    0.012699  
     -0.019279  1.797222 19.698053     0.003995    0.006910    0.000014  
     -1.546806  4.442973 19.698049     0.001515   -0.000040    0.000711  
      3.112869  1.797223 19.698049    -0.003247    0.005590   -0.000148  
      1.546794  4.465230 19.781382    -0.001085   -0.005952   -0.000178  
      1.546769  0.893063  5.959750            0           0           0  
     -0.000031  3.572200  5.959750            0           0           0  
      4.640369  0.893063  5.959750            0           0           0  
      3.093569  3.572200  5.959750            0           0           0  
      0.000031  1.786073  8.578000            0           0           0  
     -1.546769  4.465209  8.578000            0           0           0  
      3.093631  1.786073  8.578000            0           0           0  
      1.546831  4.465209  8.578000            0           0           0  
     -0.004200  1.788516 15.917002    -0.004408    0.006106    0.000651  
     -1.546802  4.460381 15.917002     0.000612    0.021915   -0.002006  
      3.097796  1.788515 15.917002     0.010536    0.008956    0.001270  
      1.546798  4.465228 15.913116     0.006275    0.034470   -0.000131  
      1.546795  0.893048 18.434530     0.002800    0.015388    0.000569  
      0.017353  3.582205 18.469529     0.002171   -0.010111   -0.008214  
      4.640396  0.873006 18.469529    -0.002274   -0.003858    0.011969  
      3.076238  3.582206 18.469528    -0.004490   -0.011447   -0.004392  
      0.000000  0.000000  3.611250            0           0           0  
     -1.546800  2.679136  3.611250            0           0           0  
      3.093600  0.000000  3.611250            0           0           0  
      1.546800  2.679136  3.611250            0           0           0  
      0.000000  0.000000 10.926500            0           0           0  
     -1.546800  2.679136 10.926500            0           0           0  
      3.093600  0.000000 10.926500            0           0           0  
      1.546800  2.679136 10.926500            0           0           0  
      0.003370  0.001946 13.697370     0.013997    0.019723   -0.033548  
      4.640399  2.679137 13.693483     0.014440    0.079331    0.001987  
      3.090229  0.001946 13.697369    -0.003323    0.016351   -0.017780  
      1.546800  2.675245 13.697370     0.002406    0.035722    0.049633  
      0.066719  0.038525 20.780262     0.030435   -0.026936   -0.048195  
      4.640393  2.679140 20.689473     0.004082    0.022629    0.001350  
      3.026873  0.038525 20.780261    -0.028917   -0.038202   -0.025279  
      1.546795  2.602094 20.780262    -0.009013    0.023817    0.072883  
      1.546809  0.893038 21.844132     0.001205    0.006593   -0.001706  
 
  45 f  =   12.061547 THz    75.784936 2PiTHz  402.329906 cm-1    49.882528 meV
             X         Y         Z           dx          dy          dz
      0.000031  1.786073  4.861250            0           0           0  
     -1.546769  4.465209  4.861250            0           0           0  
      3.093631  1.786073  4.861250            0           0           0  
      1.546831  4.465209  4.861250            0           0           0  
      0.000000  0.000000  7.269000            0           0           0  
     -1.546800  2.679136  7.269000            0           0           0  
      3.093600  0.000000  7.269000            0           0           0  
      1.546800  2.679136  7.269000            0           0           0  
      1.546769  0.893063  9.676500            0           0           0  
     -0.000031  3.572200  9.676500            0           0           0  
      4.640369  0.893063  9.676500            0           0           0  
      3.093569  3.572200  9.676500            0           0           0  
      1.546799  0.893046 14.581451     0.020533   -0.003700   -0.000066  
      0.000227  3.572314 14.581810     0.013245    0.005187   -0.002402  
      4.640399  0.892783 14.581810     0.003292   -0.003514   -0.000501  
      3.093371  3.572314 14.581810     0.014932   -0.007332    0.003127  
      3.093381  5.358150 17.164964     0.008105   -0.044349    0.009800  
      4.640396  2.679138 17.148229    -0.055868    0.010084    0.000281  
      0.000212  5.358150 17.164963    -0.001407    0.026497   -0.012703  
      1.546796  2.679387 17.164964     0.064679    0.004977    0.002059  
     -0.019279  1.797222 19.698053    -0.001410   -0.002505   -0.000303  
     -1.546806  4.442973 19.698049    -0.008345   -0.000012    0.000278  
      3.112869  1.797223 19.698049    -0.002709    0.004766    0.000583  
      1.546794  4.465230 19.781382     0.005963   -0.001074   -0.000166  
      1.546769  0.893063  5.959750            0           0           0  
     -0.000031  3.572200  5.959750            0           0           0  
      4.640369  0.893063  5.959750            0           0           0  
      3.093569  3.572200  5.959750            0           0           0  
      0.000031  1.786073  8.578000            0           0           0  
     -1.546769  4.465209  8.578000            0           0           0  
      3.093631  1.786073  8.578000            0           0           0  
      1.546831  4.465209  8.578000            0           0           0  
     -0.004200  1.788516 15.917002    -0.017902    0.009049    0.001868  
     -1.546802  4.460381 15.917002    -0.003202    0.004316   -0.000382  
      3.097796  1.788515 15.917002    -0.015833   -0.006732   -0.001564  
      1.546798  4.465228 15.913116    -0.034458    0.006204   -0.000124  
      1.546795  0.893048 18.434530    -0.015385    0.002776    0.000544  
      0.017353  3.582205 18.469529     0.006712   -0.005819    0.009253  
      4.640396  0.873006 18.469529     0.012642   -0.000389    0.002002  
      3.076238  3.582206 18.469528     0.006036    0.001617   -0.011855  
      0.000000  0.000000  3.611250            0           0           0  
     -1.546800  2.679136  3.611250            0           0           0  
      3.093600  0.000000  3.611250            0           0           0  
      1.546800  2.679136  3.611250            0           0           0  
      0.000000  0.000000 10.926500            0           0           0  
     -1.546800  2.679136 10.926500            0           0           0  
      3.093600  0.000000 10.926500            0           0           0  
      1.546800  2.679136 10.926500            0           0           0  
      0.003370  0.001946 13.697370    -0.028345   -0.006492    0.038419  
      4.640399  2.679137 13.693483    -0.079305    0.014279    0.001899  
      3.090229  0.001946 13.697369    -0.030320    0.012265   -0.048562  
      1.546800  2.675245 13.697370    -0.012939    0.007100    0.008518  
      0.066719  0.038525 20.780262     0.000030   -0.037633    0.056533  
      4.640393  2.679140 20.689473    -0.022598    0.004095    0.001313  
      3.026873  0.038525 20.780261    -0.008473    0.024604   -0.070113  
      1.546795  2.602094 20.780262     0.049750    0.005572    0.012986  
      1.546809  0.893038 21.844132    -0.006625    0.001193   -0.001727  
 
  46 f  =   11.851520 THz    74.465296 2PiTHz  395.324151 cm-1    49.013926 meV
             X         Y         Z           dx          dy          dz
      0.000031  1.786073  4.861250            0           0           0  
     -1.546769  4.465209  4.861250            0           0           0  
      3.093631  1.786073  4.861250            0           0           0  
      1.546831  4.465209  4.861250            0           0           0  
      0.000000  0.000000  7.269000            0           0           0  
     -1.546800  2.679136  7.269000            0           0           0  
      3.093600  0.000000  7.269000            0           0           0  
      1.546800  2.679136  7.269000            0           0           0  
      1.546769  0.893063  9.676500            0           0           0  
     -0.000031  3.572200  9.676500            0           0           0  
      4.640369  0.893063  9.676500            0           0           0  
      3.093569  3.572200  9.676500            0           0           0  
      1.546799  0.893046 14.581451     0.016363    0.019613    0.000000  
      0.000227  3.572314 14.581810     0.020552    0.025430   -0.001075  
      4.640399  0.892783 14.581810     0.021857    0.024956    0.000883  
      3.093371  3.572314 14.581810     0.021625    0.026304    0.000201  
      3.093381  5.358150 17.164964     0.015575    0.003172   -0.003884  
      4.640396  2.679138 17.148229     0.021693    0.026017   -0.000012  
      0.000212  5.358150 17.164963    -0.004845   -0.013795    0.000703  
      1.546796  2.679387 17.164964    -0.009338    0.012264    0.003178  
     -0.019279  1.797222 19.698053     0.003421    0.005740    0.000206  
     -1.546806  4.442973 19.698049     0.004338    0.000405    0.000895  
      3.112869  1.797223 19.698049    -0.000737    0.002284   -0.001095  
      1.546794  4.465230 19.781382    -0.000059   -0.000077    0.000010  
      1.546769  0.893063  5.959750            0           0           0  
     -0.000031  3.572200  5.959750            0           0           0  
      4.640369  0.893063  5.959750            0           0           0  
      3.093569  3.572200  5.959750            0           0           0  
      0.000031  1.786073  8.578000            0           0           0  
     -1.546769  4.465209  8.578000            0           0           0  
      3.093631  1.786073  8.578000            0           0           0  
      1.546831  4.465209  8.578000            0           0           0  
     -0.004200  1.788516 15.917002    -0.032465   -0.046623    0.001797  
     -1.546802  4.460381 15.917002    -0.036834   -0.021519    0.008055  
      3.097796  1.788515 15.917002    -0.012868   -0.030294   -0.009849  
      1.546798  4.465228 15.913116    -0.026808   -0.032113   -0.000004  
      1.546795  0.893048 18.434530    -0.002229   -0.002671   -0.000015  
      0.017353  3.582205 18.469529     0.004889   -0.003781   -0.009794  
      4.640396  0.873006 18.469529    -0.010612    0.001924    0.008015  
      3.076238  3.582206 18.469528    -0.007754   -0.014283    0.001787  
      0.000000  0.000000  3.611250            0           0           0  
     -1.546800  2.679136  3.611250            0           0           0  
      3.093600  0.000000  3.611250            0           0           0  
      1.546800  2.679136  3.611250            0           0           0  
      0.000000  0.000000 10.926500            0           0           0  
     -1.546800  2.679136 10.926500            0           0           0  
      3.093600  0.000000 10.926500            0           0           0  
      1.546800  2.679136 10.926500            0           0           0  
      0.003370  0.001946 13.697370    -0.029326   -0.064174   -0.019279  
      4.640399  2.679137 13.693483    -0.057609   -0.068942   -0.000045  
      3.090229  0.001946 13.697369    -0.067588   -0.096141    0.003503  
      1.546800  2.675245 13.697370    -0.076158   -0.047089    0.015805  
      0.066719  0.038525 20.780262     0.006178   -0.004830   -0.032243  
      4.640393  2.679140 20.689473     0.010573    0.012649   -0.000004  
      3.026873  0.038525 20.780261    -0.009937   -0.018168    0.005857  
      1.546795  2.602094 20.780262    -0.013458    0.002356    0.026385  
      1.546809  0.893038 21.844132     0.005351    0.006434   -0.000002  
 
  47 f  =   11.851128 THz    74.462833 2PiTHz  395.311076 cm-1    49.012305 meV
             X         Y         Z           dx          dy          dz
      0.000031  1.786073  4.861250            0           0           0  
     -1.546769  4.465209  4.861250            0           0           0  
      3.093631  1.786073  4.861250            0           0           0  
      1.546831  4.465209  4.861250            0           0           0  
      0.000000  0.000000  7.269000            0           0           0  
     -1.546800  2.679136  7.269000            0           0           0  
      3.093600  0.000000  7.269000            0           0           0  
      1.546800  2.679136  7.269000            0           0           0  
      1.546769  0.893063  9.676500            0           0           0  
     -0.000031  3.572200  9.676500            0           0           0  
      4.640369  0.893063  9.676500            0           0           0  
      3.093569  3.572200  9.676500            0           0           0  
      1.546799  0.893046 14.581451    -0.019617    0.016383    0.000014  
      0.000227  3.572314 14.581810    -0.025709    0.022125    0.000403  
      4.640399  0.892783 14.581810    -0.026188    0.020842    0.000744  
      3.093371  3.572314 14.581810    -0.024829    0.021070   -0.001137  
      3.093381  5.358150 17.164964     0.002059   -0.014554    0.001413  
      4.640396  2.679138 17.148229    -0.025964    0.021678   -0.000008  
      0.000212  5.358150 17.164963    -0.014917    0.005732   -0.004069  
      1.546796  2.679387 17.164964     0.011153    0.010236    0.002637  
     -0.019279  1.797222 19.698053     0.000128    0.001272   -0.001143  
     -1.546806  4.442973 19.698049    -0.005193    0.000334    0.000750  
      3.112869  1.797223 19.698049    -0.003340    0.005409    0.000411  
      1.546794  4.465230 19.781382     0.000066   -0.000064    0.000009  
      1.546769  0.893063  5.959750            0           0           0  
     -0.000031  3.572200  5.959750            0           0           0  
      4.640369  0.893063  5.959750            0           0           0  
      3.093569  3.572200  5.959750            0           0           0  
      0.000031  1.786073  8.578000            0           0           0  
     -1.546769  4.465209  8.578000            0           0           0  
      3.093631  1.786073  8.578000            0           0           0  
      1.546831  4.465209  8.578000            0           0           0  
     -0.004200  1.788516 15.917002     0.018998   -0.022332   -0.010370  
     -1.546802  4.460381 15.917002     0.044142   -0.017953    0.006726  
      3.097796  1.788515 15.917002     0.035323   -0.041899    0.003619  
      1.546798  4.465228 15.913116     0.032122   -0.026816    0.000005  
      1.546795  0.893048 18.434530     0.002680   -0.002229   -0.000000  
      0.017353  3.582205 18.469529     0.006988   -0.013828    0.003598  
      4.640396  0.873006 18.469529     0.012715    0.001616    0.006687  
      3.076238  3.582206 18.469528    -0.003552   -0.001240   -0.010290  
      0.000000  0.000000  3.611250            0           0           0  
     -1.546800  2.679136  3.611250            0           0           0  
      3.093600  0.000000  3.611250            0           0           0  
      1.546800  2.679136  3.611250            0           0           0  
      0.000000  0.000000 10.926500            0           0           0  
     -1.546800  2.679136 10.926500            0           0           0  
      3.093600  0.000000 10.926500            0           0           0  
      1.546800  2.679136 10.926500            0           0           0  
      0.003370  0.001946 13.697370     0.074032   -0.086072    0.007062  
      4.640399  2.679137 13.693483     0.069008   -0.057578    0.000002  
      3.090229  0.001946 13.697369     0.042132   -0.047814   -0.020228  
      1.546800  2.675245 13.697370     0.091280   -0.039282    0.013139  
      0.066719  0.038525 20.780262     0.008936   -0.017584    0.011784  
      4.640393  2.679140 20.689473    -0.012666    0.010578   -0.000023  
      3.026873  0.038525 20.780261    -0.004398   -0.001585   -0.033753  
      1.546795  2.602094 20.780262     0.016092    0.001966    0.021971  
      1.546809  0.893038 21.844132    -0.006425    0.005370   -0.000026  
 
  48 f  =   11.273929 THz    70.836183 2PiTHz  376.057779 cm-1    46.625201 meV
             X         Y         Z           dx          dy          dz
      0.000031  1.786073  4.861250            0           0           0  
     -1.546769  4.465209  4.861250            0           0           0  
      3.093631  1.786073  4.861250            0           0           0  
      1.546831  4.465209  4.861250            0           0           0  
      0.000000  0.000000  7.269000            0           0           0  
     -1.546800  2.679136  7.269000            0           0           0  
      3.093600  0.000000  7.269000            0           0           0  
      1.546800  2.679136  7.269000            0           0           0  
      1.546769  0.893063  9.676500            0           0           0  
     -0.000031  3.572200  9.676500            0           0           0  
      4.640369  0.893063  9.676500            0           0           0  
      3.093569  3.572200  9.676500            0           0           0  
      1.546799  0.893046 14.581451     0.001919    0.001279    0.000010  
      0.000227  3.572314 14.581810     0.001380    0.000669    0.000332  
      4.640399  0.892783 14.581810    -0.001489    0.000848   -0.000172  
      3.093371  3.572314 14.581810    -0.000223   -0.001733   -0.000131  
      3.093381  5.358150 17.164964     0.004002    0.003099    0.000489  
      4.640396  2.679138 17.148229    -0.003309   -0.002220   -0.000021  
      0.000212  5.358150 17.164963     0.006417    0.006714   -0.000247  
      1.546796  2.679387 17.164964     0.008341    0.002803   -0.000303  
     -0.019279  1.797222 19.698053     0.017288    0.008434   -0.002554  
     -1.546806  4.442973 19.698049     0.014737    0.013664   -0.003237  
      3.112869  1.797223 19.698049     0.020539    0.013258    0.005812  
      1.546794  4.465230 19.781382     0.012325    0.008295    0.000007  
      1.546769  0.893063  5.959750            0           0           0  
     -0.000031  3.572200  5.959750            0           0           0  
      4.640369  0.893063  5.959750            0           0           0  
      3.093569  3.572200  5.959750            0           0           0  
      0.000031  1.786073  8.578000            0           0           0  
     -1.546769  4.465209  8.578000            0           0           0  
      3.093631  1.786073  8.578000            0           0           0  
      1.546831  4.465209  8.578000            0           0           0  
     -0.004200  1.788516 15.917002     0.002427    0.000983   -0.002251  
     -1.546802  4.460381 15.917002     0.001919    0.002054   -0.002852  
      3.097796  1.788515 15.917002     0.003091    0.001958    0.005079  
      1.546798  4.465228 15.913116    -0.009650   -0.006480   -0.000006  
      1.546795  0.893048 18.434530    -0.030687   -0.020647    0.000001  
      0.017353  3.582205 18.469529     0.000621   -0.000890    0.005311  
      4.640396  0.873006 18.469529    -0.013009    0.000064   -0.002984  
      3.076238  3.582206 18.469528    -0.006991   -0.012207   -0.002351  
      0.000000  0.000000  3.611250            0           0           0  
     -1.546800  2.679136  3.611250            0           0           0  
      3.093600  0.000000  3.611250            0           0           0  
      1.546800  2.679136  3.611250            0           0           0  
      0.000000  0.000000 10.926500            0           0           0  
     -1.546800  2.679136 10.926500            0           0           0  
      3.093600  0.000000 10.926500            0           0           0  
      1.546800  2.679136 10.926500            0           0           0  
      0.003370  0.001946 13.697370    -0.001584   -0.000356    0.008257  
      4.640399  2.679137 13.693483    -0.007413   -0.004960    0.000014  
      3.090229  0.001946 13.697369     0.002603    0.005873   -0.003644  
      1.546800  2.675245 13.697370     0.005928   -0.000861   -0.004591  
      0.066719  0.038525 20.780262     0.053633    0.022354    0.011567  
      4.640393  2.679140 20.689473    -0.148212   -0.099695   -0.000002  
      3.026873  0.038525 20.780261    -0.027099   -0.097739   -0.005057  
      1.546795  2.602094 20.780262    -0.090640    0.032263   -0.006475  
      1.546809  0.893038 21.844132     0.015413    0.010306    0.000029  
 
  49 f  =   11.273779 THz    70.835242 2PiTHz  376.052788 cm-1    46.624582 meV
             X         Y         Z           dx          dy          dz
      0.000031  1.786073  4.861250            0           0           0  
     -1.546769  4.465209  4.861250            0           0           0  
      3.093631  1.786073  4.861250            0           0           0  
      1.546831  4.465209  4.861250            0           0           0  
      0.000000  0.000000  7.269000            0           0           0  
     -1.546800  2.679136  7.269000            0           0           0  
      3.093600  0.000000  7.269000            0           0           0  
      1.546800  2.679136  7.269000            0           0           0  
      1.546769  0.893063  9.676500            0           0           0  
     -0.000031  3.572200  9.676500            0           0           0  
      4.640369  0.893063  9.676500            0           0           0  
      3.093569  3.572200  9.676500            0           0           0  
      1.546799  0.893046 14.581451     0.001297   -0.001908   -0.000007  
      0.000227  3.572314 14.581810    -0.000796    0.001604    0.000016  
      4.640399  0.892783 14.581810    -0.000996   -0.001268    0.000265  
      3.093371  3.572314 14.581810     0.001589   -0.000012   -0.000297  
      3.093381  5.358150 17.164964     0.005309   -0.008495    0.000053  
      4.640396  2.679138 17.148229    -0.002214    0.003298    0.000021  
      0.000212  5.358150 17.164963     0.001697   -0.006076   -0.000442  
      1.546796  2.679387 17.164964     0.005600   -0.004178    0.000436  
     -0.019279  1.797222 19.698053     0.015129   -0.017751   -0.005233  
     -1.546806  4.442973 19.698049     0.009911   -0.020315    0.004821  
      3.112869  1.797223 19.698049     0.010316   -0.014503    0.000393  
      1.546794  4.465230 19.781382     0.008293   -0.012321   -0.000005  
      1.546769  0.893063  5.959750            0           0           0  
     -0.000031  3.572200  5.959750            0           0           0  
      4.640369  0.893063  5.959750            0           0           0  
      3.093569  3.572200  5.959750            0           0           0  
      0.000031  1.786073  8.578000            0           0           0  
     -1.546769  4.465209  8.578000            0           0           0  
      3.093631  1.786073  8.578000            0           0           0  
      1.546831  4.465209  8.578000            0           0           0  
     -0.004200  1.788516 15.917002     0.002345   -0.002524   -0.004579  
     -1.546802  4.460381 15.917002     0.001288   -0.003051    0.004237  
      3.097796  1.788515 15.917002     0.001361   -0.001869    0.000358  
      1.546798  4.465228 15.913116    -0.006499    0.009640    0.000008  
      1.546795  0.893048 18.434530    -0.020645    0.030695    0.000000  
      0.017353  3.582205 18.469529    -0.007804    0.013538    0.000369  
      4.640396  0.873006 18.469529    -0.008752   -0.000097    0.004436  
      3.076238  3.582206 18.469528     0.003520    0.005928   -0.004792  
      0.000000  0.000000  3.611250            0           0           0  
     -1.546800  2.679136  3.611250            0           0           0  
      3.093600  0.000000  3.611250            0           0           0  
      1.546800  2.679136  3.611250            0           0           0  
      0.000000  0.000000 10.926500            0           0           0  
     -1.546800  2.679136 10.926500            0           0           0  
      3.093600  0.000000 10.926500            0           0           0  
      1.546800  2.679136 10.926500            0           0           0  
      0.003370  0.001946 13.697370     0.003449   -0.006206    0.000573  
      4.640399  2.679137 13.693483    -0.005011    0.007395   -0.000019  
      3.090229  0.001946 13.697369    -0.002785   -0.002028   -0.007431  
      1.546800  2.675245 13.697370     0.003975    0.001280    0.006835  
      0.066719  0.038525 20.780262    -0.051068    0.096413    0.000770  
      4.640393  2.679140 20.689473    -0.099699    0.148218    0.000002  
      3.026873  0.038525 20.780261     0.068941    0.015646   -0.010400  
      1.546795  2.602094 20.780262    -0.060980   -0.047956    0.009599  
      1.546809  0.893038 21.844132     0.010344   -0.015331   -0.000026  
 
  50 f  =   10.932608 THz    68.691605 2PiTHz  364.672565 cm-1    45.213615 meV
             X         Y         Z           dx          dy          dz
      0.000031  1.786073  4.861250            0           0           0  
     -1.546769  4.465209  4.861250            0           0           0  
      3.093631  1.786073  4.861250            0           0           0  
      1.546831  4.465209  4.861250            0           0           0  
      0.000000  0.000000  7.269000            0           0           0  
     -1.546800  2.679136  7.269000            0           0           0  
      3.093600  0.000000  7.269000            0           0           0  
      1.546800  2.679136  7.269000            0           0           0  
      1.546769  0.893063  9.676500            0           0           0  
     -0.000031  3.572200  9.676500            0           0           0  
      4.640369  0.893063  9.676500            0           0           0  
      3.093569  3.572200  9.676500            0           0           0  
      1.546799  0.893046 14.581451    -0.000062    0.000054   -0.022419  
      0.000227  3.572314 14.581810     0.007280    0.004118   -0.021294  
      4.640399  0.892783 14.581810     0.000067   -0.008350   -0.021289  
      3.093371  3.572314 14.581810    -0.007279    0.004197   -0.021330  
      3.093381  5.358150 17.164964    -0.005189   -0.002857    0.054716  
      4.640396  2.679138 17.148229     0.000100   -0.000075    0.059060  
      0.000212  5.358150 17.164963     0.005190   -0.002973    0.054673  
      1.546796  2.679387 17.164964    -0.000106    0.005918    0.054717  
     -0.019279  1.797222 19.698053     0.008465   -0.004851   -0.017243  
     -1.546806  4.442973 19.698049    -0.000163    0.009702   -0.017242  
      3.112869  1.797223 19.698049    -0.008498   -0.004683   -0.017233  
      1.546794  4.465230 19.781382     0.000139   -0.000096   -0.014989  
      1.546769  0.893063  5.959750            0           0           0  
     -0.000031  3.572200  5.959750            0           0           0  
      4.640369  0.893063  5.959750            0           0           0  
      3.093569  3.572200  5.959750            0           0           0  
      0.000031  1.786073  8.578000            0           0           0  
     -1.546769  4.465209  8.578000            0           0           0  
      3.093631  1.786073  8.578000            0           0           0  
      1.546831  4.465209  8.578000            0           0           0  
     -0.004200  1.788516 15.917002     0.001873   -0.001080    0.015848  
     -1.546802  4.460381 15.917002    -0.000049    0.002118    0.015934  
      3.097796  1.788515 15.917002    -0.001860   -0.001022    0.015926  
      1.546798  4.465228 15.913116     0.000015   -0.000022    0.008286  
      1.546795  0.893048 18.434530    -0.000073    0.000041    0.012147  
      0.017353  3.582205 18.469529     0.005719    0.003216    0.013124  
      4.640396  0.873006 18.469529     0.000055   -0.006543    0.013122  
      3.076238  3.582206 18.469528    -0.005687    0.003270    0.013109  
      0.000000  0.000000  3.611250            0           0           0  
     -1.546800  2.679136  3.611250            0           0           0  
      3.093600  0.000000  3.611250            0           0           0  
      1.546800  2.679136  3.611250            0           0           0  
      0.000000  0.000000 10.926500            0           0           0  
     -1.546800  2.679136 10.926500            0           0           0  
      3.093600  0.000000 10.926500            0           0           0  
      1.546800  2.679136 10.926500            0           0           0  
      0.003370  0.001946 13.697370    -0.001316   -0.000744   -0.040875  
      4.640399  2.679137 13.693483     0.000013   -0.000033   -0.011336  
      3.090229  0.001946 13.697369     0.001301   -0.000759   -0.040605  
      1.546800  2.675245 13.697370    -0.000032    0.001495   -0.040926  
      0.066719  0.038525 20.780262     0.008620    0.004753   -0.026391  
      4.640393  2.679140 20.689473    -0.000087   -0.000020   -0.053321  
      3.026873  0.038525 20.780261    -0.008229    0.004710   -0.027083  
      1.546795  2.602094 20.780262     0.000087   -0.009793   -0.026326  
      1.546809  0.893038 21.844132    -0.000395    0.000290   -0.081070  
 
  51 f  =   10.874620 THz    68.327252 2PiTHz  362.738275 cm-1    44.973794 meV
             X         Y         Z           dx          dy          dz
      0.000031  1.786073  4.861250            0           0           0  
     -1.546769  4.465209  4.861250            0           0           0  
      3.093631  1.786073  4.861250            0           0           0  
      1.546831  4.465209  4.861250            0           0           0  
      0.000000  0.000000  7.269000            0           0           0  
     -1.546800  2.679136  7.269000            0           0           0  
      3.093600  0.000000  7.269000            0           0           0  
      1.546800  2.679136  7.269000            0           0           0  
      1.546769  0.893063  9.676500            0           0           0  
     -0.000031  3.572200  9.676500            0           0           0  
      4.640369  0.893063  9.676500            0           0           0  
      3.093569  3.572200  9.676500            0           0           0  
      1.546799  0.893046 14.581451     0.019776   -0.007930   -0.000090  
      0.000227  3.572314 14.581810    -0.005925    0.018454   -0.003238  
      4.640399  0.892783 14.581810    -0.022364   -0.002482   -0.001987  
      3.093371  3.572314 14.581810     0.003906   -0.006189    0.004957  
      3.093381  5.358150 17.164964     0.006259   -0.019739   -0.000952  
      4.640396  2.679138 17.148229    -0.022491    0.009017    0.000250  
      0.000212  5.358150 17.164963    -0.004319    0.006697    0.002107  
      1.546796  2.679387 17.164964     0.023897    0.002679   -0.000480  
     -0.019279  1.797222 19.698053    -0.003687    0.009720    0.000199  
     -1.546806  4.442973 19.698049     0.043102    0.003065   -0.000172  
      3.112869  1.797223 19.698049     0.013856   -0.034153   -0.000245  
      1.546794  4.465230 19.781382    -0.035509    0.014236   -0.000058  
      1.546769  0.893063  5.959750            0           0           0  
     -0.000031  3.572200  5.959750            0           0           0  
      4.640369  0.893063  5.959750            0           0           0  
      3.093569  3.572200  5.959750            0           0           0  
      0.000031  1.786073  8.578000            0           0           0  
     -1.546769  4.465209  8.578000            0           0           0  
      3.093631  1.786073  8.578000            0           0           0  
      1.546831  4.465209  8.578000            0           0           0  
     -0.004200  1.788516 15.917002    -0.003402    0.003785    0.014283  
     -1.546802  4.460381 15.917002     0.010425    0.001828   -0.005283  
      3.097796  1.788515 15.917002     0.001782   -0.009144   -0.008808  
      1.546798  4.465228 15.913116    -0.001703    0.000682    0.000031  
      1.546795  0.893048 18.434530     0.021689   -0.008696    0.000039  
      0.017353  3.582205 18.469529    -0.007680    0.014399   -0.002032  
      4.640396  0.873006 18.469529    -0.019113   -0.000332   -0.001203  
      3.076238  3.582206 18.469528    -0.000785   -0.002991    0.003396  
      0.000000  0.000000  3.611250            0           0           0  
     -1.546800  2.679136  3.611250            0           0           0  
      3.093600  0.000000  3.611250            0           0           0  
      1.546800  2.679136  3.611250            0           0           0  
      0.000000  0.000000 10.926500            0           0           0  
     -1.546800  2.679136 10.926500            0           0           0  
      3.093600  0.000000 10.926500            0           0           0  
      1.546800  2.679136 10.926500            0           0           0  
      0.003370  0.001946 13.697370     0.004421   -0.005583    0.032547  
      4.640399  2.679137 13.693483    -0.000158    0.000057   -0.000051  
      3.090229  0.001946 13.697369     0.002075    0.000276   -0.052621  
      1.546800  2.675245 13.697370     0.008294   -0.000621    0.019558  
      0.066719  0.038525 20.780262    -0.046069    0.010401   -0.069952  
      4.640393  2.679140 20.689473     0.020331   -0.008129   -0.000216  
      3.026873  0.038525 20.780261    -0.051232    0.022642    0.111778  
      1.546795  2.602094 20.780262    -0.037124    0.020857   -0.042192  
      1.546809  0.893038 21.844132     0.112355   -0.045065   -0.000310  
 
  52 f  =   10.874479 THz    68.326367 2PiTHz  362.733574 cm-1    44.973211 meV
             X         Y         Z           dx          dy          dz
      0.000031  1.786073  4.861250            0           0           0  
     -1.546769  4.465209  4.861250            0           0           0  
      3.093631  1.786073  4.861250            0           0           0  
      1.546831  4.465209  4.861250            0           0           0  
      0.000000  0.000000  7.269000            0           0           0  
     -1.546800  2.679136  7.269000            0           0           0  
      3.093600  0.000000  7.269000            0           0           0  
      1.546800  2.679136  7.269000            0           0           0  
      1.546769  0.893063  9.676500            0           0           0  
     -0.000031  3.572200  9.676500            0           0           0  
      4.640369  0.893063  9.676500            0           0           0  
      3.093569  3.572200  9.676500            0           0           0  
      1.546799  0.893046 14.581451     0.007931    0.019772    0.000019  
      0.000227  3.572314 14.581810     0.011917   -0.010310   -0.003985  
      4.640399  0.892783 14.581810    -0.008966    0.006104    0.004753  
      3.093371  3.572314 14.581810    -0.012730   -0.020193   -0.000698  
      3.093381  5.358150 17.164964    -0.012844    0.010953   -0.001573  
      4.640396  2.679138 17.148229    -0.009023   -0.022511   -0.000063  
      0.000212  5.358150 17.164963     0.013624    0.021556   -0.000328  
      1.546796  2.679387 17.164964     0.009590   -0.006654    0.001723  
     -0.019279  1.797222 19.698053     0.023989    0.039225   -0.000020  
     -1.546806  4.442973 19.698049     0.017293   -0.007571    0.000272  
      3.112869  1.797223 19.698049    -0.019909    0.021632   -0.000200  
      1.546794  4.465230 19.781382    -0.014241   -0.035512    0.000014  
      1.546769  0.893063  5.959750            0           0           0  
     -0.000031  3.572200  5.959750            0           0           0  
      4.640369  0.893063  5.959750            0           0           0  
      3.093569  3.572200  5.959750            0           0           0  
      0.000031  1.786073  8.578000            0           0           0  
     -1.546769  4.465209  8.578000            0           0           0  
      3.093631  1.786073  8.578000            0           0           0  
      1.546831  4.465209  8.578000            0           0           0  
     -0.004200  1.788516 15.917002     0.006150    0.009270   -0.002050  
     -1.546802  4.460381 15.917002     0.004183   -0.004540    0.013315  
      3.097796  1.788515 15.917002    -0.006801    0.004093   -0.011304  
      1.546798  4.465228 15.913116    -0.000688   -0.001699   -0.000015  
      1.546795  0.893048 18.434530     0.008691    0.021689   -0.000006  
      0.017353  3.582205 18.469529     0.006950   -0.010685   -0.002661  
      4.640396  0.873006 18.469529    -0.007652    0.000763    0.003116  
      3.076238  3.582206 18.469528    -0.010359   -0.017683   -0.000489  
      0.000000  0.000000  3.611250            0           0           0  
     -1.546800  2.679136  3.611250            0           0           0  
      3.093600  0.000000  3.611250            0           0           0  
      1.546800  2.679136  3.611250            0           0           0  
      0.000000  0.000000 10.926500            0           0           0  
     -1.546800  2.679136 10.926500            0           0           0  
      3.093600  0.000000 10.926500            0           0           0  
      1.546800  2.679136 10.926500            0           0           0  
      0.003370  0.001946 13.697370    -0.001625    0.005460    0.041703  
      4.640399  2.679137 13.693483    -0.000074   -0.000148    0.000029  
      3.090229  0.001946 13.697369     0.004230    0.007802    0.007566  
      1.546800  2.675245 13.697370     0.003324    0.001549   -0.049140  
      0.066719  0.038525 20.780262    -0.025912   -0.043473   -0.088840  
      4.640393  2.679140 20.689473     0.008132    0.020295    0.000014  
      3.026873  0.038525 20.780261    -0.013216   -0.038771   -0.015981  
      1.546795  2.602094 20.780262    -0.014781   -0.052141    0.104963  
      1.546809  0.893038 21.844132     0.045044    0.112343    0.000077  
 
  53 f  =   10.816044 THz    67.959207 2PiTHz  360.784382 cm-1    44.731542 meV
             X         Y         Z           dx          dy          dz
      0.000031  1.786073  4.861250            0           0           0  
     -1.546769  4.465209  4.861250            0           0           0  
      3.093631  1.786073  4.861250            0           0           0  
      1.546831  4.465209  4.861250            0           0           0  
      0.000000  0.000000  7.269000            0           0           0  
     -1.546800  2.679136  7.269000            0           0           0  
      3.093600  0.000000  7.269000            0           0           0  
      1.546800  2.679136  7.269000            0           0           0  
      1.546769  0.893063  9.676500            0           0           0  
     -0.000031  3.572200  9.676500            0           0           0  
      4.640369  0.893063  9.676500            0           0           0  
      3.093569  3.572200  9.676500            0           0           0  
      1.546799  0.893046 14.581451     0.000070    0.000013    0.000002  
      0.000227  3.572314 14.581810     0.000268   -0.000436   -0.000013  
      4.640399  0.892783 14.581810    -0.000607    0.000007    0.000005  
      3.093371  3.572314 14.581810     0.000258    0.000398    0.000014  
      3.093381  5.358150 17.164964     0.001764   -0.003106   -0.000017  
      4.640396  2.679138 17.148229    -0.000072   -0.000022   -0.000007  
      0.000212  5.358150 17.164963     0.001788    0.003136    0.000001  
      1.546796  2.679387 17.164964    -0.003479   -0.000005   -0.000009  
     -0.019279  1.797222 19.698053     0.001865    0.003302   -0.000007  
     -1.546806  4.442973 19.698049    -0.003550   -0.000008    0.000003  
      3.112869  1.797223 19.698049     0.001846   -0.003245    0.000011  
      1.546794  4.465230 19.781382    -0.000117   -0.000025    0.000001  
      1.546769  0.893063  5.959750            0           0           0  
     -0.000031  3.572200  5.959750            0           0           0  
      4.640369  0.893063  5.959750            0           0           0  
      3.093569  3.572200  5.959750            0           0           0  
      0.000031  1.786073  8.578000            0           0           0  
     -1.546769  4.465209  8.578000            0           0           0  
      3.093631  1.786073  8.578000            0           0           0  
      1.546831  4.465209  8.578000            0           0           0  
     -0.004200  1.788516 15.917002     0.002625    0.004569    0.000024  
     -1.546802  4.460381 15.917002    -0.005215   -0.000006    0.000010  
      3.097796  1.788515 15.917002     0.002619   -0.004552   -0.000039  
      1.546798  4.465228 15.913116    -0.000024    0.000004    0.000000  
      1.546795  0.893048 18.434530     0.000053    0.000014   -0.000002  
      0.017353  3.582205 18.469529     0.008930   -0.015421   -0.000010  
      4.640396  0.873006 18.469529    -0.017883   -0.000000    0.000000  
      3.076238  3.582206 18.469528     0.008920    0.015394    0.000010  
      0.000000  0.000000  3.611250            0           0           0  
     -1.546800  2.679136  3.611250            0           0           0  
      3.093600  0.000000  3.611250            0           0           0  
      1.546800  2.679136  3.611250            0           0           0  
      0.000000  0.000000 10.926500            0           0           0  
     -1.546800  2.679136 10.926500            0           0           0  
      3.093600  0.000000 10.926500            0           0           0  
      1.546800  2.679136 10.926500            0           0           0  
      0.003370  0.001946 13.697370    -0.000213    0.000382    0.000165  
      4.640399  2.679137 13.693483    -0.000018    0.000013   -0.000006  
      3.090229  0.001946 13.697369    -0.000213   -0.000354   -0.000108  
      1.546800  2.675245 13.697370     0.000462    0.000008   -0.000023  
      0.066719  0.038525 20.780262     0.071486   -0.124000   -0.000265  
      4.640393  2.679140 20.689473     0.000037   -0.000001    0.000018  
      3.026873  0.038525 20.780261     0.071499    0.123920    0.000192  
      1.546795  2.602094 20.780262    -0.143277   -0.000049    0.000079  
      1.546809  0.893038 21.844132     0.000313    0.000093    0.000008  
 
  54 f  =   10.321035 THz    64.848976 2PiTHz  344.272675 cm-1    42.684352 meV
             X         Y         Z           dx          dy          dz
      0.000031  1.786073  4.861250            0           0           0  
     -1.546769  4.465209  4.861250            0           0           0  
      3.093631  1.786073  4.861250            0           0           0  
      1.546831  4.465209  4.861250            0           0           0  
      0.000000  0.000000  7.269000            0           0           0  
     -1.546800  2.679136  7.269000            0           0           0  
      3.093600  0.000000  7.269000            0           0           0  
      1.546800  2.679136  7.269000            0           0           0  
      1.546769  0.893063  9.676500            0           0           0  
     -0.000031  3.572200  9.676500            0           0           0  
      4.640369  0.893063  9.676500            0           0           0  
      3.093569  3.572200  9.676500            0           0           0  
      1.546799  0.893046 14.581451     0.000006    0.000058    0.007416  
      0.000227  3.572314 14.581810     0.046051    0.026520    0.002842  
      4.640399  0.892783 14.581810     0.000008   -0.053107    0.002829  
      3.093371  3.572314 14.581810    -0.046058    0.026523    0.002839  
      3.093381  5.358150 17.164964     0.013439    0.007691   -0.010608  
      4.640396  2.679138 17.148229    -0.000002    0.000049   -0.003360  
      0.000212  5.358150 17.164963    -0.013436    0.007701   -0.010597  
      1.546796  2.679387 17.164964     0.000007   -0.015453   -0.010626  
     -0.019279  1.797222 19.698053     0.022734   -0.013148   -0.003778  
     -1.546806  4.442973 19.698049    -0.000000    0.026248   -0.003797  
      3.112869  1.797223 19.698049    -0.022731   -0.013150   -0.003780  
      1.546794  4.465230 19.781382     0.000000    0.000004    0.010444  
      1.546769  0.893063  5.959750            0           0           0  
     -0.000031  3.572200  5.959750            0           0           0  
      4.640369  0.893063  5.959750            0           0           0  
      3.093569  3.572200  5.959750            0           0           0  
      0.000031  1.786073  8.578000            0           0           0  
     -1.546769  4.465209  8.578000            0           0           0  
      3.093631  1.786073  8.578000            0           0           0  
      1.546831  4.465209  8.578000            0           0           0  
     -0.004200  1.788516 15.917002     0.017255   -0.009939    0.002096  
     -1.546802  4.460381 15.917002    -0.000001    0.019916    0.002112  
      3.097796  1.788515 15.917002    -0.017270   -0.009949    0.002099  
      1.546798  4.465228 15.913116    -0.000006   -0.000022   -0.013014  
      1.546795  0.893048 18.434530    -0.000002    0.000003    0.000318  
      0.017353  3.582205 18.469529     0.008065    0.004661   -0.004250  
      4.640396  0.873006 18.469529     0.000006   -0.009324   -0.004252  
      3.076238  3.582206 18.469528    -0.008067    0.004672   -0.004255  
      0.000000  0.000000  3.611250            0           0           0  
     -1.546800  2.679136  3.611250            0           0           0  
      3.093600  0.000000  3.611250            0           0           0  
      1.546800  2.679136  3.611250            0           0           0  
      0.000000  0.000000 10.926500            0           0           0  
     -1.546800  2.679136 10.926500            0           0           0  
      3.093600  0.000000 10.926500            0           0           0  
      1.546800  2.679136 10.926500            0           0           0  
      0.003370  0.001946 13.697370    -0.006957   -0.004000   -0.031359  
      4.640399  2.679137 13.693483    -0.000028    0.000005    0.117883  
      3.090229  0.001946 13.697369     0.006927   -0.004003   -0.031376  
      1.546800  2.675245 13.697370    -0.000018    0.008016   -0.031515  
      0.066719  0.038525 20.780262     0.014312    0.008277    0.024839  
      4.640393  2.679140 20.689473     0.000006    0.000026   -0.056473  
      3.026873  0.038525 20.780261    -0.014313    0.008321    0.024797  
      1.546795  2.602094 20.780262    -0.000004   -0.016449    0.024785  
      1.546809  0.893038 21.844132    -0.000010   -0.000073    0.081498  
 
  55 f  =   10.145842 THz    63.748203 2PiTHz  338.428848 cm-1    41.959811 meV
             X         Y         Z           dx          dy          dz
      0.000031  1.786073  4.861250            0           0           0  
     -1.546769  4.465209  4.861250            0           0           0  
      3.093631  1.786073  4.861250            0           0           0  
      1.546831  4.465209  4.861250            0           0           0  
      0.000000  0.000000  7.269000            0           0           0  
     -1.546800  2.679136  7.269000            0           0           0  
      3.093600  0.000000  7.269000            0           0           0  
      1.546800  2.679136  7.269000            0           0           0  
      1.546769  0.893063  9.676500            0           0           0  
     -0.000031  3.572200  9.676500            0           0           0  
      4.640369  0.893063  9.676500            0           0           0  
      3.093569  3.572200  9.676500            0           0           0  
      1.546799  0.893046 14.581451     0.054891   -0.011023    0.000008  
      0.000227  3.572314 14.581810    -0.005423    0.038716    0.004762  
      4.640399  0.892783 14.581810    -0.053771   -0.003856    0.001253  
      3.093371  3.572314 14.581810     0.007239   -0.024434   -0.006000  
      3.093381  5.358150 17.164964    -0.005871    0.021153    0.007729  
      4.640396  2.679138 17.148229     0.025827   -0.005186   -0.000024  
      0.000212  5.358150 17.164963     0.000865   -0.012376   -0.009776  
      1.546796  2.679387 17.164964    -0.031549   -0.001438    0.002012  
     -0.019279  1.797222 19.698053    -0.013299    0.005872   -0.010312  
     -1.546806  4.442973 19.698049    -0.004784    0.003013    0.002144  
      3.112869  1.797223 19.698049    -0.011538   -0.002933    0.008179  
      1.546794  4.465230 19.781382    -0.006621    0.001332    0.000004  
      1.546769  0.893063  5.959750            0           0           0  
     -0.000031  3.572200  5.959750            0           0           0  
      4.640369  0.893063  5.959750            0           0           0  
      3.093569  3.572200  5.959750            0           0           0  
      0.000031  1.786073  8.578000            0           0           0  
     -1.546769  4.465209  8.578000            0           0           0  
      3.093631  1.786073  8.578000            0           0           0  
      1.546831  4.465209  8.578000            0           0           0  
     -0.004200  1.788516 15.917002    -0.003163    0.008452    0.007059  
     -1.546802  4.460381 15.917002     0.017590    0.001457   -0.001465  
      3.097796  1.788515 15.917002     0.001143   -0.013027   -0.005595  
      1.546798  4.465228 15.913116    -0.024256    0.004876   -0.000002  
      1.546795  0.893048 18.434530     0.003054   -0.000613   -0.000000  
      0.017353  3.582205 18.469529     0.008540    0.000586    0.002216  
      4.640396  0.873006 18.469529     0.005560   -0.002025    0.000583  
      3.076238  3.582206 18.469528     0.009310   -0.003274   -0.002811  
      0.000000  0.000000  3.611250            0           0           0  
     -1.546800  2.679136  3.611250            0           0           0  
      3.093600  0.000000  3.611250            0           0           0  
      1.546800  2.679136  3.611250            0           0           0  
      0.000000  0.000000 10.926500            0           0           0  
     -1.546800  2.679136 10.926500            0           0           0  
      3.093600  0.000000 10.926500            0           0           0  
      1.546800  2.679136 10.926500            0           0           0  
      0.003370  0.001946 13.697370    -0.000166   -0.003392    0.075605  
      4.640399  2.679137 13.693483    -0.012480    0.002513    0.000041  
      3.090229  0.001946 13.697369    -0.001327    0.002362   -0.095420  
      1.546800  2.675245 13.697370     0.004255    0.000493    0.019831  
      0.066719  0.038525 20.780262     0.058026    0.017096    0.006902  
      4.640393  2.679140 20.689473     0.009034   -0.001815    0.000006  
      3.026873  0.038525 20.780261     0.067690   -0.031182   -0.008669  
      1.546795  2.602094 20.780262     0.021173   -0.015440    0.001823  
      1.546809  0.893038 21.844132    -0.063223    0.012746    0.000027  
 
  56 f  =   10.145696 THz    63.747286 2PiTHz  338.423980 cm-1    41.959207 meV
             X         Y         Z           dx          dy          dz
      0.000031  1.786073  4.861250            0           0           0  
     -1.546769  4.465209  4.861250            0           0           0  
      3.093631  1.786073  4.861250            0           0           0  
      1.546831  4.465209  4.861250            0           0           0  
      0.000000  0.000000  7.269000            0           0           0  
     -1.546800  2.679136  7.269000            0           0           0  
      3.093600  0.000000  7.269000            0           0           0  
      1.546800  2.679136  7.269000            0           0           0  
      1.546769  0.893063  9.676500            0           0           0  
     -0.000031  3.572200  9.676500            0           0           0  
      4.640369  0.893063  9.676500            0           0           0  
      3.093569  3.572200  9.676500            0           0           0  
      1.546799  0.893046 14.581451    -0.011032   -0.054905    0.000009  
      0.000227  3.572314 14.581810    -0.031714    0.029242   -0.004195  
      4.640399  0.892783 14.581810     0.010803   -0.019189    0.006236  
      3.093371  3.572314 14.581810     0.031362    0.041933   -0.002026  
      3.093381  5.358150 17.164964    -0.016293    0.018509   -0.006851  
      4.640396  2.679138 17.148229    -0.005198   -0.025864   -0.000011  
      0.000212  5.358150 17.164963     0.017294    0.025254   -0.003313  
      1.546796  2.679387 17.164964     0.006343   -0.007194    0.010123  
     -0.019279  1.797222 19.698053    -0.001846    0.006438   -0.003480  
     -1.546806  4.442973 19.698049     0.000968    0.014960    0.010668  
      3.112869  1.797223 19.698049     0.006816    0.008190   -0.007197  
      1.546794  4.465230 19.781382     0.001316    0.006572    0.000011  
      1.546769  0.893063  5.959750            0           0           0  
     -0.000031  3.572200  5.959750            0           0           0  
      4.640369  0.893063  5.959750            0           0           0  
      3.093569  3.572200  5.959750            0           0           0  
      0.000031  1.786073  8.578000            0           0           0  
     -1.546769  4.465209  8.578000            0           0           0  
      3.093631  1.786073  8.578000            0           0           0  
      1.546831  4.465209  8.578000            0           0           0  
     -0.004200  1.788516 15.917002    -0.010523   -0.013564    0.002381  
     -1.546802  4.460381 15.917002    -0.003538    0.007220   -0.007299  
      3.097796  1.788515 15.917002     0.010933   -0.009254    0.004929  
      1.546798  4.465228 15.913116     0.004867    0.024258   -0.000014  
      1.546795  0.893048 18.434530    -0.000611   -0.003029   -0.000000  
      0.017353  3.582205 18.469529    -0.003679   -0.007045   -0.001967  
      4.640396  0.873006 18.469529    -0.001114   -0.010038    0.002912  
      3.076238  3.582206 18.469528     0.000116   -0.006276   -0.000960  
      0.000000  0.000000  3.611250            0           0           0  
     -1.546800  2.679136  3.611250            0           0           0  
      3.093600  0.000000  3.611250            0           0           0  
      1.546800  2.679136  3.611250            0           0           0  
      0.000000  0.000000 10.926500            0           0           0  
     -1.546800  2.679136 10.926500            0           0           0  
      3.093600  0.000000 10.926500            0           0           0  
      1.546800  2.679136 10.926500            0           0           0  
      0.003370  0.001946 13.697370     0.003050   -0.002040   -0.066607  
      4.640399  2.679137 13.693483     0.002499    0.012453    0.000125  
      3.090229  0.001946 13.697369    -0.002739   -0.003181   -0.032227  
      1.546800  2.675245 13.697370    -0.000863    0.002419    0.098752  
      0.066719  0.038525 20.780262    -0.036606   -0.039777   -0.006036  
      4.640393  2.679140 20.689473    -0.001806   -0.008987   -0.000089  
      3.026873  0.038525 20.780261     0.011424   -0.030118   -0.002899  
      1.546795  2.602094 20.780262    -0.004229   -0.076697    0.009072  
      1.546809  0.893038 21.844132     0.012650    0.063211    0.000092  
 
  57 f  =    9.816545 THz    61.679174 2PiTHz  327.444709 cm-1    40.597952 meV
             X         Y         Z           dx          dy          dz
      0.000031  1.786073  4.861250            0           0           0  
     -1.546769  4.465209  4.861250            0           0           0  
      3.093631  1.786073  4.861250            0           0           0  
      1.546831  4.465209  4.861250            0           0           0  
      0.000000  0.000000  7.269000            0           0           0  
     -1.546800  2.679136  7.269000            0           0           0  
      3.093600  0.000000  7.269000            0           0           0  
      1.546800  2.679136  7.269000            0           0           0  
      1.546769  0.893063  9.676500            0           0           0  
     -0.000031  3.572200  9.676500            0           0           0  
      4.640369  0.893063  9.676500            0           0           0  
      3.093569  3.572200  9.676500            0           0           0  
      1.546799  0.893046 14.581451    -0.000040   -0.000172    0.010193  
      0.000227  3.572314 14.581810     0.020591    0.012030   -0.005952  
      4.640399  0.892783 14.581810     0.000047   -0.023942   -0.005818  
      3.093371  3.572314 14.581810    -0.020586    0.012080   -0.005917  
      3.093381  5.358150 17.164964     0.031606    0.018410   -0.006388  
      4.640396  2.679138 17.148229    -0.000069   -0.000258    0.030239  
      0.000212  5.358150 17.164963    -0.031645    0.018499   -0.006277  
      1.546796  2.679387 17.164964     0.000056   -0.036826   -0.006061  
     -0.019279  1.797222 19.698053    -0.039599    0.023107    0.003340  
     -1.546806  4.442973 19.698049     0.000056   -0.046219    0.003363  
      3.112869  1.797223 19.698049     0.039490    0.022982    0.003315  
      1.546794  4.465230 19.781382    -0.000091   -0.000331    0.003242  
      1.546769  0.893063  5.959750            0           0           0  
     -0.000031  3.572200  5.959750            0           0           0  
      4.640369  0.893063  5.959750            0           0           0  
      3.093569  3.572200  5.959750            0           0           0  
      0.000031  1.786073  8.578000            0           0           0  
     -1.546769  4.465209  8.578000            0           0           0  
      3.093631  1.786073  8.578000            0           0           0  
      1.546831  4.465209  8.578000            0           0           0  
     -0.004200  1.788516 15.917002     0.007577   -0.004464    0.000103  
     -1.546802  4.460381 15.917002    -0.000020    0.008855    0.000143  
      3.097796  1.788515 15.917002    -0.007580   -0.004439    0.000094  
      1.546798  4.465228 15.913116     0.000004    0.000055    0.001370  
      1.546795  0.893048 18.434530     0.000037    0.000141    0.014692  
      0.017353  3.582205 18.469529    -0.015713   -0.009088   -0.002172  
      4.640396  0.873006 18.469529     0.000006    0.018539   -0.002051  
      3.076238  3.582206 18.469528     0.015815   -0.009145   -0.002151  
      0.000000  0.000000  3.611250            0           0           0  
     -1.546800  2.679136  3.611250            0           0           0  
      3.093600  0.000000  3.611250            0           0           0  
      1.546800  2.679136  3.611250            0           0           0  
      0.000000  0.000000 10.926500            0           0           0  
     -1.546800  2.679136 10.926500            0           0           0  
      3.093600  0.000000 10.926500            0           0           0  
      1.546800  2.679136 10.926500            0           0           0  
      0.003370  0.001946 13.697370    -0.001854   -0.001086   -0.017692  
      4.640399  2.679137 13.693483    -0.000005    0.000057    0.042034  
      3.090229  0.001946 13.697369     0.001838   -0.001096   -0.017555  
      1.546800  2.675245 13.697370    -0.000016    0.002160   -0.017186  
      0.066719  0.038525 20.780262    -0.025859   -0.014876   -0.031661  
      4.640393  2.679140 20.689473     0.000045    0.000151    0.089789  
      3.026873  0.038525 20.780261     0.026342   -0.015106   -0.031541  
      1.546795  2.602094 20.780262     0.000053    0.031638   -0.031199  
      1.546809  0.893038 21.844132    -0.000206   -0.000572   -0.105495  
 
  58 f  =    9.801718 THz    61.586013 2PiTHz  326.950134 cm-1    40.536632 meV
             X         Y         Z           dx          dy          dz
      0.000031  1.786073  4.861250            0           0           0  
     -1.546769  4.465209  4.861250            0           0           0  
      3.093631  1.786073  4.861250            0           0           0  
      1.546831  4.465209  4.861250            0           0           0  
      0.000000  0.000000  7.269000            0           0           0  
     -1.546800  2.679136  7.269000            0           0           0  
      3.093600  0.000000  7.269000            0           0           0  
      1.546800  2.679136  7.269000            0           0           0  
      1.546769  0.893063  9.676500            0           0           0  
     -0.000031  3.572200  9.676500            0           0           0  
      4.640369  0.893063  9.676500            0           0           0  
      3.093569  3.572200  9.676500            0           0           0  
      1.546799  0.893046 14.581451     0.018456   -0.001313    0.000026  
      0.000227  3.572314 14.581810    -0.001293    0.011981    0.007578  
      4.640399  0.892783 14.581810    -0.019641   -0.000456    0.000640  
      3.093371  3.572314 14.581810     0.000203   -0.010055   -0.008228  
      3.093381  5.358150 17.164964     0.007002    0.019655    0.019189  
      4.640396  2.679138 17.148229     0.029631   -0.002092    0.000033  
      0.000212  5.358150 17.164963     0.009531   -0.017708   -0.020841  
      1.546796  2.679387 17.164964    -0.024082   -0.001405    0.001603  
     -0.019279  1.797222 19.698053     0.025031   -0.027489   -0.002621  
     -1.546806  4.442973 19.698049    -0.025740   -0.002851    0.000216  
      3.112869  1.797223 19.698049     0.021207    0.028914    0.002427  
      1.546794  4.465230 19.781382     0.040477   -0.002849    0.000006  
      1.546769  0.893063  5.959750            0           0           0  
     -0.000031  3.572200  5.959750            0           0           0  
      4.640369  0.893063  5.959750            0           0           0  
      3.093569  3.572200  5.959750            0           0           0  
      0.000031  1.786073  8.578000            0           0           0  
     -1.546769  4.465209  8.578000            0           0           0  
      3.093631  1.786073  8.578000            0           0           0  
      1.546831  4.465209  8.578000            0           0           0  
     -0.004200  1.788516 15.917002    -0.001580    0.006222   -0.002206  
     -1.546802  4.460381 15.917002     0.010486    0.000372    0.000172  
      3.097796  1.788515 15.917002    -0.000661   -0.007181    0.002030  
      1.546798  4.465228 15.913116    -0.001473    0.000115    0.000005  
      1.546795  0.893048 18.434530    -0.015056    0.001065    0.000026  
      0.017353  3.582205 18.469529    -0.022055   -0.012698    0.005353  
      4.640396  0.873006 18.469529    -0.000039    0.002185    0.000450  
      3.076238  3.582206 18.469528    -0.023853    0.013733   -0.005826  
      0.000000  0.000000  3.611250            0           0           0  
     -1.546800  2.679136  3.611250            0           0           0  
      3.093600  0.000000  3.611250            0           0           0  
      1.546800  2.679136  3.611250            0           0           0  
      0.000000  0.000000 10.926500            0           0           0  
     -1.546800  2.679136 10.926500            0           0           0  
      3.093600  0.000000 10.926500            0           0           0  
      1.546800  2.679136 10.926500            0           0           0  
      0.003370  0.001946 13.697370     0.001556   -0.002276    0.027427  
      4.640399  2.679137 13.693483    -0.000940    0.000075    0.000082  
      3.090229  0.001946 13.697369     0.001281    0.001743   -0.029829  
      1.546800  2.675245 13.697370     0.004891   -0.000011    0.002329  
      0.066719  0.038525 20.780262    -0.100809   -0.047707    0.023345  
      4.640393  2.679140 20.689473    -0.018282    0.001286    0.000173  
      3.026873  0.038525 20.780261    -0.107838    0.054035   -0.025433  
      1.546795  2.602094 20.780262    -0.016352    0.009440    0.001932  
      1.546809  0.893038 21.844132     0.081849   -0.005746   -0.000176  
 
  59 f  =    9.801162 THz    61.582518 2PiTHz  326.931581 cm-1    40.534332 meV
             X         Y         Z           dx          dy          dz
      0.000031  1.786073  4.861250            0           0           0  
     -1.546769  4.465209  4.861250            0           0           0  
      3.093631  1.786073  4.861250            0           0           0  
      1.546831  4.465209  4.861250            0           0           0  
      0.000000  0.000000  7.269000            0           0           0  
     -1.546800  2.679136  7.269000            0           0           0  
      3.093600  0.000000  7.269000            0           0           0  
      1.546800  2.679136  7.269000            0           0           0  
      1.546769  0.893063  9.676500            0           0           0  
     -0.000031  3.572200  9.676500            0           0           0  
      4.640369  0.893063  9.676500            0           0           0  
      3.093569  3.572200  9.676500            0           0           0  
      1.546799  0.893046 14.581451    -0.001281   -0.018391   -0.000070  
      0.000227  3.572314 14.581810    -0.011103    0.012378   -0.005060  
      4.640399  0.892783 14.581810     0.001365   -0.005617    0.009172  
      3.093371  3.572314 14.581810     0.011183    0.013906   -0.003952  
      3.093381  5.358150 17.164964    -0.019490    0.011821   -0.012946  
      4.640396  2.679138 17.148229    -0.002074   -0.029594   -0.000264  
      0.000212  5.358150 17.164963     0.018325    0.014435   -0.010113  
      1.546796  2.679387 17.164964     0.001682   -0.018756    0.023175  
     -0.019279  1.797222 19.698053     0.026902    0.011247   -0.001320  
     -1.546806  4.442973 19.698049     0.001807   -0.039041    0.002901  
      3.112869  1.797223 19.698049    -0.030159    0.007284   -0.001678  
      1.546794  4.465230 19.781382    -0.002844   -0.040484   -0.000027  
      1.546769  0.893063  5.959750            0           0           0  
     -0.000031  3.572200  5.959750            0           0           0  
      4.640369  0.893063  5.959750            0           0           0  
      3.093569  3.572200  5.959750            0           0           0  
      0.000031  1.786073  8.578000            0           0           0  
     -1.546769  4.465209  8.578000            0           0           0  
      3.093631  1.786073  8.578000            0           0           0  
      1.546831  4.465209  8.578000            0           0           0  
     -0.004200  1.788516 15.917002    -0.006654   -0.007030   -0.001078  
     -1.546802  4.460381 15.917002    -0.000730    0.004911    0.002439  
      3.097796  1.788515 15.917002     0.006815   -0.006099   -0.001373  
      1.546798  4.465228 15.913116     0.000090    0.001454   -0.000008  
      1.546795  0.893048 18.434530     0.001051    0.015062   -0.000124  
      0.017353  3.582205 18.469529     0.014948    0.008680   -0.003595  
      4.640396  0.873006 18.469529     0.000007    0.030446    0.006457  
      3.076238  3.582206 18.469528    -0.011710    0.006829   -0.002819  
      0.000000  0.000000  3.611250            0           0           0  
     -1.546800  2.679136  3.611250            0           0           0  
      3.093600  0.000000  3.611250            0           0           0  
      1.546800  2.679136  3.611250            0           0           0  
      0.000000  0.000000 10.926500            0           0           0  
     -1.546800  2.679136 10.926500            0           0           0  
      3.093600  0.000000 10.926500            0           0           0  
      1.546800  2.679136 10.926500            0           0           0  
      0.003370  0.001946 13.697370     0.001904   -0.003569   -0.018318  
      4.640399  2.679137 13.693483     0.000061    0.000937   -0.000299  
      3.090229  0.001946 13.697369    -0.002101   -0.003849   -0.014351  
      1.546800  2.675245 13.697370    -0.000342   -0.000270    0.033094  
      0.066719  0.038525 20.780262     0.058395    0.049345   -0.015496  
      4.640393  2.679140 20.689473     0.001281    0.018310   -0.000728  
      3.026873  0.038525 20.780261    -0.043674    0.042196   -0.012092  
      1.546795  2.602094 20.780262     0.001155    0.133520    0.028386  
      1.546809  0.893038 21.844132    -0.005798   -0.082124    0.000932  
 
  60 f  =    9.012659 THz    56.628205 2PiTHz  300.629938 cm-1    37.273345 meV
             X         Y         Z           dx          dy          dz
      0.000031  1.786073  4.861250            0           0           0  
     -1.546769  4.465209  4.861250            0           0           0  
      3.093631  1.786073  4.861250            0           0           0  
      1.546831  4.465209  4.861250            0           0           0  
      0.000000  0.000000  7.269000            0           0           0  
     -1.546800  2.679136  7.269000            0           0           0  
      3.093600  0.000000  7.269000            0           0           0  
      1.546800  2.679136  7.269000            0           0           0  
      1.546769  0.893063  9.676500            0           0           0  
     -0.000031  3.572200  9.676500            0           0           0  
      4.640369  0.893063  9.676500            0           0           0  
      3.093569  3.572200  9.676500            0           0           0  
      1.546799  0.893046 14.581451     0.011477   -0.000338   -0.000006  
      0.000227  3.572314 14.581810     0.000801    0.006765   -0.004728  
      4.640399  0.892783 14.581810    -0.010399   -0.000136   -0.000176  
      3.093371  3.572314 14.581810     0.001200   -0.006383    0.004887  
      3.093381  5.358150 17.164964    -0.000098    0.002697   -0.049721  
      4.640396  2.679138 17.148229    -0.002185    0.000069    0.000008  
      0.000212  5.358150 17.164963     0.000058   -0.002522    0.051485  
      1.546796  2.679387 17.164964    -0.004541   -0.000040   -0.001743  
     -0.019279  1.797222 19.698053     0.026614   -0.001155    0.049874  
     -1.546806  4.442973 19.698049     0.025960   -0.000794   -0.001691  
      3.112869  1.797223 19.698049     0.026592   -0.000417   -0.048173  
      1.546794  4.465230 19.781382    -0.011892    0.000361    0.000002  
      1.546769  0.893063  5.959750            0           0           0  
     -0.000031  3.572200  5.959750            0           0           0  
      4.640369  0.893063  5.959750            0           0           0  
      3.093569  3.572200  5.959750            0           0           0  
      0.000031  1.786073  8.578000            0           0           0  
     -1.546769  4.465209  8.578000            0           0           0  
      3.093631  1.786073  8.578000            0           0           0  
      1.546831  4.465209  8.578000            0           0           0  
     -0.004200  1.788516 15.917002    -0.002635    0.006363   -0.006595  
     -1.546802  4.460381 15.917002     0.008835    0.000177    0.000223  
      3.097796  1.788515 15.917002    -0.002245   -0.006650    0.006370  
      1.546798  4.465228 15.913116    -0.010382    0.000304   -0.000001  
      1.546795  0.893048 18.434530    -0.005911    0.000168    0.000000  
      0.017353  3.582205 18.469529    -0.000263   -0.006654    0.013540  
      4.640396  0.873006 18.469529     0.010742    0.000117    0.000480  
      3.076238  3.582206 18.469528    -0.000648    0.006246   -0.014002  
      0.000000  0.000000  3.611250            0           0           0  
     -1.546800  2.679136  3.611250            0           0           0  
      3.093600  0.000000  3.611250            0           0           0  
      1.546800  2.679136  3.611250            0           0           0  
      0.000000  0.000000 10.926500            0           0           0  
     -1.546800  2.679136 10.926500            0           0           0  
      3.093600  0.000000 10.926500            0           0           0  
      1.546800  2.679136 10.926500            0           0           0  
      0.003370  0.001946 13.697370     0.000026   -0.002497    0.011315  
      4.640399  2.679137 13.693483    -0.003827    0.000115   -0.000018  
      3.090229  0.001946 13.697369    -0.000118    0.002341   -0.011714  
      1.546800  2.675245 13.697370     0.004142    0.000039    0.000391  
      0.066719  0.038525 20.780262    -0.041004   -0.011930    0.015649  
      4.640393  2.679140 20.689473     0.005214   -0.000168   -0.000005  
      3.026873  0.038525 20.780261    -0.041772    0.013537   -0.016186  
      1.546795  2.602094 20.780262    -0.019350    0.001440    0.000532  
      1.546809  0.893038 21.844132    -0.208895    0.006233    0.000010  
 
  61 f  =    9.012271 THz    56.625770 2PiTHz  300.617010 cm-1    37.271742 meV
             X         Y         Z           dx          dy          dz
      0.000031  1.786073  4.861250            0           0           0  
     -1.546769  4.465209  4.861250            0           0           0  
      3.093631  1.786073  4.861250            0           0           0  
      1.546831  4.465209  4.861250            0           0           0  
      0.000000  0.000000  7.269000            0           0           0  
     -1.546800  2.679136  7.269000            0           0           0  
      3.093600  0.000000  7.269000            0           0           0  
      1.546800  2.679136  7.269000            0           0           0  
      1.546769  0.893063  9.676500            0           0           0  
     -0.000031  3.572200  9.676500            0           0           0  
      4.640369  0.893063  9.676500            0           0           0  
      3.093569  3.572200  9.676500            0           0           0  
      1.546799  0.893046 14.581451    -0.000349   -0.011484   -0.000002  
      0.000227  3.572314 14.581810    -0.006611    0.006402    0.002912  
      4.640399  0.892783 14.581810     0.000314   -0.004798   -0.005550  
      3.093371  3.572314 14.581810     0.006555    0.006797    0.002630  
      3.093381  5.358150 17.164964    -0.002616    0.002957    0.030736  
      4.640396  2.679138 17.148229     0.000060    0.002173   -0.000006  
      0.000212  5.358150 17.164963     0.002624    0.003118    0.027715  
      1.546796  2.679387 17.164964     0.000136   -0.001497   -0.058437  
     -0.019279  1.797222 19.698053    -0.000398   -0.026155    0.026846  
     -1.546806  4.442973 19.698049    -0.000771   -0.026841   -0.056613  
      3.112869  1.797223 19.698049    -0.001192   -0.026181    0.029769  
      1.546794  4.465230 19.781382     0.000353    0.011862   -0.000001  
      1.546769  0.893063  5.959750            0           0           0  
     -0.000031  3.572200  5.959750            0           0           0  
      4.640369  0.893063  5.959750            0           0           0  
      3.093569  3.572200  5.959750            0           0           0  
      0.000031  1.786073  8.578000            0           0           0  
     -1.546769  4.465209  8.578000            0           0           0  
      3.093631  1.786073  8.578000            0           0           0  
      1.546831  4.465209  8.578000            0           0           0  
     -0.004200  1.788516 15.917002    -0.006440   -0.005277   -0.003552  
     -1.546802  4.460381 15.917002    -0.000271    0.006197    0.007488  
      3.097796  1.788515 15.917002     0.006588   -0.004881   -0.003941  
      1.546798  4.465228 15.913116     0.000317    0.010399    0.000002  
      1.546795  0.893048 18.434530     0.000184    0.005939   -0.000000  
      0.017353  3.582205 18.469529     0.006482   -0.006819   -0.008365  
      4.640396  0.873006 18.469529    -0.000327    0.004195    0.015912  
      3.076238  3.582206 18.469528    -0.006453   -0.007212   -0.007541  
      0.000000  0.000000  3.611250            0           0           0  
     -1.546800  2.679136  3.611250            0           0           0  
      3.093600  0.000000  3.611250            0           0           0  
      1.546800  2.679136  3.611250            0           0           0  
      0.000000  0.000000 10.926500            0           0           0  
     -1.546800  2.679136 10.926500            0           0           0  
      3.093600  0.000000 10.926500            0           0           0  
      1.546800  2.679136 10.926500            0           0           0  
      0.003370  0.001946 13.697370     0.002422   -0.002664   -0.006996  
      4.640399  2.679137 13.693483     0.000116    0.003835   -0.000007  
      3.090229  0.001946 13.697369    -0.002418   -0.002813   -0.006304  
      1.546800  2.675245 13.697370    -0.000125    0.001453    0.013304  
      0.066719  0.038525 20.780262     0.014022    0.027073   -0.009689  
      4.640393  2.679140 20.689473    -0.000152   -0.005209   -0.000003  
      3.026873  0.038525 20.780261    -0.011550    0.026306   -0.008716  
      1.546795  2.602094 20.780262     0.000570    0.048852    0.018406  
      1.546809  0.893038 21.844132     0.006249    0.208751    0.000028  
 
  62 f  =    8.516859 THz    53.513001 2PiTHz  284.091822 cm-1    35.222881 meV
             X         Y         Z           dx          dy          dz
      0.000031  1.786073  4.861250            0           0           0  
     -1.546769  4.465209  4.861250            0           0           0  
      3.093631  1.786073  4.861250            0           0           0  
      1.546831  4.465209  4.861250            0           0           0  
      0.000000  0.000000  7.269000            0           0           0  
     -1.546800  2.679136  7.269000            0           0           0  
      3.093600  0.000000  7.269000            0           0           0  
      1.546800  2.679136  7.269000            0           0           0  
      1.546769  0.893063  9.676500            0           0           0  
     -0.000031  3.572200  9.676500            0           0           0  
      4.640369  0.893063  9.676500            0           0           0  
      3.093569  3.572200  9.676500            0           0           0  
      1.546799  0.893046 14.581451    -0.000003   -0.000005   -0.015810  
      0.000227  3.572314 14.581810     0.011522    0.006650    0.003904  
      4.640399  0.892783 14.581810     0.000003   -0.013298    0.003911  
      3.093371  3.572314 14.581810    -0.011529    0.006657    0.003908  
      3.093381  5.358150 17.164964     0.000730    0.000419    0.040275  
      4.640396  2.679138 17.148229     0.000005   -0.000023   -0.113937  
      0.000212  5.358150 17.164963    -0.000755    0.000423    0.040287  
      1.546796  2.679387 17.164964     0.000012   -0.000817    0.040289  
     -0.019279  1.797222 19.698053    -0.011320    0.006533    0.008266  
     -1.546806  4.442973 19.698049     0.000006   -0.013054    0.008259  
      3.112869  1.797223 19.698049     0.011319    0.006528    0.008252  
      1.546794  4.465230 19.781382    -0.000001   -0.000003   -0.027106  
      1.546769  0.893063  5.959750            0           0           0  
     -0.000031  3.572200  5.959750            0           0           0  
      4.640369  0.893063  5.959750            0           0           0  
      3.093569  3.572200  5.959750            0           0           0  
      0.000031  1.786073  8.578000            0           0           0  
     -1.546769  4.465209  8.578000            0           0           0  
      3.093631  1.786073  8.578000            0           0           0  
      1.546831  4.465209  8.578000            0           0           0  
     -0.004200  1.788516 15.917002     0.012001   -0.006925   -0.006576  
     -1.546802  4.460381 15.917002    -0.000010    0.013845   -0.006574  
      3.097796  1.788515 15.917002    -0.012001   -0.006918   -0.006574  
      1.546798  4.465228 15.913116     0.000007    0.000005    0.019579  
      1.546795  0.893048 18.434530     0.000006    0.000002    0.020272  
      0.017353  3.582205 18.469529    -0.008287   -0.004778   -0.003912  
      4.640396  0.873006 18.469529    -0.000009    0.009554   -0.003908  
      3.076238  3.582206 18.469528     0.008287   -0.004785   -0.003914  
      0.000000  0.000000  3.611250            0           0           0  
     -1.546800  2.679136  3.611250            0           0           0  
      3.093600  0.000000  3.611250            0           0           0  
      1.546800  2.679136  3.611250            0           0           0  
      0.000000  0.000000 10.926500            0           0           0  
     -1.546800  2.679136 10.926500            0           0           0  
      3.093600  0.000000 10.926500            0           0           0  
      1.546800  2.679136 10.926500            0           0           0  
      0.003370  0.001946 13.697370    -0.005775   -0.003331   -0.006064  
      4.640399  2.679137 13.693483    -0.000001    0.000009    0.013849  
      3.090229  0.001946 13.697369     0.005786   -0.003335   -0.006050  
      1.546800  2.675245 13.697370    -0.000004    0.006663   -0.006056  
      0.066719  0.038525 20.780262    -0.004643   -0.002682   -0.004768  
      4.640393  2.679140 20.689473     0.000003    0.000005    0.015727  
      3.026873  0.038525 20.780261     0.004648   -0.002689   -0.004754  
      1.546795  2.602094 20.780262    -0.000008    0.005345   -0.004755  
      1.546809  0.893038 21.844132     0.000010    0.000008   -0.011473  
 
  63 f  =    8.125410 THz    51.053456 2PiTHz  271.034497 cm-1    33.603980 meV
             X         Y         Z           dx          dy          dz
      0.000031  1.786073  4.861250            0           0           0  
     -1.546769  4.465209  4.861250            0           0           0  
      3.093631  1.786073  4.861250            0           0           0  
      1.546831  4.465209  4.861250            0           0           0  
      0.000000  0.000000  7.269000            0           0           0  
     -1.546800  2.679136  7.269000            0           0           0  
      3.093600  0.000000  7.269000            0           0           0  
      1.546800  2.679136  7.269000            0           0           0  
      1.546769  0.893063  9.676500            0           0           0  
     -0.000031  3.572200  9.676500            0           0           0  
      4.640369  0.893063  9.676500            0           0           0  
      3.093569  3.572200  9.676500            0           0           0  
      1.546799  0.893046 14.581451     0.012206   -0.002723   -0.000014  
      0.000227  3.572314 14.581810    -0.003076    0.004549   -0.010557  
      4.640399  0.892783 14.581810    -0.007926    0.000120   -0.003131  
      3.093371  3.572314 14.581810    -0.001641   -0.001846    0.013654  
      3.093381  5.358150 17.164964    -0.007441   -0.009558   -0.067336  
      4.640396  2.679138 17.148229     0.017678   -0.003942    0.000012  
      0.000212  5.358150 17.164963    -0.011579    0.009022    0.087257  
      1.546796  2.679387 17.164964     0.006524    0.003320   -0.019906  
     -0.019279  1.797222 19.698053    -0.015784   -0.000885   -0.014608  
     -1.546806  4.442973 19.698049    -0.028255    0.003028    0.003350  
      3.112869  1.797223 19.698049    -0.018627    0.011842    0.011293  
      1.546794  4.465230 19.781382     0.030026   -0.006697    0.000007  
      1.546769  0.893063  5.959750            0           0           0  
     -0.000031  3.572200  5.959750            0           0           0  
      4.640369  0.893063  5.959750            0           0           0  
      3.093569  3.572200  5.959750            0           0           0  
      0.000031  1.786073  8.578000            0           0           0  
     -1.546769  4.465209  8.578000            0           0           0  
      3.093631  1.786073  8.578000            0           0           0  
      1.546831  4.465209  8.578000            0           0           0  
     -0.004200  1.788516 15.917002     0.000949    0.002632   -0.015403  
     -1.546802  4.460381 15.917002     0.008969    0.000104    0.003512  
      3.097796  1.788515 15.917002     0.002783   -0.005562    0.011883  
      1.546798  4.465228 15.913116    -0.010975    0.002442   -0.000004  
      1.546795  0.893048 18.434530    -0.011280    0.002508    0.000005  
      0.017353  3.582205 18.469529    -0.000901   -0.004571    0.008768  
      4.640396  0.873006 18.469529     0.005094    0.000901    0.002600  
      3.076238  3.582206 18.469528    -0.002668    0.003335   -0.011336  
      0.000000  0.000000  3.611250            0           0           0  
     -1.546800  2.679136  3.611250            0           0           0  
      3.093600  0.000000  3.611250            0           0           0  
      1.546800  2.679136  3.611250            0           0           0  
      0.000000  0.000000 10.926500            0           0           0  
     -1.546800  2.679136 10.926500            0           0           0  
      3.093600  0.000000 10.926500            0           0           0  
      1.546800  2.679136 10.926500            0           0           0  
      0.003370  0.001946 13.697370     0.001287   -0.001347    0.006183  
      4.640399  2.679137 13.693483    -0.009669    0.002155   -0.000018  
      3.090229  0.001946 13.697369     0.000891    0.000409   -0.008027  
      1.546800  2.675245 13.697370     0.002621   -0.000132    0.001823  
      0.066719  0.038525 20.780262     0.012921   -0.007613   -0.001037  
      4.640393  2.679140 20.689473    -0.014892    0.003323    0.000002  
      3.026873  0.038525 20.780261     0.011177    0.000222    0.001360  
      1.546795  2.602094 20.780262     0.018855   -0.002207   -0.000308  
      1.546809  0.893038 21.844132     0.151720   -0.033855    0.000039  
 
  64 f  =    8.125067 THz    51.051302 2PiTHz  271.023065 cm-1    33.602562 meV
             X         Y         Z           dx          dy          dz
      0.000031  1.786073  4.861250            0           0           0  
     -1.546769  4.465209  4.861250            0           0           0  
      3.093631  1.786073  4.861250            0           0           0  
      1.546831  4.465209  4.861250            0           0           0  
      0.000000  0.000000  7.269000            0           0           0  
     -1.546800  2.679136  7.269000            0           0           0  
      3.093600  0.000000  7.269000            0           0           0  
      1.546800  2.679136  7.269000            0           0           0  
      1.546769  0.893063  9.676500            0           0           0  
     -0.000031  3.572200  9.676500            0           0           0  
      4.640369  0.893063  9.676500            0           0           0  
      3.093569  3.572200  9.676500            0           0           0  
      1.546799  0.893046 14.581451     0.002729    0.012208    0.000003  
      0.000227  3.572314 14.581810     0.002670   -0.005336   -0.009676  
      4.640399  0.892783 14.581810    -0.001748   -0.000513    0.013975  
      3.093371  3.572314 14.581810    -0.003748   -0.006797   -0.004284  
      3.093381  5.358150 17.164964    -0.011445   -0.000806   -0.061863  
      4.640396  2.679138 17.148229     0.003958    0.017681   -0.000000  
      0.000212  5.358150 17.164963     0.007095    0.003191   -0.027381  
      1.546796  2.679387 17.164964     0.001549   -0.014868    0.089239  
     -0.019279  1.797222 19.698053    -0.010217   -0.026012    0.004596  
     -1.546806  4.442973 19.698049    -0.006289   -0.013549   -0.014991  
      3.112869  1.797223 19.698049     0.002529   -0.023139    0.010383  
      1.546794  4.465230 19.781382     0.006702    0.030031   -0.000003  
      1.546769  0.893063  5.959750            0           0           0  
     -0.000031  3.572200  5.959750            0           0           0  
      4.640369  0.893063  5.959750            0           0           0  
      3.093569  3.572200  5.959750            0           0           0  
      0.000031  1.786073  8.578000            0           0           0  
     -1.546769  4.465209  8.578000            0           0           0  
      3.093631  1.786073  8.578000            0           0           0  
      1.546831  4.465209  8.578000            0           0           0  
     -0.004200  1.788516 15.917002     0.004533    0.007538    0.004832  
     -1.546802  4.460381 15.917002     0.001996   -0.000503   -0.015749  
      3.097796  1.788515 15.917002    -0.003685    0.005678    0.010920  
      1.546798  4.465228 15.913116    -0.002460   -0.010986    0.000002  
      1.546795  0.893048 18.434530    -0.002528   -0.011290   -0.000003  
      0.017353  3.582205 18.469529    -0.004364    0.001902    0.008039  
      4.640396  0.873006 18.469529     0.001133   -0.004075   -0.011606  
      3.076238  3.582206 18.469528     0.003576    0.003695    0.003555  
      0.000000  0.000000  3.611250            0           0           0  
     -1.546800  2.679136  3.611250            0           0           0  
      3.093600  0.000000  3.611250            0           0           0  
      1.546800  2.679136  3.611250            0           0           0  
      0.000000  0.000000 10.926500            0           0           0  
     -1.546800  2.679136 10.926500            0           0           0  
      3.093600  0.000000 10.926500            0           0           0  
      1.546800  2.679136 10.926500            0           0           0  
      0.003370  0.001946 13.697370    -0.000634    0.001899    0.005695  
      4.640399  2.679137 13.693483    -0.002161   -0.009663    0.000004  
      3.090229  0.001946 13.697369     0.001140    0.002319    0.002520  
      1.546800  2.675245 13.697370     0.000569    0.000578   -0.008207  
      0.066719  0.038525 20.780262    -0.001233    0.015698   -0.000961  
      4.640393  2.679140 20.689473    -0.003330   -0.014920    0.000003  
      3.026873  0.038525 20.780261     0.006599    0.017476   -0.000436  
      1.546795  2.602094 20.780262     0.004201    0.009823    0.001382  
      1.546809  0.893038 21.844132     0.033837    0.151725   -0.000014  
 
  65 f  =    8.096545 THz    50.872091 2PiTHz  270.071663 cm-1    33.484604 meV
             X         Y         Z           dx          dy          dz
      0.000031  1.786073  4.861250            0           0           0  
     -1.546769  4.465209  4.861250            0           0           0  
      3.093631  1.786073  4.861250            0           0           0  
      1.546831  4.465209  4.861250            0           0           0  
      0.000000  0.000000  7.269000            0           0           0  
     -1.546800  2.679136  7.269000            0           0           0  
      3.093600  0.000000  7.269000            0           0           0  
      1.546800  2.679136  7.269000            0           0           0  
      1.546769  0.893063  9.676500            0           0           0  
     -0.000031  3.572200  9.676500            0           0           0  
      4.640369  0.893063  9.676500            0           0           0  
      3.093569  3.572200  9.676500            0           0           0  
      1.546799  0.893046 14.581451    -0.000010    0.000019    0.000003  
      0.000227  3.572314 14.581810     0.008331   -0.014422   -0.000007  
      4.640399  0.892783 14.581810    -0.016653   -0.000004    0.000021  
      3.093371  3.572314 14.581810     0.008327    0.014411   -0.000000  
      3.093381  5.358150 17.164964     0.039788   -0.068896   -0.000050  
      4.640396  2.679138 17.148229    -0.000018    0.000031   -0.000010  
      0.000212  5.358150 17.164963     0.039820    0.068898   -0.000045  
      1.546796  2.679387 17.164964    -0.079581   -0.000028    0.000106  
     -0.019279  1.797222 19.698053     0.007235    0.012513    0.000003  
     -1.546806  4.442973 19.698049    -0.014485   -0.000018   -0.000016  
      3.112869  1.797223 19.698049     0.007250   -0.012565    0.000009  
      1.546794  4.465230 19.781382    -0.000007    0.000035   -0.000004  
      1.546769  0.893063  5.959750            0           0           0  
     -0.000031  3.572200  5.959750            0           0           0  
      4.640369  0.893063  5.959750            0           0           0  
      3.093569  3.572200  5.959750            0           0           0  
      0.000031  1.786073  8.578000            0           0           0  
     -1.546769  4.465209  8.578000            0           0           0  
      3.093631  1.786073  8.578000            0           0           0  
      1.546831  4.465209  8.578000            0           0           0  
     -0.004200  1.788516 15.917002    -0.005601   -0.009702    0.000011  
     -1.546802  4.460381 15.917002     0.011214   -0.000001   -0.000021  
      3.097796  1.788515 15.917002    -0.005610    0.009717    0.000009  
      1.546798  4.465228 15.913116     0.000008   -0.000011    0.000005  
      1.546795  0.893048 18.434530     0.000004   -0.000010    0.000002  
      0.017353  3.582205 18.469529    -0.004655    0.008053    0.000005  
      4.640396  0.873006 18.469529     0.009295   -0.000007   -0.000020  
      3.076238  3.582206 18.469528    -0.004644   -0.008049    0.000007  
      0.000000  0.000000  3.611250            0           0           0  
     -1.546800  2.679136  3.611250            0           0           0  
      3.093600  0.000000  3.611250            0           0           0  
      1.546800  2.679136  3.611250            0           0           0  
      0.000000  0.000000 10.926500            0           0           0  
     -1.546800  2.679136 10.926500            0           0           0  
      3.093600  0.000000 10.926500            0           0           0  
      1.546800  2.679136 10.926500            0           0           0  
      0.003370  0.001946 13.697370    -0.007611    0.013185    0.000003  
      4.640399  2.679137 13.693483     0.000011   -0.000016    0.000005  
      3.090229  0.001946 13.697369    -0.007611   -0.013177    0.000012  
      1.546800  2.675245 13.697370     0.015226   -0.000001   -0.000005  
      0.066719  0.038525 20.780262    -0.003045    0.005288   -0.000007  
      4.640393  2.679140 20.689473     0.000000   -0.000018    0.000001  
      3.026873  0.038525 20.780261    -0.003043   -0.005247    0.000004  
      1.546795  2.602094 20.780262     0.006079    0.000006   -0.000002  
      1.546809  0.893038 21.844132     0.000016    0.000163   -0.000007  
 
  66 f  =    7.828674 THz    49.189010 2PiTHz  261.136461 cm-1    32.376780 meV
             X         Y         Z           dx          dy          dz
      0.000031  1.786073  4.861250            0           0           0  
     -1.546769  4.465209  4.861250            0           0           0  
      3.093631  1.786073  4.861250            0           0           0  
      1.546831  4.465209  4.861250            0           0           0  
      0.000000  0.000000  7.269000            0           0           0  
     -1.546800  2.679136  7.269000            0           0           0  
      3.093600  0.000000  7.269000            0           0           0  
      1.546800  2.679136  7.269000            0           0           0  
      1.546769  0.893063  9.676500            0           0           0  
     -0.000031  3.572200  9.676500            0           0           0  
      4.640369  0.893063  9.676500            0           0           0  
      3.093569  3.572200  9.676500            0           0           0  
      1.546799  0.893046 14.581451     0.019050   -0.005068   -0.000003  
      0.000227  3.572314 14.581810    -0.011766   -0.011516    0.005730  
      4.640399  0.892783 14.581810     0.005527    0.005784    0.002074  
      3.093371  3.572314 14.581810    -0.018036    0.012188   -0.007818  
      3.093381  5.358150 17.164964    -0.040821   -0.045024    0.012859  
      4.640396  2.679138 17.148229     0.082114   -0.021818    0.000019  
      0.000212  5.358150 17.164963    -0.064831    0.045374   -0.017517  
      1.546796  2.679387 17.164964     0.025417    0.020974    0.004636  
     -0.019279  1.797222 19.698053    -0.001215    0.003692    0.008819  
     -1.546806  4.442973 19.698049     0.009507    0.000774   -0.002347  
      3.112869  1.797223 19.698049     0.001635   -0.007102   -0.006468  
      1.546794  4.465230 19.781382     0.004229   -0.001126    0.000013  
      1.546769  0.893063  5.959750            0           0           0  
     -0.000031  3.572200  5.959750            0           0           0  
      4.640369  0.893063  5.959750            0           0           0  
      3.093569  3.572200  5.959750            0           0           0  
      0.000031  1.786073  8.578000            0           0           0  
     -1.546769  4.465209  8.578000            0           0           0  
      3.093631  1.786073  8.578000            0           0           0  
      1.546831  4.465209  8.578000            0           0           0  
     -0.004200  1.788516 15.917002     0.009267   -0.005560    0.001139  
     -1.546802  4.460381 15.917002    -0.000631   -0.002872   -0.000295  
      3.097796  1.788515 15.917002     0.006638    0.004377   -0.000837  
      1.546798  4.465228 15.913116    -0.003582    0.000950   -0.000011  
      1.546795  0.893048 18.434530    -0.003684    0.000977   -0.000008  
      0.017353  3.582205 18.469529    -0.001279    0.000735   -0.001491  
      4.640396  0.873006 18.469529    -0.001673    0.000274   -0.000530  
      3.076238  3.582206 18.469528    -0.001117    0.000078    0.002033  
      0.000000  0.000000  3.611250            0           0           0  
     -1.546800  2.679136  3.611250            0           0           0  
      3.093600  0.000000  3.611250            0           0           0  
      1.546800  2.679136  3.611250            0           0           0  
      0.000000  0.000000 10.926500            0           0           0  
     -1.546800  2.679136 10.926500            0           0           0  
      3.093600  0.000000 10.926500            0           0           0  
      1.546800  2.679136 10.926500            0           0           0  
      0.003370  0.001946 13.697370     0.010129    0.008852   -0.000148  
      4.640399  2.679137 13.693483    -0.012818    0.003406   -0.000016  
      3.090229  0.001946 13.697369     0.015089   -0.009834    0.000194  
      1.546800  2.675245 13.697370    -0.003539   -0.004784   -0.000047  
      0.066719  0.038525 20.780262    -0.009151    0.000912    0.001393  
      4.640393  2.679140 20.689473    -0.004991    0.001326   -0.000001  
      3.026873  0.038525 20.780261    -0.009802    0.003363   -0.001888  
      1.546795  2.602094 20.780262    -0.007351    0.002712    0.000509  
      1.546809  0.893038 21.844132    -0.029819    0.007896    0.000015  
 
  67 f  =    7.828501 THz    49.187924 2PiTHz  261.130691 cm-1    32.376065 meV
             X         Y         Z           dx          dy          dz
      0.000031  1.786073  4.861250            0           0           0  
     -1.546769  4.465209  4.861250            0           0           0  
      3.093631  1.786073  4.861250            0           0           0  
      1.546831  4.465209  4.861250            0           0           0  
      0.000000  0.000000  7.269000            0           0           0  
     -1.546800  2.679136  7.269000            0           0           0  
      3.093600  0.000000  7.269000            0           0           0  
      1.546800  2.679136  7.269000            0           0           0  
      1.546769  0.893063  9.676500            0           0           0  
     -0.000031  3.572200  9.676500            0           0           0  
      4.640369  0.893063  9.676500            0           0           0  
      3.093569  3.572200  9.676500            0           0           0  
      1.546799  0.893046 14.581451     0.005060    0.019055    0.000000  
      0.000227  3.572314 14.581810    -0.015769   -0.004410    0.005713  
      4.640399  0.892783 14.581810     0.001468   -0.021755   -0.007822  
      3.093371  3.572314 14.581810     0.007855    0.001887    0.002113  
      3.093381  5.358150 17.164964    -0.059225   -0.012655    0.012809  
      4.640396  2.679138 17.148229     0.021817    0.082109   -0.000020  
      0.000212  5.358150 17.164963     0.031142    0.011345    0.004739  
      1.546796  2.679387 17.164964     0.006765   -0.078931   -0.017525  
     -0.019279  1.797222 19.698053     0.005424    0.007861   -0.002384  
     -1.546806  4.442973 19.698049     0.002529   -0.002903    0.008843  
      3.112869  1.797223 19.698049    -0.005315    0.004996   -0.006444  
      1.546794  4.465230 19.781382     0.001123    0.004222   -0.000019  
      1.546769  0.893063  5.959750            0           0           0  
     -0.000031  3.572200  5.959750            0           0           0  
      4.640369  0.893063  5.959750            0           0           0  
      3.093569  3.572200  5.959750            0           0           0  
      0.000031  1.786073  8.578000            0           0           0  
     -1.546769  4.465209  8.578000            0           0           0  
      3.093631  1.786073  8.578000            0           0           0  
      1.546831  4.465209  8.578000            0           0           0  
     -0.004200  1.788516 15.917002    -0.002844    0.000900   -0.000310  
     -1.546802  4.460381 15.917002    -0.000174    0.010826    0.001136  
      3.097796  1.788515 15.917002     0.007078    0.003539   -0.000832  
      1.546798  4.465228 15.913116    -0.000955   -0.003587    0.000008  
      1.546795  0.893048 18.434530    -0.000982   -0.003684    0.000010  
      0.017353  3.582205 18.469529    -0.000004   -0.001448   -0.001488  
      4.640396  0.873006 18.469529    -0.000451   -0.001011    0.002029  
      3.076238  3.582206 18.469528    -0.000625   -0.001623   -0.000552  
      0.000000  0.000000  3.611250            0           0           0  
     -1.546800  2.679136  3.611250            0           0           0  
      3.093600  0.000000  3.611250            0           0           0  
      1.546800  2.679136  3.611250            0           0           0  
      0.000000  0.000000 10.926500            0           0           0  
     -1.546800  2.679136 10.926500            0           0           0  
      3.093600  0.000000 10.926500            0           0           0  
      1.546800  2.679136 10.926500            0           0           0  
      0.003370  0.001946 13.697370     0.012686    0.004318   -0.000148  
      4.640399  2.679137 13.693483    -0.003403   -0.012818    0.000018  
      3.090229  0.001946 13.697369    -0.005982   -0.000642   -0.000056  
      1.546800  2.675245 13.697370    -0.000941    0.018009    0.000189  
      0.066719  0.038525 20.780262    -0.003747   -0.008388    0.001376  
      4.640393  2.679140 20.689473    -0.001327   -0.004987    0.000013  
      3.026873  0.038525 20.780261    -0.001285   -0.007739    0.000504  
      1.546795  2.602094 20.780262    -0.001954   -0.010191   -0.001892  
      1.546809  0.893038 21.844132    -0.007920   -0.029775   -0.000020  
 
  68 f  =    6.623457 THz    41.616410 2PiTHz  220.934754 cm-1    27.392406 meV
             X         Y         Z           dx          dy          dz
      0.000031  1.786073  4.861250            0           0           0  
     -1.546769  4.465209  4.861250            0           0           0  
      3.093631  1.786073  4.861250            0           0           0  
      1.546831  4.465209  4.861250            0           0           0  
      0.000000  0.000000  7.269000            0           0           0  
     -1.546800  2.679136  7.269000            0           0           0  
      3.093600  0.000000  7.269000            0           0           0  
      1.546800  2.679136  7.269000            0           0           0  
      1.546769  0.893063  9.676500            0           0           0  
     -0.000031  3.572200  9.676500            0           0           0  
      4.640369  0.893063  9.676500            0           0           0  
      3.093569  3.572200  9.676500            0           0           0  
      1.546799  0.893046 14.581451     0.000016   -0.000036   -0.000003  
      0.000227  3.572314 14.581810    -0.017050    0.029529    0.000009  
      4.640399  0.892783 14.581810     0.034114    0.000034   -0.000001  
      3.093371  3.572314 14.581810    -0.017085   -0.029532    0.000003  
      3.093381  5.358150 17.164964    -0.002885    0.004999    0.000006  
      4.640396  2.679138 17.148229    -0.000006    0.000010   -0.000001  
      0.000212  5.358150 17.164963    -0.002877   -0.005001    0.000000  
      1.546796  2.679387 17.164964     0.005770   -0.000009   -0.000003  
     -0.019279  1.797222 19.698053     0.037666    0.065243   -0.000005  
     -1.546806  4.442973 19.698049    -0.075331   -0.000008    0.000009  
      3.112869  1.797223 19.698049     0.037663   -0.065242   -0.000018  
      1.546794  4.465230 19.781382    -0.000002    0.000004    0.000008  
      1.546769  0.893063  5.959750            0           0           0  
     -0.000031  3.572200  5.959750            0           0           0  
      4.640369  0.893063  5.959750            0           0           0  
      3.093569  3.572200  5.959750            0           0           0  
      0.000031  1.786073  8.578000            0           0           0  
     -1.546769  4.465209  8.578000            0           0           0  
      3.093631  1.786073  8.578000            0           0           0  
      1.546831  4.465209  8.578000            0           0           0  
     -0.004200  1.788516 15.917002     0.000050    0.000093    0.000000  
     -1.546802  4.460381 15.917002    -0.000107    0.000004    0.000002  
      3.097796  1.788515 15.917002     0.000055   -0.000094   -0.000002  
      1.546798  4.465228 15.913116     0.000002   -0.000001    0.000001  
      1.546795  0.893048 18.434530     0.000003   -0.000001   -0.000002  
      0.017353  3.582205 18.469529    -0.001283    0.002223    0.000003  
      4.640396  0.873006 18.469529     0.002567   -0.000001   -0.000001  
      3.076238  3.582206 18.469528    -0.001283   -0.002222   -0.000001  
      0.000000  0.000000  3.611250            0           0           0  
     -1.546800  2.679136  3.611250            0           0           0  
      3.093600  0.000000  3.611250            0           0           0  
      1.546800  2.679136  3.611250            0           0           0  
      0.000000  0.000000 10.926500            0           0           0  
     -1.546800  2.679136 10.926500            0           0           0  
      3.093600  0.000000 10.926500            0           0           0  
      1.546800  2.679136 10.926500            0           0           0  
      0.003370  0.001946 13.697370     0.007774   -0.013472    0.000003  
      4.640399  2.679137 13.693483    -0.000006    0.000015   -0.000003  
      3.090229  0.001946 13.697369     0.007787    0.013466    0.000000  
      1.546800  2.675245 13.697370    -0.015561   -0.000011    0.000004  
      0.066719  0.038525 20.780262    -0.002359    0.004092   -0.000001  
      4.640393  2.679140 20.689473     0.000004   -0.000003   -0.000005  
      3.026873  0.038525 20.780261    -0.002357   -0.004089   -0.000005  
      1.546795  2.602094 20.780262     0.004723    0.000005   -0.000004  
      1.546809  0.893038 21.844132     0.000002    0.000019   -0.000005  
 
  69 f  =    6.487235 THz    40.760502 2PiTHz  216.390880 cm-1    26.829038 meV
             X         Y         Z           dx          dy          dz
      0.000031  1.786073  4.861250            0           0           0  
     -1.546769  4.465209  4.861250            0           0           0  
      3.093631  1.786073  4.861250            0           0           0  
      1.546831  4.465209  4.861250            0           0           0  
      0.000000  0.000000  7.269000            0           0           0  
     -1.546800  2.679136  7.269000            0           0           0  
      3.093600  0.000000  7.269000            0           0           0  
      1.546800  2.679136  7.269000            0           0           0  
      1.546769  0.893063  9.676500            0           0           0  
     -0.000031  3.572200  9.676500            0           0           0  
      4.640369  0.893063  9.676500            0           0           0  
      3.093569  3.572200  9.676500            0           0           0  
      1.546799  0.893046 14.581451    -0.001537    0.000919   -0.000009  
      0.000227  3.572314 14.581810     0.036071   -0.060767   -0.000146  
      4.640399  0.892783 14.581810    -0.071674   -0.000913   -0.000118  
      3.093371  3.572314 14.581810     0.037114    0.060762    0.000179  
      3.093381  5.358150 17.164964    -0.011439    0.019473    0.000042  
      4.640396  2.679138 17.148229     0.000424   -0.000271    0.000006  
      0.000212  5.358150 17.164963    -0.011700   -0.019434   -0.000090  
      1.546796  2.679387 17.164964     0.022785    0.000240    0.000039  
     -0.019279  1.797222 19.698053     0.016132    0.028288    0.000158  
     -1.546806  4.442973 19.698049    -0.032481    0.000076   -0.000048  
      3.112869  1.797223 19.698049     0.016217   -0.028309   -0.000018  
      1.546794  4.465230 19.781382     0.000188   -0.000084   -0.000010  
      1.546769  0.893063  5.959750            0           0           0  
     -0.000031  3.572200  5.959750            0           0           0  
      4.640369  0.893063  5.959750            0           0           0  
      3.093569  3.572200  5.959750            0           0           0  
      0.000031  1.786073  8.578000            0           0           0  
     -1.546769  4.465209  8.578000            0           0           0  
      3.093631  1.786073  8.578000            0           0           0  
      1.546831  4.465209  8.578000            0           0           0  
     -0.004200  1.788516 15.917002     0.002265    0.003716   -0.000062  
     -1.546802  4.460381 15.917002    -0.004368   -0.000052    0.000014  
      3.097796  1.788515 15.917002     0.002214   -0.003730    0.000025  
      1.546798  4.465228 15.913116    -0.000123    0.000058   -0.000016  
      1.546795  0.893048 18.434530    -0.000019    0.000010    0.000013  
      0.017353  3.582205 18.469529    -0.000296    0.000501    0.000013  
      4.640396  0.873006 18.469529     0.000619    0.000030    0.000008  
      3.076238  3.582206 18.469528    -0.000321   -0.000501    0.000007  
      0.000000  0.000000  3.611250            0           0           0  
     -1.546800  2.679136  3.611250            0           0           0  
      3.093600  0.000000  3.611250            0           0           0  
      1.546800  2.679136  3.611250            0           0           0  
      0.000000  0.000000 10.926500            0           0           0  
     -1.546800  2.679136 10.926500            0           0           0  
      3.093600  0.000000 10.926500            0           0           0  
      1.546800  2.679136 10.926500            0           0           0  
      0.003370  0.001946 13.697370    -0.015516    0.026094    0.000002  
      4.640399  2.679137 13.693483     0.000554   -0.000358   -0.000019  
      3.090229  0.001946 13.697369    -0.015982   -0.026118   -0.000073  
      1.546800  2.675245 13.697370     0.030845    0.000384   -0.000004  
      0.066719  0.038525 20.780262    -0.000914    0.001532    0.000041  
      4.640393  2.679140 20.689473    -0.000076    0.000037    0.000028  
      3.026873  0.038525 20.780261    -0.000936   -0.001507   -0.000014  
      1.546795  2.602094 20.780262     0.001767    0.000021    0.000045  
      1.546809  0.893038 21.844132    -0.000011   -0.000046    0.000042  
 
  70 f  =    6.478297 THz    40.704338 2PiTHz  216.092715 cm-1    26.792070 meV
             X         Y         Z           dx          dy          dz
      0.000031  1.786073  4.861250            0           0           0  
     -1.546769  4.465209  4.861250            0           0           0  
      3.093631  1.786073  4.861250            0           0           0  
      1.546831  4.465209  4.861250            0           0           0  
      0.000000  0.000000  7.269000            0           0           0  
     -1.546800  2.679136  7.269000            0           0           0  
      3.093600  0.000000  7.269000            0           0           0  
      1.546800  2.679136  7.269000            0           0           0  
      1.546769  0.893063  9.676500            0           0           0  
     -0.000031  3.572200  9.676500            0           0           0  
      4.640369  0.893063  9.676500            0           0           0  
      3.093569  3.572200  9.676500            0           0           0  
      1.546799  0.893046 14.581451     0.070422   -0.043083   -0.000022  
      0.000227  3.572314 14.581810    -0.021705   -0.041310    0.004510  
      4.640399  0.892783 14.581810     0.021173    0.043083    0.004931  
      3.093371  3.572314 14.581810    -0.071022    0.042008   -0.009252  
      3.093381  5.358150 17.164964     0.006674    0.009353   -0.001784  
      4.640396  2.679138 17.148229    -0.020621    0.012610   -0.000012  
      0.000212  5.358150 17.164963     0.018783   -0.011264    0.003741  
      1.546796  2.679387 17.164964    -0.003677   -0.011438   -0.001948  
     -0.019279  1.797222 19.698053     0.005722   -0.002439   -0.006313  
     -1.546806  4.442973 19.698049    -0.003332   -0.003231    0.003176  
      3.112869  1.797223 19.698049     0.001547    0.003286    0.002922  
      1.546794  4.465230 19.781382    -0.006347    0.003875    0.000050  
      1.546769  0.893063  5.959750            0           0           0  
     -0.000031  3.572200  5.959750            0           0           0  
      4.640369  0.893063  5.959750            0           0           0  
      3.093569  3.572200  5.959750            0           0           0  
      0.000031  1.786073  8.578000            0           0           0  
     -1.546769  4.465209  8.578000            0           0           0  
      3.093631  1.786073  8.578000            0           0           0  
      1.546831  4.465209  8.578000            0           0           0  
     -0.004200  1.788516 15.917002    -0.003960    0.002372    0.002304  
     -1.546802  4.460381 15.917002     0.000370    0.002409   -0.001183  
      3.097796  1.788515 15.917002    -0.001627   -0.001601   -0.001078  
      1.546798  4.465228 15.913116     0.004704   -0.002877    0.000035  
      1.546795  0.893048 18.434530     0.000790   -0.000485   -0.000030  
      0.017353  3.582205 18.469529     0.000829    0.000936    0.000029  
      4.640396  0.873006 18.469529    -0.000371   -0.001298    0.000040  
      3.076238  3.582206 18.469528     0.002134   -0.001233   -0.000111  
      0.000000  0.000000  3.611250            0           0           0  
     -1.546800  2.679136  3.611250            0           0           0  
      3.093600  0.000000  3.611250            0           0           0  
      1.546800  2.679136  3.611250            0           0           0  
      0.000000  0.000000 10.926500            0           0           0  
     -1.546800  2.679136 10.926500            0           0           0  
      3.093600  0.000000 10.926500            0           0           0  
      1.546800  2.679136 10.926500            0           0           0  
      0.003370  0.001946 13.697370     0.008076    0.019789   -0.000948  
      4.640399  2.679137 13.693483    -0.027265    0.016684    0.000044  
      3.090229  0.001946 13.697369     0.030461   -0.017941    0.002113  
      1.546800  2.675245 13.697370    -0.011404   -0.018438   -0.001035  
      0.066719  0.038525 20.780262     0.001135    0.000132   -0.000831  
      4.640393  2.679140 20.689473     0.002836   -0.001728   -0.000056  
      3.026873  0.038525 20.780261     0.001898   -0.001153    0.001587  
      1.546795  2.602094 20.780262     0.000515   -0.001142   -0.000902  
      1.546809  0.893038 21.844132    -0.002852    0.001737   -0.000092  
 
  71 f  =    6.478175 THz    40.703574 2PiTHz  216.088658 cm-1    26.791567 meV
             X         Y         Z           dx          dy          dz
      0.000031  1.786073  4.861250            0           0           0  
     -1.546769  4.465209  4.861250            0           0           0  
      3.093631  1.786073  4.861250            0           0           0  
      1.546831  4.465209  4.861250            0           0           0  
      0.000000  0.000000  7.269000            0           0           0  
     -1.546800  2.679136  7.269000            0           0           0  
      3.093600  0.000000  7.269000            0           0           0  
      1.546800  2.679136  7.269000            0           0           0  
      1.546769  0.893063  9.676500            0           0           0  
     -0.000031  3.572200  9.676500            0           0           0  
      4.640369  0.893063  9.676500            0           0           0  
      3.093569  3.572200  9.676500            0           0           0  
      1.546799  0.893046 14.581451     0.043091    0.070436   -0.000029  
      0.000227  3.572314 14.581810    -0.069175   -0.025249    0.008210  
      4.640399  0.892783 14.581810     0.013895   -0.070435   -0.007935  
      3.093371  3.572314 14.581810     0.011500    0.024100   -0.000248  
      3.093381  5.358150 17.164964     0.017829    0.007619   -0.003283  
      4.640396  2.679138 17.148229    -0.012617   -0.020611   -0.000003  
      0.000212  5.358150 17.164963    -0.001962   -0.004491    0.000098  
      1.546796  2.679387 17.164964    -0.002540    0.018703    0.003185  
     -0.019279  1.797222 19.698053    -0.001410   -0.002764   -0.000163  
     -1.546806  4.442973 19.698049    -0.001653    0.005260   -0.005324  
      3.112869  1.797223 19.698049     0.005460    0.001403    0.005463  
      1.546794  4.465230 19.781382    -0.003880   -0.006338    0.000032  
      1.546769  0.893063  5.959750            0           0           0  
     -0.000031  3.572200  5.959750            0           0           0  
      4.640369  0.893063  5.959750            0           0           0  
      3.093569  3.572200  5.959750            0           0           0  
      0.000031  1.786073  8.578000            0           0           0  
     -1.546769  4.465209  8.578000            0           0           0  
      3.093631  1.786073  8.578000            0           0           0  
      1.546831  4.465209  8.578000            0           0           0  
     -0.004200  1.788516 15.917002     0.000172    0.000532    0.000058  
     -1.546802  4.460381 15.917002     0.000284   -0.003933    0.001951  
      3.097796  1.788515 15.917002    -0.003644   -0.001801   -0.002016  
      1.546798  4.465228 15.913116     0.002880    0.004706    0.000007  
      1.546795  0.893048 18.434530     0.000484    0.000796   -0.000002  
      0.017353  3.582205 18.469529     0.001986    0.000905    0.000090  
      4.640396  0.873006 18.469529    -0.000231    0.002111   -0.000084  
      3.076238  3.582206 18.469528    -0.000167   -0.000408   -0.000002  
      0.000000  0.000000  3.611250            0           0           0  
     -1.546800  2.679136  3.611250            0           0           0  
      3.093600  0.000000  3.611250            0           0           0  
      1.546800  2.679136  3.611250            0           0           0  
      0.000000  0.000000 10.926500            0           0           0  
     -1.546800  2.679136 10.926500            0           0           0  
      3.093600  0.000000 10.926500            0           0           0  
      1.546800  2.679136 10.926500            0           0           0  
      0.003370  0.001946 13.697370     0.030282    0.009667   -0.001826  
      4.640399  2.679137 13.693483    -0.016676   -0.027282    0.000006  
      3.090229  0.001946 13.697369    -0.006290   -0.012714    0.000057  
      1.546800  2.675245 13.697370    -0.007386    0.030168    0.001764  
      0.066719  0.038525 20.780262     0.001548    0.001202   -0.001430  
      4.640393  2.679140 20.689473     0.001730    0.002825   -0.000003  
      3.026873  0.038525 20.780261     0.000333    0.000451    0.000044  
      1.546795  2.602094 20.780262     0.000297    0.001885    0.001399  
      1.546809  0.893038 21.844132    -0.001722   -0.002850   -0.000003  
 
  72 f  =    6.384942 THz    40.117773 2PiTHz  212.978733 cm-1    26.405986 meV
             X         Y         Z           dx          dy          dz
      0.000031  1.786073  4.861250            0           0           0  
     -1.546769  4.465209  4.861250            0           0           0  
      3.093631  1.786073  4.861250            0           0           0  
      1.546831  4.465209  4.861250            0           0           0  
      0.000000  0.000000  7.269000            0           0           0  
     -1.546800  2.679136  7.269000            0           0           0  
      3.093600  0.000000  7.269000            0           0           0  
      1.546800  2.679136  7.269000            0           0           0  
      1.546769  0.893063  9.676500            0           0           0  
     -0.000031  3.572200  9.676500            0           0           0  
      4.640369  0.893063  9.676500            0           0           0  
      3.093569  3.572200  9.676500            0           0           0  
      1.546799  0.893046 14.581451    -0.000095    0.000018   -0.081929  
      0.000227  3.572314 14.581810    -0.005166   -0.002973    0.036159  
      4.640399  0.892783 14.581810    -0.000071    0.005990    0.036155  
      3.093371  3.572314 14.581810     0.005283   -0.003037    0.036105  
      3.093381  5.358150 17.164964     0.001629    0.000936    0.000859  
      4.640396  2.679138 17.148229     0.000038   -0.000001   -0.005409  
      0.000212  5.358150 17.164963    -0.001627    0.000941    0.000856  
      1.546796  2.679387 17.164964     0.000027   -0.001885    0.000851  
     -0.019279  1.797222 19.698053    -0.008590    0.004964   -0.030900  
     -1.546806  4.442973 19.698049     0.000003   -0.009850   -0.030976  
      3.112869  1.797223 19.698049     0.008527    0.004913   -0.030999  
      1.546794  4.465230 19.781382     0.000026   -0.000017    0.077752  
      1.546769  0.893063  5.959750            0           0           0  
     -0.000031  3.572200  5.959750            0           0           0  
      4.640369  0.893063  5.959750            0           0           0  
      3.093569  3.572200  5.959750            0           0           0  
      0.000031  1.786073  8.578000            0           0           0  
     -1.546769  4.465209  8.578000            0           0           0  
      3.093631  1.786073  8.578000            0           0           0  
      1.546831  4.465209  8.578000            0           0           0  
     -0.004200  1.788516 15.917002     0.003491   -0.002011   -0.002115  
     -1.546802  4.460381 15.917002     0.000001    0.004016   -0.002120  
      3.097796  1.788515 15.917002    -0.003474   -0.002008   -0.002123  
      1.546798  4.465228 15.913116     0.000000    0.000006    0.019974  
      1.546795  0.893048 18.434530     0.000004    0.000003   -0.011825  
      0.017353  3.582205 18.469529     0.002506    0.001437    0.000392  
      4.640396  0.873006 18.469529     0.000010   -0.002892    0.000391  
      3.076238  3.582206 18.469528    -0.002500    0.001446    0.000374  
      0.000000  0.000000  3.611250            0           0           0  
     -1.546800  2.679136  3.611250            0           0           0  
      3.093600  0.000000  3.611250            0           0           0  
      1.546800  2.679136  3.611250            0           0           0  
      0.000000  0.000000 10.926500            0           0           0  
     -1.546800  2.679136 10.926500            0           0           0  
      3.093600  0.000000 10.926500            0           0           0  
      1.546800  2.679136 10.926500            0           0           0  
      0.003370  0.001946 13.697370    -0.012851   -0.007404    0.000958  
      4.640399  2.679137 13.693483     0.000034   -0.000007    0.024105  
      3.090229  0.001946 13.697369     0.012772   -0.007387    0.000965  
      1.546800  2.675245 13.697370     0.000010    0.014810    0.000962  
      0.066719  0.038525 20.780262    -0.004827   -0.002794   -0.005389  
      4.640393  2.679140 20.689473    -0.000020    0.000006   -0.018478  
      3.026873  0.038525 20.780261     0.004833   -0.002792   -0.005415  
      1.546795  2.602094 20.780262     0.000004    0.005577   -0.005398  
      1.546809  0.893038 21.844132     0.000064   -0.000016   -0.031473  
 
  73 f  =    6.306294 THz    39.623616 2PiTHz  210.355336 cm-1    26.080726 meV
             X         Y         Z           dx          dy          dz
      0.000031  1.786073  4.861250            0           0           0  
     -1.546769  4.465209  4.861250            0           0           0  
      3.093631  1.786073  4.861250            0           0           0  
      1.546831  4.465209  4.861250            0           0           0  
      0.000000  0.000000  7.269000            0           0           0  
     -1.546800  2.679136  7.269000            0           0           0  
      3.093600  0.000000  7.269000            0           0           0  
      1.546800  2.679136  7.269000            0           0           0  
      1.546769  0.893063  9.676500            0           0           0  
     -0.000031  3.572200  9.676500            0           0           0  
      4.640369  0.893063  9.676500            0           0           0  
      3.093569  3.572200  9.676500            0           0           0  
      1.546799  0.893046 14.581451    -0.003290    0.000874   -0.000073  
      0.000227  3.572314 14.581810     0.001838   -0.005808   -0.053480  
      4.640399  0.892783 14.581810     0.008192    0.000455   -0.018964  
      3.093371  3.572314 14.581810    -0.000397    0.002834    0.072486  
      3.093381  5.358150 17.164964    -0.006516   -0.003036   -0.001618  
      4.640396  2.679138 17.148229     0.005212   -0.001367   -0.000008  
      0.000212  5.358150 17.164963    -0.008524    0.004645    0.002193  
      1.546796  2.679387 17.164964    -0.000857    0.002540   -0.000567  
     -0.019279  1.797222 19.698053     0.030577   -0.019849   -0.065676  
     -1.546806  4.442973 19.698049    -0.006959   -0.009539    0.017151  
      3.112869  1.797223 19.698049     0.020771    0.017814    0.048485  
      1.546794  4.465230 19.781382    -0.020049    0.005227    0.000077  
      1.546769  0.893063  5.959750            0           0           0  
     -0.000031  3.572200  5.959750            0           0           0  
      4.640369  0.893063  5.959750            0           0           0  
      3.093569  3.572200  5.959750            0           0           0  
      0.000031  1.786073  8.578000            0           0           0  
     -1.546769  4.465209  8.578000            0           0           0  
      3.093631  1.786073  8.578000            0           0           0  
      1.546831  4.465209  8.578000            0           0           0  
     -0.004200  1.788516 15.917002    -0.000679    0.001153   -0.013097  
     -1.546802  4.460381 15.917002     0.002404    0.000310    0.003417  
      3.097796  1.788515 15.917002     0.000122   -0.001943    0.009652  
      1.546798  4.465228 15.913116    -0.004799    0.001254    0.000008  
      1.546795  0.893048 18.434530     0.000506   -0.000131   -0.000003  
      0.017353  3.582205 18.469529    -0.002046    0.004390   -0.009632  
      4.640396  0.873006 18.469529    -0.006645   -0.000150   -0.003404  
      3.076238  3.582206 18.469528    -0.000420   -0.001868    0.013056  
      0.000000  0.000000  3.611250            0           0           0  
     -1.546800  2.679136  3.611250            0           0           0  
      3.093600  0.000000  3.611250            0           0           0  
      1.546800  2.679136  3.611250            0           0           0  
      0.000000  0.000000 10.926500            0           0           0  
     -1.546800  2.679136 10.926500            0           0           0  
      3.093600  0.000000 10.926500            0           0           0  
      1.546800  2.679136 10.926500            0           0           0  
      0.003370  0.001946 13.697370     0.003759   -0.009575    0.009780  
      4.640399  2.679137 13.693483    -0.011813    0.003081    0.000005  
      3.090229  0.001946 13.697369     0.000139    0.004354   -0.013289  
      1.546800  2.675245 13.697370     0.014014    0.000560    0.003462  
      0.066719  0.038525 20.780262    -0.011270    0.001383   -0.010248  
      4.640393  2.679140 20.689473     0.020819   -0.005424    0.000001  
      3.026873  0.038525 20.780261    -0.011918    0.003889    0.013887  
      1.546795  2.602094 20.780262    -0.009419    0.003217   -0.003623  
      1.546809  0.893038 21.844132    -0.103910    0.027062   -0.000012  
 
  74 f  =    6.306133 THz    39.622602 2PiTHz  210.349952 cm-1    26.080058 meV
             X         Y         Z           dx          dy          dz
      0.000031  1.786073  4.861250            0           0           0  
     -1.546769  4.465209  4.861250            0           0           0  
      3.093631  1.786073  4.861250            0           0           0  
      1.546831  4.465209  4.861250            0           0           0  
      0.000000  0.000000  7.269000            0           0           0  
     -1.546800  2.679136  7.269000            0           0           0  
      3.093600  0.000000  7.269000            0           0           0  
      1.546800  2.679136  7.269000            0           0           0  
      1.546769  0.893063  9.676500            0           0           0  
     -0.000031  3.572200  9.676500            0           0           0  
      4.640369  0.893063  9.676500            0           0           0  
      3.093569  3.572200  9.676500            0           0           0  
      1.546799  0.893046 14.581451    -0.000857   -0.003263   -0.000006  
      0.000227  3.572314 14.581810    -0.004133    0.004607   -0.052775  
      4.640399  0.892783 14.581810     0.002152   -0.001770    0.072725  
      3.093371  3.572314 14.581810     0.004515    0.006822   -0.019955  
      3.093381  5.358150 17.164964    -0.005813   -0.004111   -0.001599  
      4.640396  2.679138 17.148229     0.001349    0.005188    0.000005  
      0.000212  5.358150 17.164963     0.001874   -0.002103   -0.000603  
      1.546796  2.679387 17.164964    -0.000234   -0.009768    0.002193  
     -0.019279  1.797222 19.698053    -0.012146   -0.000978    0.018069  
     -1.546806  4.442973 19.698049    -0.001819    0.036592   -0.065881  
      3.112869  1.797223 19.698049     0.025556    0.008844    0.047833  
      1.546794  4.465230 19.781382    -0.005233   -0.020068   -0.000016  
      1.546769  0.893063  5.959750            0           0           0  
     -0.000031  3.572200  5.959750            0           0           0  
      4.640369  0.893063  5.959750            0           0           0  
      3.093569  3.572200  5.959750            0           0           0  
      0.000031  1.786073  8.578000            0           0           0  
     -1.546769  4.465209  8.578000            0           0           0  
      3.093631  1.786073  8.578000            0           0           0  
      1.546831  4.465209  8.578000            0           0           0  
     -0.004200  1.788516 15.917002     0.001472    0.001905    0.003603  
     -1.546802  4.460381 15.917002     0.000623   -0.001183   -0.013137  
      3.097796  1.788515 15.917002    -0.001623    0.001098    0.009531  
      1.546798  4.465228 15.913116    -0.001256   -0.004813   -0.000002  
      1.546795  0.893048 18.434530     0.000128    0.000494    0.000001  
      0.017353  3.582205 18.469529     0.002806   -0.004028   -0.009505  
      4.640396  0.873006 18.469529    -0.001736    0.000569    0.013095  
      3.076238  3.582206 18.469528    -0.003452   -0.005661   -0.003589  
      0.000000  0.000000  3.611250            0           0           0  
     -1.546800  2.679136  3.611250            0           0           0  
      3.093600  0.000000  3.611250            0           0           0  
      1.546800  2.679136  3.611250            0           0           0  
      0.000000  0.000000 10.926500            0           0           0  
     -1.546800  2.679136 10.926500            0           0           0  
      3.093600  0.000000 10.926500            0           0           0  
      1.546800  2.679136 10.926500            0           0           0  
      0.003370  0.001946 13.697370    -0.006446    0.008179    0.009666  
      4.640399  2.679137 13.693483    -0.003074   -0.011818   -0.000002  
      3.090229  0.001946 13.697369     0.007473    0.011822    0.003655  
      1.546800  2.675245 13.697370     0.003648   -0.002057   -0.013324  
      0.066719  0.038525 20.780262    -0.004267   -0.010448   -0.010109  
      4.640393  2.679140 20.689473     0.005429    0.020827    0.000003  
      3.026873  0.038525 20.780261    -0.001767   -0.009797   -0.003813  
      1.546795  2.602094 20.780262    -0.002455   -0.012309    0.013931  
      1.546809  0.893038 21.844132    -0.027082   -0.103859    0.000003  
 
  75 f  =    6.135048 THz    38.547642 2PiTHz  204.643164 cm-1    25.372507 meV
             X         Y         Z           dx          dy          dz
      0.000031  1.786073  4.861250            0           0           0  
     -1.546769  4.465209  4.861250            0           0           0  
      3.093631  1.786073  4.861250            0           0           0  
      1.546831  4.465209  4.861250            0           0           0  
      0.000000  0.000000  7.269000            0           0           0  
     -1.546800  2.679136  7.269000            0           0           0  
      3.093600  0.000000  7.269000            0           0           0  
      1.546800  2.679136  7.269000            0           0           0  
      1.546769  0.893063  9.676500            0           0           0  
     -0.000031  3.572200  9.676500            0           0           0  
      4.640369  0.893063  9.676500            0           0           0  
      3.093569  3.572200  9.676500            0           0           0  
      1.546799  0.893046 14.581451     0.000036   -0.000025   -0.096751  
      0.000227  3.572314 14.581810    -0.004590   -0.002608    0.007842  
      4.640399  0.892783 14.581810     0.000014    0.005255    0.007976  
      3.093371  3.572314 14.581810     0.004563   -0.002655    0.007432  
      3.093381  5.358150 17.164964     0.009918    0.005683   -0.008809  
      4.640396  2.679138 17.148229    -0.000056    0.000038    0.025787  
      0.000212  5.358150 17.164963    -0.009941    0.005737   -0.008723  
      1.546796  2.679387 17.164964     0.000010   -0.011396   -0.008854  
     -0.019279  1.797222 19.698053     0.006789   -0.003909    0.038978  
     -1.546806  4.442973 19.698049    -0.000016    0.007553    0.039329  
      3.112869  1.797223 19.698049    -0.006648   -0.003788    0.039222  
      1.546794  4.465230 19.781382    -0.000071    0.000093   -0.057479  
      1.546769  0.893063  5.959750            0           0           0  
     -0.000031  3.572200  5.959750            0           0           0  
      4.640369  0.893063  5.959750            0           0           0  
      3.093569  3.572200  5.959750            0           0           0  
      0.000031  1.786073  8.578000            0           0           0  
     -1.546769  4.465209  8.578000            0           0           0  
      3.093631  1.786073  8.578000            0           0           0  
      1.546831  4.465209  8.578000            0           0           0  
     -0.004200  1.788516 15.917002     0.002702   -0.001555   -0.011111  
     -1.546802  4.460381 15.917002    -0.000021    0.003125   -0.011166  
      3.097796  1.788515 15.917002    -0.002723   -0.001536   -0.011155  
      1.546798  4.465228 15.913116     0.000004   -0.000007   -0.003981  
      1.546795  0.893048 18.434530     0.000001   -0.000004    0.010175  
      0.017353  3.582205 18.469529    -0.003808   -0.002165    0.007622  
      4.640396  0.873006 18.469529    -0.000020    0.004377    0.007612  
      3.076238  3.582206 18.469528     0.003810   -0.002192    0.007643  
      0.000000  0.000000  3.611250            0           0           0  
     -1.546800  2.679136  3.611250            0           0           0  
      3.093600  0.000000  3.611250            0           0           0  
      1.546800  2.679136  3.611250            0           0           0  
      0.000000  0.000000 10.926500            0           0           0  
     -1.546800  2.679136 10.926500            0           0           0  
      3.093600  0.000000 10.926500            0           0           0  
      1.546800  2.679136 10.926500            0           0           0  
      0.003370  0.001946 13.697370    -0.009448   -0.005410   -0.025291  
      4.640399  2.679137 13.693483     0.000035   -0.000037   -0.001916  
      3.090229  0.001946 13.697369     0.009471   -0.005445   -0.025205  
      1.546800  2.675245 13.697370    -0.000043    0.010881   -0.025318  
      0.066719  0.038525 20.780262     0.004859    0.002817    0.016735  
      4.640393  2.679140 20.689473     0.000051   -0.000059    0.032439  
      3.026873  0.038525 20.780261    -0.004871    0.002817    0.016794  
      1.546795  2.602094 20.780262    -0.000006   -0.005610    0.016712  
      1.546809  0.893038 21.844132    -0.000155    0.000159    0.043139  
 
  76 f  =    6.074074 THz    38.164535 2PiTHz  202.609314 cm-1    25.120342 meV
             X         Y         Z           dx          dy          dz
      0.000031  1.786073  4.861250            0           0           0  
     -1.546769  4.465209  4.861250            0           0           0  
      3.093631  1.786073  4.861250            0           0           0  
      1.546831  4.465209  4.861250            0           0           0  
      0.000000  0.000000  7.269000            0           0           0  
     -1.546800  2.679136  7.269000            0           0           0  
      3.093600  0.000000  7.269000            0           0           0  
      1.546800  2.679136  7.269000            0           0           0  
      1.546769  0.893063  9.676500            0           0           0  
     -0.000031  3.572200  9.676500            0           0           0  
      4.640369  0.893063  9.676500            0           0           0  
      3.093569  3.572200  9.676500            0           0           0  
      1.546799  0.893046 14.581451     0.005528    0.002597   -0.000091  
      0.000227  3.572314 14.581810    -0.007691   -0.005602   -0.082525  
      4.640399  0.892783 14.581810     0.010786   -0.003997    0.035162  
      3.093371  3.572314 14.581810     0.000160    0.011162    0.047553  
      3.093381  5.358150 17.164964     0.001978    0.003200    0.024181  
      4.640396  2.679138 17.148229     0.002003    0.000913    0.000051  
      0.000212  5.358150 17.164963    -0.006946   -0.015826   -0.013933  
      1.546796  2.679387 17.164964    -0.018975    0.001358   -0.010293  
     -0.019279  1.797222 19.698053    -0.010007    0.016866    0.032526  
     -1.546806  4.442973 19.698049     0.010627   -0.012617    0.024049  
      3.112869  1.797223 19.698049    -0.025278   -0.015743   -0.056500  
      1.546794  4.465230 19.781382     0.023836    0.011146   -0.000173  
      1.546769  0.893063  5.959750            0           0           0  
     -0.000031  3.572200  5.959750            0           0           0  
      4.640369  0.893063  5.959750            0           0           0  
      3.093569  3.572200  5.959750            0           0           0  
      0.000031  1.786073  8.578000            0           0           0  
     -1.546769  4.465209  8.578000            0           0           0  
      3.093631  1.786073  8.578000            0           0           0  
      1.546831  4.465209  8.578000            0           0           0  
     -0.004200  1.788516 15.917002    -0.000476    0.004018   -0.004278  
     -1.546802  4.460381 15.917002     0.003597   -0.001797   -0.003159  
      3.097796  1.788515 15.917002    -0.003493   -0.002419    0.007474  
      1.546798  4.465228 15.913116    -0.004603   -0.002160    0.000017  
      1.546795  0.893048 18.434530    -0.004308   -0.002023   -0.000006  
      0.017353  3.582205 18.469529    -0.005006   -0.003383    0.004700  
      4.640396  0.873006 18.469529     0.004423   -0.002554   -0.002019  
      3.076238  3.582206 18.469528    -0.000992    0.005179   -0.002725  
      0.000000  0.000000  3.611250            0           0           0  
     -1.546800  2.679136  3.611250            0           0           0  
      3.093600  0.000000  3.611250            0           0           0  
      1.546800  2.679136  3.611250            0           0           0  
      0.000000  0.000000 10.926500            0           0           0  
     -1.546800  2.679136 10.926500            0           0           0  
      3.093600  0.000000 10.926500            0           0           0  
      1.546800  2.679136 10.926500            0           0           0  
      0.003370  0.001946 13.697370     0.002559    0.000033    0.018158  
      4.640399  2.679137 13.693483    -0.012048   -0.005620    0.000051  
      3.090229  0.001946 13.697369     0.007084    0.009666   -0.010415  
      1.546800  2.675245 13.697370     0.013145    0.000976   -0.007697  
      0.066719  0.038525 20.780262     0.007476    0.003547    0.014492  
      4.640393  2.679140 20.689473    -0.013951   -0.006518    0.000005  
      3.026873  0.038525 20.780261     0.007260    0.003142   -0.008373  
      1.546795  2.602094 20.780262     0.007012    0.003504   -0.006198  
      1.546809  0.893038 21.844132     0.071140    0.033296    0.000009  
 
  77 f  =    6.073974 THz    38.163904 2PiTHz  202.605963 cm-1    25.119927 meV
             X         Y         Z           dx          dy          dz
      0.000031  1.786073  4.861250            0           0           0  
     -1.546769  4.465209  4.861250            0           0           0  
      3.093631  1.786073  4.861250            0           0           0  
      1.546831  4.465209  4.861250            0           0           0  
      0.000000  0.000000  7.269000            0           0           0  
     -1.546800  2.679136  7.269000            0           0           0  
      3.093600  0.000000  7.269000            0           0           0  
      1.546800  2.679136  7.269000            0           0           0  
      1.546769  0.893063  9.676500            0           0           0  
     -0.000031  3.572200  9.676500            0           0           0  
      4.640369  0.893063  9.676500            0           0           0  
      3.093569  3.572200  9.676500            0           0           0  
      1.546799  0.893046 14.581451     0.002582   -0.005510   -0.000295  
      0.000227  3.572314 14.581810     0.006597   -0.009851    0.007305  
      4.640399  0.892783 14.581810     0.005034    0.008619   -0.074936  
      3.093371  3.572314 14.581810    -0.010130   -0.002009    0.068079  
      3.093381  5.358150 17.164964    -0.010619    0.017930   -0.002128  
      4.640396  2.679138 17.148229     0.000944   -0.002020    0.000131  
      0.000212  5.358150 17.164963     0.008325    0.009032   -0.019953  
      1.546796  2.679387 17.164964    -0.008860   -0.003081    0.021963  
     -0.019279  1.797222 19.698053    -0.024561    0.006419    0.046596  
     -1.546806  4.442973 19.698049     0.004965    0.027147   -0.051314  
      3.112869  1.797223 19.698049     0.008041   -0.008845    0.004973  
      1.546794  4.465230 19.781382     0.011154   -0.023867   -0.000431  
      1.546769  0.893063  5.959750            0           0           0  
     -0.000031  3.572200  5.959750            0           0           0  
      4.640369  0.893063  5.959750            0           0           0  
      3.093569  3.572200  5.959750            0           0           0  
      0.000031  1.786073  8.578000            0           0           0  
     -1.546769  4.465209  8.578000            0           0           0  
      3.093631  1.786073  8.578000            0           0           0  
      1.546831  4.465209  8.578000            0           0           0  
     -0.004200  1.788516 15.917002    -0.004132   -0.000245   -0.006121  
     -1.546802  4.460381 15.917002     0.001686    0.003848    0.006799  
      3.097796  1.788515 15.917002     0.002285   -0.003256   -0.000632  
      1.546798  4.465228 15.913116    -0.002148    0.004597    0.000039  
      1.546795  0.893048 18.434530    -0.002013    0.004303   -0.000003  
      0.017353  3.582205 18.469529     0.002866   -0.003963   -0.000432  
      4.640396  0.873006 18.469529     0.002072    0.005490    0.004261  
      3.076238  3.582206 18.469528    -0.005665    0.000042   -0.003905  
      0.000000  0.000000  3.611250            0           0           0  
     -1.546800  2.679136  3.611250            0           0           0  
      3.093600  0.000000  3.611250            0           0           0  
      1.546800  2.679136  3.611250            0           0           0  
      0.000000  0.000000 10.926500            0           0           0  
     -1.546800  2.679136 10.926500            0           0           0  
      3.093600  0.000000 10.926500            0           0           0  
      1.546800  2.679136 10.926500            0           0           0  
      0.003370  0.001946 13.697370     0.007027   -0.012638   -0.001561  
      4.640399  2.679137 13.693483    -0.005634    0.012047    0.000112  
      3.090229  0.001946 13.697369    -0.002529   -0.008139   -0.014911  
      1.546800  2.675245 13.697370     0.006140   -0.001980    0.016511  
      0.066719  0.038525 20.780262     0.003259   -0.007006   -0.001305  
      4.640393  2.679140 20.689473    -0.006532    0.013973    0.000040  
      3.026873  0.038525 20.780261     0.003621   -0.007195   -0.011993  
      1.546795  2.602094 20.780262     0.003277   -0.007509    0.013151  
      1.546809  0.893038 21.844132     0.033238   -0.071118    0.000047  
 
  78 f  =    6.001346 THz    37.707570 2PiTHz  200.183362 cm-1    24.819563 meV
             X         Y         Z           dx          dy          dz
      0.000031  1.786073  4.861250            0           0           0  
     -1.546769  4.465209  4.861250            0           0           0  
      3.093631  1.786073  4.861250            0           0           0  
      1.546831  4.465209  4.861250            0           0           0  
      0.000000  0.000000  7.269000            0           0           0  
     -1.546800  2.679136  7.269000            0           0           0  
      3.093600  0.000000  7.269000            0           0           0  
      1.546800  2.679136  7.269000            0           0           0  
      1.546769  0.893063  9.676500            0           0           0  
     -0.000031  3.572200  9.676500            0           0           0  
      4.640369  0.893063  9.676500            0           0           0  
      3.093569  3.572200  9.676500            0           0           0  
      1.546799  0.893046 14.581451    -0.002365    0.000249    0.016481  
      0.000227  3.572314 14.581810    -0.003630   -0.000539    0.045457  
      4.640399  0.892783 14.581810    -0.002347    0.001525    0.046231  
      3.093371  3.572314 14.581810    -0.001235   -0.000367    0.046822  
      3.093381  5.358150 17.164964     0.009795    0.002034   -0.002184  
      4.640396  2.679138 17.148229     0.005026   -0.000462    0.014453  
      0.000212  5.358150 17.164963     0.001848    0.001501   -0.001900  
      1.546796  2.679387 17.164964     0.005396   -0.005092   -0.002141  
     -0.019279  1.797222 19.698053    -0.000967    0.000366   -0.022508  
     -1.546806  4.442973 19.698049    -0.000466    0.005099   -0.020597  
      3.112869  1.797223 19.698049    -0.008541   -0.004612   -0.019447  
      1.546794  4.465230 19.781382     0.002250   -0.000153   -0.084097  
      1.546769  0.893063  5.959750            0           0           0  
     -0.000031  3.572200  5.959750            0           0           0  
      4.640369  0.893063  5.959750            0           0           0  
      3.093569  3.572200  5.959750            0           0           0  
      0.000031  1.786073  8.578000            0           0           0  
     -1.546769  4.465209  8.578000            0           0           0  
      3.093631  1.786073  8.578000            0           0           0  
      1.546831  4.465209  8.578000            0           0           0  
     -0.004200  1.788516 15.917002     0.002590   -0.000454    0.020850  
     -1.546802  4.460381 15.917002     0.002118    0.000573    0.021060  
      3.097796  1.788515 15.917002     0.001293   -0.000665    0.021240  
      1.546798  4.465228 15.913116     0.002194   -0.000206    0.020255  
      1.546795  0.893048 18.434530     0.002172   -0.000204   -0.014982  
      0.017353  3.582205 18.469529    -0.000781   -0.001224   -0.020074  
      4.640396  0.873006 18.469529     0.001176    0.001871   -0.019828  
      3.076238  3.582206 18.469528     0.002583   -0.000908   -0.019458  
      0.000000  0.000000  3.611250            0           0           0  
     -1.546800  2.679136  3.611250            0           0           0  
      3.093600  0.000000  3.611250            0           0           0  
      1.546800  2.679136  3.611250            0           0           0  
      0.000000  0.000000 10.926500            0           0           0  
     -1.546800  2.679136 10.926500            0           0           0  
      3.093600  0.000000 10.926500            0           0           0  
      1.546800  2.679136 10.926500            0           0           0  
      0.003370  0.001946 13.697370    -0.003695   -0.001082    0.038562  
      4.640399  2.679137 13.693483    -0.001787    0.000122    0.045226  
      3.090229  0.001946 13.697369     0.000342   -0.000941    0.038300  
      1.546800  2.675245 13.697370    -0.001534    0.002506    0.038408  
      0.066719  0.038525 20.780262    -0.000874    0.001427   -0.042204  
      4.640393  2.679140 20.689473    -0.001888    0.000143   -0.030527  
      3.026873  0.038525 20.780261    -0.006586    0.002414   -0.040646  
      1.546795  2.602094 20.780262    -0.002878   -0.002878   -0.041578  
      1.546809  0.893038 21.844132    -0.011638    0.001170   -0.039032  
 
  79 f  =    5.998497 THz    37.689666 2PiTHz  200.088310 cm-1    24.807778 meV
             X         Y         Z           dx          dy          dz
      0.000031  1.786073  4.861250            0           0           0  
     -1.546769  4.465209  4.861250            0           0           0  
      3.093631  1.786073  4.861250            0           0           0  
      1.546831  4.465209  4.861250            0           0           0  
      0.000000  0.000000  7.269000            0           0           0  
     -1.546800  2.679136  7.269000            0           0           0  
      3.093600  0.000000  7.269000            0           0           0  
      1.546800  2.679136  7.269000            0           0           0  
      1.546769  0.893063  9.676500            0           0           0  
     -0.000031  3.572200  9.676500            0           0           0  
      4.640369  0.893063  9.676500            0           0           0  
      3.093569  3.572200  9.676500            0           0           0  
      1.546799  0.893046 14.581451    -0.020454    0.001512   -0.001887  
      0.000227  3.572314 14.581810    -0.021851    0.000643   -0.012097  
      4.640399  0.892783 14.581810    -0.020218    0.001523   -0.005784  
      3.093371  3.572314 14.581810    -0.022257    0.002592    0.002333  
      3.093381  5.358150 17.164964     0.051311   -0.001263   -0.000468  
      4.640396  2.679138 17.148229     0.044396   -0.003280   -0.001608  
      0.000212  5.358150 17.164963     0.052575   -0.006467    0.000979  
      1.546796  2.679387 17.164964     0.047391   -0.003441    0.000167  
     -0.019279  1.797222 19.698053    -0.045195    0.024261   -0.010973  
     -1.546806  4.442973 19.698049    -0.003571    0.003630    0.003443  
      3.112869  1.797223 19.698049    -0.040965   -0.021278    0.014639  
      1.546794  4.465230 19.781382     0.021234   -0.001549    0.009368  
      1.546769  0.893063  5.959750            0           0           0  
     -0.000031  3.572200  5.959750            0           0           0  
      4.640369  0.893063  5.959750            0           0           0  
      3.093569  3.572200  5.959750            0           0           0  
      0.000031  1.786073  8.578000            0           0           0  
     -1.546769  4.465209  8.578000            0           0           0  
      3.093631  1.786073  8.578000            0           0           0  
      1.546831  4.465209  8.578000            0           0           0  
     -0.004200  1.788516 15.917002     0.017030   -0.000307   -0.004263  
     -1.546802  4.460381 15.917002     0.018921   -0.001313   -0.002223  
      3.097796  1.788515 15.917002     0.017324   -0.002317   -0.000628  
      1.546798  4.465228 15.913116     0.019506   -0.001436   -0.002278  
      1.546795  0.893048 18.434530     0.019273   -0.001418    0.001691  
      0.017353  3.582205 18.469529     0.008153   -0.002114   -0.000375  
      4.640396  0.873006 18.469529     0.010488   -0.000737    0.001994  
      3.076238  3.582206 18.469528     0.007557    0.000905    0.005048  
      0.000000  0.000000  3.611250            0           0           0  
     -1.546800  2.679136  3.611250            0           0           0  
      3.093600  0.000000  3.611250            0           0           0  
      1.546800  2.679136  3.611250            0           0           0  
      0.000000  0.000000 10.926500            0           0           0  
     -1.546800  2.679136 10.926500            0           0           0  
      3.093600  0.000000 10.926500            0           0           0  
      1.546800  2.679136 10.926500            0           0           0  
      0.003370  0.001946 13.697370    -0.014340    0.000463   -0.002976  
      4.640399  2.679137 13.693483    -0.016211    0.001196   -0.005084  
      3.090229  0.001946 13.697369    -0.014891    0.001850   -0.005790  
      1.546800  2.675245 13.697370    -0.013486    0.000846   -0.004206  
      0.066719  0.038525 20.780262    -0.033313   -0.002560   -0.001839  
      4.640393  2.679140 20.689473    -0.017210    0.001272    0.003451  
      3.026873  0.038525 20.780261    -0.033346    0.006350    0.011735  
      1.546795  2.602094 20.780262    -0.025631    0.002999    0.004086  
      1.546809  0.893038 21.844132    -0.102927    0.007547    0.004405  
 
  80 f  =    5.998191 THz    37.687747 2PiTHz  200.078125 cm-1    24.806515 meV
             X         Y         Z           dx          dy          dz
      0.000031  1.786073  4.861250            0           0           0  
     -1.546769  4.465209  4.861250            0           0           0  
      3.093631  1.786073  4.861250            0           0           0  
      1.546831  4.465209  4.861250            0           0           0  
      0.000000  0.000000  7.269000            0           0           0  
     -1.546800  2.679136  7.269000            0           0           0  
      3.093600  0.000000  7.269000            0           0           0  
      1.546800  2.679136  7.269000            0           0           0  
      1.546769  0.893063  9.676500            0           0           0  
     -0.000031  3.572200  9.676500            0           0           0  
      4.640369  0.893063  9.676500            0           0           0  
      3.093569  3.572200  9.676500            0           0           0  
      1.546799  0.893046 14.581451     0.001519    0.020644   -0.000084  
      0.000227  3.572314 14.581810     0.002641    0.021086    0.004716  
      4.640399  0.892783 14.581810     0.001497    0.022752   -0.008495  
      3.093371  3.572314 14.581810     0.000636    0.020931    0.003544  
      3.093381  5.358150 17.164964    -0.006474   -0.049465    0.000456  
      4.640396  2.679138 17.148229    -0.003302   -0.044759   -0.000010  
      0.000212  5.358150 17.164963    -0.001242   -0.049066    0.000375  
      1.546796  2.679387 17.164964    -0.003511   -0.053793   -0.000841  
     -0.019279  1.797222 19.698053    -0.019655    0.015166   -0.006448  
     -1.546806  4.442973 19.698049     0.000262    0.056476    0.014941  
      3.112869  1.797223 19.698049     0.026079    0.018574   -0.008313  
      1.546794  4.465230 19.781382    -0.001593   -0.021221    0.000106  
      1.546769  0.893063  5.959750            0           0           0  
     -0.000031  3.572200  5.959750            0           0           0  
      4.640369  0.893063  5.959750            0           0           0  
      3.093569  3.572200  5.959750            0           0           0  
      0.000031  1.786073  8.578000            0           0           0  
     -1.546769  4.465209  8.578000            0           0           0  
      3.093631  1.786073  8.578000            0           0           0  
      1.546831  4.465209  8.578000            0           0           0  
     -0.004200  1.788516 15.917002    -0.002286   -0.018549   -0.000959  
     -1.546802  4.460381 15.917002    -0.001410   -0.016720    0.002070  
      3.097796  1.788515 15.917002    -0.000265   -0.018395   -0.001243  
      1.546798  4.465228 15.913116    -0.001445   -0.019641   -0.000038  
      1.546795  0.893048 18.434530    -0.001430   -0.019410    0.000029  
      0.017353  3.582205 18.469529     0.000941   -0.009572    0.001817  
      4.640396  0.873006 18.469529    -0.000782   -0.007040   -0.003113  
      3.076238  3.582206 18.469528    -0.002103   -0.009802    0.001414  
      0.000000  0.000000  3.611250            0           0           0  
     -1.546800  2.679136  3.611250            0           0           0  
      3.093600  0.000000  3.611250            0           0           0  
      1.546800  2.679136  3.611250            0           0           0  
      0.000000  0.000000 10.926500            0           0           0  
     -1.546800  2.679136 10.926500            0           0           0  
      3.093600  0.000000 10.926500            0           0           0  
      1.546800  2.679136 10.926500            0           0           0  
      0.003370  0.001946 13.697370     0.001771    0.014008   -0.001018  
      4.640399  2.679137 13.693483     0.001215    0.016323   -0.000083  
      3.090229  0.001946 13.697369     0.000397    0.013896   -0.000785  
      1.546800  2.675245 13.697370     0.000988    0.015148    0.001560  
      0.066719  0.038525 20.780262     0.006952    0.028688    0.004518  
      4.640393  2.679140 20.689473     0.001285    0.017294    0.000071  
      3.026873  0.038525 20.780261    -0.001998    0.028026    0.003520  
      1.546795  2.602094 20.780262     0.001903    0.036129   -0.007787  
      1.546809  0.893038 21.844132     0.007629    0.103541    0.000111  
 
  81 f  =    5.765815 THz    36.227686 2PiTHz  192.326898 cm-1    23.845486 meV
             X         Y         Z           dx          dy          dz
      0.000031  1.786073  4.861250            0           0           0  
     -1.546769  4.465209  4.861250            0           0           0  
      3.093631  1.786073  4.861250            0           0           0  
      1.546831  4.465209  4.861250            0           0           0  
      0.000000  0.000000  7.269000            0           0           0  
     -1.546800  2.679136  7.269000            0           0           0  
      3.093600  0.000000  7.269000            0           0           0  
      1.546800  2.679136  7.269000            0           0           0  
      1.546769  0.893063  9.676500            0           0           0  
     -0.000031  3.572200  9.676500            0           0           0  
      4.640369  0.893063  9.676500            0           0           0  
      3.093569  3.572200  9.676500            0           0           0  
      1.546799  0.893046 14.581451    -0.016423    0.002044   -0.000023  
      0.000227  3.572314 14.581810    -0.013446    0.002597   -0.008511  
      4.640399  0.892783 14.581810    -0.014816    0.001599   -0.001356  
      3.093371  3.572314 14.581810    -0.013239    0.000966    0.009742  
      3.093381  5.358150 17.164964     0.025536   -0.004073    0.002403  
      4.640396  2.679138 17.148229     0.039162   -0.004874   -0.000010  
      0.000212  5.358150 17.164963     0.025341   -0.002483   -0.002783  
      1.546796  2.679387 17.164964     0.026846   -0.003103    0.000375  
     -0.019279  1.797222 19.698053     0.021773   -0.030152    0.030507  
     -1.546806  4.442973 19.698049    -0.038871   -0.004568   -0.004077  
      3.112869  1.797223 19.698049     0.013624    0.035141   -0.026355  
      1.546794  4.465230 19.781382    -0.088956    0.011098    0.000056  
      1.546769  0.893063  5.959750            0           0           0  
     -0.000031  3.572200  5.959750            0           0           0  
      4.640369  0.893063  5.959750            0           0           0  
      3.093569  3.572200  5.959750            0           0           0  
      0.000031  1.786073  8.578000            0           0           0  
     -1.546769  4.465209  8.578000            0           0           0  
      3.093631  1.786073  8.578000            0           0           0  
      1.546831  4.465209  8.578000            0           0           0  
     -0.004200  1.788516 15.917002     0.012119   -0.002968    0.001020  
     -1.546802  4.460381 15.917002     0.008886   -0.001608   -0.000163  
      3.097796  1.788515 15.917002     0.011687    0.000507   -0.000921  
      1.546798  4.465228 15.913116     0.005500   -0.000680   -0.000019  
      1.546795  0.893048 18.434530     0.002606   -0.000318    0.000018  
      0.017353  3.582205 18.469529     0.014231    0.001143    0.006719  
      4.640396  0.873006 18.469529     0.010053   -0.002002    0.001059  
      3.076238  3.582206 18.469528     0.014873   -0.004020   -0.007726  
      0.000000  0.000000  3.611250            0           0           0  
     -1.546800  2.679136  3.611250            0           0           0  
      3.093600  0.000000  3.611250            0           0           0  
      1.546800  2.679136  3.611250            0           0           0  
      0.000000  0.000000 10.926500            0           0           0  
     -1.546800  2.679136 10.926500            0           0           0  
      3.093600  0.000000 10.926500            0           0           0  
      1.546800  2.679136 10.926500            0           0           0  
      0.003370  0.001946 13.697370    -0.012210    0.001159    0.001541  
      4.640399  2.679137 13.693483    -0.011982    0.001490   -0.000043  
      3.090229  0.001946 13.697369    -0.012297    0.001795   -0.001855  
      1.546800  2.675245 13.697370    -0.011671    0.001545    0.000209  
      0.066719  0.038525 20.780262     0.021989    0.006953    0.010970  
      4.640393  2.679140 20.689473    -0.004244    0.000531    0.000035  
      3.026873  0.038525 20.780261     0.024143   -0.010246   -0.012589  
      1.546795  2.602094 20.780262     0.008177   -0.003506    0.001737  
      1.546809  0.893038 21.844132     0.090724   -0.011345    0.000038  
 
  82 f  =    5.765571 THz    36.226149 2PiTHz  192.318739 cm-1    23.844474 meV
             X         Y         Z           dx          dy          dz
      0.000031  1.786073  4.861250            0           0           0  
     -1.546769  4.465209  4.861250            0           0           0  
      3.093631  1.786073  4.861250            0           0           0  
      1.546831  4.465209  4.861250            0           0           0  
      0.000000  0.000000  7.269000            0           0           0  
     -1.546800  2.679136  7.269000            0           0           0  
      3.093600  0.000000  7.269000            0           0           0  
      1.546800  2.679136  7.269000            0           0           0  
      1.546769  0.893063  9.676500            0           0           0  
     -0.000031  3.572200  9.676500            0           0           0  
      4.640369  0.893063  9.676500            0           0           0  
      3.093569  3.572200  9.676500            0           0           0  
      1.546799  0.893046 14.581451    -0.002052   -0.016386    0.000003  
      0.000227  3.572314 14.581810    -0.000831   -0.014177   -0.006423  
      4.640399  0.892783 14.581810    -0.001851   -0.012825    0.010534  
      3.093371  3.572314 14.581810    -0.002498   -0.014374   -0.004123  
      3.093381  5.358150 17.164964     0.002375    0.026199    0.001820  
      4.640396  2.679138 17.148229     0.004890    0.039095    0.000003  
      0.000212  5.358150 17.164963     0.003981    0.026396    0.001174  
      1.546796  2.679387 17.164964     0.003352    0.024910   -0.002997  
     -0.019279  1.797222 19.698053    -0.030474   -0.024078   -0.012886  
     -1.546806  4.442973 19.698049    -0.004848    0.036599    0.032867  
      3.112869  1.797223 19.698049     0.034877   -0.015937   -0.019973  
      1.546794  4.465230 19.781382    -0.011092   -0.088990   -0.000007  
      1.546769  0.893063  5.959750            0           0           0  
     -0.000031  3.572200  5.959750            0           0           0  
      4.640369  0.893063  5.959750            0           0           0  
      3.093569  3.572200  5.959750            0           0           0  
      0.000031  1.786073  8.578000            0           0           0  
     -1.546769  4.465209  8.578000            0           0           0  
      3.093631  1.786073  8.578000            0           0           0  
      1.546831  4.465209  8.578000            0           0           0  
     -0.004200  1.788516 15.917002    -0.000254    0.009653   -0.000446  
     -1.546802  4.460381 15.917002     0.001112    0.012884    0.001123  
      3.097796  1.788515 15.917002     0.003229    0.010087   -0.000683  
      1.546798  4.465228 15.913116     0.000688    0.005477   -0.000004  
      1.546795  0.893048 18.434530     0.000327    0.002577   -0.000003  
      0.017353  3.582205 18.469529     0.004404    0.011860    0.005074  
      4.640396  0.873006 18.469529     0.001255    0.016033   -0.008346  
      3.076238  3.582206 18.469528    -0.000772    0.011215    0.003274  
      0.000000  0.000000  3.611250            0           0           0  
     -1.546800  2.679136  3.611250            0           0           0  
      3.093600  0.000000  3.611250            0           0           0  
      1.546800  2.679136  3.611250            0           0           0  
      0.000000  0.000000 10.926500            0           0           0  
     -1.546800  2.679136 10.926500            0           0           0  
      3.093600  0.000000 10.926500            0           0           0  
      1.546800  2.679136 10.926500            0           0           0  
      0.003370  0.001946 13.697370    -0.001858   -0.011883    0.001192  
      4.640399  2.679137 13.693483    -0.001497   -0.011948   -0.000009  
      3.090229  0.001946 13.697369    -0.001203   -0.011803    0.000760  
      1.546800  2.675245 13.697370    -0.001452   -0.012416   -0.001962  
      0.066719  0.038525 20.780262     0.011486    0.014246    0.008270  
      4.640393  2.679140 20.689473    -0.000529   -0.004229    0.000001  
      3.026873  0.038525 20.780261    -0.005743    0.012103    0.005339  
      1.546795  2.602094 20.780262     0.001015    0.028103   -0.013612  
      1.546809  0.893038 21.844132     0.011298    0.090900    0.000010  
 
  83 f  =    3.293560 THz    20.694046 2PiTHz  109.861329 cm-1    13.621063 meV
             X         Y         Z           dx          dy          dz
      0.000031  1.786073  4.861250            0           0           0  
     -1.546769  4.465209  4.861250            0           0           0  
      3.093631  1.786073  4.861250            0           0           0  
      1.546831  4.465209  4.861250            0           0           0  
      0.000000  0.000000  7.269000            0           0           0  
     -1.546800  2.679136  7.269000            0           0           0  
      3.093600  0.000000  7.269000            0           0           0  
      1.546800  2.679136  7.269000            0           0           0  
      1.546769  0.893063  9.676500            0           0           0  
     -0.000031  3.572200  9.676500            0           0           0  
      4.640369  0.893063  9.676500            0           0           0  
      3.093569  3.572200  9.676500            0           0           0  
      1.546799  0.893046 14.581451     0.045511   -0.003558   -0.000003  
      0.000227  3.572314 14.581810     0.045192   -0.003481    0.000597  
      4.640399  0.892783 14.581810     0.045075   -0.003533    0.000062  
      3.093371  3.572314 14.581810     0.045194   -0.003574   -0.000634  
      3.093381  5.358150 17.164964    -0.001135    0.000239   -0.000514  
      4.640396  2.679138 17.148229     0.000108   -0.000010    0.000001  
      0.000212  5.358150 17.164963    -0.001114   -0.000041    0.000568  
      1.546796  2.679387 17.164964    -0.001351    0.000080   -0.000047  
     -0.019279  1.797222 19.698053    -0.042527    0.002756    0.001981  
     -1.546806  4.442973 19.698049    -0.043692    0.003300   -0.000171  
      3.112869  1.797223 19.698049    -0.042626    0.004019   -0.001813  
      1.546794  4.465230 19.781382    -0.047528    0.003713   -0.000001  
      1.546769  0.893063  5.959750            0           0           0  
     -0.000031  3.572200  5.959750            0           0           0  
      4.640369  0.893063  5.959750            0           0           0  
      3.093569  3.572200  5.959750            0           0           0  
      0.000031  1.786073  8.578000            0           0           0  
     -1.546769  4.465209  8.578000            0           0           0  
      3.093631  1.786073  8.578000            0           0           0  
      1.546831  4.465209  8.578000            0           0           0  
     -0.004200  1.788516 15.917002     0.016628   -0.001193    0.000016  
     -1.546802  4.460381 15.917002     0.016831   -0.001294    0.000003  
      3.097796  1.788515 15.917002     0.016642   -0.001430   -0.000011  
      1.546798  4.465228 15.913116     0.016344   -0.001278    0.000006  
      1.546795  0.893048 18.434530    -0.019137    0.001495   -0.000001  
      0.017353  3.582205 18.469529    -0.020296    0.001780    0.001204  
      4.640396  0.873006 18.469529    -0.020633    0.001578    0.000108  
      3.076238  3.582206 18.469528    -0.020266    0.001424   -0.001324  
      0.000000  0.000000  3.611250            0           0           0  
     -1.546800  2.679136  3.611250            0           0           0  
      3.093600  0.000000  3.611250            0           0           0  
      1.546800  2.679136  3.611250            0           0           0  
      0.000000  0.000000 10.926500            0           0           0  
     -1.546800  2.679136 10.926500            0           0           0  
      3.093600  0.000000 10.926500            0           0           0  
      1.546800  2.679136 10.926500            0           0           0  
      0.003370  0.001946 13.697370     0.039092   -0.003038    0.000101  
      4.640399  2.679137 13.693483     0.038748   -0.003027    0.000015  
      3.090229  0.001946 13.697369     0.039103   -0.003076   -0.000111  
      1.546800  2.675245 13.697370     0.039090   -0.003054    0.000007  
      0.066719  0.038525 20.780262    -0.035877    0.003425    0.000339  
      4.640393  2.679140 20.689473    -0.037193    0.002905   -0.000008  
      3.026873  0.038525 20.780261    -0.035796    0.002287   -0.000373  
      1.546795  2.602094 20.780262    -0.036837    0.002776    0.000028  
      1.546809  0.893038 21.844132    -0.043155    0.003382   -0.000002  
 
  84 f  =    3.293226 THz    20.691949 2PiTHz  109.850196 cm-1    13.619682 meV
             X         Y         Z           dx          dy          dz
      0.000031  1.786073  4.861250            0           0           0  
     -1.546769  4.465209  4.861250            0           0           0  
      3.093631  1.786073  4.861250            0           0           0  
      1.546831  4.465209  4.861250            0           0           0  
      0.000000  0.000000  7.269000            0           0           0  
     -1.546800  2.679136  7.269000            0           0           0  
      3.093600  0.000000  7.269000            0           0           0  
      1.546800  2.679136  7.269000            0           0           0  
      1.546769  0.893063  9.676500            0           0           0  
     -0.000031  3.572200  9.676500            0           0           0  
      4.640369  0.893063  9.676500            0           0           0  
      3.093569  3.572200  9.676500            0           0           0  
      1.546799  0.893046 14.581451     0.003561    0.045514   -0.000002  
      0.000227  3.572314 14.581810     0.003588    0.045128    0.000413  
      4.640399  0.892783 14.581810     0.003527    0.045225   -0.000712  
      3.093371  3.572314 14.581810     0.003478    0.045115    0.000307  
      3.093381  5.358150 17.164964     0.000048   -0.001268   -0.000353  
      4.640396  2.679138 17.148229     0.000007    0.000112    0.000003  
      0.000212  5.358150 17.164963    -0.000225   -0.001290   -0.000270  
      1.546796  2.679387 17.164964    -0.000106   -0.001042    0.000626  
     -0.019279  1.797222 19.698053    -0.003953   -0.043359   -0.000942  
     -1.546806  4.442973 19.698049    -0.003413   -0.042214    0.002182  
      3.112869  1.797223 19.698049    -0.002702   -0.043260   -0.001239  
      1.546794  4.465230 19.781382    -0.003714   -0.047504   -0.000002  
      1.546769  0.893063  5.959750            0           0           0  
     -0.000031  3.572200  5.959750            0           0           0  
      4.640369  0.893063  5.959750            0           0           0  
      3.093569  3.572200  5.959750            0           0           0  
      0.000031  1.786073  8.578000            0           0           0  
     -1.546769  4.465209  8.578000            0           0           0  
      3.093631  1.786073  8.578000            0           0           0  
      1.546831  4.465209  8.578000            0           0           0  
     -0.004200  1.788516 15.917002     0.001421    0.016780    0.000001  
     -1.546802  4.460381 15.917002     0.001313    0.016562    0.000020  
      3.097796  1.788515 15.917002     0.001178    0.016761   -0.000009  
      1.546798  4.465228 15.913116     0.001279    0.016359    0.000004  
      1.546795  0.893048 18.434530    -0.001496   -0.019126    0.000004  
      0.017353  3.582205 18.469529    -0.001402   -0.020495    0.000826  
      4.640396  0.873006 18.469529    -0.001613   -0.020186   -0.001450  
      3.076238  3.582206 18.469528    -0.001769   -0.020524    0.000629  
      0.000000  0.000000  3.611250            0           0           0  
     -1.546800  2.679136  3.611250            0           0           0  
      3.093600  0.000000  3.611250            0           0           0  
      1.546800  2.679136  3.611250            0           0           0  
      0.000000  0.000000 10.926500            0           0           0  
     -1.546800  2.679136 10.926500            0           0           0  
      3.093600  0.000000 10.926500            0           0           0  
      1.546800  2.679136 10.926500            0           0           0  
      0.003370  0.001946 13.697370     0.003070    0.039089    0.000070  
      4.640399  2.679137 13.693483     0.003030    0.038754    0.000006  
      3.090229  0.001946 13.697369     0.003042    0.039087    0.000061  
      1.546800  2.675245 13.697370     0.003049    0.039112   -0.000113  
      0.066719  0.038525 20.780262    -0.002237   -0.036468    0.000232  
      4.640393  2.679140 20.689473    -0.002910   -0.037193    0.000004  
      3.026873  0.038525 20.780261    -0.003366   -0.036557    0.000172  
      1.546795  2.602094 20.780262    -0.002880   -0.035550   -0.000403  
      1.546809  0.893038 21.844132    -0.003373   -0.043201   -0.000011  
 
  85 f  =    0.865760 THz     5.439729 2PiTHz   28.878636 cm-1     3.580493 meV
             X         Y         Z           dx          dy          dz
      0.000031  1.786073  4.861250            0           0           0  
     -1.546769  4.465209  4.861250            0           0           0  
      3.093631  1.786073  4.861250            0           0           0  
      1.546831  4.465209  4.861250            0           0           0  
      0.000000  0.000000  7.269000            0           0           0  
     -1.546800  2.679136  7.269000            0           0           0  
      3.093600  0.000000  7.269000            0           0           0  
      1.546800  2.679136  7.269000            0           0           0  
      1.546769  0.893063  9.676500            0           0           0  
     -0.000031  3.572200  9.676500            0           0           0  
      4.640369  0.893063  9.676500            0           0           0  
      3.093569  3.572200  9.676500            0           0           0  
      1.546799  0.893046 14.581451     0.000010   -0.000014    0.034112  
      0.000227  3.572314 14.581810     0.000004   -0.000019    0.034180  
      4.640399  0.892783 14.581810     0.000012   -0.000002    0.034182  
      3.093371  3.572314 14.581810     0.000007   -0.000013    0.034179  
      3.093381  5.358150 17.164964     0.000014   -0.000011    0.035564  
      4.640396  2.679138 17.148229     0.000010   -0.000010    0.035636  
      0.000212  5.358150 17.164963     0.000017   -0.000012    0.035556  
      1.546796  2.679387 17.164964     0.000018   -0.000013    0.035564  
     -0.019279  1.797222 19.698053     0.000004   -0.000005    0.036227  
     -1.546806  4.442973 19.698049     0.000014   -0.000016    0.036227  
      3.112869  1.797223 19.698049     0.000021   -0.000005    0.036228  
      1.546794  4.465230 19.781382     0.000010   -0.000011    0.036323  
      1.546769  0.893063  5.959750            0           0           0  
     -0.000031  3.572200  5.959750            0           0           0  
      4.640369  0.893063  5.959750            0           0           0  
      3.093569  3.572200  5.959750            0           0           0  
      0.000031  1.786073  8.578000            0           0           0  
     -1.546769  4.465209  8.578000            0           0           0  
      3.093631  1.786073  8.578000            0           0           0  
      1.546831  4.465209  8.578000            0           0           0  
     -0.004200  1.788516 15.917002     0.000046   -0.000033    0.034593  
     -1.546802  4.460381 15.917002     0.000007    0.000025    0.034588  
      3.097796  1.788515 15.917002    -0.000021   -0.000026    0.034592  
      1.546798  4.465228 15.913116     0.000018   -0.000013    0.034713  
      1.546795  0.893048 18.434530     0.000019   -0.000011    0.035903  
      0.017353  3.582205 18.469529    -0.000039   -0.000038    0.035825  
      4.640396  0.873006 18.469529     0.000008    0.000050    0.035833  
      3.076238  3.582206 18.469528     0.000067   -0.000045    0.035827  
      0.000000  0.000000  3.611250            0           0           0  
     -1.546800  2.679136  3.611250            0           0           0  
      3.093600  0.000000  3.611250            0           0           0  
      1.546800  2.679136  3.611250            0           0           0  
      0.000000  0.000000 10.926500            0           0           0  
     -1.546800  2.679136 10.926500            0           0           0  
      3.093600  0.000000 10.926500            0           0           0  
      1.546800  2.679136 10.926500            0           0           0  
      0.003370  0.001946 13.697370    -0.000061   -0.000052    0.032871  
      4.640399  2.679137 13.693483     0.000010   -0.000013    0.032915  
      3.090229  0.001946 13.697369     0.000083   -0.000054    0.032873  
      1.546800  2.675245 13.697370     0.000008    0.000068    0.032870  
      0.066719  0.038525 20.780262    -0.000032   -0.000033    0.036255  
      4.640393  2.679140 20.689473     0.000017   -0.000008    0.036480  
      3.026873  0.038525 20.780261     0.000058   -0.000037    0.036260  
      1.546795  2.602094 20.780262     0.000008    0.000053    0.036250  
      1.546809  0.893038 21.844132     0.000010   -0.000007    0.036668  
 
  86 fi =    0.322140 THz     2.024067 2PiTHz   10.745444 cm-1     1.332265 meV
             X         Y         Z           dx          dy          dz
      0.000031  1.786073  4.861250            0           0           0  
     -1.546769  4.465209  4.861250            0           0           0  
      3.093631  1.786073  4.861250            0           0           0  
      1.546831  4.465209  4.861250            0           0           0  
      0.000000  0.000000  7.269000            0           0           0  
     -1.546800  2.679136  7.269000            0           0           0  
      3.093600  0.000000  7.269000            0           0           0  
      1.546800  2.679136  7.269000            0           0           0  
      1.546769  0.893063  9.676500            0           0           0  
     -0.000031  3.572200  9.676500            0           0           0  
      4.640369  0.893063  9.676500            0           0           0  
      3.093569  3.572200  9.676500            0           0           0  
      1.546799  0.893046 14.581451     0.035598    0.000872   -0.000015  
      0.000227  3.572314 14.581810     0.035595    0.000868   -0.000002  
      4.640399  0.892783 14.581810     0.035604    0.000873   -0.000011  
      3.093371  3.572314 14.581810     0.035592    0.000876   -0.000019  
      3.093381  5.358150 17.164964     0.035110    0.000857   -0.000008  
      4.640396  2.679138 17.148229     0.035127    0.000861   -0.000013  
      0.000212  5.358150 17.164963     0.035110    0.000867   -0.000017  
      1.546796  2.679387 17.164964     0.035121    0.000861   -0.000011  
     -0.019279  1.797222 19.698053     0.034871    0.000858    0.000001  
     -1.546806  4.442973 19.698049     0.034873    0.000855   -0.000011  
      3.112869  1.797223 19.698049     0.034871    0.000854   -0.000023  
      1.546794  4.465230 19.781382     0.034846    0.000855   -0.000010  
      1.546769  0.893063  5.959750            0           0           0  
     -0.000031  3.572200  5.959750            0           0           0  
      4.640369  0.893063  5.959750            0           0           0  
      3.093569  3.572200  5.959750            0           0           0  
      0.000031  1.786073  8.578000            0           0           0  
     -1.546769  4.465209  8.578000            0           0           0  
      3.093631  1.786073  8.578000            0           0           0  
      1.546831  4.465209  8.578000            0           0           0  
     -0.004200  1.788516 15.917002     0.035366    0.000871   -0.000016  
     -1.546802  4.460381 15.917002     0.035369    0.000866   -0.000015  
      3.097796  1.788515 15.917002     0.035362    0.000862   -0.000011  
      1.546798  4.465228 15.913116     0.035373    0.000870   -0.000009  
      1.546795  0.893048 18.434530     0.035042    0.000862   -0.000008  
      0.017353  3.582205 18.469529     0.035015    0.000852   -0.000005  
      4.640396  0.873006 18.469529     0.035023    0.000857   -0.000017  
      3.076238  3.582206 18.469528     0.035016    0.000864   -0.000020  
      0.000000  0.000000  3.611250            0           0           0  
     -1.546800  2.679136  3.611250            0           0           0  
      3.093600  0.000000  3.611250            0           0           0  
      1.546800  2.679136  3.611250            0           0           0  
      0.000000  0.000000 10.926500            0           0           0  
     -1.546800  2.679136 10.926500            0           0           0  
      3.093600  0.000000 10.926500            0           0           0  
      1.546800  2.679136 10.926500            0           0           0  
      0.003370  0.001946 13.697370     0.035791    0.000868   -0.000035  
      4.640399  2.679137 13.693483     0.035837    0.000879   -0.000006  
      3.090229  0.001946 13.697369     0.035796    0.000887    0.000008  
      1.546800  2.675245 13.697370     0.035808    0.000877   -0.000016  
      0.066719  0.038525 20.780262     0.034962    0.000897    0.000003  
      4.640393  2.679140 20.689473     0.034919    0.000856   -0.000011  
      3.026873  0.038525 20.780261     0.034954    0.000818   -0.000020  
      1.546795  2.602094 20.780262     0.034894    0.000854   -0.000010  
      1.546809  0.893038 21.844132     0.034879    0.000855   -0.000013  
 
  87 fi =    0.326414 THz     2.050917 2PiTHz   10.887984 cm-1     1.349937 meV
             X         Y         Z           dx          dy          dz
      0.000031  1.786073  4.861250            0           0           0  
     -1.546769  4.465209  4.861250            0           0           0  
      3.093631  1.786073  4.861250            0           0           0  
      1.546831  4.465209  4.861250            0           0           0  
      0.000000  0.000000  7.269000            0           0           0  
     -1.546800  2.679136  7.269000            0           0           0  
      3.093600  0.000000  7.269000            0           0           0  
      1.546800  2.679136  7.269000            0           0           0  
      1.546769  0.893063  9.676500            0           0           0  
     -0.000031  3.572200  9.676500            0           0           0  
      4.640369  0.893063  9.676500            0           0           0  
      3.093569  3.572200  9.676500            0           0           0  
      1.546799  0.893046 14.581451    -0.000873    0.035595    0.000010  
      0.000227  3.572314 14.581810    -0.000878    0.035600    0.000017  
      4.640399  0.892783 14.581810    -0.000872    0.035591   -0.000000  
      3.093371  3.572314 14.581810    -0.000869    0.035597    0.000015  
      3.093381  5.358150 17.164964    -0.000866    0.035114    0.000013  
      4.640396  2.679138 17.148229    -0.000862    0.035125    0.000012  
      0.000212  5.358150 17.164963    -0.000855    0.035115    0.000013  
      1.546796  2.679387 17.164964    -0.000861    0.035105    0.000005  
     -0.019279  1.797222 19.698053    -0.000855    0.034873    0.000002  
     -1.546806  4.442973 19.698049    -0.000854    0.034874    0.000026  
      3.112869  1.797223 19.698049    -0.000855    0.034873    0.000003  
      1.546794  4.465230 19.781382    -0.000854    0.034844    0.000010  
      1.546769  0.893063  5.959750            0           0           0  
     -0.000031  3.572200  5.959750            0           0           0  
      4.640369  0.893063  5.959750            0           0           0  
      3.093569  3.572200  5.959750            0           0           0  
      0.000031  1.786073  8.578000            0           0           0  
     -1.546769  4.465209  8.578000            0           0           0  
      3.093631  1.786073  8.578000            0           0           0  
      1.546831  4.465209  8.578000            0           0           0  
     -0.004200  1.788516 15.917002    -0.000862    0.035368    0.000015  
     -1.546802  4.460381 15.917002    -0.000868    0.035357    0.000008  
      3.097796  1.788515 15.917002    -0.000873    0.035366    0.000013  
      1.546798  4.465228 15.913116    -0.000866    0.035372    0.000011  
      1.546795  0.893048 18.434530    -0.000858    0.035045    0.000007  
      0.017353  3.582205 18.469529    -0.000865    0.035019    0.000017  
      4.640396  0.873006 18.469529    -0.000860    0.035015    0.000002  
      3.076238  3.582206 18.469528    -0.000852    0.035019    0.000017  
      0.000000  0.000000  3.611250            0           0           0  
     -1.546800  2.679136  3.611250            0           0           0  
      3.093600  0.000000  3.611250            0           0           0  
      1.546800  2.679136  3.611250            0           0           0  
      0.000000  0.000000 10.926500            0           0           0  
     -1.546800  2.679136 10.926500            0           0           0  
      3.093600  0.000000 10.926500            0           0           0  
      1.546800  2.679136 10.926500            0           0           0  
      0.003370  0.001946 13.697370    -0.000888    0.035803    0.000001  
      4.640399  2.679137 13.693483    -0.000879    0.035837    0.000012  
      3.090229  0.001946 13.697369    -0.000869    0.035804    0.000002  
      1.546800  2.675245 13.697370    -0.000881    0.035787    0.000036  
      0.066719  0.038525 20.780262    -0.000815    0.034919    0.000018  
      4.640393  2.679140 20.689473    -0.000857    0.034921    0.000010  
      3.026873  0.038525 20.780261    -0.000898    0.034922    0.000018  
      1.546795  2.602094 20.780262    -0.000856    0.035000    0.000002  
      1.546809  0.893038 21.844132    -0.000855    0.034900    0.000025  
 
