 Eigenvectors and eigenvalues of the dynamical matrix
 ----------------------------------------------------
 
 
   1 f  =   81.989024 THz   515.152233 2PiTHz 2734.859474 cm-1   339.079207 meV
             X         Y         Z           dx          dy          dz
      0.757600  0.275888  7.661940            0           0           0  
      3.788000  0.275888  7.661940            0           0           0  
      2.272800  4.293312 10.488280            0           0           0  
      5.303200  4.293312 10.488280            0           0           0  
      0.757600  1.995239 12.648624     0.000000    0.000063   -0.000400  
      3.788000  2.024210 12.697098    -0.000000   -0.000017   -0.000016  
      2.277749  2.641501 15.399969     0.000425    0.000835   -0.000161  
      5.298251  2.641501 15.399969    -0.000424    0.000835   -0.000161  
      2.272800  2.723746  8.125040            0           0           0  
      5.303200  2.723746  8.125040            0           0           0  
      0.757600  1.845454 10.025180            0           0           0  
      3.788000  1.845454 10.025180            0           0           0  
      2.245263  4.174099 13.110786     0.000593   -0.001984   -0.000641  
      5.330737  4.174099 13.110786    -0.000593   -0.001974   -0.000644  
      0.757600  0.480168 15.079181    -0.000000   -0.867254    0.408102  
      3.788000  0.260957 15.365325     0.000000   -0.083773    0.039235  
      0.757600  3.730889  6.005560            0           0           0  
      3.788000  3.730889  6.005560            0           0           0  
      2.272800  1.446289  7.148020            0           0           0  
      5.303200  1.446289  7.148020            0           0           0  
      5.303200  3.671078  8.495960            0           0           0  
      2.272800  3.671078  8.495960            0           0           0  
      3.788000  0.898122  9.654260            0           0           0  
      0.757600  0.898122  9.654260            0           0           0  
      0.757600  3.122911 11.002200            0           0           0  
      3.788000  3.122911 11.002200            0           0           0  
      5.294256  0.837693 12.158582     0.000278    0.000196    0.000375  
      2.281744  0.837693 12.158582    -0.000278    0.000196    0.000375  
      2.240833  3.209455 13.466325    -0.000879   -0.000346    0.000252  
      5.335167  3.209455 13.466325     0.000879   -0.000347    0.000253  
      0.757600  1.386630 14.620486     0.000000    0.058417   -0.031065  
      3.788000  1.552981 14.674304     0.000000   -0.000888    0.000064  
      0.757600  3.684239 15.810118     0.000000   -0.009320    0.004784  
      3.788000  3.912004 15.840536    -0.000000    0.006218   -0.002444  
      2.361442  2.021276 16.990149    -0.000894   -0.000153    0.001199  
      5.214558  2.021276 16.990149     0.000894   -0.000154    0.001199  
      3.788000  3.178764 17.575471     0.000000    0.000969   -0.000929  
 
   2 f  =   78.355113 THz   492.319693 2PiTHz 2613.645230 cm-1   324.050563 meV
             X         Y         Z           dx          dy          dz
      0.757600  0.275888  7.661940            0           0           0  
      3.788000  0.275888  7.661940            0           0           0  
      2.272800  4.293312 10.488280            0           0           0  
      5.303200  4.293312 10.488280            0           0           0  
      0.757600  1.995239 12.648624    -0.000000    0.001855    0.001074  
      3.788000  2.024210 12.697098     0.000000    0.001763    0.001157  
      2.277749  2.641501 15.399969     0.000086    0.000202   -0.000739  
      5.298251  2.641501 15.399969    -0.000086    0.000202   -0.000739  
      2.272800  2.723746  8.125040            0           0           0  
      5.303200  2.723746  8.125040            0           0           0  
      0.757600  1.845454 10.025180            0           0           0  
      3.788000  1.845454 10.025180            0           0           0  
      2.245263  4.174099 13.110786     0.003990   -0.660019    0.170483  
      5.330737  4.174099 13.110786    -0.003989   -0.659927    0.170459  
      0.757600  0.480168 15.079181     0.000000    0.001857    0.000525  
      3.788000  0.260957 15.365325    -0.000000   -0.008811    0.001580  
      0.757600  3.730889  6.005560            0           0           0  
      3.788000  3.730889  6.005560            0           0           0  
      2.272800  1.446289  7.148020            0           0           0  
      5.303200  1.446289  7.148020            0           0           0  
      5.303200  3.671078  8.495960            0           0           0  
      2.272800  3.671078  8.495960            0           0           0  
      3.788000  0.898122  9.654260            0           0           0  
      0.757600  0.898122  9.654260            0           0           0  
      0.757600  3.122911 11.002200            0           0           0  
      3.788000  3.122911 11.002200            0           0           0  
      5.294256  0.837693 12.158582     0.000170   -0.006327    0.004106  
      2.281744  0.837693 12.158582    -0.000170   -0.006328    0.004107  
      2.240833  3.209455 13.466325    -0.000011    0.043553   -0.015281  
      5.335167  3.209455 13.466325     0.000011    0.043548   -0.015279  
      0.757600  1.386630 14.620486    -0.000000   -0.001445   -0.000031  
      3.788000  1.552981 14.674304    -0.000000   -0.001102   -0.000179  
      0.757600  3.684239 15.810118     0.000000   -0.000072    0.000315  
      3.788000  3.912004 15.840536    -0.000000    0.000331    0.000044  
      2.361442  2.021276 16.990149    -0.000014   -0.000164    0.000787  
      5.214558  2.021276 16.990149     0.000014   -0.000165    0.000787  
      3.788000  3.178764 17.575471     0.000000   -0.000002    0.000167  
 
   3 f  =   77.953963 THz   489.799196 2PiTHz 2600.264321 cm-1   322.391542 meV
             X         Y         Z           dx          dy          dz
      0.757600  0.275888  7.661940            0           0           0  
      3.788000  0.275888  7.661940            0           0           0  
      2.272800  4.293312 10.488280            0           0           0  
      5.303200  4.293312 10.488280            0           0           0  
      0.757600  1.995239 12.648624     0.000523    0.000000    0.000000  
      3.788000  2.024210 12.697098    -0.000422    0.000000    0.000000  
      2.277749  2.641501 15.399969     0.000019   -0.000196    0.000814  
      5.298251  2.641501 15.399969     0.000019    0.000196   -0.000814  
      2.272800  2.723746  8.125040            0           0           0  
      5.303200  2.723746  8.125040            0           0           0  
      0.757600  1.845454 10.025180            0           0           0  
      3.788000  1.845454 10.025180            0           0           0  
      2.245263  4.174099 13.110786    -0.004309    0.660172   -0.167767  
      5.330737  4.174099 13.110786    -0.004309   -0.660263    0.167791  
      0.757600  0.480168 15.079181     0.002448   -0.000007    0.000004  
      3.788000  0.260957 15.365325     0.002624    0.000006   -0.000003  
      0.757600  3.730889  6.005560            0           0           0  
      3.788000  3.730889  6.005560            0           0           0  
      2.272800  1.446289  7.148020            0           0           0  
      5.303200  1.446289  7.148020            0           0           0  
      5.303200  3.671078  8.495960            0           0           0  
      2.272800  3.671078  8.495960            0           0           0  
      3.788000  0.898122  9.654260            0           0           0  
      0.757600  0.898122  9.654260            0           0           0  
      0.757600  3.122911 11.002200            0           0           0  
      3.788000  3.122911 11.002200            0           0           0  
      5.294256  0.837693 12.158582     0.000143   -0.006042    0.004616  
      2.281744  0.837693 12.158582     0.000143    0.006041   -0.004616  
      2.240833  3.209455 13.466325     0.000004   -0.044328    0.014771  
      5.335167  3.209455 13.466325     0.000003    0.044334   -0.014773  
      0.757600  1.386630 14.620486     0.000049    0.000001   -0.000001  
      3.788000  1.552981 14.674304    -0.000821   -0.000000    0.000000  
      0.757600  3.684239 15.810118     0.000121   -0.000000    0.000000  
      3.788000  3.912004 15.840536     0.000051   -0.000001    0.000000  
      2.361442  2.021276 16.990149    -0.000043    0.000272   -0.001070  
      5.214558  2.021276 16.990149    -0.000042   -0.000272    0.001070  
      3.788000  3.178764 17.575471     0.000345    0.000000    0.000000  
 
   4 f  =   71.681592 THz   450.388727 2PiTHz 2391.040545 cm-1   296.451112 meV
             X         Y         Z           dx          dy          dz
      0.757600  0.275888  7.661940            0           0           0  
      3.788000  0.275888  7.661940            0           0           0  
      2.272800  4.293312 10.488280            0           0           0  
      5.303200  4.293312 10.488280            0           0           0  
      0.757600  1.995239 12.648624    -0.000000   -0.000078    0.000181  
      3.788000  2.024210 12.697098    -0.000000   -0.000147    0.001140  
      2.277749  2.641501 15.399969     0.000485   -0.001230   -0.002276  
      5.298251  2.641501 15.399969    -0.000485   -0.001230   -0.002276  
      2.272800  2.723746  8.125040            0           0           0  
      5.303200  2.723746  8.125040            0           0           0  
      0.757600  1.845454 10.025180            0           0           0  
      3.788000  1.845454 10.025180            0           0           0  
      2.245263  4.174099 13.110786    -0.000330   -0.004600    0.003833  
      5.330737  4.174099 13.110786     0.000330   -0.004588    0.003830  
      0.757600  0.480168 15.079181     0.000000   -0.080743    0.042722  
      3.788000  0.260957 15.365325    -0.000000    0.863968   -0.406890  
      0.757600  3.730889  6.005560            0           0           0  
      3.788000  3.730889  6.005560            0           0           0  
      2.272800  1.446289  7.148020            0           0           0  
      5.303200  1.446289  7.148020            0           0           0  
      5.303200  3.671078  8.495960            0           0           0  
      2.272800  3.671078  8.495960            0           0           0  
      3.788000  0.898122  9.654260            0           0           0  
      0.757600  0.898122  9.654260            0           0           0  
      0.757600  3.122911 11.002200            0           0           0  
      3.788000  3.122911 11.002200            0           0           0  
      5.294256  0.837693 12.158582     0.000342   -0.000382   -0.000546  
      2.281744  0.837693 12.158582    -0.000343   -0.000382   -0.000546  
      2.240833  3.209455 13.466325    -0.000877    0.000963    0.000034  
      5.335167  3.209455 13.466325     0.000877    0.000963    0.000035  
      0.757600  1.386630 14.620486    -0.000000    0.005910   -0.004301  
      3.788000  1.552981 14.674304     0.000000    0.014106   -0.004901  
      0.757600  3.684239 15.810118    -0.000000   -0.001805    0.002658  
      3.788000  3.912004 15.840536     0.000000   -0.058482    0.034353  
      2.361442  2.021276 16.990149     0.000296   -0.000510    0.003706  
      5.214558  2.021276 16.990149    -0.000296   -0.000508    0.003706  
      3.788000  3.178764 17.575471    -0.000001    0.000926   -0.001395  
 
   5 f  =   33.996279 THz   213.604918 2PiTHz 1133.993793 cm-1   140.597248 meV
             X         Y         Z           dx          dy          dz
      0.757600  0.275888  7.661940            0           0           0  
      3.788000  0.275888  7.661940            0           0           0  
      2.272800  4.293312 10.488280            0           0           0  
      5.303200  4.293312 10.488280            0           0           0  
      0.757600  1.995239 12.648624     0.000549   -0.000000    0.000000  
      3.788000  2.024210 12.697098    -0.000575    0.000000    0.000000  
      2.277749  2.641501 15.399969    -0.001359    0.000445   -0.002356  
      5.298251  2.641501 15.399969    -0.001359   -0.000445    0.002356  
      2.272800  2.723746  8.125040            0           0           0  
      5.303200  2.723746  8.125040            0           0           0  
      0.757600  1.845454 10.025180            0           0           0  
      3.788000  1.845454 10.025180            0           0           0  
      2.245263  4.174099 13.110786     0.025752    0.073765    0.266280  
      5.330737  4.174099 13.110786     0.025704   -0.073746   -0.266219  
      0.757600  0.480168 15.079181     0.178828   -0.000003   -0.000000  
      3.788000  0.260957 15.365325    -0.863565   -0.000006   -0.000007  
      0.757600  3.730889  6.005560            0           0           0  
      3.788000  3.730889  6.005560            0           0           0  
      2.272800  1.446289  7.148020            0           0           0  
      5.303200  1.446289  7.148020            0           0           0  
      5.303200  3.671078  8.495960            0           0           0  
      2.272800  3.671078  8.495960            0           0           0  
      3.788000  0.898122  9.654260            0           0           0  
      0.757600  0.898122  9.654260            0           0           0  
      0.757600  3.122911 11.002200            0           0           0  
      3.788000  3.122911 11.002200            0           0           0  
      5.294256  0.837693 12.158582    -0.000902    0.007036    0.003937  
      2.281744  0.837693 12.158582    -0.000902   -0.007038   -0.003937  
      2.240833  3.209455 13.466325    -0.001301   -0.002286   -0.016525  
      5.335167  3.209455 13.466325    -0.001298    0.002287    0.016520  
      0.757600  1.386630 14.620486    -0.012566   -0.000002    0.000001  
      3.788000  1.552981 14.674304     0.020924    0.000001   -0.000000  
      0.757600  3.684239 15.810118    -0.007343    0.000001   -0.000000  
      3.788000  3.912004 15.840536     0.053011   -0.000001    0.000001  
      2.361442  2.021276 16.990149    -0.000374   -0.000674    0.005505  
      5.214558  2.021276 16.990149    -0.000375    0.000672   -0.005505  
      3.788000  3.178764 17.575471     0.000330    0.000000    0.000000  
 
   6 f  =   33.451228 THz   210.180266 2PiTHz 1115.812867 cm-1   138.343102 meV
             X         Y         Z           dx          dy          dz
      0.757600  0.275888  7.661940            0           0           0  
      3.788000  0.275888  7.661940            0           0           0  
      2.272800  4.293312 10.488280            0           0           0  
      5.303200  4.293312 10.488280            0           0           0  
      0.757600  1.995239 12.648624     0.000000    0.000030    0.004533  
      3.788000  2.024210 12.697098    -0.000000    0.000455    0.004430  
      2.277749  2.641501 15.399969     0.000152    0.001952   -0.000820  
      5.298251  2.641501 15.399969    -0.000151    0.001952   -0.000820  
      2.272800  2.723746  8.125040            0           0           0  
      5.303200  2.723746  8.125040            0           0           0  
      0.757600  1.845454 10.025180            0           0           0  
      3.788000  1.845454 10.025180            0           0           0  
      2.245263  4.174099 13.110786     0.078264    0.177114    0.623303  
      5.330737  4.174099 13.110786    -0.078245    0.177123    0.623331  
      0.757600  0.480168 15.079181    -0.000012   -0.059526   -0.122395  
      3.788000  0.260957 15.365325     0.000044   -0.109344   -0.203347  
      0.757600  3.730889  6.005560            0           0           0  
      3.788000  3.730889  6.005560            0           0           0  
      2.272800  1.446289  7.148020            0           0           0  
      5.303200  1.446289  7.148020            0           0           0  
      5.303200  3.671078  8.495960            0           0           0  
      2.272800  3.671078  8.495960            0           0           0  
      3.788000  0.898122  9.654260            0           0           0  
      0.757600  0.898122  9.654260            0           0           0  
      0.757600  3.122911 11.002200            0           0           0  
      3.788000  3.122911 11.002200            0           0           0  
      5.294256  0.837693 12.158582     0.002008   -0.020279   -0.011622  
      2.281744  0.837693 12.158582    -0.002008   -0.020279   -0.011622  
      2.240833  3.209455 13.466325    -0.003397   -0.001482   -0.039256  
      5.335167  3.209455 13.466325     0.003397   -0.001482   -0.039258  
      0.757600  1.386630 14.620486     0.000000    0.004133    0.008910  
      3.788000  1.552981 14.674304    -0.000001    0.006970    0.008655  
      0.757600  3.684239 15.810118     0.000000    0.000787    0.004079  
      3.788000  3.912004 15.840536    -0.000003   -0.001439    0.011423  
      2.361442  2.021276 16.990149    -0.000183   -0.000669   -0.001363  
      5.214558  2.021276 16.990149     0.000183   -0.000670   -0.001362  
      3.788000  3.178764 17.575471     0.000002   -0.000897   -0.001460  
 
   7 f  =   32.509228 THz   204.261504 2PiTHz 1084.391126 cm-1   134.447304 meV
             X         Y         Z           dx          dy          dz
      0.757600  0.275888  7.661940            0           0           0  
      3.788000  0.275888  7.661940            0           0           0  
      2.272800  4.293312 10.488280            0           0           0  
      5.303200  4.293312 10.488280            0           0           0  
      0.757600  1.995239 12.648624     0.000468   -0.000000   -0.000000  
      3.788000  2.024210 12.697098    -0.000148    0.000000   -0.000000  
      2.277749  2.641501 15.399969    -0.000895   -0.000803   -0.002042  
      5.298251  2.641501 15.399969    -0.000895    0.000803    0.002042  
      2.272800  2.723746  8.125040            0           0           0  
      5.303200  2.723746  8.125040            0           0           0  
      0.757600  1.845454 10.025180            0           0           0  
      3.788000  1.845454 10.025180            0           0           0  
      2.245263  4.174099 13.110786     0.000623   -0.164771   -0.584164  
      5.330737  4.174099 13.110786     0.000568    0.164767    0.584157  
      0.757600  0.480168 15.079181    -0.140953    0.000004    0.000009  
      3.788000  0.260957 15.365325    -0.419597   -0.000003   -0.000005  
      0.757600  3.730889  6.005560            0           0           0  
      3.788000  3.730889  6.005560            0           0           0  
      2.272800  1.446289  7.148020            0           0           0  
      5.303200  1.446289  7.148020            0           0           0  
      5.303200  3.671078  8.495960            0           0           0  
      2.272800  3.671078  8.495960            0           0           0  
      3.788000  0.898122  9.654260            0           0           0  
      0.757600  0.898122  9.654260            0           0           0  
      0.757600  3.122911 11.002200            0           0           0  
      3.788000  3.122911 11.002200            0           0           0  
      5.294256  0.837693 12.158582     0.000050   -0.018747   -0.007637  
      2.281744  0.837693 12.158582     0.000047    0.018747    0.007636  
      2.240833  3.209455 13.466325     0.000261   -0.002656    0.036167  
      5.335167  3.209455 13.466325     0.000263    0.002656   -0.036166  
      0.757600  1.386630 14.620486     0.005746   -0.000000   -0.000000  
      3.788000  1.552981 14.674304     0.006124    0.000000    0.000001  
      0.757600  3.684239 15.810118     0.004403   -0.000000   -0.000001  
      3.788000  3.912004 15.840536     0.024126   -0.000000    0.000001  
      2.361442  2.021276 16.990149    -0.000430   -0.000963    0.004539  
      5.214558  2.021276 16.990149    -0.000431    0.000963   -0.004538  
      3.788000  3.178764 17.575471     0.000407   -0.000000   -0.000000  
 
   8 f  =   32.305447 THz   202.981110 2PiTHz 1077.593719 cm-1   133.604533 meV
             X         Y         Z           dx          dy          dz
      0.757600  0.275888  7.661940            0           0           0  
      3.788000  0.275888  7.661940            0           0           0  
      2.272800  4.293312 10.488280            0           0           0  
      5.303200  4.293312 10.488280            0           0           0  
      0.757600  1.995239 12.648624    -0.000000    0.001225    0.000892  
      3.788000  2.024210 12.697098     0.000000   -0.001312    0.000961  
      2.277749  2.641501 15.399969     0.000407   -0.000440   -0.000302  
      5.298251  2.641501 15.399969    -0.000407   -0.000439   -0.000302  
      2.272800  2.723746  8.125040            0           0           0  
      5.303200  2.723746  8.125040            0           0           0  
      0.757600  1.845454 10.025180            0           0           0  
      3.788000  1.845454 10.025180            0           0           0  
      2.245263  4.174099 13.110786    -0.662989    0.022929    0.087877  
      5.330737  4.174099 13.110786     0.662898    0.022946    0.087920  
      0.757600  0.480168 15.079181     0.000045   -0.070564   -0.155785  
      3.788000  0.260957 15.365325    -0.000036    0.087412    0.166051  
      0.757600  3.730889  6.005560            0           0           0  
      3.788000  3.730889  6.005560            0           0           0  
      2.272800  1.446289  7.148020            0           0           0  
      5.303200  1.446289  7.148020            0           0           0  
      5.303200  3.671078  8.495960            0           0           0  
      2.272800  3.671078  8.495960            0           0           0  
      3.788000  0.898122  9.654260            0           0           0  
      0.757600  0.898122  9.654260            0           0           0  
      0.757600  3.122911 11.002200            0           0           0  
      3.788000  3.122911 11.002200            0           0           0  
      5.294256  0.837693 12.158582    -0.016757   -0.004519   -0.001130  
      2.281744  0.837693 12.158582     0.016754   -0.004514   -0.001130  
      2.240833  3.209455 13.466325     0.027299    0.001843   -0.006053  
      5.335167  3.209455 13.466325    -0.027304    0.001845   -0.006057  
      0.757600  1.386630 14.620486    -0.000003    0.008311    0.006548  
      3.788000  1.552981 14.674304     0.000002   -0.009149   -0.002359  
      0.757600  3.684239 15.810118    -0.000001    0.001893    0.005002  
      3.788000  3.912004 15.840536     0.000005    0.001346   -0.008420  
      2.361442  2.021276 16.990149    -0.001257    0.000520   -0.000173  
      5.214558  2.021276 16.990149     0.001258    0.000519   -0.000173  
      3.788000  3.178764 17.575471     0.000001    0.001045    0.000117  
 
   9 f  =   30.474097 THz   191.474397 2PiTHz 1016.506453 cm-1   126.030681 meV
             X         Y         Z           dx          dy          dz
      0.757600  0.275888  7.661940            0           0           0  
      3.788000  0.275888  7.661940            0           0           0  
      2.272800  4.293312 10.488280            0           0           0  
      5.303200  4.293312 10.488280            0           0           0  
      0.757600  1.995239 12.648624     0.000670   -0.000000    0.000001  
      3.788000  2.024210 12.697098     0.000293   -0.000000    0.000000  
      2.277749  2.641501 15.399969    -0.001011    0.001144   -0.000392  
      5.298251  2.641501 15.399969    -0.001011   -0.001146    0.000395  
      2.272800  2.723746  8.125040            0           0           0  
      5.303200  2.723746  8.125040            0           0           0  
      0.757600  1.845454 10.025180            0           0           0  
      3.788000  1.845454 10.025180            0           0           0  
      2.245263  4.174099 13.110786     0.600419    0.022346    0.060199  
      5.330737  4.174099 13.110786     0.600430   -0.022321   -0.060115  
      0.757600  0.480168 15.079181    -0.489013    0.000010    0.000018  
      3.788000  0.260957 15.365325    -0.027234    0.000131    0.000249  
      0.757600  3.730889  6.005560            0           0           0  
      3.788000  3.730889  6.005560            0           0           0  
      2.272800  1.446289  7.148020            0           0           0  
      5.303200  1.446289  7.148020            0           0           0  
      5.303200  3.671078  8.495960            0           0           0  
      2.272800  3.671078  8.495960            0           0           0  
      3.788000  0.898122  9.654260            0           0           0  
      0.757600  0.898122  9.654260            0           0           0  
      0.757600  3.122911 11.002200            0           0           0  
      3.788000  3.122911 11.002200            0           0           0  
      5.294256  0.837693 12.158582    -0.015103    0.000734    0.001291  
      2.281744  0.837693 12.158582    -0.015094   -0.000738   -0.001290  
      2.240833  3.209455 13.466325    -0.020728    0.000638   -0.004237  
      5.335167  3.209455 13.466325    -0.020745   -0.000636    0.004232  
      0.757600  1.386630 14.620486     0.018321    0.000002   -0.000001  
      3.788000  1.552981 14.674304    -0.004352   -0.000007   -0.000008  
      0.757600  3.684239 15.810118     0.014006   -0.000001    0.000000  
      3.788000  3.912004 15.840536     0.000527    0.000002   -0.000014  
      2.361442  2.021276 16.990149    -0.000312   -0.000586   -0.000658  
      5.214558  2.021276 16.990149    -0.000312    0.000592    0.000652  
      3.788000  3.178764 17.575471     0.000928    0.000002    0.000002  
 
  10 f  =   30.064262 THz   188.899329 2PiTHz 1002.835832 cm-1   124.335741 meV
             X         Y         Z           dx          dy          dz
      0.757600  0.275888  7.661940            0           0           0  
      3.788000  0.275888  7.661940            0           0           0  
      2.272800  4.293312 10.488280            0           0           0  
      5.303200  4.293312 10.488280            0           0           0  
      0.757600  1.995239 12.648624     0.000000   -0.000840    0.001245  
      3.788000  2.024210 12.697098    -0.000000    0.000262    0.001333  
      2.277749  2.641501 15.399969    -0.000014   -0.003212    0.004262  
      5.298251  2.641501 15.399969     0.000015   -0.003211    0.004262  
      2.272800  2.723746  8.125040            0           0           0  
      5.303200  2.723746  8.125040            0           0           0  
      0.757600  1.845454 10.025180            0           0           0  
      3.788000  1.845454 10.025180            0           0           0  
      2.245263  4.174099 13.110786     0.142046    0.046980    0.148013  
      5.330737  4.174099 13.110786    -0.142356    0.046998    0.148062  
      0.757600  0.480168 15.079181     0.000183    0.044438    0.091603  
      3.788000  0.260957 15.365325     0.000020    0.414033    0.818401  
      0.757600  3.730889  6.005560            0           0           0  
      3.788000  3.730889  6.005560            0           0           0  
      2.272800  1.446289  7.148020            0           0           0  
      5.303200  1.446289  7.148020            0           0           0  
      5.303200  3.671078  8.495960            0           0           0  
      2.272800  3.671078  8.495960            0           0           0  
      3.788000  0.898122  9.654260            0           0           0  
      0.757600  0.898122  9.654260            0           0           0  
      0.757600  3.122911 11.002200            0           0           0  
      3.788000  3.122911 11.002200            0           0           0  
      5.294256  0.837693 12.158582     0.004103   -0.006380   -0.001555  
      2.281744  0.837693 12.158582    -0.004094   -0.006379   -0.001553  
      2.240833  3.209455 13.466325    -0.004478    0.004886   -0.009730  
      5.335167  3.209455 13.466325     0.004491    0.004886   -0.009735  
      0.757600  1.386630 14.620486    -0.000006   -0.001600   -0.007531  
      3.788000  1.552981 14.674304     0.000000   -0.019685   -0.029375  
      0.757600  3.684239 15.810118    -0.000005   -0.002928   -0.000740  
      3.788000  3.912004 15.840536    -0.000002    0.000772   -0.040629  
      2.361442  2.021276 16.990149    -0.001853    0.005807   -0.005346  
      5.214558  2.021276 16.990149     0.001852    0.005798   -0.005346  
      3.788000  3.178764 17.575471     0.000002    0.006459    0.004129  
 
  11 f  =   29.444917 THz   185.007868 2PiTHz  982.176702 cm-1   121.774336 meV
             X         Y         Z           dx          dy          dz
      0.757600  0.275888  7.661940            0           0           0  
      3.788000  0.275888  7.661940            0           0           0  
      2.272800  4.293312 10.488280            0           0           0  
      5.303200  4.293312 10.488280            0           0           0  
      0.757600  1.995239 12.648624     0.000052   -0.000000   -0.000000  
      3.788000  2.024210 12.697098     0.000344    0.000000   -0.000000  
      2.277749  2.641501 15.399969    -0.000348    0.001973   -0.000707  
      5.298251  2.641501 15.399969    -0.000347   -0.001973    0.000707  
      2.272800  2.723746  8.125040            0           0           0  
      5.303200  2.723746  8.125040            0           0           0  
      0.757600  1.845454 10.025180            0           0           0  
      3.788000  1.845454 10.025180            0           0           0  
      2.245263  4.174099 13.110786    -0.351248    0.039988    0.117703  
      5.330737  4.174099 13.110786    -0.351241   -0.039981   -0.117680  
      0.757600  0.480168 15.079181    -0.817353    0.000005    0.000006  
      3.788000  0.260957 15.365325    -0.110110    0.000022    0.000043  
      0.757600  3.730889  6.005560            0           0           0  
      3.788000  3.730889  6.005560            0           0           0  
      2.272800  1.446289  7.148020            0           0           0  
      5.303200  1.446289  7.148020            0           0           0  
      5.303200  3.671078  8.495960            0           0           0  
      2.272800  3.671078  8.495960            0           0           0  
      3.788000  0.898122  9.654260            0           0           0  
      0.757600  0.898122  9.654260            0           0           0  
      0.757600  3.122911 11.002200            0           0           0  
      3.788000  3.122911 11.002200            0           0           0  
      5.294256  0.837693 12.158582     0.008784    0.005603    0.000691  
      2.281744  0.837693 12.158582     0.008779   -0.005605   -0.000691  
      2.240833  3.209455 13.466325     0.014490    0.005555   -0.011012  
      5.335167  3.209455 13.466325     0.014497   -0.005554    0.011009  
      0.757600  1.386630 14.620486     0.033701    0.000000   -0.000001  
      3.788000  1.552981 14.674304     0.000912   -0.000001   -0.000002  
      0.757600  3.684239 15.810118     0.022303   -0.000001   -0.000000  
      3.788000  3.912004 15.840536     0.004261    0.000001   -0.000002  
      2.361442  2.021276 16.990149    -0.001233   -0.001057   -0.001221  
      5.214558  2.021276 16.990149    -0.001233    0.001055    0.001223  
      3.788000  3.178764 17.575471     0.001236    0.000000   -0.000000  
 
  12 f  =   27.658959 THz   173.786364 2PiTHz  922.603561 cm-1   114.388211 meV
             X         Y         Z           dx          dy          dz
      0.757600  0.275888  7.661940            0           0           0  
      3.788000  0.275888  7.661940            0           0           0  
      2.272800  4.293312 10.488280            0           0           0  
      5.303200  4.293312 10.488280            0           0           0  
      0.757600  1.995239 12.648624     0.000000    0.000950    0.002458  
      3.788000  2.024210 12.697098    -0.000000   -0.000552    0.000748  
      2.277749  2.641501 15.399969    -0.003009   -0.001792    0.005297  
      5.298251  2.641501 15.399969     0.003009   -0.001792    0.005296  
      2.272800  2.723746  8.125040            0           0           0  
      5.303200  2.723746  8.125040            0           0           0  
      0.757600  1.845454 10.025180            0           0           0  
      3.788000  1.845454 10.025180            0           0           0  
      2.245263  4.174099 13.110786    -0.121828    0.029713    0.083312  
      5.330737  4.174099 13.110786     0.121827    0.029714    0.083306  
      0.757600  0.480168 15.079181     0.000008    0.426285    0.818610  
      3.788000  0.260957 15.365325    -0.000000   -0.053122   -0.095043  
      0.757600  3.730889  6.005560            0           0           0  
      3.788000  3.730889  6.005560            0           0           0  
      2.272800  1.446289  7.148020            0           0           0  
      5.303200  1.446289  7.148020            0           0           0  
      5.303200  3.671078  8.495960            0           0           0  
      2.272800  3.671078  8.495960            0           0           0  
      3.788000  0.898122  9.654260            0           0           0  
      0.757600  0.898122  9.654260            0           0           0  
      0.757600  3.122911 11.002200            0           0           0  
      3.788000  3.122911 11.002200            0           0           0  
      5.294256  0.837693 12.158582    -0.003944   -0.005926   -0.000224  
      2.281744  0.837693 12.158582     0.003943   -0.005925   -0.000224  
      2.240833  3.209455 13.466325     0.005275    0.003706   -0.009118  
      5.335167  3.209455 13.466325    -0.005276    0.003706   -0.009120  
      0.757600  1.386630 14.620486     0.000001    0.003266   -0.063391  
      3.788000  1.552981 14.674304    -0.000000    0.000927    0.003386  
      0.757600  3.684239 15.810118     0.000001   -0.023503   -0.017743  
      3.788000  3.912004 15.840536    -0.000001   -0.002026    0.002729  
      2.361442  2.021276 16.990149     0.004614    0.003692   -0.003834  
      5.214558  2.021276 16.990149    -0.004614    0.003688   -0.003833  
      3.788000  3.178764 17.575471     0.000003   -0.000709    0.004232  
 
  13 f  =   18.926060 THz   118.915942 2PiTHz  631.305406 cm-1    78.271859 meV
             X         Y         Z           dx          dy          dz
      0.757600  0.275888  7.661940            0           0           0  
      3.788000  0.275888  7.661940            0           0           0  
      2.272800  4.293312 10.488280            0           0           0  
      5.303200  4.293312 10.488280            0           0           0  
      0.757600  1.995239 12.648624    -0.000020   -0.004486   -0.000521  
      3.788000  2.024210 12.697098     0.000020   -0.004119   -0.001926  
      2.277749  2.641501 15.399969     0.005461   -0.011590    0.040281  
      5.298251  2.641501 15.399969    -0.005483   -0.011521    0.040072  
      2.272800  2.723746  8.125040            0           0           0  
      5.303200  2.723746  8.125040            0           0           0  
      0.757600  1.845454 10.025180            0           0           0  
      3.788000  1.845454 10.025180            0           0           0  
      2.245263  4.174099 13.110786     0.000732    0.001664   -0.024165  
      5.330737  4.174099 13.110786    -0.000733    0.001603   -0.024052  
      0.757600  0.480168 15.079181     0.000096   -0.027229   -0.076133  
      3.788000  0.260957 15.365325    -0.000157   -0.045533   -0.025284  
      0.757600  3.730889  6.005560            0           0           0  
      3.788000  3.730889  6.005560            0           0           0  
      2.272800  1.446289  7.148020            0           0           0  
      5.303200  1.446289  7.148020            0           0           0  
      5.303200  3.671078  8.495960            0           0           0  
      2.272800  3.671078  8.495960            0           0           0  
      3.788000  0.898122  9.654260            0           0           0  
      0.757600  0.898122  9.654260            0           0           0  
      0.757600  3.122911 11.002200            0           0           0  
      3.788000  3.122911 11.002200            0           0           0  
      5.294256  0.837693 12.158582    -0.002280    0.006637    0.014377  
      2.281744  0.837693 12.158582     0.002278    0.006573    0.014390  
      2.240833  3.209455 13.466325     0.002792    0.008359   -0.014174  
      5.335167  3.209455 13.466325    -0.002777    0.008260   -0.014148  
      0.757600  1.386630 14.620486    -0.000008    0.003366   -0.014123  
      3.788000  1.552981 14.674304    -0.000054    0.037185   -0.018766  
      0.757600  3.684239 15.810118     0.000195   -0.031386    0.021303  
      3.788000  3.912004 15.840536     0.000003   -0.039990    0.009986  
      2.361442  2.021276 16.990149    -0.003601    0.057082   -0.134884  
      5.214558  2.021276 16.990149     0.003546    0.056696   -0.134156  
      3.788000  3.178764 17.575471    -0.000043    0.025528    0.023710  
 
  14 f  =   18.631902 THz   117.067690 2PiTHz  621.493338 cm-1    77.055319 meV
             X         Y         Z           dx          dy          dz
      0.757600  0.275888  7.661940            0           0           0  
      3.788000  0.275888  7.661940            0           0           0  
      2.272800  4.293312 10.488280            0           0           0  
      5.303200  4.293312 10.488280            0           0           0  
      0.757600  1.995239 12.648624    -0.008064    0.000012    0.000001  
      3.788000  2.024210 12.697098     0.008044    0.000012    0.000005  
      2.277749  2.641501 15.399969    -0.004470   -0.012919    0.039149  
      5.298251  2.641501 15.399969    -0.004435    0.012973   -0.039380  
      2.272800  2.723746  8.125040            0           0           0  
      5.303200  2.723746  8.125040            0           0           0  
      0.757600  1.845454 10.025180            0           0           0  
      3.788000  1.845454 10.025180            0           0           0  
      2.245263  4.174099 13.110786     0.002434    0.013286   -0.024580  
      5.330737  4.174099 13.110786     0.002429   -0.013285    0.024716  
      0.757600  0.480168 15.079181     0.036488    0.000064    0.000217  
      3.788000  0.260957 15.365325    -0.053634    0.000158    0.000039  
      0.757600  3.730889  6.005560            0           0           0  
      3.788000  3.730889  6.005560            0           0           0  
      2.272800  1.446289  7.148020            0           0           0  
      5.303200  1.446289  7.148020            0           0           0  
      5.303200  3.671078  8.495960            0           0           0  
      2.272800  3.671078  8.495960            0           0           0  
      3.788000  0.898122  9.654260            0           0           0  
      0.757600  0.898122  9.654260            0           0           0  
      0.757600  3.122911 11.002200            0           0           0  
      3.788000  3.122911 11.002200            0           0           0  
      5.294256  0.837693 12.158582    -0.000685    0.013676   -0.001561  
      2.281744  0.837693 12.158582    -0.000696   -0.013722    0.001479  
      2.240833  3.209455 13.466325     0.001627    0.020162   -0.006574  
      5.335167  3.209455 13.466325     0.001637   -0.020198    0.006665  
      0.757600  1.386630 14.620486    -0.003536   -0.000017    0.000044  
      3.788000  1.552981 14.674304    -0.018804   -0.000125    0.000070  
      0.757600  3.684239 15.810118     0.071451    0.000103   -0.000059  
      3.788000  3.912004 15.840536     0.003291    0.000148   -0.000023  
      2.361442  2.021276 16.990149    -0.009955    0.059097   -0.133083  
      5.214558  2.021276 16.990149    -0.009984   -0.059321    0.133832  
      3.788000  3.178764 17.575471    -0.005508   -0.000097   -0.000052  
 
  15 f  =   17.930786 THz   112.662451 2PiTHz  598.106639 cm-1    74.155739 meV
             X         Y         Z           dx          dy          dz
      0.757600  0.275888  7.661940            0           0           0  
      3.788000  0.275888  7.661940            0           0           0  
      2.272800  4.293312 10.488280            0           0           0  
      5.303200  4.293312 10.488280            0           0           0  
      0.757600  1.995239 12.648624     0.000001   -0.004223    0.000267  
      3.788000  2.024210 12.697098    -0.000002   -0.001871   -0.003669  
      2.277749  2.641501 15.399969    -0.011670   -0.013002    0.001069  
      5.298251  2.641501 15.399969     0.011672   -0.013005    0.001084  
      2.272800  2.723746  8.125040            0           0           0  
      5.303200  2.723746  8.125040            0           0           0  
      0.757600  1.845454 10.025180            0           0           0  
      3.788000  1.845454 10.025180            0           0           0  
      2.245263  4.174099 13.110786     0.001898    0.034114   -0.026384  
      5.330737  4.174099 13.110786    -0.001903    0.034127   -0.026401  
      0.757600  0.480168 15.079181    -0.000003   -0.006247   -0.015855  
      3.788000  0.260957 15.365325     0.000005    0.148835   -0.147405  
      0.757600  3.730889  6.005560            0           0           0  
      3.788000  3.730889  6.005560            0           0           0  
      2.272800  1.446289  7.148020            0           0           0  
      5.303200  1.446289  7.148020            0           0           0  
      5.303200  3.671078  8.495960            0           0           0  
      2.272800  3.671078  8.495960            0           0           0  
      3.788000  0.898122  9.654260            0           0           0  
      0.757600  0.898122  9.654260            0           0           0  
      0.757600  3.122911 11.002200            0           0           0  
      3.788000  3.122911 11.002200            0           0           0  
      5.294256  0.837693 12.158582     0.005556   -0.017548   -0.009426  
      2.281744  0.837693 12.158582    -0.005554   -0.017542   -0.009426  
      2.240833  3.209455 13.466325    -0.012407    0.036047   -0.005930  
      5.335167  3.209455 13.466325     0.012409    0.036064   -0.005936  
      0.757600  1.386630 14.620486     0.000000    0.006946    0.004398  
      3.788000  1.552981 14.674304     0.000004   -0.080397    0.052015  
      0.757600  3.684239 15.810118    -0.000013   -0.008112    0.004655  
      3.788000  3.912004 15.840536    -0.000002    0.144365   -0.052197  
      2.361442  2.021276 16.990149    -0.011784   -0.006800   -0.028068  
      5.214558  2.021276 16.990149     0.011785   -0.006800   -0.028111  
      3.788000  3.178764 17.575471     0.000023   -0.008010    0.222129  
 
  16 f  =   16.517778 THz   103.784261 2PiTHz  550.973774 cm-1    68.312011 meV
             X         Y         Z           dx          dy          dz
      0.757600  0.275888  7.661940            0           0           0  
      3.788000  0.275888  7.661940            0           0           0  
      2.272800  4.293312 10.488280            0           0           0  
      5.303200  4.293312 10.488280            0           0           0  
      0.757600  1.995239 12.648624    -0.000002    0.004039    0.006129  
      3.788000  2.024210 12.697098     0.000002    0.005444    0.005138  
      2.277749  2.641501 15.399969    -0.007491    0.004814   -0.006632  
      5.298251  2.641501 15.399969     0.007490    0.004816   -0.006640  
      2.272800  2.723746  8.125040            0           0           0  
      5.303200  2.723746  8.125040            0           0           0  
      0.757600  1.845454 10.025180            0           0           0  
      3.788000  1.845454 10.025180            0           0           0  
      2.245263  4.174099 13.110786     0.001168   -0.090702    0.091828  
      5.330737  4.174099 13.110786    -0.001174   -0.090708    0.091844  
      0.757600  0.480168 15.079181     0.000005    0.048913   -0.056678  
      3.788000  0.260957 15.365325    -0.000005    0.012986   -0.027915  
      0.757600  3.730889  6.005560            0           0           0  
      3.788000  3.730889  6.005560            0           0           0  
      2.272800  1.446289  7.148020            0           0           0  
      5.303200  1.446289  7.148020            0           0           0  
      5.303200  3.671078  8.495960            0           0           0  
      2.272800  3.671078  8.495960            0           0           0  
      3.788000  0.898122  9.654260            0           0           0  
      0.757600  0.898122  9.654260            0           0           0  
      0.757600  3.122911 11.002200            0           0           0  
      3.788000  3.122911 11.002200            0           0           0  
      5.294256  0.837693 12.158582     0.003347    0.090492    0.054725  
      2.281744  0.837693 12.158582    -0.003351    0.090483    0.054725  
      2.240833  3.209455 13.466325     0.006751   -0.099855    0.004568  
      5.335167  3.209455 13.466325    -0.006751   -0.099864    0.004574  
      0.757600  1.386630 14.620486    -0.000001    0.043510   -0.037141  
      3.788000  1.552981 14.674304     0.000001    0.012133   -0.057231  
      0.757600  3.684239 15.810118     0.000006   -0.026313   -0.000026  
      3.788000  3.912004 15.840536     0.000001    0.016674   -0.021307  
      2.361442  2.021276 16.990149    -0.014343   -0.010933    0.002306  
      5.214558  2.021276 16.990149     0.014340   -0.010929    0.002323  
      3.788000  3.178764 17.575471     0.000005    0.020463    0.139924  
 
  17 f  =   16.212964 THz   101.869059 2PiTHz  540.806276 cm-1    67.051402 meV
             X         Y         Z           dx          dy          dz
      0.757600  0.275888  7.661940            0           0           0  
      3.788000  0.275888  7.661940            0           0           0  
      2.272800  4.293312 10.488280            0           0           0  
      5.303200  4.293312 10.488280            0           0           0  
      0.757600  1.995239 12.648624     0.000002    0.013518    0.010860  
      3.788000  2.024210 12.697098    -0.000002    0.008591    0.009562  
      2.277749  2.641501 15.399969    -0.002157    0.002703   -0.012952  
      5.298251  2.641501 15.399969     0.002156    0.002705   -0.012960  
      2.272800  2.723746  8.125040            0           0           0  
      5.303200  2.723746  8.125040            0           0           0  
      0.757600  1.845454 10.025180            0           0           0  
      3.788000  1.845454 10.025180            0           0           0  
      2.245263  4.174099 13.110786     0.026858   -0.041655    0.010790  
      5.330737  4.174099 13.110786    -0.026868   -0.041647    0.010774  
      0.757600  0.480168 15.079181    -0.000002    0.048069   -0.004784  
      3.788000  0.260957 15.365325    -0.000003   -0.049378    0.029507  
      0.757600  3.730889  6.005560            0           0           0  
      3.788000  3.730889  6.005560            0           0           0  
      2.272800  1.446289  7.148020            0           0           0  
      5.303200  1.446289  7.148020            0           0           0  
      5.303200  3.671078  8.495960            0           0           0  
      2.272800  3.671078  8.495960            0           0           0  
      3.788000  0.898122  9.654260            0           0           0  
      0.757600  0.898122  9.654260            0           0           0  
      0.757600  3.122911 11.002200            0           0           0  
      3.788000  3.122911 11.002200            0           0           0  
      5.294256  0.837693 12.158582    -0.035877   -0.065193   -0.076550  
      2.281744  0.837693 12.158582     0.035880   -0.065170   -0.076529  
      2.240833  3.209455 13.466325     0.018899   -0.023137    0.065051  
      5.335167  3.209455 13.466325    -0.018887   -0.023128    0.065057  
      0.757600  1.386630 14.620486    -0.000001    0.055982    0.025756  
      3.788000  1.552981 14.674304    -0.000004    0.075455   -0.011039  
      0.757600  3.684239 15.810118    -0.000001   -0.041986   -0.007346  
      3.788000  3.912004 15.840536     0.000004   -0.057443   -0.035739  
      2.361442  2.021276 16.990149    -0.015622   -0.006922   -0.008768  
      5.214558  2.021276 16.990149     0.015628   -0.006927   -0.008745  
      3.788000  3.178764 17.575471    -0.000038    0.044264    0.149719  
 
  18 f  =   15.880942 THz    99.782901 2PiTHz  529.731201 cm-1    65.678269 meV
             X         Y         Z           dx          dy          dz
      0.757600  0.275888  7.661940            0           0           0  
      3.788000  0.275888  7.661940            0           0           0  
      2.272800  4.293312 10.488280            0           0           0  
      5.303200  4.293312 10.488280            0           0           0  
      0.757600  1.995239 12.648624    -0.000039   -0.001660   -0.012864  
      3.788000  2.024210 12.697098     0.000033   -0.006481    0.002069  
      2.277749  2.641501 15.399969     0.022945   -0.002186   -0.001975  
      5.298251  2.641501 15.399969    -0.022947   -0.002178   -0.001988  
      2.272800  2.723746  8.125040            0           0           0  
      5.303200  2.723746  8.125040            0           0           0  
      0.757600  1.845454 10.025180            0           0           0  
      3.788000  1.845454 10.025180            0           0           0  
      2.245263  4.174099 13.110786    -0.005252    0.032396   -0.003313  
      5.330737  4.174099 13.110786     0.005285    0.032098   -0.002931  
      0.757600  0.480168 15.079181    -0.000011   -0.096050    0.122048  
      3.788000  0.260957 15.365325     0.000018   -0.043515   -0.005542  
      0.757600  3.730889  6.005560            0           0           0  
      3.788000  3.730889  6.005560            0           0           0  
      2.272800  1.446289  7.148020            0           0           0  
      5.303200  1.446289  7.148020            0           0           0  
      5.303200  3.671078  8.495960            0           0           0  
      2.272800  3.671078  8.495960            0           0           0  
      3.788000  0.898122  9.654260            0           0           0  
      0.757600  0.898122  9.654260            0           0           0  
      0.757600  3.122911 11.002200            0           0           0  
      3.788000  3.122911 11.002200            0           0           0  
      5.294256  0.837693 12.158582     0.006251    0.008048    0.021007  
      2.281744  0.837693 12.158582    -0.006226    0.007697    0.020799  
      2.240833  3.209455 13.466325     0.026130    0.023398   -0.018650  
      5.335167  3.209455 13.466325    -0.026149    0.023078   -0.018605  
      0.757600  1.386630 14.620486    -0.000050   -0.123407    0.004085  
      3.788000  1.552981 14.674304     0.000072    0.071308   -0.017677  
      0.757600  3.684239 15.810118    -0.000002    0.119008    0.024139  
      3.788000  3.912004 15.840536    -0.000004   -0.045093   -0.044308  
      2.361442  2.021276 16.990149    -0.016264   -0.022606    0.008190  
      5.214558  2.021276 16.990149     0.016269   -0.022580    0.008110  
      3.788000  3.178764 17.575471     0.000005    0.045523    0.164627  
 
  19 f  =   15.806075 THz    99.312499 2PiTHz  527.233914 cm-1    65.368645 meV
             X         Y         Z           dx          dy          dz
      0.757600  0.275888  7.661940            0           0           0  
      3.788000  0.275888  7.661940            0           0           0  
      2.272800  4.293312 10.488280            0           0           0  
      5.303200  4.293312 10.488280            0           0           0  
      0.757600  1.995239 12.648624     0.024223   -0.000002   -0.000020  
      3.788000  2.024210 12.697098    -0.020326   -0.000010    0.000004  
      2.277749  2.641501 15.399969     0.000585    0.001769   -0.001663  
      5.298251  2.641501 15.399969     0.000508   -0.001781    0.001646  
      2.272800  2.723746  8.125040            0           0           0  
      5.303200  2.723746  8.125040            0           0           0  
      0.757600  1.845454 10.025180            0           0           0  
      3.788000  1.845454 10.025180            0           0           0  
      2.245263  4.174099 13.110786    -0.011413   -0.086108    0.107936  
      5.330737  4.174099 13.110786    -0.011399    0.086197   -0.107919  
      0.757600  0.480168 15.079181     0.003702   -0.000159    0.000197  
      3.788000  0.260957 15.365325    -0.004331   -0.000063   -0.000008  
      0.757600  3.730889  6.005560            0           0           0  
      3.788000  3.730889  6.005560            0           0           0  
      2.272800  1.446289  7.148020            0           0           0  
      5.303200  1.446289  7.148020            0           0           0  
      5.303200  3.671078  8.495960            0           0           0  
      2.272800  3.671078  8.495960            0           0           0  
      3.788000  0.898122  9.654260            0           0           0  
      0.757600  0.898122  9.654260            0           0           0  
      0.757600  3.122911 11.002200            0           0           0  
      3.788000  3.122911 11.002200            0           0           0  
      5.294256  0.837693 12.158582    -0.008041   -0.111927   -0.068984  
      2.281744  0.837693 12.158582    -0.008069    0.111971    0.069062  
      2.240833  3.209455 13.466325     0.003685   -0.093801    0.005893  
      5.335167  3.209455 13.466325     0.003611    0.093857   -0.005945  
      0.757600  1.386630 14.620486     0.028984   -0.000206   -0.000006  
      3.788000  1.552981 14.674304    -0.040902    0.000110   -0.000022  
      0.757600  3.684239 15.810118     0.001682    0.000217    0.000043  
      3.788000  3.912004 15.840536     0.005021   -0.000062   -0.000066  
      2.361442  2.021276 16.990149    -0.001736    0.009241   -0.026602  
      5.214558  2.021276 16.990149    -0.001699   -0.009281    0.026651  
      3.788000  3.178764 17.575471     0.000955    0.000051    0.000248  
 
  20 f  =   15.221962 THz    95.642406 2PiTHz  507.749990 cm-1    62.952947 meV
             X         Y         Z           dx          dy          dz
      0.757600  0.275888  7.661940            0           0           0  
      3.788000  0.275888  7.661940            0           0           0  
      2.272800  4.293312 10.488280            0           0           0  
      5.303200  4.293312 10.488280            0           0           0  
      0.757600  1.995239 12.648624    -0.000001   -0.008214    0.004945  
      3.788000  2.024210 12.697098     0.000003    0.013657    0.002618  
      2.277749  2.641501 15.399969     0.010543   -0.005475   -0.007172  
      5.298251  2.641501 15.399969    -0.010543   -0.005476   -0.007171  
      2.272800  2.723746  8.125040            0           0           0  
      5.303200  2.723746  8.125040            0           0           0  
      0.757600  1.845454 10.025180            0           0           0  
      3.788000  1.845454 10.025180            0           0           0  
      2.245263  4.174099 13.110786    -0.078355   -0.022757    0.012249  
      5.330737  4.174099 13.110786     0.078389   -0.022749    0.012234  
      0.757600  0.480168 15.079181    -0.000001    0.037858   -0.049816  
      3.788000  0.260957 15.365325    -0.000005   -0.010513    0.049200  
      0.757600  3.730889  6.005560            0           0           0  
      3.788000  3.730889  6.005560            0           0           0  
      2.272800  1.446289  7.148020            0           0           0  
      5.303200  1.446289  7.148020            0           0           0  
      5.303200  3.671078  8.495960            0           0           0  
      2.272800  3.671078  8.495960            0           0           0  
      3.788000  0.898122  9.654260            0           0           0  
      0.757600  0.898122  9.654260            0           0           0  
      0.757600  3.122911 11.002200            0           0           0  
      3.788000  3.122911 11.002200            0           0           0  
      5.294256  0.837693 12.158582     0.145895   -0.006740   -0.020336  
      2.281744  0.837693 12.158582    -0.145905   -0.006762   -0.020354  
      2.240833  3.209455 13.466325    -0.035342   -0.016605    0.020428  
      5.335167  3.209455 13.466325     0.035331   -0.016600    0.020409  
      0.757600  1.386630 14.620486    -0.000001    0.032325   -0.048295  
      3.788000  1.552981 14.674304    -0.000001    0.024243    0.073558  
      0.757600  3.684239 15.810118     0.000004    0.023237    0.011196  
      3.788000  3.912004 15.840536    -0.000003   -0.031300   -0.011033  
      2.361442  2.021276 16.990149     0.007990    0.003828   -0.007588  
      5.214558  2.021276 16.990149    -0.007992    0.003829   -0.007586  
      3.788000  3.178764 17.575471     0.000011    0.004299    0.017046  
 
  21 f  =   14.704191 THz    92.389159 2PiTHz  490.479026 cm-1    60.811621 meV
             X         Y         Z           dx          dy          dz
      0.757600  0.275888  7.661940            0           0           0  
      3.788000  0.275888  7.661940            0           0           0  
      2.272800  4.293312 10.488280            0           0           0  
      5.303200  4.293312 10.488280            0           0           0  
      0.757600  1.995239 12.648624     0.000005   -0.020490   -0.013161  
      3.788000  2.024210 12.697098    -0.000002   -0.014525   -0.014324  
      2.277749  2.641501 15.399969    -0.013540    0.021958    0.001695  
      5.298251  2.641501 15.399969     0.013535    0.021961    0.001659  
      2.272800  2.723746  8.125040            0           0           0  
      5.303200  2.723746  8.125040            0           0           0  
      0.757600  1.845454 10.025180            0           0           0  
      3.788000  1.845454 10.025180            0           0           0  
      2.245263  4.174099 13.110786    -0.014710    0.072713   -0.036327  
      5.330737  4.174099 13.110786     0.014715    0.072655   -0.036251  
      0.757600  0.480168 15.079181     0.000008    0.010018   -0.028846  
      3.788000  0.260957 15.365325     0.000017   -0.066974    0.034659  
      0.757600  3.730889  6.005560            0           0           0  
      3.788000  3.730889  6.005560            0           0           0  
      2.272800  1.446289  7.148020            0           0           0  
      5.303200  1.446289  7.148020            0           0           0  
      5.303200  3.671078  8.495960            0           0           0  
      2.272800  3.671078  8.495960            0           0           0  
      3.788000  0.898122  9.654260            0           0           0  
      0.757600  0.898122  9.654260            0           0           0  
      0.757600  3.122911 11.002200            0           0           0  
      3.788000  3.122911 11.002200            0           0           0  
      5.294256  0.837693 12.158582     0.027220    0.015859    0.040532  
      2.281744  0.837693 12.158582    -0.027240    0.015928    0.040612  
      2.240833  3.209455 13.466325    -0.010989    0.067659   -0.034354  
      5.335167  3.209455 13.466325     0.010979    0.067617   -0.034255  
      0.757600  1.386630 14.620486    -0.000005    0.028278    0.043562  
      3.788000  1.552981 14.674304     0.000010    0.001767    0.012167  
      0.757600  3.684239 15.810118     0.000011   -0.116292   -0.048478  
      3.788000  3.912004 15.840536     0.000021   -0.085966   -0.009877  
      2.361442  2.021276 16.990149    -0.024633   -0.029340    0.023170  
      5.214558  2.021276 16.990149     0.024659   -0.029303    0.023207  
      3.788000  3.178764 17.575471    -0.000129    0.089926    0.085702  
 
  22 f  =   14.201839 THz    89.232788 2PiTHz  473.722368 cm-1    58.734062 meV
             X         Y         Z           dx          dy          dz
      0.757600  0.275888  7.661940            0           0           0  
      3.788000  0.275888  7.661940            0           0           0  
      2.272800  4.293312 10.488280            0           0           0  
      5.303200  4.293312 10.488280            0           0           0  
      0.757600  1.995239 12.648624    -0.008541   -0.000013   -0.000008  
      3.788000  2.024210 12.697098     0.002827   -0.000016   -0.000012  
      2.277749  2.641501 15.399969     0.003772    0.001145   -0.014466  
      5.298251  2.641501 15.399969     0.003778   -0.001134    0.014450  
      2.272800  2.723746  8.125040            0           0           0  
      5.303200  2.723746  8.125040            0           0           0  
      0.757600  1.845454 10.025180            0           0           0  
      3.788000  1.845454 10.025180            0           0           0  
      2.245263  4.174099 13.110786     0.003171   -0.090919    0.102349  
      5.330737  4.174099 13.110786     0.003168    0.091017   -0.102338  
      0.757600  0.480168 15.079181    -0.001162    0.000008   -0.000015  
      3.788000  0.260957 15.365325    -0.024363   -0.000046    0.000033  
      0.757600  3.730889  6.005560            0           0           0  
      3.788000  3.730889  6.005560            0           0           0  
      2.272800  1.446289  7.148020            0           0           0  
      5.303200  1.446289  7.148020            0           0           0  
      5.303200  3.671078  8.495960            0           0           0  
      2.272800  3.671078  8.495960            0           0           0  
      3.788000  0.898122  9.654260            0           0           0  
      0.757600  0.898122  9.654260            0           0           0  
      0.757600  3.122911 11.002200            0           0           0  
      3.788000  3.122911 11.002200            0           0           0  
      5.294256  0.837693 12.158582     0.011660    0.053505    0.067894  
      2.281744  0.837693 12.158582     0.011700   -0.053469   -0.067815  
      2.240833  3.209455 13.466325     0.010926   -0.072252    0.110032  
      5.335167  3.209455 13.466325     0.010950    0.072343   -0.110033  
      0.757600  1.386630 14.620486     0.027895    0.000023    0.000019  
      3.788000  1.552981 14.674304    -0.067450    0.000028    0.000025  
      0.757600  3.684239 15.810118    -0.008760   -0.000030   -0.000031  
      3.788000  3.912004 15.840536    -0.000653   -0.000061   -0.000018  
      2.361442  2.021276 16.990149    -0.009457    0.000180   -0.025145  
      5.214558  2.021276 16.990149    -0.009463   -0.000166    0.025187  
      3.788000  3.178764 17.575471     0.058953    0.000017    0.000079  
 
  23 f  =   13.593580 THz    85.410980 2PiTHz  453.433011 cm-1    56.218503 meV
             X         Y         Z           dx          dy          dz
      0.757600  0.275888  7.661940            0           0           0  
      3.788000  0.275888  7.661940            0           0           0  
      2.272800  4.293312 10.488280            0           0           0  
      5.303200  4.293312 10.488280            0           0           0  
      0.757600  1.995239 12.648624    -0.000005   -0.025330    0.004841  
      3.788000  2.024210 12.697098     0.000007   -0.025105   -0.005662  
      2.277749  2.641501 15.399969     0.007882   -0.032027   -0.005740  
      5.298251  2.641501 15.399969    -0.007866   -0.032014   -0.005744  
      2.272800  2.723746  8.125040            0           0           0  
      5.303200  2.723746  8.125040            0           0           0  
      0.757600  1.845454 10.025180            0           0           0  
      3.788000  1.845454 10.025180            0           0           0  
      2.245263  4.174099 13.110786     0.028866    0.050171   -0.003579  
      5.330737  4.174099 13.110786    -0.028871    0.050072   -0.003473  
      0.757600  0.480168 15.079181     0.000002    0.107353   -0.097388  
      3.788000  0.260957 15.365325     0.000001   -0.007795   -0.000523  
      0.757600  3.730889  6.005560            0           0           0  
      3.788000  3.730889  6.005560            0           0           0  
      2.272800  1.446289  7.148020            0           0           0  
      5.303200  1.446289  7.148020            0           0           0  
      5.303200  3.671078  8.495960            0           0           0  
      2.272800  3.671078  8.495960            0           0           0  
      3.788000  0.898122  9.654260            0           0           0  
      0.757600  0.898122  9.654260            0           0           0  
      0.757600  3.122911 11.002200            0           0           0  
      3.788000  3.122911 11.002200            0           0           0  
      5.294256  0.837693 12.158582    -0.030114    0.019114    0.030377  
      2.281744  0.837693 12.158582     0.030110    0.019144    0.030445  
      2.240833  3.209455 13.466325     0.005340    0.053310   -0.003839  
      5.335167  3.209455 13.466325    -0.005338    0.053228   -0.003739  
      0.757600  1.386630 14.620486    -0.000001    0.127497   -0.040305  
      3.788000  1.552981 14.674304    -0.000006    0.088194    0.013140  
      0.757600  3.684239 15.810118    -0.000039    0.036705    0.024142  
      3.788000  3.912004 15.840536     0.000007   -0.001583   -0.045362  
      2.361442  2.021276 16.990149     0.026487    0.015283    0.030684  
      5.214558  2.021276 16.990149    -0.026600    0.015376    0.030701  
      3.788000  3.178764 17.575471     0.000261   -0.109893    0.008888  
 
  24 f  =   13.486998 THz    84.741309 2PiTHz  449.877838 cm-1    55.777718 meV
             X         Y         Z           dx          dy          dz
      0.757600  0.275888  7.661940            0           0           0  
      3.788000  0.275888  7.661940            0           0           0  
      2.272800  4.293312 10.488280            0           0           0  
      5.303200  4.293312 10.488280            0           0           0  
      0.757600  1.995239 12.648624    -0.000197    0.010772    0.008494  
      3.788000  2.024210 12.697098     0.000231   -0.001610   -0.016148  
      2.277749  2.641501 15.399969     0.013039    0.002653   -0.014350  
      5.298251  2.641501 15.399969    -0.012387    0.003196   -0.014304  
      2.272800  2.723746  8.125040            0           0           0  
      5.303200  2.723746  8.125040            0           0           0  
      0.757600  1.845454 10.025180            0           0           0  
      3.788000  1.845454 10.025180            0           0           0  
      2.245263  4.174099 13.110786    -0.011242   -0.015247    0.009961  
      5.330737  4.174099 13.110786     0.011394   -0.016958    0.011649  
      0.757600  0.480168 15.079181    -0.000055    0.026523    0.007672  
      3.788000  0.260957 15.365325    -0.000143   -0.022297    0.093221  
      0.757600  3.730889  6.005560            0           0           0  
      3.788000  3.730889  6.005560            0           0           0  
      2.272800  1.446289  7.148020            0           0           0  
      5.303200  1.446289  7.148020            0           0           0  
      5.303200  3.671078  8.495960            0           0           0  
      2.272800  3.671078  8.495960            0           0           0  
      3.788000  0.898122  9.654260            0           0           0  
      0.757600  0.898122  9.654260            0           0           0  
      0.757600  3.122911 11.002200            0           0           0  
      3.788000  3.122911 11.002200            0           0           0  
      5.294256  0.837693 12.158582    -0.071284    0.025679    0.003656  
      2.281744  0.837693 12.158582     0.071216    0.025797    0.005162  
      2.240833  3.209455 13.466325    -0.074844   -0.016990   -0.007248  
      5.335167  3.209455 13.466325     0.074867   -0.018385   -0.005729  
      0.757600  1.386630 14.620486     0.000355    0.017303   -0.016414  
      3.788000  1.552981 14.674304    -0.001157   -0.055413    0.134467  
      0.757600  3.684239 15.810118    -0.001629    0.045424    0.021836  
      3.788000  3.912004 15.840536     0.000400   -0.072672    0.018614  
      2.361442  2.021276 16.990149     0.006314   -0.007796   -0.021383  
      5.214558  2.021276 16.990149    -0.010067   -0.005213   -0.020139  
      3.788000  3.178764 17.575471     0.009130    0.084010    0.036836  
 
  25 f  =   13.481034 THz    84.703836 2PiTHz  449.678899 cm-1    55.753053 meV
             X         Y         Z           dx          dy          dz
      0.757600  0.275888  7.661940            0           0           0  
      3.788000  0.275888  7.661940            0           0           0  
      2.272800  4.293312 10.488280            0           0           0  
      5.303200  4.293312 10.488280            0           0           0  
      0.757600  1.995239 12.648624     0.007064    0.000303    0.000288  
      3.788000  2.024210 12.697098    -0.008112   -0.000053   -0.000441  
      2.277749  2.641501 15.399969    -0.011033    0.009516    0.000485  
      5.298251  2.641501 15.399969    -0.011790   -0.009407   -0.001304  
      2.272800  2.723746  8.125040            0           0           0  
      5.303200  2.723746  8.125040            0           0           0  
      0.757600  1.845454 10.025180            0           0           0  
      3.788000  1.845454 10.025180            0           0           0  
      2.245263  4.174099 13.110786    -0.002970   -0.029791    0.028655  
      5.330737  4.174099 13.110786    -0.002355    0.028906   -0.028475  
      0.757600  0.480168 15.079181     0.001752    0.000917    0.000062  
      3.788000  0.260957 15.365325     0.005331   -0.000698    0.002645  
      0.757600  3.730889  6.005560            0           0           0  
      3.788000  3.730889  6.005560            0           0           0  
      2.272800  1.446289  7.148020            0           0           0  
      5.303200  1.446289  7.148020            0           0           0  
      5.303200  3.671078  8.495960            0           0           0  
      2.272800  3.671078  8.495960            0           0           0  
      3.788000  0.898122  9.654260            0           0           0  
      0.757600  0.898122  9.654260            0           0           0  
      0.757600  3.122911 11.002200            0           0           0  
      3.788000  3.122911 11.002200            0           0           0  
      5.294256  0.837693 12.158582    -0.001166    0.002581    0.026223  
      2.281744  0.837693 12.158582     0.002988   -0.001116   -0.026084  
      2.240833  3.209455 13.466325    -0.002803   -0.024422    0.025331  
      5.335167  3.209455 13.466325     0.001564    0.023436   -0.026051  
      0.757600  1.386630 14.620486    -0.012651    0.000644   -0.000583  
      3.788000  1.552981 14.674304     0.041257   -0.001567    0.003796  
      0.757600  3.684239 15.810118     0.057012    0.001356    0.000807  
      3.788000  3.912004 15.840536    -0.014013   -0.002109    0.000500  
      2.361442  2.021276 16.990149     0.065410    0.044759    0.021224  
      5.214558  2.021276 16.990149     0.064978   -0.045080   -0.022235  
      3.788000  3.178764 17.575471    -0.316507    0.002320    0.001119  
 
  26 f  =   12.859482 THz    80.798507 2PiTHz  428.946140 cm-1    53.182519 meV
             X         Y         Z           dx          dy          dz
      0.757600  0.275888  7.661940            0           0           0  
      3.788000  0.275888  7.661940            0           0           0  
      2.272800  4.293312 10.488280            0           0           0  
      5.303200  4.293312 10.488280            0           0           0  
      0.757600  1.995239 12.648624     0.028094   -0.000146   -0.000548  
      3.788000  2.024210 12.697098    -0.019029   -0.000134   -0.000451  
      2.277749  2.641501 15.399969    -0.024300    0.015171   -0.003152  
      5.298251  2.641501 15.399969    -0.023926   -0.014971    0.002534  
      2.272800  2.723746  8.125040            0           0           0  
      5.303200  2.723746  8.125040            0           0           0  
      0.757600  1.845454 10.025180            0           0           0  
      3.788000  1.845454 10.025180            0           0           0  
      2.245263  4.174099 13.110786    -0.019182   -0.020318    0.032467  
      5.330737  4.174099 13.110786    -0.019964    0.020535   -0.026766  
      0.757600  0.480168 15.079181     0.019069   -0.000948    0.001853  
      3.788000  0.260957 15.365325     0.026708    0.000781    0.000496  
      0.757600  3.730889  6.005560            0           0           0  
      3.788000  3.730889  6.005560            0           0           0  
      2.272800  1.446289  7.148020            0           0           0  
      5.303200  1.446289  7.148020            0           0           0  
      5.303200  3.671078  8.495960            0           0           0  
      2.272800  3.671078  8.495960            0           0           0  
      3.788000  0.898122  9.654260            0           0           0  
      0.757600  0.898122  9.654260            0           0           0  
      0.757600  3.122911 11.002200            0           0           0  
      3.788000  3.122911 11.002200            0           0           0  
      5.294256  0.837693 12.158582    -0.019497   -0.018838    0.033805  
      2.281744  0.837693 12.158582    -0.019560    0.020258   -0.032290  
      2.240833  3.209455 13.466325    -0.018027   -0.011852    0.026931  
      5.335167  3.209455 13.466325    -0.019879    0.012241   -0.022908  
      0.757600  1.386630 14.620486    -0.039163   -0.001099    0.001143  
      3.788000  1.552981 14.674304     0.143268    0.000344    0.001749  
      0.757600  3.684239 15.810118     0.117910   -0.000608   -0.000333  
      3.788000  3.912004 15.840536    -0.035194    0.000110   -0.000410  
      2.361442  2.021276 16.990149    -0.016905   -0.019200   -0.003918  
      5.214558  2.021276 16.990149    -0.017988    0.020167    0.002907  
      3.788000  3.178764 17.575471     0.145040   -0.001376   -0.000578  
 
  27 f  =   12.837473 THz    80.660223 2PiTHz  428.212013 cm-1    53.091499 meV
             X         Y         Z           dx          dy          dz
      0.757600  0.275888  7.661940            0           0           0  
      3.788000  0.275888  7.661940            0           0           0  
      2.272800  4.293312 10.488280            0           0           0  
      5.303200  4.293312 10.488280            0           0           0  
      0.757600  1.995239 12.648624     0.000550    0.007121    0.027042  
      3.788000  2.024210 12.697098    -0.000358    0.006315    0.022479  
      2.277749  2.641501 15.399969     0.008986   -0.004636    0.015908  
      5.298251  2.641501 15.399969    -0.009929   -0.005220    0.016002  
      2.272800  2.723746  8.125040            0           0           0  
      5.303200  2.723746  8.125040            0           0           0  
      0.757600  1.845454 10.025180            0           0           0  
      3.788000  1.845454 10.025180            0           0           0  
      2.245263  4.174099 13.110786    -0.021316   -0.004862   -0.139487  
      5.330737  4.174099 13.110786     0.020538   -0.004081   -0.140627  
      0.757600  0.480168 15.079181     0.000412    0.046341   -0.094299  
      3.788000  0.260957 15.365325     0.000524   -0.039485   -0.025923  
      0.757600  3.730889  6.005560            0           0           0  
      3.788000  3.730889  6.005560            0           0           0  
      2.272800  1.446289  7.148020            0           0           0  
      5.303200  1.446289  7.148020            0           0           0  
      5.303200  3.671078  8.495960            0           0           0  
      2.272800  3.671078  8.495960            0           0           0  
      3.788000  0.898122  9.654260            0           0           0  
      0.757600  0.898122  9.654260            0           0           0  
      0.757600  3.122911 11.002200            0           0           0  
      3.788000  3.122911 11.002200            0           0           0  
      5.294256  0.837693 12.158582    -0.001793   -0.036971   -0.035764  
      2.281744  0.837693 12.158582     0.000967   -0.036204   -0.037028  
      2.240833  3.209455 13.466325    -0.048608   -0.008849   -0.097359  
      5.335167  3.209455 13.466325     0.047836   -0.008395   -0.098321  
      0.757600  1.386630 14.620486    -0.000742    0.055015   -0.057381  
      3.788000  1.552981 14.674304     0.002782   -0.016555   -0.090930  
      0.757600  3.684239 15.810118     0.002317    0.030961    0.011348  
      3.788000  3.912004 15.840536    -0.000669   -0.004776    0.021309  
      2.361442  2.021276 16.990149    -0.027595   -0.025730    0.024569  
      5.214558  2.021276 16.990149     0.026701   -0.024721    0.024812  
      3.788000  3.178764 17.575471     0.003262    0.071992    0.029060  
 
  28 f  =   12.074381 THz    75.865572 2PiTHz  402.757991 cm-1    49.935604 meV
             X         Y         Z           dx          dy          dz
      0.757600  0.275888  7.661940            0           0           0  
      3.788000  0.275888  7.661940            0           0           0  
      2.272800  4.293312 10.488280            0           0           0  
      5.303200  4.293312 10.488280            0           0           0  
      0.757600  1.995239 12.648624     0.000035    0.010401    0.012289  
      3.788000  2.024210 12.697098     0.000004    0.011338    0.012228  
      2.277749  2.641501 15.399969    -0.009414    0.007395   -0.007587  
      5.298251  2.641501 15.399969     0.009415    0.007394   -0.007560  
      2.272800  2.723746  8.125040            0           0           0  
      5.303200  2.723746  8.125040            0           0           0  
      0.757600  1.845454 10.025180            0           0           0  
      3.788000  1.845454 10.025180            0           0           0  
      2.245263  4.174099 13.110786     0.020336   -0.022308   -0.093168  
      5.330737  4.174099 13.110786    -0.020423   -0.022373   -0.093212  
      0.757600  0.480168 15.079181    -0.000001   -0.032283    0.033566  
      3.788000  0.260957 15.365325     0.000008   -0.012482    0.037810  
      0.757600  3.730889  6.005560            0           0           0  
      3.788000  3.730889  6.005560            0           0           0  
      2.272800  1.446289  7.148020            0           0           0  
      5.303200  1.446289  7.148020            0           0           0  
      5.303200  3.671078  8.495960            0           0           0  
      2.272800  3.671078  8.495960            0           0           0  
      3.788000  0.898122  9.654260            0           0           0  
      0.757600  0.898122  9.654260            0           0           0  
      0.757600  3.122911 11.002200            0           0           0  
      3.788000  3.122911 11.002200            0           0           0  
      5.294256  0.837693 12.158582     0.002482    0.015727   -0.038530  
      2.281744  0.837693 12.158582    -0.002643    0.015749   -0.038517  
      2.240833  3.209455 13.466325     0.033946   -0.027292   -0.088228  
      5.335167  3.209455 13.466325    -0.033971   -0.027362   -0.088281  
      0.757600  1.386630 14.620486    -0.000014   -0.031711    0.035546  
      3.788000  1.552981 14.674304     0.000060    0.001023    0.055094  
      0.757600  3.684239 15.810118     0.000004   -0.049230    0.040156  
      3.788000  3.912004 15.840536    -0.000018   -0.044333   -0.022083  
      2.361442  2.021276 16.990149     0.048658    0.045553    0.015292  
      5.214558  2.021276 16.990149    -0.048798    0.045623    0.015319  
      3.788000  3.178764 17.575471     0.000241   -0.176348    0.074296  
 
  29 f  =   12.002926 THz    75.416610 2PiTHz  400.374523 cm-1    49.640092 meV
             X         Y         Z           dx          dy          dz
      0.757600  0.275888  7.661940            0           0           0  
      3.788000  0.275888  7.661940            0           0           0  
      2.272800  4.293312 10.488280            0           0           0  
      5.303200  4.293312 10.488280            0           0           0  
      0.757600  1.995239 12.648624     0.032193   -0.000003   -0.000012  
      3.788000  2.024210 12.697098     0.040619   -0.000008   -0.000009  
      2.277749  2.641501 15.399969     0.002221   -0.002802   -0.003110  
      5.298251  2.641501 15.399969     0.002208    0.002803    0.003117  
      2.272800  2.723746  8.125040            0           0           0  
      5.303200  2.723746  8.125040            0           0           0  
      0.757600  1.845454 10.025180            0           0           0  
      3.788000  1.845454 10.025180            0           0           0  
      2.245263  4.174099 13.110786    -0.068201    0.018670    0.018141  
      5.330737  4.174099 13.110786    -0.068177   -0.018643   -0.017994  
      0.757600  0.480168 15.079181     0.018872   -0.000005   -0.000010  
      3.788000  0.260957 15.365325    -0.006957    0.000011   -0.000031  
      0.757600  3.730889  6.005560            0           0           0  
      3.788000  3.730889  6.005560            0           0           0  
      2.272800  1.446289  7.148020            0           0           0  
      5.303200  1.446289  7.148020            0           0           0  
      5.303200  3.671078  8.495960            0           0           0  
      2.272800  3.671078  8.495960            0           0           0  
      3.788000  0.898122  9.654260            0           0           0  
      0.757600  0.898122  9.654260            0           0           0  
      0.757600  3.122911 11.002200            0           0           0  
      3.788000  3.122911 11.002200            0           0           0  
      5.294256  0.837693 12.158582    -0.154783    0.010988   -0.012346  
      2.281744  0.837693 12.158582    -0.154764   -0.011003    0.012394  
      2.240833  3.209455 13.466325    -0.010642    0.018830    0.025946  
      5.335167  3.209455 13.466325    -0.010572   -0.018797   -0.025814  
      0.757600  1.386630 14.620486     0.031659   -0.000007   -0.000015  
      3.788000  1.552981 14.674304    -0.016877    0.000005   -0.000033  
      0.757600  3.684239 15.810118    -0.009733    0.000013   -0.000025  
      3.788000  3.912004 15.840536     0.002022    0.000023   -0.000005  
      2.361442  2.021276 16.990149     0.002783    0.003038    0.001418  
      5.214558  2.021276 16.990149     0.002815   -0.003052   -0.001426  
      3.788000  3.178764 17.575471    -0.018022    0.000022   -0.000026  
 
  30 f  =   11.823459 THz    74.288984 2PiTHz  394.388142 cm-1    48.897876 meV
             X         Y         Z           dx          dy          dz
      0.757600  0.275888  7.661940            0           0           0  
      3.788000  0.275888  7.661940            0           0           0  
      2.272800  4.293312 10.488280            0           0           0  
      5.303200  4.293312 10.488280            0           0           0  
      0.757600  1.995239 12.648624    -0.000014    0.006376    0.002162  
      3.788000  2.024210 12.697098    -0.000005    0.001985   -0.012467  
      2.277749  2.641501 15.399969    -0.012177    0.020398    0.008997  
      5.298251  2.641501 15.399969     0.012194    0.020406    0.009009  
      2.272800  2.723746  8.125040            0           0           0  
      5.303200  2.723746  8.125040            0           0           0  
      0.757600  1.845454 10.025180            0           0           0  
      3.788000  1.845454 10.025180            0           0           0  
      2.245263  4.174099 13.110786    -0.032427    0.017835    0.030671  
      5.330737  4.174099 13.110786     0.032483    0.017766    0.030680  
      0.757600  0.480168 15.079181     0.000001   -0.056369   -0.124165  
      3.788000  0.260957 15.365325    -0.000038   -0.051780   -0.037026  
      0.757600  3.730889  6.005560            0           0           0  
      3.788000  3.730889  6.005560            0           0           0  
      2.272800  1.446289  7.148020            0           0           0  
      5.303200  1.446289  7.148020            0           0           0  
      5.303200  3.671078  8.495960            0           0           0  
      2.272800  3.671078  8.495960            0           0           0  
      3.788000  0.898122  9.654260            0           0           0  
      0.757600  0.898122  9.654260            0           0           0  
      0.757600  3.122911 11.002200            0           0           0  
      3.788000  3.122911 11.002200            0           0           0  
      5.294256  0.837693 12.158582    -0.009469   -0.039933    0.030897  
      2.281744  0.837693 12.158582     0.009555   -0.039931    0.030952  
      2.240833  3.209455 13.466325    -0.058482    0.014706    0.043609  
      5.335167  3.209455 13.466325     0.058477    0.014649    0.043613  
      0.757600  1.386630 14.620486     0.000005   -0.047086   -0.097593  
      3.788000  1.552981 14.674304    -0.000030   -0.043902   -0.064926  
      0.757600  3.684239 15.810118    -0.000010    0.001901   -0.030497  
      3.788000  3.912004 15.840536    -0.000031   -0.051233   -0.017775  
      2.361442  2.021276 16.990149     0.044203    0.034416    0.019612  
      5.214558  2.021276 16.990149    -0.044182    0.034345    0.019560  
      3.788000  3.178764 17.575471    -0.000042   -0.140357    0.089539  
 
  31 f  =   11.539521 THz    72.504951 2PiTHz  384.917001 cm-1    47.723604 meV
             X         Y         Z           dx          dy          dz
      0.757600  0.275888  7.661940            0           0           0  
      3.788000  0.275888  7.661940            0           0           0  
      2.272800  4.293312 10.488280            0           0           0  
      5.303200  4.293312 10.488280            0           0           0  
      0.757600  1.995239 12.648624    -0.035327   -0.000008    0.000004  
      3.788000  2.024210 12.697098     0.019304    0.000003   -0.000005  
      2.277749  2.641501 15.399969    -0.010921    0.003896   -0.005147  
      5.298251  2.641501 15.399969    -0.010898   -0.003905    0.005128  
      2.272800  2.723746  8.125040            0           0           0  
      5.303200  2.723746  8.125040            0           0           0  
      0.757600  1.845454 10.025180            0           0           0  
      3.788000  1.845454 10.025180            0           0           0  
      2.245263  4.174099 13.110786     0.016925    0.074055    0.094006  
      5.330737  4.174099 13.110786     0.016861   -0.074045   -0.094022  
      0.757600  0.480168 15.079181     0.065430    0.000023   -0.000006  
      3.788000  0.260957 15.365325    -0.058947   -0.000012    0.000029  
      0.757600  3.730889  6.005560            0           0           0  
      3.788000  3.730889  6.005560            0           0           0  
      2.272800  1.446289  7.148020            0           0           0  
      5.303200  1.446289  7.148020            0           0           0  
      5.303200  3.671078  8.495960            0           0           0  
      2.272800  3.671078  8.495960            0           0           0  
      3.788000  0.898122  9.654260            0           0           0  
      0.757600  0.898122  9.654260            0           0           0  
      0.757600  3.122911 11.002200            0           0           0  
      3.788000  3.122911 11.002200            0           0           0  
      5.294256  0.837693 12.158582     0.027315   -0.013321   -0.088651  
      2.281744  0.837693 12.158582     0.027308    0.013325    0.088655  
      2.240833  3.209455 13.466325     0.008398    0.066974    0.088302  
      5.335167  3.209455 13.466325     0.008295   -0.066965   -0.088314  
      0.757600  1.386630 14.620486     0.034685    0.000024   -0.000006  
      3.788000  1.552981 14.674304    -0.023978   -0.000024    0.000024  
      0.757600  3.684239 15.810118     0.074837    0.000025    0.000025  
      3.788000  3.912004 15.840536    -0.046316   -0.000011    0.000037  
      2.361442  2.021276 16.990149     0.013671   -0.007734    0.022579  
      5.214558  2.021276 16.990149     0.013675    0.007734   -0.022589  
      3.788000  3.178764 17.575471     0.016519    0.000097    0.000004  
 
  32 f  =   11.344659 THz    71.280595 2PiTHz  378.417093 cm-1    46.917719 meV
             X         Y         Z           dx          dy          dz
      0.757600  0.275888  7.661940            0           0           0  
      3.788000  0.275888  7.661940            0           0           0  
      2.272800  4.293312 10.488280            0           0           0  
      5.303200  4.293312 10.488280            0           0           0  
      0.757600  1.995239 12.648624     0.000019   -0.011679    0.015359  
      3.788000  2.024210 12.697098     0.000001    0.009311   -0.013870  
      2.277749  2.641501 15.399969    -0.042530   -0.001810   -0.011891  
      5.298251  2.641501 15.399969     0.042526   -0.001820   -0.011900  
      2.272800  2.723746  8.125040            0           0           0  
      5.303200  2.723746  8.125040            0           0           0  
      0.757600  1.845454 10.025180            0           0           0  
      3.788000  1.845454 10.025180            0           0           0  
      2.245263  4.174099 13.110786     0.066210    0.016362   -0.016952  
      5.330737  4.174099 13.110786    -0.066271    0.016444   -0.016856  
      0.757600  0.480168 15.079181     0.000008    0.018730   -0.082822  
      3.788000  0.260957 15.365325     0.000025   -0.046643    0.042354  
      0.757600  3.730889  6.005560            0           0           0  
      3.788000  3.730889  6.005560            0           0           0  
      2.272800  1.446289  7.148020            0           0           0  
      5.303200  1.446289  7.148020            0           0           0  
      5.303200  3.671078  8.495960            0           0           0  
      2.272800  3.671078  8.495960            0           0           0  
      3.788000  0.898122  9.654260            0           0           0  
      0.757600  0.898122  9.654260            0           0           0  
      0.757600  3.122911 11.002200            0           0           0  
      3.788000  3.122911 11.002200            0           0           0  
      5.294256  0.837693 12.158582     0.007264   -0.021141    0.014243  
      2.281744  0.837693 12.158582    -0.007345   -0.021169    0.014164  
      2.240833  3.209455 13.466325     0.090088    0.013931    0.000157  
      5.335167  3.209455 13.466325    -0.090079    0.014008    0.000248  
      0.757600  1.386630 14.620486     0.000008    0.018515   -0.079250  
      3.788000  1.552981 14.674304     0.000014   -0.056188    0.008363  
      0.757600  3.684239 15.810118     0.000001    0.046933    0.067378  
      3.788000  3.912004 15.840536     0.000018   -0.039509    0.058514  
      2.361442  2.021276 16.990149     0.016182    0.003174   -0.002823  
      5.214558  2.021276 16.990149    -0.016241    0.003230   -0.002809  
      3.788000  3.178764 17.575471     0.000054    0.113704    0.025647  
 
  33 f  =   10.951680 THz    68.811435 2PiTHz  365.308725 cm-1    45.292489 meV
             X         Y         Z           dx          dy          dz
      0.757600  0.275888  7.661940            0           0           0  
      3.788000  0.275888  7.661940            0           0           0  
      2.272800  4.293312 10.488280            0           0           0  
      5.303200  4.293312 10.488280            0           0           0  
      0.757600  1.995239 12.648624     0.037337   -0.000011    0.000001  
      3.788000  2.024210 12.697098    -0.041670   -0.000008    0.000010  
      2.277749  2.641501 15.399969     0.026309   -0.017188   -0.016209  
      5.298251  2.641501 15.399969     0.026332    0.017146    0.016160  
      2.272800  2.723746  8.125040            0           0           0  
      5.303200  2.723746  8.125040            0           0           0  
      0.757600  1.845454 10.025180            0           0           0  
      3.788000  1.845454 10.025180            0           0           0  
      2.245263  4.174099 13.110786     0.012498    0.053148    0.053325  
      5.330737  4.174099 13.110786     0.012554   -0.053107   -0.053347  
      0.757600  0.480168 15.079181    -0.103009    0.000040    0.000067  
      3.788000  0.260957 15.365325    -0.025500   -0.000062    0.000062  
      0.757600  3.730889  6.005560            0           0           0  
      3.788000  3.730889  6.005560            0           0           0  
      2.272800  1.446289  7.148020            0           0           0  
      5.303200  1.446289  7.148020            0           0           0  
      5.303200  3.671078  8.495960            0           0           0  
      2.272800  3.671078  8.495960            0           0           0  
      3.788000  0.898122  9.654260            0           0           0  
      0.757600  0.898122  9.654260            0           0           0  
      0.757600  3.122911 11.002200            0           0           0  
      3.788000  3.122911 11.002200            0           0           0  
      5.294256  0.837693 12.158582     0.002726   -0.035399    0.008137  
      2.281744  0.837693 12.158582     0.002690    0.035409   -0.008137  
      2.240833  3.209455 13.466325     0.019739    0.062965    0.058760  
      5.335167  3.209455 13.466325     0.019795   -0.062926   -0.058772  
      0.757600  1.386630 14.620486    -0.098527    0.000043    0.000055  
      3.788000  1.552981 14.674304     0.023496   -0.000018   -0.000079  
      0.757600  3.684239 15.810118    -0.082231    0.000054   -0.000009  
      3.788000  3.912004 15.840536    -0.036757    0.000002    0.000129  
      2.361442  2.021276 16.990149    -0.004258    0.042646   -0.023455  
      5.214558  2.021276 16.990149    -0.004232   -0.042555    0.023496  
      3.788000  3.178764 17.575471    -0.005725    0.000135    0.000071  
 
  34 f  =   10.292647 THz    64.670606 2PiTHz  343.325737 cm-1    42.566947 meV
             X         Y         Z           dx          dy          dz
      0.757600  0.275888  7.661940            0           0           0  
      3.788000  0.275888  7.661940            0           0           0  
      2.272800  4.293312 10.488280            0           0           0  
      5.303200  4.293312 10.488280            0           0           0  
      0.757600  1.995239 12.648624     0.000052    0.015459    0.005475  
      3.788000  2.024210 12.697098    -0.000062    0.015605   -0.011400  
      2.277749  2.641501 15.399969     0.013308    0.018166    0.023997  
      5.298251  2.641501 15.399969    -0.013315    0.018193    0.023987  
      2.272800  2.723746  8.125040            0           0           0  
      5.303200  2.723746  8.125040            0           0           0  
      0.757600  1.845454 10.025180            0           0           0  
      3.788000  1.845454 10.025180            0           0           0  
      2.245263  4.174099 13.110786     0.044036   -0.014764   -0.025253  
      5.330737  4.174099 13.110786    -0.044032   -0.014911   -0.025472  
      0.757600  0.480168 15.079181    -0.000070   -0.010827   -0.126497  
      3.788000  0.260957 15.365325     0.000193    0.061788   -0.067833  
      0.757600  3.730889  6.005560            0           0           0  
      3.788000  3.730889  6.005560            0           0           0  
      2.272800  1.446289  7.148020            0           0           0  
      5.303200  1.446289  7.148020            0           0           0  
      5.303200  3.671078  8.495960            0           0           0  
      2.272800  3.671078  8.495960            0           0           0  
      3.788000  0.898122  9.654260            0           0           0  
      0.757600  0.898122  9.654260            0           0           0  
      0.757600  3.122911 11.002200            0           0           0  
      3.788000  3.122911 11.002200            0           0           0  
      5.294256  0.837693 12.158582    -0.016092   -0.038010    0.030344  
      2.281744  0.837693 12.158582     0.016113   -0.037918    0.030339  
      2.240833  3.209455 13.466325     0.043297   -0.021799   -0.014306  
      5.335167  3.209455 13.466325    -0.043273   -0.021988   -0.014552  
      0.757600  1.386630 14.620486    -0.000043   -0.011455   -0.094251  
      3.788000  1.552981 14.674304     0.000071    0.017986    0.081936  
      0.757600  3.684239 15.810118    -0.000089   -0.040269    0.002422  
      3.788000  3.912004 15.840536     0.000191    0.007731   -0.116870  
      2.361442  2.021276 16.990149    -0.030627   -0.044193    0.004596  
      5.214558  2.021276 16.990149     0.030556   -0.043996    0.004779  
      3.788000  3.178764 17.575471    -0.000125   -0.011788   -0.092151  
 
  35 f  =   10.014282 THz    62.921590 2PiTHz  334.040493 cm-1    41.415724 meV
             X         Y         Z           dx          dy          dz
      0.757600  0.275888  7.661940            0           0           0  
      3.788000  0.275888  7.661940            0           0           0  
      2.272800  4.293312 10.488280            0           0           0  
      5.303200  4.293312 10.488280            0           0           0  
      0.757600  1.995239 12.648624    -0.009351    0.000060   -0.000038  
      3.788000  2.024210 12.697098     0.006321    0.000068   -0.000023  
      2.277749  2.641501 15.399969     0.015712    0.007789    0.005259  
      5.298251  2.641501 15.399969     0.015591   -0.007766   -0.005248  
      2.272800  2.723746  8.125040            0           0           0  
      5.303200  2.723746  8.125040            0           0           0  
      0.757600  1.845454 10.025180            0           0           0  
      3.788000  1.845454 10.025180            0           0           0  
      2.245263  4.174099 13.110786     0.027574   -0.020448   -0.035664  
      5.330737  4.174099 13.110786     0.027461    0.020410    0.035478  
      0.757600  0.480168 15.079181    -0.001784    0.000074   -0.000032  
      3.788000  0.260957 15.365325    -0.179237    0.000046   -0.000044  
      0.757600  3.730889  6.005560            0           0           0  
      3.788000  3.730889  6.005560            0           0           0  
      2.272800  1.446289  7.148020            0           0           0  
      5.303200  1.446289  7.148020            0           0           0  
      5.303200  3.671078  8.495960            0           0           0  
      2.272800  3.671078  8.495960            0           0           0  
      3.788000  0.898122  9.654260            0           0           0  
      0.757600  0.898122  9.654260            0           0           0  
      0.757600  3.122911 11.002200            0           0           0  
      3.788000  3.122911 11.002200            0           0           0  
      5.294256  0.837693 12.158582    -0.022609    0.001574    0.015533  
      2.281744  0.837693 12.158582    -0.022609   -0.001905   -0.015186  
      2.240833  3.209455 13.466325     0.068270   -0.023628   -0.041455  
      5.335167  3.209455 13.466325     0.068128    0.023500    0.041335  
      0.757600  1.386630 14.620486    -0.061282    0.000079    0.000017  
      3.788000  1.552981 14.674304    -0.068776   -0.000015    0.000082  
      0.757600  3.684239 15.810118     0.050913   -0.000049    0.000008  
      3.788000  3.912004 15.840536    -0.166550   -0.000000   -0.000075  
      2.361442  2.021276 16.990149     0.017707    0.012409    0.025615  
      5.214558  2.021276 16.990149     0.017775   -0.012444   -0.025591  
      3.788000  3.178764 17.575471     0.051858   -0.000029   -0.000032  
 
  36 f  =    9.958186 THz    62.569131 2PiTHz  332.169346 cm-1    41.183732 meV
             X         Y         Z           dx          dy          dz
      0.757600  0.275888  7.661940            0           0           0  
      3.788000  0.275888  7.661940            0           0           0  
      2.272800  4.293312 10.488280            0           0           0  
      5.303200  4.293312 10.488280            0           0           0  
      0.757600  1.995239 12.648624     0.000006    0.024683   -0.035508  
      3.788000  2.024210 12.697098     0.000004    0.031312   -0.013189  
      2.277749  2.641501 15.399969     0.030156   -0.003953   -0.012657  
      5.298251  2.641501 15.399969    -0.030210   -0.003935   -0.012631  
      2.272800  2.723746  8.125040            0           0           0  
      5.303200  2.723746  8.125040            0           0           0  
      0.757600  1.845454 10.025180            0           0           0  
      3.788000  1.845454 10.025180            0           0           0  
      2.245263  4.174099 13.110786     0.009756   -0.001281   -0.019679  
      5.330737  4.174099 13.110786    -0.009859   -0.001318   -0.019759  
      0.757600  0.480168 15.079181     0.000016    0.068675    0.078786  
      3.788000  0.260957 15.365325     0.000276   -0.020323    0.001491  
      0.757600  3.730889  6.005560            0           0           0  
      3.788000  3.730889  6.005560            0           0           0  
      2.272800  1.446289  7.148020            0           0           0  
      5.303200  1.446289  7.148020            0           0           0  
      5.303200  3.671078  8.495960            0           0           0  
      2.272800  3.671078  8.495960            0           0           0  
      3.788000  0.898122  9.654260            0           0           0  
      0.757600  0.898122  9.654260            0           0           0  
      0.757600  3.122911 11.002200            0           0           0  
      3.788000  3.122911 11.002200            0           0           0  
      5.294256  0.837693 12.158582     0.011359   -0.074986    0.085189  
      2.281744  0.837693 12.158582    -0.011290   -0.074987    0.085235  
      2.240833  3.209455 13.466325     0.011852   -0.022026   -0.011027  
      5.335167  3.209455 13.466325    -0.012080   -0.022067   -0.011120  
      0.757600  1.386630 14.620486     0.000112    0.060649    0.072195  
      3.788000  1.552981 14.674304     0.000118   -0.043310   -0.019758  
      0.757600  3.684239 15.810118    -0.000074   -0.000892    0.051471  
      3.788000  3.912004 15.840536     0.000250   -0.010715    0.025767  
      2.361442  2.021276 16.990149    -0.002267    0.016644   -0.000218  
      5.214558  2.021276 16.990149     0.002205    0.016654   -0.000162  
      3.788000  3.178764 17.575471    -0.000052   -0.033765    0.035834  
 
  37 f  =    9.566969 THz    60.111040 2PiTHz  319.119743 cm-1    39.565788 meV
             X         Y         Z           dx          dy          dz
      0.757600  0.275888  7.661940            0           0           0  
      3.788000  0.275888  7.661940            0           0           0  
      2.272800  4.293312 10.488280            0           0           0  
      5.303200  4.293312 10.488280            0           0           0  
      0.757600  1.995239 12.648624     0.000058   -0.028026   -0.000042  
      3.788000  2.024210 12.697098    -0.000097   -0.006141    0.015256  
      2.277749  2.641501 15.399969     0.042420    0.017418    0.003265  
      5.298251  2.641501 15.399969    -0.042461    0.017391    0.003243  
      2.272800  2.723746  8.125040            0           0           0  
      5.303200  2.723746  8.125040            0           0           0  
      0.757600  1.845454 10.025180            0           0           0  
      3.788000  1.845454 10.025180            0           0           0  
      2.245263  4.174099 13.110786     0.030506    0.013102    0.033376  
      5.330737  4.174099 13.110786    -0.030352    0.013027    0.033440  
      0.757600  0.480168 15.079181     0.000068    0.049679    0.008696  
      3.788000  0.260957 15.365325    -0.000006   -0.038932   -0.097304  
      0.757600  3.730889  6.005560            0           0           0  
      3.788000  3.730889  6.005560            0           0           0  
      2.272800  1.446289  7.148020            0           0           0  
      5.303200  1.446289  7.148020            0           0           0  
      5.303200  3.671078  8.495960            0           0           0  
      2.272800  3.671078  8.495960            0           0           0  
      3.788000  0.898122  9.654260            0           0           0  
      0.757600  0.898122  9.654260            0           0           0  
      0.757600  3.122911 11.002200            0           0           0  
      3.788000  3.122911 11.002200            0           0           0  
      5.294256  0.837693 12.158582     0.004246    0.045091   -0.045738  
      2.281744  0.837693 12.158582    -0.004306    0.045023   -0.045738  
      2.240833  3.209455 13.466325     0.039578    0.025718    0.030272  
      5.335167  3.209455 13.466325    -0.039242    0.025634    0.030277  
      0.757600  1.386630 14.620486     0.000019    0.035903   -0.004255  
      3.788000  1.552981 14.674304    -0.000078   -0.130492   -0.042845  
      0.757600  3.684239 15.810118     0.000047    0.001767    0.046802  
      3.788000  3.912004 15.840536     0.000028   -0.049069   -0.050004  
      2.361442  2.021276 16.990149    -0.016582    0.004921   -0.001924  
      5.214558  2.021276 16.990149     0.016510    0.005150   -0.001874  
      3.788000  3.178764 17.575471    -0.000001   -0.036752   -0.003693  
 
  38 f  =    9.374744 THz    58.903251 2PiTHz  312.707786 cm-1    38.770807 meV
             X         Y         Z           dx          dy          dz
      0.757600  0.275888  7.661940            0           0           0  
      3.788000  0.275888  7.661940            0           0           0  
      2.272800  4.293312 10.488280            0           0           0  
      5.303200  4.293312 10.488280            0           0           0  
      0.757600  1.995239 12.648624    -0.034292   -0.000040    0.000013  
      3.788000  2.024210 12.697098     0.065056   -0.000004    0.000016  
      2.277749  2.641501 15.399969     0.029396   -0.003227   -0.000052  
      5.298251  2.641501 15.399969     0.029274    0.003296    0.000082  
      2.272800  2.723746  8.125040            0           0           0  
      5.303200  2.723746  8.125040            0           0           0  
      0.757600  1.845454 10.025180            0           0           0  
      3.788000  1.845454 10.025180            0           0           0  
      2.245263  4.174099 13.110786    -0.056171   -0.024867    0.027848  
      5.330737  4.174099 13.110786    -0.056338    0.024892   -0.027798  
      0.757600  0.480168 15.079181    -0.058061    0.000064   -0.000064  
      3.788000  0.260957 15.365325    -0.039881   -0.000026   -0.000167  
      0.757600  3.730889  6.005560            0           0           0  
      3.788000  3.730889  6.005560            0           0           0  
      2.272800  1.446289  7.148020            0           0           0  
      5.303200  1.446289  7.148020            0           0           0  
      5.303200  3.671078  8.495960            0           0           0  
      2.272800  3.671078  8.495960            0           0           0  
      3.788000  0.898122  9.654260            0           0           0  
      0.757600  0.898122  9.654260            0           0           0  
      0.757600  3.122911 11.002200            0           0           0  
      3.788000  3.122911 11.002200            0           0           0  
      5.294256  0.837693 12.158582     0.016039   -0.034743    0.011211  
      2.281744  0.837693 12.158582     0.016050    0.034841   -0.011326  
      2.240833  3.209455 13.466325    -0.107800   -0.023520    0.006374  
      5.335167  3.209455 13.466325    -0.107973    0.023577   -0.006316  
      0.757600  1.386630 14.620486    -0.050319    0.000044   -0.000062  
      3.788000  1.552981 14.674304     0.037480   -0.000169   -0.000012  
      0.757600  3.684239 15.810118    -0.018232   -0.000022    0.000063  
      3.788000  3.912004 15.840536    -0.053799   -0.000065   -0.000126  
      2.361442  2.021276 16.990149    -0.013996    0.026629    0.003938  
      5.214558  2.021276 16.990149    -0.013873   -0.026617   -0.003908  
      3.788000  3.178764 17.575471    -0.002783   -0.000012   -0.000055  
 
  39 f  =    9.251446 THz    58.128547 2PiTHz  308.595010 cm-1    38.260888 meV
             X         Y         Z           dx          dy          dz
      0.757600  0.275888  7.661940            0           0           0  
      3.788000  0.275888  7.661940            0           0           0  
      2.272800  4.293312 10.488280            0           0           0  
      5.303200  4.293312 10.488280            0           0           0  
      0.757600  1.995239 12.648624    -0.063979   -0.000003   -0.000003  
      3.788000  2.024210 12.697098     0.038871   -0.000002   -0.000002  
      2.277749  2.641501 15.399969    -0.011755    0.000015    0.006086  
      5.298251  2.641501 15.399969    -0.011736   -0.000015   -0.006086  
      2.272800  2.723746  8.125040            0           0           0  
      5.303200  2.723746  8.125040            0           0           0  
      0.757600  1.845454 10.025180            0           0           0  
      3.788000  1.845454 10.025180            0           0           0  
      2.245263  4.174099 13.110786     0.044645   -0.018042    0.034183  
      5.330737  4.174099 13.110786     0.044694    0.018046   -0.034159  
      0.757600  0.480168 15.079181    -0.067218   -0.000001    0.000042  
      3.788000  0.260957 15.365325     0.087030   -0.000022    0.000013  
      0.757600  3.730889  6.005560            0           0           0  
      3.788000  3.730889  6.005560            0           0           0  
      2.272800  1.446289  7.148020            0           0           0  
      5.303200  1.446289  7.148020            0           0           0  
      5.303200  3.671078  8.495960            0           0           0  
      2.272800  3.671078  8.495960            0           0           0  
      3.788000  0.898122  9.654260            0           0           0  
      0.757600  0.898122  9.654260            0           0           0  
      0.757600  3.122911 11.002200            0           0           0  
      3.788000  3.122911 11.002200            0           0           0  
      5.294256  0.837693 12.158582    -0.026226   -0.043254    0.012849  
      2.281744  0.837693 12.158582    -0.026239    0.043268   -0.012864  
      2.240833  3.209455 13.466325     0.096343   -0.014890    0.015793  
      5.335167  3.209455 13.466325     0.096395    0.014897   -0.015777  
      0.757600  1.386630 14.620486    -0.057854   -0.000002    0.000024  
      3.788000  1.552981 14.674304     0.078623   -0.000014   -0.000033  
      0.757600  3.684239 15.810118    -0.048713    0.000021    0.000011  
      3.788000  3.912004 15.840536     0.057461   -0.000012    0.000023  
      2.361442  2.021276 16.990149    -0.006758   -0.005860   -0.009119  
      5.214558  2.021276 16.990149    -0.006805    0.005847    0.009098  
      3.788000  3.178764 17.575471    -0.008839   -0.000036    0.000023  
 
  40 f  =    8.397110 THz    52.760601 2PiTHz  280.097452 cm-1    34.727642 meV
             X         Y         Z           dx          dy          dz
      0.757600  0.275888  7.661940            0           0           0  
      3.788000  0.275888  7.661940            0           0           0  
      2.272800  4.293312 10.488280            0           0           0  
      5.303200  4.293312 10.488280            0           0           0  
      0.757600  1.995239 12.648624     0.002745   -0.000003    0.000015  
      3.788000  2.024210 12.697098    -0.007816    0.000004    0.000007  
      2.277749  2.641501 15.399969     0.008597    0.007399   -0.002024  
      5.298251  2.641501 15.399969     0.008571   -0.007396    0.002031  
      2.272800  2.723746  8.125040            0           0           0  
      5.303200  2.723746  8.125040            0           0           0  
      0.757600  1.845454 10.025180            0           0           0  
      3.788000  1.845454 10.025180            0           0           0  
      2.245263  4.174099 13.110786     0.007932   -0.039226   -0.016814  
      5.330737  4.174099 13.110786     0.007904    0.039234    0.016786  
      0.757600  0.480168 15.079181    -0.062724   -0.000006   -0.000045  
      3.788000  0.260957 15.365325     0.016340    0.000002   -0.000016  
      0.757600  3.730889  6.005560            0           0           0  
      3.788000  3.730889  6.005560            0           0           0  
      2.272800  1.446289  7.148020            0           0           0  
      5.303200  1.446289  7.148020            0           0           0  
      5.303200  3.671078  8.495960            0           0           0  
      2.272800  3.671078  8.495960            0           0           0  
      3.788000  0.898122  9.654260            0           0           0  
      0.757600  0.898122  9.654260            0           0           0  
      0.757600  3.122911 11.002200            0           0           0  
      3.788000  3.122911 11.002200            0           0           0  
      5.294256  0.837693 12.158582    -0.003726    0.100352   -0.105960  
      2.281744  0.837693 12.158582    -0.003716   -0.100360    0.105973  
      2.240833  3.209455 13.466325     0.005433   -0.056882    0.002930  
      5.335167  3.209455 13.466325     0.005393    0.056886   -0.002941  
      0.757600  1.386630 14.620486    -0.059484    0.000002   -0.000028  
      3.788000  1.552981 14.674304     0.076234   -0.000012    0.000016  
      0.757600  3.684239 15.810118    -0.034593   -0.000006   -0.000040  
      3.788000  3.912004 15.840536    -0.013509   -0.000002   -0.000014  
      2.361442  2.021276 16.990149    -0.007627    0.017347   -0.010375  
      5.214558  2.021276 16.990149    -0.007590   -0.017320    0.010404  
      3.788000  3.178764 17.575471     0.000649    0.000028   -0.000012  
 
  41 f  =    7.961103 THz    50.021085 2PiTHz  265.553811 cm-1    32.924462 meV
             X         Y         Z           dx          dy          dz
      0.757600  0.275888  7.661940            0           0           0  
      3.788000  0.275888  7.661940            0           0           0  
      2.272800  4.293312 10.488280            0           0           0  
      5.303200  4.293312 10.488280            0           0           0  
      0.757600  1.995239 12.648624     0.000555    0.003315    0.015176  
      3.788000  2.024210 12.697098    -0.000179   -0.002680   -0.038976  
      2.277749  2.641501 15.399969    -0.031801    0.000759   -0.001423  
      5.298251  2.641501 15.399969     0.033940   -0.001658   -0.004350  
      2.272800  2.723746  8.125040            0           0           0  
      5.303200  2.723746  8.125040            0           0           0  
      0.757600  1.845454 10.025180            0           0           0  
      3.788000  1.845454 10.025180            0           0           0  
      2.245263  4.174099 13.110786    -0.036188   -0.000560    0.014495  
      5.330737  4.174099 13.110786     0.036056   -0.000689    0.012779  
      0.757600  0.480168 15.079181    -0.000997    0.019708    0.095388  
      3.788000  0.260957 15.365325    -0.000008   -0.013932   -0.061748  
      0.757600  3.730889  6.005560            0           0           0  
      3.788000  3.730889  6.005560            0           0           0  
      2.272800  1.446289  7.148020            0           0           0  
      5.303200  1.446289  7.148020            0           0           0  
      5.303200  3.671078  8.495960            0           0           0  
      2.272800  3.671078  8.495960            0           0           0  
      3.788000  0.898122  9.654260            0           0           0  
      0.757600  0.898122  9.654260            0           0           0  
      0.757600  3.122911 11.002200            0           0           0  
      3.788000  3.122911 11.002200            0           0           0  
      5.294256  0.837693 12.158582     0.006932    0.004502   -0.004254  
      2.281744  0.837693 12.158582    -0.006989    0.004714   -0.004054  
      2.240833  3.209455 13.466325    -0.046401    0.000915    0.009041  
      5.335167  3.209455 13.466325     0.046383    0.000348    0.006975  
      0.757600  1.386630 14.620486    -0.002698   -0.012116    0.042705  
      3.788000  1.552981 14.674304    -0.001423    0.007735   -0.029799  
      0.757600  3.684239 15.810118     0.001106    0.008475    0.138764  
      3.788000  3.912004 15.840536     0.000884   -0.019169   -0.067911  
      2.361442  2.021276 16.990149    -0.082425    0.011849    0.005492  
      5.214558  2.021276 16.990149     0.077452    0.018901    0.005583  
      3.788000  3.178764 17.575471    -0.004484   -0.049286   -0.064117  
 
  42 f  =    7.925600 THz    49.798016 2PiTHz  264.369572 cm-1    32.777635 meV
             X         Y         Z           dx          dy          dz
      0.757600  0.275888  7.661940            0           0           0  
      3.788000  0.275888  7.661940            0           0           0  
      2.272800  4.293312 10.488280            0           0           0  
      5.303200  4.293312 10.488280            0           0           0  
      0.757600  1.995239 12.648624     0.014634   -0.000106   -0.000727  
      3.788000  2.024210 12.697098    -0.004234    0.000087    0.001448  
      2.277749  2.641501 15.399969     0.028786    0.031718    0.038647  
      5.298251  2.641501 15.399969     0.026351   -0.031688   -0.038374  
      2.272800  2.723746  8.125040            0           0           0  
      5.303200  2.723746  8.125040            0           0           0  
      0.757600  1.845454 10.025180            0           0           0  
      3.788000  1.845454 10.025180            0           0           0  
      2.245263  4.174099 13.110786    -0.001034    0.001593    0.022366  
      5.330737  4.174099 13.110786    -0.003684   -0.001616   -0.023274  
      0.757600  0.480168 15.079181    -0.026902   -0.000727   -0.003537  
      3.788000  0.260957 15.365325     0.002139    0.000558    0.002493  
      0.757600  3.730889  6.005560            0           0           0  
      3.788000  3.730889  6.005560            0           0           0  
      2.272800  1.446289  7.148020            0           0           0  
      5.303200  1.446289  7.148020            0           0           0  
      5.303200  3.671078  8.495960            0           0           0  
      2.272800  3.671078  8.495960            0           0           0  
      3.788000  0.898122  9.654260            0           0           0  
      0.757600  0.898122  9.654260            0           0           0  
      0.757600  3.122911 11.002200            0           0           0  
      3.788000  3.122911 11.002200            0           0           0  
      5.294256  0.837693 12.158582    -0.000845   -0.003306   -0.002060  
      2.281744  0.837693 12.158582    -0.000325    0.002975    0.002297  
      2.240833  3.209455 13.466325     0.000885    0.007398    0.026960  
      5.335167  3.209455 13.466325    -0.002540   -0.007496   -0.027532  
      0.757600  1.386630 14.620486    -0.070890    0.000492   -0.001554  
      3.788000  1.552981 14.674304    -0.037766   -0.000225    0.001089  
      0.757600  3.684239 15.810118     0.028220   -0.000267   -0.005241  
      3.788000  3.912004 15.840536     0.025660    0.000779    0.002714  
      2.361442  2.021276 16.990149    -0.058888   -0.091045   -0.000745  
      5.214558  2.021276 16.990149    -0.065433    0.089584    0.000191  
      3.788000  3.178764 17.575471    -0.118004    0.001822    0.002541  
 
  43 f  =    7.521031 THz    47.256033 2PiTHz  250.874599 cm-1    31.104472 meV
             X         Y         Z           dx          dy          dz
      0.757600  0.275888  7.661940            0           0           0  
      3.788000  0.275888  7.661940            0           0           0  
      2.272800  4.293312 10.488280            0           0           0  
      5.303200  4.293312 10.488280            0           0           0  
      0.757600  1.995239 12.648624     0.000002   -0.009881   -0.050153  
      3.788000  2.024210 12.697098     0.000020    0.011068   -0.071856  
      2.277749  2.641501 15.399969    -0.011838    0.007983    0.038085  
      5.298251  2.641501 15.399969     0.011741    0.008064    0.038195  
      2.272800  2.723746  8.125040            0           0           0  
      5.303200  2.723746  8.125040            0           0           0  
      0.757600  1.845454 10.025180            0           0           0  
      3.788000  1.845454 10.025180            0           0           0  
      2.245263  4.174099 13.110786    -0.002236   -0.035066    0.015325  
      5.330737  4.174099 13.110786     0.002197   -0.035047    0.015377  
      0.757600  0.480168 15.079181    -0.000050    0.030479    0.030686  
      3.788000  0.260957 15.365325    -0.000026    0.011809   -0.015332  
      0.757600  3.730889  6.005560            0           0           0  
      3.788000  3.730889  6.005560            0           0           0  
      2.272800  1.446289  7.148020            0           0           0  
      5.303200  1.446289  7.148020            0           0           0  
      5.303200  3.671078  8.495960            0           0           0  
      2.272800  3.671078  8.495960            0           0           0  
      3.788000  0.898122  9.654260            0           0           0  
      0.757600  0.898122  9.654260            0           0           0  
      0.757600  3.122911 11.002200            0           0           0  
      3.788000  3.122911 11.002200            0           0           0  
      5.294256  0.837693 12.158582     0.003533    0.010497   -0.045878  
      2.281744  0.837693 12.158582    -0.003514    0.010464   -0.045848  
      2.240833  3.209455 13.466325     0.005180   -0.026766   -0.011517  
      5.335167  3.209455 13.466325    -0.005254   -0.026732   -0.011462  
      0.757600  1.386630 14.620486    -0.000020    0.050066    0.038410  
      3.788000  1.552981 14.674304     0.000006   -0.003841   -0.012407  
      0.757600  3.684239 15.810118    -0.000069    0.063939   -0.021112  
      3.788000  3.912004 15.840536    -0.000046   -0.008495   -0.014097  
      2.361442  2.021276 16.990149     0.047975   -0.039025    0.004987  
      5.214558  2.021276 16.990149    -0.047536   -0.039181    0.005093  
      3.788000  3.178764 17.575471     0.000193   -0.011791    0.020132  
 
  44 f  =    6.819055 THz    42.845386 2PiTHz  227.459189 cm-1    28.201333 meV
             X         Y         Z           dx          dy          dz
      0.757600  0.275888  7.661940            0           0           0  
      3.788000  0.275888  7.661940            0           0           0  
      2.272800  4.293312 10.488280            0           0           0  
      5.303200  4.293312 10.488280            0           0           0  
      0.757600  1.995239 12.648624    -0.020640    0.000079   -0.000518  
      3.788000  2.024210 12.697098    -0.027675   -0.000185   -0.000806  
      2.277749  2.641501 15.399969     0.027404   -0.027554    0.008181  
      5.298251  2.641501 15.399969     0.026738    0.027407   -0.008114  
      2.272800  2.723746  8.125040            0           0           0  
      5.303200  2.723746  8.125040            0           0           0  
      0.757600  1.845454 10.025180            0           0           0  
      3.788000  1.845454 10.025180            0           0           0  
      2.245263  4.174099 13.110786     0.015550   -0.006569    0.008128  
      5.330737  4.174099 13.110786     0.015149    0.006286   -0.007830  
      0.757600  0.480168 15.079181     0.072114   -0.000102   -0.001221  
      3.788000  0.260957 15.365325    -0.017454    0.000068    0.001041  
      0.757600  3.730889  6.005560            0           0           0  
      3.788000  3.730889  6.005560            0           0           0  
      2.272800  1.446289  7.148020            0           0           0  
      5.303200  1.446289  7.148020            0           0           0  
      5.303200  3.671078  8.495960            0           0           0  
      2.272800  3.671078  8.495960            0           0           0  
      3.788000  0.898122  9.654260            0           0           0  
      0.757600  0.898122  9.654260            0           0           0  
      0.757600  3.122911 11.002200            0           0           0  
      3.788000  3.122911 11.002200            0           0           0  
      5.294256  0.837693 12.158582    -0.013054    0.001554    0.005756  
      2.281744  0.837693 12.158582    -0.012911   -0.001272   -0.006852  
      2.240833  3.209455 13.466325     0.023763   -0.007040    0.001957  
      5.335167  3.209455 13.466325     0.023287    0.006896   -0.002113  
      0.757600  1.386630 14.620486     0.109056   -0.000311   -0.001068  
      3.788000  1.552981 14.674304     0.061800    0.000302    0.000293  
      0.757600  3.684239 15.810118     0.029986   -0.000664   -0.000058  
      3.788000  3.912004 15.840536    -0.031918    0.000431    0.001262  
      2.361442  2.021276 16.990149    -0.102763    0.034759    0.039455  
      5.214558  2.021276 16.990149    -0.101040   -0.033108   -0.038165  
      3.788000  3.178764 17.575471    -0.068087    0.000009    0.000790  
 
  45 f  =    6.734500 THz    42.314109 2PiTHz  224.638727 cm-1    27.851640 meV
             X         Y         Z           dx          dy          dz
      0.757600  0.275888  7.661940            0           0           0  
      3.788000  0.275888  7.661940            0           0           0  
      2.272800  4.293312 10.488280            0           0           0  
      5.303200  4.293312 10.488280            0           0           0  
      0.757600  1.995239 12.648624    -0.000303   -0.005574    0.027654  
      3.788000  2.024210 12.697098    -0.000410    0.015186    0.056694  
      2.277749  2.641501 15.399969    -0.024185    0.004935    0.001463  
      5.298251  2.641501 15.399969     0.024974    0.005818    0.001223  
      2.272800  2.723746  8.125040            0           0           0  
      5.303200  2.723746  8.125040            0           0           0  
      0.757600  1.845454 10.025180            0           0           0  
      3.788000  1.845454 10.025180            0           0           0  
      2.245263  4.174099 13.110786    -0.013276    0.007276   -0.009495  
      5.330737  4.174099 13.110786     0.013677    0.007490   -0.009756  
      0.757600  0.480168 15.079181     0.001009    0.008865    0.082298  
      3.788000  0.260957 15.365325    -0.000278   -0.002425   -0.078721  
      0.757600  3.730889  6.005560            0           0           0  
      3.788000  3.730889  6.005560            0           0           0  
      2.272800  1.446289  7.148020            0           0           0  
      5.303200  1.446289  7.148020            0           0           0  
      5.303200  3.671078  8.495960            0           0           0  
      2.272800  3.671078  8.495960            0           0           0  
      3.788000  0.898122  9.654260            0           0           0  
      0.757600  0.898122  9.654260            0           0           0  
      0.757600  3.122911 11.002200            0           0           0  
      3.788000  3.122911 11.002200            0           0           0  
      5.294256  0.837693 12.158582     0.004193   -0.008962    0.035504  
      2.281744  0.837693 12.158582    -0.004576   -0.009019    0.035345  
      2.240833  3.209455 13.466325    -0.015381    0.002811    0.004234  
      5.335167  3.209455 13.466325     0.015992    0.003042    0.004150  
      0.757600  1.386630 14.620486     0.001567    0.026734    0.075448  
      3.788000  1.552981 14.674304     0.000911   -0.021592   -0.018010  
      0.757600  3.684239 15.810118     0.000416    0.052332   -0.003686  
      3.788000  3.912004 15.840536    -0.000488   -0.030484   -0.094456  
      2.361442  2.021276 16.990149     0.063359   -0.055536   -0.041046  
      5.214558  2.021276 16.990149    -0.066052   -0.056516   -0.042124  
      3.788000  3.178764 17.575471    -0.000972    0.011973   -0.055966  
 
  46 f  =    6.589527 THz    41.403221 2PiTHz  219.802972 cm-1    27.252083 meV
             X         Y         Z           dx          dy          dz
      0.757600  0.275888  7.661940            0           0           0  
      3.788000  0.275888  7.661940            0           0           0  
      2.272800  4.293312 10.488280            0           0           0  
      5.303200  4.293312 10.488280            0           0           0  
      0.757600  1.995239 12.648624     0.000014   -0.031018    0.093439  
      3.788000  2.024210 12.697098    -0.000016    0.042754   -0.056838  
      2.277749  2.641501 15.399969     0.016722   -0.006000   -0.000972  
      5.298251  2.641501 15.399969    -0.016654   -0.006020   -0.001108  
      2.272800  2.723746  8.125040            0           0           0  
      5.303200  2.723746  8.125040            0           0           0  
      0.757600  1.845454 10.025180            0           0           0  
      3.788000  1.845454 10.025180            0           0           0  
      2.245263  4.174099 13.110786     0.000748    0.004242   -0.001493  
      5.330737  4.174099 13.110786    -0.000748    0.004254   -0.001579  
      0.757600  0.480168 15.079181     0.000002   -0.026969    0.043298  
      3.788000  0.260957 15.365325     0.000076   -0.000790    0.000758  
      0.757600  3.730889  6.005560            0           0           0  
      3.788000  3.730889  6.005560            0           0           0  
      2.272800  1.446289  7.148020            0           0           0  
      5.303200  1.446289  7.148020            0           0           0  
      5.303200  3.671078  8.495960            0           0           0  
      2.272800  3.671078  8.495960            0           0           0  
      3.788000  0.898122  9.654260            0           0           0  
      0.757600  0.898122  9.654260            0           0           0  
      0.757600  3.122911 11.002200            0           0           0  
      3.788000  3.122911 11.002200            0           0           0  
      5.294256  0.837693 12.158582     0.000921   -0.000910    0.014558  
      2.281744  0.837693 12.158582    -0.000929   -0.000891    0.014532  
      2.240833  3.209455 13.466325     0.014138    0.001126    0.000913  
      5.335167  3.209455 13.466325    -0.014114    0.001121    0.000835  
      0.757600  1.386630 14.620486    -0.000017   -0.010641    0.043430  
      3.788000  1.552981 14.674304    -0.000035   -0.002933   -0.010474  
      0.757600  3.684239 15.810118     0.000063    0.009952   -0.070018  
      3.788000  3.912004 15.840536     0.000098    0.000739    0.012904  
      2.361442  2.021276 16.990149    -0.006712    0.001689   -0.003491  
      5.214558  2.021276 16.990149     0.006511    0.001661   -0.003680  
      3.788000  3.178764 17.575471    -0.000114   -0.030156    0.013229  
 
  47 f  =    5.881917 THz    36.957177 2PiTHz  196.199643 cm-1    24.325645 meV
             X         Y         Z           dx          dy          dz
      0.757600  0.275888  7.661940            0           0           0  
      3.788000  0.275888  7.661940            0           0           0  
      2.272800  4.293312 10.488280            0           0           0  
      5.303200  4.293312 10.488280            0           0           0  
      0.757600  1.995239 12.648624     0.000127    0.013076   -0.030413  
      3.788000  2.024210 12.697098     0.000102    0.084786    0.019624  
      2.277749  2.641501 15.399969    -0.013266   -0.035688    0.007896  
      5.298251  2.641501 15.399969     0.013115   -0.035548    0.007721  
      2.272800  2.723746  8.125040            0           0           0  
      5.303200  2.723746  8.125040            0           0           0  
      0.757600  1.845454 10.025180            0           0           0  
      3.788000  1.845454 10.025180            0           0           0  
      2.245263  4.174099 13.110786     0.000139    0.026351    0.016900  
      5.330737  4.174099 13.110786    -0.000148    0.026423    0.016763  
      0.757600  0.480168 15.079181    -0.000218   -0.023902   -0.029960  
      3.788000  0.260957 15.365325     0.000267   -0.032274   -0.055120  
      0.757600  3.730889  6.005560            0           0           0  
      3.788000  3.730889  6.005560            0           0           0  
      2.272800  1.446289  7.148020            0           0           0  
      5.303200  1.446289  7.148020            0           0           0  
      5.303200  3.671078  8.495960            0           0           0  
      2.272800  3.671078  8.495960            0           0           0  
      3.788000  0.898122  9.654260            0           0           0  
      0.757600  0.898122  9.654260            0           0           0  
      0.757600  3.122911 11.002200            0           0           0  
      3.788000  3.122911 11.002200            0           0           0  
      5.294256  0.837693 12.158582    -0.011953    0.031942   -0.008703  
      2.281744  0.837693 12.158582     0.012077    0.031918   -0.008665  
      2.240833  3.209455 13.466325    -0.001916    0.021790    0.003795  
      5.335167  3.209455 13.466325     0.001928    0.021856    0.003710  
      0.757600  1.386630 14.620486    -0.000390   -0.003670   -0.006794  
      3.788000  1.552981 14.674304    -0.000254   -0.023936    0.007929  
      0.757600  3.684239 15.810118     0.000159    0.009841   -0.059594  
      3.788000  3.912004 15.840536     0.000306   -0.037166   -0.048989  
      2.361442  2.021276 16.990149    -0.030742    0.049039    0.031580  
      5.214558  2.021276 16.990149     0.030610    0.048819    0.031087  
      3.788000  3.178764 17.575471     0.000142    0.050080   -0.016684  
 
  48 f  =    5.824989 THz    36.599487 2PiTHz  194.300729 cm-1    24.090209 meV
             X         Y         Z           dx          dy          dz
      0.757600  0.275888  7.661940            0           0           0  
      3.788000  0.275888  7.661940            0           0           0  
      2.272800  4.293312 10.488280            0           0           0  
      5.303200  4.293312 10.488280            0           0           0  
      0.757600  1.995239 12.648624     0.029274   -0.000009    0.000055  
      3.788000  2.024210 12.697098     0.020309   -0.000329   -0.000039  
      2.277749  2.641501 15.399969    -0.018158   -0.050713    0.024690  
      5.298251  2.641501 15.399969    -0.018205    0.050954   -0.024725  
      2.272800  2.723746  8.125040            0           0           0  
      5.303200  2.723746  8.125040            0           0           0  
      0.757600  1.845454 10.025180            0           0           0  
      3.788000  1.845454 10.025180            0           0           0  
      2.245263  4.174099 13.110786    -0.000740   -0.018573    0.025181  
      5.330737  4.174099 13.110786    -0.000761    0.018373   -0.025310  
      0.757600  0.480168 15.079181    -0.055138    0.000108    0.000089  
      3.788000  0.260957 15.365325     0.059106    0.000089    0.000140  
      0.757600  3.730889  6.005560            0           0           0  
      3.788000  3.730889  6.005560            0           0           0  
      2.272800  1.446289  7.148020            0           0           0  
      5.303200  1.446289  7.148020            0           0           0  
      5.303200  3.671078  8.495960            0           0           0  
      2.272800  3.671078  8.495960            0           0           0  
      3.788000  0.898122  9.654260            0           0           0  
      0.757600  0.898122  9.654260            0           0           0  
      0.757600  3.122911 11.002200            0           0           0  
      3.788000  3.122911 11.002200            0           0           0  
      5.294256  0.837693 12.158582     0.013553    0.007571   -0.007868  
      2.281744  0.837693 12.158582     0.013457   -0.007788    0.007906  
      2.240833  3.209455 13.466325     0.001916   -0.019071    0.013085  
      5.335167  3.209455 13.466325     0.001890    0.018905   -0.013128  
      0.757600  1.386630 14.620486    -0.090857    0.000043    0.000016  
      3.788000  1.552981 14.674304    -0.050356    0.000047   -0.000006  
      0.757600  3.684239 15.810118     0.052847   -0.000001    0.000210  
      3.788000  3.912004 15.840536     0.063397    0.000086    0.000116  
      2.361442  2.021276 16.990149    -0.016637    0.029665    0.073193  
      5.214558  2.021276 16.990149    -0.016716   -0.029912   -0.073360  
      3.788000  3.178764 17.575471     0.039220   -0.000178    0.000030  
 
  49 f  =    5.591106 THz    35.129953 2PiTHz  186.499208 cm-1    23.122944 meV
             X         Y         Z           dx          dy          dz
      0.757600  0.275888  7.661940            0           0           0  
      3.788000  0.275888  7.661940            0           0           0  
      2.272800  4.293312 10.488280            0           0           0  
      5.303200  4.293312 10.488280            0           0           0  
      0.757600  1.995239 12.648624    -0.000006    0.105558    0.028695  
      3.788000  2.024210 12.697098    -0.000003   -0.039590   -0.024301  
      2.277749  2.641501 15.399969     0.003900   -0.017554    0.004721  
      5.298251  2.641501 15.399969    -0.003878   -0.017586    0.004716  
      2.272800  2.723746  8.125040            0           0           0  
      5.303200  2.723746  8.125040            0           0           0  
      0.757600  1.845454 10.025180            0           0           0  
      3.788000  1.845454 10.025180            0           0           0  
      2.245263  4.174099 13.110786     0.013149    0.026327    0.011248  
      5.330737  4.174099 13.110786    -0.013155    0.026320    0.011249  
      0.757600  0.480168 15.079181     0.000015   -0.004070   -0.009708  
      3.788000  0.260957 15.365325    -0.000001   -0.017392   -0.047394  
      0.757600  3.730889  6.005560            0           0           0  
      3.788000  3.730889  6.005560            0           0           0  
      2.272800  1.446289  7.148020            0           0           0  
      5.303200  1.446289  7.148020            0           0           0  
      5.303200  3.671078  8.495960            0           0           0  
      2.272800  3.671078  8.495960            0           0           0  
      3.788000  0.898122  9.654260            0           0           0  
      0.757600  0.898122  9.654260            0           0           0  
      0.757600  3.122911 11.002200            0           0           0  
      3.788000  3.122911 11.002200            0           0           0  
      5.294256  0.837693 12.158582     0.026592    0.024069   -0.003237  
      2.281744  0.837693 12.158582    -0.026599    0.024078   -0.003246  
      2.240833  3.209455 13.466325     0.020794    0.023190    0.006150  
      5.335167  3.209455 13.466325    -0.020796    0.023180    0.006147  
      0.757600  1.386630 14.620486     0.000026    0.014397    0.015318  
      3.788000  1.552981 14.674304     0.000013   -0.031679   -0.017861  
      0.757600  3.684239 15.810118    -0.000011    0.001786   -0.027785  
      3.788000  3.912004 15.840536     0.000001   -0.019834   -0.031841  
      2.361442  2.021276 16.990149     0.021475    0.005531    0.008069  
      5.214558  2.021276 16.990149    -0.021475    0.005534    0.008083  
      3.788000  3.178764 17.575471    -0.000029    0.046311   -0.006931  
 
  50 f  =    4.449587 THz    27.957579 2PiTHz  148.422240 cm-1    18.402004 meV
             X         Y         Z           dx          dy          dz
      0.757600  0.275888  7.661940            0           0           0  
      3.788000  0.275888  7.661940            0           0           0  
      2.272800  4.293312 10.488280            0           0           0  
      5.303200  4.293312 10.488280            0           0           0  
      0.757600  1.995239 12.648624    -0.000152    0.031717   -0.002581  
      3.788000  2.024210 12.697098    -0.000122    0.062236   -0.010046  
      2.277749  2.641501 15.399969     0.010427    0.008755   -0.013249  
      5.298251  2.641501 15.399969    -0.010360    0.009783   -0.013057  
      2.272800  2.723746  8.125040            0           0           0  
      5.303200  2.723746  8.125040            0           0           0  
      0.757600  1.845454 10.025180            0           0           0  
      3.788000  1.845454 10.025180            0           0           0  
      2.245263  4.174099 13.110786    -0.009724    0.058662    0.007726  
      5.330737  4.174099 13.110786     0.009571    0.058877    0.007632  
      0.757600  0.480168 15.079181    -0.000075    0.015396   -0.029692  
      3.788000  0.260957 15.365325    -0.000285    0.006250    0.048457  
      0.757600  3.730889  6.005560            0           0           0  
      3.788000  3.730889  6.005560            0           0           0  
      2.272800  1.446289  7.148020            0           0           0  
      5.303200  1.446289  7.148020            0           0           0  
      5.303200  3.671078  8.495960            0           0           0  
      2.272800  3.671078  8.495960            0           0           0  
      3.788000  0.898122  9.654260            0           0           0  
      0.757600  0.898122  9.654260            0           0           0  
      0.757600  3.122911 11.002200            0           0           0  
      3.788000  3.122911 11.002200            0           0           0  
      5.294256  0.837693 12.158582    -0.006092    0.040722   -0.015651  
      2.281744  0.837693 12.158582     0.005888    0.040619   -0.015557  
      2.240833  3.209455 13.466325    -0.014036    0.056998    0.008426  
      5.335167  3.209455 13.466325     0.013861    0.057266    0.008484  
      0.757600  1.386630 14.620486    -0.000056   -0.008987   -0.037382  
      3.788000  1.552981 14.674304     0.000201    0.046236   -0.031520  
      0.757600  3.684239 15.810118     0.000175   -0.051977    0.082291  
      3.788000  3.912004 15.840536    -0.000345    0.030500    0.045702  
      2.361442  2.021276 16.990149     0.036062   -0.068604   -0.027947  
      5.214558  2.021276 16.990149    -0.035455   -0.067223   -0.027428  
      3.788000  3.178764 17.575471    -0.000336   -0.036453    0.006294  
 
  51 f  =    4.051850 THz    25.458523 2PiTHz  135.155160 cm-1    16.757097 meV
             X         Y         Z           dx          dy          dz
      0.757600  0.275888  7.661940            0           0           0  
      3.788000  0.275888  7.661940            0           0           0  
      2.272800  4.293312 10.488280            0           0           0  
      5.303200  4.293312 10.488280            0           0           0  
      0.757600  1.995239 12.648624     0.052572   -0.000126    0.000051  
      3.788000  2.024210 12.697098     0.064321    0.000136   -0.000172  
      2.277749  2.641501 15.399969    -0.016272    0.015203   -0.039518  
      5.298251  2.641501 15.399969    -0.016573   -0.015212    0.039427  
      2.272800  2.723746  8.125040            0           0           0  
      5.303200  2.723746  8.125040            0           0           0  
      0.757600  1.845454 10.025180            0           0           0  
      3.788000  1.845454 10.025180            0           0           0  
      2.245263  4.174099 13.110786     0.038359    0.012435   -0.022341  
      5.330737  4.174099 13.110786     0.038664   -0.012365    0.022415  
      0.757600  0.480168 15.079181     0.026516   -0.000127   -0.000030  
      3.788000  0.260957 15.365325    -0.001805    0.000234   -0.000573  
      0.757600  3.730889  6.005560            0           0           0  
      3.788000  3.730889  6.005560            0           0           0  
      2.272800  1.446289  7.148020            0           0           0  
      5.303200  1.446289  7.148020            0           0           0  
      5.303200  3.671078  8.495960            0           0           0  
      2.272800  3.671078  8.495960            0           0           0  
      3.788000  0.898122  9.654260            0           0           0  
      0.757600  0.898122  9.654260            0           0           0  
      0.757600  3.122911 11.002200            0           0           0  
      3.788000  3.122911 11.002200            0           0           0  
      5.294256  0.837693 12.158582     0.044472    0.000658   -0.002287  
      2.281744  0.837693 12.158582     0.044550   -0.000629    0.002209  
      2.240833  3.209455 13.466325     0.037024    0.008111   -0.018859  
      5.335167  3.209455 13.466325     0.037393   -0.008048    0.018892  
      0.757600  1.386630 14.620486     0.000774   -0.000291   -0.000034  
      3.788000  1.552981 14.674304    -0.008471    0.000238   -0.000299  
      0.757600  3.684239 15.810118     0.011844   -0.000608    0.000691  
      3.788000  3.912004 15.840536    -0.011904    0.000372   -0.000454  
      2.361442  2.021276 16.990149    -0.076910    0.019391   -0.020730  
      5.214558  2.021276 16.990149    -0.078536   -0.019091    0.021103  
      3.788000  3.178764 17.575471    -0.074487    0.001707   -0.000201  
 
  52 f  =    3.912588 THz    24.583514 2PiTHz  130.509881 cm-1    16.181156 meV
             X         Y         Z           dx          dy          dz
      0.757600  0.275888  7.661940            0           0           0  
      3.788000  0.275888  7.661940            0           0           0  
      2.272800  4.293312 10.488280            0           0           0  
      5.303200  4.293312 10.488280            0           0           0  
      0.757600  1.995239 12.648624     0.005447    0.024252   -0.001738  
      3.788000  2.024210 12.697098     0.001278    0.001683    0.018927  
      2.277749  2.641501 15.399969    -0.016374    0.033346    0.018340  
      5.298251  2.641501 15.399969     0.012299   -0.009531   -0.009054  
      2.272800  2.723746  8.125040            0           0           0  
      5.303200  2.723746  8.125040            0           0           0  
      0.757600  1.845454 10.025180            0           0           0  
      3.788000  1.845454 10.025180            0           0           0  
      2.245263  4.174099 13.110786     0.015333    0.016241   -0.000210  
      5.330737  4.174099 13.110786    -0.011407    0.011595   -0.005745  
      0.757600  0.480168 15.079181     0.000624    0.025916    0.003288  
      3.788000  0.260957 15.365325     0.006699   -0.014881    0.079733  
      0.757600  3.730889  6.005560            0           0           0  
      3.788000  3.730889  6.005560            0           0           0  
      2.272800  1.446289  7.148020            0           0           0  
      5.303200  1.446289  7.148020            0           0           0  
      5.303200  3.671078  8.495960            0           0           0  
      2.272800  3.671078  8.495960            0           0           0  
      3.788000  0.898122  9.654260            0           0           0  
      0.757600  0.898122  9.654260            0           0           0  
      0.757600  3.122911 11.002200            0           0           0  
      3.788000  3.122911 11.002200            0           0           0  
      5.294256  0.837693 12.158582     0.006818    0.007509    0.005490  
      2.281744  0.837693 12.158582    -0.000453    0.012023    0.000314  
      2.240833  3.209455 13.466325     0.018581    0.018515    0.007212  
      5.335167  3.209455 13.466325    -0.015576    0.009518   -0.004279  
      0.757600  1.386630 14.620486     0.010955    0.039284    0.001128  
      3.788000  1.552981 14.674304    -0.002791   -0.007629    0.027904  
      0.757600  3.684239 15.810118    -0.019457    0.065943   -0.057886  
      3.788000  3.912004 15.840536     0.009261   -0.026129    0.064132  
      2.361442  2.021276 16.990149    -0.080493    0.000769   -0.011331  
      5.214558  2.021276 16.990149     0.070572   -0.074476   -0.048124  
      3.788000  3.178764 17.575471     0.033691   -0.196245    0.025510  
 
  53 f  =    3.911229 THz    24.574978 2PiTHz  130.464561 cm-1    16.175537 meV
             X         Y         Z           dx          dy          dz
      0.757600  0.275888  7.661940            0           0           0  
      3.788000  0.275888  7.661940            0           0           0  
      2.272800  4.293312 10.488280            0           0           0  
      5.303200  4.293312 10.488280            0           0           0  
      0.757600  1.995239 12.648624    -0.011800    0.009935   -0.000702  
      3.788000  2.024210 12.697098    -0.001664    0.000282    0.008025  
      2.277749  2.641501 15.399969    -0.001495   -0.045916   -0.031286  
      5.298251  2.641501 15.399969     0.010690    0.055441    0.035403  
      2.272800  2.723746  8.125040            0           0           0  
      5.303200  2.723746  8.125040            0           0           0  
      0.757600  1.845454 10.025180            0           0           0  
      3.788000  1.845454 10.025180            0           0           0  
      2.245263  4.174099 13.110786     0.001891    0.000101   -0.008230  
      5.330737  4.174099 13.110786    -0.009497    0.010666    0.005782  
      0.757600  0.480168 15.079181    -0.000812    0.010599    0.001563  
      3.788000  0.260957 15.365325    -0.016028   -0.006457    0.033260  
      0.757600  3.730889  6.005560            0           0           0  
      3.788000  3.730889  6.005560            0           0           0  
      2.272800  1.446289  7.148020            0           0           0  
      5.303200  1.446289  7.148020            0           0           0  
      5.303200  3.671078  8.495960            0           0           0  
      2.272800  3.671078  8.495960            0           0           0  
      3.788000  0.898122  9.654260            0           0           0  
      0.757600  0.898122  9.654260            0           0           0  
      0.757600  3.122911 11.002200            0           0           0  
      3.788000  3.122911 11.002200            0           0           0  
      5.294256  0.837693 12.158582    -0.005030    0.009178   -0.004834  
      2.281744  0.837693 12.158582    -0.008154   -0.001578    0.007537  
      2.240833  3.209455 13.466325     0.004551   -0.005106   -0.013415  
      5.335167  3.209455 13.466325    -0.010037    0.015967    0.014618  
      0.757600  1.386630 14.620486    -0.025795    0.016428    0.000739  
      3.788000  1.552981 14.674304     0.006645   -0.003656    0.011981  
      0.757600  3.684239 15.810118     0.046491    0.027977   -0.025063  
      3.788000  3.912004 15.840536    -0.022346   -0.011326    0.026742  
      2.361442  2.021276 16.990149    -0.021780   -0.104175   -0.056487  
      5.214558  2.021276 16.990149     0.042292    0.074085    0.031953  
      3.788000  3.178764 17.575471    -0.081808   -0.082377    0.010766  
 
  54 f  =    3.301650 THz    20.744882 2PiTHz  110.131206 cm-1    13.654523 meV
             X         Y         Z           dx          dy          dz
      0.757600  0.275888  7.661940            0           0           0  
      3.788000  0.275888  7.661940            0           0           0  
      2.272800  4.293312 10.488280            0           0           0  
      5.303200  4.293312 10.488280            0           0           0  
      0.757600  1.995239 12.648624    -0.044477    0.000093    0.000020  
      3.788000  2.024210 12.697098    -0.032864    0.000109    0.000016  
      2.277749  2.641501 15.399969     0.012186    0.020355   -0.042162  
      5.298251  2.641501 15.399969     0.012171   -0.020066    0.042182  
      2.272800  2.723746  8.125040            0           0           0  
      5.303200  2.723746  8.125040            0           0           0  
      0.757600  1.845454 10.025180            0           0           0  
      3.788000  1.845454 10.025180            0           0           0  
      2.245263  4.174099 13.110786    -0.026065    0.012241   -0.023240  
      5.330737  4.174099 13.110786    -0.026064   -0.011963    0.023209  
      0.757600  0.480168 15.079181     0.000002    0.000157    0.000012  
      3.788000  0.260957 15.365325     0.077797    0.000128    0.000104  
      0.757600  3.730889  6.005560            0           0           0  
      3.788000  3.730889  6.005560            0           0           0  
      2.272800  1.446289  7.148020            0           0           0  
      5.303200  1.446289  7.148020            0           0           0  
      5.303200  3.671078  8.495960            0           0           0  
      2.272800  3.671078  8.495960            0           0           0  
      3.788000  0.898122  9.654260            0           0           0  
      0.757600  0.898122  9.654260            0           0           0  
      0.757600  3.122911 11.002200            0           0           0  
      3.788000  3.122911 11.002200            0           0           0  
      5.294256  0.837693 12.158582    -0.035055    0.000442   -0.003553  
      2.281744  0.837693 12.158582    -0.035047   -0.000270    0.003528  
      2.240833  3.209455 13.466325    -0.017600    0.007565   -0.020015  
      5.335167  3.209455 13.466325    -0.017572   -0.007287    0.020044  
      0.757600  1.386630 14.620486    -0.070917    0.000118   -0.000014  
      3.788000  1.552981 14.674304    -0.062978    0.000164   -0.000007  
      0.757600  3.684239 15.810118     0.088251    0.000062    0.000156  
      3.788000  3.912004 15.840536     0.088174    0.000140    0.000082  
      2.361442  2.021276 16.990149    -0.030965    0.046991    0.004353  
      5.214558  2.021276 16.990149    -0.031057   -0.047105   -0.004432  
      3.788000  3.178764 17.575471     0.005890   -0.000019    0.000019  
 
  55 f  =    3.023382 THz    18.996468 2PiTHz  100.849162 cm-1    12.503697 meV
             X         Y         Z           dx          dy          dz
      0.757600  0.275888  7.661940            0           0           0  
      3.788000  0.275888  7.661940            0           0           0  
      2.272800  4.293312 10.488280            0           0           0  
      5.303200  4.293312 10.488280            0           0           0  
      0.757600  1.995239 12.648624     0.000007   -0.003877   -0.028085  
      3.788000  2.024210 12.697098     0.000020   -0.005414   -0.032368  
      2.277749  2.641501 15.399969    -0.001854    0.001516   -0.061246  
      5.298251  2.641501 15.399969     0.001910    0.001511   -0.061168  
      2.272800  2.723746  8.125040            0           0           0  
      5.303200  2.723746  8.125040            0           0           0  
      0.757600  1.845454 10.025180            0           0           0  
      3.788000  1.845454 10.025180            0           0           0  
      2.245263  4.174099 13.110786     0.000696    0.002387   -0.037651  
      5.330737  4.174099 13.110786    -0.000668    0.002371   -0.037611  
      0.757600  0.480168 15.079181     0.000028   -0.002779   -0.036583  
      3.788000  0.260957 15.365325     0.000058   -0.000479   -0.062347  
      0.757600  3.730889  6.005560            0           0           0  
      3.788000  3.730889  6.005560            0           0           0  
      2.272800  1.446289  7.148020            0           0           0  
      5.303200  1.446289  7.148020            0           0           0  
      5.303200  3.671078  8.495960            0           0           0  
      2.272800  3.671078  8.495960            0           0           0  
      3.788000  0.898122  9.654260            0           0           0  
      0.757600  0.898122  9.654260            0           0           0  
      0.757600  3.122911 11.002200            0           0           0  
      3.788000  3.122911 11.002200            0           0           0  
      5.294256  0.837693 12.158582     0.000944   -0.005750   -0.018231  
      2.281744  0.837693 12.158582    -0.000928   -0.005754   -0.018223  
      2.240833  3.209455 13.466325     0.001466   -0.001659   -0.043296  
      5.335167  3.209455 13.466325    -0.001426   -0.001666   -0.043261  
      0.757600  1.386630 14.620486    -0.000018    0.000620   -0.041551  
      3.788000  1.552981 14.674304    -0.000007   -0.007808   -0.050542  
      0.757600  3.684239 15.810118     0.000078    0.012372   -0.074816  
      3.788000  3.912004 15.840536     0.000060   -0.005842   -0.065926  
      2.361442  2.021276 16.990149    -0.006772    0.001931   -0.065226  
      5.214558  2.021276 16.990149     0.006742    0.001919   -0.065196  
      3.788000  3.178764 17.575471    -0.000062   -0.011092   -0.065761  
 
  56 f  =    1.667409 THz    10.476640 2PiTHz   55.618779 cm-1     6.895847 meV
             X         Y         Z           dx          dy          dz
      0.757600  0.275888  7.661940            0           0           0  
      3.788000  0.275888  7.661940            0           0           0  
      2.272800  4.293312 10.488280            0           0           0  
      5.303200  4.293312 10.488280            0           0           0  
      0.757600  1.995239 12.648624    -0.000075    0.017941    0.007611  
      3.788000  2.024210 12.697098    -0.000089    0.018266    0.004455  
      2.277749  2.641501 15.399969     0.000006    0.062664   -0.001193  
      5.298251  2.641501 15.399969    -0.000347    0.062909   -0.001309  
      2.272800  2.723746  8.125040            0           0           0  
      5.303200  2.723746  8.125040            0           0           0  
      0.757600  1.845454 10.025180            0           0           0  
      3.788000  1.845454 10.025180            0           0           0  
      2.245263  4.174099 13.110786     0.000546    0.028437   -0.016988  
      5.330737  4.174099 13.110786    -0.000764    0.028503   -0.017075  
      0.757600  0.480168 15.079181    -0.000183    0.053842    0.017825  
      3.788000  0.260957 15.365325    -0.000329    0.066593   -0.014831  
      0.757600  3.730889  6.005560            0           0           0  
      3.788000  3.730889  6.005560            0           0           0  
      2.272800  1.446289  7.148020            0           0           0  
      5.303200  1.446289  7.148020            0           0           0  
      5.303200  3.671078  8.495960            0           0           0  
      2.272800  3.671078  8.495960            0           0           0  
      3.788000  0.898122  9.654260            0           0           0  
      0.757600  0.898122  9.654260            0           0           0  
      0.757600  3.122911 11.002200            0           0           0  
      3.788000  3.122911 11.002200            0           0           0  
      5.294256  0.837693 12.158582     0.000333    0.013901    0.001831  
      2.281744  0.837693 12.158582    -0.000453    0.013892    0.001834  
      2.240833  3.209455 13.466325     0.000350    0.028310   -0.006786  
      5.335167  3.209455 13.466325    -0.000602    0.028369   -0.006837  
      0.757600  1.386630 14.620486    -0.000078    0.054283    0.012366  
      3.788000  1.552981 14.674304    -0.000019    0.050800    0.008079  
      0.757600  3.684239 15.810118    -0.000277    0.066337   -0.009545  
      3.788000  3.912004 15.840536    -0.000350    0.060381   -0.014909  
      2.361442  2.021276 16.990149    -0.000451    0.079668    0.005105  
      5.214558  2.021276 16.990149     0.000408    0.080357    0.005279  
      3.788000  3.178764 17.575471    -0.000314    0.084984   -0.004639  
 
  57 f  =    1.543769 THz     9.699789 2PiTHz   51.494602 cm-1     6.384514 meV
             X         Y         Z           dx          dy          dz
      0.757600  0.275888  7.661940            0           0           0  
      3.788000  0.275888  7.661940            0           0           0  
      2.272800  4.293312 10.488280            0           0           0  
      5.303200  4.293312 10.488280            0           0           0  
      0.757600  1.995239 12.648624    -0.029822   -0.000045   -0.000022  
      3.788000  2.024210 12.697098    -0.031145   -0.000058   -0.000014  
      2.277749  2.641501 15.399969    -0.061660   -0.000926    0.003820  
      5.298251  2.641501 15.399969    -0.061644    0.000582   -0.003847  
      2.272800  2.723746  8.125040            0           0           0  
      5.303200  2.723746  8.125040            0           0           0  
      0.757600  1.845454 10.025180            0           0           0  
      3.788000  1.845454 10.025180            0           0           0  
      2.245263  4.174099 13.110786    -0.037490   -0.000408    0.002249  
      5.330737  4.174099 13.110786    -0.037512    0.000245   -0.002175  
      0.757600  0.480168 15.079181    -0.049872   -0.000149   -0.000048  
      3.788000  0.260957 15.365325    -0.072096   -0.000186    0.000048  
      0.757600  3.730889  6.005560            0           0           0  
      3.788000  3.730889  6.005560            0           0           0  
      2.272800  1.446289  7.148020            0           0           0  
      5.303200  1.446289  7.148020            0           0           0  
      5.303200  3.671078  8.495960            0           0           0  
      2.272800  3.671078  8.495960            0           0           0  
      3.788000  0.898122  9.654260            0           0           0  
      0.757600  0.898122  9.654260            0           0           0  
      0.757600  3.122911 11.002200            0           0           0  
      3.788000  3.122911 11.002200            0           0           0  
      5.294256  0.837693 12.158582    -0.023801   -0.000310    0.000127  
      2.281744  0.837693 12.158582    -0.023805    0.000220   -0.000123  
      2.240833  3.209455 13.466325    -0.040868    0.000063    0.002110  
      5.335167  3.209455 13.466325    -0.040903   -0.000229   -0.002097  
      0.757600  1.386630 14.620486    -0.037790   -0.000125   -0.000028  
      3.788000  1.552981 14.674304    -0.042157   -0.000158   -0.000020  
      0.757600  3.684239 15.810118    -0.074008   -0.000122   -0.000090  
      3.788000  3.912004 15.840536    -0.076159   -0.000183    0.000040  
      2.361442  2.021276 16.990149    -0.063306   -0.004031   -0.002608  
      5.214558  2.021276 16.990149    -0.063276    0.003552    0.002495  
      3.788000  3.178764 17.575471    -0.067060   -0.000313    0.000002  
 
