 Eigenvectors and eigenvalues of the dynamical matrix
 ----------------------------------------------------
 
 
   1 f  =   90.814254 THz   570.602788 2PiTHz 3029.237453 cm-1   375.577408 meV
             X         Y         Z           dx          dy          dz
      1.429599  0.825380  4.328656            0           0           0  
     -0.000000  3.301519  4.328656            0           0           0  
      4.288798  0.825380  4.328656            0           0           0  
      2.859199  3.301519  4.328656            0           0           0  
     -0.000428  1.651183  8.980846     0.000275    0.000081   -0.000030  
     -1.429874  4.127056  8.980904    -0.000134    0.000036    0.000051  
      2.858786  1.650998  9.007609    -0.000144    0.000105   -0.000001  
      1.429018  4.127057  8.980846     0.000107   -0.000298   -0.000021  
      0.000000  1.650759  3.366345            0           0           0  
     -1.429599  4.126898  3.366345            0           0           0  
      2.859199  1.650759  3.366345            0           0           0  
      1.429599  4.126898  3.366345            0           0           0  
      0.000000  0.000000  5.290967            0           0           0  
     -1.429599  2.476139  5.290967            0           0           0  
      2.859199  0.000000  5.290967            0           0           0  
      1.429599  2.476139  5.290967            0           0           0  
      5.717995  0.000232  7.946802    -0.000007    0.000002    0.000026  
     -1.408999  2.488531  7.910030    -0.004177   -0.002421    0.020252  
     -0.000432  4.928241  7.910030     0.000008    0.007027    0.029492  
      1.408189  2.488500  7.910010    -0.010369    0.005991   -0.050357  
      1.431374  0.826891  9.895508     0.000003   -0.000026    0.000020  
     -0.000424  3.301763  9.883433    -0.000011    0.000008   -0.000005  
      4.286194  0.826883  9.895492    -0.000023    0.000010   -0.000063  
      2.858778  3.299226  9.895508     0.000022    0.000016    0.000032  
      0.000000  1.650759  2.164328            0           0           0  
     -1.429599  4.126898  2.164328            0           0           0  
      2.859199  1.650759  2.164328            0           0           0  
      1.429599  4.126898  2.164328            0           0           0  
      5.718096  0.000174  6.939806     0.000559   -0.000411   -0.000406  
     -1.221829  2.596481  6.929365     0.076531    0.044277   -0.304489  
     -0.000334  4.712172  6.929365    -0.000044   -0.128738   -0.443343  
      1.221316  2.596392  6.929294     0.190246   -0.109843    0.757330  
      2.858913  1.650924  6.557930    -0.001054    0.000769    0.000026  
 
   2 f  =   90.811237 THz   570.583832 2PiTHz 3029.136818 cm-1   375.564931 meV
             X         Y         Z           dx          dy          dz
      1.429599  0.825380  4.328656            0           0           0  
     -0.000000  3.301519  4.328656            0           0           0  
      4.288798  0.825380  4.328656            0           0           0  
      2.859199  3.301519  4.328656            0           0           0  
     -0.000428  1.651183  8.980846    -0.000200    0.000110   -0.000042  
     -1.429874  4.127056  8.980904    -0.000156   -0.000300   -0.000006  
      2.858786  1.650998  9.007609     0.000104    0.000143    0.000000  
      1.429018  4.127057  8.980846     0.000176   -0.000057    0.000048  
      0.000000  1.650759  3.366345            0           0           0  
     -1.429599  4.126898  3.366345            0           0           0  
      2.859199  1.650759  3.366345            0           0           0  
      1.429599  4.126898  3.366345            0           0           0  
      0.000000  0.000000  5.290967            0           0           0  
     -1.429599  2.476139  5.290967            0           0           0  
      2.859199  0.000000  5.290967            0           0           0  
      1.429599  2.476139  5.290967            0           0           0  
      5.717995  0.000232  7.946802     0.000004    0.000007    0.000008  
     -1.408999  2.488531  7.910030     0.009519    0.005485   -0.046115  
     -0.000432  4.928241  7.910030    -0.000012    0.009710    0.040761  
      1.408189  2.488500  7.910010     0.001090   -0.000645    0.005325  
      1.431374  0.826891  9.895508     0.000026    0.000002   -0.000056  
     -0.000424  3.301763  9.883433     0.000010    0.000013   -0.000000  
      4.286194  0.826883  9.895492    -0.000012   -0.000026    0.000006  
      2.858778  3.299226  9.895508    -0.000016    0.000021    0.000050  
      0.000000  1.650759  2.164328            0           0           0  
     -1.429599  4.126898  2.164328            0           0           0  
      2.859199  1.650759  2.164328            0           0           0  
      1.429599  4.126898  2.164328            0           0           0  
      5.718096  0.000174  6.939806    -0.000411   -0.000564   -0.000123  
     -1.221829  2.596481  6.929365    -0.174432   -0.100602    0.693308  
     -0.000334  4.712172  6.929365     0.000062   -0.177997   -0.612858  
      1.221316  2.596392  6.929294    -0.020025    0.011703   -0.080044  
      2.858913  1.650924  6.557930     0.000768    0.001056   -0.000001  
 
   3 f  =   90.576236 THz   569.107276 2PiTHz 3021.298026 cm-1   374.593045 meV
             X         Y         Z           dx          dy          dz
      1.429599  0.825380  4.328656            0           0           0  
     -0.000000  3.301519  4.328656            0           0           0  
      4.288798  0.825380  4.328656            0           0           0  
      2.859199  3.301519  4.328656            0           0           0  
     -0.000428  1.651183  8.980846    -0.000002    0.000202   -0.000020  
     -1.429874  4.127056  8.980904     0.000176   -0.000101   -0.000021  
      2.858786  1.650998  9.007609    -0.000000    0.000000   -0.000036  
      1.429018  4.127057  8.980846    -0.000176   -0.000100   -0.000020  
      0.000000  1.650759  3.366345            0           0           0  
     -1.429599  4.126898  3.366345            0           0           0  
      2.859199  1.650759  3.366345            0           0           0  
      1.429599  4.126898  3.366345            0           0           0  
      0.000000  0.000000  5.290967            0           0           0  
     -1.429599  2.476139  5.290967            0           0           0  
      2.859199  0.000000  5.290967            0           0           0  
      1.429599  2.476139  5.290967            0           0           0  
      5.717995  0.000232  7.946802    -0.000001   -0.000002    0.005068  
     -1.408999  2.488531  7.910030     0.007453    0.004302   -0.035206  
     -0.000432  4.928241  7.910030     0.000003   -0.008626   -0.035283  
      1.408189  2.488500  7.910010    -0.007356    0.004252   -0.034802  
      1.431374  0.826891  9.895508    -0.000072   -0.000040   -0.000525  
     -0.000424  3.301763  9.883433     0.000002   -0.000001   -0.000837  
      4.286194  0.826883  9.895492     0.000072   -0.000041   -0.000521  
      2.858778  3.299226  9.895508    -0.000001    0.000083   -0.000524  
      0.000000  1.650759  2.164328            0           0           0  
     -1.429599  4.126898  2.164328            0           0           0  
      2.859199  1.650759  2.164328            0           0           0  
      1.429599  4.126898  2.164328            0           0           0  
      5.718096  0.000174  6.939806     0.000001   -0.000000   -0.070995  
     -1.221829  2.596481  6.929365    -0.136959   -0.079025    0.536147  
     -0.000334  4.712172  6.929365    -0.000054    0.158466    0.537315  
      1.221316  2.596392  6.929294     0.135224   -0.078105    0.530197  
      2.858913  1.650924  6.557930     0.000005   -0.000003    0.003786  
 
   4 f  =   89.051380 THz   559.526323 2PiTHz 2970.434301 cm-1   368.286750 meV
             X         Y         Z           dx          dy          dz
      1.429599  0.825380  4.328656            0           0           0  
     -0.000000  3.301519  4.328656            0           0           0  
      4.288798  0.825380  4.328656            0           0           0  
      2.859199  3.301519  4.328656            0           0           0  
     -0.000428  1.651183  8.980846    -0.000000   -0.000314    0.000025  
     -1.429874  4.127056  8.980904    -0.000272    0.000157    0.000025  
      2.858786  1.650998  9.007609    -0.000000    0.000000   -0.000034  
      1.429018  4.127057  8.980846     0.000272    0.000157    0.000025  
      0.000000  1.650759  3.366345            0           0           0  
     -1.429599  4.126898  3.366345            0           0           0  
      2.859199  1.650759  3.366345            0           0           0  
      1.429599  4.126898  3.366345            0           0           0  
      0.000000  0.000000  5.290967            0           0           0  
     -1.429599  2.476139  5.290967            0           0           0  
      2.859199  0.000000  5.290967            0           0           0  
      1.429599  2.476139  5.290967            0           0           0  
      5.717995  0.000232  7.946802     0.000006   -0.000004   -0.064191  
     -1.408999  2.488531  7.910030     0.000542    0.000313   -0.002391  
     -0.000432  4.928241  7.910030     0.000000   -0.000624   -0.002382  
      1.408189  2.488500  7.910010    -0.000540    0.000312   -0.002384  
      1.431374  0.826891  9.895508    -0.000002   -0.000001   -0.000233  
     -0.000424  3.301763  9.883433    -0.000000   -0.000000   -0.001074  
      4.286194  0.826883  9.895492     0.000002   -0.000001   -0.000232  
      2.858778  3.299226  9.895508     0.000000    0.000002   -0.000233  
      0.000000  1.650759  2.164328            0           0           0  
     -1.429599  4.126898  2.164328            0           0           0  
      2.859199  1.650759  2.164328            0           0           0  
      1.429599  4.126898  2.164328            0           0           0  
      5.718096  0.000174  6.939806    -0.000071    0.000042    0.963629  
     -1.221829  2.596481  6.929365    -0.010604   -0.006119    0.039708  
     -0.000334  4.712172  6.929365    -0.000011    0.012199    0.039570  
      1.221316  2.596392  6.929294     0.010565   -0.006100    0.039616  
      2.858913  1.650924  6.557930     0.000000    0.000001    0.000177  
 
   5 f  =   35.457436 THz   222.785642 2PiTHz 1182.732762 cm-1   146.640107 meV
             X         Y         Z           dx          dy          dz
      1.429599  0.825380  4.328656            0           0           0  
     -0.000000  3.301519  4.328656            0           0           0  
      4.288798  0.825380  4.328656            0           0           0  
      2.859199  3.301519  4.328656            0           0           0  
     -0.000428  1.651183  8.980846     0.000005    0.000650    0.001836  
     -1.429874  4.127056  8.980904     0.000556   -0.000323    0.001811  
      2.858786  1.650998  9.007609    -0.000006    0.000005    0.002317  
      1.429018  4.127057  8.980846    -0.000559   -0.000339    0.001824  
      0.000000  1.650759  3.366345            0           0           0  
     -1.429599  4.126898  3.366345            0           0           0  
      2.859199  1.650759  3.366345            0           0           0  
      1.429599  4.126898  3.366345            0           0           0  
      0.000000  0.000000  5.290967            0           0           0  
     -1.429599  2.476139  5.290967            0           0           0  
      2.859199  0.000000  5.290967            0           0           0  
      1.429599  2.476139  5.290967            0           0           0  
      5.717995  0.000232  7.946802    -0.000010   -0.000033   -0.001489  
     -1.408999  2.488531  7.910030     0.022981    0.013291    0.004718  
     -0.000432  4.928241  7.910030     0.000008   -0.026574    0.004719  
      1.408189  2.488500  7.910010    -0.023008    0.013357    0.004966  
      1.431374  0.826891  9.895508     0.002121    0.001268    0.000291  
     -0.000424  3.301763  9.883433     0.000048   -0.000023    0.001127  
      4.286194  0.826883  9.895492    -0.002155    0.001245    0.000362  
      2.858778  3.299226  9.895508    -0.000021   -0.002459    0.000301  
      0.000000  1.650759  2.164328            0           0           0  
     -1.429599  4.126898  2.164328            0           0           0  
      2.859199  1.650759  2.164328            0           0           0  
      1.429599  4.126898  2.164328            0           0           0  
      5.718096  0.000174  6.939806     0.000114   -0.000516   -0.002450  
     -1.221829  2.596481  6.929365    -0.469201   -0.269991   -0.161753  
     -0.000334  4.712172  6.929365    -0.000499    0.541123   -0.161677  
      1.221316  2.596392  6.929294     0.473126   -0.271974   -0.162555  
      2.858913  1.650924  6.557930    -0.000276    0.000226    0.014413  
 
   6 f  =   33.577983 THz   210.976688 2PiTHz 1120.040945 cm-1   138.867316 meV
             X         Y         Z           dx          dy          dz
      1.429599  0.825380  4.328656            0           0           0  
     -0.000000  3.301519  4.328656            0           0           0  
      4.288798  0.825380  4.328656            0           0           0  
      2.859199  3.301519  4.328656            0           0           0  
     -0.000428  1.651183  8.980846     0.000609   -0.000161    0.001435  
     -1.429874  4.127056  8.980904     0.000251   -0.000157   -0.002809  
      2.858786  1.650998  9.007609     0.004929   -0.002935   -0.000032  
      1.429018  4.127057  8.980846     0.000438   -0.000471    0.001355  
      0.000000  1.650759  3.366345            0           0           0  
     -1.429599  4.126898  3.366345            0           0           0  
      2.859199  1.650759  3.366345            0           0           0  
      1.429599  4.126898  3.366345            0           0           0  
      0.000000  0.000000  5.290967            0           0           0  
     -1.429599  2.476139  5.290967            0           0           0  
      2.859199  0.000000  5.290967            0           0           0  
      1.429599  2.476139  5.290967            0           0           0  
      5.717995  0.000232  7.946802    -0.013945    0.008283   -0.000044  
     -1.408999  2.488531  7.910030    -0.007722   -0.016957   -0.004287  
     -0.000432  4.928241  7.910030     0.010660    0.015848   -0.004474  
      1.408189  2.488500  7.910010    -0.026214    0.015037    0.008948  
      1.431374  0.826891  9.895508    -0.001773   -0.000838    0.000592  
     -0.000424  3.301763  9.883433    -0.001681    0.001009   -0.000019  
      4.286194  0.826883  9.895492    -0.003464    0.002001   -0.001300  
      2.858778  3.299226  9.895508    -0.000135    0.002065    0.000631  
      0.000000  1.650759  2.164328            0           0           0  
     -1.429599  4.126898  2.164328            0           0           0  
      2.859199  1.650759  2.164328            0           0           0  
      1.429599  4.126898  2.164328            0           0           0  
      5.718096  0.000174  6.939806     0.238215   -0.142852   -0.000023  
     -1.221829  2.596481  6.929365     0.204166    0.327507    0.098536  
     -0.000334  4.712172  6.929365    -0.178125   -0.356993    0.103335  
      1.221316  2.596392  6.929294     0.601163   -0.342362   -0.199482  
      2.858913  1.650924  6.557930    -0.070596    0.042139   -0.000104  
 
   7 f  =   33.572762 THz   210.943887 2PiTHz 1119.866810 cm-1   138.845726 meV
             X         Y         Z           dx          dy          dz
      1.429599  0.825380  4.328656            0           0           0  
     -0.000000  3.301519  4.328656            0           0           0  
      4.288798  0.825380  4.328656            0           0           0  
      2.859199  3.301519  4.328656            0           0           0  
     -0.000428  1.651183  8.980846    -0.000358   -0.000271    0.002405  
     -1.429874  4.127056  8.980904    -0.000354   -0.000600    0.000042  
      2.858786  1.650998  9.007609    -0.002967   -0.004960   -0.000005  
      1.429018  4.127057  8.980846    -0.000066   -0.000436   -0.002448  
      0.000000  1.650759  3.366345            0           0           0  
     -1.429599  4.126898  3.366345            0           0           0  
      2.859199  1.650759  3.366345            0           0           0  
      1.429599  4.126898  3.366345            0           0           0  
      0.000000  0.000000  5.290967            0           0           0  
     -1.429599  2.476139  5.290967            0           0           0  
      2.859199  0.000000  5.290967            0           0           0  
      1.429599  2.476139  5.290967            0           0           0  
      5.717995  0.000232  7.946802     0.008381    0.014032   -0.000008  
     -1.408999  2.488531  7.910030     0.026151    0.008072    0.007579  
     -0.000432  4.928241  7.910030    -0.006396    0.026310   -0.007471  
      1.408189  2.488500  7.910010    -0.005820   -0.011049   -0.000081  
      1.431374  0.826891  9.895508     0.002992    0.001807   -0.001183  
     -0.000424  3.301763  9.883433     0.001063    0.001754    0.000002  
      4.286194  0.826883  9.895492     0.000113    0.000078    0.000027  
      2.858778  3.299226  9.895508     0.000060    0.003442    0.001143  
      0.000000  1.650759  2.164328            0           0           0  
     -1.429599  4.126898  2.164328            0           0           0  
      2.859199  1.650759  2.164328            0           0           0  
      1.429599  4.126898  2.164328            0           0           0  
      5.718096  0.000174  6.939806    -0.143192   -0.239602   -0.000010  
     -1.221829  2.596481  6.929365    -0.574602   -0.214549   -0.175021  
     -0.000334  4.712172  6.929365     0.106847   -0.595565    0.172331  
      1.221316  2.596392  6.929294     0.095352    0.185089    0.002952  
      2.858913  1.650924  6.557930     0.042059    0.070551    0.000001  
 
   8 f  =   31.701751 THz   199.187978 2PiTHz 1057.456598 cm-1   131.107850 meV
             X         Y         Z           dx          dy          dz
      1.429599  0.825380  4.328656            0           0           0  
     -0.000000  3.301519  4.328656            0           0           0  
      4.288798  0.825380  4.328656            0           0           0  
      2.859199  3.301519  4.328656            0           0           0  
     -0.000428  1.651183  8.980846     0.003002    0.001260   -0.000768  
     -1.429874  4.127056  8.980904    -0.003612    0.002998    0.002824  
      2.858786  1.650998  9.007609     0.001087   -0.000283   -0.000013  
      1.429018  4.127057  8.980846    -0.001805   -0.003603   -0.002059  
      0.000000  1.650759  3.366345            0           0           0  
     -1.429599  4.126898  3.366345            0           0           0  
      2.859199  1.650759  3.366345            0           0           0  
      1.429599  4.126898  3.366345            0           0           0  
      0.000000  0.000000  5.290967            0           0           0  
     -1.429599  2.476139  5.290967            0           0           0  
      2.859199  0.000000  5.290967            0           0           0  
      1.429599  2.476139  5.290967            0           0           0  
      5.717995  0.000232  7.946802     0.051645   -0.014159   -0.000033  
     -1.408999  2.488531  7.910030    -0.012555    0.004007   -0.003613  
     -0.000432  4.928241  7.910030    -0.013135    0.003305   -0.001346  
      1.408189  2.488500  7.910010    -0.011979    0.002978    0.005065  
      1.431374  0.826891  9.895508    -0.000677   -0.000747    0.000149  
     -0.000424  3.301763  9.883433     0.003571   -0.000985   -0.000007  
      4.286194  0.826883  9.895492    -0.001085    0.000765   -0.000217  
      2.858778  3.299226  9.895508     0.000427    0.000359    0.000040  
      0.000000  1.650759  2.164328            0           0           0  
     -1.429599  4.126898  2.164328            0           0           0  
      2.859199  1.650759  2.164328            0           0           0  
      1.429599  4.126898  2.164328            0           0           0  
      5.718096  0.000174  6.939806    -0.837691    0.228832   -0.000112  
     -1.221829  2.596481  6.929365     0.240729   -0.033323    0.053922  
     -0.000334  4.712172  6.929365     0.202082   -0.071301    0.020059  
      1.221316  2.596392  6.929294     0.253681   -0.084352   -0.073265  
      2.858913  1.650924  6.557930    -0.018118    0.004900   -0.000028  
 
   9 f  =   31.700820 THz   199.182127 2PiTHz 1057.425539 cm-1   131.103999 meV
             X         Y         Z           dx          dy          dz
      1.429599  0.825380  4.328656            0           0           0  
     -0.000000  3.301519  4.328656            0           0           0  
      4.288798  0.825380  4.328656            0           0           0  
      2.859199  3.301519  4.328656            0           0           0  
     -0.000428  1.651183  8.980846     0.000819   -0.004613    0.002808  
     -1.429874  4.127056  8.980904     0.002560    0.002002   -0.000739  
      2.858786  1.650998  9.007609     0.000299    0.001115   -0.000002  
      1.429018  4.127057  8.980846    -0.004039    0.000203   -0.002070  
      0.000000  1.650759  3.366345            0           0           0  
     -1.429599  4.126898  3.366345            0           0           0  
      2.859199  1.650759  3.366345            0           0           0  
      1.429599  4.126898  3.366345            0           0           0  
      0.000000  0.000000  5.290967            0           0           0  
     -1.429599  2.476139  5.290967            0           0           0  
      2.859199  0.000000  5.290967            0           0           0  
      1.429599  2.476139  5.290967            0           0           0  
      5.717995  0.000232  7.946802     0.014097    0.051638   -0.000004  
     -1.408999  2.488531  7.910030    -0.002892   -0.012761   -0.003646  
     -0.000432  4.928241  7.910030    -0.003580   -0.012046    0.004954  
      1.408189  2.488500  7.910010    -0.003807   -0.013045   -0.001293  
      1.431374  0.826891  9.895508    -0.001008   -0.000209    0.000170  
     -0.000424  3.301763  9.883433     0.000971    0.003527    0.000002  
      4.286194  0.826883  9.895492     0.000528    0.000208    0.000068  
      2.858778  3.299226  9.895508     0.000117   -0.001329   -0.000252  
      0.000000  1.650759  2.164328            0           0           0  
     -1.429599  4.126898  2.164328            0           0           0  
      2.859199  1.650759  2.164328            0           0           0  
      1.429599  4.126898  2.164328            0           0           0  
      5.718096  0.000174  6.939806    -0.228613   -0.837027    0.000018  
     -1.221829  2.596481  6.929365     0.093790    0.224582    0.054352  
     -0.000334  4.712172  6.929365     0.055007    0.262987   -0.073860  
      1.221316  2.596392  6.929294     0.041007    0.210732    0.019629  
      2.858913  1.650924  6.557930    -0.004931   -0.018234   -0.000009  
 
  10 f  =   27.387644 THz   172.081642 2PiTHz  913.553469 cm-1   113.266144 meV
             X         Y         Z           dx          dy          dz
      1.429599  0.825380  4.328656            0           0           0  
     -0.000000  3.301519  4.328656            0           0           0  
      4.288798  0.825380  4.328656            0           0           0  
      2.859199  3.301519  4.328656            0           0           0  
     -0.000428  1.651183  8.980846    -0.000169   -0.002668   -0.004205  
     -1.429874  4.127056  8.980904    -0.000778   -0.003845    0.001963  
      2.858786  1.650998  9.007609     0.000169    0.003594    0.000016  
      1.429018  4.127057  8.980846     0.000555   -0.003799    0.002242  
      0.000000  1.650759  3.366345            0           0           0  
     -1.429599  4.126898  3.366345            0           0           0  
      2.859199  1.650759  3.366345            0           0           0  
      1.429599  4.126898  3.366345            0           0           0  
      0.000000  0.000000  5.290967            0           0           0  
     -1.429599  2.476139  5.290967            0           0           0  
      2.859199  0.000000  5.290967            0           0           0  
      1.429599  2.476139  5.290967            0           0           0  
      5.717995  0.000232  7.946802     0.000777    0.019911    0.000043  
     -1.408999  2.488531  7.910030    -0.015663    0.031770    0.002645  
     -0.000432  4.928241  7.910030     0.001540    0.004089   -0.004915  
      1.408189  2.488500  7.910010     0.016581    0.033157    0.002101  
      1.431374  0.826891  9.895508     0.000698    0.001857   -0.000205  
     -0.000424  3.301763  9.883433     0.000108    0.004392    0.000012  
      4.286194  0.826883  9.895492    -0.000501    0.001855   -0.000277  
      2.858778  3.299226  9.895508     0.000084    0.002916    0.000535  
      0.000000  1.650759  2.164328            0           0           0  
     -1.429599  4.126898  2.164328            0           0           0  
      2.859199  1.650759  2.164328            0           0           0  
      1.429599  4.126898  2.164328            0           0           0  
      5.718096  0.000174  6.939806    -0.012701   -0.330074    0.000061  
     -1.221829  2.596481  6.929365     0.250186   -0.572101   -0.017969  
     -0.000334  4.712172  6.929365    -0.026817   -0.130275    0.033797  
      1.221316  2.596392  6.929294    -0.271871   -0.594032   -0.016284  
      2.858913  1.650924  6.557930    -0.000355   -0.008122    0.000017  
 
  11 f  =   27.371846 THz   171.982382 2PiTHz  913.026511 cm-1   113.200809 meV
             X         Y         Z           dx          dy          dz
      1.429599  0.825380  4.328656            0           0           0  
     -0.000000  3.301519  4.328656            0           0           0  
      4.288798  0.825380  4.328656            0           0           0  
      2.859199  3.301519  4.328656            0           0           0  
     -0.000428  1.651183  8.980846     0.004251   -0.000100   -0.000159  
     -1.429874  4.127056  8.980904     0.003011    0.000515    0.003754  
      2.858786  1.650998  9.007609    -0.003661    0.000164   -0.000016  
      1.429018  4.127057  8.980846     0.003073   -0.000816   -0.003600  
      0.000000  1.650759  3.366345            0           0           0  
     -1.429599  4.126898  3.366345            0           0           0  
      2.859199  1.650759  3.366345            0           0           0  
      1.429599  4.126898  3.366345            0           0           0  
      0.000000  0.000000  5.290967            0           0           0  
     -1.429599  2.476139  5.290967            0           0           0  
      2.859199  0.000000  5.290967            0           0           0  
      1.429599  2.476139  5.290967            0           0           0  
      5.717995  0.000232  7.946802    -0.019927    0.000682   -0.000035  
     -1.408999  2.488531  7.910030    -0.014449    0.017701   -0.004164  
     -0.000432  4.928241  7.910030    -0.041564    0.000191   -0.000179  
      1.408189  2.488500  7.910010    -0.012841   -0.015264    0.004530  
      1.431374  0.826891  9.895508    -0.002529   -0.000502    0.000334  
     -0.000424  3.301763  9.883433    -0.004318    0.000135    0.000010  
      4.286194  0.826883  9.895492    -0.002573    0.000684   -0.000341  
      2.858778  3.299226  9.895508    -0.001589    0.000107   -0.000018  
      0.000000  1.650759  2.164328            0           0           0  
     -1.429599  4.126898  2.164328            0           0           0  
      2.859199  1.650759  2.164328            0           0           0  
      1.429599  4.126898  2.164328            0           0           0  
      5.718096  0.000174  6.939806     0.329425   -0.012593   -0.000007  
     -1.221829  2.596481  6.929365     0.292705   -0.286191    0.028771  
     -0.000334  4.712172  6.929365     0.730816   -0.004723    0.001293  
      1.221316  2.596392  6.929294     0.272718    0.242200   -0.029577  
      2.858913  1.650924  6.557930     0.008088   -0.000290   -0.000068  
 
  12 f  =   25.949633 THz   163.046350 2PiTHz  865.586569 cm-1   107.319009 meV
             X         Y         Z           dx          dy          dz
      1.429599  0.825380  4.328656            0           0           0  
     -0.000000  3.301519  4.328656            0           0           0  
      4.288798  0.825380  4.328656            0           0           0  
      2.859199  3.301519  4.328656            0           0           0  
     -0.000428  1.651183  8.980846     0.006553    0.000000   -0.000004  
     -1.429874  4.127056  8.980904    -0.003321   -0.005717   -0.000049  
      2.858786  1.650998  9.007609    -0.000011    0.000030   -0.000018  
      1.429018  4.127057  8.980846    -0.003305    0.005683    0.000054  
      0.000000  1.650759  3.366345            0           0           0  
     -1.429599  4.126898  3.366345            0           0           0  
      2.859199  1.650759  3.366345            0           0           0  
      1.429599  4.126898  3.366345            0           0           0  
      0.000000  0.000000  5.290967            0           0           0  
     -1.429599  2.476139  5.290967            0           0           0  
      2.859199  0.000000  5.290967            0           0           0  
      1.429599  2.476139  5.290967            0           0           0  
      5.717995  0.000232  7.946802     0.000200   -0.000049   -0.000040  
     -1.408999  2.488531  7.910030    -0.018077    0.031259    0.000023  
     -0.000432  4.928241  7.910030     0.036157    0.000093   -0.000031  
      1.408189  2.488500  7.910010    -0.017588   -0.031177    0.000242  
      1.431374  0.826891  9.895508     0.000046   -0.000024   -0.000045  
     -0.000424  3.301763  9.883433     0.000097   -0.000026   -0.000030  
      4.286194  0.826883  9.895492     0.000049    0.000076    0.000012  
      2.858778  3.299226  9.895508    -0.000095    0.000011   -0.000065  
      0.000000  1.650759  2.164328            0           0           0  
     -1.429599  4.126898  2.164328            0           0           0  
      2.859199  1.650759  2.164328            0           0           0  
      1.429599  4.126898  2.164328            0           0           0  
      5.718096  0.000174  6.939806    -0.001388   -0.000524   -0.000050  
     -1.221829  2.596481  6.929365     0.276913   -0.481555   -0.000236  
     -0.000334  4.712172  6.929365    -0.561143   -0.000362    0.000074  
      1.221316  2.596392  6.929294     0.276129    0.479951    0.000617  
      2.858913  1.650924  6.557930     0.000008    0.000050    0.000005  
 
  13 f  =   19.177231 THz   120.494095 2PiTHz  639.683564 cm-1    79.310618 meV
             X         Y         Z           dx          dy          dz
      1.429599  0.825380  4.328656            0           0           0  
     -0.000000  3.301519  4.328656            0           0           0  
      4.288798  0.825380  4.328656            0           0           0  
      2.859199  3.301519  4.328656            0           0           0  
     -0.000428  1.651183  8.980846    -0.000000   -0.000790    0.036170  
     -1.429874  4.127056  8.980904    -0.000680    0.000394    0.036177  
      2.858786  1.650998  9.007609     0.000002   -0.000003    0.034109  
      1.429018  4.127057  8.980846     0.000686    0.000392    0.036175  
      0.000000  1.650759  3.366345            0           0           0  
     -1.429599  4.126898  3.366345            0           0           0  
      2.859199  1.650759  3.366345            0           0           0  
      1.429599  4.126898  3.366345            0           0           0  
      0.000000  0.000000  5.290967            0           0           0  
     -1.429599  2.476139  5.290967            0           0           0  
      2.859199  0.000000  5.290967            0           0           0  
      1.429599  2.476139  5.290967            0           0           0  
      5.717995  0.000232  7.946802    -0.000001    0.000002   -0.038365  
     -1.408999  2.488531  7.910030    -0.003362   -0.001945   -0.028803  
     -0.000432  4.928241  7.910030    -0.000018    0.003878   -0.028809  
      1.408189  2.488500  7.910010     0.003361   -0.001939   -0.028821  
      1.431374  0.826891  9.895508     0.007934    0.004568   -0.098978  
     -0.000424  3.301763  9.883433    -0.000014    0.000027   -0.098349  
      4.286194  0.826883  9.895492    -0.007941    0.004587   -0.099001  
      2.858778  3.299226  9.895508     0.000000   -0.009137   -0.098994  
      0.000000  1.650759  2.164328            0           0           0  
     -1.429599  4.126898  2.164328            0           0           0  
      2.859199  1.650759  2.164328            0           0           0  
      1.429599  4.126898  2.164328            0           0           0  
      5.718096  0.000174  6.939806     0.000026    0.000002   -0.043347  
     -1.221829  2.596481  6.929365     0.008290    0.004786   -0.028352  
     -0.000334  4.712172  6.929365     0.000094   -0.009587   -0.028356  
      1.221316  2.596392  6.929294    -0.008350    0.004738   -0.028369  
      2.858913  1.650924  6.557930     0.000018   -0.000014   -0.018875  
 
  14 f  =   17.070524 THz   107.257266 2PiTHz  569.411390 cm-1    70.597983 meV
             X         Y         Z           dx          dy          dz
      1.429599  0.825380  4.328656            0           0           0  
     -0.000000  3.301519  4.328656            0           0           0  
      4.288798  0.825380  4.328656            0           0           0  
      2.859199  3.301519  4.328656            0           0           0  
     -0.000428  1.651183  8.980846    -0.009317    0.012509   -0.006179  
     -1.429874  4.127056  8.980904    -0.027717    0.014639    0.015082  
      2.858786  1.650998  9.007609    -0.044310    0.019477    0.000062  
      1.429018  4.127057  8.980846    -0.020110   -0.002259   -0.009018  
      0.000000  1.650759  3.366345            0           0           0  
     -1.429599  4.126898  3.366345            0           0           0  
      2.859199  1.650759  3.366345            0           0           0  
      1.429599  4.126898  3.366345            0           0           0  
      0.000000  0.000000  5.290967            0           0           0  
     -1.429599  2.476139  5.290967            0           0           0  
      2.859199  0.000000  5.290967            0           0           0  
      1.429599  2.476139  5.290967            0           0           0  
      5.717995  0.000232  7.946802     0.030978   -0.013652    0.000160  
     -1.408999  2.488531  7.910030     0.017478    0.006428   -0.016294  
     -0.000432  4.928241  7.910030     0.003708   -0.012421   -0.011116  
      1.408189  2.488500  7.910010     0.027804   -0.015198    0.027574  
      1.431374  0.826891  9.895508     0.089630   -0.052049   -0.051148  
     -0.000424  3.301763  9.883433     0.027508   -0.011802    0.000334  
      4.286194  0.826883  9.895492     0.080311   -0.032256    0.085716  
      2.858778  3.299226  9.895508     0.102224   -0.035000   -0.035014  
      0.000000  1.650759  2.164328            0           0           0  
     -1.429599  4.126898  2.164328            0           0           0  
      2.859199  1.650759  2.164328            0           0           0  
      1.429599  4.126898  2.164328            0           0           0  
      5.718096  0.000174  6.939806     0.050103   -0.022114    0.000167  
     -1.221829  2.596481  6.929365     0.017904    0.009581   -0.015669  
     -0.000334  4.712172  6.929365     0.000956   -0.013780   -0.010678  
      1.221316  2.596392  6.929294     0.029537   -0.017338    0.026695  
      2.858913  1.650924  6.557930    -0.029743    0.013039   -0.000044  
 
  15 f  =   17.069412 THz   107.250280 2PiTHz  569.374304 cm-1    70.593385 meV
             X         Y         Z           dx          dy          dz
      1.429599  0.825380  4.328656            0           0           0  
     -0.000000  3.301519  4.328656            0           0           0  
      4.288798  0.825380  4.328656            0           0           0  
      2.859199  3.301519  4.328656            0           0           0  
     -0.000428  1.651183  8.980846    -0.004050   -0.028923    0.013899  
     -1.429874  4.127056  8.980904    -0.002164   -0.010356   -0.001712  
      2.858786  1.650998  9.007609    -0.019438   -0.044297    0.000112  
      1.429018  4.127057  8.980846    -0.018829   -0.017784   -0.012323  
      0.000000  1.650759  3.366345            0           0           0  
     -1.429599  4.126898  3.366345            0           0           0  
      2.859199  1.650759  3.366345            0           0           0  
      1.429599  4.126898  3.366345            0           0           0  
      0.000000  0.000000  5.290967            0           0           0  
     -1.429599  2.476139  5.290967            0           0           0  
      2.859199  0.000000  5.290967            0           0           0  
      1.429599  2.476139  5.290967            0           0           0  
      5.717995  0.000232  7.946802     0.013617    0.030991    0.000257  
     -1.408999  2.488531  7.910030     0.020637    0.014663   -0.022302  
     -0.000432  4.928241  7.910030     0.001620    0.028852    0.025203  
      1.408189  2.488500  7.910010    -0.000959    0.005117   -0.003111  
      1.431374  0.826891  9.895508     0.027531    0.092282   -0.069738  
     -0.000424  3.301763  9.883433     0.011968    0.027279    0.000521  
      4.286194  0.826883  9.895492     0.046990    0.101123   -0.009612  
      2.858778  3.299226  9.895508     0.044975    0.078873    0.078881  
      0.000000  1.650759  2.164328            0           0           0  
     -1.429599  4.126898  2.164328            0           0           0  
      2.859199  1.650759  2.164328            0           0           0  
      1.429599  4.126898  2.164328            0           0           0  
      5.718096  0.000174  6.939806     0.022026    0.050182    0.000274  
     -1.221829  2.596481  6.929365     0.023820    0.014470   -0.021436  
     -0.000334  4.712172  6.929365     0.000439    0.031802    0.024244  
      1.221316  2.596392  6.929294    -0.002653    0.002821   -0.003005  
      2.858913  1.650924  6.557930    -0.013108   -0.029842   -0.000211  
 
  16 f  =   16.975666 THz   106.661255 2PiTHz  566.247264 cm-1    70.205681 meV
             X         Y         Z           dx          dy          dz
      1.429599  0.825380  4.328656            0           0           0  
     -0.000000  3.301519  4.328656            0           0           0  
      4.288798  0.825380  4.328656            0           0           0  
      2.859199  3.301519  4.328656            0           0           0  
     -0.000428  1.651183  8.980846    -0.000055    0.031984    0.012377  
     -1.429874  4.127056  8.980904     0.027654   -0.016053    0.012402  
      2.858786  1.650998  9.007609    -0.000225   -0.000120   -0.025609  
      1.429018  4.127057  8.980846    -0.027919   -0.016117    0.012291  
      0.000000  1.650759  3.366345            0           0           0  
     -1.429599  4.126898  3.366345            0           0           0  
      2.859199  1.650759  3.366345            0           0           0  
      1.429599  4.126898  3.366345            0           0           0  
      0.000000  0.000000  5.290967            0           0           0  
     -1.429599  2.476139  5.290967            0           0           0  
      2.859199  0.000000  5.290967            0           0           0  
      1.429599  2.476139  5.290967            0           0           0  
      5.717995  0.000232  7.946802     0.000182    0.000101   -0.066362  
     -1.408999  2.488531  7.910030     0.022215    0.012842    0.003321  
     -0.000432  4.928241  7.910030     0.000012   -0.025382    0.003510  
      1.408189  2.488500  7.910010    -0.022074    0.012690    0.003421  
      1.431374  0.826891  9.895508    -0.075373   -0.043635    0.039986  
     -0.000424  3.301763  9.883433     0.000124    0.000218   -0.110775  
      4.286194  0.826883  9.895492     0.076326   -0.043545    0.040586  
      2.858778  3.299226  9.895508     0.000592    0.087844    0.040552  
      0.000000  1.650759  2.164328            0           0           0  
     -1.429599  4.126898  2.164328            0           0           0  
      2.859199  1.650759  2.164328            0           0           0  
      1.429599  4.126898  2.164328            0           0           0  
      5.718096  0.000174  6.939806     0.000314    0.000166   -0.070374  
     -1.221829  2.596481  6.929365     0.015302    0.008829    0.000892  
     -0.000334  4.712172  6.929365     0.000066   -0.017335    0.001064  
      1.221316  2.596392  6.929294    -0.014835    0.008786    0.000927  
      2.858913  1.650924  6.557930    -0.000181   -0.000064    0.015712  
 
  17 f  =   16.728767 THz   105.109940 2PiTHz  558.011589 cm-1    69.184588 meV
             X         Y         Z           dx          dy          dz
      1.429599  0.825380  4.328656            0           0           0  
     -0.000000  3.301519  4.328656            0           0           0  
      4.288798  0.825380  4.328656            0           0           0  
      2.859199  3.301519  4.328656            0           0           0  
     -0.000428  1.651183  8.980846     0.046250    0.001507    0.003348  
     -1.429874  4.127056  8.980904     0.021234    0.021445    0.017536  
      2.858786  1.650998  9.007609    -0.003995   -0.000579    0.000011  
      1.429018  4.127057  8.980846     0.016448   -0.010153   -0.020857  
      0.000000  1.650759  3.366345            0           0           0  
     -1.429599  4.126898  3.366345            0           0           0  
      2.859199  1.650759  3.366345            0           0           0  
      1.429599  4.126898  3.366345            0           0           0  
      0.000000  0.000000  5.290967            0           0           0  
     -1.429599  2.476139  5.290967            0           0           0  
      2.859199  0.000000  5.290967            0           0           0  
      1.429599  2.476139  5.290967            0           0           0  
      5.717995  0.000232  7.946802     0.001979    0.000283   -0.000034  
     -1.408999  2.488531  7.910030    -0.016939    0.001973   -0.032017  
     -0.000432  4.928241  7.910030    -0.027687   -0.002315    0.005097  
      1.408189  2.488500  7.910010    -0.018890   -0.009340    0.026625  
      1.431374  0.826891  9.895508    -0.063800   -0.046152   -0.089024  
     -0.000424  3.301763  9.883433    -0.133371   -0.020140    0.000004  
      4.286194  0.826883  9.895492    -0.050168    0.044373    0.074820  
      2.858778  3.299226  9.895508     0.021535   -0.012613    0.014350  
      0.000000  1.650759  2.164328            0           0           0  
     -1.429599  4.126898  2.164328            0           0           0  
      2.859199  1.650759  2.164328            0           0           0  
      1.429599  4.126898  2.164328            0           0           0  
      5.718096  0.000174  6.939806    -0.004554   -0.000719   -0.000038  
     -1.221829  2.596481  6.929365    -0.029113    0.008933   -0.035464  
     -0.000334  4.712172  6.929365    -0.060660   -0.003465    0.005659  
      1.221316  2.596392  6.929294    -0.034424   -0.024403    0.029503  
      2.858913  1.650924  6.557930    -0.004260   -0.000678   -0.000107  
 
  18 f  =   16.728303 THz   105.107027 2PiTHz  557.996120 cm-1    69.182670 meV
             X         Y         Z           dx          dy          dz
      1.429599  0.825380  4.328656            0           0           0  
     -0.000000  3.301519  4.328656            0           0           0  
      4.288798  0.825380  4.328656            0           0           0  
      2.859199  3.301519  4.328656            0           0           0  
     -0.000428  1.651183  8.980846    -0.007012    0.009790    0.022180  
     -1.429874  4.127056  8.980904     0.012886    0.034777   -0.013951  
      2.858786  1.650998  9.007609     0.000558   -0.003969    0.000013  
      1.429018  4.127057  8.980846    -0.018689    0.039549   -0.008167  
      0.000000  1.650759  3.366345            0           0           0  
     -1.429599  4.126898  3.366345            0           0           0  
      2.859199  1.650759  3.366345            0           0           0  
      1.429599  4.126898  3.366345            0           0           0  
      0.000000  0.000000  5.290967            0           0           0  
     -1.429599  2.476139  5.290967            0           0           0  
      2.859199  0.000000  5.290967            0           0           0  
      1.429599  2.476139  5.290967            0           0           0  
      5.717995  0.000232  7.946802    -0.000210    0.001790   -0.000049  
     -1.408999  2.488531  7.910030     0.008429   -0.025210   -0.012649  
     -0.000432  4.928241  7.910030     0.004212   -0.014769    0.033838  
      1.408189  2.488500  7.910010    -0.003103   -0.023579   -0.021595  
      1.431374  0.826891  9.895508    -0.036504    0.001810   -0.034892  
     -0.000424  3.301763  9.883433     0.020210   -0.133297    0.000050  
      4.286194  0.826883  9.895492     0.054016   -0.011776   -0.059586  
      2.858778  3.299226  9.895508    -0.003027   -0.083077    0.094586  
      0.000000  1.650759  2.164328            0           0           0  
     -1.429599  4.126898  2.164328            0           0           0  
      2.859199  1.650759  2.164328            0           0           0  
      1.429599  4.126898  2.164328            0           0           0  
      5.718096  0.000174  6.939806     0.000812   -0.004675   -0.000049  
     -1.221829  2.596481  6.929365     0.021546   -0.053421   -0.013987  
     -0.000334  4.712172  6.929365     0.009185   -0.022185    0.037479  
      1.221316  2.596392  6.929294    -0.011591   -0.048266   -0.023973  
      2.858913  1.650924  6.557930     0.000564   -0.004242   -0.000295  
 
  19 f  =   16.079922 THz   101.033128 2PiTHz  536.368455 cm-1    66.501183 meV
             X         Y         Z           dx          dy          dz
      1.429599  0.825380  4.328656            0           0           0  
     -0.000000  3.301519  4.328656            0           0           0  
      4.288798  0.825380  4.328656            0           0           0  
      2.859199  3.301519  4.328656            0           0           0  
     -0.000428  1.651183  8.980846    -0.000004   -0.004602   -0.010493  
     -1.429874  4.127056  8.980904    -0.003954    0.002360   -0.010524  
      2.858786  1.650998  9.007609    -0.000023   -0.000033   -0.005312  
      1.429018  4.127057  8.980846     0.003978    0.002340   -0.010553  
      0.000000  1.650759  3.366345            0           0           0  
     -1.429599  4.126898  3.366345            0           0           0  
      2.859199  1.650759  3.366345            0           0           0  
      1.429599  4.126898  3.366345            0           0           0  
      0.000000  0.000000  5.290967            0           0           0  
     -1.429599  2.476139  5.290967            0           0           0  
      2.859199  0.000000  5.290967            0           0           0  
      1.429599  2.476139  5.290967            0           0           0  
      5.717995  0.000232  7.946802    -0.000045   -0.000114    0.146771  
     -1.408999  2.488531  7.910030     0.020008    0.011572    0.072955  
     -0.000432  4.928241  7.910030    -0.000037   -0.023200    0.073167  
      1.408189  2.488500  7.910010    -0.019957    0.011599    0.072912  
      1.431374  0.826891  9.895508    -0.042241   -0.024584   -0.054984  
     -0.000424  3.301763  9.883433    -0.000135    0.000044   -0.034424  
      4.286194  0.826883  9.895492     0.042334   -0.024467   -0.054969  
      2.858778  3.299226  9.895508     0.000048    0.048933   -0.054727  
      0.000000  1.650759  2.164328            0           0           0  
     -1.429599  4.126898  2.164328            0           0           0  
      2.859199  1.650759  2.164328            0           0           0  
      1.429599  4.126898  2.164328            0           0           0  
      5.718096  0.000174  6.939806    -0.000085   -0.000077    0.154446  
     -1.221829  2.596481  6.929365     0.001861    0.001129    0.068528  
     -0.000334  4.712172  6.929365     0.000021   -0.002216    0.068735  
      1.221316  2.596392  6.929294    -0.001932    0.001063    0.068495  
      2.858913  1.650924  6.557930     0.000006   -0.000043    0.073417  
 
  20 f  =   15.885646 THz    99.812459 2PiTHz  529.888121 cm-1    65.697724 meV
             X         Y         Z           dx          dy          dz
      1.429599  0.825380  4.328656            0           0           0  
     -0.000000  3.301519  4.328656            0           0           0  
      4.288798  0.825380  4.328656            0           0           0  
      2.859199  3.301519  4.328656            0           0           0  
     -0.000428  1.651183  8.980846    -0.000041    0.020250   -0.007883  
     -1.429874  4.127056  8.980904     0.017827   -0.010156   -0.007990  
      2.858786  1.650998  9.007609    -0.000109   -0.000012   -0.002299  
      1.429018  4.127057  8.980846    -0.017563   -0.010077   -0.007985  
      0.000000  1.650759  3.366345            0           0           0  
     -1.429599  4.126898  3.366345            0           0           0  
      2.859199  1.650759  3.366345            0           0           0  
      1.429599  4.126898  3.366345            0           0           0  
      0.000000  0.000000  5.290967            0           0           0  
     -1.429599  2.476139  5.290967            0           0           0  
      2.859199  0.000000  5.290967            0           0           0  
      1.429599  2.476139  5.290967            0           0           0  
      5.717995  0.000232  7.946802    -0.000266   -0.000029   -0.056351  
     -1.408999  2.488531  7.910030    -0.001927   -0.000964    0.078676  
     -0.000432  4.928241  7.910030    -0.000129    0.002073    0.079017  
      1.408189  2.488500  7.910010     0.002496   -0.001067    0.078722  
      1.431374  0.826891  9.895508     0.075899    0.044041    0.008943  
     -0.000424  3.301763  9.883433    -0.000498    0.000143   -0.094873  
      4.286194  0.826883  9.895492    -0.075411    0.043484    0.009093  
      2.858778  3.299226  9.895508    -0.000448   -0.087668    0.009393  
      0.000000  1.650759  2.164328            0           0           0  
     -1.429599  4.126898  2.164328            0           0           0  
      2.859199  1.650759  2.164328            0           0           0  
      1.429599  4.126898  2.164328            0           0           0  
      5.718096  0.000174  6.939806    -0.000388   -0.000035   -0.061158  
     -1.221829  2.596481  6.929365    -0.004472   -0.002378    0.079990  
     -0.000334  4.712172  6.929365    -0.000165    0.004929    0.080365  
      1.221316  2.596392  6.929294     0.004100   -0.002810    0.080187  
      2.858913  1.650924  6.557930     0.000009   -0.000106    0.067798  
 
  21 f  =   15.717436 THz    98.755563 2PiTHz  524.277233 cm-1    65.002063 meV
             X         Y         Z           dx          dy          dz
      1.429599  0.825380  4.328656            0           0           0  
     -0.000000  3.301519  4.328656            0           0           0  
      4.288798  0.825380  4.328656            0           0           0  
      2.859199  3.301519  4.328656            0           0           0  
     -0.000428  1.651183  8.980846    -0.001264    0.019931    0.000050  
     -1.429874  4.127056  8.980904    -0.027454    0.016026   -0.000262  
      2.858786  1.650998  9.007609     0.021878   -0.017206    0.000063  
      1.429018  4.127057  8.980846    -0.011128   -0.004645    0.000086  
      0.000000  1.650759  3.366345            0           0           0  
     -1.429599  4.126898  3.366345            0           0           0  
      2.859199  1.650759  3.366345            0           0           0  
      1.429599  4.126898  3.366345            0           0           0  
      0.000000  0.000000  5.290967            0           0           0  
     -1.429599  2.476139  5.290967            0           0           0  
      2.859199  0.000000  5.290967            0           0           0  
      1.429599  2.476139  5.290967            0           0           0  
      5.717995  0.000232  7.946802     0.053218   -0.041700   -0.000205  
     -1.408999  2.488531  7.910030    -0.009490   -0.012973    0.010372  
     -0.000432  4.928241  7.910030     0.005429    0.024952    0.016937  
      1.408189  2.488500  7.910010    -0.036333    0.019359   -0.026743  
      1.431374  0.826891  9.895508     0.011030   -0.105551    0.011982  
     -0.000424  3.301763  9.883433     0.059721   -0.046790   -0.000403  
      4.286194  0.826883  9.895492    -0.109048    0.045522   -0.031426  
      2.858778  3.299226  9.895508     0.082169    0.072550    0.019762  
      0.000000  1.650759  2.164328            0           0           0  
     -1.429599  4.126898  2.164328            0           0           0  
      2.859199  1.650759  2.164328            0           0           0  
      1.429599  4.126898  2.164328            0           0           0  
      5.718096  0.000174  6.939806     0.070806   -0.055461   -0.000223  
     -1.221829  2.596481  6.929365    -0.004728   -0.019487    0.010749  
     -0.000334  4.712172  6.929365     0.012481    0.023504    0.017529  
      1.221316  2.596392  6.929294    -0.034006    0.017263   -0.027842  
      2.858913  1.650924  6.557930     0.024764   -0.019489    0.000180  
 
  22 f  =   15.715400 THz    98.742771 2PiTHz  524.209322 cm-1    64.993643 meV
             X         Y         Z           dx          dy          dz
      1.429599  0.825380  4.328656            0           0           0  
     -0.000000  3.301519  4.328656            0           0           0  
      4.288798  0.825380  4.328656            0           0           0  
      2.859199  3.301519  4.328656            0           0           0  
     -0.000428  1.651183  8.980846    -0.000951   -0.025205   -0.000220  
     -1.429874  4.127056  8.980904    -0.004778    0.000936   -0.000052  
      2.858786  1.650998  9.007609     0.017258    0.021895    0.000003  
      1.429018  4.127057  8.980846    -0.025556   -0.015525    0.000201  
      0.000000  1.650759  3.366345            0           0           0  
     -1.429599  4.126898  3.366345            0           0           0  
      2.859199  1.650759  3.366345            0           0           0  
      1.429599  4.126898  3.366345            0           0           0  
      0.000000  0.000000  5.290967            0           0           0  
     -1.429599  2.476139  5.290967            0           0           0  
      2.859199  0.000000  5.290967            0           0           0  
      1.429599  2.476139  5.290967            0           0           0  
      5.717995  0.000232  7.946802     0.041858    0.053231    0.000003  
     -1.408999  2.488531  7.910030    -0.034141   -0.016876    0.025171  
     -0.000432  4.928241  7.910030     0.004308   -0.032137   -0.021197  
      1.408189  2.488500  7.910010    -0.001830    0.008949   -0.003424  
      1.431374  0.826891  9.895508    -0.114360   -0.021105    0.029437  
     -0.000424  3.301763  9.883433     0.047485    0.059518   -0.000199  
      4.286194  0.826883  9.895492     0.036808    0.097912   -0.004346  
      2.858778  3.299226  9.895508     0.064160   -0.092915   -0.025128  
      0.000000  1.650759  2.164328            0           0           0  
     -1.429599  4.126898  2.164328            0           0           0  
      2.859199  1.650759  2.164328            0           0           0  
      1.429599  4.126898  2.164328            0           0           0  
      5.718096  0.000174  6.939806     0.055766    0.070765   -0.000000  
     -1.221829  2.596481  6.929365    -0.033751   -0.012942    0.026068  
     -0.000334  4.712172  6.929365     0.009754   -0.030179   -0.021962  
      1.221316  2.596392  6.929294     0.002971    0.016197   -0.003579  
      2.858913  1.650924  6.557930     0.019556    0.024874    0.000032  
 
  23 f  =   15.517391 THz    97.498643 2PiTHz  517.604446 cm-1    64.174743 meV
             X         Y         Z           dx          dy          dz
      1.429599  0.825380  4.328656            0           0           0  
     -0.000000  3.301519  4.328656            0           0           0  
      4.288798  0.825380  4.328656            0           0           0  
      2.859199  3.301519  4.328656            0           0           0  
     -0.000428  1.651183  8.980846     0.016635   -0.009941    0.002969  
     -1.429874  4.127056  8.980904     0.004984    0.020104    0.001709  
      2.858786  1.650998  9.007609     0.001714    0.001322   -0.000045  
      1.429018  4.127057  8.980846    -0.015256   -0.005039   -0.004619  
      0.000000  1.650759  3.366345            0           0           0  
     -1.429599  4.126898  3.366345            0           0           0  
      2.859199  1.650759  3.366345            0           0           0  
      1.429599  4.126898  3.366345            0           0           0  
      0.000000  0.000000  5.290967            0           0           0  
     -1.429599  2.476139  5.290967            0           0           0  
      2.859199  0.000000  5.290967            0           0           0  
      1.429599  2.476139  5.290967            0           0           0  
      5.717995  0.000232  7.946802    -0.004391   -0.003583   -0.000059  
     -1.408999  2.488531  7.910030    -0.035279   -0.015001   -0.086152  
     -0.000432  4.928241  7.910030     0.023563   -0.023681    0.054610  
      1.408189  2.488500  7.910010     0.002522    0.031199    0.031465  
      1.431374  0.826891  9.895508    -0.013306   -0.023004   -0.072621  
     -0.000424  3.301763  9.883433     0.116623    0.093630    0.000097  
      4.286194  0.826883  9.895492    -0.047837   -0.065956    0.026547  
      2.858778  3.299226  9.895508    -0.067735   -0.014268    0.046020  
      0.000000  1.650759  2.164328            0           0           0  
     -1.429599  4.126898  2.164328            0           0           0  
      2.859199  1.650759  2.164328            0           0           0  
      1.429599  4.126898  2.164328            0           0           0  
      5.718096  0.000174  6.939806     0.013318    0.010643   -0.000059  
     -1.221829  2.596481  6.929365    -0.022414   -0.009832   -0.088524  
     -0.000334  4.712172  6.929365     0.013330   -0.015071    0.056123  
      1.221316  2.596392  6.929294     0.000165    0.018186    0.032451  
      2.858913  1.650924  6.557930    -0.000574   -0.000694    0.000181  
 
  24 f  =   15.515365 THz    97.485913 2PiTHz  517.536868 cm-1    64.166365 meV
             X         Y         Z           dx          dy          dz
      1.429599  0.825380  4.328656            0           0           0  
     -0.000000  3.301519  4.328656            0           0           0  
      4.288798  0.825380  4.328656            0           0           0  
      2.859199  3.301519  4.328656            0           0           0  
     -0.000428  1.651183  8.980846    -0.013323   -0.012589    0.003643  
     -1.429874  4.127056  8.980904     0.016606   -0.000787   -0.004351  
      2.858786  1.650998  9.007609    -0.001370    0.001801    0.000039  
      1.429018  4.127057  8.980846    -0.008465    0.019515    0.000775  
      0.000000  1.650759  3.366345            0           0           0  
     -1.429599  4.126898  3.366345            0           0           0  
      2.859199  1.650759  3.366345            0           0           0  
      1.429599  4.126898  3.366345            0           0           0  
      0.000000  0.000000  5.290967            0           0           0  
     -1.429599  2.476139  5.290967            0           0           0  
      2.859199  0.000000  5.290967            0           0           0  
      1.429599  2.476139  5.290967            0           0           0  
      5.717995  0.000232  7.946802     0.003612   -0.004057   -0.000055  
     -1.408999  2.488531  7.910030    -0.009837    0.028793    0.013092  
     -0.000432  4.928241  7.910030    -0.018875   -0.030024    0.067494  
      1.408189  2.488500  7.910010     0.035917   -0.008580   -0.081463  
      1.431374  0.826891  9.895508     0.045650   -0.072286    0.011426  
     -0.000424  3.301763  9.883433    -0.093565    0.117075    0.000330  
      4.286194  0.826883  9.895492     0.003316   -0.038072   -0.068429  
      2.858778  3.299226  9.895508     0.054702   -0.018420    0.057153  
      0.000000  1.650759  2.164328            0           0           0  
     -1.429599  4.126898  2.164328            0           0           0  
      2.859199  1.650759  2.164328            0           0           0  
      1.429599  4.126898  2.164328            0           0           0  
      5.718096  0.000174  6.939806    -0.010577    0.013883   -0.000055  
     -1.221829  2.596481  6.929365    -0.005243    0.016780    0.013484  
     -0.000334  4.712172  6.929365    -0.010625   -0.019178    0.069339  
      1.221316  2.596392  6.929294     0.023480   -0.005691   -0.083875  
      2.858913  1.650924  6.557930     0.000334   -0.000358    0.000030  
 
  25 f  =   15.110810 THz    94.944018 2PiTHz  504.042357 cm-1    62.493259 meV
             X         Y         Z           dx          dy          dz
      1.429599  0.825380  4.328656            0           0           0  
     -0.000000  3.301519  4.328656            0           0           0  
      4.288798  0.825380  4.328656            0           0           0  
      2.859199  3.301519  4.328656            0           0           0  
     -0.000428  1.651183  8.980846     0.029441   -0.000045   -0.000105  
     -1.429874  4.127056  8.980904    -0.014763   -0.025488    0.000045  
      2.858786  1.650998  9.007609    -0.000006    0.000045    0.000107  
      1.429018  4.127057  8.980846    -0.014626    0.025452   -0.000039  
      0.000000  1.650759  3.366345            0           0           0  
     -1.429599  4.126898  3.366345            0           0           0  
      2.859199  1.650759  3.366345            0           0           0  
      1.429599  4.126898  3.366345            0           0           0  
      0.000000  0.000000  5.290967            0           0           0  
     -1.429599  2.476139  5.290967            0           0           0  
      2.859199  0.000000  5.290967            0           0           0  
      1.429599  2.476139  5.290967            0           0           0  
      5.717995  0.000232  7.946802    -0.000349    0.000442    0.000117  
     -1.408999  2.488531  7.910030    -0.018941    0.034093    0.000032  
     -0.000432  4.928241  7.910030     0.039613   -0.000521   -0.000214  
      1.408189  2.488500  7.910010    -0.020694   -0.033807    0.000086  
      1.431374  0.826891  9.895508    -0.062795    0.109308    0.000055  
     -0.000424  3.301763  9.883433     0.000148   -0.000049   -0.000248  
      4.286194  0.826883  9.895492    -0.063012   -0.109005    0.000172  
      2.858778  3.299226  9.895508     0.125831   -0.000359   -0.000005  
      0.000000  1.650759  2.164328            0           0           0  
     -1.429599  4.126898  2.164328            0           0           0  
      2.859199  1.650759  2.164328            0           0           0  
      1.429599  4.126898  2.164328            0           0           0  
      5.718096  0.000174  6.939806    -0.000288    0.000422    0.000121  
     -1.221829  2.596481  6.929365    -0.029824    0.052793    0.000042  
     -0.000334  4.712172  6.929365     0.061337   -0.000454   -0.000223  
      1.221316  2.596392  6.929294    -0.031052   -0.052543    0.000018  
      2.858913  1.650924  6.557930     0.000024   -0.000029   -0.000296  
 
  26 f  =   14.772496 THz    92.818333 2PiTHz  492.757441 cm-1    61.094109 meV
             X         Y         Z           dx          dy          dz
      1.429599  0.825380  4.328656            0           0           0  
     -0.000000  3.301519  4.328656            0           0           0  
      4.288798  0.825380  4.328656            0           0           0  
      2.859199  3.301519  4.328656            0           0           0  
     -0.000428  1.651183  8.980846     0.000003    0.011695    0.005127  
     -1.429874  4.127056  8.980904     0.010224   -0.005815    0.003936  
      2.858786  1.650998  9.007609     0.000115   -0.000294   -0.019026  
      1.429018  4.127057  8.980846    -0.010415   -0.005550    0.004034  
      0.000000  1.650759  3.366345            0           0           0  
     -1.429599  4.126898  3.366345            0           0           0  
      2.859199  1.650759  3.366345            0           0           0  
      1.429599  4.126898  3.366345            0           0           0  
      0.000000  0.000000  5.290967            0           0           0  
     -1.429599  2.476139  5.290967            0           0           0  
      2.859199  0.000000  5.290967            0           0           0  
      1.429599  2.476139  5.290967            0           0           0  
      5.717995  0.000232  7.946802     0.000470   -0.004473   -0.016186  
     -1.408999  2.488531  7.910030    -0.112957   -0.061697    0.018073  
     -0.000432  4.928241  7.910030    -0.000149    0.126465    0.018965  
      1.408189  2.488500  7.910010     0.114300   -0.062162    0.017648  
      1.431374  0.826891  9.895508    -0.025934   -0.012698   -0.016049  
     -0.000424  3.301763  9.883433    -0.000238   -0.001129    0.032588  
      4.286194  0.826883  9.895492     0.023944   -0.013224   -0.016555  
      2.858778  3.299226  9.895508     0.001172    0.028873   -0.017837  
      0.000000  1.650759  2.164328            0           0           0  
     -1.429599  4.126898  2.164328            0           0           0  
      2.859199  1.650759  2.164328            0           0           0  
      1.429599  4.126898  2.164328            0           0           0  
      5.718096  0.000174  6.939806     0.000380   -0.004502   -0.016608  
     -1.221829  2.596481  6.929365    -0.089898   -0.048809    0.020527  
     -0.000334  4.712172  6.929365     0.000006    0.100846    0.021312  
      1.221316  2.596392  6.929294     0.088437   -0.050001    0.020571  
      2.858913  1.650924  6.557930     0.000343    0.000037    0.078108  
 
  27 f  =   14.553776 THz    91.444074 2PiTHz  485.461727 cm-1    60.189556 meV
             X         Y         Z           dx          dy          dz
      1.429599  0.825380  4.328656            0           0           0  
     -0.000000  3.301519  4.328656            0           0           0  
      4.288798  0.825380  4.328656            0           0           0  
      2.859199  3.301519  4.328656            0           0           0  
     -0.000428  1.651183  8.980846    -0.008493   -0.001392    0.011442  
     -1.429874  4.127056  8.980904     0.001795   -0.001554   -0.024981  
      2.858786  1.650998  9.007609     0.007900   -0.004111    0.000306  
      1.429018  4.127057  8.980846    -0.002701    0.007825    0.013342  
      0.000000  1.650759  3.366345            0           0           0  
     -1.429599  4.126898  3.366345            0           0           0  
      2.859199  1.650759  3.366345            0           0           0  
      1.429599  4.126898  3.366345            0           0           0  
      0.000000  0.000000  5.290967            0           0           0  
     -1.429599  2.476139  5.290967            0           0           0  
      2.859199  0.000000  5.290967            0           0           0  
      1.429599  2.476139  5.290967            0           0           0  
      5.717995  0.000232  7.946802     0.137754   -0.071635    0.000276  
     -1.408999  2.488531  7.910030    -0.017017    0.095072    0.015969  
     -0.000432  4.928241  7.910030    -0.096039   -0.028465    0.013661  
      1.408189  2.488500  7.910010     0.045544   -0.031390   -0.030645  
      1.431374  0.826891  9.895508    -0.025444    0.038280   -0.024979  
     -0.000424  3.301763  9.883433     0.016423   -0.008627   -0.000484  
      4.286194  0.826883  9.895492    -0.007056    0.000773    0.047196  
      2.858778  3.299226  9.895508    -0.047293    0.002484   -0.021415  
      0.000000  1.650759  2.164328            0           0           0  
     -1.429599  4.126898  2.164328            0           0           0  
      2.859199  1.650759  2.164328            0           0           0  
      1.429599  4.126898  2.164328            0           0           0  
      5.718096  0.000174  6.939806     0.132004   -0.068694    0.000278  
     -1.221829  2.596481  6.929365    -0.019613    0.070162    0.013745  
     -0.000334  4.712172  6.929365    -0.073593   -0.015811    0.011759  
      1.221316  2.596392  6.929294     0.022685   -0.017760   -0.026504  
      2.858913  1.650924  6.557930    -0.011935    0.006220   -0.001306  
 
  28 f  =   14.552832 THz    91.438139 2PiTHz  485.430220 cm-1    60.185650 meV
             X         Y         Z           dx          dy          dz
      1.429599  0.825380  4.328656            0           0           0  
     -0.000000  3.301519  4.328656            0           0           0  
      4.288798  0.825380  4.328656            0           0           0  
      2.859199  3.301519  4.328656            0           0           0  
     -0.000428  1.651183  8.980846    -0.004412    0.002598   -0.022013  
     -1.429874  4.127056  8.980904    -0.004574   -0.008389    0.001174  
      2.858786  1.650998  9.007609     0.004066    0.007888   -0.000492  
      1.429018  4.127057  8.980846     0.004191   -0.003611    0.021133  
      0.000000  1.650759  3.366345            0           0           0  
     -1.429599  4.126898  3.366345            0           0           0  
      2.859199  1.650759  3.366345            0           0           0  
      1.429599  4.126898  3.366345            0           0           0  
      0.000000  0.000000  5.290967            0           0           0  
     -1.429599  2.476139  5.290967            0           0           0  
      2.859199  0.000000  5.290967            0           0           0  
      1.429599  2.476139  5.290967            0           0           0  
      5.717995  0.000232  7.946802     0.071650    0.137657   -0.000400  
     -1.408999  2.488531  7.910030     0.067524   -0.027873    0.026158  
     -0.000432  4.928241  7.910030    -0.050067    0.054028   -0.026368  
      1.408189  2.488500  7.910010    -0.053669   -0.093767    0.001971  
      1.431374  0.826891  9.895508     0.009834   -0.027781   -0.040262  
     -0.000424  3.301763  9.883433     0.008701    0.016476    0.000832  
      4.286194  0.826883  9.895492    -0.025619   -0.047079   -0.002340  
      2.858778  3.299226  9.895508    -0.025234   -0.004803    0.041152  
      0.000000  1.650759  2.164328            0           0           0  
     -1.429599  4.126898  2.164328            0           0           0  
      2.859199  1.650759  2.164328            0           0           0  
      1.429599  4.126898  2.164328            0           0           0  
      5.718096  0.000174  6.939806     0.068741    0.131995   -0.000409  
     -1.221829  2.596481  6.929365     0.042363   -0.027419    0.022824  
     -0.000334  4.712172  6.929365    -0.038321    0.029775   -0.022699  
      1.221316  2.596392  6.929294    -0.039976   -0.072784    0.001643  
      2.858913  1.650924  6.557930    -0.006438   -0.012006    0.002217  
 
  29 f  =   13.080065 THz    82.184474 2PiTHz  436.304015 cm-1    54.094779 meV
             X         Y         Z           dx          dy          dz
      1.429599  0.825380  4.328656            0           0           0  
     -0.000000  3.301519  4.328656            0           0           0  
      4.288798  0.825380  4.328656            0           0           0  
      2.859199  3.301519  4.328656            0           0           0  
     -0.000428  1.651183  8.980846    -0.012066   -0.002330   -0.003030  
     -1.429874  4.127056  8.980904     0.002178   -0.003626    0.008216  
      2.858786  1.650998  9.007609    -0.011484    0.004770    0.000106  
      1.429018  4.127057  8.980846    -0.003429    0.009147   -0.005263  
      0.000000  1.650759  3.366345            0           0           0  
     -1.429599  4.126898  3.366345            0           0           0  
      2.859199  1.650759  3.366345            0           0           0  
      1.429599  4.126898  3.366345            0           0           0  
      0.000000  0.000000  5.290967            0           0           0  
     -1.429599  2.476139  5.290967            0           0           0  
      2.859199  0.000000  5.290967            0           0           0  
      1.429599  2.476139  5.290967            0           0           0  
      5.717995  0.000232  7.946802    -0.057308    0.029633    0.000257  
     -1.408999  2.488531  7.910030     0.094119    0.031345    0.000779  
     -0.000432  4.928241  7.910030     0.027489   -0.060201    0.000166  
      1.408189  2.488500  7.910010     0.140196   -0.069498   -0.001242  
      1.431374  0.826891  9.895508    -0.045977   -0.025901   -0.003451  
     -0.000424  3.301763  9.883433     0.031810   -0.016953   -0.000416  
      4.286194  0.826883  9.895492    -0.075765    0.040398    0.005696  
      2.858778  3.299226  9.895508    -0.002096    0.032901   -0.001751  
      0.000000  1.650759  2.164328            0           0           0  
     -1.429599  4.126898  2.164328            0           0           0  
      2.859199  1.650759  2.164328            0           0           0  
      1.429599  4.126898  2.164328            0           0           0  
      5.718096  0.000174  6.939806    -0.064001    0.032005    0.000267  
     -1.221829  2.596481  6.929365     0.048929    0.002372   -0.010833  
     -0.000334  4.712172  6.929365     0.029816   -0.027196   -0.006974  
      1.221316  2.596392  6.929294     0.064619   -0.026614    0.017627  
      2.858913  1.650924  6.557930    -0.097880    0.040023   -0.001277  
 
  30 f  =   13.075286 THz    82.154447 2PiTHz  436.144603 cm-1    54.075015 meV
             X         Y         Z           dx          dy          dz
      1.429599  0.825380  4.328656            0           0           0  
     -0.000000  3.301519  4.328656            0           0           0  
      4.288798  0.825380  4.328656            0           0           0  
      2.859199  3.301519  4.328656            0           0           0  
     -0.000428  1.651183  8.980846    -0.004860    0.003548    0.007690  
     -1.429874  4.127056  8.980904    -0.006762   -0.010671   -0.001087  
      2.858786  1.650998  9.007609    -0.004754   -0.011476   -0.000006  
      1.429018  4.127057  8.980846     0.006507   -0.005152   -0.006591  
      0.000000  1.650759  3.366345            0           0           0  
     -1.429599  4.126898  3.366345            0           0           0  
      2.859199  1.650759  3.366345            0           0           0  
      1.429599  4.126898  3.366345            0           0           0  
      0.000000  0.000000  5.290967            0           0           0  
     -1.429599  2.476139  5.290967            0           0           0  
      2.859199  0.000000  5.290967            0           0           0  
      1.429599  2.476139  5.290967            0           0           0  
      5.717995  0.000232  7.946802    -0.024853   -0.060202   -0.000040  
     -1.408999  2.488531  7.910030     0.100104    0.077344    0.001410  
     -0.000432  4.928241  7.910030     0.010747    0.145862   -0.001573  
      1.408189  2.488500  7.910010    -0.004179    0.033967    0.000198  
      1.431374  0.826891  9.895508    -0.058860   -0.035293   -0.005007  
     -0.000424  3.301763  9.883433     0.013965    0.033831    0.000041  
      4.286194  0.826883  9.895492     0.008906   -0.007111   -0.000839  
      2.858778  3.299226  9.895508    -0.000772   -0.079881    0.005783  
      0.000000  1.650759  2.164328            0           0           0  
     -1.429599  4.126898  2.164328            0           0           0  
      2.859199  1.650759  2.164328            0           0           0  
      1.429599  4.126898  2.164328            0           0           0  
      5.718096  0.000174  6.939806    -0.027567   -0.066737   -0.000042  
     -1.221829  2.596481  6.929365     0.039267    0.044331   -0.013570  
     -0.000334  4.712172  6.929365     0.011949    0.065318    0.015870  
      1.221316  2.596392  6.929294     0.007218    0.030889   -0.002273  
      2.858913  1.650924  6.557930    -0.040660   -0.097989    0.000148  
 
  31 f  =   13.010072 THz    81.744696 2PiTHz  433.969304 cm-1    53.805312 meV
             X         Y         Z           dx          dy          dz
      1.429599  0.825380  4.328656            0           0           0  
     -0.000000  3.301519  4.328656            0           0           0  
      4.288798  0.825380  4.328656            0           0           0  
      2.859199  3.301519  4.328656            0           0           0  
     -0.000428  1.651183  8.980846     0.008375    0.008396   -0.002391  
     -1.429874  4.127056  8.980904     0.017069   -0.001457   -0.003942  
      2.858786  1.650998  9.007609     0.002692    0.001250   -0.000058  
      1.429018  4.127057  8.980846     0.021223    0.010853    0.006372  
      0.000000  1.650759  3.366345            0           0           0  
     -1.429599  4.126898  3.366345            0           0           0  
      2.859199  1.650759  3.366345            0           0           0  
      1.429599  4.126898  3.366345            0           0           0  
      0.000000  0.000000  5.290967            0           0           0  
     -1.429599  2.476139  5.290967            0           0           0  
      2.859199  0.000000  5.290967            0           0           0  
      1.429599  2.476139  5.290967            0           0           0  
      5.717995  0.000232  7.946802    -0.122023   -0.044101   -0.000151  
     -1.408999  2.488531  7.910030    -0.023569    0.011085    0.011454  
     -0.000432  4.928241  7.910030    -0.126063   -0.007990   -0.003649  
      1.408189  2.488500  7.910010    -0.057515   -0.086988   -0.007705  
      1.431374  0.826891  9.895508     0.005916   -0.005850   -0.011819  
     -0.000424  3.301763  9.883433     0.081773    0.029621    0.000188  
      4.286194  0.826883  9.895492     0.019214    0.033625    0.008072  
      2.858778  3.299226  9.895508     0.046903    0.002402    0.003551  
      0.000000  1.650759  2.164328            0           0           0  
     -1.429599  4.126898  2.164328            0           0           0  
      2.859199  1.650759  2.164328            0           0           0  
      1.429599  4.126898  2.164328            0           0           0  
      5.718096  0.000174  6.939806    -0.116420   -0.041830   -0.000154  
     -1.221829  2.596481  6.929365    -0.012572    0.014887    0.014695  
     -0.000334  4.712172  6.929365    -0.114189   -0.002433   -0.005115  
      1.221316  2.596392  6.929294    -0.047646   -0.081458   -0.009498  
      2.858913  1.650924  6.557930     0.011935    0.006828    0.000736  
 
  32 f  =   13.008542 THz    81.735079 2PiTHz  433.918250 cm-1    53.798982 meV
             X         Y         Z           dx          dy          dz
      1.429599  0.825380  4.328656            0           0           0  
     -0.000000  3.301519  4.328656            0           0           0  
      4.288798  0.825380  4.328656            0           0           0  
      2.859199  3.301519  4.328656            0           0           0  
     -0.000428  1.651183  8.980846     0.003519   -0.022576    0.006302  
     -1.429874  4.127056  8.980904     0.013080   -0.014240   -0.005357  
      2.858786  1.650998  9.007609     0.001425   -0.003212    0.000028  
      1.429018  4.127057  8.980846     0.001393   -0.010341   -0.000950  
      0.000000  1.650759  3.366345            0           0           0  
     -1.429599  4.126898  3.366345            0           0           0  
      2.859199  1.650759  3.366345            0           0           0  
      1.429599  4.126898  3.366345            0           0           0  
      0.000000  0.000000  5.290967            0           0           0  
     -1.429599  2.476139  5.290967            0           0           0  
      2.859199  0.000000  5.290967            0           0           0  
      1.429599  2.476139  5.290967            0           0           0  
      5.717995  0.000232  7.946802    -0.043340    0.119248    0.000153  
     -1.408999  2.488531  7.910030    -0.066119    0.115991   -0.002228  
     -0.000432  4.928241  7.910030    -0.048926    0.018261    0.010703  
      1.408189  2.488500  7.910010     0.027680    0.084065   -0.008740  
      1.431374  0.826891  9.895508     0.025238   -0.042335    0.002313  
     -0.000424  3.301763  9.883433     0.029217   -0.080223   -0.000188  
      4.286194  0.826883  9.895492    -0.011615   -0.030501    0.008701  
      2.858778  3.299226  9.895508     0.018118   -0.004560   -0.010786  
      0.000000  1.650759  2.164328            0           0           0  
     -1.429599  4.126898  2.164328            0           0           0  
      2.859199  1.650759  2.164328            0           0           0  
      1.429599  4.126898  2.164328            0           0           0  
      5.718096  0.000174  6.939806    -0.040986    0.113355    0.000162  
     -1.221829  2.596481  6.929365    -0.060722    0.104922   -0.002550  
     -0.000334  4.712172  6.929365    -0.044684    0.004975    0.014332  
      1.221316  2.596392  6.929294     0.034269    0.070922   -0.011982  
      2.858913  1.650924  6.557930     0.008259   -0.016246   -0.000235  
 
  33 f  =   12.632817 THz    79.374328 2PiTHz  421.385405 cm-1    52.245108 meV
             X         Y         Z           dx          dy          dz
      1.429599  0.825380  4.328656            0           0           0  
     -0.000000  3.301519  4.328656            0           0           0  
      4.288798  0.825380  4.328656            0           0           0  
      2.859199  3.301519  4.328656            0           0           0  
     -0.000428  1.651183  8.980846     0.020790   -0.000296   -0.000041  
     -1.429874  4.127056  8.980904    -0.010266   -0.018943    0.000190  
      2.858786  1.650998  9.007609     0.000606   -0.000481   -0.000074  
      1.429018  4.127057  8.980846    -0.011216    0.019578   -0.000092  
      0.000000  1.650759  3.366345            0           0           0  
     -1.429599  4.126898  3.366345            0           0           0  
      2.859199  1.650759  3.366345            0           0           0  
      1.429599  4.126898  3.366345            0           0           0  
      0.000000  0.000000  5.290967            0           0           0  
     -1.429599  2.476139  5.290967            0           0           0  
      2.859199  0.000000  5.290967            0           0           0  
      1.429599  2.476139  5.290967            0           0           0  
      5.717995  0.000232  7.946802    -0.001709    0.001522   -0.000456  
     -1.408999  2.488531  7.910030    -0.059266    0.102604    0.002257  
     -0.000432  4.928241  7.910030     0.120492    0.000186    0.003168  
      1.408189  2.488500  7.910010    -0.059362   -0.103319   -0.004986  
      1.431374  0.826891  9.895508     0.029521   -0.051886   -0.002168  
     -0.000424  3.301763  9.883433     0.001037   -0.000925    0.000574  
      4.286194  0.826883  9.895492     0.029559    0.052358    0.004730  
      2.858778  3.299226  9.895508    -0.060701    0.000421   -0.003201  
      0.000000  1.650759  2.164328            0           0           0  
     -1.429599  4.126898  2.164328            0           0           0  
      2.859199  1.650759  2.164328            0           0           0  
      1.429599  4.126898  2.164328            0           0           0  
      5.718096  0.000174  6.939806    -0.001882    0.001666   -0.000474  
     -1.221829  2.596481  6.929365    -0.068636    0.119181    0.002421  
     -0.000334  4.712172  6.929365     0.140238   -0.000184    0.003411  
      1.221316  2.596392  6.929294    -0.068452   -0.120378   -0.005463  
      2.858913  1.650924  6.557930     0.001150   -0.001128    0.001187  
 
  34 f  =   12.498610 THz    78.531083 2PiTHz  416.908757 cm-1    51.690075 meV
             X         Y         Z           dx          dy          dz
      1.429599  0.825380  4.328656            0           0           0  
     -0.000000  3.301519  4.328656            0           0           0  
      4.288798  0.825380  4.328656            0           0           0  
      2.859199  3.301519  4.328656            0           0           0  
     -0.000428  1.651183  8.980846    -0.009545   -0.008975   -0.005129  
     -1.429874  4.127056  8.980904     0.015252    0.011939    0.004234  
      2.858786  1.650998  9.007609     0.007300   -0.021198   -0.000086  
      1.429018  4.127057  8.980846    -0.014323    0.020989    0.000976  
      0.000000  1.650759  3.366345            0           0           0  
     -1.429599  4.126898  3.366345            0           0           0  
      2.859199  1.650759  3.366345            0           0           0  
      1.429599  4.126898  3.366345            0           0           0  
      0.000000  0.000000  5.290967            0           0           0  
     -1.429599  2.476139  5.290967            0           0           0  
      2.859199  0.000000  5.290967            0           0           0  
      1.429599  2.476139  5.290967            0           0           0  
      5.717995  0.000232  7.946802    -0.013027    0.037558   -0.002939  
     -1.408999  2.488531  7.910030     0.031701   -0.043193   -0.022543  
     -0.000432  4.928241  7.910030     0.013245    0.022290    0.120146  
      1.408189  2.488500  7.910010    -0.030315   -0.015326   -0.095112  
      1.431374  0.826891  9.895508    -0.008925    0.015470    0.020988  
     -0.000424  3.301763  9.883433     0.004639   -0.013564    0.003130  
      4.286194  0.826883  9.895492     0.001636    0.008898    0.088734  
      2.858778  3.299226  9.895508    -0.003696    0.004612   -0.112810  
      0.000000  1.650759  2.164328            0           0           0  
     -1.429599  4.126898  2.164328            0           0           0  
      2.859199  1.650759  2.164328            0           0           0  
      1.429599  4.126898  2.164328            0           0           0  
      5.718096  0.000174  6.939806    -0.014508    0.041745   -0.003094  
     -1.221829  2.596481  6.929365     0.031444   -0.054700   -0.025227  
     -0.000334  4.712172  6.929365     0.015388   -0.005106    0.133398  
      1.221316  2.596392  6.929294    -0.012965   -0.030360   -0.105838  
      2.858913  1.650924  6.557930     0.022022   -0.065835    0.003082  
 
  35 f  =   12.497870 THz    78.526430 2PiTHz  416.884054 cm-1    51.687012 meV
             X         Y         Z           dx          dy          dz
      1.429599  0.825380  4.328656            0           0           0  
     -0.000000  3.301519  4.328656            0           0           0  
      4.288798  0.825380  4.328656            0           0           0  
      2.859199  3.301519  4.328656            0           0           0  
     -0.000428  1.651183  8.980846     0.025515   -0.003076   -0.001857  
     -1.429874  4.127056  8.980904     0.004421    0.020079   -0.003562  
      2.858786  1.650998  9.007609    -0.021246   -0.007431    0.000024  
      1.429018  4.127057  8.980846    -0.005877   -0.008465    0.005378  
      0.000000  1.650759  3.366345            0           0           0  
     -1.429599  4.126898  3.366345            0           0           0  
      2.859199  1.650759  3.366345            0           0           0  
      1.429599  4.126898  3.366345            0           0           0  
      0.000000  0.000000  5.290967            0           0           0  
     -1.429599  2.476139  5.290967            0           0           0  
      2.859199  0.000000  5.290967            0           0           0  
      1.429599  2.476139  5.290967            0           0           0  
      5.717995  0.000232  7.946802     0.037137    0.012876    0.001129  
     -1.408999  2.488531  7.910030     0.014865    0.022095   -0.124582  
     -0.000432  4.928241  7.910030    -0.044740    0.008517    0.041610  
      1.408189  2.488500  7.910010    -0.006133   -0.043809    0.082114  
      1.431374  0.826891  9.895508     0.005769   -0.001481    0.116687  
     -0.000424  3.301763  9.883433    -0.013220   -0.004585   -0.001155  
      4.286194  0.826883  9.895492     0.008955    0.010640   -0.076721  
      2.858778  3.299226  9.895508     0.014041    0.001219   -0.038861  
      0.000000  1.650759  2.164328            0           0           0  
     -1.429599  4.126898  2.164328            0           0           0  
      2.859199  1.650759  2.164328            0           0           0  
      1.429599  4.126898  2.164328            0           0           0  
      5.718096  0.000174  6.939806     0.041262    0.014276    0.001190  
     -1.221829  2.596481  6.929365    -0.011295    0.009585   -0.138463  
     -0.000334  4.712172  6.929365    -0.052330   -0.001311    0.046295  
      1.221316  2.596392  6.929294    -0.026856   -0.040691    0.091350  
      2.858913  1.650924  6.557930    -0.066355   -0.023462   -0.001165  
 
  36 f  =   12.432224 THz    78.113966 2PiTHz  414.694347 cm-1    51.415523 meV
             X         Y         Z           dx          dy          dz
      1.429599  0.825380  4.328656            0           0           0  
     -0.000000  3.301519  4.328656            0           0           0  
      4.288798  0.825380  4.328656            0           0           0  
      2.859199  3.301519  4.328656            0           0           0  
     -0.000428  1.651183  8.980846     0.000340    0.001478    0.000286  
     -1.429874  4.127056  8.980904     0.000882   -0.000700    0.000088  
      2.858786  1.650998  9.007609    -0.000393    0.000430   -0.000878  
      1.429018  4.127057  8.980846    -0.000878   -0.001297    0.000161  
      0.000000  1.650759  3.366345            0           0           0  
     -1.429599  4.126898  3.366345            0           0           0  
      2.859199  1.650759  3.366345            0           0           0  
      1.429599  4.126898  3.366345            0           0           0  
      0.000000  0.000000  5.290967            0           0           0  
     -1.429599  2.476139  5.290967            0           0           0  
      2.859199  0.000000  5.290967            0           0           0  
      1.429599  2.476139  5.290967            0           0           0  
      5.717995  0.000232  7.946802     0.000549   -0.000502   -0.136732  
     -1.408999  2.488531  7.910030     0.036365    0.022031    0.039977  
     -0.000432  4.928241  7.910030    -0.000943   -0.042892    0.038259  
      1.408189  2.488500  7.910010    -0.035432    0.021527    0.043362  
      1.431374  0.826891  9.895508    -0.021219   -0.012448   -0.045701  
     -0.000424  3.301763  9.883433    -0.000170    0.000065    0.139975  
      4.286194  0.826883  9.895492     0.021066   -0.012552   -0.048774  
      2.858778  3.299226  9.895508     0.000339    0.024548   -0.044164  
      0.000000  1.650759  2.164328            0           0           0  
     -1.429599  4.126898  2.164328            0           0           0  
      2.859199  1.650759  2.164328            0           0           0  
      1.429599  4.126898  2.164328            0           0           0  
      5.718096  0.000174  6.939806     0.000649   -0.000576   -0.144101  
     -1.221829  2.596481  6.929365     0.028567    0.017714    0.040451  
     -0.000334  4.712172  6.929365    -0.001150   -0.033573    0.038537  
      1.221316  2.596392  6.929294    -0.028524    0.017717    0.044256  
      2.858913  1.650924  6.557930    -0.001364    0.001384    0.100791  
 
  37 f  =   11.654883 THz    73.229792 2PiTHz  388.765065 cm-1    48.200703 meV
             X         Y         Z           dx          dy          dz
      1.429599  0.825380  4.328656            0           0           0  
     -0.000000  3.301519  4.328656            0           0           0  
      4.288798  0.825380  4.328656            0           0           0  
      2.859199  3.301519  4.328656            0           0           0  
     -0.000428  1.651183  8.980846     0.000073   -0.031749    0.011386  
     -1.429874  4.127056  8.980904    -0.027516    0.015970    0.011374  
      2.858786  1.650998  9.007609    -0.000161    0.000023   -0.031490  
      1.429018  4.127057  8.980846     0.027460    0.015752    0.011369  
      0.000000  1.650759  3.366345            0           0           0  
     -1.429599  4.126898  3.366345            0           0           0  
      2.859199  1.650759  3.366345            0           0           0  
      1.429599  4.126898  3.366345            0           0           0  
      0.000000  0.000000  5.290967            0           0           0  
     -1.429599  2.476139  5.290967            0           0           0  
      2.859199  0.000000  5.290967            0           0           0  
      1.429599  2.476139  5.290967            0           0           0  
      5.717995  0.000232  7.946802     0.000089    0.000075   -0.001069  
     -1.408999  2.488531  7.910030     0.006370    0.003494   -0.030162  
     -0.000432  4.928241  7.910030    -0.000021   -0.007299   -0.030472  
      1.408189  2.488500  7.910010    -0.005879    0.003650   -0.030033  
      1.431374  0.826891  9.895508     0.008532    0.005142    0.019510  
     -0.000424  3.301763  9.883433     0.000012   -0.000135   -0.042210  
      4.286194  0.826883  9.895492    -0.008737    0.005001    0.019222  
      2.858778  3.299226  9.895508    -0.000059   -0.009990    0.019523  
      0.000000  1.650759  2.164328            0           0           0  
     -1.429599  4.126898  2.164328            0           0           0  
      2.859199  1.650759  2.164328            0           0           0  
      1.429599  4.126898  2.164328            0           0           0  
      5.718096  0.000174  6.939806     0.000162    0.000080   -0.003101  
     -1.221829  2.596481  6.929365     0.022260    0.012564   -0.030041  
     -0.000334  4.712172  6.929365     0.000035   -0.025606   -0.030377  
      1.221316  2.596392  6.929294    -0.021689    0.013123   -0.029907  
      2.858913  1.650924  6.557930    -0.000642    0.000270    0.325716  
 
  38 f  =   10.767667 THz    67.655250 2PiTHz  359.170726 cm-1    44.531474 meV
             X         Y         Z           dx          dy          dz
      1.429599  0.825380  4.328656            0           0           0  
     -0.000000  3.301519  4.328656            0           0           0  
      4.288798  0.825380  4.328656            0           0           0  
      2.859199  3.301519  4.328656            0           0           0  
     -0.000428  1.651183  8.980846     0.056233    0.011648    0.014864  
     -1.429874  4.127056  8.980904    -0.019507    0.013251   -0.031189  
      2.858786  1.650998  9.007609    -0.055106    0.029873    0.000074  
      1.429018  4.127057  8.980846     0.016246   -0.053672    0.016252  
      0.000000  1.650759  3.366345            0           0           0  
     -1.429599  4.126898  3.366345            0           0           0  
      2.859199  1.650759  3.366345            0           0           0  
      1.429599  4.126898  3.366345            0           0           0  
      0.000000  0.000000  5.290967            0           0           0  
     -1.429599  2.476139  5.290967            0           0           0  
      2.859199  0.000000  5.290967            0           0           0  
      1.429599  2.476139  5.290967            0           0           0  
      5.717995  0.000232  7.946802    -0.007402    0.004015    0.000369  
     -1.408999  2.488531  7.910030     0.006753   -0.011396    0.048843  
     -0.000432  4.928241  7.910030     0.013587   -0.000172    0.044358  
      1.408189  2.488500  7.910010     0.000645    0.000379   -0.093755  
      1.431374  0.826891  9.895508    -0.008560    0.015054    0.010148  
     -0.000424  3.301763  9.883433     0.020131   -0.010947    0.000292  
      4.286194  0.826883  9.895492    -0.000395   -0.000491   -0.019749  
      2.858778  3.299226  9.895508    -0.017814   -0.000118    0.009302  
      0.000000  1.650759  2.164328            0           0           0  
     -1.429599  4.126898  2.164328            0           0           0  
      2.859199  1.650759  2.164328            0           0           0  
      1.429599  4.126898  2.164328            0           0           0  
      5.718096  0.000174  6.939806     0.000542   -0.000294    0.000421  
     -1.221829  2.596481  6.929365    -0.008224   -0.010422    0.049761  
     -0.000334  4.712172  6.929365     0.004802    0.011281    0.045157  
      1.221316  2.596392  6.929294    -0.020028    0.012349   -0.095548  
      2.858913  1.650924  6.557930    -0.037210    0.020290    0.000316  
 
  39 f  =   10.767207 THz    67.652355 2PiTHz  359.155356 cm-1    44.529569 meV
             X         Y         Z           dx          dy          dz
      1.429599  0.825380  4.328656            0           0           0  
     -0.000000  3.301519  4.328656            0           0           0  
      4.288798  0.825380  4.328656            0           0           0  
      2.859199  3.301519  4.328656            0           0           0  
     -0.000428  1.651183  8.980846     0.030502   -0.020890   -0.027439  
     -1.429874  4.127056  8.980904     0.032614    0.055073    0.000821  
      2.858786  1.650998  9.007609    -0.029879   -0.055090    0.000048  
      1.429018  4.127057  8.980846    -0.034384    0.018789    0.026569  
      0.000000  1.650759  3.366345            0           0           0  
     -1.429599  4.126898  3.366345            0           0           0  
      2.859199  1.650759  3.366345            0           0           0  
      1.429599  4.126898  3.366345            0           0           0  
      0.000000  0.000000  5.290967            0           0           0  
     -1.429599  2.476139  5.290967            0           0           0  
      2.859199  0.000000  5.290967            0           0           0  
      1.429599  2.476139  5.290967            0           0           0  
      5.717995  0.000232  7.946802    -0.004016   -0.007418    0.000048  
     -1.408999  2.488531  7.910030    -0.003856    0.007162    0.079808  
     -0.000432  4.928241  7.910030     0.007387    0.000223   -0.082396  
      1.408189  2.488500  7.910010     0.007770    0.013462    0.002539  
      1.431374  0.826891  9.895508     0.005325   -0.009147    0.016722  
     -0.000424  3.301763  9.883433     0.010904    0.020110    0.000099  
      4.286194  0.826883  9.895492    -0.010136   -0.017542    0.000461  
      2.858778  3.299226  9.895508    -0.009629    0.000038   -0.017265  
      0.000000  1.650759  2.164328            0           0           0  
     -1.429599  4.126898  2.164328            0           0           0  
      2.859199  1.650759  2.164328            0           0           0  
      1.429599  4.126898  2.164328            0           0           0  
      5.718096  0.000174  6.939806     0.000305    0.000593    0.000057  
     -1.221829  2.596481  6.929365    -0.018871   -0.007467    0.081336  
     -0.000334  4.712172  6.929365     0.002667   -0.020691   -0.083986  
      1.221316  2.596392  6.929294     0.003421    0.004626    0.002594  
      2.858913  1.650924  6.557930    -0.019987   -0.036612   -0.000193  
 
  40 f  =   10.415559 THz    65.442886 2PiTHz  347.425647 cm-1    43.075271 meV
             X         Y         Z           dx          dy          dz
      1.429599  0.825380  4.328656            0           0           0  
     -0.000000  3.301519  4.328656            0           0           0  
      4.288798  0.825380  4.328656            0           0           0  
      2.859199  3.301519  4.328656            0           0           0  
     -0.000428  1.651183  8.980846     0.000350   -0.054918    0.002465  
     -1.429874  4.127056  8.980904    -0.047695    0.027585    0.002278  
      2.858786  1.650998  9.007609    -0.000252    0.000094   -0.009254  
      1.429018  4.127057  8.980846     0.047689    0.027307    0.002662  
      0.000000  1.650759  3.366345            0           0           0  
     -1.429599  4.126898  3.366345            0           0           0  
      2.859199  1.650759  3.366345            0           0           0  
      1.429599  4.126898  3.366345            0           0           0  
      0.000000  0.000000  5.290967            0           0           0  
     -1.429599  2.476139  5.290967            0           0           0  
      2.859199  0.000000  5.290967            0           0           0  
      1.429599  2.476139  5.290967            0           0           0  
      5.717995  0.000232  7.946802    -0.000074   -0.000004   -0.073669  
     -1.408999  2.488531  7.910030    -0.014665   -0.008494    0.049240  
     -0.000432  4.928241  7.910030     0.000164    0.016939    0.049266  
      1.408189  2.488500  7.910010     0.014427   -0.008607    0.048464  
      1.431374  0.826891  9.895508    -0.021391   -0.012356    0.016660  
     -0.000424  3.301763  9.883433     0.000066    0.000044   -0.056626  
      4.286194  0.826883  9.895492     0.021472   -0.012319    0.016599  
      2.858778  3.299226  9.895508    -0.000077    0.024736    0.016621  
      0.000000  1.650759  2.164328            0           0           0  
     -1.429599  4.126898  2.164328            0           0           0  
      2.859199  1.650759  2.164328            0           0           0  
      1.429599  4.126898  2.164328            0           0           0  
      5.718096  0.000174  6.939806    -0.000041   -0.000096   -0.083343  
     -1.221829  2.596481  6.929365    -0.029709   -0.016843    0.049107  
     -0.000334  4.712172  6.929365     0.000019    0.034010    0.049173  
      1.221316  2.596392  6.929294     0.028906   -0.017666    0.048308  
      2.858913  1.650924  6.557930     0.000856   -0.000601   -0.148127  
 
  41 f  =    7.764745 THz    48.787329 2PiTHz  259.003999 cm-1    32.112389 meV
             X         Y         Z           dx          dy          dz
      1.429599  0.825380  4.328656            0           0           0  
     -0.000000  3.301519  4.328656            0           0           0  
      4.288798  0.825380  4.328656            0           0           0  
      2.859199  3.301519  4.328656            0           0           0  
     -0.000428  1.651183  8.980846     0.007911    0.011862    0.014865  
     -1.429874  4.127056  8.980904    -0.027845    0.017379   -0.042544  
      2.858786  1.650998  9.007609     0.016643   -0.006271   -0.000048  
      1.429018  4.127057  8.980846    -0.015269   -0.015931    0.027730  
      0.000000  1.650759  3.366345            0           0           0  
     -1.429599  4.126898  3.366345            0           0           0  
      2.859199  1.650759  3.366345            0           0           0  
      1.429599  4.126898  3.366345            0           0           0  
      0.000000  0.000000  5.290967            0           0           0  
     -1.429599  2.476139  5.290967            0           0           0  
      2.859199  0.000000  5.290967            0           0           0  
      1.429599  2.476139  5.290967            0           0           0  
      5.717995  0.000232  7.946802    -0.039717    0.014939    0.000179  
     -1.408999  2.488531  7.910030     0.033381    0.014240   -0.022005  
     -0.000432  4.928241  7.910030     0.005085   -0.019977   -0.011888  
      1.408189  2.488500  7.910010     0.048249   -0.026831    0.033335  
      1.431374  0.826891  9.895508     0.004108   -0.002458   -0.007855  
     -0.000424  3.301763  9.883433    -0.029893    0.011168    0.000133  
      4.286194  0.826883  9.895492     0.003627   -0.000757    0.012021  
      2.858778  3.299226  9.895508     0.004933   -0.001418   -0.004221  
      0.000000  1.650759  2.164328            0           0           0  
     -1.429599  4.126898  2.164328            0           0           0  
      2.859199  1.650759  2.164328            0           0           0  
      1.429599  4.126898  2.164328            0           0           0  
      5.718096  0.000174  6.939806    -0.026406    0.009812    0.000202  
     -1.221829  2.596481  6.929365     0.076658    0.058487   -0.005940  
     -0.000334  4.712172  6.929365    -0.014349   -0.053030   -0.002948  
      1.221316  2.596392  6.929294     0.126286   -0.076330    0.008441  
      2.858913  1.650924  6.557930     0.276059   -0.103685    0.000387  
 
  42 f  =    7.756068 THz    48.732812 2PiTHz  258.714577 cm-1    32.076505 meV
             X         Y         Z           dx          dy          dz
      1.429599  0.825380  4.328656            0           0           0  
     -0.000000  3.301519  4.328656            0           0           0  
      4.288798  0.825380  4.328656            0           0           0  
      2.859199  3.301519  4.328656            0           0           0  
     -0.000428  1.651183  8.980846    -0.003350    0.033774    0.039493  
     -1.429874  4.127056  8.980904    -0.009388   -0.005011   -0.007168  
      2.858786  1.650998  9.007609    -0.007809   -0.019804    0.000037  
      1.429018  4.127057  8.980846     0.027234    0.009076   -0.032349  
      0.000000  1.650759  3.366345            0           0           0  
     -1.429599  4.126898  3.366345            0           0           0  
      2.859199  1.650759  3.366345            0           0           0  
      1.429599  4.126898  3.366345            0           0           0  
      0.000000  0.000000  5.290967            0           0           0  
     -1.429599  2.476139  5.290967            0           0           0  
      2.859199  0.000000  5.290967            0           0           0  
      1.429599  2.476139  5.290967            0           0           0  
      5.717995  0.000232  7.946802     0.015714    0.041459    0.000027  
     -1.408999  2.488531  7.910030    -0.037191   -0.024588    0.025468  
     -0.000432  4.928241  7.910030    -0.001214   -0.053882   -0.031099  
      1.408189  2.488500  7.910010     0.006064   -0.008047    0.005553  
      1.431374  0.826891  9.895508    -0.002580   -0.004858    0.009359  
     -0.000424  3.301763  9.883433     0.011656    0.030932   -0.000004  
      4.286194  0.826883  9.895492    -0.001561   -0.004112    0.002080  
      2.858778  3.299226  9.895508    -0.001396   -0.005372   -0.011395  
      0.000000  1.650759  2.164328            0           0           0  
     -1.429599  4.126898  2.164328            0           0           0  
      2.859199  1.650759  2.164328            0           0           0  
      1.429599  4.126898  2.164328            0           0           0  
      5.718096  0.000174  6.939806     0.009965    0.026680    0.000031  
     -1.221829  2.596481  6.929365    -0.103342   -0.048106    0.006752  
     -0.000334  4.712172  6.929365     0.005587   -0.138137   -0.008275  
      1.221316  2.596392  6.929294     0.029172    0.001447    0.001443  
      2.858913  1.650924  6.557930    -0.100441   -0.270145   -0.000038  
 
  43 f  =    7.678013 THz    48.242380 2PiTHz  256.110957 cm-1    31.753697 meV
             X         Y         Z           dx          dy          dz
      1.429599  0.825380  4.328656            0           0           0  
     -0.000000  3.301519  4.328656            0           0           0  
      4.288798  0.825380  4.328656            0           0           0  
      2.859199  3.301519  4.328656            0           0           0  
     -0.000428  1.651183  8.980846     0.018777    0.029811   -0.013324  
     -1.429874  4.127056  8.980904    -0.053137    0.031252    0.027542  
      2.858786  1.650998  9.007609     0.063478   -0.035250    0.000063  
      1.429018  4.127057  8.980846    -0.018166   -0.032017   -0.014258  
      0.000000  1.650759  3.366345            0           0           0  
     -1.429599  4.126898  3.366345            0           0           0  
      2.859199  1.650759  3.366345            0           0           0  
      1.429599  4.126898  3.366345            0           0           0  
      0.000000  0.000000  5.290967            0           0           0  
     -1.429599  2.476139  5.290967            0           0           0  
      2.859199  0.000000  5.290967            0           0           0  
      1.429599  2.476139  5.290967            0           0           0  
      5.717995  0.000232  7.946802    -0.034983    0.019325   -0.000067  
     -1.408999  2.488531  7.910030    -0.001633    0.030170    0.014234  
     -0.000432  4.928241  7.910030    -0.027318   -0.012734    0.013399  
      1.408189  2.488500  7.910010     0.022869   -0.013847   -0.027428  
      1.431374  0.826891  9.895508     0.012113    0.028129    0.002350  
     -0.000424  3.301763  9.883433    -0.021085    0.011693   -0.000057  
      4.286194  0.826883  9.895492     0.041158   -0.024320   -0.004440  
      2.858778  3.299226  9.895508    -0.018562   -0.023140    0.002151  
      0.000000  1.650759  2.164328            0           0           0  
     -1.429599  4.126898  2.164328            0           0           0  
      2.859199  1.650759  2.164328            0           0           0  
      1.429599  4.126898  2.164328            0           0           0  
      5.718096  0.000174  6.939806    -0.003332    0.001828   -0.000070  
     -1.221829  2.596481  6.929365    -0.025674   -0.006318    0.005045  
     -0.000334  4.712172  6.929365    -0.007755    0.024570    0.004595  
      1.221316  2.596392  6.929294    -0.042820    0.024726   -0.009504  
      2.858913  1.650924  6.557930    -0.101421    0.057140   -0.000131  
 
  44 f  =    7.676357 THz    48.231971 2PiTHz  256.055694 cm-1    31.746846 meV
             X         Y         Z           dx          dy          dz
      1.429599  0.825380  4.328656            0           0           0  
     -0.000000  3.301519  4.328656            0           0           0  
      4.288798  0.825380  4.328656            0           0           0  
      2.859199  3.301519  4.328656            0           0           0  
     -0.000428  1.651183  8.980846     0.010168   -0.052343    0.026197  
     -1.429874  4.127056  8.980904     0.011346    0.018215   -0.000950  
      2.858786  1.650998  9.007609     0.034907    0.062564    0.000010  
      1.429018  4.127057  8.980846    -0.050032   -0.016548   -0.025256  
      0.000000  1.650759  3.366345            0           0           0  
     -1.429599  4.126898  3.366345            0           0           0  
      2.859199  1.650759  3.366345            0           0           0  
      1.429599  4.126898  3.366345            0           0           0  
      0.000000  0.000000  5.290967            0           0           0  
     -1.429599  2.476139  5.290967            0           0           0  
      2.859199  0.000000  5.290967            0           0           0  
      1.429599  2.476139  5.290967            0           0           0  
      5.717995  0.000232  7.946802    -0.018741   -0.032929   -0.000011  
     -1.408999  2.488531  7.910030     0.026059   -0.003564    0.024937  
     -0.000432  4.928241  7.910030    -0.015101    0.020751   -0.025738  
      1.408189  2.488500  7.910010    -0.015776   -0.027484    0.000844  
      1.431374  0.826891  9.895508     0.040859    0.010817    0.004331  
     -0.000424  3.301763  9.883433    -0.011205   -0.019582   -0.000015  
      4.286194  0.826883  9.895492    -0.011510   -0.018417    0.000220  
      2.858778  3.299226  9.895508    -0.010297    0.041584   -0.004537  
      0.000000  1.650759  2.164328            0           0           0  
     -1.429599  4.126898  2.164328            0           0           0  
      2.859199  1.650759  2.164328            0           0           0  
      1.429599  4.126898  2.164328            0           0           0  
      5.718096  0.000174  6.939806    -0.001412   -0.001889   -0.000013  
     -1.221829  2.596481  6.929365    -0.039307   -0.027421    0.008692  
     -0.000334  4.712172  6.929365    -0.004033   -0.049879   -0.008974  
      1.221316  2.596392  6.929294    -0.002079   -0.008110    0.000310  
      2.858913  1.650924  6.557930    -0.060677   -0.114178   -0.000093  
 
  45 f  =    7.487515 THz    47.045446 2PiTHz  249.756626 cm-1    30.965861 meV
             X         Y         Z           dx          dy          dz
      1.429599  0.825380  4.328656            0           0           0  
     -0.000000  3.301519  4.328656            0           0           0  
      4.288798  0.825380  4.328656            0           0           0  
      2.859199  3.301519  4.328656            0           0           0  
     -0.000428  1.651183  8.980846    -0.065461    0.000119    0.000001  
     -1.429874  4.127056  8.980904     0.032695    0.056579   -0.000285  
      2.858786  1.650998  9.007609    -0.000098   -0.000137   -0.000005  
      1.429018  4.127057  8.980846     0.032851   -0.056583    0.000292  
      0.000000  1.650759  3.366345            0           0           0  
     -1.429599  4.126898  3.366345            0           0           0  
      2.859199  1.650759  3.366345            0           0           0  
      1.429599  4.126898  3.366345            0           0           0  
      0.000000  0.000000  5.290967            0           0           0  
     -1.429599  2.476139  5.290967            0           0           0  
      2.859199  0.000000  5.290967            0           0           0  
      1.429599  2.476139  5.290967            0           0           0  
      5.717995  0.000232  7.946802    -0.000015    0.000092   -0.000005  
     -1.408999  2.488531  7.910030    -0.030448    0.052729   -0.000231  
     -0.000432  4.928241  7.910030     0.061007   -0.000076    0.000032  
      1.408189  2.488500  7.910010    -0.030288   -0.052688    0.000234  
      1.431374  0.826891  9.895508    -0.018464    0.031669   -0.000094  
     -0.000424  3.301763  9.883433    -0.000062    0.000056   -0.000006  
      4.286194  0.826883  9.895492    -0.018362   -0.031667    0.000106  
      2.858778  3.299226  9.895508     0.036829   -0.000081   -0.000010  
      0.000000  1.650759  2.164328            0           0           0  
     -1.429599  4.126898  2.164328            0           0           0  
      2.859199  1.650759  2.164328            0           0           0  
      1.429599  4.126898  2.164328            0           0           0  
      5.718096  0.000174  6.939806    -0.000145    0.000027   -0.000006  
     -1.221829  2.596481  6.929365    -0.008428    0.015283   -0.000148  
     -0.000334  4.712172  6.929365     0.017327    0.000044   -0.000002  
      1.221316  2.596392  6.929294    -0.008393   -0.015251    0.000181  
      2.858913  1.650924  6.557930     0.000808    0.000104   -0.000023  
 
  46 f  =    6.750524 THz    42.414795 2PiTHz  225.173252 cm-1    27.917913 meV
             X         Y         Z           dx          dy          dz
      1.429599  0.825380  4.328656            0           0           0  
     -0.000000  3.301519  4.328656            0           0           0  
      4.288798  0.825380  4.328656            0           0           0  
      2.859199  3.301519  4.328656            0           0           0  
     -0.000428  1.651183  8.980846     0.001005    0.000469   -0.077917  
     -1.429874  4.127056  8.980904    -0.004258   -0.006958    0.045800  
      2.858786  1.650998  9.007609    -0.002503    0.027056   -0.000208  
      1.429018  4.127057  8.980846     0.004707   -0.007923    0.032310  
      0.000000  1.650759  3.366345            0           0           0  
     -1.429599  4.126898  3.366345            0           0           0  
      2.859199  1.650759  3.366345            0           0           0  
      1.429599  4.126898  3.366345            0           0           0  
      0.000000  0.000000  5.290967            0           0           0  
     -1.429599  2.476139  5.290967            0           0           0  
      2.859199  0.000000  5.290967            0           0           0  
      1.429599  2.476139  5.290967            0           0           0  
      5.717995  0.000232  7.946802     0.002698   -0.027047    0.000161  
     -1.408999  2.488531  7.910030    -0.019111    0.013851   -0.012504  
     -0.000432  4.928241  7.910030    -0.002301   -0.023223    0.030517  
      1.408189  2.488500  7.910010     0.020854    0.009953   -0.018264  
      1.431374  0.826891  9.895508    -0.014657    0.024806   -0.016954  
     -0.000424  3.301763  9.883433     0.003142   -0.031977    0.000125  
      4.286194  0.826883  9.895492     0.013475    0.021913   -0.023927  
      2.858778  3.299226  9.895508    -0.003097   -0.001286    0.040784  
      0.000000  1.650759  2.164328            0           0           0  
     -1.429599  4.126898  2.164328            0           0           0  
      2.859199  1.650759  2.164328            0           0           0  
      1.429599  4.126898  2.164328            0           0           0  
      5.718096  0.000174  6.939806     0.004741   -0.047732    0.000177  
     -1.221829  2.596481  6.929365    -0.075879    0.046854   -0.022952  
     -0.000334  4.712172  6.929365    -0.008265   -0.100615    0.055363  
      1.221316  2.596392  6.929294     0.085019    0.031758   -0.032618  
      2.858913  1.650924  6.557930     0.017549   -0.194561   -0.000078  
 
  47 f  =    6.748241 THz    42.400447 2PiTHz  225.097082 cm-1    27.908469 meV
             X         Y         Z           dx          dy          dz
      1.429599  0.825380  4.328656            0           0           0  
     -0.000000  3.301519  4.328656            0           0           0  
      4.288798  0.825380  4.328656            0           0           0  
      2.859199  3.301519  4.328656            0           0           0  
     -0.000428  1.651183  8.980846     0.009948   -0.000015    0.007606  
     -1.429874  4.127056  8.980904     0.002718    0.005336    0.063838  
      2.858786  1.650998  9.007609    -0.027047   -0.002629   -0.000156  
      1.429018  4.127057  8.980846     0.001801   -0.003901   -0.071305  
      0.000000  1.650759  3.366345            0           0           0  
     -1.429599  4.126898  3.366345            0           0           0  
      2.859199  1.650759  3.366345            0           0           0  
      1.429599  4.126898  3.366345            0           0           0  
      0.000000  0.000000  5.290967            0           0           0  
     -1.429599  2.476139  5.290967            0           0           0  
      2.859199  0.000000  5.290967            0           0           0  
      1.429599  2.476139  5.290967            0           0           0  
      5.717995  0.000232  7.946802     0.027082    0.002667    0.000099  
     -1.408999  2.488531  7.910030     0.013425    0.019141    0.027951  
     -0.000432  4.928241  7.910030    -0.023377    0.002214   -0.002946  
      1.408189  2.488500  7.910010     0.009270   -0.021408   -0.025116  
      1.431374  0.826891  9.895508    -0.005562    0.011956    0.037318  
     -0.000424  3.301763  9.883433     0.032013    0.003128    0.000073  
      4.286194  0.826883  9.895492    -0.008406   -0.016432   -0.033389  
      2.858778  3.299226  9.895508    -0.031437    0.000047   -0.003983  
      0.000000  1.650759  2.164328            0           0           0  
     -1.429599  4.126898  2.164328            0           0           0  
      2.859199  1.650759  2.164328            0           0           0  
      1.429599  4.126898  2.164328            0           0           0  
      5.718096  0.000174  6.939806     0.047742    0.004675    0.000108  
     -1.221829  2.596481  6.929365     0.061650    0.076863    0.050626  
     -0.000334  4.712172  6.929365    -0.085878    0.009716   -0.005352  
      1.221316  2.596392  6.929294     0.045893   -0.084480   -0.045392  
      2.858913  1.650924  6.557930     0.194209    0.018912   -0.000117  
 
  48 f  =    6.554496 THz    41.183116 2PiTHz  218.634466 cm-1    27.107207 meV
             X         Y         Z           dx          dy          dz
      1.429599  0.825380  4.328656            0           0           0  
     -0.000000  3.301519  4.328656            0           0           0  
      4.288798  0.825380  4.328656            0           0           0  
      2.859199  3.301519  4.328656            0           0           0  
     -0.000428  1.651183  8.980846     0.000005    0.004436    0.032061  
     -1.429874  4.127056  8.980904     0.003837   -0.002196    0.031757  
      2.858786  1.650998  9.007609     0.000086   -0.000077   -0.104449  
      1.429018  4.127057  8.980846    -0.003836   -0.002192    0.031925  
      0.000000  1.650759  3.366345            0           0           0  
     -1.429599  4.126898  3.366345            0           0           0  
      2.859199  1.650759  3.366345            0           0           0  
      1.429599  4.126898  3.366345            0           0           0  
      0.000000  0.000000  5.290967            0           0           0  
     -1.429599  2.476139  5.290967            0           0           0  
      2.859199  0.000000  5.290967            0           0           0  
      1.429599  2.476139  5.290967            0           0           0  
      5.717995  0.000232  7.946802    -0.000032    0.000049    0.032582  
     -1.408999  2.488531  7.910030     0.012770    0.007336    0.007185  
     -0.000432  4.928241  7.910030     0.000020   -0.014722    0.007110  
      1.408189  2.488500  7.910010    -0.012840    0.007407    0.007178  
      1.431374  0.826891  9.895508     0.026095    0.014959   -0.016078  
     -0.000424  3.301763  9.883433    -0.000035    0.000088    0.038208  
      4.286194  0.826883  9.895492    -0.026024    0.014979   -0.015962  
      2.858778  3.299226  9.895508     0.000046   -0.030053   -0.016154  
      0.000000  1.650759  2.164328            0           0           0  
     -1.429599  4.126898  2.164328            0           0           0  
      2.859199  1.650759  2.164328            0           0           0  
      1.429599  4.126898  2.164328            0           0           0  
      5.718096  0.000174  6.939806    -0.000084    0.000089    0.035004  
     -1.221829  2.596481  6.929365     0.004245    0.002221    0.006513  
     -0.000334  4.712172  6.929365     0.000123   -0.004740    0.006420  
      1.221316  2.596392  6.929294    -0.004743    0.002606    0.006662  
      2.858913  1.650924  6.557930    -0.000593    0.000414   -0.102423  
 
  49 f  =    2.415947 THz    15.179845 2PiTHz   80.587330 cm-1     9.991551 meV
             X         Y         Z           dx          dy          dz
      1.429599  0.825380  4.328656            0           0           0  
     -0.000000  3.301519  4.328656            0           0           0  
      4.288798  0.825380  4.328656            0           0           0  
      2.859199  3.301519  4.328656            0           0           0  
     -0.000428  1.651183  8.980846    -0.000000    0.000900    0.053331  
     -1.429874  4.127056  8.980904     0.000789   -0.000461    0.053331  
      2.858786  1.650998  9.007609    -0.000012    0.000003    0.052538  
      1.429018  4.127057  8.980846    -0.000786   -0.000458    0.053337  
      0.000000  1.650759  3.366345            0           0           0  
     -1.429599  4.126898  3.366345            0           0           0  
      2.859199  1.650759  3.366345            0           0           0  
      1.429599  4.126898  3.366345            0           0           0  
      0.000000  0.000000  5.290967            0           0           0  
     -1.429599  2.476139  5.290967            0           0           0  
      2.859199  0.000000  5.290967            0           0           0  
      1.429599  2.476139  5.290967            0           0           0  
      5.717995  0.000232  7.946802     0.000002   -0.000011    0.047962  
     -1.408999  2.488531  7.910030     0.000733    0.000414    0.042987  
     -0.000432  4.928241  7.910030    -0.000004   -0.000850    0.042988  
      1.408189  2.488500  7.910010    -0.000715    0.000416    0.043014  
      1.431374  0.826891  9.895508     0.000713    0.000416    0.054543  
     -0.000424  3.301763  9.883433     0.000005   -0.000016    0.057015  
      4.286194  0.826883  9.895492    -0.000724    0.000419    0.054542  
      2.858778  3.299226  9.895508    -0.000004   -0.000835    0.054546  
      0.000000  1.650759  2.164328            0           0           0  
     -1.429599  4.126898  2.164328            0           0           0  
      2.859199  1.650759  2.164328            0           0           0  
      1.429599  4.126898  2.164328            0           0           0  
      5.718096  0.000174  6.939806    -0.000008   -0.000008    0.052085  
     -1.221829  2.596481  6.929365     0.007826    0.004523    0.048635  
     -0.000334  4.712172  6.929365    -0.000046   -0.009033    0.048631  
      1.221316  2.596392  6.929294    -0.007786    0.004504    0.048649  
      2.858913  1.650924  6.557930     0.000036   -0.000008    0.025195  
 
  50 f  =    0.634317 THz     3.985533 2PiTHz   21.158547 cm-1     2.623324 meV
             X         Y         Z           dx          dy          dz
      1.429599  0.825380  4.328656            0           0           0  
     -0.000000  3.301519  4.328656            0           0           0  
      4.288798  0.825380  4.328656            0           0           0  
      2.859199  3.301519  4.328656            0           0           0  
     -0.000428  1.651183  8.980846     0.037747    0.036386    0.000223  
     -1.429874  4.127056  8.980904     0.037693    0.036502    0.000084  
      2.858786  1.650998  9.007609     0.037912    0.036628    0.000020  
      1.429018  4.127057  8.980846     0.037592    0.036414   -0.000307  
      0.000000  1.650759  3.366345            0           0           0  
     -1.429599  4.126898  3.366345            0           0           0  
      2.859199  1.650759  3.366345            0           0           0  
      1.429599  4.126898  3.366345            0           0           0  
      0.000000  0.000000  5.290967            0           0           0  
     -1.429599  2.476139  5.290967            0           0           0  
      2.859199  0.000000  5.290967            0           0           0  
      1.429599  2.476139  5.290967            0           0           0  
      5.717995  0.000232  7.946802     0.037099    0.035878    0.000017  
     -1.408999  2.488531  7.910030     0.035764    0.035173    0.003500  
     -0.000432  4.928241  7.910030     0.037326    0.034770   -0.002504  
      1.408189  2.488500  7.910010     0.036802    0.036376   -0.001055  
      1.431374  0.826891  9.895508     0.037749    0.036397   -0.000190  
     -0.000424  3.301763  9.883433     0.037640    0.036428    0.000011  
      4.286194  0.826883  9.895492     0.037596    0.036250    0.000063  
      2.858778  3.299226  9.895508     0.037525    0.036448    0.000145  
      0.000000  1.650759  2.164328            0           0           0  
     -1.429599  4.126898  2.164328            0           0           0  
      2.859199  1.650759  2.164328            0           0           0  
      1.429599  4.126898  2.164328            0           0           0  
      5.718096  0.000174  6.939806     0.026677    0.025786    0.000019  
     -1.221829  2.596481  6.929365     0.020845    0.023005    0.000220  
     -0.000334  4.712172  6.929365     0.028296    0.021176   -0.000161  
      1.221316  2.596392  6.929294     0.025944    0.028549   -0.000099  
      2.858913  1.650924  6.557930     0.014534    0.014190    0.000104  
 
  51 f  =    0.628935 THz     3.951716 2PiTHz   20.979018 cm-1     2.601066 meV
             X         Y         Z           dx          dy          dz
      1.429599  0.825380  4.328656            0           0           0  
     -0.000000  3.301519  4.328656            0           0           0  
      4.288798  0.825380  4.328656            0           0           0  
      2.859199  3.301519  4.328656            0           0           0  
     -0.000428  1.651183  8.980846     0.036496   -0.037622   -0.000226  
     -1.429874  4.127056  8.980904     0.036352   -0.037661    0.000294  
      2.858786  1.650998  9.007609     0.036649   -0.037896    0.000010  
      1.429018  4.127057  8.980846     0.036439   -0.037746   -0.000083  
      0.000000  1.650759  3.366345            0           0           0  
     -1.429599  4.126898  3.366345            0           0           0  
      2.859199  1.650759  3.366345            0           0           0  
      1.429599  4.126898  3.366345            0           0           0  
      0.000000  0.000000  5.290967            0           0           0  
     -1.429599  2.476139  5.290967            0           0           0  
      2.859199  0.000000  5.290967            0           0           0  
      1.429599  2.476139  5.290967            0           0           0  
      5.717995  0.000232  7.946802     0.035868   -0.037072    0.000006  
     -1.408999  2.488531  7.910030     0.035741   -0.037587    0.000867  
     -0.000432  4.928241  7.910030     0.036087   -0.035973    0.002589  
      1.408189  2.488500  7.910010     0.034473   -0.036419   -0.003515  
      1.431374  0.826891  9.895508     0.036347   -0.037507   -0.000045  
     -0.000424  3.301763  9.883433     0.036398   -0.037653    0.000003  
      4.286194  0.826883  9.895492     0.036496   -0.037644    0.000195  
      2.858778  3.299226  9.895508     0.036282   -0.037701   -0.000161  
      0.000000  1.650759  2.164328            0           0           0  
     -1.429599  4.126898  2.164328            0           0           0  
      2.859199  1.650759  2.164328            0           0           0  
      1.429599  4.126898  2.164328            0           0           0  
      5.718096  0.000174  6.939806     0.025791   -0.026635    0.000004  
     -1.221829  2.596481  6.929365     0.025517   -0.029360    0.000048  
     -0.000334  4.712172  6.929365     0.027330   -0.021911    0.000161  
      1.221316  2.596392  6.929294     0.019961   -0.023993   -0.000283  
      2.858913  1.650924  6.557930     0.014143   -0.014630    0.000101  
 
