 Eigenvectors and eigenvalues of the dynamical matrix
 ----------------------------------------------------
 
 
   1 f  =   19.278695 THz   121.131610 2PiTHz  643.068031 cm-1    79.730238 meV
             X         Y         Z           dx          dy          dz
      2.495638  0.754101  2.515522    -0.000000   -0.000150   -0.000000  
     -2.288504  5.057401  7.470018    -0.000000    0.000045   -0.000000  
     -0.811180  0.753328  1.006346    -0.004819   -0.001575    0.002445  
      0.967554  5.208194  8.989727    -0.000483    0.000455   -0.009455  
      5.802455  0.753328  4.024698     0.004820   -0.001575   -0.002445  
     -5.544561  5.208194  5.950309     0.000484    0.000455    0.009456  
     -5.528641  2.227715  5.962511     0.000920   -0.000478    0.016999  
      5.735997  3.717866  3.963892     0.002144    0.000952   -0.006949  
      0.951634  2.227715  8.977526    -0.000920   -0.000478   -0.016997  
     -0.744722  3.717866  1.067153    -0.002143    0.000952    0.006950  
     -0.893494  2.231301  4.162213     0.002087   -0.000185    0.006134  
      1.080252  3.714951  5.859232     0.000042    0.003146   -0.013985  
      5.884769  2.231301  0.868832    -0.002086   -0.000184   -0.006134  
     -5.657260  3.714951  9.080805    -0.000042    0.003146    0.013986  
     -5.622992  0.751199  9.034813     0.000114   -0.003775    0.015420  
      5.872018  5.211349  0.883773    -0.003120    0.000260   -0.006788  
      1.045985  0.751199  5.905223    -0.000115   -0.003775   -0.015420  
     -0.880743  5.211349  4.147272     0.003120    0.000260    0.006789  
     -2.769217  2.226426  3.943002    -0.009158   -0.007110   -0.002629  
      3.011632  3.713986  5.983550    -0.008476   -0.002356    0.004740  
      7.760492  2.226426  1.088042     0.009154   -0.007108    0.002629  
     -7.588639  3.713986  8.956487     0.008478   -0.002355   -0.004739  
     -7.576192  0.750830  8.935375     0.005683    0.002234   -0.004091  
      7.754048  5.219232  1.061863     0.009997    0.009352    0.001989  
      2.999184  0.750830  6.004661    -0.005681    0.002236    0.004091  
     -2.762772  5.219232  3.969182    -0.009999    0.009352   -0.001990  
      0.545699  2.153908  0.921023     0.007772   -0.003372    0.010000  
     -0.381056  3.715882  9.101385    -0.003732   -0.001423   -0.012564  
      4.445577  2.153908  4.110021    -0.007774   -0.003371   -0.010000  
     -4.195951  3.715882  5.838651     0.003732   -0.001424    0.012567  
     -4.142312  0.755782  5.906023     0.003606    0.001135    0.008790  
      4.456348  5.276942  4.098732    -0.004309    0.004345   -0.009198  
     -0.434695  0.755782  9.034013    -0.003607    0.001134   -0.008790  
      0.534927  5.276942  0.932312     0.004308    0.004346    0.009198  
     -5.357135  2.249107  7.858822    -0.000901    0.006272   -0.134838  
      5.591648  3.718102  2.065344    -0.001532   -0.002547    0.042880  
      0.780128  2.249107  7.081214     0.000901    0.006273    0.134827  
     -0.600373  3.718102  2.965700     0.001532   -0.002546   -0.042898  
     -0.584070  0.753413  2.941938     0.000964    0.002434   -0.022799  
      0.762384  5.187597  7.091402     0.000936   -0.003668    0.075151  
      5.575345  0.753413  2.089107    -0.000964    0.002435    0.022797  
     -5.339391  5.187597  7.848634    -0.000937   -0.003670   -0.075159  
      3.936596  2.205034  0.451134    -0.005647   -0.000173    0.019437  
     -3.610877  3.710940  9.477450     0.002570    0.001632   -0.002099  
      1.054679  2.205034  4.579910     0.005647   -0.000175   -0.019431  
     -0.966130  3.710940  5.462586    -0.002570    0.001631    0.002103  
     -0.985568  0.756560  5.481490    -0.001230   -0.001718   -0.001869  
      1.064814  5.231939  4.591173     0.000689   -0.000242   -0.003122  
     -3.591439  0.756560  9.458547     0.001231   -0.001718    0.001869  
      3.926461  5.231939  0.439871    -0.000692   -0.000245    0.003123  
     -2.288504  2.009897  7.470018     0.000000   -0.001089   -0.000000  
 
   2 f  =   19.110111 THz   120.072367 2PiTHz  637.444679 cm-1    79.033032 meV
             X         Y         Z           dx          dy          dz
      2.495638  0.754101  2.515522    -0.000378   -0.000000   -0.000557  
     -2.288504  5.057401  7.470018     0.000438   -0.000000    0.000262  
     -0.811180  0.753328  1.006346     0.005496    0.001617   -0.002861  
      0.967554  5.208194  8.989727    -0.004729   -0.001023    0.008958  
      5.802455  0.753328  4.024698     0.005494   -0.001619   -0.002861  
     -5.544561  5.208194  5.950309    -0.004729    0.001022    0.008955  
     -5.528641  2.227715  5.962511    -0.004133   -0.001145    0.016614  
      5.735997  3.717866  3.963892     0.002214    0.001438   -0.007793  
      0.951634  2.227715  8.977526    -0.004134    0.001146    0.016614  
     -0.744722  3.717866  1.067153     0.002215   -0.001437   -0.007798  
     -0.893494  2.231301  4.162213     0.002440    0.000624   -0.005469  
      1.080252  3.714951  5.859232    -0.002152   -0.002973    0.013031  
      5.884769  2.231301  0.868832     0.002440   -0.000622   -0.005463  
     -5.657260  3.714951  9.080805    -0.002154    0.002974    0.013032  
     -5.622992  0.751199  9.034813    -0.001773   -0.003545    0.014484  
      5.872018  5.211349  0.883773     0.001110    0.000590   -0.006202  
      1.045985  0.751199  5.905223    -0.001772    0.003543    0.014484  
     -0.880743  5.211349  4.147272     0.001110   -0.000592   -0.006208  
     -2.769217  2.226426  3.943002    -0.015722   -0.007480   -0.003438  
      3.011632  3.713986  5.983550     0.019760   -0.000518    0.004961  
      7.760492  2.226426  1.088042    -0.015733    0.007484   -0.003441  
     -7.588639  3.713986  8.956487     0.019761    0.000518    0.004961  
     -7.576192  0.750830  8.935375     0.027404   -0.000705    0.005097  
      7.754048  5.219232  1.061863    -0.017346   -0.008744   -0.003714  
      2.999184  0.750830  6.004661     0.027406    0.000705    0.005098  
     -2.762772  5.219232  3.969182    -0.017340    0.008741   -0.003712  
      0.545699  2.153908  0.921023    -0.005035    0.003310   -0.011426  
     -0.381056  3.715882  9.101385     0.007090    0.000397    0.009383  
      4.445577  2.153908  4.110021    -0.005034   -0.003308   -0.011418  
     -4.195951  3.715882  5.838651     0.007089   -0.000399    0.009385  
     -4.142312  0.755782  5.906023     0.002801    0.000648    0.007738  
      4.456348  5.276942  4.098732     0.000607    0.003152   -0.011666  
     -0.434695  0.755782  9.034013     0.002802   -0.000647    0.007733  
      0.534927  5.276942  0.932312     0.000607   -0.003151   -0.011674  
     -5.357135  2.249107  7.858822     0.000089    0.004124   -0.128902  
      5.591648  3.718102  2.065344    -0.000116   -0.002104    0.055955  
      0.780128  2.249107  7.081214     0.000088   -0.004128   -0.128883  
     -0.600373  3.718102  2.965700    -0.000119    0.002103    0.056014  
     -0.584070  0.753413  2.941938    -0.001385   -0.002501    0.030672  
      0.762384  5.187597  7.091402    -0.000322    0.001263   -0.065372  
      5.575345  0.753413  2.089107    -0.001383    0.002504    0.030660  
     -5.339391  5.187597  7.848634    -0.000322   -0.001259   -0.065366  
      3.936596  2.205034  0.451134    -0.008732   -0.002390    0.015653  
     -3.610877  3.710940  9.477450     0.002277    0.002710   -0.005849  
      1.054679  2.205034  4.579910    -0.008731    0.002393    0.015647  
     -0.966130  3.710940  5.462586     0.002278   -0.002709   -0.005858  
     -0.985568  0.756560  5.481490    -0.003484    0.002531   -0.001223  
      1.064814  5.231939  4.591173    -0.004213   -0.001175   -0.002833  
     -3.591439  0.756560  9.458547    -0.003483   -0.002533   -0.001227  
      3.926461  5.231939  0.439871    -0.004213    0.001171   -0.002837  
     -2.288504  2.009897  7.470018     0.005839    0.000001    0.002745  
 
   3 f  =   18.848034 THz   118.425693 2PiTHz  628.702756 cm-1    77.949172 meV
             X         Y         Z           dx          dy          dz
      2.495638  0.754101  2.515522    -0.000001   -0.000232    0.000001  
     -2.288504  5.057401  7.470018    -0.000000   -0.000280    0.000003  
     -0.811180  0.753328  1.006346     0.000905   -0.004254   -0.000372  
      0.967554  5.208194  8.989727    -0.003392   -0.002055    0.003698  
      5.802455  0.753328  4.024698    -0.000917   -0.004234    0.000367  
     -5.544561  5.208194  5.950309     0.003373   -0.002040   -0.003692  
     -5.528641  2.227715  5.962511     0.003795    0.002048    0.004812  
      5.735997  3.717866  3.963892     0.002081    0.002203    0.015783  
      0.951634  2.227715  8.977526    -0.003816    0.002062   -0.004856  
     -0.744722  3.717866  1.067153    -0.002104    0.002216   -0.015878  
     -0.893494  2.231301  4.162213    -0.003421    0.004673   -0.014012  
      1.080252  3.714951  5.859232     0.001012    0.003824   -0.002903  
      5.884769  2.231301  0.868832     0.003454    0.004645    0.013934  
     -5.657260  3.714951  9.080805    -0.000999    0.003811    0.002864  
     -5.622992  0.751199  9.034813    -0.002057   -0.004340    0.001568  
      5.872018  5.211349  0.883773    -0.002038   -0.005065    0.013235  
      1.045985  0.751199  5.905223     0.002077   -0.004357   -0.001604  
     -0.880743  5.211349  4.147272     0.002062   -0.005093   -0.013316  
     -2.769217  2.226426  3.943002     0.026292    0.009243    0.005751  
      3.011632  3.713986  5.983550    -0.003511   -0.002173    0.000563  
      7.760492  2.226426  1.088042    -0.026420    0.009275   -0.005780  
     -7.588639  3.713986  8.956487     0.003448   -0.002182   -0.000576  
     -7.576192  0.750830  8.935375     0.003490    0.002325   -0.001365  
      7.754048  5.219232  1.061863     0.004143   -0.003729   -0.004558  
      2.999184  0.750830  6.004661    -0.003501    0.002312    0.001363  
     -2.762772  5.219232  3.969182    -0.004142   -0.003723    0.004544  
      0.545699  2.153908  0.921023     0.008140    0.003944   -0.008787  
     -0.381056  3.715882  9.101385     0.010494   -0.002013   -0.008842  
      4.445577  2.153908  4.110021    -0.008055    0.003920    0.008740  
     -4.195951  3.715882  5.838651    -0.010417   -0.002011    0.008751  
     -4.142312  0.755782  5.906023    -0.004124    0.001684    0.007516  
      4.456348  5.276942  4.098732    -0.000202   -0.000657    0.010929  
     -0.434695  0.755782  9.034013     0.004154    0.001681   -0.007586  
      0.534927  5.276942  0.932312     0.000230   -0.000676   -0.010992  
     -5.357135  2.249107  7.858822    -0.000301   -0.001453   -0.057237  
      5.591648  3.718102  2.065344     0.002034   -0.000722   -0.146086  
      0.780128  2.249107  7.081214     0.000298   -0.001450    0.057727  
     -0.600373  3.718102  2.965700    -0.002047   -0.000723    0.147009  
     -0.584070  0.753413  2.941938     0.000212    0.001721    0.033145  
      0.762384  5.187597  7.091402     0.000027    0.004191   -0.002878  
      5.575345  0.753413  2.089107    -0.000219    0.001712   -0.032916  
     -5.339391  5.187597  7.848634    -0.000029    0.004175    0.003006  
      3.936596  2.205034  0.451134    -0.001096    0.004617    0.017927  
     -3.610877  3.710940  9.477450    -0.005267    0.001264    0.022648  
      1.054679  2.205034  4.579910     0.001072    0.004643   -0.018040  
     -0.966130  3.710940  5.462586     0.005292    0.001272   -0.022790  
     -0.985568  0.756560  5.481490    -0.000762   -0.001996    0.007476  
      1.064814  5.231939  4.591173    -0.005544   -0.005111    0.003417  
     -3.591439  0.756560  9.458547     0.000760   -0.001977   -0.007430  
      3.926461  5.231939  0.439871     0.005509   -0.005079   -0.003418  
     -2.288504  2.009897  7.470018    -0.000004    0.005764    0.000013  
 
   4 f  =   18.828828 THz   118.305017 2PiTHz  628.062105 cm-1    77.869742 meV
             X         Y         Z           dx          dy          dz
      2.495638  0.754101  2.515522     0.000332   -0.000001   -0.000242  
     -2.288504  5.057401  7.470018     0.000090   -0.000001   -0.000978  
     -0.811180  0.753328  1.006346     0.001498    0.002629    0.000758  
      0.967554  5.208194  8.989727     0.003179    0.002368   -0.001262  
      5.802455  0.753328  4.024698     0.001491   -0.002658    0.000761  
     -5.544561  5.208194  5.950309     0.003201   -0.002381   -0.001290  
     -5.528641  2.227715  5.962511     0.003384    0.002243    0.005538  
      5.735997  3.717866  3.963892     0.003372    0.001775    0.014839  
      0.951634  2.227715  8.977526     0.003358   -0.002230    0.005507  
     -0.744722  3.717866  1.067153     0.003359   -0.001760    0.014734  
     -0.893494  2.231301  4.162213    -0.005151   -0.004200    0.012076  
      1.080252  3.714951  5.859232    -0.001991   -0.001885    0.005229  
      5.884769  2.231301  0.868832    -0.005128    0.004231    0.012170  
     -5.657260  3.714951  9.080805    -0.001998    0.001911    0.005247  
     -5.622992  0.751199  9.034813    -0.002946   -0.002340    0.004592  
      5.872018  5.211349  0.883773    -0.003912   -0.004268    0.012715  
      1.045985  0.751199  5.905223    -0.002932    0.002311    0.004584  
     -0.880743  5.211349  4.147272    -0.003898    0.004234    0.012627  
     -2.769217  2.226426  3.943002     0.019702    0.004757    0.004527  
      3.011632  3.713986  5.983550     0.008431   -0.001188    0.001566  
      7.760492  2.226426  1.088042     0.019525   -0.004694    0.004490  
     -7.588639  3.713986  8.956487     0.008457    0.001173    0.001563  
     -7.576192  0.750830  8.935375     0.000020   -0.001955    0.000009  
      7.754048  5.219232  1.061863     0.002343    0.001967    0.002479  
      2.999184  0.750830  6.004661    -0.000002    0.001969    0.000018  
     -2.762772  5.219232  3.969182     0.002316   -0.001993    0.002510  
      0.545699  2.153908  0.921023    -0.012204   -0.003889    0.008215  
     -0.381056  3.715882  9.101385    -0.011666    0.000191    0.012757  
      4.445577  2.153908  4.110021    -0.012256    0.003916    0.008272  
     -4.195951  3.715882  5.838651    -0.011733   -0.000205    0.012811  
     -4.142312  0.755782  5.906023    -0.004505   -0.000265    0.010282  
      4.456348  5.276942  4.098732    -0.004904   -0.002997    0.010218  
     -0.434695  0.755782  9.034013    -0.004474    0.000277    0.010235  
      0.534927  5.276942  0.932312    -0.004904    0.002993    0.010144  
     -5.357135  2.249107  7.858822     0.000339   -0.000046   -0.066225  
      5.591648  3.718102  2.065344     0.001930   -0.000032   -0.143336  
      0.780128  2.249107  7.081214     0.000341    0.000035   -0.065855  
     -0.600373  3.718102  2.965700     0.001918    0.000027   -0.142365  
     -0.584070  0.753413  2.941938     0.000931   -0.001281   -0.036595  
      0.762384  5.187597  7.091402     0.000404   -0.002471   -0.016608  
      5.575345  0.753413  2.089107     0.000928    0.001295   -0.036818  
     -5.339391  5.187597  7.848634     0.000403    0.002500   -0.016565  
      3.936596  2.205034  0.451134     0.004126    0.004145    0.015970  
     -3.610877  3.710940  9.477450    -0.004099    0.000903    0.022154  
      1.054679  2.205034  4.579910     0.004131   -0.004113    0.015851  
     -0.966130  3.710940  5.462586    -0.004065   -0.000894    0.022002  
     -0.985568  0.756560  5.481490     0.000494    0.002608   -0.006981  
      1.064814  5.231939  4.591173     0.005473    0.004956    0.000497  
     -3.591439  0.756560  9.458547     0.000499   -0.002622   -0.007030  
      3.926461  5.231939  0.439871     0.005512   -0.004990    0.000469  
     -2.288504  2.009897  7.470018     0.000992    0.000019   -0.004127  
 
   5 f  =   18.610383 THz   116.932487 2PiTHz  620.775565 cm-1    76.966326 meV
             X         Y         Z           dx          dy          dz
      2.495638  0.754101  2.515522     0.000000   -0.000559    0.000000  
     -2.288504  5.057401  7.470018    -0.000000    0.000151    0.000000  
     -0.811180  0.753328  1.006346     0.003613   -0.010176   -0.000962  
      0.967554  5.208194  8.989727     0.001941    0.000898    0.017457  
      5.802455  0.753328  4.024698    -0.003614   -0.010175    0.000962  
     -5.544561  5.208194  5.950309    -0.001941    0.000899   -0.017457  
     -5.528641  2.227715  5.962511    -0.000237   -0.000962    0.008342  
      5.735997  3.717866  3.963892    -0.002993    0.005865   -0.004173  
      0.951634  2.227715  8.977526     0.000237   -0.000962   -0.008344  
     -0.744722  3.717866  1.067153     0.002992    0.005866    0.004171  
     -0.893494  2.231301  4.162213    -0.005844   -0.002831   -0.000223  
      1.080252  3.714951  5.859232     0.000391    0.011066    0.004322  
      5.884769  2.231301  0.868832     0.005845   -0.002831    0.000222  
     -5.657260  3.714951  9.080805    -0.000390    0.011066   -0.004322  
     -5.622992  0.751199  9.034813     0.000103   -0.012802   -0.003985  
      5.872018  5.211349  0.883773    -0.001907    0.002645   -0.002877  
      1.045985  0.751199  5.905223    -0.000103   -0.012802    0.003985  
     -0.880743  5.211349  4.147272     0.001905    0.002645    0.002876  
     -2.769217  2.226426  3.943002     0.035412    0.013576   -0.000434  
      3.011632  3.713986  5.983550     0.004935   -0.004160   -0.001321  
      7.760492  2.226426  1.088042    -0.035418    0.013575    0.000434  
     -7.588639  3.713986  8.956487    -0.004937   -0.004161    0.001321  
     -7.576192  0.750830  8.935375    -0.003113    0.005591    0.001491  
      7.754048  5.219232  1.061863     0.006762    0.003744   -0.000571  
      2.999184  0.750830  6.004661     0.003112    0.005590   -0.001491  
     -2.762772  5.219232  3.969182    -0.006746    0.003740    0.000572  
      0.545699  2.153908  0.921023     0.008146    0.004551   -0.000484  
     -0.381056  3.715882  9.101385    -0.001706   -0.009123    0.006971  
      4.445577  2.153908  4.110021    -0.008143    0.004553    0.000484  
     -4.195951  3.715882  5.838651     0.001708   -0.009124   -0.006970  
     -4.142312  0.755782  5.906023    -0.001127    0.006095   -0.003969  
      4.456348  5.276942  4.098732     0.010718   -0.001963    0.006381  
     -0.434695  0.755782  9.034013     0.001127    0.006096    0.003970  
      0.534927  5.276942  0.932312    -0.010722   -0.001965   -0.006385  
     -5.357135  2.249107  7.858822     0.000560    0.004884   -0.060229  
      5.591648  3.718102  2.065344     0.001091   -0.011062    0.041498  
      0.780128  2.249107  7.081214    -0.000559    0.004884    0.060239  
     -0.600373  3.718102  2.965700    -0.001091   -0.011062   -0.041484  
     -0.584070  0.753413  2.941938    -0.001089    0.010074    0.005074  
      0.762384  5.187597  7.091402    -0.001579    0.004275   -0.130650  
      5.575345  0.753413  2.089107     0.001088    0.010074   -0.005070  
     -5.339391  5.187597  7.848634     0.001579    0.004273    0.130650  
      3.936596  2.205034  0.451134    -0.007380   -0.004351    0.031896  
     -3.610877  3.710940  9.477450     0.003867    0.009095   -0.012169  
      1.054679  2.205034  4.579910     0.007380   -0.004350   -0.031899  
     -0.966130  3.710940  5.462586    -0.003867    0.009094    0.012165  
     -0.985568  0.756560  5.481490    -0.000388   -0.008222   -0.002180  
      1.064814  5.231939  4.591173    -0.009031    0.001087    0.042288  
     -3.591439  0.756560  9.458547     0.000387   -0.008222    0.002179  
      3.926461  5.231939  0.439871     0.009034    0.001088   -0.042289  
     -2.288504  2.009897  7.470018     0.000000   -0.003333    0.000000  
 
   6 f  =   18.493671 THz   116.199160 2PiTHz  616.882456 cm-1    76.483642 meV
             X         Y         Z           dx          dy          dz
      2.495638  0.754101  2.515522    -0.000242   -0.000000   -0.000092  
     -2.288504  5.057401  7.470018     0.000285    0.000000   -0.000089  
     -0.811180  0.753328  1.006346     0.005824   -0.012777   -0.001020  
      0.967554  5.208194  8.989727    -0.000892    0.000877    0.017663  
      5.802455  0.753328  4.024698     0.005819    0.012774   -0.001019  
     -5.544561  5.208194  5.950309    -0.000890   -0.000875    0.017665  
     -5.528641  2.227715  5.962511    -0.001445    0.001089   -0.008266  
      5.735997  3.717866  3.963892     0.003716   -0.008762    0.003357  
      0.951634  2.227715  8.977526    -0.001446   -0.001090   -0.008262  
     -0.744722  3.717866  1.067153     0.003719    0.008764    0.003360  
     -0.893494  2.231301  4.162213     0.007000   -0.001191    0.001448  
      1.080252  3.714951  5.859232    -0.000890    0.006040    0.002790  
      5.884769  2.231301  0.868832     0.007007    0.001189    0.001449  
     -5.657260  3.714951  9.080805    -0.000891   -0.006041    0.002789  
     -5.622992  0.751199  9.034813    -0.001179    0.007724    0.002575  
      5.872018  5.211349  0.883773    -0.001482   -0.001644    0.000994  
      1.045985  0.751199  5.905223    -0.001179   -0.007723    0.002575  
     -0.880743  5.211349  4.147272    -0.001482    0.001646    0.000995  
     -2.769217  2.226426  3.943002    -0.068479   -0.020428   -0.005141  
      3.011632  3.713986  5.983550     0.009143    0.005430    0.001879  
      7.760492  2.226426  1.088042    -0.068534    0.020443   -0.005144  
     -7.588639  3.713986  8.956487     0.009147   -0.005432    0.001880  
     -7.576192  0.750830  8.935375     0.008366    0.008007    0.001161  
      7.754048  5.219232  1.061863     0.018287    0.002553    0.001545  
      2.999184  0.750830  6.004661     0.008366   -0.008005    0.001160  
     -2.762772  5.219232  3.969182     0.018296   -0.002561    0.001544  
      0.545699  2.153908  0.921023     0.019948    0.000876    0.000364  
     -0.381056  3.715882  9.101385    -0.001191   -0.001897    0.004197  
      4.445577  2.153908  4.110021     0.019937   -0.000874    0.000366  
     -4.195951  3.715882  5.838651    -0.001188    0.001901    0.004198  
     -4.142312  0.755782  5.906023     0.000172   -0.000051    0.002876  
      4.456348  5.276942  4.098732    -0.019581    0.006974   -0.009981  
     -0.434695  0.755782  9.034013     0.000174    0.000047    0.002871  
      0.534927  5.276942  0.932312    -0.019585   -0.006979   -0.009982  
     -5.357135  2.249107  7.858822    -0.000219   -0.005296    0.057992  
      5.591648  3.718102  2.065344     0.001838    0.006106   -0.028832  
      0.780128  2.249107  7.081214    -0.000218    0.005295    0.057976  
     -0.600373  3.718102  2.965700     0.001835   -0.006105   -0.028852  
     -0.584070  0.753413  2.941938     0.000471    0.007379    0.010190  
      0.762384  5.187597  7.091402    -0.001960    0.003076   -0.120801  
      5.575345  0.753413  2.089107     0.000472   -0.007383    0.010178  
     -5.339391  5.187597  7.848634    -0.001960   -0.003073   -0.120824  
      3.936596  2.205034  0.451134    -0.001277    0.004206   -0.027115  
     -3.610877  3.710940  9.477450     0.001564   -0.011720    0.009462  
      1.054679  2.205034  4.579910    -0.001270   -0.004208   -0.027110  
     -0.966130  3.710940  5.462586     0.001558    0.011717    0.009466  
     -0.985568  0.756560  5.481490     0.001185   -0.011057   -0.001581  
      1.064814  5.231939  4.591173    -0.005179   -0.000335    0.038023  
     -3.591439  0.756560  9.458547     0.001186    0.011061   -0.001577  
      3.926461  5.231939  0.439871    -0.005182    0.000337    0.038032  
     -2.288504  2.009897  7.470018     0.000836   -0.000001   -0.002649  
 
   7 f  =   18.312227 THz   115.059118 2PiTHz  610.830155 cm-1    75.733253 meV
             X         Y         Z           dx          dy          dz
      2.495638  0.754101  2.515522     0.000001    0.000054   -0.000000  
     -2.288504  5.057401  7.470018     0.000000   -0.000286    0.000000  
     -0.811180  0.753328  1.006346    -0.014277    0.007244    0.002164  
      0.967554  5.208194  8.989727     0.003132   -0.002560    0.001321  
      5.802455  0.753328  4.024698     0.014244    0.007238   -0.002160  
     -5.544561  5.208194  5.950309    -0.003130   -0.002552   -0.001304  
     -5.528641  2.227715  5.962511    -0.001838    0.002572    0.003783  
      5.735997  3.717866  3.963892     0.008251   -0.003868    0.004970  
      0.951634  2.227715  8.977526     0.001838    0.002579   -0.003798  
     -0.744722  3.717866  1.067153    -0.008270   -0.003867   -0.004986  
     -0.893494  2.231301  4.162213     0.016422    0.006394    0.005607  
      1.080252  3.714951  5.859232    -0.002767    0.001499   -0.000455  
      5.884769  2.231301  0.868832    -0.016466    0.006389   -0.005612  
     -5.657260  3.714951  9.080805     0.002769    0.001483    0.000474  
     -5.622992  0.751199  9.034813     0.000712   -0.001719   -0.001098  
      5.872018  5.211349  0.883773    -0.003783   -0.006034   -0.003970  
      1.045985  0.751199  5.905223    -0.000712   -0.001738    0.001121  
     -0.880743  5.211349  4.147272     0.003765   -0.006040    0.003974  
     -2.769217  2.226426  3.943002    -0.130076   -0.039420   -0.006713  
      3.011632  3.713986  5.983550     0.009315    0.002898   -0.000203  
      7.760492  2.226426  1.088042     0.130373   -0.039506    0.006733  
     -7.588639  3.713986  8.956487    -0.009312    0.002901    0.000205  
     -7.576192  0.750830  8.935375    -0.005858   -0.003206    0.000664  
      7.754048  5.219232  1.061863     0.037872    0.019013    0.001926  
      2.999184  0.750830  6.004661     0.005885   -0.003210   -0.000660  
     -2.762772  5.219232  3.969182    -0.037728    0.018960   -0.001915  
      0.545699  2.153908  0.921023    -0.025240   -0.011691    0.005537  
     -0.381056  3.715882  9.101385     0.003069   -0.005497    0.007387  
      4.445577  2.153908  4.110021     0.025199   -0.011657   -0.005521  
     -4.195951  3.715882  5.838651    -0.003063   -0.005485   -0.007365  
     -4.142312  0.755782  5.906023     0.002442    0.005225   -0.014966  
      4.456348  5.276942  4.098732    -0.001568    0.018258   -0.006453  
     -0.434695  0.755782  9.034013    -0.002449    0.005233    0.015003  
      0.534927  5.276942  0.932312     0.001544    0.018300    0.006464  
     -5.357135  2.249107  7.858822     0.001071   -0.002207   -0.010588  
      5.591648  3.718102  2.065344    -0.006990   -0.002693   -0.031159  
      0.780128  2.249107  7.081214    -0.001069   -0.002215    0.010647  
     -0.600373  3.718102  2.965700     0.006975   -0.002714    0.031236  
     -0.584070  0.753413  2.941938     0.003034    0.005867   -0.045108  
      0.762384  5.187597  7.091402     0.000564    0.004192   -0.045675  
      5.575345  0.753413  2.089107    -0.003040    0.005842    0.044998  
     -5.339391  5.187597  7.848634    -0.000562    0.004170    0.045443  
      3.936596  2.205034  0.451134     0.011912    0.003374    0.004461  
     -3.610877  3.710940  9.477450    -0.016025    0.001526    0.014597  
      1.054679  2.205034  4.579910    -0.011876    0.003379   -0.004529  
     -0.966130  3.710940  5.462586     0.015999    0.001540   -0.014624  
     -0.985568  0.756560  5.481490     0.004758   -0.002797    0.007350  
      1.064814  5.231939  4.591173    -0.005388   -0.005034    0.015851  
     -3.591439  0.756560  9.458547    -0.004783   -0.002781   -0.007334  
      3.926461  5.231939  0.439871     0.005390   -0.005022   -0.015794  
     -2.288504  2.009897  7.470018     0.000000    0.005404    0.000000  
 
   8 f  =   18.286682 THz   114.898612 2PiTHz  609.978053 cm-1    75.627606 meV
             X         Y         Z           dx          dy          dz
      2.495638  0.754101  2.515522    -0.000658    0.000000    0.000187  
     -2.288504  5.057401  7.470018    -0.000193   -0.000000   -0.000136  
     -0.811180  0.753328  1.006346     0.013832   -0.003438   -0.001992  
      0.967554  5.208194  8.989727    -0.000894    0.003357   -0.003241  
      5.802455  0.753328  4.024698     0.013872    0.003453   -0.001999  
     -5.544561  5.208194  5.950309    -0.000903   -0.003364   -0.003245  
     -5.528641  2.227715  5.962511    -0.000231    0.003256    0.004426  
      5.735997  3.717866  3.963892     0.007363   -0.000967    0.006411  
      0.951634  2.227715  8.977526    -0.000225   -0.003248    0.004415  
     -0.744722  3.717866  1.067153     0.007340    0.000958    0.006397  
     -0.893494  2.231301  4.162213     0.016931   -0.002129    0.001473  
      1.080252  3.714951  5.859232    -0.000704   -0.004870   -0.006420  
      5.884769  2.231301  0.868832     0.016888    0.002148    0.001456  
     -5.657260  3.714951  9.080805    -0.000695    0.004875   -0.006419  
     -5.622992  0.751199  9.034813    -0.000366   -0.005615   -0.007953  
      5.872018  5.211349  0.883773     0.007308   -0.002851   -0.001391  
      1.045985  0.751199  5.905223    -0.000368    0.005609   -0.007949  
     -0.880743  5.211349  4.147272     0.007322    0.002833   -0.001378  
     -2.769217  2.226426  3.943002    -0.114660   -0.034867   -0.007561  
      3.011632  3.713986  5.983550     0.000715    0.000975   -0.000391  
      7.760492  2.226426  1.088042    -0.114321    0.034761   -0.007543  
     -7.588639  3.713986  8.956487     0.000688   -0.000969   -0.000389  
     -7.576192  0.750830  8.935375    -0.009376   -0.000096   -0.001874  
      7.754048  5.219232  1.061863    -0.056508   -0.022069   -0.004015  
      2.999184  0.750830  6.004661    -0.009359    0.000088   -0.001877  
     -2.762772  5.219232  3.969182    -0.056636    0.022131   -0.004022  
      0.545699  2.153908  0.921023     0.017048    0.012596   -0.007101  
     -0.381056  3.715882  9.101385    -0.002461    0.003778   -0.008029  
      4.445577  2.153908  4.110021     0.017112   -0.012630   -0.007117  
     -4.195951  3.715882  5.838651    -0.002471   -0.003792   -0.008049  
     -4.142312  0.755782  5.906023     0.003818    0.002276   -0.012969  
      4.456348  5.276942  4.098732     0.005992    0.015697   -0.006841  
     -0.434695  0.755782  9.034013     0.003813   -0.002263   -0.012924  
      0.534927  5.276942  0.932312     0.005991   -0.015644   -0.006821  
     -5.357135  2.249107  7.858822    -0.001110   -0.003612   -0.010514  
      5.591648  3.718102  2.065344     0.005867   -0.006087   -0.032727  
      0.780128  2.249107  7.081214    -0.001113    0.003605   -0.010492  
     -0.600373  3.718102  2.965700     0.005886    0.006080   -0.032637  
     -0.584070  0.753413  2.941938     0.002284   -0.008077    0.046182  
      0.762384  5.187597  7.091402    -0.001294   -0.008033    0.064866  
      5.575345  0.753413  2.089107     0.002275    0.008092    0.046319  
     -5.339391  5.187597  7.848634    -0.001295    0.008044    0.064995  
      3.936596  2.205034  0.451134    -0.012854    0.002874    0.019404  
     -3.610877  3.710940  9.477450     0.009943    0.003283    0.012821  
      1.054679  2.205034  4.579910    -0.012885   -0.002864    0.019392  
     -0.966130  3.710940  5.462586     0.009992   -0.003280    0.012776  
     -0.985568  0.756560  5.481490     0.009078    0.004058   -0.006593  
      1.064814  5.231939  4.591173    -0.001371    0.004904   -0.014978  
     -3.591439  0.756560  9.458547     0.009062   -0.004065   -0.006612  
      3.926461  5.231939  0.439871    -0.001353   -0.004917   -0.015020  
     -2.288504  2.009897  7.470018    -0.000168    0.000008   -0.000684  
 
   9 f  =   18.137076 THz   113.958607 2PiTHz  604.987722 cm-1    75.008884 meV
             X         Y         Z           dx          dy          dz
      2.495638  0.754101  2.515522     0.000000   -0.000298   -0.000000  
     -2.288504  5.057401  7.470018    -0.000000   -0.000159   -0.000000  
     -0.811180  0.753328  1.006346    -0.007092   -0.015955    0.001851  
      0.967554  5.208194  8.989727     0.000903   -0.001414   -0.001198  
      5.802455  0.753328  4.024698     0.007088   -0.015957   -0.001851  
     -5.544561  5.208194  5.950309    -0.000902   -0.001413    0.001197  
     -5.528641  2.227715  5.962511    -0.002976    0.001471    0.001032  
      5.735997  3.717866  3.963892     0.003476    0.008359    0.000399  
      0.951634  2.227715  8.977526     0.002977    0.001471   -0.001032  
     -0.744722  3.717866  1.067153    -0.003478    0.008358   -0.000401  
     -0.893494  2.231301  4.162213    -0.008837    0.002912    0.002542  
      1.080252  3.714951  5.859232    -0.001701    0.000801   -0.000620  
      5.884769  2.231301  0.868832     0.008834    0.002911   -0.002542  
     -5.657260  3.714951  9.080805     0.001701    0.000801    0.000622  
     -5.622992  0.751199  9.034813     0.000494   -0.001031   -0.000125  
      5.872018  5.211349  0.883773    -0.019916   -0.003831   -0.006042  
      1.045985  0.751199  5.905223    -0.000494   -0.001031    0.000128  
     -0.880743  5.211349  4.147272     0.019912   -0.003832    0.006042  
     -2.769217  2.226426  3.943002     0.050049    0.002041    0.002030  
      3.011632  3.713986  5.983550     0.005971   -0.008149    0.000383  
      7.760492  2.226426  1.088042    -0.050028    0.002033   -0.002029  
     -7.588639  3.713986  8.956487    -0.005972   -0.008148   -0.000383  
     -7.576192  0.750830  8.935375    -0.003480    0.009094    0.000238  
      7.754048  5.219232  1.061863     0.137167    0.037371    0.006530  
      2.999184  0.750830  6.004661     0.003482    0.009092   -0.000238  
     -2.762772  5.219232  3.969182    -0.137144    0.037367   -0.006529  
      0.545699  2.153908  0.921023     0.021456   -0.013794    0.006434  
     -0.381056  3.715882  9.101385    -0.000110    0.007551    0.000378  
      4.445577  2.153908  4.110021    -0.021458   -0.013789   -0.006430  
     -4.195951  3.715882  5.838651     0.000110    0.007549   -0.000377  
     -4.142312  0.755782  5.906023     0.003512   -0.007306   -0.007362  
      4.456348  5.276942  4.098732     0.034587    0.006219   -0.003013  
     -0.434695  0.755782  9.034013    -0.003514   -0.007307    0.007366  
      0.534927  5.276942  0.932312    -0.034588    0.006224    0.003014  
     -5.357135  2.249107  7.858822    -0.000806   -0.001257    0.024956  
      5.591648  3.718102  2.065344    -0.003739    0.005939   -0.003353  
      0.780128  2.249107  7.081214     0.000805   -0.001259   -0.024968  
     -0.600373  3.718102  2.965700     0.003738    0.005937    0.003365  
     -0.584070  0.753413  2.941938     0.001631   -0.009386   -0.032497  
      0.762384  5.187597  7.091402    -0.001706    0.001076    0.013018  
      5.575345  0.753413  2.089107    -0.001630   -0.009389    0.032483  
     -5.339391  5.187597  7.848634     0.001706    0.001076   -0.013024  
      3.936596  2.205034  0.451134    -0.009302    0.003333   -0.011669  
     -3.610877  3.710940  9.477450    -0.009632   -0.003729    0.006574  
      1.054679  2.205034  4.579910     0.009302    0.003334    0.011668  
     -0.966130  3.710940  5.462586     0.009629   -0.003729   -0.006577  
     -0.985568  0.756560  5.481490     0.003336    0.003108    0.003600  
      1.064814  5.231939  4.591173    -0.020922   -0.000884   -0.006465  
     -3.591439  0.756560  9.458547    -0.003339    0.003108   -0.003597  
      3.926461  5.231939  0.439871     0.020925   -0.000883    0.006465  
     -2.288504  2.009897  7.470018    -0.000000    0.002565    0.000000  
 
  10 f  =   18.088114 THz   113.650973 2PiTHz  603.354541 cm-1    74.806395 meV
             X         Y         Z           dx          dy          dz
      2.495638  0.754101  2.515522    -0.000302   -0.000000    0.000053  
     -2.288504  5.057401  7.470018     0.000129    0.000000   -0.000057  
     -0.811180  0.753328  1.006346     0.005152    0.014825   -0.002842  
      0.967554  5.208194  8.989727    -0.000684    0.001678    0.002288  
      5.802455  0.753328  4.024698     0.005150   -0.014829   -0.002842  
     -5.544561  5.208194  5.950309    -0.000684   -0.001678    0.002286  
     -5.528641  2.227715  5.962511    -0.002444    0.002220    0.000998  
      5.735997  3.717866  3.963892     0.002444    0.006852    0.001892  
      0.951634  2.227715  8.977526    -0.002444   -0.002220    0.000998  
     -0.744722  3.717866  1.067153     0.002445   -0.006851    0.001892  
     -0.893494  2.231301  4.162213    -0.010183   -0.003022   -0.004542  
      1.080252  3.714951  5.859232    -0.000112    0.006769   -0.000704  
      5.884769  2.231301  0.868832    -0.010178    0.003022   -0.004540  
     -5.657260  3.714951  9.080805    -0.000113   -0.006768   -0.000705  
     -5.622992  0.751199  9.034813    -0.000101    0.008169   -0.001511  
      5.872018  5.211349  0.883773     0.020300   -0.001493    0.001239  
      1.045985  0.751199  5.905223    -0.000101   -0.008170   -0.001511  
     -0.880743  5.211349  4.147272     0.020302    0.001493    0.001238  
     -2.769217  2.226426  3.943002     0.059804    0.006602    0.002689  
      3.011632  3.713986  5.983550     0.006605   -0.007404    0.001203  
      7.760492  2.226426  1.088042     0.059775   -0.006595    0.002687  
     -7.588639  3.713986  8.956487     0.006605    0.007401    0.001204  
     -7.576192  0.750830  8.935375     0.001160   -0.007501    0.000062  
      7.754048  5.219232  1.061863    -0.125478   -0.032896   -0.006115  
      2.999184  0.750830  6.004661     0.001159    0.007506    0.000061  
     -2.762772  5.219232  3.969182    -0.125486    0.032899   -0.006114  
      0.545699  2.153908  0.921023    -0.020801    0.011736   -0.010044  
     -0.381056  3.715882  9.101385    -0.000021   -0.007990    0.001478  
      4.445577  2.153908  4.110021    -0.020808   -0.011737   -0.010046  
     -4.195951  3.715882  5.838651    -0.000019    0.007991    0.001481  
     -4.142312  0.755782  5.906023     0.003556   -0.007678   -0.002735  
      4.456348  5.276942  4.098732     0.030590    0.004432   -0.000171  
     -0.434695  0.755782  9.034013     0.003555    0.007678   -0.002740  
      0.534927  5.276942  0.932312     0.030585   -0.004435   -0.000173  
     -5.357135  2.249107  7.858822    -0.002261   -0.006065    0.032600  
      5.591648  3.718102  2.065344     0.002534    0.004944   -0.014928  
      0.780128  2.249107  7.081214    -0.002261    0.006064    0.032603  
     -0.600373  3.718102  2.965700     0.002533   -0.004944   -0.014928  
     -0.584070  0.753413  2.941938     0.000169    0.004926    0.037074  
      0.762384  5.187597  7.091402     0.000177   -0.000521   -0.033973  
      5.575345  0.753413  2.089107     0.000169   -0.004927    0.037067  
     -5.339391  5.187597  7.848634     0.000179    0.000521   -0.033967  
      3.936596  2.205034  0.451134     0.013394    0.002967   -0.014395  
     -3.610877  3.710940  9.477450     0.004286   -0.004641    0.009598  
      1.054679  2.205034  4.579910     0.013399   -0.002968   -0.014397  
     -0.966130  3.710940  5.462586     0.004285    0.004640    0.009599  
     -0.985568  0.756560  5.481490     0.004182   -0.003024   -0.005965  
      1.064814  5.231939  4.591173    -0.026208    0.002576    0.014646  
     -3.591439  0.756560  9.458547     0.004183    0.003025   -0.005965  
      3.926461  5.231939  0.439871    -0.026208   -0.002575    0.014647  
     -2.288504  2.009897  7.470018    -0.001055   -0.000000   -0.000255  
 
  11 f  =   17.543750 THz   110.230635 2PiTHz  585.196522 cm-1    72.555089 meV
             X         Y         Z           dx          dy          dz
      2.495638  0.754101  2.515522    -0.000000   -0.000017   -0.000000  
     -2.288504  5.057401  7.470018    -0.000000   -0.000636    0.000000  
     -0.811180  0.753328  1.006346     0.010396   -0.000332    0.009939  
      0.967554  5.208194  8.989727    -0.001387   -0.002898   -0.001500  
      5.802455  0.753328  4.024698    -0.010408   -0.000330   -0.009949  
     -5.544561  5.208194  5.950309     0.001386   -0.002902    0.001499  
     -5.528641  2.227715  5.962511     0.001322    0.003199    0.002380  
      5.735997  3.717866  3.963892    -0.003535    0.000148    0.006910  
      0.951634  2.227715  8.977526    -0.001323    0.003196   -0.002380  
     -0.744722  3.717866  1.067153     0.003530    0.000149   -0.006905  
     -0.893494  2.231301  4.162213    -0.006001    0.009173    0.010598  
      1.080252  3.714951  5.859232    -0.000002    0.000463    0.000851  
      5.884769  2.231301  0.868832     0.005997    0.009182   -0.010608  
     -5.657260  3.714951  9.080805     0.000006    0.000463   -0.000847  
     -5.622992  0.751199  9.034813     0.000225    0.000045   -0.005463  
      5.872018  5.211349  0.883773     0.007387   -0.009501   -0.011370  
      1.045985  0.751199  5.905223    -0.000223    0.000045    0.005463  
     -0.880743  5.211349  4.147272    -0.007393   -0.009493    0.011360  
     -2.769217  2.226426  3.943002     0.042738    0.010072   -0.004243  
      3.011632  3.713986  5.983550    -0.018705   -0.000402   -0.003164  
      7.760492  2.226426  1.088042    -0.042699    0.010057    0.004244  
     -7.588639  3.713986  8.956487     0.018707   -0.000405    0.003166  
     -7.576192  0.750830  8.935375     0.003209   -0.000335   -0.000136  
      7.754048  5.219232  1.061863    -0.046970   -0.012031    0.003656  
      2.999184  0.750830  6.004661    -0.003215   -0.000333    0.000137  
     -2.762772  5.219232  3.969182     0.047021   -0.012053   -0.003655  
      0.545699  2.153908  0.921023     0.004722   -0.006342    0.021679  
     -0.381056  3.715882  9.101385    -0.003199   -0.000381    0.002098  
      4.445577  2.153908  4.110021    -0.004720   -0.006344   -0.021690  
     -4.195951  3.715882  5.838651     0.003200   -0.000381   -0.002100  
     -4.142312  0.755782  5.906023     0.004453    0.000483    0.007241  
      4.456348  5.276942  4.098732    -0.006504    0.008718   -0.019147  
     -0.434695  0.755782  9.034013    -0.004448    0.000483   -0.007237  
      0.534927  5.276942  0.932312     0.006503    0.008717    0.019138  
     -5.357135  2.249107  7.858822    -0.002176   -0.016152    0.006704  
      5.591648  3.718102  2.065344     0.004954   -0.002127   -0.023392  
      0.780128  2.249107  7.081214     0.002178   -0.016142   -0.006700  
     -0.600373  3.718102  2.965700    -0.004958   -0.002127    0.023369  
     -0.584070  0.753413  2.941938     0.001768    0.004656   -0.138148  
      0.762384  5.187597  7.091402     0.002171    0.014815   -0.010347  
      5.575345  0.753413  2.089107    -0.001771    0.004656    0.138263  
     -5.339391  5.187597  7.848634    -0.002170    0.014826    0.010356  
      3.936596  2.205034  0.451134    -0.011569    0.010121    0.001997  
     -3.610877  3.710940  9.477450     0.003773   -0.001764    0.029938  
      1.054679  2.205034  4.579910     0.011569    0.010111   -0.002005  
     -0.966130  3.710940  5.462586    -0.003788   -0.001762   -0.029912  
     -0.985568  0.756560  5.481490    -0.012795   -0.000608    0.024864  
      1.064814  5.231939  4.591173     0.013384   -0.009838    0.001018  
     -3.591439  0.756560  9.458547     0.012793   -0.000610   -0.024887  
      3.926461  5.231939  0.439871    -0.013379   -0.009848   -0.001027  
     -2.288504  2.009897  7.470018     0.000000    0.013241    0.000002  
 
  12 f  =   17.465687 THz   109.740145 2PiTHz  582.592592 cm-1    72.232243 meV
             X         Y         Z           dx          dy          dz
      2.495638  0.754101  2.515522     0.000267   -0.000000    0.000161  
     -2.288504  5.057401  7.470018     0.000039   -0.000000   -0.000701  
     -0.811180  0.753328  1.006346     0.011895    0.001869    0.011267  
      0.967554  5.208194  8.989727     0.002102   -0.004868   -0.000371  
      5.802455  0.753328  4.024698     0.011888   -0.001869    0.011258  
     -5.544561  5.208194  5.950309     0.002105    0.004865   -0.000370  
     -5.528641  2.227715  5.962511     0.001837   -0.004869   -0.000475  
      5.735997  3.717866  3.963892     0.004850    0.000627   -0.005667  
      0.951634  2.227715  8.977526     0.001835    0.004872   -0.000478  
     -0.744722  3.717866  1.067153     0.004853   -0.000628   -0.005674  
     -0.893494  2.231301  4.162213     0.002510    0.009861    0.012177  
      1.080252  3.714951  5.859232    -0.003454    0.000898   -0.003917  
      5.884769  2.231301  0.868832     0.002516   -0.009853    0.012167  
     -5.657260  3.714951  9.080805    -0.003453   -0.000897   -0.003918  
     -5.622992  0.751199  9.034813    -0.001758    0.000601   -0.000499  
      5.872018  5.211349  0.883773     0.006088    0.009957    0.012801  
      1.045985  0.751199  5.905223    -0.001759   -0.000601   -0.000494  
     -0.880743  5.211349  4.147272     0.006081   -0.009965    0.012811  
     -2.769217  2.226426  3.943002    -0.037622   -0.010362   -0.000841  
      3.011632  3.713986  5.983550    -0.008184   -0.002226   -0.002098  
      7.760492  2.226426  1.088042    -0.037656    0.010368   -0.000837  
     -7.588639  3.713986  8.956487    -0.008166    0.002227   -0.002094  
     -7.576192  0.750830  8.935375     0.007205   -0.001607   -0.000135  
      7.754048  5.219232  1.061863    -0.056263   -0.018452   -0.001263  
      2.999184  0.750830  6.004661     0.007200    0.001606   -0.000136  
     -2.762772  5.219232  3.969182    -0.056224    0.018444   -0.001267  
      0.545699  2.153908  0.921023    -0.004619   -0.000999    0.015145  
     -0.381056  3.715882  9.101385    -0.001638   -0.001615    0.001376  
      4.445577  2.153908  4.110021    -0.004623    0.000996    0.015126  
     -4.195951  3.715882  5.838651    -0.001640    0.001614    0.001367  
     -4.142312  0.755782  5.906023    -0.009597   -0.000664   -0.006515  
      4.456348  5.276942  4.098732     0.002440   -0.003931    0.016090  
     -0.434695  0.755782  9.034013    -0.009597    0.000665   -0.006520  
      0.534927  5.276942  0.932312     0.002448    0.003937    0.016106  
     -5.357135  2.249107  7.858822    -0.000361    0.012530   -0.003259  
      5.591648  3.718102  2.065344     0.004781   -0.000961    0.029312  
      0.780128  2.249107  7.081214    -0.000358   -0.012548   -0.003261  
     -0.600373  3.718102  2.965700     0.004777    0.000959    0.029331  
     -0.584070  0.753413  2.941938     0.006129    0.001146   -0.135459  
      0.762384  5.187597  7.091402     0.000204    0.013010   -0.009913  
      5.575345  0.753413  2.089107     0.006126   -0.001140   -0.135340  
     -5.339391  5.187597  7.848634     0.000201   -0.012995   -0.009898  
      3.936596  2.205034  0.451134     0.002137   -0.011131    0.008427  
     -3.610877  3.710940  9.477450     0.014809    0.002744   -0.030957  
      1.054679  2.205034  4.579910     0.002148    0.011140    0.008425  
     -0.966130  3.710940  5.462586     0.014810   -0.002744   -0.030986  
     -0.985568  0.756560  5.481490     0.002978   -0.002631    0.027261  
      1.064814  5.231939  4.591173    -0.005851   -0.011220    0.009432  
     -3.591439  0.756560  9.458547     0.002988    0.002630    0.027239  
      3.926461  5.231939  0.439871    -0.005865    0.011209    0.009430  
     -2.288504  2.009897  7.470018    -0.001987    0.000006   -0.005797  
 
  13 f  =   16.793031 THz   105.513725 2PiTHz  560.155216 cm-1    69.450364 meV
             X         Y         Z           dx          dy          dz
      2.495638  0.754101  2.515522    -0.000000   -0.000025   -0.000000  
     -2.288504  5.057401  7.470018     0.000000    0.000365    0.000000  
     -0.811180  0.753328  1.006346    -0.015591   -0.002472   -0.012745  
      0.967554  5.208194  8.989727    -0.016700   -0.000404   -0.012531  
      5.802455  0.753328  4.024698     0.015589   -0.002470    0.012745  
     -5.544561  5.208194  5.950309     0.016700   -0.000405    0.012531  
     -5.528641  2.227715  5.962511     0.017124    0.000314    0.013748  
      5.735997  3.717866  3.963892     0.008101    0.000455    0.009908  
      0.951634  2.227715  8.977526    -0.017124    0.000314   -0.013748  
     -0.744722  3.717866  1.067153    -0.008101    0.000456   -0.009908  
     -0.893494  2.231301  4.162213    -0.010227   -0.000657    0.009443  
      1.080252  3.714951  5.859232    -0.000354    0.001070    0.019978  
      5.884769  2.231301  0.868832     0.010225   -0.000656   -0.009446  
     -5.657260  3.714951  9.080805     0.000354    0.001069   -0.019974  
     -5.622992  0.751199  9.034813     0.005036   -0.000348   -0.021770  
      5.872018  5.211349  0.883773     0.009913    0.000821   -0.009057  
      1.045985  0.751199  5.905223    -0.005037   -0.000350    0.021773  
     -0.880743  5.211349  4.147272    -0.009912    0.000822    0.009055  
     -2.769217  2.226426  3.943002    -0.006651   -0.004141   -0.003573  
      3.011632  3.713986  5.983550    -0.053553    0.000713   -0.013027  
      7.760492  2.226426  1.088042     0.006653   -0.004147    0.003574  
     -7.588639  3.713986  8.956487     0.053554    0.000710    0.013027  
     -7.576192  0.750830  8.935375     0.036996   -0.000166    0.008519  
      7.754048  5.219232  1.061863     0.010247    0.010406    0.005507  
      2.999184  0.750830  6.004661    -0.036992   -0.000162   -0.008520  
     -2.762772  5.219232  3.969182    -0.010248    0.010401   -0.005506  
      0.545699  2.153908  0.921023     0.027440    0.005620    0.031267  
     -0.381056  3.715882  9.101385     0.017832   -0.005348    0.030228  
      4.445577  2.153908  4.110021    -0.027430    0.005616   -0.031248  
     -4.195951  3.715882  5.838651    -0.017835   -0.005348   -0.030239  
     -4.142312  0.755782  5.906023    -0.022526    0.004036   -0.020728  
      4.456348  5.276942  4.098732    -0.026871   -0.002790   -0.030144  
     -0.434695  0.755782  9.034013     0.022523    0.004035    0.020719  
      0.534927  5.276942  0.932312     0.026873   -0.002787    0.030145  
     -5.357135  2.249107  7.858822    -0.013120   -0.011647    0.005882  
      5.591648  3.718102  2.065344    -0.012289   -0.002943    0.006712  
      0.780128  2.249107  7.081214     0.013120   -0.011640   -0.005891  
     -0.600373  3.718102  2.965700     0.012291   -0.002943   -0.006707  
     -0.584070  0.753413  2.941938     0.015501    0.001669    0.024319  
      0.762384  5.187597  7.091402     0.015850    0.009244   -0.009418  
      5.575345  0.753413  2.089107    -0.015498    0.001664   -0.024310  
     -5.339391  5.187597  7.848634    -0.015849    0.009249    0.009416  
      3.936596  2.205034  0.451134    -0.026604   -0.009721    0.052955  
     -3.610877  3.710940  9.477450    -0.003677   -0.007648    0.030022  
      1.054679  2.205034  4.579910     0.026608   -0.009721   -0.052968  
     -0.966130  3.710940  5.462586     0.003673   -0.007649   -0.030013  
     -0.985568  0.756560  5.481490     0.009455    0.006481   -0.035227  
      1.064814  5.231939  4.591173     0.026949    0.009555   -0.052471  
     -3.591439  0.756560  9.458547    -0.009455    0.006482    0.035234  
      3.926461  5.231939  0.439871    -0.026948    0.009553    0.052456  
     -2.288504  2.009897  7.470018    -0.000000   -0.002757    0.000000  
 
  14 f  =   16.670177 THz   104.741812 2PiTHz  556.057253 cm-1    68.942282 meV
             X         Y         Z           dx          dy          dz
      2.495638  0.754101  2.515522     0.000000    0.000039   -0.000000  
     -2.288504  5.057401  7.470018    -0.000000    0.000409    0.000000  
     -0.811180  0.753328  1.006346     0.004609    0.000490   -0.000161  
      0.967554  5.208194  8.989727     0.002505    0.010795    0.001229  
      5.802455  0.753328  4.024698    -0.004607    0.000489    0.000161  
     -5.544561  5.208194  5.950309    -0.002504    0.010792   -0.001229  
     -5.528641  2.227715  5.962511    -0.002337   -0.009464   -0.000980  
      5.735997  3.717866  3.963892     0.001143   -0.000246   -0.001304  
      0.951634  2.227715  8.977526     0.002338   -0.009467    0.000980  
     -0.744722  3.717866  1.067153    -0.001144   -0.000248    0.001306  
     -0.893494  2.231301  4.162213     0.003861   -0.004776   -0.000838  
      1.080252  3.714951  5.859232     0.016426    0.001898   -0.002666  
      5.884769  2.231301  0.868832    -0.003862   -0.004778    0.000837  
     -5.657260  3.714951  9.080805    -0.016429    0.001899    0.002663  
     -5.622992  0.751199  9.034813     0.011885    0.002343    0.000883  
      5.872018  5.211349  0.883773    -0.004427    0.004334    0.000932  
      1.045985  0.751199  5.905223    -0.011883    0.002343   -0.000885  
     -0.880743  5.211349  4.147272     0.004426    0.004333   -0.000933  
     -2.769217  2.226426  3.943002    -0.012428    0.026080    0.000717  
      3.011632  3.713986  5.983550    -0.091245   -0.000342   -0.004667  
      7.760492  2.226426  1.088042     0.012432    0.026091   -0.000717  
     -7.588639  3.713986  8.956487     0.091266   -0.000345    0.004666  
     -7.576192  0.750830  8.935375    -0.084896   -0.001899   -0.003948  
      7.754048  5.219232  1.061863     0.014485   -0.025665   -0.000874  
      2.999184  0.750830  6.004661     0.084885   -0.001900    0.003948  
     -2.762772  5.219232  3.969182    -0.014484   -0.025658    0.000873  
      0.545699  2.153908  0.921023    -0.009006   -0.021647   -0.009485  
     -0.381056  3.715882  9.101385    -0.049658    0.002303    0.013020  
      4.445577  2.153908  4.110021     0.009000   -0.021638    0.009479  
     -4.195951  3.715882  5.838651     0.049644    0.002303   -0.013028  
     -4.142312  0.755782  5.906023    -0.032808   -0.000391    0.005471  
      4.456348  5.276942  4.098732     0.009899    0.017644    0.009400  
     -0.434695  0.755782  9.034013     0.032816   -0.000390   -0.005466  
      0.534927  5.276942  0.932312    -0.009900    0.017652   -0.009398  
     -5.357135  2.249107  7.858822     0.001435   -0.050648   -0.004209  
      5.591648  3.718102  2.065344     0.006259    0.001703   -0.000652  
      0.780128  2.249107  7.081214    -0.001435   -0.050643    0.004215  
     -0.600373  3.718102  2.965700    -0.006259    0.001704    0.000658  
     -0.584070  0.753413  2.941938     0.003815   -0.000194    0.007475  
      0.762384  5.187597  7.091402    -0.001838    0.037081    0.002463  
      5.575345  0.753413  2.089107    -0.003817   -0.000193   -0.007477  
     -5.339391  5.187597  7.848634     0.001838    0.037083   -0.002459  
      3.936596  2.205034  0.451134     0.006540   -0.014351   -0.003366  
     -3.610877  3.710940  9.477450     0.031466    0.001479    0.006849  
      1.054679  2.205034  4.579910    -0.006541   -0.014349    0.003373  
     -0.966130  3.710940  5.462586    -0.031460    0.001479   -0.006848  
     -0.985568  0.756560  5.481490     0.029136   -0.000060    0.008344  
      1.064814  5.231939  4.591173    -0.007548    0.010767    0.003482  
     -3.591439  0.756560  9.458547    -0.029142   -0.000062   -0.008344  
      3.926461  5.231939  0.439871     0.007549    0.010771   -0.003477  
     -2.288504  2.009897  7.470018    -0.000001   -0.010304    0.000000  
 
  15 f  =   16.493136 THz   103.629432 2PiTHz  550.151808 cm-1    68.210100 meV
             X         Y         Z           dx          dy          dz
      2.495638  0.754101  2.515522     0.000031   -0.000000   -0.000297  
     -2.288504  5.057401  7.470018    -0.000083   -0.000000    0.000049  
     -0.811180  0.753328  1.006346     0.004846    0.000354   -0.003710  
      0.967554  5.208194  8.989727     0.000169    0.015456    0.000860  
      5.802455  0.753328  4.024698     0.004843   -0.000353   -0.003709  
     -5.544561  5.208194  5.950309     0.000171   -0.015459    0.000861  
     -5.528641  2.227715  5.962511    -0.000153    0.015456    0.001103  
      5.735997  3.717866  3.963892    -0.002466    0.000337    0.004702  
      0.951634  2.227715  8.977526    -0.000155   -0.015455    0.001105  
     -0.744722  3.717866  1.067153    -0.002463   -0.000337    0.004701  
     -0.893494  2.231301  4.162213    -0.002268    0.007060   -0.000728  
      1.080252  3.714951  5.859232    -0.015677   -0.001287   -0.002873  
      5.884769  2.231301  0.868832    -0.002267   -0.007058   -0.000730  
     -5.657260  3.714951  9.080805    -0.015674    0.001287   -0.002875  
     -5.622992  0.751199  9.034813     0.012064    0.002079    0.000611  
      5.872018  5.211349  0.883773    -0.002659    0.006591   -0.000732  
      1.045985  0.751199  5.905223     0.012068   -0.002081    0.000611  
     -0.880743  5.211349  4.147272    -0.002659   -0.006593   -0.000731  
     -2.769217  2.226426  3.943002     0.009099   -0.029251    0.000447  
      3.011632  3.713986  5.983550     0.098890    0.000623    0.001828  
      7.760492  2.226426  1.088042     0.009093    0.029247    0.000449  
     -7.588639  3.713986  8.956487     0.098880   -0.000626    0.001826  
     -7.576192  0.750830  8.935375    -0.077158   -0.002961    0.000873  
      7.754048  5.219232  1.061863     0.010890   -0.030498    0.000359  
      2.999184  0.750830  6.004661    -0.077186    0.002963    0.000873  
     -2.762772  5.219232  3.969182     0.010896    0.030502    0.000357  
      0.545699  2.153908  0.921023    -0.006031   -0.022610   -0.004914  
     -0.381056  3.715882  9.101385    -0.051033    0.003270   -0.012817  
      4.445577  2.153908  4.110021    -0.006023    0.022613   -0.004912  
     -4.195951  3.715882  5.838651    -0.051041   -0.003267   -0.012815  
     -4.142312  0.755782  5.906023     0.040117   -0.002028    0.013128  
      4.456348  5.276942  4.098732    -0.005985   -0.021063   -0.005046  
     -0.434695  0.755782  9.034013     0.040114    0.002028    0.013133  
      0.534927  5.276942  0.932312    -0.005991    0.021060   -0.005043  
     -5.357135  2.249107  7.858822    -0.000992   -0.023183    0.001123  
      5.591648  3.718102  2.065344    -0.001155    0.000346    0.012361  
      0.780128  2.249107  7.081214    -0.000992    0.023199    0.001123  
     -0.600373  3.718102  2.965700    -0.001155   -0.000343    0.012359  
     -0.584070  0.753413  2.941938    -0.001590    0.000008   -0.010288  
      0.762384  5.187597  7.091402    -0.000784   -0.013101    0.000676  
      5.575345  0.753413  2.089107    -0.001590   -0.000007   -0.010283  
     -5.339391  5.187597  7.848634    -0.000784    0.013092    0.000676  
      3.936596  2.205034  0.451134     0.002213   -0.017464    0.002465  
     -3.610877  3.710940  9.477450     0.037799    0.002603    0.001562  
      1.054679  2.205034  4.579910     0.002215    0.017466    0.002460  
     -0.966130  3.710940  5.462586     0.037804   -0.002603    0.001559  
     -0.985568  0.756560  5.481490    -0.035910   -0.001478   -0.002124  
      1.064814  5.231939  4.591173     0.002895   -0.013866    0.003738  
     -3.591439  0.756560  9.458547    -0.035902    0.001477   -0.002120  
      3.926461  5.231939  0.439871     0.002896    0.013866    0.003742  
     -2.288504  2.009897  7.470018     0.000183    0.000001    0.001543  
 
  16 f  =   16.122488 THz   101.300583 2PiTHz  537.788328 cm-1    66.677225 meV
             X         Y         Z           dx          dy          dz
      2.495638  0.754101  2.515522    -0.000000   -0.000253    0.000000  
     -2.288504  5.057401  7.470018    -0.000000    0.000565    0.000000  
     -0.811180  0.753328  1.006346     0.013839   -0.017120   -0.005257  
      0.967554  5.208194  8.989727    -0.008994   -0.002700    0.008735  
      5.802455  0.753328  4.024698    -0.013842   -0.017129    0.005262  
     -5.544561  5.208194  5.950309     0.008985   -0.002695   -0.008729  
     -5.528641  2.227715  5.962511     0.010718    0.003590   -0.000786  
      5.735997  3.717866  3.963892    -0.005353    0.002238    0.011020  
      0.951634  2.227715  8.977526    -0.010726    0.003591    0.000795  
     -0.744722  3.717866  1.067153     0.005353    0.002239   -0.011015  
     -0.893494  2.231301  4.162213     0.008997   -0.005229    0.015826  
      1.080252  3.714951  5.859232    -0.005419   -0.002956   -0.010084  
      5.884769  2.231301  0.868832    -0.008988   -0.005229   -0.015833  
     -5.657260  3.714951  9.080805     0.005420   -0.002955    0.010060  
     -5.622992  0.751199  9.034813     0.004150    0.001756    0.008951  
      5.872018  5.211349  0.883773     0.001831    0.003688   -0.016977  
      1.045985  0.751199  5.905223    -0.004150    0.001757   -0.008975  
     -0.880743  5.211349  4.147272    -0.001826    0.003692    0.016969  
     -2.769217  2.226426  3.943002    -0.000642    0.044671   -0.011053  
      3.011632  3.713986  5.983550     0.004078    0.006494    0.005071  
      7.760492  2.226426  1.088042     0.000658    0.044642    0.011053  
     -7.588639  3.713986  8.956487    -0.004043    0.006498   -0.005067  
     -7.576192  0.750830  8.935375     0.018759   -0.011585   -0.007605  
      7.754048  5.219232  1.061863    -0.006757    0.002193    0.005776  
      2.999184  0.750830  6.004661    -0.018711   -0.011597    0.007605  
     -2.762772  5.219232  3.969182     0.006770    0.002195   -0.005774  
      0.545699  2.153908  0.921023    -0.030818    0.009325   -0.017955  
     -0.381056  3.715882  9.101385     0.036500   -0.012541    0.049636  
      4.445577  2.153908  4.110021     0.030814    0.009328    0.017931  
     -4.195951  3.715882  5.838651    -0.036493   -0.012546   -0.049659  
     -4.142312  0.755782  5.906023    -0.024973    0.007911   -0.029137  
      4.456348  5.276942  4.098732     0.031360    0.009419    0.051555  
     -0.434695  0.755782  9.034013     0.024968    0.007913    0.029127  
      0.534927  5.276942  0.932312    -0.031367    0.009411   -0.051567  
     -5.357135  2.249107  7.858822    -0.008191   -0.001951   -0.005057  
      5.591648  3.718102  2.065344     0.007647   -0.030327    0.007135  
      0.780128  2.249107  7.081214     0.008181   -0.001950    0.005067  
     -0.600373  3.718102  2.965700    -0.007657   -0.030332   -0.007137  
     -0.584070  0.753413  2.941938    -0.007640    0.025569   -0.001164  
      0.762384  5.187597  7.091402     0.015305    0.005670    0.016857  
      5.575345  0.753413  2.089107     0.007629    0.025586    0.001160  
     -5.339391  5.187597  7.848634    -0.015315    0.005671   -0.016852  
      3.936596  2.205034  0.451134     0.029660    0.011351   -0.028539  
     -3.610877  3.710940  9.477450    -0.025632   -0.019518    0.052336  
      1.054679  2.205034  4.579910    -0.029691    0.011358    0.028606  
     -0.966130  3.710940  5.462586     0.025634   -0.019522   -0.052313  
     -0.985568  0.756560  5.481490     0.024958    0.015934   -0.044508  
      1.064814  5.231939  4.591173    -0.009370   -0.006180    0.021553  
     -3.591439  0.756560  9.458547    -0.024948    0.015941    0.044531  
      3.926461  5.231939  0.439871     0.009349   -0.006180   -0.021489  
     -2.288504  2.009897  7.470018    -0.000004   -0.001474    0.000002  
 
  17 f  =   16.088626 THz   101.087818 2PiTHz  536.658792 cm-1    66.537180 meV
             X         Y         Z           dx          dy          dz
      2.495638  0.754101  2.515522     0.000000   -0.000386   -0.000000  
     -2.288504  5.057401  7.470018     0.000000   -0.000234    0.000000  
     -0.811180  0.753328  1.006346    -0.006363   -0.032014    0.002016  
      0.967554  5.208194  8.989727     0.005352    0.002705    0.010420  
      5.802455  0.753328  4.024698     0.006361   -0.032010   -0.002018  
     -5.544561  5.208194  5.950309    -0.005350    0.002704   -0.010419  
     -5.528641  2.227715  5.962511    -0.005294   -0.000749    0.014449  
      5.735997  3.717866  3.963892     0.002542    0.008560   -0.004970  
      0.951634  2.227715  8.977526     0.005296   -0.000750   -0.014458  
     -0.744722  3.717866  1.067153    -0.002545    0.008562    0.004968  
     -0.893494  2.231301  4.162213     0.010729   -0.000949   -0.011229  
      1.080252  3.714951  5.859232     0.002713   -0.009237    0.003287  
      5.884769  2.231301  0.868832    -0.010732   -0.000950    0.011229  
     -5.657260  3.714951  9.080805    -0.002714   -0.009238   -0.003279  
     -5.622992  0.751199  9.034813    -0.002098    0.010201   -0.002566  
      5.872018  5.211349  0.883773     0.012069   -0.004320    0.003225  
      1.045985  0.751199  5.905223     0.002100    0.010201    0.002574  
     -0.880743  5.211349  4.147272    -0.012070   -0.004324   -0.003223  
     -2.769217  2.226426  3.943002    -0.012962    0.024110   -0.008711  
      3.011632  3.713986  5.983550    -0.000555    0.008938   -0.001620  
      7.760492  2.226426  1.088042     0.012961    0.024122    0.008713  
     -7.588639  3.713986  8.956487     0.000546    0.008938    0.001621  
     -7.576192  0.750830  8.935375    -0.010401   -0.020171    0.002946  
      7.754048  5.219232  1.061863    -0.004798    0.041688   -0.014879  
      2.999184  0.750830  6.004661     0.010382   -0.020173   -0.002945  
     -2.762772  5.219232  3.969182     0.004792    0.041697    0.014878  
      0.545699  2.153908  0.921023     0.022206    0.015557    0.070849  
     -0.381056  3.715882  9.101385    -0.017058    0.000692   -0.023465  
      4.445577  2.153908  4.110021    -0.022187    0.015559   -0.070822  
     -4.195951  3.715882  5.838651     0.017056    0.000689    0.023474  
     -4.142312  0.755782  5.906023     0.012548   -0.003421    0.013936  
      4.456348  5.276942  4.098732    -0.005069    0.016451    0.040572  
     -0.434695  0.755782  9.034013    -0.012544   -0.003424   -0.013930  
      0.534927  5.276942  0.932312     0.005071    0.016453   -0.040586  
     -5.357135  2.249107  7.858822     0.004726    0.001191    0.018556  
      5.591648  3.718102  2.065344    -0.002578   -0.062928   -0.005598  
      0.780128  2.249107  7.081214    -0.004722    0.001187   -0.018561  
     -0.600373  3.718102  2.965700     0.002582   -0.062933    0.005599  
     -0.584070  0.753413  2.941938     0.003192    0.069885    0.002959  
      0.762384  5.187597  7.091402    -0.007598   -0.003869    0.012461  
      5.575345  0.753413  2.089107    -0.003189    0.069870   -0.002960  
     -5.339391  5.187597  7.848634     0.007599   -0.003867   -0.012462  
      3.936596  2.205034  0.451134     0.008770   -0.002786    0.010042  
     -3.610877  3.710940  9.477450     0.010710    0.008763   -0.023209  
      1.054679  2.205034  4.579910    -0.008762   -0.002789   -0.010066  
     -0.966130  3.710940  5.462586    -0.010711    0.008766    0.023207  
     -0.985568  0.756560  5.481490    -0.009501   -0.007690    0.018546  
      1.064814  5.231939  4.591173     0.020920    0.004870   -0.006593  
     -3.591439  0.756560  9.458547     0.009493   -0.007693   -0.018550  
      3.926461  5.231939  0.439871    -0.020911    0.004870    0.006571  
     -2.288504  2.009897  7.470018     0.000001   -0.000025    0.000001  
 
  18 f  =   16.058187 THz   100.896566 2PiTHz  535.643468 cm-1    66.411296 meV
             X         Y         Z           dx          dy          dz
      2.495638  0.754101  2.515522     0.000269   -0.000000   -0.000975  
     -2.288504  5.057401  7.470018     0.000608    0.000000   -0.000638  
     -0.811180  0.753328  1.006346     0.009236   -0.002867   -0.002857  
      0.967554  5.208194  8.989727     0.013735   -0.000076   -0.002773  
      5.802455  0.753328  4.024698     0.009218    0.002862   -0.002853  
     -5.544561  5.208194  5.950309     0.013744    0.000074   -0.002777  
     -5.528641  2.227715  5.962511     0.013234   -0.001265   -0.005226  
      5.735997  3.717866  3.963892     0.002003   -0.000453   -0.004711  
      0.951634  2.227715  8.977526     0.013224    0.001266   -0.005220  
     -0.744722  3.717866  1.067153     0.002011    0.000451   -0.004719  
     -0.893494  2.231301  4.162213    -0.009450    0.002602    0.006024  
      1.080252  3.714951  5.859232     0.000937    0.001438    0.021790  
      5.884769  2.231301  0.868832    -0.009457   -0.002606    0.006009  
     -5.657260  3.714951  9.080805     0.000939   -0.001439    0.021798  
     -5.622992  0.751199  9.034813     0.001010   -0.001078    0.027841  
      5.872018  5.211349  0.883773    -0.007778    0.001962    0.006548  
      1.045985  0.751199  5.905223     0.001009    0.001077    0.027833  
     -0.880743  5.211349  4.147272    -0.007774   -0.001959    0.006561  
     -2.769217  2.226426  3.943002    -0.010004   -0.025192   -0.001841  
      3.011632  3.713986  5.983550    -0.057594   -0.001285   -0.004893  
      7.760492  2.226426  1.088042    -0.010007    0.025226   -0.001837  
     -7.588639  3.713986  8.956487    -0.057578    0.001288   -0.004899  
     -7.576192  0.750830  8.935375    -0.064021   -0.002786   -0.003787  
      7.754048  5.219232  1.061863    -0.013654   -0.015814   -0.002466  
      2.999184  0.750830  6.004661    -0.064052    0.002784   -0.003778  
     -2.762772  5.219232  3.969182    -0.013650    0.015808   -0.002472  
      0.545699  2.153908  0.921023    -0.008534   -0.007932    0.000846  
     -0.381056  3.715882  9.101385    -0.006151   -0.001710    0.030956  
      4.445577  2.153908  4.110021    -0.008490    0.007935    0.000888  
     -4.195951  3.715882  5.838651    -0.006174    0.001699    0.030909  
     -4.142312  0.755782  5.906023     0.001170   -0.000017    0.010339  
      4.456348  5.276942  4.098732    -0.010588   -0.007926   -0.005551  
     -0.434695  0.755782  9.034013     0.001189    0.000025    0.010372  
      0.534927  5.276942  0.932312    -0.010629    0.007932   -0.005585  
     -5.357135  2.249107  7.858822     0.013295    0.023044   -0.003938  
      5.591648  3.718102  2.065344     0.008972    0.004928    0.001512  
      0.780128  2.249107  7.081214     0.013303   -0.023038   -0.003926  
     -0.600373  3.718102  2.965700     0.008964   -0.004935    0.001505  
     -0.584070  0.753413  2.941938     0.009099    0.006218    0.011991  
      0.762384  5.187597  7.091402     0.011737    0.014565   -0.005955  
      5.575345  0.753413  2.089107     0.009108   -0.006218    0.011993  
     -5.339391  5.187597  7.848634     0.011723   -0.014563   -0.005971  
      3.936596  2.205034  0.451134     0.034533    0.005428   -0.069038  
     -3.610877  3.710940  9.477450    -0.006356    0.001538   -0.022715  
      1.054679  2.205034  4.579910     0.034505   -0.005420   -0.069017  
     -0.966130  3.710940  5.462586    -0.006340   -0.001555   -0.022760  
     -0.985568  0.756560  5.481490    -0.018096    0.000112   -0.021892  
      1.064814  5.231939  4.591173     0.031867    0.002618   -0.065744  
     -3.591439  0.756560  9.458547    -0.018114   -0.000098   -0.021853  
      3.926461  5.231939  0.439871     0.031887   -0.002622   -0.065758  
     -2.288504  2.009897  7.470018     0.008897   -0.000001   -0.004994  
 
  19 f  =   15.913793 THz    99.989308 2PiTHz  530.826981 cm-1    65.814128 meV
             X         Y         Z           dx          dy          dz
      2.495638  0.754101  2.515522     0.000001   -0.000022   -0.000000  
     -2.288504  5.057401  7.470018     0.000000    0.000224    0.000000  
     -0.811180  0.753328  1.006346    -0.015455   -0.001819   -0.000561  
      0.967554  5.208194  8.989727     0.015875    0.001028   -0.009300  
      5.802455  0.753328  4.024698     0.015437   -0.001794    0.000551  
     -5.544561  5.208194  5.950309    -0.015880    0.001025    0.009292  
     -5.528641  2.227715  5.962511    -0.014395    0.000417    0.008315  
      5.735997  3.717866  3.963892     0.009909   -0.001354    0.004848  
      0.951634  2.227715  8.977526     0.014391    0.000412   -0.008340  
     -0.744722  3.717866  1.067153    -0.009917   -0.001350   -0.004855  
     -0.893494  2.231301  4.162213    -0.009033   -0.002037    0.007448  
      1.080252  3.714951  5.859232    -0.011580    0.001015   -0.002157  
      5.884769  2.231301  0.868832     0.009027   -0.002037   -0.007445  
     -5.657260  3.714951  9.080805     0.011574    0.001016    0.002170  
     -5.622992  0.751199  9.034813     0.012422    0.000400   -0.002170  
      5.872018  5.211349  0.883773     0.009705    0.002179   -0.006068  
      1.045985  0.751199  5.905223    -0.012422    0.000398    0.002185  
     -0.880743  5.211349  4.147272    -0.009700    0.002184    0.006079  
     -2.769217  2.226426  3.943002     0.010833    0.012028   -0.003237  
      3.011632  3.713986  5.983550     0.082217    0.001930   -0.006824  
      7.760492  2.226426  1.088042    -0.010827    0.012048    0.003243  
     -7.588639  3.713986  8.956487    -0.082184    0.001934    0.006833  
     -7.576192  0.750830  8.935375    -0.089191   -0.005530    0.004535  
      7.754048  5.219232  1.061863    -0.011196   -0.002504    0.006711  
      2.999184  0.750830  6.004661     0.089180   -0.005526   -0.004529  
     -2.762772  5.219232  3.969182     0.011173   -0.002547   -0.006715  
      0.545699  2.153908  0.921023     0.039301    0.013653    0.014258  
     -0.381056  3.715882  9.101385     0.010472   -0.005366    0.017533  
      4.445577  2.153908  4.110021    -0.039245    0.013632   -0.014145  
     -4.195951  3.715882  5.838651    -0.010487   -0.005365   -0.017536  
     -4.142312  0.755782  5.906023    -0.007455    0.002430    0.018273  
      4.456348  5.276942  4.098732    -0.042467   -0.008481   -0.025091  
     -0.434695  0.755782  9.034013     0.007461    0.002427   -0.018282  
      0.534927  5.276942  0.932312     0.042497   -0.008473    0.025110  
     -5.357135  2.249107  7.858822     0.004631   -0.021984   -0.003975  
      5.591648  3.718102  2.065344    -0.007621    0.001957    0.000185  
      0.780128  2.249107  7.081214    -0.004626   -0.021972    0.003952  
     -0.600373  3.718102  2.965700     0.007632    0.001912   -0.000183  
     -0.584070  0.753413  2.941938     0.009794   -0.004346    0.006919  
      0.762384  5.187597  7.091402     0.001052    0.016661    0.000265  
      5.575345  0.753413  2.089107    -0.009777   -0.004391   -0.006909  
     -5.339391  5.187597  7.848634    -0.001048    0.016657   -0.000259  
      3.936596  2.205034  0.451134     0.008445    0.003187   -0.005214  
     -3.610877  3.710940  9.477450    -0.039159   -0.012273    0.024036  
      1.054679  2.205034  4.579910    -0.008439    0.003191    0.005179  
     -0.966130  3.710940  5.462586     0.039178   -0.012275   -0.024052  
     -0.985568  0.756560  5.481490     0.040211    0.010191   -0.015314  
      1.064814  5.231939  4.591173    -0.001834   -0.002404    0.000679  
     -3.591439  0.756560  9.458547    -0.040201    0.010191    0.015292  
      3.926461  5.231939  0.439871     0.001823   -0.002399   -0.000712  
     -2.288504  2.009897  7.470018     0.000003    0.002673   -0.000002  
 
  20 f  =   15.840291 THz    99.527483 2PiTHz  528.375231 cm-1    65.510150 meV
             X         Y         Z           dx          dy          dz
      2.495638  0.754101  2.515522    -0.000000    0.000058    0.000000  
     -2.288504  5.057401  7.470018    -0.000000   -0.001150    0.000000  
     -0.811180  0.753328  1.006346    -0.003585    0.000995    0.011100  
      0.967554  5.208194  8.989727    -0.001361   -0.015021    0.002515  
      5.802455  0.753328  4.024698     0.003586    0.001009   -0.011099  
     -5.544561  5.208194  5.950309     0.001360   -0.015019   -0.002507  
     -5.528641  2.227715  5.962511     0.000820    0.017937   -0.000865  
      5.735997  3.717866  3.963892    -0.005436    0.002429    0.005891  
      0.951634  2.227715  8.977526    -0.000820    0.017943    0.000860  
     -0.744722  3.717866  1.067153     0.005434    0.002435   -0.005891  
     -0.893494  2.231301  4.162213     0.001182    0.000105   -0.006192  
      1.080252  3.714951  5.859232     0.003721    0.004879   -0.011714  
      5.884769  2.231301  0.868832    -0.001183    0.000104    0.006187  
     -5.657260  3.714951  9.080805    -0.003722    0.004877    0.011709  
     -5.622992  0.751199  9.034813    -0.001593    0.007919   -0.008013  
      5.872018  5.211349  0.883773    -0.000564    0.000471    0.005400  
      1.045985  0.751199  5.905223     0.001596    0.007926    0.008011  
     -0.880743  5.211349  4.147272     0.000567    0.000468   -0.005399  
     -2.769217  2.226426  3.943002     0.001452   -0.034571    0.003914  
      3.011632  3.713986  5.983550     0.006948    0.000654   -0.011440  
      7.760492  2.226426  1.088042    -0.001439   -0.034548   -0.003910  
     -7.588639  3.713986  8.956487    -0.006944    0.000652    0.011440  
     -7.576192  0.750830  8.935375     0.027622    0.002756   -0.014032  
      7.754048  5.219232  1.061863     0.000504    0.027033   -0.005561  
      2.999184  0.750830  6.004661    -0.027631    0.002759    0.014030  
     -2.762772  5.219232  3.969182    -0.000506    0.027037    0.005560  
      0.545699  2.153908  0.921023    -0.001897    0.014983   -0.009555  
     -0.381056  3.715882  9.101385     0.015093   -0.000757    0.051607  
      4.445577  2.153908  4.110021     0.001902    0.014983    0.009582  
     -4.195951  3.715882  5.838651    -0.015091   -0.000755   -0.051594  
     -4.142312  0.755782  5.906023     0.021345   -0.002980    0.048256  
      4.456348  5.276942  4.098732     0.007252   -0.022661    0.014242  
     -0.434695  0.755782  9.034013    -0.021342   -0.002984   -0.048269  
      0.534927  5.276942  0.932312    -0.007259   -0.022654   -0.014282  
     -5.357135  2.249107  7.858822    -0.000212   -0.106207   -0.004805  
      5.591648  3.718102  2.065344    -0.006042   -0.001361    0.015986  
      0.780128  2.249107  7.081214     0.000213   -0.106241    0.004801  
     -0.600373  3.718102  2.965700     0.006039   -0.001387   -0.015993  
     -0.584070  0.753413  2.941938    -0.011773    0.002771    0.017179  
      0.762384  5.187597  7.091402    -0.002120    0.058036    0.005095  
      5.575345  0.753413  2.089107     0.011770    0.002731   -0.017170  
     -5.339391  5.187597  7.848634     0.002118    0.058030   -0.005080  
      3.936596  2.205034  0.451134    -0.004892    0.006190   -0.004564  
     -3.610877  3.710940  9.477450    -0.004721    0.007032   -0.011252  
      1.054679  2.205034  4.579910     0.004895    0.006182    0.004574  
     -0.966130  3.710940  5.462586     0.004723    0.007036    0.011251  
     -0.985568  0.756560  5.481490    -0.031380   -0.004719    0.017032  
      1.064814  5.231939  4.591173     0.004898   -0.014994    0.005119  
     -3.591439  0.756560  9.458547     0.031369   -0.004716   -0.017031  
      3.926461  5.231939  0.439871    -0.004900   -0.014993   -0.005108  
     -2.288504  2.009897  7.470018     0.000000    0.026088    0.000000  
 
  21 f  =   15.815134 THz    99.369416 2PiTHz  527.536078 cm-1    65.406108 meV
             X         Y         Z           dx          dy          dz
      2.495638  0.754101  2.515522     0.000742    0.000000    0.000150  
     -2.288504  5.057401  7.470018     0.000260    0.000000    0.000400  
     -0.811180  0.753328  1.006346    -0.013365   -0.029157   -0.006740  
      0.967554  5.208194  8.989727    -0.006907    0.002677    0.000585  
      5.802455  0.753328  4.024698    -0.013387    0.029162   -0.006739  
     -5.544561  5.208194  5.950309    -0.006890   -0.002673    0.000572  
     -5.528641  2.227715  5.962511    -0.006132    0.001277   -0.021974  
      5.735997  3.717866  3.963892    -0.004881   -0.007864   -0.005624  
      0.951634  2.227715  8.977526    -0.006148   -0.001282   -0.021962  
     -0.744722  3.717866  1.067153    -0.004873    0.007865   -0.005618  
     -0.893494  2.231301  4.162213    -0.004039   -0.001294   -0.000702  
      1.080252  3.714951  5.859232    -0.003512   -0.002586    0.003572  
      5.884769  2.231301  0.868832    -0.004049    0.001295   -0.000701  
     -5.657260  3.714951  9.080805    -0.003521    0.002584    0.003572  
     -5.622992  0.751199  9.034813    -0.000933   -0.003086    0.004746  
      5.872018  5.211349  0.883773     0.006433   -0.002395    0.010574  
      1.045985  0.751199  5.905223    -0.000923    0.003085    0.004736  
     -0.880743  5.211349  4.147272     0.006445    0.002397    0.010572  
     -2.769217  2.226426  3.943002     0.010720   -0.016382    0.007153  
      3.011632  3.713986  5.983550     0.026564    0.002478    0.007159  
      7.760492  2.226426  1.088042     0.010736    0.016389    0.007151  
     -7.588639  3.713986  8.956487     0.026645   -0.002480    0.007145  
     -7.576192  0.750830  8.935375     0.005762   -0.006933    0.003663  
      7.754048  5.219232  1.061863    -0.023667    0.042488   -0.002873  
      2.999184  0.750830  6.004661     0.005679    0.006936    0.003665  
     -2.762772  5.219232  3.969182    -0.023681   -0.042515   -0.002872  
      0.545699  2.153908  0.921023     0.043712    0.024954    0.095364  
     -0.381056  3.715882  9.101385     0.000208   -0.001238    0.003394  
      4.445577  2.153908  4.110021     0.043759   -0.024977    0.095400  
     -4.195951  3.715882  5.838651     0.000213    0.001241    0.003411  
     -4.142312  0.755782  5.906023     0.005395    0.002411   -0.005719  
      4.456348  5.276942  4.098732     0.016156   -0.003030   -0.016453  
     -0.434695  0.755782  9.034013     0.005403   -0.002410   -0.005675  
      0.534927  5.276942  0.932312     0.016096    0.003047   -0.016493  
     -5.357135  2.249107  7.858822     0.003436   -0.000901   -0.018776  
      5.591648  3.718102  2.065344     0.006209    0.051955    0.000344  
      0.780128  2.249107  7.081214     0.003442    0.000954   -0.018775  
     -0.600373  3.718102  2.965700     0.006195   -0.051948    0.000345  
     -0.584070  0.753413  2.941938     0.008439    0.063856    0.004258  
      0.762384  5.187597  7.091402     0.000393   -0.000840    0.014203  
      5.575345  0.753413  2.089107     0.008449   -0.063869    0.004277  
     -5.339391  5.187597  7.848634     0.000390    0.000800    0.014202  
      3.936596  2.205034  0.451134    -0.001206   -0.000615   -0.009889  
     -3.610877  3.710940  9.477450     0.011932   -0.002669   -0.009338  
      1.054679  2.205034  4.579910    -0.001201    0.000614   -0.009887  
     -0.966130  3.710940  5.462586     0.011894    0.002678   -0.009325  
     -0.985568  0.756560  5.481490     0.010194   -0.000008   -0.011172  
      1.064814  5.231939  4.591173    -0.015465   -0.005651   -0.009945  
     -3.591439  0.756560  9.458547     0.010219    0.000002   -0.011178  
      3.926461  5.231939  0.439871    -0.015461    0.005649   -0.009953  
     -2.288504  2.009897  7.470018     0.006307   -0.000006   -0.001508  
 
  22 f  =   15.770087 THz    99.086380 2PiTHz  526.033485 cm-1    65.219811 meV
             X         Y         Z           dx          dy          dz
      2.495638  0.754101  2.515522    -0.000296    0.000000   -0.000212  
     -2.288504  5.057401  7.470018    -0.000178   -0.000000   -0.000262  
     -0.811180  0.753328  1.006346     0.007588   -0.007453   -0.002648  
      0.967554  5.208194  8.989727     0.007445    0.007759    0.009191  
      5.802455  0.753328  4.024698     0.007583    0.007452   -0.002650  
     -5.544561  5.208194  5.950309     0.007440   -0.007764    0.009193  
     -5.528641  2.227715  5.962511     0.007656    0.011119    0.004471  
      5.735997  3.717866  3.963892     0.001832   -0.001352    0.011865  
      0.951634  2.227715  8.977526     0.007660   -0.011115    0.004470  
     -0.744722  3.717866  1.067153     0.001832    0.001351    0.011863  
     -0.893494  2.231301  4.162213    -0.001756    0.005062   -0.003472  
      1.080252  3.714951  5.859232     0.005782   -0.005533    0.011252  
      5.884769  2.231301  0.868832    -0.001758   -0.005067   -0.003473  
     -5.657260  3.714951  9.080805     0.005782    0.005534    0.011252  
     -5.622992  0.751199  9.034813    -0.000277    0.007096   -0.009329  
      5.872018  5.211349  0.883773     0.001765    0.004465    0.000125  
      1.045985  0.751199  5.905223    -0.000276   -0.007094   -0.009326  
     -0.880743  5.211349  4.147272     0.001766   -0.004462    0.000125  
     -2.769217  2.226426  3.943002     0.004193   -0.013410    0.001748  
      3.011632  3.713986  5.983550    -0.050894   -0.000184   -0.011482  
      7.760492  2.226426  1.088042     0.004193    0.013424    0.001747  
     -7.588639  3.713986  8.956487    -0.050916    0.000188   -0.011480  
     -7.576192  0.750830  8.935375     0.001090   -0.003767    0.002082  
      7.754048  5.219232  1.061863    -0.005644   -0.001334   -0.001174  
      2.999184  0.750830  6.004661     0.001087    0.003768    0.002083  
     -2.762772  5.219232  3.969182    -0.005643    0.001326   -0.001172  
      0.545699  2.153908  0.921023    -0.010645    0.002903    0.003402  
     -0.381056  3.715882  9.101385     0.005790    0.004419   -0.062687  
      4.445577  2.153908  4.110021    -0.010635   -0.002911    0.003409  
     -4.195951  3.715882  5.838651     0.005789   -0.004418   -0.062699  
     -4.142312  0.755782  5.906023    -0.013166   -0.002052    0.039702  
      4.456348  5.276942  4.098732    -0.014549   -0.010174   -0.027991  
     -0.434695  0.755782  9.034013    -0.013174    0.002054    0.039706  
      0.534927  5.276942  0.932312    -0.014556    0.010181   -0.027993  
     -5.357135  2.249107  7.858822    -0.000200   -0.108824   -0.012492  
      5.591648  3.718102  2.065344    -0.004807    0.014610    0.012060  
      0.780128  2.249107  7.081214    -0.000205    0.108807   -0.012488  
     -0.600373  3.718102  2.965700    -0.004807   -0.014608    0.012056  
     -0.584070  0.753413  2.941938    -0.000867    0.017003   -0.019236  
      0.762384  5.187597  7.091402    -0.001581   -0.061626    0.000720  
      5.575345  0.753413  2.089107    -0.000867   -0.017002   -0.019237  
     -5.339391  5.187597  7.848634    -0.001579    0.061631    0.000717  
      3.936596  2.205034  0.451134     0.008626    0.004935   -0.005137  
     -3.610877  3.710940  9.477450    -0.021468   -0.002318    0.008081  
      1.054679  2.205034  4.579910     0.008622   -0.004930   -0.005146  
     -0.966130  3.710940  5.462586    -0.021467    0.002320    0.008083  
     -0.985568  0.756560  5.481490     0.002192   -0.003378    0.002458  
      1.064814  5.231939  4.591173     0.001090    0.011725   -0.001578  
     -3.591439  0.756560  9.458547     0.002194    0.003381    0.002455  
      3.926461  5.231939  0.439871     0.001094   -0.011732   -0.001568  
     -2.288504  2.009897  7.470018    -0.000780    0.000001   -0.000619  
 
  23 f  =   15.732928 THz    98.852904 2PiTHz  524.794002 cm-1    65.066134 meV
             X         Y         Z           dx          dy          dz
      2.495638  0.754101  2.515522    -0.001155    0.000000   -0.000074  
     -2.288504  5.057401  7.470018    -0.000732    0.000000   -0.000314  
     -0.811180  0.753328  1.006346     0.018286   -0.017535    0.010699  
      0.967554  5.208194  8.989727     0.004355   -0.006048    0.020532  
      5.802455  0.753328  4.024698     0.018292    0.017533    0.010705  
     -5.544561  5.208194  5.950309     0.004348    0.006055    0.020539  
     -5.528641  2.227715  5.962511     0.005193   -0.008850    0.008276  
      5.735997  3.717866  3.963892     0.005778   -0.003331    0.004659  
      0.951634  2.227715  8.977526     0.005198    0.008843    0.008271  
     -0.744722  3.717866  1.067153     0.005772    0.003328    0.004659  
     -0.893494  2.231301  4.162213    -0.004177    0.003103   -0.011987  
      1.080252  3.714951  5.859232     0.002586    0.002372   -0.014021  
      5.884769  2.231301  0.868832    -0.004174   -0.003103   -0.011991  
     -5.657260  3.714951  9.080805     0.002590   -0.002375   -0.014029  
     -5.622992  0.751199  9.034813     0.001435   -0.005670   -0.008134  
      5.872018  5.211349  0.883773     0.002760    0.002800   -0.004003  
      1.045985  0.751199  5.905223     0.001432    0.005667   -0.008134  
     -0.880743  5.211349  4.147272     0.002758   -0.002800   -0.004002  
     -2.769217  2.226426  3.943002     0.024678   -0.045730    0.002127  
      3.011632  3.713986  5.983550    -0.012137    0.001158   -0.006515  
      7.760492  2.226426  1.088042     0.024672    0.045750    0.002126  
     -7.588639  3.713986  8.956487    -0.012159   -0.001154   -0.006517  
     -7.576192  0.750830  8.935375     0.003173   -0.004364   -0.007029  
      7.754048  5.219232  1.061863     0.000635   -0.005352   -0.004490  
      2.999184  0.750830  6.004661     0.003210    0.004356   -0.007038  
     -2.762772  5.219232  3.969182     0.000640    0.005348   -0.004496  
      0.545699  2.153908  0.921023    -0.035327   -0.007507   -0.021948  
     -0.381056  3.715882  9.101385    -0.000810   -0.001121    0.014605  
      4.445577  2.153908  4.110021    -0.035351    0.007509   -0.021965  
     -4.195951  3.715882  5.838651    -0.000797    0.001116    0.014624  
     -4.142312  0.755782  5.906023    -0.004697    0.002460   -0.010685  
      4.456348  5.276942  4.098732    -0.045063   -0.024085   -0.088362  
     -0.434695  0.755782  9.034013    -0.004697   -0.002456   -0.010679  
      0.534927  5.276942  0.932312    -0.045034    0.024093   -0.088327  
     -5.357135  2.249107  7.858822    -0.003272    0.049160   -0.000907  
      5.591648  3.718102  2.065344    -0.009710    0.029537   -0.004687  
      0.780128  2.249107  7.081214    -0.003274   -0.049122   -0.000911  
     -0.600373  3.718102  2.965700    -0.009709   -0.029525   -0.004679  
     -0.584070  0.753413  2.941938    -0.014844    0.040875    0.000083  
      0.762384  5.187597  7.091402    -0.005884    0.022065    0.022805  
      5.575345  0.753413  2.089107    -0.014854   -0.040893    0.000085  
     -5.339391  5.187597  7.848634    -0.005886   -0.022085    0.022812  
      3.936596  2.205034  0.451134     0.010970    0.008767    0.023439  
     -3.610877  3.710940  9.477450    -0.007348   -0.008788    0.015724  
      1.054679  2.205034  4.579910     0.010968   -0.008771    0.023432  
     -0.966130  3.710940  5.462586    -0.007345    0.008780    0.015719  
     -0.985568  0.756560  5.481490    -0.014474   -0.005128    0.018973  
      1.064814  5.231939  4.591173    -0.000682   -0.001586    0.027527  
     -3.591439  0.756560  9.458547    -0.014492    0.005134    0.018976  
      3.926461  5.231939  0.439871    -0.000685    0.001594    0.027536  
     -2.288504  2.009897  7.470018    -0.006653   -0.000005    0.001533  
 
  24 f  =   15.457618 THz    97.123076 2PiTHz  515.610624 cm-1    63.927541 meV
             X         Y         Z           dx          dy          dz
      2.495638  0.754101  2.515522     0.000095   -0.000000    0.000125  
     -2.288504  5.057401  7.470018     0.000211   -0.000000    0.000203  
     -0.811180  0.753328  1.006346    -0.000902   -0.028040   -0.001678  
      0.967554  5.208194  8.989727     0.001441    0.000138   -0.008251  
      5.802455  0.753328  4.024698    -0.000928    0.028036   -0.001685  
     -5.544561  5.208194  5.950309     0.001432   -0.000162   -0.008247  
     -5.528641  2.227715  5.962511    -0.006512   -0.002563    0.004689  
      5.735997  3.717866  3.963892    -0.002813    0.021988   -0.002864  
      0.951634  2.227715  8.977526    -0.006501    0.002587    0.004684  
     -0.744722  3.717866  1.067153    -0.002822   -0.021993   -0.002877  
     -0.893494  2.231301  4.162213    -0.007820    0.006759    0.002327  
      1.080252  3.714951  5.859232    -0.000172    0.002724   -0.000300  
      5.884769  2.231301  0.868832    -0.007830   -0.006790    0.002329  
     -5.657260  3.714951  9.080805    -0.000177   -0.002722   -0.000309  
     -5.622992  0.751199  9.034813     0.000217    0.012931   -0.000941  
      5.872018  5.211349  0.883773     0.007560   -0.003905   -0.002216  
      1.045985  0.751199  5.905223     0.000224   -0.012930   -0.000919  
     -0.880743  5.211349  4.147272     0.007570    0.003930   -0.002216  
     -2.769217  2.226426  3.943002     0.004968   -0.085983   -0.000973  
      3.011632  3.713986  5.983550     0.001181   -0.018099    0.001385  
      7.760492  2.226426  1.088042     0.005006    0.086112   -0.000968  
     -7.588639  3.713986  8.956487     0.001116    0.018094    0.001378  
     -7.576192  0.750830  8.935375     0.006191   -0.043360    0.001939  
      7.754048  5.219232  1.061863     0.002554    0.070298    0.003219  
      2.999184  0.750830  6.004661     0.006128    0.043373    0.001941  
     -2.762772  5.219232  3.969182     0.002519   -0.070399    0.003220  
      0.545699  2.153908  0.921023    -0.013304    0.031103   -0.032144  
     -0.381056  3.715882  9.101385     0.006538   -0.026086    0.013755  
      4.445577  2.153908  4.110021    -0.013272   -0.031167   -0.032184  
     -4.195951  3.715882  5.838651     0.006549    0.026095    0.013739  
     -4.142312  0.755782  5.906023     0.003045   -0.012660    0.005929  
      4.456348  5.276942  4.098732     0.018285   -0.037584    0.033717  
     -0.434695  0.755782  9.034013     0.003003    0.012651    0.005908  
      0.534927  5.276942  0.932312     0.018254    0.037656    0.033742  
     -5.357135  2.249107  7.858822    -0.000040   -0.018715    0.002704  
      5.591648  3.718102  2.065344     0.000609   -0.031279   -0.001246  
      0.780128  2.249107  7.081214    -0.000043    0.018682    0.002707  
     -0.600373  3.718102  2.965700     0.000602    0.031272   -0.001253  
     -0.584070  0.753413  2.941938    -0.000201   -0.038420   -0.001175  
      0.762384  5.187597  7.091402     0.002040    0.019844   -0.001297  
      5.575345  0.753413  2.089107    -0.000226    0.038431   -0.001189  
     -5.339391  5.187597  7.848634     0.002052   -0.019827   -0.001299  
      3.936596  2.205034  0.451134     0.020418    0.001622    0.007327  
     -3.610877  3.710940  9.477450     0.000788    0.000170    0.000321  
      1.054679  2.205034  4.579910     0.020409   -0.001590    0.007276  
     -0.966130  3.710940  5.462586     0.000775   -0.000159    0.000337  
     -0.985568  0.756560  5.481490     0.000084    0.001436    0.000320  
      1.064814  5.231939  4.591173    -0.023306    0.002222   -0.003357  
     -3.591439  0.756560  9.458547     0.000086   -0.001435    0.000314  
      3.926461  5.231939  0.439871    -0.023291   -0.002259   -0.003301  
     -2.288504  2.009897  7.470018    -0.000688    0.000002   -0.000303  
 
  25 f  =   15.408201 THz    96.812585 2PiTHz  513.962276 cm-1    63.723172 meV
             X         Y         Z           dx          dy          dz
      2.495638  0.754101  2.515522     0.000000    0.000024   -0.000000  
     -2.288504  5.057401  7.470018     0.000000   -0.000147   -0.000000  
     -0.811180  0.753328  1.006346     0.017396   -0.002725    0.005626  
      0.967554  5.208194  8.989727     0.010169   -0.012729   -0.003176  
      5.802455  0.753328  4.024698    -0.017385   -0.002772   -0.005629  
     -5.544561  5.208194  5.950309    -0.010182   -0.012725    0.003186  
     -5.528641  2.227715  5.962511    -0.011158    0.012386    0.001976  
      5.735997  3.717866  3.963892     0.003822   -0.005614    0.006172  
      0.951634  2.227715  8.977526     0.011160    0.012387   -0.001986  
     -0.744722  3.717866  1.067153    -0.003815   -0.005582   -0.006173  
     -0.893494  2.231301  4.162213     0.004440   -0.016932    0.000055  
      1.080252  3.714951  5.859232     0.001808    0.000849    0.010046  
      5.884769  2.231301  0.868832    -0.004434   -0.016920   -0.000051  
     -5.657260  3.714951  9.080805    -0.001815    0.000849   -0.010046  
     -5.622992  0.751199  9.034813    -0.003264    0.001717   -0.016687  
      5.872018  5.211349  0.883773    -0.003964    0.013128    0.000613  
      1.045985  0.751199  5.905223     0.003254    0.001747    0.016690  
     -0.880743  5.211349  4.147272     0.003944    0.013120   -0.000604  
     -2.769217  2.226426  3.943002    -0.020797    0.078969   -0.000446  
      3.011632  3.713986  5.983550     0.046324    0.000205    0.004829  
      7.760492  2.226426  1.088042     0.020789    0.078846    0.000446  
     -7.588639  3.713986  8.956487    -0.046292    0.000171   -0.004833  
     -7.576192  0.750830  8.935375     0.023338    0.004178    0.000002  
      7.754048  5.219232  1.061863     0.015698   -0.051474   -0.000678  
      2.999184  0.750830  6.004661    -0.023299    0.004097   -0.000006  
     -2.762772  5.219232  3.969182    -0.015700   -0.051358    0.000670  
      0.545699  2.153908  0.921023    -0.026359   -0.036721    0.005067  
     -0.381056  3.715882  9.101385    -0.012728    0.002634    0.009816  
      4.445577  2.153908  4.110021     0.026355   -0.036650   -0.005019  
     -4.195951  3.715882  5.838651     0.012716    0.002593   -0.009832  
     -4.142312  0.755782  5.906023     0.028748   -0.003372    0.009441  
      4.456348  5.276942  4.098732     0.021259    0.044065   -0.012967  
     -0.434695  0.755782  9.034013    -0.028754   -0.003395   -0.009433  
      0.534927  5.276942  0.932312    -0.021299    0.044018    0.012934  
     -5.357135  2.249107  7.858822     0.005101   -0.015376   -0.006717  
      5.591648  3.718102  2.065344     0.004398    0.006673    0.002260  
      0.780128  2.249107  7.081214    -0.005100   -0.015441    0.006732  
     -0.600373  3.718102  2.965700    -0.004392    0.006640   -0.002261  
     -0.584070  0.753413  2.941938     0.015735   -0.004370    0.003527  
      0.762384  5.187597  7.091402    -0.007713    0.004057    0.003287  
      5.575345  0.753413  2.089107    -0.015729   -0.004426   -0.003517  
     -5.339391  5.187597  7.848634     0.007713    0.004100   -0.003278  
      3.936596  2.205034  0.451134     0.003306    0.015742    0.049190  
     -3.610877  3.710940  9.477450     0.007473    0.007055   -0.012110  
      1.054679  2.205034  4.579910    -0.003341    0.015731   -0.049207  
     -0.966130  3.710940  5.462586    -0.007451    0.007055    0.012097  
     -0.985568  0.756560  5.481490     0.001339   -0.000525    0.007192  
      1.064814  5.231939  4.591173    -0.004696   -0.017681   -0.051501  
     -3.591439  0.756560  9.458547    -0.001305   -0.000531   -0.007210  
      3.926461  5.231939  0.439871     0.004739   -0.017675    0.051489  
     -2.288504  2.009897  7.470018     0.000004    0.002510   -0.000002  
 
  26 f  =   15.355537 THz    96.481684 2PiTHz  512.205577 cm-1    63.505369 meV
             X         Y         Z           dx          dy          dz
      2.495638  0.754101  2.515522    -0.000000    0.000309    0.000000  
     -2.288504  5.057401  7.470018    -0.000000   -0.000064   -0.000000  
     -0.811180  0.753328  1.006346     0.003655    0.017114   -0.003668  
      0.967554  5.208194  8.989727    -0.001014    0.001332    0.006248  
      5.802455  0.753328  4.024698    -0.003655    0.017113    0.003674  
     -5.544561  5.208194  5.950309     0.001019    0.001329   -0.006242  
     -5.528641  2.227715  5.962511    -0.002873   -0.002088    0.005715  
      5.735997  3.717866  3.963892    -0.000865    0.017420   -0.000165  
      0.951634  2.227715  8.977526     0.002878   -0.002090   -0.005712  
     -0.744722  3.717866  1.067153     0.000871    0.017421    0.000167  
     -0.893494  2.231301  4.162213    -0.003456   -0.001537    0.001485  
      1.080252  3.714951  5.859232    -0.003213    0.014652    0.002842  
      5.884769  2.231301  0.868832     0.003458   -0.001533   -0.001487  
     -5.657260  3.714951  9.080805     0.003215    0.014653   -0.002844  
     -5.622992  0.751199  9.034813     0.001712    0.020131   -0.001157  
      5.872018  5.211349  0.883773    -0.001457   -0.002397   -0.008374  
      1.045985  0.751199  5.905223    -0.001711    0.020132    0.001159  
     -0.880743  5.211349  4.147272     0.001459   -0.002389    0.008372  
     -2.769217  2.226426  3.943002     0.010378   -0.052818   -0.006373  
      3.011632  3.713986  5.983550     0.013674    0.003561    0.002961  
      7.760492  2.226426  1.088042    -0.010384   -0.052843    0.006370  
     -7.588639  3.713986  8.956487    -0.013678    0.003560   -0.002960  
     -7.576192  0.750830  8.935375    -0.005645    0.026945    0.000930  
      7.754048  5.219232  1.061863     0.005929   -0.064787   -0.000878  
      2.999184  0.750830  6.004661     0.005620    0.026943   -0.000932  
     -2.762772  5.219232  3.969182    -0.005932   -0.064810    0.000875  
      0.545699  2.153908  0.921023     0.003767   -0.033819    0.024442  
     -0.381056  3.715882  9.101385     0.004813    0.024036   -0.008677  
      4.445577  2.153908  4.110021    -0.003775   -0.033828   -0.024456  
     -4.195951  3.715882  5.838651    -0.004821    0.024034    0.008682  
     -4.142312  0.755782  5.906023    -0.005571    0.002039   -0.017225  
      4.456348  5.276942  4.098732     0.016500   -0.026920    0.033179  
     -0.434695  0.755782  9.034013     0.005570    0.002038    0.017218  
      0.534927  5.276942  0.932312    -0.016503   -0.026935   -0.033206  
     -5.357135  2.249107  7.858822    -0.004699   -0.048866    0.000097  
      5.591648  3.718102  2.065344     0.000612   -0.004256   -0.002193  
      0.780128  2.249107  7.081214     0.004699   -0.048875   -0.000101  
     -0.600373  3.718102  2.965700    -0.000614   -0.004265    0.002194  
     -0.584070  0.753413  2.941938     0.002466    0.053665   -0.002268  
      0.762384  5.187597  7.091402    -0.002298   -0.072010    0.003874  
      5.575345  0.753413  2.089107    -0.002470    0.053673    0.002264  
     -5.339391  5.187597  7.848634     0.002297   -0.072016   -0.003874  
      3.936596  2.205034  0.451134    -0.005283   -0.029870    0.013310  
     -3.610877  3.710940  9.477450    -0.007857    0.019399    0.007814  
      1.054679  2.205034  4.579910     0.005287   -0.029858   -0.013313  
     -0.966130  3.710940  5.462586     0.007851    0.019403   -0.007812  
     -0.985568  0.756560  5.481490     0.013406    0.004102   -0.014270  
      1.064814  5.231939  4.591173    -0.013478   -0.023349   -0.004245  
     -3.591439  0.756560  9.458547    -0.013412    0.004109    0.014281  
      3.926461  5.231939  0.439871     0.013473   -0.023335    0.004246  
     -2.288504  2.009897  7.470018    -0.000001   -0.000429   -0.000000  
 
  27 f  =   15.277894 THz    95.993836 2PiTHz  509.615672 cm-1    63.184262 meV
             X         Y         Z           dx          dy          dz
      2.495638  0.754101  2.515522    -0.000036    0.000000   -0.000093  
     -2.288504  5.057401  7.470018     0.000089   -0.000000   -0.000449  
     -0.811180  0.753328  1.006346     0.005467    0.002270    0.002931  
      0.967554  5.208194  8.989727     0.000695   -0.002998    0.001785  
      5.802455  0.753328  4.024698     0.005460   -0.002275    0.002925  
     -5.544561  5.208194  5.950309     0.000676    0.003007    0.001782  
     -5.528641  2.227715  5.962511    -0.000289    0.002775    0.003555  
      5.735997  3.717866  3.963892     0.010689   -0.009384   -0.008141  
      0.951634  2.227715  8.977526    -0.000278   -0.002777    0.003558  
     -0.744722  3.717866  1.067153     0.010701    0.009383   -0.008137  
     -0.893494  2.231301  4.162213    -0.003642    0.000025    0.007040  
      1.080252  3.714951  5.859232    -0.005583   -0.016616   -0.002123  
      5.884769  2.231301  0.868832    -0.003639   -0.000017    0.007041  
     -5.657260  3.714951  9.080805    -0.005582    0.016608   -0.002140  
     -5.622992  0.751199  9.034813    -0.004995    0.025526   -0.001568  
      5.872018  5.211349  0.883773    -0.002746   -0.016251    0.008756  
      1.045985  0.751199  5.905223    -0.004993   -0.025521   -0.001550  
     -0.880743  5.211349  4.147272    -0.002752    0.016238    0.008754  
     -2.769217  2.226426  3.943002    -0.006765    0.041235   -0.005408  
      3.011632  3.713986  5.983550     0.015566    0.000524   -0.000860  
      7.760492  2.226426  1.088042    -0.006778   -0.041261   -0.005416  
     -7.588639  3.713986  8.956487     0.015551   -0.000504   -0.000858  
     -7.576192  0.750830  8.935375     0.001149   -0.008365   -0.003640  
      7.754048  5.219232  1.061863    -0.002255    0.015513   -0.006951  
      2.999184  0.750830  6.004661     0.001186    0.008317   -0.003642  
     -2.762772  5.219232  3.969182    -0.002256   -0.015466   -0.006948  
      0.545699  2.153908  0.921023    -0.014558    0.013233   -0.020722  
     -0.381056  3.715882  9.101385    -0.005393   -0.005686    0.046314  
      4.445577  2.153908  4.110021    -0.014521   -0.013216   -0.020661  
     -4.195951  3.715882  5.838651    -0.005375    0.005664    0.046281  
     -4.142312  0.755782  5.906023    -0.004455    0.002838    0.000510  
      4.456348  5.276942  4.098732    -0.034321    0.013030   -0.027138  
     -0.434695  0.755782  9.034013    -0.004466   -0.002824    0.000530  
      0.534927  5.276942  0.932312    -0.034340   -0.013043   -0.027175  
     -5.357135  2.249107  7.858822     0.003299   -0.068930    0.003015  
      5.591648  3.718102  2.065344     0.001882    0.050002   -0.000070  
      0.780128  2.249107  7.081214     0.003287    0.068937    0.003027  
     -0.600373  3.718102  2.965700     0.001889   -0.049989   -0.000068  
     -0.584070  0.753413  2.941938    -0.001220   -0.021183    0.005399  
      0.762384  5.187597  7.091402     0.005735    0.073775    0.014256  
      5.575345  0.753413  2.089107    -0.001215    0.021186    0.005412  
     -5.339391  5.187597  7.848634     0.005732   -0.073769    0.014246  
      3.936596  2.205034  0.451134     0.001146   -0.039517    0.001802  
     -3.610877  3.710940  9.477450     0.017225    0.024871   -0.028843  
      1.054679  2.205034  4.579910     0.001146    0.039510    0.001740  
     -0.966130  3.710940  5.462586     0.017229   -0.024872   -0.028831  
     -0.985568  0.756560  5.481490     0.021743   -0.004294   -0.015241  
      1.064814  5.231939  4.591173     0.001013    0.015131   -0.000351  
     -3.591439  0.756560  9.458547     0.021749    0.004293   -0.015256  
      3.926461  5.231939  0.439871     0.000984   -0.015115   -0.000277  
     -2.288504  2.009897  7.470018     0.005995    0.000001   -0.008016  
 
  28 f  =   15.251542 THz    95.828265 2PiTHz  508.736682 cm-1    63.075281 meV
             X         Y         Z           dx          dy          dz
      2.495638  0.754101  2.515522     0.000376    0.000000   -0.000674  
     -2.288504  5.057401  7.470018     0.000668   -0.000000   -0.000569  
     -0.811180  0.753328  1.006346     0.020161    0.000905   -0.011436  
      0.967554  5.208194  8.989727    -0.010449   -0.005757   -0.002575  
      5.802455  0.753328  4.024698     0.020156   -0.000904   -0.011447  
     -5.544561  5.208194  5.950309    -0.010482    0.005791   -0.002598  
     -5.528641  2.227715  5.962511    -0.009814   -0.003883   -0.003044  
      5.735997  3.717866  3.963892     0.004543    0.001324   -0.004798  
      0.951634  2.227715  8.977526    -0.009792    0.003859   -0.003022  
     -0.744722  3.717866  1.067153     0.004577   -0.001315   -0.004779  
     -0.893494  2.231301  4.162213    -0.012762    0.003155    0.012469  
      1.080252  3.714951  5.859232    -0.011985    0.004022    0.004273  
      5.884769  2.231301  0.868832    -0.012740   -0.003113    0.012465  
     -5.657260  3.714951  9.080805    -0.011968   -0.004030    0.004231  
     -5.622992  0.751199  9.034813    -0.015580   -0.005736   -0.000876  
      5.872018  5.211349  0.883773    -0.013733    0.005880    0.010981  
      1.045985  0.751199  5.905223    -0.015586    0.005744   -0.000842  
     -0.880743  5.211349  4.147272    -0.013759   -0.005918    0.010988  
     -2.769217  2.226426  3.943002     0.005629   -0.026585   -0.002818  
      3.011632  3.713986  5.983550     0.034013   -0.004982   -0.008549  
      7.760492  2.226426  1.088042     0.005585    0.026434   -0.002834  
     -7.588639  3.713986  8.956487     0.033988    0.005009   -0.008544  
     -7.576192  0.750830  8.935375     0.074793    0.009164   -0.004809  
      7.754048  5.219232  1.061863     0.005200   -0.023736   -0.004646  
      2.999184  0.750830  6.004661     0.074925   -0.009229   -0.004819  
     -2.762772  5.219232  3.969182     0.005220    0.023862   -0.004633  
      0.545699  2.153908  0.921023    -0.037634   -0.033121    0.011572  
     -0.381056  3.715882  9.101385    -0.003430    0.002818   -0.008000  
      4.445577  2.153908  4.110021    -0.037556    0.033190    0.011783  
     -4.195951  3.715882  5.838651    -0.003417   -0.002841   -0.008070  
     -4.142312  0.755782  5.906023    -0.010940   -0.002642    0.030671  
      4.456348  5.276942  4.098732    -0.037664   -0.026437    0.015334  
     -0.434695  0.755782  9.034013    -0.010927    0.002665    0.030764  
      0.534927  5.276942  0.932312    -0.037725    0.026350    0.015133  
     -5.357135  2.249107  7.858822     0.002672    0.008199    0.021449  
      5.591648  3.718102  2.065344     0.007823   -0.007149    0.002776  
      0.780128  2.249107  7.081214     0.002661   -0.008160    0.021483  
     -0.600373  3.718102  2.965700     0.007845    0.007137    0.002778  
     -0.584070  0.753413  2.941938     0.010741    0.005147    0.015275  
      0.762384  5.187597  7.091402     0.005002   -0.024017    0.013622  
      5.575345  0.753413  2.089107     0.010759   -0.005135    0.015337  
     -5.339391  5.187597  7.848634     0.004995    0.023984    0.013584  
      3.936596  2.205034  0.451134     0.003484    0.026478   -0.011317  
     -3.610877  3.710940  9.477450     0.038350    0.008353   -0.022570  
      1.054679  2.205034  4.579910     0.003531   -0.026521   -0.011474  
     -0.966130  3.710940  5.462586     0.038382   -0.008359   -0.022561  
     -0.985568  0.756560  5.481490     0.052841    0.013816   -0.038500  
      1.064814  5.231939  4.591173     0.012704    0.015249   -0.018585  
     -3.591439  0.756560  9.458547     0.052844   -0.013821   -0.038532  
      3.926461  5.231939  0.439871     0.012628   -0.015205   -0.018418  
     -2.288504  2.009897  7.470018     0.010071    0.000002   -0.012447  
 
  29 f  =   15.218078 THz    95.618005 2PiTHz  507.620446 cm-1    62.936886 meV
             X         Y         Z           dx          dy          dz
      2.495638  0.754101  2.515522    -0.000000   -0.000201    0.000001  
     -2.288504  5.057401  7.470018    -0.000001   -0.000053    0.000001  
     -0.811180  0.753328  1.006346     0.005354    0.009064    0.004577  
      0.967554  5.208194  8.989727     0.007245    0.002565    0.004673  
      5.802455  0.753328  4.024698    -0.005397    0.009077   -0.004551  
     -5.544561  5.208194  5.950309    -0.007221    0.002544   -0.004662  
     -5.528641  2.227715  5.962511    -0.012564   -0.005829   -0.004931  
      5.735997  3.717866  3.963892    -0.008840    0.010221   -0.001184  
      0.951634  2.227715  8.977526     0.012584   -0.005838    0.004943  
     -0.744722  3.717866  1.067153     0.008837    0.010214    0.001198  
     -0.893494  2.231301  4.162213    -0.006523    0.014422    0.000113  
      1.080252  3.714951  5.859232    -0.003690   -0.008013    0.012027  
      5.884769  2.231301  0.868832     0.006550    0.014439   -0.000143  
     -5.657260  3.714951  9.080805     0.003718   -0.008023   -0.012035  
     -5.622992  0.751199  9.034813     0.001557   -0.018730   -0.012310  
      5.872018  5.211349  0.883773     0.003453    0.002487   -0.005210  
      1.045985  0.751199  5.905223    -0.001523   -0.018719    0.012312  
     -0.880743  5.211349  4.147272    -0.003418    0.002499    0.005182  
     -2.769217  2.226426  3.943002     0.001332   -0.048096   -0.000477  
      3.011632  3.713986  5.983550     0.014252   -0.023195   -0.000144  
      7.760492  2.226426  1.088042    -0.001350   -0.048152    0.000480  
     -7.588639  3.713986  8.956487    -0.014316   -0.023194    0.000160  
     -7.576192  0.750830  8.935375    -0.033807    0.018142   -0.000204  
      7.754048  5.219232  1.061863    -0.007057   -0.004630   -0.007363  
      2.999184  0.750830  6.004661     0.033641    0.018177    0.000213  
     -2.762772  5.219232  3.969182     0.007039   -0.004744    0.007374  
      0.545699  2.153908  0.921023    -0.015734    0.008751   -0.031985  
     -0.381056  3.715882  9.101385    -0.009335    0.007308    0.028677  
      4.445577  2.153908  4.110021     0.015786    0.008666    0.031941  
     -4.195951  3.715882  5.838651     0.009341    0.007321   -0.028680  
     -4.142312  0.755782  5.906023     0.003910   -0.015715   -0.008335  
      4.456348  5.276942  4.098732     0.033161   -0.019694    0.057427  
     -0.434695  0.755782  9.034013    -0.003883   -0.015707    0.008273  
      0.534927  5.276942  0.932312    -0.033071   -0.019759   -0.057458  
     -5.357135  2.249107  7.858822    -0.001591    0.047228   -0.001071  
      5.591648  3.718102  2.065344    -0.005678   -0.046812    0.001605  
      0.780128  2.249107  7.081214     0.001581    0.047186    0.001030  
     -0.600373  3.718102  2.965700     0.005660   -0.046783   -0.001609  
     -0.584070  0.753413  2.941938    -0.001910   -0.001266   -0.008437  
      0.762384  5.187597  7.091402    -0.004620    0.046075    0.018307  
      5.575345  0.753413  2.089107     0.001889   -0.001269    0.008388  
     -5.339391  5.187597  7.848634     0.004603    0.046106   -0.018337  
      3.936596  2.205034  0.451134    -0.022416    0.012290    0.052774  
     -3.610877  3.710940  9.477450    -0.009130   -0.008506    0.005131  
      1.054679  2.205034  4.579910     0.022418    0.012327   -0.052758  
     -0.966130  3.710940  5.462586     0.009039   -0.008461   -0.005065  
     -0.985568  0.756560  5.481490     0.000496   -0.012859    0.008182  
      1.064814  5.231939  4.591173    -0.001357    0.020039   -0.047740  
     -3.591439  0.756560  9.458547    -0.000608   -0.012829   -0.008083  
      3.926461  5.231939  0.439871     0.001315    0.020106    0.047763  
     -2.288504  2.009897  7.470018    -0.000013    0.004074    0.000014  
 
  30 f  =   15.205188 THz    95.537013 2PiTHz  507.190476 cm-1    62.883576 meV
             X         Y         Z           dx          dy          dz
      2.495638  0.754101  2.515522    -0.000000    0.000294    0.000001  
     -2.288504  5.057401  7.470018    -0.000001   -0.000093    0.000001  
     -0.811180  0.753328  1.006346     0.002451   -0.009565    0.001633  
      0.967554  5.208194  8.989727     0.011687    0.010609    0.004904  
      5.802455  0.753328  4.024698    -0.002503   -0.009555   -0.001617  
     -5.544561  5.208194  5.950309    -0.011672    0.010602   -0.004906  
     -5.528641  2.227715  5.962511     0.000117   -0.002030   -0.004534  
      5.735997  3.717866  3.963892    -0.005894   -0.008511   -0.005179  
      0.951634  2.227715  8.977526    -0.000105   -0.002033    0.004538  
     -0.744722  3.717866  1.067153     0.005864   -0.008518    0.005194  
     -0.893494  2.231301  4.162213    -0.001801    0.001452    0.001601  
      1.080252  3.714951  5.859232    -0.003228    0.001367    0.009756  
      5.884769  2.231301  0.868832     0.001830    0.001442   -0.001637  
     -5.657260  3.714951  9.080805     0.003261    0.001368   -0.009766  
     -5.622992  0.751199  9.034813     0.000393    0.021086   -0.007641  
      5.872018  5.211349  0.883773     0.007434   -0.015221    0.003544  
      1.045985  0.751199  5.905223    -0.000351    0.021082    0.007643  
     -0.880743  5.211349  4.147272    -0.007399   -0.015226   -0.003580  
     -2.769217  2.226426  3.943002     0.012398    0.002798    0.008974  
      3.011632  3.713986  5.983550     0.007934    0.036982    0.000207  
      7.760492  2.226426  1.088042    -0.012393    0.002828   -0.008957  
     -7.588639  3.713986  8.956487    -0.008032    0.036976   -0.000186  
     -7.576192  0.750830  8.935375    -0.025138   -0.055221    0.003023  
      7.754048  5.219232  1.061863     0.002700    0.051095    0.002522  
      2.999184  0.750830  6.004661     0.024989   -0.055203   -0.003007  
     -2.762772  5.219232  3.969182    -0.002695    0.051083   -0.002496  
      0.545699  2.153908  0.921023    -0.029415    0.016028   -0.060912  
     -0.381056  3.715882  9.101385    -0.000588   -0.021623    0.007602  
      4.445577  2.153908  4.110021     0.029527    0.015973    0.060909  
     -4.195951  3.715882  5.838651     0.000625   -0.021613   -0.007624  
     -4.142312  0.755782  5.906023    -0.003006    0.025716   -0.026968  
      4.456348  5.276942  4.098732     0.003817   -0.006114    0.022711  
     -0.434695  0.755782  9.034013     0.003049    0.025715    0.026902  
      0.534927  5.276942  0.932312    -0.003686   -0.006132   -0.022689  
     -5.357135  2.249107  7.858822     0.008737   -0.024402   -0.017269  
      5.591648  3.718102  2.065344    -0.003861    0.044134   -0.001162  
      0.780128  2.249107  7.081214    -0.008747   -0.024427    0.017220  
     -0.600373  3.718102  2.965700     0.003840    0.044157    0.001145  
     -0.584070  0.753413  2.941938    -0.001883   -0.004538   -0.017406  
      0.762384  5.187597  7.091402     0.006015   -0.049627   -0.002362  
      5.575345  0.753413  2.089107     0.001860   -0.004513    0.017372  
     -5.339391  5.187597  7.848634    -0.006030   -0.049667    0.002318  
      3.936596  2.205034  0.451134     0.006787   -0.023838    0.031181  
     -3.610877  3.710940  9.477450    -0.001807    0.005173   -0.013006  
      1.054679  2.205034  4.579910    -0.006790   -0.023815   -0.031148  
     -0.966130  3.710940  5.462586     0.001705    0.005203    0.013090  
     -0.985568  0.756560  5.481490    -0.003744    0.008149    0.011438  
      1.064814  5.231939  4.591173     0.035465   -0.002442   -0.043990  
     -3.591439  0.756560  9.458547     0.003592    0.008187   -0.011330  
      3.926461  5.231939  0.439871    -0.035500   -0.002428    0.044034  
     -2.288504  2.009897  7.470018    -0.000013   -0.001456    0.000022  
 
  31 f  =   15.160929 THz    95.258929 2PiTHz  505.714171 cm-1    62.700538 meV
             X         Y         Z           dx          dy          dz
      2.495638  0.754101  2.515522     0.000022    0.000000    0.000009  
     -2.288504  5.057401  7.470018     0.000006    0.000000   -0.000747  
     -0.811180  0.753328  1.006346     0.001602   -0.004762    0.004477  
      0.967554  5.208194  8.989727     0.005332    0.013467    0.004959  
      5.802455  0.753328  4.024698     0.001607    0.004747    0.004480  
     -5.544561  5.208194  5.950309     0.005327   -0.013460    0.004962  
     -5.528641  2.227715  5.962511     0.002184    0.004901    0.004410  
      5.735997  3.717866  3.963892     0.015159    0.003276   -0.004142  
      0.951634  2.227715  8.977526     0.002174   -0.004895    0.004404  
     -0.744722  3.717866  1.067153     0.015156   -0.003287   -0.004143  
     -0.893494  2.231301  4.162213    -0.001346   -0.021314    0.007100  
      1.080252  3.714951  5.859232    -0.003030    0.013102    0.001177  
      5.884769  2.231301  0.868832    -0.001352    0.021308    0.007099  
     -5.657260  3.714951  9.080805    -0.003031   -0.013102    0.001182  
     -5.622992  0.751199  9.034813    -0.004011   -0.013118   -0.000990  
      5.872018  5.211349  0.883773     0.001075   -0.007732    0.006200  
      1.045985  0.751199  5.905223    -0.004012    0.013143   -0.000996  
     -0.880743  5.211349  4.147272     0.001074    0.007725    0.006193  
     -2.769217  2.226426  3.943002    -0.013832    0.050509   -0.009257  
      3.011632  3.713986  5.983550     0.019677   -0.006554   -0.000519  
      7.760492  2.226426  1.088042    -0.013843   -0.050477   -0.009264  
     -7.588639  3.713986  8.956487     0.019680    0.006599   -0.000518  
     -7.576192  0.750830  8.935375    -0.021339   -0.018344   -0.002460  
      7.754048  5.219232  1.061863    -0.012851    0.070158   -0.007616  
      2.999184  0.750830  6.004661    -0.021339    0.018269   -0.002463  
     -2.762772  5.219232  3.969182    -0.012860   -0.070111   -0.007626  
      0.545699  2.153908  0.921023    -0.029358    0.028196   -0.034758  
     -0.381056  3.715882  9.101385    -0.012106   -0.005602    0.026721  
      4.445577  2.153908  4.110021    -0.029357   -0.028185   -0.034748  
     -4.195951  3.715882  5.838651    -0.012111    0.005571    0.026719  
     -4.142312  0.755782  5.906023    -0.003100   -0.006857    0.015717  
      4.456348  5.276942  4.098732    -0.018496    0.029765   -0.028912  
     -0.434695  0.755782  9.034013    -0.003094    0.006887    0.015734  
      0.534927  5.276942  0.932312    -0.018465   -0.029753   -0.028884  
     -5.357135  2.249107  7.858822     0.002991    0.018365    0.006761  
      5.591648  3.718102  2.065344     0.001921   -0.030857    0.010096  
      0.780128  2.249107  7.081214     0.002987   -0.018407    0.006774  
     -0.600373  3.718102  2.965700     0.001921    0.030902    0.010099  
     -0.584070  0.753413  2.941938    -0.000229    0.022510   -0.012255  
      0.762384  5.187597  7.091402     0.002251   -0.071141    0.002178  
      5.575345  0.753413  2.089107    -0.000223   -0.022533   -0.012253  
     -5.339391  5.187597  7.848634     0.002239    0.071101    0.002192  
      3.936596  2.205034  0.451134     0.002468   -0.004198   -0.006139  
     -3.610877  3.710940  9.477450     0.006557   -0.012684   -0.013886  
      1.054679  2.205034  4.579910     0.002443    0.004181   -0.006112  
     -0.966130  3.710940  5.462586     0.006552    0.012689   -0.013868  
     -0.985568  0.756560  5.481490     0.024687    0.012432   -0.012775  
      1.064814  5.231939  4.591173    -0.008534   -0.043029   -0.007378  
     -3.591439  0.756560  9.458547     0.024687   -0.012424   -0.012780  
      3.926461  5.231939  0.439871    -0.008567    0.043020   -0.007388  
     -2.288504  2.009897  7.470018     0.004456   -0.000002   -0.009011  
 
  32 f  =   14.975393 THz    94.093171 2PiTHz  499.525351 cm-1    61.933222 meV
             X         Y         Z           dx          dy          dz
      2.495638  0.754101  2.515522    -0.000000   -0.000493    0.000000  
     -2.288504  5.057401  7.470018    -0.000000   -0.000247   -0.000000  
     -0.811180  0.753328  1.006346    -0.001845   -0.016857    0.000944  
      0.967554  5.208194  8.989727    -0.008519   -0.004130   -0.003053  
      5.802455  0.753328  4.024698     0.001841   -0.016848   -0.000942  
     -5.544561  5.208194  5.950309     0.008517   -0.004132    0.003057  
     -5.528641  2.227715  5.962511    -0.009816   -0.008641   -0.009533  
      5.735997  3.717866  3.963892    -0.000579   -0.016875   -0.003194  
      0.951634  2.227715  8.977526     0.009822   -0.008644    0.009532  
     -0.744722  3.717866  1.067153     0.000581   -0.016879    0.003190  
     -0.893494  2.231301  4.162213    -0.001466   -0.009640    0.002009  
      1.080252  3.714951  5.859232    -0.002150    0.019519    0.001381  
      5.884769  2.231301  0.868832     0.001468   -0.009638   -0.002005  
     -5.657260  3.714951  9.080805     0.002150    0.019525   -0.001383  
     -5.622992  0.751199  9.034813     0.001684   -0.011753   -0.000810  
      5.872018  5.211349  0.883773     0.003535   -0.016330   -0.000504  
      1.045985  0.751199  5.905223    -0.001683   -0.011743    0.000808  
     -0.880743  5.211349  4.147272    -0.003532   -0.016323    0.000506  
     -2.769217  2.226426  3.943002    -0.021710    0.030341   -0.004172  
      3.011632  3.713986  5.983550    -0.000055   -0.051598   -0.000596  
      7.760492  2.226426  1.088042     0.021721    0.030342    0.004173  
     -7.588639  3.713986  8.956487     0.000050   -0.051628    0.000599  
     -7.576192  0.750830  8.935375    -0.007633    0.097906    0.000511  
      7.754048  5.219232  1.061863    -0.025016    0.047703   -0.006518  
      2.999184  0.750830  6.004661     0.007616    0.097871   -0.000510  
     -2.762772  5.219232  3.969182     0.025003    0.047667    0.006514  
      0.545699  2.153908  0.921023     0.006287    0.026832   -0.028511  
     -0.381056  3.715882  9.101385    -0.001659    0.032451   -0.003866  
      4.445577  2.153908  4.110021    -0.006280    0.026805    0.028493  
     -4.195951  3.715882  5.838651     0.001658    0.032446    0.003892  
     -4.142312  0.755782  5.906023    -0.000409   -0.020041   -0.005254  
      4.456348  5.276942  4.098732     0.003120    0.013009    0.006710  
     -0.434695  0.755782  9.034013     0.000407   -0.020052    0.005260  
      0.534927  5.276942  0.932312    -0.003121    0.013003   -0.006725  
     -5.357135  2.249107  7.858822    -0.011565   -0.016784    0.005616  
      5.591648  3.718102  2.065344    -0.000776    0.039304   -0.001505  
      0.780128  2.249107  7.081214     0.011569   -0.016779   -0.005614  
     -0.600373  3.718102  2.965700     0.000775    0.039306    0.001507  
     -0.584070  0.753413  2.941938    -0.001105    0.036540   -0.004489  
      0.762384  5.187597  7.091402    -0.009212   -0.020537    0.006880  
      5.575345  0.753413  2.089107     0.001101    0.036556    0.004483  
     -5.339391  5.187597  7.848634     0.009213   -0.020526   -0.006884  
      3.936596  2.205034  0.451134    -0.022506   -0.010002    0.007192  
     -3.610877  3.710940  9.477450    -0.001921    0.002368    0.001766  
      1.054679  2.205034  4.579910     0.022493   -0.009998   -0.007180  
     -0.966130  3.710940  5.462586     0.001920    0.002369   -0.001775  
     -0.985568  0.756560  5.481490     0.000229    0.015977   -0.004457  
      1.064814  5.231939  4.591173    -0.008630    0.001367   -0.003021  
     -3.591439  0.756560  9.458547    -0.000226    0.015977    0.004452  
      3.926461  5.231939  0.439871     0.008632    0.001378    0.003025  
     -2.288504  2.009897  7.470018     0.000002    0.001980   -0.000000  
 
  33 f  =   14.955956 THz    93.971041 2PiTHz  498.876983 cm-1    61.852835 meV
             X         Y         Z           dx          dy          dz
      2.495638  0.754101  2.515522    -0.000211    0.000000   -0.001003  
     -2.288504  5.057401  7.470018    -0.001094   -0.000000   -0.000396  
     -0.811180  0.753328  1.006346     0.010103   -0.002221    0.014685  
      0.967554  5.208194  8.989727     0.004470   -0.001541    0.008433  
      5.802455  0.753328  4.024698     0.010131    0.002217    0.014671  
     -5.544561  5.208194  5.950309     0.004492    0.001530    0.008417  
     -5.528641  2.227715  5.962511     0.008161   -0.001598    0.006772  
      5.735997  3.717866  3.963892     0.011959    0.004674    0.013635  
      0.951634  2.227715  8.977526     0.008137    0.001607    0.006790  
     -0.744722  3.717866  1.067153     0.011928   -0.004675    0.013643  
     -0.893494  2.231301  4.162213    -0.007731   -0.006617   -0.010343  
      1.080252  3.714951  5.859232    -0.002978   -0.004628    0.006828  
      5.884769  2.231301  0.868832    -0.007725    0.006600   -0.010328  
     -5.657260  3.714951  9.080805    -0.002970    0.004622    0.006844  
     -5.622992  0.751199  9.034813    -0.003962    0.003106    0.013167  
      5.872018  5.211349  0.883773    -0.004463   -0.006506   -0.011451  
      1.045985  0.751199  5.905223    -0.003977   -0.003104    0.013156  
     -0.880743  5.211349  4.147272    -0.004472    0.006514   -0.011465  
     -2.769217  2.226426  3.943002    -0.003419    0.017994   -0.003437  
      3.011632  3.713986  5.983550     0.034033    0.012092   -0.008366  
      7.760492  2.226426  1.088042    -0.003396   -0.017939   -0.003435  
     -7.588639  3.713986  8.956487     0.034026   -0.012085   -0.008357  
     -7.576192  0.750830  8.935375     0.021456    0.003223   -0.012055  
      7.754048  5.219232  1.061863    -0.009785    0.034026   -0.004024  
      2.999184  0.750830  6.004661     0.021443   -0.003226   -0.012069  
     -2.762772  5.219232  3.969182    -0.009813   -0.034071   -0.004021  
      0.545699  2.153908  0.921023    -0.022525    0.007141    0.026366  
     -0.381056  3.715882  9.101385    -0.031107    0.007983   -0.072277  
      4.445577  2.153908  4.110021    -0.022594   -0.007159    0.026462  
     -4.195951  3.715882  5.838651    -0.031173   -0.007985   -0.072275  
     -4.142312  0.755782  5.906023    -0.027358    0.009621   -0.071534  
      4.456348  5.276942  4.098732    -0.019394   -0.008301    0.014466  
     -0.434695  0.755782  9.034013    -0.027311   -0.009615   -0.071502  
      0.534927  5.276942  0.932312    -0.019326    0.008321    0.014374  
     -5.357135  2.249107  7.858822    -0.015529    0.000734    0.000346  
      5.591648  3.718102  2.065344     0.004641   -0.014847    0.002907  
      0.780128  2.249107  7.081214    -0.015523   -0.000734    0.000344  
     -0.600373  3.718102  2.965700     0.004636    0.014864    0.002894  
     -0.584070  0.753413  2.941938     0.006319   -0.012703    0.004412  
      0.762384  5.187597  7.091402    -0.016479    0.026920    0.000441  
      5.575345  0.753413  2.089107     0.006310    0.012717    0.004453  
     -5.339391  5.187597  7.848634    -0.016483   -0.026907    0.000433  
      3.936596  2.205034  0.451134     0.019287   -0.017125   -0.038894  
     -3.610877  3.710940  9.477450    -0.000620   -0.010131    0.030904  
      1.054679  2.205034  4.579910     0.019336    0.017145   -0.038876  
     -0.966130  3.710940  5.462586    -0.000639    0.010163    0.030972  
     -0.985568  0.756560  5.481490     0.005662   -0.008777    0.034044  
      1.064814  5.231939  4.591173     0.012497   -0.010290   -0.039159  
     -3.591439  0.756560  9.458547     0.005671    0.008755    0.033977  
      3.926461  5.231939  0.439871     0.012450    0.010272   -0.039183  
     -2.288504  2.009897  7.470018    -0.024538   -0.000001   -0.006309  
 
  34 f  =   14.915677 THz    93.717963 2PiTHz  497.533430 cm-1    61.686256 meV
             X         Y         Z           dx          dy          dz
      2.495638  0.754101  2.515522    -0.000148   -0.000000   -0.000188  
     -2.288504  5.057401  7.470018    -0.000279   -0.000000   -0.000221  
     -0.811180  0.753328  1.006346     0.001018    0.008121    0.001385  
      0.967554  5.208194  8.989727     0.014891    0.007525   -0.003874  
      5.802455  0.753328  4.024698     0.001042   -0.008125    0.001376  
     -5.544561  5.208194  5.950309     0.014910   -0.007535   -0.003879  
     -5.528641  2.227715  5.962511    -0.004915   -0.008428    0.007520  
      5.735997  3.717866  3.963892     0.000373   -0.012985    0.006222  
      0.951634  2.227715  8.977526    -0.004928    0.008431    0.007532  
     -0.744722  3.717866  1.067153     0.000346    0.012980    0.006225  
     -0.893494  2.231301  4.162213    -0.001718    0.006277   -0.000752  
      1.080252  3.714951  5.859232    -0.000278    0.022048   -0.001731  
      5.884769  2.231301  0.868832    -0.001711   -0.006298   -0.000739  
     -5.657260  3.714951  9.080805    -0.000272   -0.022047   -0.001724  
     -5.622992  0.751199  9.034813    -0.000974    0.014088   -0.000694  
      5.872018  5.211349  0.883773    -0.000028   -0.003932    0.003956  
      1.045985  0.751199  5.905223    -0.000986   -0.014095   -0.000700  
     -0.880743  5.211349  4.147272    -0.000034    0.003934    0.003947  
     -2.769217  2.226426  3.943002    -0.021944    0.020015   -0.004413  
      3.011632  3.713986  5.983550    -0.005508   -0.057790   -0.002194  
      7.760492  2.226426  1.088042    -0.021919   -0.019963   -0.004410  
     -7.588639  3.713986  8.956487    -0.005518    0.057777   -0.002184  
     -7.576192  0.750830  8.935375    -0.001266   -0.100073   -0.002112  
      7.754048  5.219232  1.061863     0.027365   -0.020957    0.003566  
      2.999184  0.750830  6.004661    -0.001268    0.100103   -0.002128  
     -2.762772  5.219232  3.969182     0.027347    0.020919    0.003573  
      0.545699  2.153908  0.921023    -0.007950   -0.023037    0.009711  
     -0.381056  3.715882  9.101385    -0.009965   -0.030395   -0.035681  
      4.445577  2.153908  4.110021    -0.008011    0.023019    0.009786  
     -4.195951  3.715882  5.838651    -0.010011    0.030407   -0.035696  
     -4.142312  0.755782  5.906023    -0.009759   -0.023165   -0.019594  
      4.456348  5.276942  4.098732     0.008471    0.012481    0.017831  
     -0.434695  0.755782  9.034013    -0.009721    0.023163   -0.019554  
      0.534927  5.276942  0.932312     0.008532   -0.012464    0.017760  
     -5.357135  2.249107  7.858822    -0.002855    0.025883   -0.012619  
      5.591648  3.718102  2.065344    -0.002530    0.051559    0.002285  
      0.780128  2.249107  7.081214    -0.002844   -0.025874   -0.012625  
     -0.600373  3.718102  2.965700    -0.002533   -0.051535    0.002277  
     -0.584070  0.753413  2.941938     0.000064    0.005251    0.011346  
      0.762384  5.187597  7.091402    -0.000282   -0.013177    0.003693  
      5.575345  0.753413  2.089107     0.000054   -0.005207    0.011378  
     -5.339391  5.187597  7.848634    -0.000285    0.013181    0.003681  
      3.936596  2.205034  0.451134     0.026034    0.004855   -0.004069  
     -3.610877  3.710940  9.477450     0.000865    0.012525   -0.013657  
      1.054679  2.205034  4.579910     0.026082   -0.004834   -0.004067  
     -0.966130  3.710940  5.462586     0.000845   -0.012493   -0.013603  
     -0.985568  0.756560  5.481490    -0.001006    0.001796   -0.011644  
      1.064814  5.231939  4.591173    -0.024661    0.002774    0.020028  
     -3.591439  0.756560  9.458547    -0.001004   -0.001815   -0.011695  
      3.926461  5.231939  0.439871    -0.024693   -0.002788    0.020013  
     -2.288504  2.009897  7.470018    -0.008806   -0.000001   -0.009415  
 
  35 f  =   14.855123 THz    93.337492 2PiTHz  495.513572 cm-1    61.435825 meV
             X         Y         Z           dx          dy          dz
      2.495638  0.754101  2.515522    -0.000000    0.000070    0.000001  
     -2.288504  5.057401  7.470018     0.000000   -0.000100   -0.000001  
     -0.811180  0.753328  1.006346    -0.019587    0.000617    0.005745  
      0.967554  5.208194  8.989727    -0.011936   -0.006795    0.003460  
      5.802455  0.753328  4.024698     0.019577    0.000635   -0.005752  
     -5.544561  5.208194  5.950309     0.011958   -0.006786   -0.003453  
     -5.528641  2.227715  5.962511     0.012824    0.001623   -0.002938  
      5.735997  3.717866  3.963892     0.020388    0.003156    0.000424  
      0.951634  2.227715  8.977526    -0.012762    0.001604    0.002928  
     -0.744722  3.717866  1.067153    -0.020400    0.003134   -0.000432  
     -0.893494  2.231301  4.162213    -0.004239   -0.010321   -0.010752  
      1.080252  3.714951  5.859232    -0.002657   -0.004924   -0.005557  
      5.884769  2.231301  0.868832     0.004246   -0.010327    0.010815  
     -5.657260  3.714951  9.080805     0.002659   -0.004901    0.005523  
     -5.622992  0.751199  9.034813     0.007524   -0.000537    0.004510  
      5.872018  5.211349  0.883773     0.004082    0.008331    0.008444  
      1.045985  0.751199  5.905223    -0.007519   -0.000503   -0.004552  
     -0.880743  5.211349  4.147272    -0.004071    0.008330   -0.008400  
     -2.769217  2.226426  3.943002    -0.012218    0.025901    0.000211  
      3.011632  3.713986  5.983550     0.006452    0.009098   -0.008519  
      7.760492  2.226426  1.088042     0.012305    0.025981   -0.000209  
     -7.588639  3.713986  8.956487    -0.006592    0.008986    0.008522  
     -7.576192  0.750830  8.935375     0.001461    0.006898    0.012697  
      7.754048  5.219232  1.061863     0.014697   -0.039002   -0.003233  
      2.999184  0.750830  6.004661    -0.001607    0.006680   -0.012686  
     -2.762772  5.219232  3.969182    -0.014735   -0.039019    0.003210  
      0.545699  2.153908  0.921023     0.052914   -0.012176   -0.048706  
     -0.381056  3.715882  9.101385     0.036462   -0.001638    0.026799  
      4.445577  2.153908  4.110021    -0.052844   -0.012205    0.048686  
     -4.195951  3.715882  5.838651    -0.036515   -0.001699   -0.026746  
     -4.142312  0.755782  5.906023    -0.030205    0.004795   -0.035146  
      4.456348  5.276942  4.098732    -0.043341    0.004503    0.054250  
     -0.434695  0.755782  9.034013     0.030167    0.004741    0.035161  
      0.534927  5.276942  0.932312     0.043331    0.004545   -0.054245  
     -5.357135  2.249107  7.858822    -0.006109    0.011346    0.002048  
      5.591648  3.718102  2.065344     0.001338    0.001969    0.005796  
      0.780128  2.249107  7.081214     0.006147    0.011347   -0.002056  
     -0.600373  3.718102  2.965700    -0.001361    0.002024   -0.005779  
     -0.584070  0.753413  2.941938     0.005964    0.006365   -0.027259  
      0.762384  5.187597  7.091402     0.003558    0.005731    0.007938  
      5.575345  0.753413  2.089107    -0.005994    0.006411    0.027327  
     -5.339391  5.187597  7.848634    -0.003517    0.005741   -0.008003  
      3.936596  2.205034  0.451134    -0.030367    0.017143   -0.007482  
     -3.610877  3.710940  9.477450     0.014831    0.022836   -0.042877  
      1.054679  2.205034  4.579910     0.030260    0.017118    0.007679  
     -0.966130  3.710940  5.462586    -0.014804    0.022778    0.042651  
     -0.985568  0.756560  5.481490    -0.001556   -0.017380    0.041968  
      1.064814  5.231939  4.591173     0.021412   -0.015381    0.010808  
     -3.591439  0.756560  9.458547     0.001557   -0.017432   -0.042190  
      3.926461  5.231939  0.439871    -0.021396   -0.015388   -0.010639  
     -2.288504  2.009897  7.470018     0.000021   -0.001969   -0.000027  
 
  36 f  =   14.823931 THz    93.141504 2PiTHz  494.473103 cm-1    61.306824 meV
             X         Y         Z           dx          dy          dz
      2.495638  0.754101  2.515522    -0.000332   -0.000000   -0.000172  
     -2.288504  5.057401  7.470018    -0.000526    0.000000   -0.000969  
     -0.811180  0.753328  1.006346     0.000587   -0.005112    0.004580  
      0.967554  5.208194  8.989727     0.013693    0.000881    0.005010  
      5.802455  0.753328  4.024698     0.000530    0.005112    0.004595  
     -5.544561  5.208194  5.950309     0.013653   -0.000861    0.005020  
     -5.528641  2.227715  5.962511     0.021679    0.001775    0.002916  
      5.735997  3.717866  3.963892     0.001638    0.003502    0.008081  
      0.951634  2.227715  8.977526     0.021716   -0.001778    0.002905  
     -0.744722  3.717866  1.067153     0.001698   -0.003508    0.008081  
     -0.893494  2.231301  4.162213    -0.002045    0.007867    0.014517  
      1.080252  3.714951  5.859232    -0.001108    0.000921   -0.007686  
      5.884769  2.231301  0.868832    -0.002056   -0.007834    0.014488  
     -5.657260  3.714951  9.080805    -0.001116   -0.000911   -0.007706  
     -5.622992  0.751199  9.034813    -0.001567   -0.009166   -0.007079  
      5.872018  5.211349  0.883773     0.001183   -0.010240    0.010770  
      1.045985  0.751199  5.905223    -0.001546    0.009170   -0.007063  
     -0.880743  5.211349  4.147272     0.001193    0.010221    0.010793  
     -2.769217  2.226426  3.943002     0.019027   -0.013624   -0.002121  
      3.011632  3.713986  5.983550    -0.028416    0.023732   -0.003776  
      7.760492  2.226426  1.088042     0.018988    0.013542   -0.002122  
     -7.588639  3.713986  8.956487    -0.028396   -0.023742   -0.003801  
     -7.576192  0.750830  8.935375    -0.030872    0.036195   -0.002084  
      7.754048  5.219232  1.061863    -0.008473    0.023020   -0.008665  
      2.999184  0.750830  6.004661    -0.030869   -0.036238   -0.002049  
     -2.762772  5.219232  3.969182    -0.008438   -0.022906   -0.008674  
      0.545699  2.153908  0.921023     0.008904    0.006696    0.007639  
     -0.381056  3.715882  9.101385    -0.035231    0.009717   -0.039414  
      4.445577  2.153908  4.110021     0.009066   -0.006663    0.007496  
     -4.195951  3.715882  5.838651    -0.035120   -0.009720   -0.039341  
     -4.142312  0.755782  5.906023    -0.029155    0.015164   -0.034654  
      4.456348  5.276942  4.098732    -0.005264   -0.012233    0.019375  
     -0.434695  0.755782  9.034013    -0.029250   -0.015174   -0.034748  
      0.534927  5.276942  0.932312    -0.005390    0.012220    0.019533  
     -5.357135  2.249107  7.858822     0.002996    0.020024   -0.005453  
      5.591648  3.718102  2.065344    -0.006497    0.020613    0.007819  
      0.780128  2.249107  7.081214     0.002978   -0.020046   -0.005444  
     -0.600373  3.718102  2.965700    -0.006492   -0.020636    0.007838  
     -0.584070  0.753413  2.941938    -0.006208   -0.035409    0.025518  
      0.762384  5.187597  7.091402     0.005136   -0.009842   -0.020477  
      5.575345  0.753413  2.089107    -0.006190    0.035382    0.025439  
     -5.339391  5.187597  7.848634     0.005144    0.009824   -0.020453  
      3.936596  2.205034  0.451134    -0.017383    0.004032    0.042042  
     -3.610877  3.710940  9.477450     0.010901    0.021256   -0.063696  
      1.054679  2.205034  4.579910    -0.017463   -0.004085    0.042015  
     -0.966130  3.710940  5.462586     0.010940   -0.021320   -0.063810  
     -0.985568  0.756560  5.481490     0.005254    0.009094   -0.057323  
      1.064814  5.231939  4.591173     0.002335   -0.006783    0.038663  
     -3.591439  0.756560  9.458547     0.005254   -0.009047   -0.057203  
      3.926461  5.231939  0.439871     0.002381    0.006829    0.038702  
     -2.288504  2.009897  7.470018    -0.002006    0.000002   -0.024213  
 
  37 f  =   14.770705 THz    92.807074 2PiTHz  492.697673 cm-1    61.086699 meV
             X         Y         Z           dx          dy          dz
      2.495638  0.754101  2.515522    -0.000208    0.000000   -0.000049  
     -2.288504  5.057401  7.470018     0.000018    0.000000   -0.000601  
     -0.811180  0.753328  1.006346     0.001131   -0.001273    0.002283  
      0.967554  5.208194  8.989727     0.008413   -0.007265   -0.001362  
      5.802455  0.753328  4.024698     0.001115    0.001270    0.002288  
     -5.544561  5.208194  5.950309     0.008407    0.007273   -0.001364  
     -5.528641  2.227715  5.962511     0.006075    0.003283    0.001476  
      5.735997  3.717866  3.963892    -0.000308    0.006602    0.000208  
      0.951634  2.227715  8.977526     0.006088   -0.003283    0.001477  
     -0.744722  3.717866  1.067153    -0.000293   -0.006602    0.000209  
     -0.893494  2.231301  4.162213    -0.001011   -0.025509    0.005916  
      1.080252  3.714951  5.859232    -0.000403   -0.003180   -0.004720  
      5.884769  2.231301  0.868832    -0.001013    0.025536    0.005906  
     -5.657260  3.714951  9.080805    -0.000401    0.003199   -0.004727  
     -5.622992  0.751199  9.034813    -0.000802    0.018343   -0.003484  
      5.872018  5.211349  0.883773     0.000421    0.023760    0.004231  
      1.045985  0.751199  5.905223    -0.000800   -0.018333   -0.003479  
     -0.880743  5.211349  4.147272     0.000418   -0.023747    0.004238  
     -2.769217  2.226426  3.943002    -0.005256    0.007678   -0.002585  
      3.011632  3.713986  5.983550    -0.012578   -0.021625   -0.000612  
      7.760492  2.226426  1.088042    -0.005251   -0.007678   -0.002583  
     -7.588639  3.713986  8.956487    -0.012583    0.021588   -0.000619  
     -7.576192  0.750830  8.935375    -0.012831   -0.011088   -0.001409  
      7.754048  5.219232  1.061863     0.011530   -0.014308   -0.001717  
      2.999184  0.750830  6.004661    -0.012827    0.011117   -0.001402  
     -2.762772  5.219232  3.969182     0.011550    0.014350   -0.001717  
      0.545699  2.153908  0.921023    -0.002359   -0.006977    0.018737  
     -0.381056  3.715882  9.101385    -0.015884    0.012654   -0.004382  
      4.445577  2.153908  4.110021    -0.002324    0.006995    0.018723  
     -4.195951  3.715882  5.838651    -0.015856   -0.012646   -0.004352  
     -4.142312  0.755782  5.906023    -0.010300   -0.007680   -0.019888  
      4.456348  5.276942  4.098732     0.002620   -0.004027    0.002872  
     -0.434695  0.755782  9.034013    -0.010320    0.007664   -0.019892  
      0.534927  5.276942  0.932312     0.002577    0.004042    0.002896  
     -5.357135  2.249107  7.858822     0.001768   -0.023857   -0.009436  
      5.591648  3.718102  2.065344    -0.002209   -0.093314    0.003693  
      0.780128  2.249107  7.081214     0.001773    0.023813   -0.009432  
     -0.600373  3.718102  2.965700    -0.002208    0.093235    0.003702  
     -0.584070  0.753413  2.941938    -0.002692    0.082155    0.013664  
      0.762384  5.187597  7.091402     0.003850    0.048376   -0.000744  
      5.575345  0.753413  2.089107    -0.002687   -0.082237    0.013650  
     -5.339391  5.187597  7.848634     0.003856   -0.048429   -0.000738  
      3.936596  2.205034  0.451134     0.003985   -0.004839    0.015014  
     -3.610877  3.710940  9.477450     0.000630   -0.010024   -0.019580  
      1.054679  2.205034  4.579910     0.003980    0.004812    0.015007  
     -0.966130  3.710940  5.462586     0.000643    0.009989   -0.019608  
     -0.985568  0.756560  5.481490     0.002238    0.022552   -0.031726  
      1.064814  5.231939  4.591173    -0.007903    0.015088    0.027423  
     -3.591439  0.756560  9.458547     0.002232   -0.022548   -0.031690  
      3.926461  5.231939  0.439871    -0.007895   -0.015084    0.027444  
     -2.288504  2.009897  7.470018    -0.001238   -0.000003   -0.010001  
 
  38 f  =   14.683850 THz    92.261349 2PiTHz  489.800507 cm-1    60.727496 meV
             X         Y         Z           dx          dy          dz
      2.495638  0.754101  2.515522    -0.000000    0.000077   -0.000000  
     -2.288504  5.057401  7.470018    -0.000000   -0.000563   -0.000000  
     -0.811180  0.753328  1.006346     0.002486    0.001092   -0.001169  
      0.967554  5.208194  8.989727     0.004622   -0.012918   -0.002823  
      5.802455  0.753328  4.024698    -0.002485    0.001094    0.001171  
     -5.544561  5.208194  5.950309    -0.004618   -0.012919    0.002824  
     -5.528641  2.227715  5.962511     0.001010   -0.011439    0.005120  
      5.735997  3.717866  3.963892    -0.003734   -0.001388    0.006146  
      0.951634  2.227715  8.977526    -0.001004   -0.011435   -0.005121  
     -0.744722  3.717866  1.067153     0.003733   -0.001396   -0.006144  
     -0.893494  2.231301  4.162213     0.000222   -0.022907   -0.000743  
      1.080252  3.714951  5.859232     0.002297   -0.018920   -0.000103  
      5.884769  2.231301  0.868832    -0.000222   -0.022882    0.000748  
     -5.657260  3.714951  9.080805    -0.002297   -0.018914    0.000099  
     -5.622992  0.751199  9.034813    -0.001143   -0.011469   -0.000357  
      5.872018  5.211349  0.883773    -0.002810   -0.019794   -0.000359  
      1.045985  0.751199  5.905223     0.001141   -0.011478    0.000355  
     -0.880743  5.211349  4.147272     0.002810   -0.019815    0.000362  
     -2.769217  2.226426  3.943002     0.011257   -0.021988    0.001239  
      3.011632  3.713986  5.983550    -0.000404    0.059293   -0.000484  
      7.760492  2.226426  1.088042    -0.011260   -0.021993   -0.001240  
     -7.588639  3.713986  8.956487     0.000395    0.059277    0.000484  
     -7.576192  0.750830  8.935375    -0.003245    0.006482   -0.002080  
      7.754048  5.219232  1.061863     0.004740   -0.010221    0.001629  
      2.999184  0.750830  6.004661     0.003240    0.006502    0.002079  
     -2.762772  5.219232  3.969182    -0.004736   -0.010213   -0.001631  
      0.545699  2.153908  0.921023    -0.009501   -0.008635    0.020165  
     -0.381056  3.715882  9.101385    -0.004782    0.003308    0.024395  
      4.445577  2.153908  4.110021     0.009498   -0.008628   -0.020142  
     -4.195951  3.715882  5.838651     0.004768    0.003297   -0.024411  
     -4.142312  0.755782  5.906023     0.002364    0.015577    0.005236  
      4.456348  5.276942  4.098732     0.007299   -0.017003   -0.005412  
     -0.434695  0.755782  9.034013    -0.002370    0.015577   -0.005257  
      0.534927  5.276942  0.932312    -0.007294   -0.016996    0.005414  
     -5.357135  2.249107  7.858822     0.004513    0.042894    0.000209  
      5.591648  3.718102  2.065344    -0.002571    0.083713    0.000220  
      0.780128  2.249107  7.081214    -0.004513    0.042904   -0.000213  
     -0.600373  3.718102  2.965700     0.002570    0.083802   -0.000217  
     -0.584070  0.753413  2.941938    -0.002506    0.078619    0.003931  
      0.762384  5.187597  7.091402     0.003336    0.050315    0.002870  
      5.575345  0.753413  2.089107     0.002505    0.078545   -0.003917  
     -5.339391  5.187597  7.848634    -0.003333    0.050280   -0.002874  
      3.936596  2.205034  0.451134     0.013665    0.012054    0.001982  
     -3.610877  3.710940  9.477450     0.001489    0.024042   -0.003937  
      1.054679  2.205034  4.579910    -0.013668    0.012055   -0.001968  
     -0.966130  3.710940  5.462586    -0.001489    0.024055    0.003922  
     -0.985568  0.756560  5.481490     0.001718    0.012413   -0.002712  
      1.064814  5.231939  4.591173    -0.002255    0.005404    0.003114  
     -3.591439  0.756560  9.458547    -0.001714    0.012391    0.002685  
      3.926461  5.231939  0.439871     0.002252    0.005395   -0.003098  
     -2.288504  2.009897  7.470018    -0.000001    0.006256   -0.000004  
 
  39 f  =   14.600783 THz    91.739424 2PiTHz  487.029690 cm-1    60.383959 meV
             X         Y         Z           dx          dy          dz
      2.495638  0.754101  2.515522     0.000053    0.000001    0.000023  
     -2.288504  5.057401  7.470018    -0.000014   -0.000000    0.000236  
     -0.811180  0.753328  1.006346    -0.002597   -0.006358    0.000492  
      0.967554  5.208194  8.989727     0.001223   -0.027594   -0.001129  
      5.802455  0.753328  4.024698    -0.002604    0.006233    0.000488  
     -5.544561  5.208194  5.950309     0.001175    0.026979   -0.001214  
     -5.528641  2.227715  5.962511    -0.001973    0.029623    0.005446  
      5.735997  3.717866  3.963892     0.000759   -0.001762    0.003904  
      0.951634  2.227715  8.977526    -0.001979   -0.030274    0.005402  
     -0.744722  3.717866  1.067153     0.000779    0.001872    0.003971  
     -0.893494  2.231301  4.162213    -0.001798    0.003759   -0.001843  
      1.080252  3.714951  5.859232     0.000039    0.011845    0.000382  
      5.884769  2.231301  0.868832    -0.001888   -0.003486   -0.001866  
     -5.657260  3.714951  9.080805     0.000039   -0.012043    0.000377  
     -5.622992  0.751199  9.034813     0.000364    0.000873    0.002449  
      5.872018  5.211349  0.883773     0.002831   -0.002895    0.001315  
      1.045985  0.751199  5.905223     0.000370   -0.000782    0.002476  
     -0.880743  5.211349  4.147272     0.002723    0.003096    0.001283  
     -2.769217  2.226426  3.943002    -0.004192    0.000532   -0.000404  
      3.011632  3.713986  5.983550     0.003259   -0.119034    0.001512  
      7.760492  2.226426  1.088042    -0.004199   -0.000443   -0.000450  
     -7.588639  3.713986  8.956487     0.003288    0.121638    0.001526  
     -7.576192  0.750830  8.935375     0.000351    0.087916   -0.000755  
      7.754048  5.219232  1.061863     0.002429    0.014005    0.000253  
      2.999184  0.750830  6.004661     0.000383   -0.085827   -0.000734  
     -2.762772  5.219232  3.969182     0.002438   -0.013784    0.000214  
      0.545699  2.153908  0.921023     0.002574    0.004409   -0.018291  
     -0.381056  3.715882  9.101385    -0.002856    0.009671   -0.011135  
      4.445577  2.153908  4.110021     0.002556   -0.004326   -0.018123  
     -4.195951  3.715882  5.838651    -0.002739   -0.009527   -0.010867  
     -4.142312  0.755782  5.906023     0.004841   -0.026975    0.000192  
      4.456348  5.276942  4.098732     0.004821    0.005229    0.001851  
     -0.434695  0.755782  9.034013     0.004885    0.027541    0.000172  
      0.534927  5.276942  0.932312     0.004739   -0.005110    0.001999  
     -5.357135  2.249107  7.858822    -0.003048    0.006894   -0.004064  
      5.591648  3.718102  2.065344    -0.001003    0.017503   -0.002093  
      0.780128  2.249107  7.081214    -0.003105   -0.007147   -0.003925  
     -0.600373  3.718102  2.965700    -0.001007   -0.018386   -0.002084  
     -0.584070  0.753413  2.941938     0.000666    0.006026   -0.002097  
      0.762384  5.187597  7.091402    -0.000137    0.002190    0.005031  
      5.575345  0.753413  2.089107     0.000676   -0.007044   -0.002105  
     -5.339391  5.187597  7.848634    -0.000147   -0.002333    0.005186  
      3.936596  2.205034  0.451134     0.007463   -0.003970   -0.008963  
     -3.610877  3.710940  9.477450     0.000796    0.010772   -0.002900  
      1.054679  2.205034  4.579910     0.007247    0.003858   -0.008717  
     -0.966130  3.710940  5.462586     0.000865   -0.011048   -0.002961  
     -0.985568  0.756560  5.481490    -0.001801   -0.004909    0.007682  
      1.064814  5.231939  4.591173    -0.009055   -0.001085   -0.005173  
     -3.591439  0.756560  9.458547    -0.001748    0.004957    0.007652  
      3.926461  5.231939  0.439871    -0.009339    0.000940   -0.004839  
     -2.288504  2.009897  7.470018    -0.003587   -0.000006   -0.000222  
 
  40 f  =   14.599891 THz    91.733821 2PiTHz  486.999944 cm-1    60.380271 meV
             X         Y         Z           dx          dy          dz
      2.495638  0.754101  2.515522     0.000001   -0.000051    0.000000  
     -2.288504  5.057401  7.470018    -0.000000    0.000003    0.000003  
     -0.811180  0.753328  1.006346    -0.000367    0.005171    0.000024  
      0.967554  5.208194  8.989727    -0.002148    0.025253   -0.003177  
      5.802455  0.753328  4.024698     0.000303    0.005321   -0.000011  
     -5.544561  5.208194  5.950309     0.002178    0.025904    0.003150  
     -5.528641  2.227715  5.962511    -0.000116    0.027859   -0.002005  
      5.735997  3.717866  3.963892     0.001018   -0.004663    0.002458  
      0.951634  2.227715  8.977526     0.000072    0.027146    0.002133  
     -0.744722  3.717866  1.067153    -0.001003   -0.004623   -0.002364  
     -0.893494  2.231301  4.162213    -0.003901   -0.011663   -0.000833  
      1.080252  3.714951  5.859232    -0.000050    0.008149   -0.000273  
      5.884769  2.231301  0.868832     0.003858   -0.011743    0.000792  
     -5.657260  3.714951  9.080805     0.000051    0.007869    0.000282  
     -5.622992  0.751199  9.034813     0.000399   -0.003973    0.001056  
      5.872018  5.211349  0.883773    -0.004376   -0.008897   -0.001353  
      1.045985  0.751199  5.905223    -0.000390   -0.003993   -0.000999  
     -0.880743  5.211349  4.147272     0.004441   -0.008836    0.001386  
     -2.769217  2.226426  3.943002    -0.000466   -0.003810   -0.001867  
      3.011632  3.713986  5.983550     0.001056   -0.110551    0.000590  
      7.760492  2.226426  1.088042     0.000371   -0.003817    0.001857  
     -7.588639  3.713986  8.956487    -0.000986   -0.107696   -0.000553  
     -7.576192  0.750830  8.935375     0.001730   -0.086891    0.000702  
      7.754048  5.219232  1.061863     0.000706   -0.009704   -0.001452  
      2.999184  0.750830  6.004661    -0.001723   -0.088965   -0.000718  
     -2.762772  5.219232  3.969182    -0.000648   -0.010026    0.001455  
      0.545699  2.153908  0.921023    -0.000455   -0.003877    0.006653  
     -0.381056  3.715882  9.101385     0.005326   -0.005982    0.009078  
      4.445577  2.153908  4.110021     0.000522   -0.003981   -0.007090  
     -4.195951  3.715882  5.838651    -0.005395   -0.006213   -0.009337  
     -4.142312  0.755782  5.906023     0.001791   -0.024106   -0.000005  
      4.456348  5.276942  4.098732    -0.003511   -0.004513    0.006753  
     -0.434695  0.755782  9.034013    -0.001680   -0.023460    0.000009  
      0.534927  5.276942  0.932312     0.003632   -0.004633   -0.006717  
     -5.357135  2.249107  7.858822    -0.002412    0.010616    0.005763  
      5.591648  3.718102  2.065344    -0.000061    0.038972    0.000501  
      0.780128  2.249107  7.081214     0.002340    0.010456   -0.005857  
     -0.600373  3.718102  2.965700     0.000036    0.038576   -0.000551  
     -0.584070  0.753413  2.941938     0.000552    0.043705   -0.000243  
      0.762384  5.187597  7.091402    -0.000284    0.007521    0.006312  
      5.575345  0.753413  2.089107    -0.000536    0.043524    0.000195  
     -5.339391  5.187597  7.848634     0.000283    0.007457   -0.006193  
      3.936596  2.205034  0.451134    -0.009142    0.004678    0.010186  
     -3.610877  3.710940  9.477450     0.002783    0.011664   -0.002295  
      1.054679  2.205034  4.579910     0.009308    0.004767   -0.010390  
     -0.966130  3.710940  5.462586    -0.002761    0.011406    0.002215  
     -0.985568  0.756560  5.481490     0.002091   -0.001628   -0.001450  
      1.064814  5.231939  4.591173    -0.011107    0.006618    0.013696  
     -3.591439  0.756560  9.458547    -0.002133   -0.001521    0.001622  
      3.926461  5.231939  0.439871     0.010890    0.006637   -0.013812  
     -2.288504  2.009897  7.470018    -0.000042    0.000573   -0.000004  
 
  41 f  =   14.453371 THz    90.813210 2PiTHz  482.112569 cm-1    59.774313 meV
             X         Y         Z           dx          dy          dz
      2.495638  0.754101  2.515522    -0.000000   -0.000084    0.000000  
     -2.288504  5.057401  7.470018     0.000000    0.000058   -0.000000  
     -0.811180  0.753328  1.006346    -0.000426    0.002705    0.006482  
      0.967554  5.208194  8.989727    -0.003295   -0.009064    0.017659  
      5.802455  0.753328  4.024698     0.000436    0.002702   -0.006493  
     -5.544561  5.208194  5.950309     0.003295   -0.009075   -0.017666  
     -5.528641  2.227715  5.962511     0.005816    0.007464   -0.017707  
      5.735997  3.717866  3.963892     0.005984   -0.000859   -0.023100  
      0.951634  2.227715  8.977526    -0.005812    0.007473    0.017692  
     -0.744722  3.717866  1.067153    -0.005979   -0.000861    0.023082  
     -0.893494  2.231301  4.162213    -0.007400    0.003485    0.008106  
      1.080252  3.714951  5.859232    -0.006818   -0.002405   -0.003219  
      5.884769  2.231301  0.868832     0.007403    0.003491   -0.008103  
     -5.657260  3.714951  9.080805     0.006820   -0.002398    0.003212  
     -5.622992  0.751199  9.034813     0.007854   -0.006393   -0.005725  
      5.872018  5.211349  0.883773     0.004306   -0.009846   -0.007443  
      1.045985  0.751199  5.905223    -0.007850   -0.006389    0.005714  
     -0.880743  5.211349  4.147272    -0.004302   -0.009845    0.007441  
     -2.769217  2.226426  3.943002    -0.004750    0.000448   -0.002714  
      3.011632  3.713986  5.983550     0.003489    0.010293    0.002624  
      7.760492  2.226426  1.088042     0.004750    0.000448    0.002715  
     -7.588639  3.713986  8.956487    -0.003513    0.010241   -0.002625  
     -7.576192  0.750830  8.935375     0.012891   -0.011692   -0.007504  
      7.754048  5.219232  1.061863     0.013608   -0.015330    0.006034  
      2.999184  0.750830  6.004661    -0.012922   -0.011670    0.007503  
     -2.762772  5.219232  3.969182    -0.013614   -0.015327   -0.006031  
      0.545699  2.153908  0.921023     0.000905   -0.022884   -0.025005  
     -0.381056  3.715882  9.101385     0.019667   -0.001200   -0.109692  
      4.445577  2.153908  4.110021    -0.000933   -0.022880    0.025052  
     -4.195951  3.715882  5.838651    -0.019659   -0.001207    0.109755  
     -4.142312  0.755782  5.906023    -0.007163    0.005077    0.029771  
      4.456348  5.276942  4.098732    -0.015363    0.019923    0.030062  
     -0.434695  0.755782  9.034013     0.007165    0.005064   -0.029735  
      0.534927  5.276942  0.932312     0.015332    0.019922   -0.030049  
     -5.357135  2.249107  7.858822     0.004396   -0.022073    0.001025  
      5.591648  3.718102  2.065344     0.005663    0.009124    0.006855  
      0.780128  2.249107  7.081214    -0.004382   -0.022060   -0.001032  
     -0.600373  3.718102  2.965700    -0.005665    0.009143   -0.006845  
     -0.584070  0.753413  2.941938     0.006690    0.018224    0.006300  
      0.762384  5.187597  7.091402     0.005979    0.048142   -0.005289  
      5.575345  0.753413  2.089107    -0.006698    0.018233   -0.006296  
     -5.339391  5.187597  7.848634    -0.005970    0.048156    0.005290  
      3.936596  2.205034  0.451134    -0.015963   -0.007403    0.008364  
     -3.610877  3.710940  9.477450    -0.019307   -0.020068    0.026551  
      1.054679  2.205034  4.579910     0.015976   -0.007405   -0.008333  
     -0.966130  3.710940  5.462586     0.019288   -0.020051   -0.026545  
     -0.985568  0.756560  5.481490     0.004282    0.019405   -0.024948  
      1.064814  5.231939  4.591173     0.026196    0.022377   -0.006643  
     -3.591439  0.756560  9.458547    -0.004296    0.019409    0.024931  
      3.926461  5.231939  0.439871    -0.026190    0.022378    0.006688  
     -2.288504  2.009897  7.470018     0.000008   -0.005028    0.000003  
 
  42 f  =   14.338675 THz    90.092555 2PiTHz  478.286729 cm-1    59.299970 meV
             X         Y         Z           dx          dy          dz
      2.495638  0.754101  2.515522     0.000625    0.000000    0.000405  
     -2.288504  5.057401  7.470018    -0.000280    0.000000    0.000104  
     -0.811180  0.753328  1.006346    -0.018176   -0.003375    0.006237  
      0.967554  5.208194  8.989727    -0.003929    0.003482    0.012038  
      5.802455  0.753328  4.024698    -0.018176    0.003372    0.006236  
     -5.544561  5.208194  5.950309    -0.003922   -0.003490    0.012014  
     -5.528641  2.227715  5.962511    -0.003469   -0.003186    0.016378  
      5.735997  3.717866  3.963892    -0.009010   -0.001228    0.018537  
      0.951634  2.227715  8.977526    -0.003473    0.003189    0.016377  
     -0.744722  3.717866  1.067153    -0.009014    0.001231    0.018552  
     -0.893494  2.231301  4.162213    -0.000801    0.010643    0.009808  
      1.080252  3.714951  5.859232    -0.005245    0.000388    0.005372  
      5.884769  2.231301  0.868832    -0.000801   -0.010638    0.009797  
     -5.657260  3.714951  9.080805    -0.005239   -0.000401    0.005376  
     -5.622992  0.751199  9.034813    -0.000524    0.003371    0.008025  
      5.872018  5.211349  0.883773    -0.000764    0.015811    0.011336  
      1.045985  0.751199  5.905223    -0.000532   -0.003364    0.008028  
     -0.880743  5.211349  4.147272    -0.000773   -0.015814    0.011335  
     -2.769217  2.226426  3.943002     0.011885   -0.001114    0.000096  
      3.011632  3.713986  5.983550     0.013020    0.017870    0.007589  
      7.760492  2.226426  1.088042     0.011894    0.001114    0.000096  
     -7.588639  3.713986  8.956487     0.013015   -0.017869    0.007586  
     -7.576192  0.750830  8.935375     0.018320   -0.009595    0.003080  
      7.754048  5.219232  1.061863     0.007878   -0.004851   -0.005559  
      2.999184  0.750830  6.004661     0.018321    0.009601    0.003086  
     -2.762772  5.219232  3.969182     0.007881    0.004838   -0.005569  
      0.545699  2.153908  0.921023     0.052778    0.019194   -0.075833  
     -0.381056  3.715882  9.101385     0.002269   -0.000802   -0.041412  
      4.445577  2.153908  4.110021     0.052755   -0.019207   -0.075848  
     -4.195951  3.715882  5.838651     0.002241    0.000820   -0.041341  
     -4.142312  0.755782  5.906023     0.000895    0.001006   -0.009225  
      4.456348  5.276942  4.098732     0.040578    0.012079   -0.051003  
     -0.434695  0.755782  9.034013     0.000913   -0.001015   -0.009234  
      0.534927  5.276942  0.932312     0.040562   -0.012061   -0.051053  
     -5.357135  2.249107  7.858822    -0.007725    0.011764    0.007315  
      5.591648  3.718102  2.065344    -0.005787   -0.002576   -0.012625  
      0.780128  2.249107  7.081214    -0.007717   -0.011779    0.007323  
     -0.600373  3.718102  2.965700    -0.005791    0.002618   -0.012630  
     -0.584070  0.753413  2.941938     0.004029    0.018341   -0.016912  
      0.762384  5.187597  7.091402    -0.002895    0.015438    0.001443  
      5.575345  0.753413  2.089107     0.004023   -0.018386   -0.016913  
     -5.339391  5.187597  7.848634    -0.002893   -0.015401    0.001454  
      3.936596  2.205034  0.451134    -0.025020    0.016999   -0.029342  
     -3.610877  3.710940  9.477450     0.028096    0.017647   -0.029247  
      1.054679  2.205034  4.579910    -0.025019   -0.017005   -0.029335  
     -0.966130  3.710940  5.462586     0.028113   -0.017653   -0.029261  
     -0.985568  0.756560  5.481490     0.017447    0.014741   -0.008805  
      1.064814  5.231939  4.591173    -0.012355    0.022233   -0.041624  
     -3.591439  0.756560  9.458547     0.017445   -0.014738   -0.008793  
      3.926461  5.231939  0.439871    -0.012385   -0.022221   -0.041608  
     -2.288504  2.009897  7.470018    -0.003994   -0.000001   -0.005947  
 
  43 f  =   14.272479 THz    89.676633 2PiTHz  476.078668 cm-1    59.026205 meV
             X         Y         Z           dx          dy          dz
      2.495638  0.754101  2.515522     0.000000   -0.000335    0.000000  
     -2.288504  5.057401  7.470018     0.000000    0.000090    0.000000  
     -0.811180  0.753328  1.006346     0.000963    0.010451   -0.002078  
      0.967554  5.208194  8.989727     0.003229   -0.002406   -0.022525  
      5.802455  0.753328  4.024698    -0.000976    0.010459    0.002082  
     -5.544561  5.208194  5.950309    -0.003233   -0.002403    0.022534  
     -5.528641  2.227715  5.962511     0.001996    0.000709   -0.016756  
      5.735997  3.717866  3.963892     0.000606   -0.009206    0.001938  
      0.951634  2.227715  8.977526    -0.002000    0.000707    0.016763  
     -0.744722  3.717866  1.067153    -0.000611   -0.009202   -0.001926  
     -0.893494  2.231301  4.162213    -0.008936    0.001995   -0.013373  
      1.080252  3.714951  5.859232     0.000863    0.019647   -0.000658  
      5.884769  2.231301  0.868832     0.008935    0.001992    0.013379  
     -5.657260  3.714951  9.080805    -0.000866    0.019650    0.000662  
     -5.622992  0.751199  9.034813    -0.001543   -0.018785    0.001564  
      5.872018  5.211349  0.883773    -0.010863   -0.002490   -0.006587  
      1.045985  0.751199  5.905223     0.001545   -0.018782   -0.001559  
     -0.880743  5.211349  4.147272     0.010865   -0.002501    0.006592  
     -2.769217  2.226426  3.943002     0.015718    0.010258   -0.004908  
      3.011632  3.713986  5.983550     0.004669    0.024402    0.000258  
      7.760492  2.226426  1.088042    -0.015711    0.010249    0.004908  
     -7.588639  3.713986  8.956487    -0.004658    0.024404   -0.000251  
     -7.576192  0.750830  8.935375    -0.002577   -0.007106    0.001843  
      7.754048  5.219232  1.061863     0.013076    0.013959   -0.006883  
      2.999184  0.750830  6.004661     0.002582   -0.007119   -0.001842  
     -2.762772  5.219232  3.969182    -0.013076    0.013958    0.006883  
      0.545699  2.153908  0.921023    -0.047513   -0.020498   -0.034524  
     -0.381056  3.715882  9.101385     0.002440   -0.021568    0.005903  
      4.445577  2.153908  4.110021     0.047545   -0.020519    0.034486  
     -4.195951  3.715882  5.838651    -0.002433   -0.021561   -0.005930  
     -4.142312  0.755782  5.906023     0.000346    0.023546   -0.010658  
      4.456348  5.276942  4.098732    -0.044931   -0.007108   -0.047234  
     -0.434695  0.755782  9.034013    -0.000336    0.023548    0.010652  
      0.534927  5.276942  0.932312     0.044956   -0.007108    0.047198  
     -5.357135  2.249107  7.858822     0.011814   -0.009981    0.012532  
      5.591648  3.718102  2.065344     0.001909   -0.071478   -0.001507  
      0.780128  2.249107  7.081214    -0.011820   -0.009993   -0.012532  
     -0.600373  3.718102  2.965700    -0.001915   -0.071466    0.001499  
     -0.584070  0.753413  2.941938     0.001504    0.067410    0.000483  
      0.762384  5.187597  7.091402     0.011569   -0.005559    0.016139  
      5.575345  0.753413  2.089107    -0.001500    0.067391   -0.000497  
     -5.339391  5.187597  7.848634    -0.011570   -0.005573   -0.016134  
      3.936596  2.205034  0.451134    -0.019062   -0.007745    0.020285  
     -3.610877  3.710940  9.477450     0.005466   -0.006343   -0.014132  
      1.054679  2.205034  4.579910     0.019050   -0.007761   -0.020307  
     -0.966130  3.710940  5.462586    -0.005452   -0.006346    0.014117  
     -0.985568  0.756560  5.481490    -0.006109    0.005111    0.005925  
      1.064814  5.231939  4.591173    -0.018945    0.015014    0.025556  
     -3.591439  0.756560  9.458547     0.006117    0.005110   -0.005930  
      3.926461  5.231939  0.439871     0.018932    0.014993   -0.025577  
     -2.288504  2.009897  7.470018    -0.000000   -0.004154   -0.000002  
 
  44 f  =   14.156219 THz    88.946149 2PiTHz  472.200650 cm-1    58.545393 meV
             X         Y         Z           dx          dy          dz
      2.495638  0.754101  2.515522    -0.000000    0.000018    0.000000  
     -2.288504  5.057401  7.470018     0.000000   -0.000497   -0.000000  
     -0.811180  0.753328  1.006346     0.010695   -0.002152   -0.013223  
      0.967554  5.208194  8.989727    -0.004077   -0.011318   -0.005237  
      5.802455  0.753328  4.024698    -0.010692   -0.002154    0.013221  
     -5.544561  5.208194  5.950309     0.004077   -0.011313    0.005240  
     -5.528641  2.227715  5.962511     0.003093    0.010075    0.010126  
      5.735997  3.717866  3.963892    -0.000430    0.001223    0.006110  
      0.951634  2.227715  8.977526    -0.003096    0.010078   -0.010136  
     -0.744722  3.717866  1.067153     0.000429    0.001223   -0.006112  
     -0.893494  2.231301  4.162213     0.002229    0.016835   -0.004318  
      1.080252  3.714951  5.859232    -0.005095   -0.006233   -0.002120  
      5.884769  2.231301  0.868832    -0.002231    0.016837    0.004320  
     -5.657260  3.714951  9.080805     0.005097   -0.006234    0.002118  
     -5.622992  0.751199  9.034813     0.000666    0.000805    0.004554  
      5.872018  5.211349  0.883773     0.001197   -0.015255    0.006072  
      1.045985  0.751199  5.905223    -0.000668    0.000805   -0.004553  
     -0.880743  5.211349  4.147272    -0.001194   -0.015246   -0.006077  
     -2.769217  2.226426  3.943002     0.007175   -0.002314   -0.005742  
      3.011632  3.713986  5.983550     0.027386   -0.005674    0.003899  
      7.760492  2.226426  1.088042    -0.007177   -0.002321    0.005740  
     -7.588639  3.713986  8.956487    -0.027389   -0.005661   -0.003896  
     -7.576192  0.750830  8.935375    -0.011421    0.006600    0.003380  
      7.754048  5.219232  1.061863    -0.017264    0.002157    0.005623  
      2.999184  0.750830  6.004661     0.011420    0.006608   -0.003375  
     -2.762772  5.219232  3.969182     0.017258    0.002161   -0.005620  
      0.545699  2.153908  0.921023    -0.007563   -0.026578    0.023291  
     -0.381056  3.715882  9.101385     0.037831    0.001043    0.004809  
      4.445577  2.153908  4.110021     0.007569   -0.026563   -0.023256  
     -4.195951  3.715882  5.838651    -0.037827    0.001039   -0.004816  
     -4.142312  0.755782  5.906023    -0.011408   -0.003310   -0.051944  
      4.456348  5.276942  4.098732     0.027173    0.036652   -0.009832  
     -0.434695  0.755782  9.034013     0.011415   -0.003310    0.051966  
      0.534927  5.276942  0.932312    -0.027181    0.036674    0.009810  
     -5.357135  2.249107  7.858822    -0.006945   -0.021168   -0.002436  
      5.591648  3.718102  2.065344     0.013099    0.006931   -0.003329  
      0.780128  2.249107  7.081214     0.006951   -0.021177    0.002430  
     -0.600373  3.718102  2.965700    -0.013098    0.006947    0.003328  
     -0.584070  0.753413  2.941938     0.012088   -0.017257   -0.000977  
      0.762384  5.187597  7.091402    -0.001539    0.029580    0.006915  
      5.575345  0.753413  2.089107    -0.012088   -0.017213    0.000979  
     -5.339391  5.187597  7.848634     0.001540    0.029574   -0.006912  
      3.936596  2.205034  0.451134    -0.004813   -0.069589   -0.008122  
     -3.610877  3.710940  9.477450    -0.001179    0.019222   -0.043770  
      1.054679  2.205034  4.579910     0.004820   -0.069581    0.008122  
     -0.966130  3.710940  5.462586     0.001172    0.019228    0.043775  
     -0.985568  0.756560  5.481490    -0.000961   -0.019382   -0.000497  
      1.064814  5.231939  4.591173     0.000228    0.086783    0.007953  
     -3.591439  0.756560  9.458547     0.000962   -0.019372    0.000497  
      3.926461  5.231939  0.439871    -0.000235    0.086791   -0.007946  
     -2.288504  2.009897  7.470018     0.000003   -0.004593    0.000000  
 
  45 f  =   14.058118 THz    88.329762 2PiTHz  468.928350 cm-1    58.139679 meV
             X         Y         Z           dx          dy          dz
      2.495638  0.754101  2.515522     0.000118    0.000000    0.000232  
     -2.288504  5.057401  7.470018     0.000083    0.000000   -0.000020  
     -0.811180  0.753328  1.006346    -0.004407    0.006152   -0.003053  
      0.967554  5.208194  8.989727     0.001435   -0.001326    0.015556  
      5.802455  0.753328  4.024698    -0.004407   -0.006156   -0.003059  
     -5.544561  5.208194  5.950309     0.001432    0.001332    0.015555  
     -5.528641  2.227715  5.962511    -0.002027    0.002874   -0.015394  
      5.735997  3.717866  3.963892    -0.000528    0.001299    0.004414  
      0.951634  2.227715  8.977526    -0.002025   -0.002878   -0.015388  
     -0.744722  3.717866  1.067153    -0.000525   -0.001295    0.004412  
     -0.893494  2.231301  4.162213    -0.006022    0.008734    0.012247  
      1.080252  3.714951  5.859232    -0.002283    0.004336   -0.000465  
      5.884769  2.231301  0.868832    -0.006025   -0.008743    0.012244  
     -5.657260  3.714951  9.080805    -0.002285   -0.004337   -0.000466  
     -5.622992  0.751199  9.034813    -0.000563    0.002262    0.000292  
      5.872018  5.211349  0.883773     0.007949    0.000854   -0.006810  
      1.045985  0.751199  5.905223    -0.000563   -0.002261    0.000291  
     -0.880743  5.211349  4.147272     0.007948   -0.000845   -0.006807  
     -2.769217  2.226426  3.943002     0.002717    0.011783   -0.005638  
      3.011632  3.713986  5.983550    -0.000491   -0.031090    0.003481  
      7.760492  2.226426  1.088042     0.002724   -0.011787   -0.005641  
     -7.588639  3.713986  8.956487    -0.000480    0.031085    0.003479  
     -7.576192  0.750830  8.935375    -0.000147   -0.018982    0.000240  
      7.754048  5.219232  1.061863     0.000374   -0.001649    0.002632  
      2.999184  0.750830  6.004661    -0.000150    0.018980    0.000245  
     -2.762772  5.219232  3.969182     0.000370    0.001642    0.002636  
      0.545699  2.153908  0.921023     0.016544    0.000105    0.061287  
     -0.381056  3.715882  9.101385    -0.000794    0.022162   -0.003965  
      4.445577  2.153908  4.110021     0.016535   -0.000087    0.061308  
     -4.195951  3.715882  5.838651    -0.000772   -0.022167   -0.003972  
     -4.142312  0.755782  5.906023     0.002725    0.011107    0.018878  
      4.456348  5.276942  4.098732    -0.006872    0.006528   -0.083809  
     -0.434695  0.755782  9.034013     0.002719   -0.011107    0.018852  
      0.534927  5.276942  0.932312    -0.006885   -0.006536   -0.083783  
     -5.357135  2.249107  7.858822     0.006911    0.011176   -0.007417  
      5.591648  3.718102  2.065344    -0.004076   -0.061845   -0.001437  
      0.780128  2.249107  7.081214     0.006912   -0.011161   -0.007417  
     -0.600373  3.718102  2.965700    -0.004069    0.061847   -0.001435  
     -0.584070  0.753413  2.941938     0.002643   -0.089878   -0.001340  
      0.762384  5.187597  7.091402    -0.001257    0.004447    0.008970  
      5.575345  0.753413  2.089107     0.002649    0.089883   -0.001339  
     -5.339391  5.187597  7.848634    -0.001257   -0.004457    0.008974  
      3.936596  2.205034  0.451134     0.016629    0.010030   -0.010293  
     -3.610877  3.710940  9.477450     0.006956   -0.002785   -0.011260  
      1.054679  2.205034  4.579910     0.016630   -0.010005   -0.010287  
     -0.966130  3.710940  5.462586     0.006947    0.002784   -0.011277  
     -0.985568  0.756560  5.481490     0.002130   -0.017491   -0.003173  
      1.064814  5.231939  4.591173    -0.024705    0.015653    0.008973  
     -3.591439  0.756560  9.458547     0.002129    0.017492   -0.003169  
      3.926461  5.231939  0.439871    -0.024707   -0.015685    0.008982  
     -2.288504  2.009897  7.470018     0.008895   -0.000000   -0.001591  
 
  46 f  =   13.833444 THz    86.918093 2PiTHz  461.434028 cm-1    57.210502 meV
             X         Y         Z           dx          dy          dz
      2.495638  0.754101  2.515522    -0.000095    0.000000   -0.000047  
     -2.288504  5.057401  7.470018    -0.000687   -0.000000   -0.001154  
     -0.811180  0.753328  1.006346    -0.003742    0.010368    0.017755  
      0.967554  5.208194  8.989727     0.003742   -0.000471   -0.005299  
      5.802455  0.753328  4.024698    -0.003747   -0.010353    0.017748  
     -5.544561  5.208194  5.950309     0.003742    0.000466   -0.005306  
     -5.528641  2.227715  5.962511     0.011913   -0.000182    0.006457  
      5.735997  3.717866  3.963892    -0.004158    0.007515   -0.010601  
      0.951634  2.227715  8.977526     0.011912    0.000182    0.006460  
     -0.744722  3.717866  1.067153    -0.004158   -0.007530   -0.010609  
     -0.893494  2.231301  4.162213    -0.006596    0.008226   -0.002215  
      1.080252  3.714951  5.859232    -0.008123    0.009890    0.008529  
      5.884769  2.231301  0.868832    -0.006586   -0.008223   -0.002220  
     -5.657260  3.714951  9.080805    -0.008115   -0.009890    0.008527  
     -5.622992  0.751199  9.034813    -0.000189    0.005378   -0.008422  
      5.872018  5.211349  0.883773    -0.005068    0.004390   -0.000757  
      1.045985  0.751199  5.905223    -0.000193   -0.005381   -0.008431  
     -0.880743  5.211349  4.147272    -0.005063   -0.004394   -0.000754  
     -2.769217  2.226426  3.943002     0.001785   -0.034734   -0.007226  
      3.011632  3.713986  5.983550     0.012355    0.002410   -0.001067  
      7.760492  2.226426  1.088042     0.001789    0.034755   -0.007230  
     -7.588639  3.713986  8.956487     0.012354   -0.002383   -0.001077  
     -7.576192  0.750830  8.935375     0.016679    0.015037    0.003963  
      7.754048  5.219232  1.061863     0.022519   -0.016331   -0.008877  
      2.999184  0.750830  6.004661     0.016683   -0.015042    0.003960  
     -2.762772  5.219232  3.969182     0.022513    0.016340   -0.008876  
      0.545699  2.153908  0.921023     0.007771    0.002288    0.001729  
     -0.381056  3.715882  9.101385    -0.030879    0.015026    0.075078  
      4.445577  2.153908  4.110021     0.007795   -0.002305    0.001702  
     -4.195951  3.715882  5.838651    -0.030881   -0.015016    0.075046  
     -4.142312  0.755782  5.906023    -0.044019    0.020810   -0.069025  
      4.456348  5.276942  4.098732     0.033811    0.031055   -0.012304  
     -0.434695  0.755782  9.034013    -0.044029   -0.020820   -0.069053  
      0.534927  5.276942  0.932312     0.033813   -0.031063   -0.012339  
     -5.357135  2.249107  7.858822    -0.003914   -0.035880   -0.008363  
      5.591648  3.718102  2.065344     0.001447    0.007821    0.003657  
      0.780128  2.249107  7.081214    -0.003914    0.035893   -0.008369  
     -0.600373  3.718102  2.965700     0.001443   -0.007813    0.003661  
     -0.584070  0.753413  2.941938    -0.002156   -0.000220   -0.003414  
      0.762384  5.187597  7.091402     0.000662   -0.049148    0.012142  
      5.575345  0.753413  2.089107    -0.002165    0.000202   -0.003412  
     -5.339391  5.187597  7.848634     0.000653    0.049129    0.012132  
      3.936596  2.205034  0.451134     0.025645    0.024550   -0.027662  
     -3.610877  3.710940  9.477450     0.008508   -0.015076    0.008887  
      1.054679  2.205034  4.579910     0.025665   -0.024581   -0.027690  
     -0.966130  3.710940  5.462586     0.008502    0.015089    0.008882  
     -0.985568  0.756560  5.481490     0.006628   -0.013713    0.000981  
      1.064814  5.231939  4.591173    -0.009023    0.017830    0.020553  
     -3.591439  0.756560  9.458547     0.006628    0.013700    0.000991  
      3.926461  5.231939  0.439871    -0.009033   -0.017791    0.020521  
     -2.288504  2.009897  7.470018    -0.011313    0.000008   -0.011132  
 
  47 f  =   13.792167 THz    86.658738 2PiTHz  460.057156 cm-1    57.039792 meV
             X         Y         Z           dx          dy          dz
      2.495638  0.754101  2.515522     0.000395    0.000000    0.000249  
     -2.288504  5.057401  7.470018     0.000287    0.000000   -0.000488  
     -0.811180  0.753328  1.006346    -0.000828    0.002822   -0.007245  
      0.967554  5.208194  8.989727    -0.000666    0.004608   -0.005775  
      5.802455  0.753328  4.024698    -0.000835   -0.002811   -0.007224  
     -5.544561  5.208194  5.950309    -0.000659   -0.004604   -0.005773  
     -5.528641  2.227715  5.962511     0.003652    0.004018    0.001193  
      5.735997  3.717866  3.963892     0.012202    0.004561    0.004295  
      0.951634  2.227715  8.977526     0.003646   -0.004026    0.001185  
     -0.744722  3.717866  1.067153     0.012207   -0.004584    0.004296  
     -0.893494  2.231301  4.162213     0.004536    0.015445   -0.002766  
      1.080252  3.714951  5.859232    -0.005805   -0.005566    0.001317  
      5.884769  2.231301  0.868832     0.004545   -0.015444   -0.002766  
     -5.657260  3.714951  9.080805    -0.005802    0.005567    0.001324  
     -5.622992  0.751199  9.034813     0.006666   -0.001080   -0.004674  
      5.872018  5.211349  0.883773     0.000753    0.013404    0.001494  
      1.045985  0.751199  5.905223     0.006660    0.001081   -0.004667  
     -0.880743  5.211349  4.147272     0.000762   -0.013402    0.001488  
     -2.769217  2.226426  3.943002    -0.015326    0.027998   -0.003040  
      3.011632  3.713986  5.983550     0.015102    0.013413    0.008296  
      7.760492  2.226426  1.088042    -0.015330   -0.027976   -0.003031  
     -7.588639  3.713986  8.956487     0.015088   -0.013399    0.008298  
     -7.576192  0.750830  8.935375    -0.022498    0.010293   -0.013711  
      7.754048  5.219232  1.061863    -0.006251    0.041234    0.000298  
      2.999184  0.750830  6.004661    -0.022479   -0.010301   -0.013698  
     -2.762772  5.219232  3.969182    -0.006239   -0.041192    0.000288  
      0.545699  2.153908  0.921023    -0.038094    0.021151    0.001138  
     -0.381056  3.715882  9.101385    -0.009423    0.001021   -0.008582  
      4.445577  2.153908  4.110021    -0.038053   -0.021156    0.001062  
     -4.195951  3.715882  5.838651    -0.009440   -0.000995   -0.008556  
     -4.142312  0.755782  5.906023     0.012594    0.000651    0.018135  
      4.456348  5.276942  4.098732    -0.005387    0.023574    0.017933  
     -0.434695  0.755782  9.034013     0.012634   -0.000660    0.018186  
      0.534927  5.276942  0.932312    -0.005389   -0.023582    0.017905  
     -5.357135  2.249107  7.858822     0.003115    0.018645   -0.004728  
      5.591648  3.718102  2.065344    -0.016101    0.015334    0.016391  
      0.780128  2.249107  7.081214     0.003121   -0.018669   -0.004742  
     -0.600373  3.718102  2.965700    -0.016091   -0.015311    0.016384  
     -0.584070  0.753413  2.941938     0.020977    0.010061   -0.009762  
      0.762384  5.187597  7.091402     0.000224    0.021587    0.001818  
      5.575345  0.753413  2.089107     0.020986   -0.010102   -0.009772  
     -5.339391  5.187597  7.848634     0.000222   -0.021573    0.001799  
      3.936596  2.205034  0.451134     0.009403    0.082305   -0.001033  
     -3.610877  3.710940  9.477450    -0.008525   -0.021514    0.014521  
      1.054679  2.205034  4.579910     0.009420   -0.082249   -0.001081  
     -0.966130  3.710940  5.462586    -0.008506    0.021549    0.014530  
     -0.985568  0.756560  5.481490    -0.008330   -0.023167   -0.010750  
      1.064814  5.231939  4.591173    -0.006048    0.098524    0.016365  
     -3.591439  0.756560  9.458547    -0.008329    0.023111   -0.010772  
      3.926461  5.231939  0.439871    -0.006031   -0.098569    0.016321  
     -2.288504  2.009897  7.470018     0.004830   -0.000005   -0.002122  
 
  48 f  =   13.767908 THz    86.506315 2PiTHz  459.247964 cm-1    56.939465 meV
             X         Y         Z           dx          dy          dz
      2.495638  0.754101  2.515522    -0.000001   -0.000362   -0.000001  
     -2.288504  5.057401  7.470018    -0.000003    0.000115    0.000001  
     -0.811180  0.753328  1.006346    -0.002897   -0.018982    0.008654  
      0.967554  5.208194  8.989727     0.004196   -0.002059   -0.002330  
      5.802455  0.753328  4.024698     0.002908   -0.018855   -0.008608  
     -5.544561  5.208194  5.950309    -0.004137   -0.002076    0.002400  
     -5.528641  2.227715  5.962511    -0.002405    0.006964   -0.002859  
      5.735997  3.717866  3.963892     0.002251    0.026657    0.002584  
      0.951634  2.227715  8.977526     0.002363    0.006940    0.002814  
     -0.744722  3.717866  1.067153    -0.002208    0.026791   -0.002617  
     -0.893494  2.231301  4.162213     0.014086   -0.002600   -0.004018  
      1.080252  3.714951  5.859232     0.004304   -0.001469    0.003142  
      5.884769  2.231301  0.868832    -0.014112   -0.002654    0.004000  
     -5.657260  3.714951  9.080805    -0.004334   -0.001464   -0.003099  
     -5.622992  0.751199  9.034813    -0.003812    0.001027    0.003470  
      5.872018  5.211349  0.883773     0.009826   -0.000218   -0.000853  
      1.045985  0.751199  5.905223     0.003863    0.001061   -0.003518  
     -0.880743  5.211349  4.147272    -0.009819   -0.000317    0.000796  
     -2.769217  2.226426  3.943002    -0.002533   -0.029100    0.005134  
      3.011632  3.713986  5.983550    -0.003794   -0.022762    0.000137  
      7.760492  2.226426  1.088042     0.002683   -0.029238   -0.005109  
     -7.588639  3.713986  8.956487     0.003876   -0.022575   -0.000140  
     -7.576192  0.750830  8.935375     0.009114    0.006808    0.007469  
      7.754048  5.219232  1.061863     0.003075   -0.039355   -0.005873  
      2.999184  0.750830  6.004661    -0.009159    0.006939   -0.007527  
     -2.762772  5.219232  3.969182    -0.003196   -0.039212    0.005884  
      0.545699  2.153908  0.921023     0.039428    0.013577   -0.059273  
     -0.381056  3.715882  9.101385    -0.010119   -0.030124    0.015469  
      4.445577  2.153908  4.110021    -0.039208    0.013264    0.059290  
     -4.195951  3.715882  5.838651     0.010124   -0.029890   -0.015240  
     -4.142312  0.755782  5.906023     0.019272    0.011445    0.012800  
      4.456348  5.276942  4.098732     0.015374    0.021074   -0.047529  
     -0.434695  0.755782  9.034013    -0.019285    0.011544   -0.013160  
      0.534927  5.276942  0.932312    -0.015765    0.021071    0.047672  
     -5.357135  2.249107  7.858822     0.001293    0.010769   -0.014242  
      5.591648  3.718102  2.065344     0.004421   -0.015840   -0.003828  
      0.780128  2.249107  7.081214    -0.001325    0.010861    0.014323  
     -0.600373  3.718102  2.965700    -0.004476   -0.015715    0.003865  
     -0.584070  0.753413  2.941938     0.003478    0.036683   -0.005802  
      0.762384  5.187597  7.091402    -0.005281   -0.002903   -0.018312  
      5.575345  0.753413  2.089107    -0.003434    0.036776    0.005751  
     -5.339391  5.187597  7.848634     0.005247   -0.002723    0.018191  
      3.936596  2.205034  0.451134     0.020470   -0.030006   -0.051418  
     -3.610877  3.710940  9.477450     0.014355   -0.026915   -0.008364  
      1.054679  2.205034  4.579910    -0.020620   -0.030366    0.051691  
     -0.966130  3.710940  5.462586    -0.014419   -0.027175    0.008475  
     -0.985568  0.756560  5.481490    -0.002060    0.045501   -0.007978  
      1.064814  5.231939  4.591173     0.014768    0.020929   -0.047135  
     -3.591439  0.756560  9.458547     0.001951    0.045162    0.008006  
      3.926461  5.231939  0.439871    -0.014453    0.020588    0.046896  
     -2.288504  2.009897  7.470018    -0.000057   -0.003057    0.000025  
 
  49 f  =   13.764301 THz    86.483651 2PiTHz  459.127645 cm-1    56.924547 meV
             X         Y         Z           dx          dy          dz
      2.495638  0.754101  2.515522     0.000207   -0.000001    0.000196  
     -2.288504  5.057401  7.470018     0.000788    0.000000   -0.000414  
     -0.811180  0.753328  1.006346    -0.002061    0.017874   -0.006450  
      0.967554  5.208194  8.989727    -0.008620   -0.001060   -0.010841  
      5.802455  0.753328  4.024698    -0.002034   -0.018013   -0.006524  
     -5.544561  5.208194  5.950309    -0.008651    0.001043   -0.010827  
     -5.528641  2.227715  5.962511     0.006437   -0.002695    0.007681  
      5.735997  3.717866  3.963892    -0.004162    0.019065    0.004795  
      0.951634  2.227715  8.977526     0.006453    0.002749    0.007705  
     -0.744722  3.717866  1.067153    -0.004182   -0.018871    0.004772  
     -0.893494  2.231301  4.162213     0.003677   -0.004538    0.001665  
      1.080252  3.714951  5.859232     0.002688    0.001549   -0.005232  
      5.884769  2.231301  0.868832     0.003574    0.004515    0.001696  
     -5.657260  3.714951  9.080805     0.002655   -0.001556   -0.005258  
     -5.622992  0.751199  9.034813    -0.005844    0.005509    0.005455  
      5.872018  5.211349  0.883773    -0.000975   -0.010548    0.008077  
      1.045985  0.751199  5.905223    -0.005815   -0.005505    0.005424  
     -0.880743  5.211349  4.147272    -0.001046    0.010549    0.008083  
     -2.769217  2.226426  3.943002    -0.022130   -0.016865   -0.003158  
      3.011632  3.713986  5.983550    -0.007894    0.029393    0.001325  
      7.760492  2.226426  1.088042    -0.022102    0.016657   -0.003199  
     -7.588639  3.713986  8.956487    -0.007857   -0.029556    0.001324  
     -7.576192  0.750830  8.935375     0.004246    0.019816    0.005665  
      7.754048  5.219232  1.061863     0.016500    0.024213   -0.001845  
      2.999184  0.750830  6.004661     0.004173   -0.019771    0.005605  
     -2.762772  5.219232  3.969182     0.016469   -0.024500   -0.001802  
      0.545699  2.153908  0.921023    -0.033440   -0.038528   -0.003934  
     -0.381056  3.715882  9.101385    -0.002516    0.033155   -0.029283  
      4.445577  2.153908  4.110021    -0.033739    0.038636   -0.003494  
     -4.195951  3.715882  5.838651    -0.002450   -0.033378   -0.029416  
     -4.142312  0.755782  5.906023     0.002941    0.015252    0.046053  
      4.456348  5.276942  4.098732     0.053328    0.005947   -0.015864  
     -0.434695  0.755782  9.034013     0.002792   -0.015165    0.045927  
      0.534927  5.276942  0.932312     0.053229   -0.005801   -0.015527  
     -5.357135  2.249107  7.858822     0.003977    0.013438   -0.011837  
      5.591648  3.718102  2.065344     0.004923    0.020158   -0.002995  
      0.780128  2.249107  7.081214     0.003966   -0.013348   -0.011731  
     -0.600373  3.718102  2.965700     0.004886   -0.020277   -0.002965  
     -0.584070  0.753413  2.941938    -0.002730    0.016977    0.004856  
      0.762384  5.187597  7.091402     0.004704    0.024182    0.016879  
      5.575345  0.753413  2.089107    -0.002755   -0.016708    0.004907  
     -5.339391  5.187597  7.848634     0.004737   -0.024217    0.017016  
      3.936596  2.205034  0.451134     0.023500   -0.035255   -0.038536  
     -3.610877  3.710940  9.477450     0.007508   -0.037092   -0.013107  
      1.054679  2.205034  4.579910     0.023350    0.035013   -0.038150  
     -0.966130  3.710940  5.462586     0.007387    0.036883   -0.013046  
     -0.985568  0.756560  5.481490     0.012890   -0.047034   -0.004891  
      1.064814  5.231939  4.591173    -0.042214   -0.031032    0.034750  
     -3.591439  0.756560  9.458547     0.012909    0.047384   -0.004830  
      3.926461  5.231939  0.439871    -0.042340    0.031207    0.035094  
     -2.288504  2.009897  7.470018     0.015133   -0.000006   -0.006743  
 
  50 f  =   13.689042 THz    86.010790 2PiTHz  456.617302 cm-1    56.613305 meV
             X         Y         Z           dx          dy          dz
      2.495638  0.754101  2.515522     0.000000    0.000203   -0.000000  
     -2.288504  5.057401  7.470018    -0.000000   -0.000815    0.000000  
     -0.811180  0.753328  1.006346    -0.008089    0.012244    0.018408  
      0.967554  5.208194  8.989727     0.007784   -0.005749    0.006768  
      5.802455  0.753328  4.024698     0.008087    0.012250   -0.018424  
     -5.544561  5.208194  5.950309    -0.007784   -0.005757   -0.006761  
     -5.528641  2.227715  5.962511    -0.010096    0.004010   -0.000630  
      5.735997  3.717866  3.963892     0.006253   -0.010485    0.005481  
      0.951634  2.227715  8.977526     0.010087    0.004001    0.000624  
     -0.744722  3.717866  1.067153    -0.006243   -0.010481   -0.005470  
     -0.893494  2.231301  4.162213    -0.004523    0.000584    0.008479  
      1.080252  3.714951  5.859232    -0.000022    0.001120    0.005027  
      5.884769  2.231301  0.868832     0.004529    0.000571   -0.008478  
     -5.657260  3.714951  9.080805     0.000022    0.001133   -0.005030  
     -5.622992  0.751199  9.034813    -0.005234   -0.002266    0.010890  
      5.872018  5.211349  0.883773    -0.005878   -0.000791   -0.004115  
      1.045985  0.751199  5.905223     0.005239   -0.002257   -0.010889  
     -0.880743  5.211349  4.147272     0.005878   -0.000805    0.004112  
     -2.769217  2.226426  3.943002    -0.003989    0.024536    0.016324  
      3.011632  3.713986  5.983550    -0.007678    0.014940    0.002099  
      7.760492  2.226426  1.088042     0.003990    0.024509   -0.016319  
     -7.588639  3.713986  8.956487     0.007676    0.014951   -0.002097  
     -7.576192  0.750830  8.935375     0.022300   -0.003115    0.012914  
      7.754048  5.219232  1.061863     0.012501   -0.003456   -0.011594  
      2.999184  0.750830  6.004661    -0.022310   -0.003098   -0.012929  
     -2.762772  5.219232  3.969182    -0.012518   -0.003478    0.011602  
      0.545699  2.153908  0.921023     0.014071   -0.009641    0.003929  
     -0.381056  3.715882  9.101385    -0.035000    0.014411    0.045506  
      4.445577  2.153908  4.110021    -0.014087   -0.009675   -0.003921  
     -4.195951  3.715882  5.838651     0.035012    0.014430   -0.045540  
     -4.142312  0.755782  5.906023     0.051899   -0.010436    0.034930  
      4.456348  5.276942  4.098732    -0.043516   -0.020107    0.052352  
     -0.434695  0.755782  9.034013    -0.051869   -0.010417   -0.034906  
      0.534927  5.276942  0.932312     0.043489   -0.020127   -0.052340  
     -5.357135  2.249107  7.858822     0.002246    0.014273    0.002535  
      5.591648  3.718102  2.065344     0.010283    0.004690   -0.007814  
      0.780128  2.249107  7.081214    -0.002242    0.014256   -0.002528  
     -0.600373  3.718102  2.965700    -0.010295    0.004704    0.007814  
     -0.584070  0.753413  2.941938     0.011339   -0.016653   -0.009526  
      0.762384  5.187597  7.091402     0.007362   -0.022590    0.000307  
      5.575345  0.753413  2.089107    -0.011327   -0.016650    0.009526  
     -5.339391  5.187597  7.848634    -0.007366   -0.022619   -0.000319  
      3.936596  2.205034  0.451134     0.001646   -0.057144    0.005556  
     -3.610877  3.710940  9.477450     0.015957   -0.009910    0.018281  
      1.054679  2.205034  4.579910    -0.001655   -0.057172   -0.005528  
     -0.966130  3.710940  5.462586    -0.015963   -0.009925   -0.018293  
     -0.985568  0.756560  5.481490    -0.003059    0.019742   -0.032416  
      1.064814  5.231939  4.591173     0.008353    0.063943    0.024307  
     -3.591439  0.756560  9.458547     0.003036    0.019736    0.032429  
      3.926461  5.231939  0.439871    -0.008322    0.063909   -0.024319  
     -2.288504  2.009897  7.470018     0.000002    0.017623    0.000005  
 
  51 f  =   13.622864 THz    85.594981 2PiTHz  454.409841 cm-1    56.339614 meV
             X         Y         Z           dx          dy          dz
      2.495638  0.754101  2.515522    -0.000025   -0.000000    0.000524  
     -2.288504  5.057401  7.470018    -0.000904    0.000000   -0.001481  
     -0.811180  0.753328  1.006346    -0.001333    0.007079    0.010338  
      0.967554  5.208194  8.989727     0.016843   -0.006386    0.010837  
      5.802455  0.753328  4.024698    -0.001330   -0.007090    0.010337  
     -5.544561  5.208194  5.950309     0.016836    0.006385    0.010840  
     -5.528641  2.227715  5.962511     0.003114   -0.003107   -0.016339  
      5.735997  3.717866  3.963892    -0.005159    0.002574    0.000098  
      0.951634  2.227715  8.977526     0.003114    0.003108   -0.016338  
     -0.744722  3.717866  1.067153    -0.005160   -0.002566    0.000103  
     -0.893494  2.231301  4.162213     0.016491   -0.004084   -0.000096  
      1.080252  3.714951  5.859232     0.001651   -0.032929    0.002250  
      5.884769  2.231301  0.868832     0.016490    0.004087   -0.000099  
     -5.657260  3.714951  9.080805     0.001652    0.032929    0.002248  
     -5.622992  0.751199  9.034813     0.000993   -0.028317    0.000154  
      5.872018  5.211349  0.883773    -0.011740   -0.006118    0.001370  
      1.045985  0.751199  5.905223     0.000995    0.028318    0.000155  
     -0.880743  5.211349  4.147272    -0.011745    0.006116    0.001371  
     -2.769217  2.226426  3.943002     0.006549   -0.008961   -0.016453  
      3.011632  3.713986  5.983550    -0.001582   -0.033791    0.003867  
      7.760492  2.226426  1.088042     0.006555    0.008953   -0.016458  
     -7.588639  3.713986  8.956487    -0.001580    0.033803    0.003872  
     -7.576192  0.750830  8.935375    -0.004722   -0.019038    0.011109  
      7.754048  5.219232  1.061863     0.000841    0.001920   -0.002177  
      2.999184  0.750830  6.004661    -0.004733    0.019029    0.011101  
     -2.762772  5.219232  3.969182     0.000848   -0.001931   -0.002170  
      0.545699  2.153908  0.921023    -0.023971   -0.030821    0.002027  
     -0.381056  3.715882  9.101385    -0.028980   -0.037829    0.008825  
      4.445577  2.153908  4.110021    -0.024000    0.030831    0.002053  
     -4.195951  3.715882  5.838651    -0.028960    0.037815    0.008831  
     -4.142312  0.755782  5.906023    -0.023908   -0.033583    0.000404  
      4.456348  5.276942  4.098732     0.043328   -0.006786   -0.015242  
     -0.434695  0.755782  9.034013    -0.023921    0.033592    0.000411  
      0.534927  5.276942  0.932312     0.043317    0.006805   -0.015233  
     -5.357135  2.249107  7.858822     0.008070   -0.014057    0.014109  
      5.591648  3.718102  2.065344     0.002720    0.005148    0.006488  
      0.780128  2.249107  7.081214     0.008068    0.014053    0.014108  
     -0.600373  3.718102  2.965700     0.002718   -0.005145    0.006489  
     -0.584070  0.753413  2.941938     0.001062   -0.001063   -0.001734  
      0.762384  5.187597  7.091402    -0.018353    0.011687   -0.018340  
      5.575345  0.753413  2.089107     0.001059    0.001069   -0.001740  
     -5.339391  5.187597  7.848634    -0.018356   -0.011688   -0.018342  
      3.936596  2.205034  0.451134    -0.050228    0.008025    0.026318  
     -3.610877  3.710940  9.477450     0.008205   -0.039040    0.011999  
      1.054679  2.205034  4.579910    -0.050207   -0.008026    0.026325  
     -0.966130  3.710940  5.462586     0.008206    0.039034    0.011985  
     -0.985568  0.756560  5.481490     0.023285   -0.037328   -0.013449  
      1.064814  5.231939  4.591173    -0.009746    0.003482   -0.038208  
     -3.591439  0.756560  9.458547     0.023292    0.037327   -0.013442  
      3.926461  5.231939  0.439871    -0.009738   -0.003480   -0.038212  
     -2.288504  2.009897  7.470018    -0.000766   -0.000001   -0.023046  
 
  52 f  =   13.574120 THz    85.288709 2PiTHz  452.783893 cm-1    56.138023 meV
             X         Y         Z           dx          dy          dz
      2.495638  0.754101  2.515522     0.000020   -0.000000    0.001013  
     -2.288504  5.057401  7.470018     0.000020   -0.000000   -0.000735  
     -0.811180  0.753328  1.006346     0.002199   -0.006161    0.012524  
      0.967554  5.208194  8.989727     0.006226   -0.010205   -0.011754  
      5.802455  0.753328  4.024698     0.002198    0.006165    0.012508  
     -5.544561  5.208194  5.950309     0.006226    0.010199   -0.011764  
     -5.528641  2.227715  5.962511     0.010888   -0.009575   -0.000059  
      5.735997  3.717866  3.963892    -0.006612   -0.006266   -0.006931  
      0.951634  2.227715  8.977526     0.010887    0.009581   -0.000051  
     -0.744722  3.717866  1.067153    -0.006609    0.006265   -0.006942  
     -0.893494  2.231301  4.162213    -0.000736   -0.018477   -0.003982  
      1.080252  3.714951  5.859232     0.009284    0.014723    0.004065  
      5.884769  2.231301  0.868832    -0.000732    0.018465   -0.003985  
     -5.657260  3.714951  9.080805     0.009284   -0.014719    0.004061  
     -5.622992  0.751199  9.034813     0.005849    0.015483    0.001294  
      5.872018  5.211349  0.883773     0.015086   -0.016241   -0.003637  
      1.045985  0.751199  5.905223     0.005840   -0.015487    0.001285  
     -0.880743  5.211349  4.147272     0.015087    0.016251   -0.003636  
     -2.769217  2.226426  3.943002    -0.003840    0.012168   -0.005045  
      3.011632  3.713986  5.983550     0.004807    0.007687    0.006806  
      7.760492  2.226426  1.088042    -0.003836   -0.012178   -0.005046  
     -7.588639  3.713986  8.956487     0.004813   -0.007682    0.006797  
     -7.576192  0.750830  8.935375    -0.021103    0.007318    0.017342  
      7.754048  5.219232  1.061863    -0.005394   -0.002626   -0.012501  
      2.999184  0.750830  6.004661    -0.021099   -0.007319    0.017341  
     -2.762772  5.219232  3.969182    -0.005400    0.002637   -0.012504  
      0.545699  2.153908  0.921023     0.032366   -0.032324   -0.011624  
     -0.381056  3.715882  9.101385    -0.030011    0.014918    0.005519  
      4.445577  2.153908  4.110021     0.032378    0.032320   -0.011628  
     -4.195951  3.715882  5.838651    -0.030018   -0.014919    0.005498  
     -4.142312  0.755782  5.906023    -0.015926    0.014441    0.027674  
      4.456348  5.276942  4.098732    -0.023307   -0.052817    0.002572  
     -0.434695  0.755782  9.034013    -0.015932   -0.014444    0.027616  
      0.534927  5.276942  0.932312    -0.023313    0.052813    0.002560  
     -5.357135  2.249107  7.858822    -0.014393    0.009356   -0.010530  
      5.591648  3.718102  2.065344     0.006753    0.009384    0.015552  
      0.780128  2.249107  7.081214    -0.014396   -0.009335   -0.010531  
     -0.600373  3.718102  2.965700     0.006755   -0.009384    0.015561  
     -0.584070  0.753413  2.941938     0.006243   -0.012911   -0.019160  
      0.762384  5.187597  7.091402    -0.004862    0.000780    0.005344  
      5.575345  0.753413  2.089107     0.006250    0.012903   -0.019152  
     -5.339391  5.187597  7.848634    -0.004868   -0.000805    0.005345  
      3.936596  2.205034  0.451134    -0.043147    0.018976   -0.022810  
     -3.610877  3.710940  9.477450    -0.008910    0.000297    0.056553  
      1.054679  2.205034  4.579910    -0.043126   -0.018995   -0.022815  
     -0.966130  3.710940  5.462586    -0.008935   -0.000302    0.056565  
     -0.985568  0.756560  5.481490     0.034369    0.034963   -0.022372  
      1.064814  5.231939  4.591173    -0.057147    0.022995   -0.004930  
     -3.591439  0.756560  9.458547     0.034358   -0.034939   -0.022351  
      3.926461  5.231939  0.439871    -0.057174   -0.022983   -0.004935  
     -2.288504  2.009897  7.470018    -0.007113    0.000001   -0.001353  
 
  53 f  =   13.493067 THz    84.779439 2PiTHz  450.080261 cm-1    55.802815 meV
             X         Y         Z           dx          dy          dz
      2.495638  0.754101  2.515522    -0.000000    0.000035   -0.000000  
     -2.288504  5.057401  7.470018     0.000000   -0.000459    0.000001  
     -0.811180  0.753328  1.006346     0.002993   -0.002910    0.015603  
      0.967554  5.208194  8.989727    -0.008338   -0.008348    0.009589  
      5.802455  0.753328  4.024698    -0.002988   -0.002907   -0.015609  
     -5.544561  5.208194  5.950309     0.008327   -0.008345   -0.009572  
     -5.528641  2.227715  5.962511     0.012116    0.008143   -0.015122  
      5.735997  3.717866  3.963892    -0.005458    0.001472    0.018702  
      0.951634  2.227715  8.977526    -0.012133    0.008147    0.015126  
     -0.744722  3.717866  1.067153     0.005462    0.001474   -0.018708  
     -0.893494  2.231301  4.162213    -0.002419   -0.017019    0.003696  
      1.080252  3.714951  5.859232     0.002285   -0.001306    0.006926  
      5.884769  2.231301  0.868832     0.002422   -0.017019   -0.003687  
     -5.657260  3.714951  9.080805    -0.002289   -0.001289   -0.006926  
     -5.622992  0.751199  9.034813     0.015151    0.002347    0.009136  
      5.872018  5.211349  0.883773     0.003413    0.016682   -0.004993  
      1.045985  0.751199  5.905223    -0.015148    0.002362   -0.009140  
     -0.880743  5.211349  4.147272    -0.003420    0.016681    0.005001  
     -2.769217  2.226426  3.943002    -0.009061   -0.009757   -0.018640  
      3.011632  3.713986  5.983550    -0.009434    0.008404    0.016817  
      7.760492  2.226426  1.088042     0.009062   -0.009761    0.018650  
     -7.588639  3.713986  8.956487     0.009438    0.008411   -0.016826  
     -7.576192  0.750830  8.935375    -0.025387    0.000590   -0.008272  
      7.754048  5.219232  1.061863     0.002418    0.015056    0.013653  
      2.999184  0.750830  6.004661     0.025371    0.000595    0.008259  
     -2.762772  5.219232  3.969182    -0.002421    0.015050   -0.013634  
      0.545699  2.153908  0.921023    -0.012590    0.013111    0.002393  
     -0.381056  3.715882  9.101385     0.055136   -0.011605   -0.001427  
      4.445577  2.153908  4.110021     0.012558    0.013104   -0.002398  
     -4.195951  3.715882  5.838651    -0.055081   -0.011578    0.001409  
     -4.142312  0.755782  5.906023    -0.024327   -0.004581    0.089631  
      4.456348  5.276942  4.098732     0.027232    0.000300   -0.019239  
     -0.434695  0.755782  9.034013     0.024362   -0.004561   -0.089653  
      0.534927  5.276942  0.932312    -0.027229    0.000293    0.019241  
     -5.357135  2.249107  7.858822    -0.000827    0.025686    0.006832  
      5.591648  3.718102  2.065344    -0.010175   -0.006576   -0.007526  
      0.780128  2.249107  7.081214     0.000837    0.025700   -0.006822  
     -0.600373  3.718102  2.965700     0.010171   -0.006576    0.007518  
     -0.584070  0.753413  2.941938    -0.003257   -0.005365   -0.016055  
      0.762384  5.187597  7.091402    -0.004087   -0.031601    0.003626  
      5.575345  0.753413  2.089107     0.003258   -0.005373    0.016056  
     -5.339391  5.187597  7.848634     0.004089   -0.031598   -0.003636  
      3.936596  2.205034  0.451134    -0.021887   -0.022095    0.020016  
     -3.610877  3.710940  9.477450     0.015479    0.036452   -0.029557  
      1.054679  2.205034  4.579910     0.021901   -0.022099   -0.019993  
     -0.966130  3.710940  5.462586    -0.015493    0.036454    0.029527  
     -0.985568  0.756560  5.481490     0.033683   -0.017079   -0.016992  
      1.064814  5.231939  4.591173    -0.001453    0.012834   -0.001634  
     -3.591439  0.756560  9.458547    -0.033699   -0.017069    0.016972  
      3.926461  5.231939  0.439871     0.001482    0.012825    0.001621  
     -2.288504  2.009897  7.470018     0.000006    0.005774    0.000002  
 
  54 f  =   13.395379 THz    84.165646 2PiTHz  446.821734 cm-1    55.398810 meV
             X         Y         Z           dx          dy          dz
      2.495638  0.754101  2.515522     0.000541    0.000000    0.000309  
     -2.288504  5.057401  7.470018    -0.000793   -0.000000   -0.001302  
     -0.811180  0.753328  1.006346    -0.005902   -0.007992   -0.009083  
      0.967554  5.208194  8.989727     0.017009    0.010368   -0.016221  
      5.802455  0.753328  4.024698    -0.005904    0.007988   -0.009089  
     -5.544561  5.208194  5.950309     0.017013   -0.010371   -0.016224  
     -5.528641  2.227715  5.962511     0.017045    0.008988   -0.012602  
      5.735997  3.717866  3.963892     0.003205   -0.005944    0.017472  
      0.951634  2.227715  8.977526     0.017039   -0.008988   -0.012591  
     -0.744722  3.717866  1.067153     0.003209    0.005946    0.017464  
     -0.893494  2.231301  4.162213    -0.005450    0.014323   -0.012378  
      1.080252  3.714951  5.859232    -0.001143    0.002781   -0.004616  
      5.884769  2.231301  0.868832    -0.005449   -0.014328   -0.012378  
     -5.657260  3.714951  9.080805    -0.001136   -0.002789   -0.004619  
     -5.622992  0.751199  9.034813    -0.006442    0.001575    0.003706  
      5.872018  5.211349  0.883773    -0.000754    0.015471   -0.011533  
      1.045985  0.751199  5.905223    -0.006451   -0.001567    0.003701  
     -0.880743  5.211349  4.147272    -0.000761   -0.015465   -0.011528  
     -2.769217  2.226426  3.943002     0.001420    0.010108   -0.020151  
      3.011632  3.713986  5.983550    -0.013580    0.004821    0.011015  
      7.760492  2.226426  1.088042     0.001425   -0.010112   -0.020138  
     -7.588639  3.713986  8.956487    -0.013583   -0.004814    0.011003  
     -7.576192  0.750830  8.935375     0.033587   -0.005903    0.006393  
      7.754048  5.219232  1.061863    -0.004830   -0.008648   -0.019652  
      2.999184  0.750830  6.004661     0.033597    0.005901    0.006398  
     -2.762772  5.219232  3.969182    -0.004836    0.008653   -0.019651  
      0.545699  2.153908  0.921023     0.021888    0.027081   -0.008238  
     -0.381056  3.715882  9.101385    -0.072943   -0.000276    0.021195  
      4.445577  2.153908  4.110021     0.021898   -0.027073   -0.008217  
     -4.195951  3.715882  5.838651    -0.072956    0.000277    0.021191  
     -4.142312  0.755782  5.906023    -0.050649   -0.004687    0.066967  
      4.456348  5.276942  4.098732    -0.006169    0.005209    0.014297  
     -0.434695  0.755782  9.034013    -0.050636    0.004688    0.066925  
      0.534927  5.276942  0.932312    -0.006192   -0.005205    0.014326  
     -5.357135  2.249107  7.858822    -0.000013    0.016934   -0.001578  
      5.591648  3.718102  2.065344    -0.002308   -0.006636    0.001373  
      0.780128  2.249107  7.081214     0.000001   -0.016920   -0.001577  
     -0.600373  3.718102  2.965700    -0.002303    0.006629    0.001375  
     -0.584070  0.753413  2.941938     0.004019    0.008386    0.019841  
      0.762384  5.187597  7.091402     0.000910    0.012534    0.002107  
      5.575345  0.753413  2.089107     0.004016   -0.008375    0.019838  
     -5.339391  5.187597  7.848634     0.000909   -0.012546    0.002107  
      3.936596  2.205034  0.451134    -0.000274   -0.016498    0.009341  
     -3.610877  3.710940  9.477450     0.025715    0.011563   -0.002425  
      1.054679  2.205034  4.579910    -0.000247    0.016483    0.009335  
     -0.966130  3.710940  5.462586     0.025714   -0.011526   -0.002428  
     -0.985568  0.756560  5.481490    -0.000635   -0.012403    0.054214  
      1.064814  5.231939  4.591173     0.007310   -0.010785    0.006709  
     -3.591439  0.756560  9.458547    -0.000637    0.012361    0.054214  
      3.926461  5.231939  0.439871     0.007303    0.010790    0.006709  
     -2.288504  2.009897  7.470018    -0.011817    0.000008   -0.007745  
 
  55 f  =   13.299391 THz    83.562536 2PiTHz  443.619920 cm-1    55.001835 meV
             X         Y         Z           dx          dy          dz
      2.495638  0.754101  2.515522     0.000000    0.000106   -0.000000  
     -2.288504  5.057401  7.470018    -0.000000    0.000663   -0.000000  
     -0.811180  0.753328  1.006346     0.000608    0.015331    0.002589  
      0.967554  5.208194  8.989727    -0.009922   -0.005893    0.005160  
      5.802455  0.753328  4.024698    -0.000609    0.015336   -0.002589  
     -5.544561  5.208194  5.950309     0.009930   -0.005894   -0.005157  
     -5.528641  2.227715  5.962511    -0.001665    0.009575    0.009440  
      5.735997  3.717866  3.963892    -0.001859   -0.007863    0.006332  
      0.951634  2.227715  8.977526     0.001668    0.009573   -0.009452  
     -0.744722  3.717866  1.067153     0.001860   -0.007854   -0.006329  
     -0.893494  2.231301  4.162213    -0.003567   -0.011106   -0.008473  
      1.080252  3.714951  5.859232     0.008917    0.005005    0.001534  
      5.884769  2.231301  0.868832     0.003564   -0.011111    0.008471  
     -5.657260  3.714951  9.080805    -0.008921    0.005017   -0.001534  
     -5.622992  0.751199  9.034813     0.005550   -0.008394   -0.000460  
      5.872018  5.211349  0.883773    -0.000010    0.008033    0.008971  
      1.045985  0.751199  5.905223    -0.005554   -0.008381    0.000460  
     -0.880743  5.211349  4.147272     0.000004    0.008029   -0.008975  
     -2.769217  2.226426  3.943002     0.017566   -0.007751    0.006012  
      3.011632  3.713986  5.983550    -0.002286   -0.023632   -0.000504  
      7.760492  2.226426  1.088042    -0.017562   -0.007759   -0.006024  
     -7.588639  3.713986  8.956487     0.002285   -0.023621    0.000507  
     -7.576192  0.750830  8.935375    -0.013809    0.020383   -0.000260  
      7.754048  5.219232  1.061863     0.007502    0.022621    0.013158  
      2.999184  0.750830  6.004661     0.013819    0.020390    0.000262  
     -2.762772  5.219232  3.969182    -0.007501    0.022638   -0.013159  
      0.545699  2.153908  0.921023    -0.045041   -0.030303    0.038930  
     -0.381056  3.715882  9.101385     0.026666    0.006958   -0.002675  
      4.445577  2.153908  4.110021     0.045045   -0.030316   -0.038923  
     -4.195951  3.715882  5.838651    -0.026687    0.006980    0.002689  
     -4.142312  0.755782  5.906023    -0.015336   -0.007037   -0.009487  
      4.456348  5.276942  4.098732    -0.024102   -0.018963    0.023683  
     -0.434695  0.755782  9.034013     0.015318   -0.007021    0.009498  
      0.534927  5.276942  0.932312     0.024111   -0.018960   -0.023687  
     -5.357135  2.249107  7.858822     0.009760    0.006197   -0.012929  
      5.591648  3.718102  2.065344    -0.009568   -0.006579   -0.002844  
      0.780128  2.249107  7.081214    -0.009750    0.006199    0.012929  
     -0.600373  3.718102  2.965700     0.009568   -0.006569    0.002844  
     -0.584070  0.753413  2.941938    -0.007498   -0.009412   -0.012978  
      0.762384  5.187597  7.091402    -0.001828    0.001244   -0.013766  
      5.575345  0.753413  2.089107     0.007498   -0.009401    0.012988  
     -5.339391  5.187597  7.848634     0.001825    0.001243    0.013765  
      3.936596  2.205034  0.451134     0.040894    0.008795   -0.020674  
     -3.610877  3.710940  9.477450     0.009149   -0.049560   -0.048379  
      1.054679  2.205034  4.579910    -0.040884    0.008801    0.020691  
     -0.966130  3.710940  5.462586    -0.009141   -0.049540    0.048372  
     -0.985568  0.756560  5.481490     0.014659    0.081588    0.007923  
      1.064814  5.231939  4.591173     0.040026   -0.009108   -0.028042  
     -3.591439  0.756560  9.458547    -0.014658    0.081625   -0.007909  
      3.926461  5.231939  0.439871    -0.040015   -0.009106    0.028037  
     -2.288504  2.009897  7.470018     0.000000   -0.022430   -0.000007  
 
  56 f  =   13.197182 THz    82.920341 2PiTHz  440.210610 cm-1    54.579135 meV
             X         Y         Z           dx          dy          dz
      2.495638  0.754101  2.515522     0.000000    0.000333    0.000000  
     -2.288504  5.057401  7.470018    -0.000000   -0.001402   -0.000001  
     -0.811180  0.753328  1.006346    -0.004116    0.006787   -0.002726  
      0.967554  5.208194  8.989727    -0.011947    0.006119    0.005747  
      5.802455  0.753328  4.024698     0.004111    0.006792    0.002734  
     -5.544561  5.208194  5.950309     0.011954    0.006126   -0.005746  
     -5.528641  2.227715  5.962511     0.006009   -0.005654   -0.004063  
      5.735997  3.717866  3.963892     0.003936   -0.006139   -0.005449  
      0.951634  2.227715  8.977526    -0.006002   -0.005650    0.004058  
     -0.744722  3.717866  1.067153    -0.003940   -0.006135    0.005446  
     -0.893494  2.231301  4.162213     0.010453    0.015362   -0.004175  
      1.080252  3.714951  5.859232     0.005363   -0.010681    0.005416  
      5.884769  2.231301  0.868832    -0.010456    0.015377    0.004178  
     -5.657260  3.714951  9.080805    -0.005367   -0.010678   -0.005418  
     -5.622992  0.751199  9.034813    -0.019352    0.009945   -0.002382  
      5.872018  5.211349  0.883773    -0.005374   -0.014969   -0.001432  
      1.045985  0.751199  5.905223     0.019342    0.009946    0.002379  
     -0.880743  5.211349  4.147272     0.005373   -0.014958    0.001434  
     -2.769217  2.226426  3.943002     0.008907    0.025408   -0.013766  
      3.011632  3.713986  5.983550    -0.011797   -0.013437    0.001865  
      7.760492  2.226426  1.088042    -0.008910    0.025404    0.013757  
     -7.588639  3.713986  8.956487     0.011810   -0.013431   -0.001861  
     -7.576192  0.750830  8.935375     0.007573    0.012764   -0.006746  
      7.754048  5.219232  1.061863     0.009342   -0.007764    0.007074  
      2.999184  0.750830  6.004661    -0.007575    0.012764    0.006748  
     -2.762772  5.219232  3.969182    -0.009351   -0.007762   -0.007082  
      0.545699  2.153908  0.921023    -0.000935    0.003749   -0.012823  
     -0.381056  3.715882  9.101385     0.035503    0.011357    0.001611  
      4.445577  2.153908  4.110021     0.000958    0.003752    0.012816  
     -4.195951  3.715882  5.838651    -0.035529    0.011359   -0.001618  
     -4.142312  0.755782  5.906023    -0.021360   -0.006440    0.033590  
      4.456348  5.276942  4.098732    -0.038675   -0.028815   -0.001549  
     -0.434695  0.755782  9.034013     0.021345   -0.006436   -0.033572  
      0.534927  5.276942  0.932312     0.038696   -0.028805    0.001535  
     -5.357135  2.249107  7.858822     0.007275    0.004042   -0.007465  
      5.591648  3.718102  2.065344     0.003743   -0.004542    0.018173  
      0.780128  2.249107  7.081214    -0.007269    0.004041    0.007462  
     -0.600373  3.718102  2.965700    -0.003746   -0.004538   -0.018154  
     -0.584070  0.753413  2.941938     0.020288    0.011366   -0.005315  
      0.762384  5.187597  7.091402    -0.028278    0.001135   -0.010966  
      5.575345  0.753413  2.089107    -0.020293    0.011372    0.005305  
     -5.339391  5.187597  7.848634     0.028282    0.001128    0.010964  
      3.936596  2.205034  0.451134     0.083579   -0.014295    0.010208  
     -3.610877  3.710940  9.477450    -0.027489    0.007202    0.011256  
      1.054679  2.205034  4.579910    -0.083553   -0.014320   -0.010193  
     -0.966130  3.710940  5.462586     0.027474    0.007225   -0.011232  
     -0.985568  0.756560  5.481490     0.008732   -0.026419    0.042244  
      1.064814  5.231939  4.591173    -0.054689    0.018384   -0.041338  
     -3.591439  0.756560  9.458547    -0.008717   -0.026425   -0.042280  
      3.926461  5.231939  0.439871     0.054713    0.018374    0.041351  
     -2.288504  2.009897  7.470018    -0.000000    0.037174   -0.000007  
 
  57 f  =   13.138489 THz    82.551561 2PiTHz  438.252818 cm-1    54.336400 meV
             X         Y         Z           dx          dy          dz
      2.495638  0.754101  2.515522    -0.000000    0.000909   -0.000001  
     -2.288504  5.057401  7.470018     0.000001   -0.000147   -0.000002  
     -0.811180  0.753328  1.006346     0.001306    0.012212   -0.000599  
      0.967554  5.208194  8.989727    -0.004431   -0.000048   -0.000158  
      5.802455  0.753328  4.024698    -0.001316    0.012285    0.000618  
     -5.544561  5.208194  5.950309     0.004425   -0.000030    0.000165  
     -5.528641  2.227715  5.962511    -0.010230    0.002535    0.000270  
      5.735997  3.717866  3.963892    -0.001353   -0.008076    0.003227  
      0.951634  2.227715  8.977526     0.010211    0.002546   -0.000255  
     -0.744722  3.717866  1.067153     0.001337   -0.008001   -0.003250  
     -0.893494  2.231301  4.162213     0.004418   -0.005520    0.001783  
      1.080252  3.714951  5.859232    -0.006610   -0.029476   -0.003316  
      5.884769  2.231301  0.868832    -0.004465   -0.005461   -0.001757  
     -5.657260  3.714951  9.080805     0.006580   -0.029438    0.003307  
     -5.622992  0.751199  9.034813     0.010041    0.026054    0.001510  
      5.872018  5.211349  0.883773     0.013269    0.004291   -0.011142  
      1.045985  0.751199  5.905223    -0.010091    0.026097   -0.001520  
     -0.880743  5.211349  4.147272    -0.013269    0.004329    0.011164  
     -2.769217  2.226426  3.943002     0.019371    0.009270   -0.009744  
      3.011632  3.713986  5.983550     0.004490   -0.025205    0.000640  
      7.760492  2.226426  1.088042    -0.019376    0.009170    0.009705  
     -7.588639  3.713986  8.956487    -0.004435   -0.025233   -0.000648  
     -7.576192  0.750830  8.935375    -0.000517    0.017395    0.001100  
      7.754048  5.219232  1.061863     0.022038    0.021013   -0.016014  
      2.999184  0.750830  6.004661     0.000517    0.017358   -0.001106  
     -2.762772  5.219232  3.969182    -0.022054    0.021158    0.016052  
      0.545699  2.153908  0.921023    -0.033861   -0.029577   -0.028142  
     -0.381056  3.715882  9.101385    -0.020453    0.032637   -0.003598  
      4.445577  2.153908  4.110021     0.034049   -0.029691    0.028009  
     -4.195951  3.715882  5.838651     0.020459    0.032753    0.003548  
     -4.142312  0.755782  5.906023     0.011236   -0.024710   -0.010393  
      4.456348  5.276942  4.098732    -0.023811   -0.020935   -0.028335  
     -0.434695  0.755782  9.034013    -0.011239   -0.024666    0.010403  
      0.534927  5.276942  0.932312     0.023826   -0.020762    0.028378  
     -5.357135  2.249107  7.858822    -0.030934    0.008030   -0.020796  
      5.591648  3.718102  2.065344    -0.001435   -0.022510   -0.008927  
      0.780128  2.249107  7.081214     0.031013    0.008020    0.020745  
     -0.600373  3.718102  2.965700     0.001436   -0.022489    0.008965  
     -0.584070  0.753413  2.941938    -0.007105    0.019419    0.005864  
      0.762384  5.187597  7.091402    -0.009261    0.012581   -0.021169  
      5.575345  0.753413  2.089107     0.007070    0.019459   -0.005898  
     -5.339391  5.187597  7.848634     0.009278    0.012590    0.021236  
      3.936596  2.205034  0.451134    -0.001174    0.002448   -0.036145  
     -3.610877  3.710940  9.477450     0.004952    0.042599    0.009859  
      1.054679  2.205034  4.579910     0.001421    0.002448    0.036125  
     -0.966130  3.710940  5.462586    -0.005020    0.042849   -0.009817  
     -0.985568  0.756560  5.481490    -0.001080   -0.046732   -0.029396  
      1.064814  5.231939  4.591173     0.059962   -0.006093   -0.008925  
     -3.591439  0.756560  9.458547     0.001110   -0.046494    0.029270  
      3.926461  5.231939  0.439871    -0.059875   -0.006114    0.009029  
     -2.288504  2.009897  7.470018     0.000025   -0.003255   -0.000044  
 
  58 f  =   13.122224 THz    82.449364 2PiTHz  437.710274 cm-1    54.269133 meV
             X         Y         Z           dx          dy          dz
      2.495638  0.754101  2.515522    -0.000151   -0.000002   -0.000322  
     -2.288504  5.057401  7.470018     0.000513    0.000000   -0.000954  
     -0.811180  0.753328  1.006346    -0.003460   -0.018077    0.004989  
      0.967554  5.208194  8.989727     0.000062   -0.004014    0.001124  
      5.802455  0.753328  4.024698    -0.003455    0.018021    0.004984  
     -5.544561  5.208194  5.950309     0.000039    0.004019    0.001122  
     -5.528641  2.227715  5.962511    -0.003341   -0.002258    0.002616  
      5.735997  3.717866  3.963892    -0.003804   -0.018972   -0.004355  
      0.951634  2.227715  8.977526    -0.003379    0.002242    0.002616  
     -0.744722  3.717866  1.067153    -0.003812    0.019012   -0.004339  
     -0.893494  2.231301  4.162213    -0.013031   -0.015019    0.006130  
      1.080252  3.714951  5.859232    -0.008422   -0.008277   -0.002888  
      5.884769  2.231301  0.868832    -0.013006    0.015046    0.006137  
     -5.657260  3.714951  9.080805    -0.008433    0.008398   -0.002897  
     -5.622992  0.751199  9.034813    -0.014578   -0.009481   -0.002322  
      5.872018  5.211349  0.883773    -0.000631   -0.009586    0.004445  
      1.045985  0.751199  5.905223    -0.014542    0.009376   -0.002322  
     -0.880743  5.211349  4.147272    -0.000587    0.009565    0.004397  
     -2.769217  2.226426  3.943002    -0.001986    0.024734   -0.010753  
      3.011632  3.713986  5.983550     0.014615    0.005292   -0.001255  
      7.760492  2.226426  1.088042    -0.001898   -0.024775   -0.010805  
     -7.588639  3.713986  8.956487     0.014627   -0.005189   -0.001260  
     -7.576192  0.750830  8.935375     0.002327    0.007234   -0.001918  
      7.754048  5.219232  1.061863    -0.005812   -0.035648    0.007652  
      2.999184  0.750830  6.004661     0.002323   -0.007311   -0.001919  
     -2.762772  5.219232  3.969182    -0.005728    0.035547    0.007598  
      0.545699  2.153908  0.921023     0.050050    0.029965   -0.033386  
     -0.381056  3.715882  9.101385    -0.003327   -0.027374   -0.014263  
      4.445577  2.153908  4.110021     0.049911   -0.029856   -0.033504  
     -4.195951  3.715882  5.838651    -0.003377    0.027244   -0.014306  
     -4.142312  0.755782  5.906023    -0.004506   -0.010796    0.007030  
      4.456348  5.276942  4.098732     0.004891   -0.039782    0.010101  
     -0.434695  0.755782  9.034013    -0.004470    0.010902    0.006973  
      0.534927  5.276942  0.932312     0.004766    0.039884    0.009992  
     -5.357135  2.249107  7.858822     0.019626    0.004213   -0.012510  
      5.591648  3.718102  2.065344    -0.000198   -0.005980    0.011321  
      0.780128  2.249107  7.081214     0.019512   -0.004235   -0.012594  
     -0.600373  3.718102  2.965700    -0.000207    0.006083    0.011281  
     -0.584070  0.753413  2.941938    -0.008586   -0.011790   -0.008472  
      0.762384  5.187597  7.091402     0.005745   -0.000718    0.016382  
      5.575345  0.753413  2.089107    -0.008622    0.011713   -0.008471  
     -5.339391  5.187597  7.848634     0.005689    0.000656    0.016294  
      3.936596  2.205034  0.451134     0.066216   -0.000007   -0.002099  
     -3.610877  3.710940  9.477450    -0.016599   -0.059466    0.011949  
      1.054679  2.205034  4.579910     0.066262    0.000002   -0.002230  
     -0.966130  3.710940  5.462586    -0.016581    0.059282    0.011954  
     -0.985568  0.756560  5.481490     0.007014   -0.052998   -0.031263  
      1.064814  5.231939  4.591173     0.028751    0.004972    0.028841  
     -3.591439  0.756560  9.458547     0.007031    0.053181   -0.031389  
      3.926461  5.231939  0.439871     0.028948   -0.004955    0.028781  
     -2.288504  2.009897  7.470018     0.010591    0.000016   -0.021836  
 
  59 f  =   13.045167 THz    81.965200 2PiTHz  435.139925 cm-1    53.950450 meV
             X         Y         Z           dx          dy          dz
      2.495638  0.754101  2.515522    -0.000000   -0.000041   -0.000000  
     -2.288504  5.057401  7.470018     0.000000    0.001761   -0.000001  
     -0.811180  0.753328  1.006346    -0.008244   -0.000015    0.002383  
      0.967554  5.208194  8.989727     0.006408   -0.008802   -0.003944  
      5.802455  0.753328  4.024698     0.008232   -0.000022   -0.002369  
     -5.544561  5.208194  5.950309    -0.006402   -0.008807    0.003942  
     -5.528641  2.227715  5.962511    -0.004325    0.008382   -0.000382  
      5.735997  3.717866  3.963892    -0.003298   -0.001433    0.000438  
      0.951634  2.227715  8.977526     0.004332    0.008372    0.000378  
     -0.744722  3.717866  1.067153     0.003286   -0.001441   -0.000440  
     -0.893494  2.231301  4.162213     0.004672   -0.019536    0.006029  
      1.080252  3.714951  5.859232     0.021793   -0.003805    0.001577  
      5.884769  2.231301  0.868832    -0.004680   -0.019507   -0.006034  
     -5.657260  3.714951  9.080805    -0.021799   -0.003809   -0.001584  
     -5.622992  0.751199  9.034813     0.000122    0.000347   -0.007448  
      5.872018  5.211349  0.883773    -0.005474    0.018026   -0.006549  
      1.045985  0.751199  5.905223    -0.000156    0.000338    0.007448  
     -0.880743  5.211349  4.147272     0.005460    0.018058    0.006546  
     -2.769217  2.226426  3.943002     0.008168   -0.012375   -0.000891  
      3.011632  3.713986  5.983550    -0.003832    0.006026   -0.014886  
      7.760492  2.226426  1.088042    -0.008176   -0.012340    0.000887  
     -7.588639  3.713986  8.956487     0.003862    0.006035    0.014895  
     -7.576192  0.750830  8.935375     0.013960   -0.005486   -0.008598  
      7.754048  5.219232  1.061863    -0.013160    0.012931   -0.003797  
      2.999184  0.750830  6.004661    -0.013934   -0.005478    0.008595  
     -2.762772  5.219232  3.969182     0.013144    0.012932    0.003779  
      0.545699  2.153908  0.921023     0.023433    0.034739   -0.019127  
     -0.381056  3.715882  9.101385    -0.004659   -0.000569   -0.040190  
      4.445577  2.153908  4.110021    -0.023381    0.034742    0.019116  
     -4.195951  3.715882  5.838651     0.004598   -0.000594    0.040174  
     -4.142312  0.755782  5.906023     0.024408   -0.006666   -0.053630  
      4.456348  5.276942  4.098732    -0.016949   -0.017180    0.009338  
     -0.434695  0.755782  9.034013    -0.024430   -0.006662    0.053669  
      0.534927  5.276942  0.932312     0.017025   -0.017207   -0.009372  
     -5.357135  2.249107  7.858822     0.007338   -0.019250    0.003017  
      5.591648  3.718102  2.065344    -0.012139   -0.007819   -0.020144  
      0.780128  2.249107  7.081214    -0.007328   -0.019268   -0.003010  
     -0.600373  3.718102  2.965700     0.012136   -0.007847    0.020178  
     -0.584070  0.753413  2.941938    -0.013483   -0.008843   -0.032889  
      0.762384  5.187597  7.091402    -0.012009    0.024197    0.004550  
      5.575345  0.753413  2.089107     0.013469   -0.008828    0.032852  
     -5.339391  5.187597  7.848634     0.012032    0.024171   -0.004557  
      3.936596  2.205034  0.451134     0.040857   -0.000131    0.019111  
     -3.610877  3.710940  9.477450     0.015589    0.030704   -0.036692  
      1.054679  2.205034  4.579910    -0.040768   -0.000150   -0.019079  
     -0.966130  3.710940  5.462586    -0.015642    0.030708    0.036757  
     -0.985568  0.756560  5.481490     0.032076   -0.005159   -0.061432  
      1.064814  5.231939  4.591173    -0.055360    0.003303   -0.003797  
     -3.591439  0.756560  9.458547    -0.032063   -0.005224    0.061398  
      3.926461  5.231939  0.439871     0.055471    0.003296    0.003820  
     -2.288504  2.009897  7.470018    -0.000005   -0.056313    0.000000  
 
  60 f  =   12.988481 THz    81.609033 2PiTHz  433.249092 cm-1    53.716017 meV
             X         Y         Z           dx          dy          dz
      2.495638  0.754101  2.515522    -0.000250    0.000000   -0.000287  
     -2.288504  5.057401  7.470018     0.000159   -0.000001   -0.000584  
     -0.811180  0.753328  1.006346    -0.004353    0.011389    0.002988  
      0.967554  5.208194  8.989727     0.001394    0.004860    0.002322  
      5.802455  0.753328  4.024698    -0.004365   -0.011383    0.002991  
     -5.544561  5.208194  5.950309     0.001403   -0.004847    0.002317  
     -5.528641  2.227715  5.962511     0.002545    0.006649   -0.003268  
      5.735997  3.717866  3.963892    -0.003344    0.010963   -0.001652  
      0.951634  2.227715  8.977526     0.002541   -0.006662   -0.003265  
     -0.744722  3.717866  1.067153    -0.003346   -0.010964   -0.001654  
     -0.893494  2.231301  4.162213     0.000232   -0.014858   -0.002296  
      1.080252  3.714951  5.859232    -0.002203    0.000966   -0.005468  
      5.884769  2.231301  0.868832     0.000246    0.014878   -0.002288  
     -5.657260  3.714951  9.080805    -0.002162   -0.000964   -0.005461  
     -5.622992  0.751199  9.034813    -0.017620    0.006674    0.000158  
      5.872018  5.211349  0.883773    -0.010788   -0.016191   -0.002023  
      1.045985  0.751199  5.905223    -0.017632   -0.006673    0.000147  
     -0.880743  5.211349  4.147272    -0.010806    0.016172   -0.002031  
     -2.769217  2.226426  3.943002    -0.005382   -0.026431    0.003495  
      3.011632  3.713986  5.983550     0.013385   -0.008597    0.004694  
      7.760492  2.226426  1.088042    -0.005373    0.026446    0.003493  
     -7.588639  3.713986  8.956487     0.013368    0.008588    0.004670  
     -7.576192  0.750830  8.935375     0.009394   -0.008660   -0.006813  
      7.754048  5.219232  1.061863    -0.010358    0.014234   -0.009704  
      2.999184  0.750830  6.004661     0.009411    0.008666   -0.006825  
     -2.762772  5.219232  3.969182    -0.010382   -0.014240   -0.009703  
      0.545699  2.153908  0.921023     0.011552   -0.010328    0.005561  
     -0.381056  3.715882  9.101385    -0.026656    0.017842   -0.012819  
      4.445577  2.153908  4.110021     0.011607    0.010271    0.005541  
     -4.195951  3.715882  5.838651    -0.026643   -0.017834   -0.012877  
     -4.142312  0.755782  5.906023    -0.006905   -0.001516    0.030011  
      4.456348  5.276942  4.098732     0.045315    0.033280   -0.027366  
     -0.434695  0.755782  9.034013    -0.006874    0.001524    0.029947  
      0.534927  5.276942  0.932312     0.045280   -0.033264   -0.027345  
     -5.357135  2.249107  7.858822     0.003035    0.009638    0.013278  
      5.591648  3.718102  2.065344    -0.001242    0.017641    0.020230  
      0.780128  2.249107  7.081214     0.003058   -0.009612    0.013288  
     -0.600373  3.718102  2.965700    -0.001254   -0.017642    0.020213  
     -0.584070  0.753413  2.941938    -0.011627   -0.006501   -0.022165  
      0.762384  5.187597  7.091402     0.016519    0.020755   -0.012288  
      5.575345  0.753413  2.089107    -0.011643    0.006514   -0.022209  
     -5.339391  5.187597  7.848634     0.016490   -0.020783   -0.012281  
      3.936596  2.205034  0.451134     0.037267    0.012542    0.030176  
     -3.610877  3.710940  9.477450    -0.031464    0.019401    0.041531  
      1.054679  2.205034  4.579910     0.037359   -0.012535    0.030215  
     -0.966130  3.710940  5.462586    -0.031453   -0.019435    0.041495  
     -0.985568  0.756560  5.481490     0.003563    0.067422   -0.022898  
      1.064814  5.231939  4.591173     0.073004    0.005875   -0.001412  
     -3.591439  0.756560  9.458547     0.003604   -0.067410   -0.022965  
      3.926461  5.231939  0.439871     0.072883   -0.005890   -0.001425  
     -2.288504  2.009897  7.470018    -0.007319    0.000031    0.009214  
 
  61 f  =   12.409019 THz    77.968168 2PiTHz  413.920332 cm-1    51.319557 meV
             X         Y         Z           dx          dy          dz
      2.495638  0.754101  2.515522    -0.000376   -0.000000   -0.000840  
     -2.288504  5.057401  7.470018     0.000026    0.000003    0.000482  
     -0.811180  0.753328  1.006346     0.004307   -0.003362   -0.007254  
      0.967554  5.208194  8.989727    -0.003040    0.040692    0.004364  
      5.802455  0.753328  4.024698     0.004310    0.003357   -0.007222  
     -5.544561  5.208194  5.950309    -0.003023   -0.040589    0.004333  
     -5.528641  2.227715  5.962511    -0.005026    0.044295    0.005759  
      5.735997  3.717866  3.963892    -0.000941   -0.002207   -0.000695  
      0.951634  2.227715  8.977526    -0.005042   -0.044399    0.005784  
     -0.744722  3.717866  1.067153    -0.000933    0.002219   -0.000703  
     -0.893494  2.231301  4.162213    -0.000425   -0.008848    0.003184  
      1.080252  3.714951  5.859232     0.028405   -0.003399   -0.001846  
      5.884769  2.231301  0.868832    -0.000431    0.008820    0.003182  
     -5.657260  3.714951  9.080805     0.028463    0.003404   -0.001806  
     -5.622992  0.751199  9.034813    -0.012761   -0.000503    0.004156  
      5.872018  5.211349  0.883773     0.001293   -0.008218    0.002358  
      1.045985  0.751199  5.905223    -0.012738    0.000488    0.004166  
     -0.880743  5.211349  4.147272     0.001298    0.008236    0.002362  
     -2.769217  2.226426  3.943002     0.012634   -0.018006    0.005243  
      3.011632  3.713986  5.983550    -0.030076    0.005875    0.001044  
      7.760492  2.226426  1.088042     0.012677    0.018061    0.005254  
     -7.588639  3.713986  8.956487    -0.030187   -0.005893    0.001017  
     -7.576192  0.750830  8.935375     0.036552   -0.005235   -0.008306  
      7.754048  5.219232  1.061863     0.012051   -0.023966    0.008869  
      2.999184  0.750830  6.004661     0.036452    0.005229   -0.008229  
     -2.762772  5.219232  3.969182     0.012011    0.023917    0.008842  
      0.545699  2.153908  0.921023    -0.003180    0.015019    0.001740  
     -0.381056  3.715882  9.101385    -0.042228    0.013152    0.013103  
      4.445577  2.153908  4.110021    -0.003152   -0.014941    0.001696  
     -4.195951  3.715882  5.838651    -0.042166   -0.013144    0.013094  
     -4.142312  0.755782  5.906023     0.051351   -0.017784   -0.030152  
      4.456348  5.276942  4.098732    -0.015961    0.013159    0.009574  
     -0.434695  0.755782  9.034013     0.051441    0.017824   -0.030200  
      0.534927  5.276942  0.932312    -0.015975   -0.013284    0.009601  
     -5.357135  2.249107  7.858822    -0.004247    0.015864   -0.000801  
      5.591648  3.718102  2.065344     0.006576    0.003168    0.011861  
      0.780128  2.249107  7.081214    -0.004238   -0.015943   -0.000793  
     -0.600373  3.718102  2.965700     0.006572   -0.003179    0.011907  
     -0.584070  0.753413  2.941938    -0.004283   -0.008792   -0.019679  
      0.762384  5.187597  7.091402    -0.010980    0.015382    0.007106  
      5.575345  0.753413  2.089107    -0.004318    0.008774   -0.019607  
     -5.339391  5.187597  7.848634    -0.010998   -0.015314    0.007103  
      3.936596  2.205034  0.451134    -0.022572    0.000440   -0.014535  
     -3.610877  3.710940  9.477450    -0.010839   -0.021170    0.004136  
      1.054679  2.205034  4.579910    -0.022536   -0.000468   -0.014528  
     -0.966130  3.710940  5.462586    -0.010888    0.021183    0.004232  
     -0.985568  0.756560  5.481490     0.008743   -0.005497   -0.020380  
      1.064814  5.231939  4.591173    -0.023883    0.004423   -0.001756  
     -3.591439  0.756560  9.458547     0.008730    0.005538   -0.020364  
      3.926461  5.231939  0.439871    -0.023914   -0.004340   -0.001719  
     -2.288504  2.009897  7.470018     0.005023   -0.000062   -0.000827  
 
  62 f  =   12.388357 THz    77.838343 2PiTHz  413.231112 cm-1    51.234105 meV
             X         Y         Z           dx          dy          dz
      2.495638  0.754101  2.515522     0.000001   -0.000083    0.000001  
     -2.288504  5.057401  7.470018    -0.000000    0.002033   -0.000001  
     -0.811180  0.753328  1.006346    -0.001675   -0.001139   -0.010703  
      0.967554  5.208194  8.989727    -0.004547    0.038771    0.009917  
      5.802455  0.753328  4.024698     0.001665   -0.001151    0.010721  
     -5.544561  5.208194  5.950309     0.004557    0.038884   -0.009929  
     -5.528641  2.227715  5.962511     0.004540   -0.039804   -0.007452  
      5.735997  3.717866  3.963892    -0.001922    0.003563    0.001270  
      0.951634  2.227715  8.977526    -0.004528   -0.039680    0.007438  
     -0.744722  3.717866  1.067153     0.001925    0.003559   -0.001270  
     -0.893494  2.231301  4.162213     0.001029   -0.011493    0.000349  
      1.080252  3.714951  5.859232    -0.020432    0.000923   -0.013717  
      5.884769  2.231301  0.868832    -0.001025   -0.011520   -0.000357  
     -5.657260  3.714951  9.080805     0.020355    0.000917    0.013721  
     -5.622992  0.751199  9.034813    -0.008836   -0.004687   -0.004292  
      5.872018  5.211349  0.883773    -0.000471    0.007531   -0.001324  
      1.045985  0.751199  5.905223     0.008875   -0.004685    0.004279  
     -0.880743  5.211349  4.147272     0.000467    0.007505    0.001320  
     -2.769217  2.226426  3.943002    -0.015444    0.019730   -0.001733  
      3.011632  3.713986  5.983550     0.039024   -0.005822    0.008285  
      7.760492  2.226426  1.088042     0.015411    0.019678    0.001719  
     -7.588639  3.713986  8.956487    -0.038944   -0.005803   -0.008287  
     -7.576192  0.750830  8.935375     0.036505   -0.001411   -0.025654  
      7.754048  5.219232  1.061863     0.014586   -0.017765    0.006845  
      2.999184  0.750830  6.004661    -0.036606   -0.001426    0.025673  
     -2.762772  5.219232  3.969182    -0.014618   -0.017825   -0.006868  
      0.545699  2.153908  0.921023    -0.011323    0.027720    0.013839  
     -0.381056  3.715882  9.101385    -0.022027    0.003330    0.002384  
      4.445577  2.153908  4.110021     0.011329    0.027759   -0.013845  
     -4.195951  3.715882  5.838651     0.022148    0.003378   -0.002416  
     -4.142312  0.755782  5.906023    -0.028371    0.014674    0.014945  
      4.456348  5.276942  4.098732     0.007263   -0.045129   -0.009513  
     -0.434695  0.755782  9.034013     0.028225    0.014624   -0.014866  
      0.534927  5.276942  0.932312    -0.007228   -0.045089    0.009491  
     -5.357135  2.249107  7.858822    -0.004616   -0.028128   -0.003228  
      5.591648  3.718102  2.065344    -0.000162   -0.004648   -0.018670  
      0.780128  2.249107  7.081214     0.004627   -0.028078    0.003230  
     -0.600373  3.718102  2.965700     0.000145   -0.004643    0.018635  
     -0.584070  0.753413  2.941938     0.013406   -0.005871   -0.026242  
      0.762384  5.187597  7.091402     0.006899    0.025674    0.000864  
      5.575345  0.753413  2.089107    -0.013388   -0.005896    0.026301  
     -5.339391  5.187597  7.848634    -0.006874    0.025719   -0.000883  
      3.936596  2.205034  0.451134    -0.013481   -0.010756   -0.004478  
     -3.610877  3.710940  9.477450     0.017726    0.005622   -0.032711  
      1.054679  2.205034  4.579910     0.013532   -0.010753    0.004516  
     -0.966130  3.710940  5.462586    -0.017691    0.005569    0.032694  
     -0.985568  0.756560  5.481490     0.003183    0.016550   -0.009405  
      1.064814  5.231939  4.591173     0.012525    0.029436   -0.010626  
     -3.591439  0.756560  9.458547    -0.003209    0.016538    0.009460  
      3.926461  5.231939  0.439871    -0.012469    0.029455    0.010626  
     -2.288504  2.009897  7.470018    -0.000007   -0.046220   -0.000000  
 
  63 f  =   11.898535 THz    74.760700 2PiTHz  396.892403 cm-1    49.208364 meV
             X         Y         Z           dx          dy          dz
      2.495638  0.754101  2.515522     0.000262   -0.000000   -0.000368  
     -2.288504  5.057401  7.470018     0.000672   -0.000000   -0.001514  
     -0.811180  0.753328  1.006346     0.001031    0.023449   -0.006127  
      0.967554  5.208194  8.989727     0.010270   -0.005311   -0.008661  
      5.802455  0.753328  4.024698     0.000983   -0.023461   -0.006088  
     -5.544561  5.208194  5.950309     0.010281    0.005313   -0.008689  
     -5.528641  2.227715  5.962511    -0.009862    0.003620    0.012204  
      5.735997  3.717866  3.963892     0.002245    0.033956   -0.000447  
      0.951634  2.227715  8.977526    -0.009864   -0.003609    0.012210  
     -0.744722  3.717866  1.067153     0.002274   -0.033923   -0.000475  
     -0.893494  2.231301  4.162213     0.015850    0.010844   -0.002679  
      1.080252  3.714951  5.859232    -0.002624    0.004731   -0.006161  
      5.884769  2.231301  0.868832     0.015733   -0.010852   -0.002717  
     -5.657260  3.714951  9.080805    -0.002606   -0.004726   -0.006160  
     -5.622992  0.751199  9.034813     0.002716    0.002547    0.005597  
      5.872018  5.211349  0.883773    -0.016213    0.010418    0.008780  
      1.045985  0.751199  5.905223     0.002681   -0.002560    0.005588  
     -0.880743  5.211349  4.147272    -0.016106   -0.010418    0.008809  
     -2.769217  2.226426  3.943002     0.011199   -0.006093    0.007955  
      3.011632  3.713986  5.983550     0.004260   -0.032660    0.004487  
      7.760492  2.226426  1.088042     0.011198    0.006093    0.008024  
     -7.588639  3.713986  8.956487     0.004227    0.032647    0.004475  
     -7.576192  0.750830  8.935375    -0.005444   -0.030547   -0.007959  
      7.754048  5.219232  1.061863    -0.005715   -0.003045   -0.006546  
      2.999184  0.750830  6.004661    -0.005346    0.030585   -0.007949  
     -2.762772  5.219232  3.969182    -0.005712    0.003064   -0.006642  
      0.545699  2.153908  0.921023     0.039073    0.054869    0.004261  
     -0.381056  3.715882  9.101385     0.016837    0.028932   -0.003497  
      4.445577  2.153908  4.110021     0.039013   -0.054899    0.004245  
     -4.195951  3.715882  5.838651     0.016781   -0.029004   -0.003476  
     -4.142312  0.755782  5.906023    -0.020370    0.039056    0.005337  
      4.456348  5.276942  4.098732    -0.050261   -0.015593    0.000384  
     -0.434695  0.755782  9.034013    -0.020425   -0.039034    0.005351  
      0.534927  5.276942  0.932312    -0.050107    0.015533    0.000373  
     -5.357135  2.249107  7.858822     0.015788   -0.000059    0.005614  
      5.591648  3.718102  2.065344     0.005934    0.021579    0.003369  
      0.780128  2.249107  7.081214     0.015825    0.000055    0.005595  
     -0.600373  3.718102  2.965700     0.005843   -0.021551    0.003373  
     -0.584070  0.753413  2.941938    -0.004567    0.004452   -0.002826  
      0.762384  5.187597  7.091402    -0.016652    0.008304   -0.002298  
      5.575345  0.753413  2.089107    -0.004401   -0.004465   -0.002853  
     -5.339391  5.187597  7.848634    -0.016689   -0.008313   -0.002292  
      3.936596  2.205034  0.451134    -0.033955    0.001154   -0.006232  
     -3.610877  3.710940  9.477450     0.001163   -0.048125    0.022742  
      1.054679  2.205034  4.579910    -0.033918   -0.001127   -0.006287  
     -0.966130  3.710940  5.462586     0.001030    0.048114    0.022706  
     -0.985568  0.756560  5.481490     0.002279   -0.012052   -0.028851  
      1.064814  5.231939  4.591173     0.021852   -0.028983    0.003784  
     -3.591439  0.756560  9.458547     0.002413    0.012036   -0.028862  
      3.926461  5.231939  0.439871     0.021838    0.029005    0.003871  
     -2.288504  2.009897  7.470018     0.012567    0.000017   -0.000461  
 
  64 f  =   11.880965 THz    74.650302 2PiTHz  396.306319 cm-1    49.135699 meV
             X         Y         Z           dx          dy          dz
      2.495638  0.754101  2.515522     0.000000   -0.000137    0.000000  
     -2.288504  5.057401  7.470018    -0.000001   -0.000240    0.000002  
     -0.811180  0.753328  1.006346     0.015015   -0.004698   -0.014618  
      0.967554  5.208194  8.989727    -0.003705    0.001663    0.009635  
      5.802455  0.753328  4.024698    -0.015021   -0.004614    0.014633  
     -5.544561  5.208194  5.950309     0.003675    0.001649   -0.009609  
     -5.528641  2.227715  5.962511     0.000442    0.002761   -0.001097  
      5.735997  3.717866  3.963892    -0.009413    0.010290    0.009509  
      0.951634  2.227715  8.977526    -0.000399    0.002776    0.001046  
     -0.744722  3.717866  1.067153     0.009409    0.010425   -0.009498  
     -0.893494  2.231301  4.162213     0.037907   -0.002291    0.013273  
      1.080252  3.714951  5.859232    -0.005923    0.001767   -0.000857  
      5.884769  2.231301  0.868832    -0.037968   -0.002287   -0.013260  
     -5.657260  3.714951  9.080805     0.005921    0.001788    0.000864  
     -5.622992  0.751199  9.034813     0.010717   -0.003773    0.003296  
      5.872018  5.211349  0.883773    -0.035271    0.000699   -0.010002  
      1.045985  0.751199  5.905223    -0.010719   -0.003767   -0.003292  
     -0.880743  5.211349  4.147272     0.035329    0.000694    0.009968  
     -2.769217  2.226426  3.943002    -0.000986    0.001189   -0.023855  
      3.011632  3.713986  5.983550     0.011088   -0.003739    0.001573  
      7.760492  2.226426  1.088042     0.000955    0.001186    0.023822  
     -7.588639  3.713986  8.956487    -0.011092   -0.003851   -0.001573  
     -7.576192  0.750830  8.935375    -0.030168    0.011613   -0.002609  
      7.754048  5.219232  1.061863    -0.000135    0.004355    0.032920  
      2.999184  0.750830  6.004661     0.030174    0.011490    0.002621  
     -2.762772  5.219232  3.969182     0.000167    0.004366   -0.032895  
      0.545699  2.153908  0.921023     0.020684   -0.006555    0.005947  
     -0.381056  3.715882  9.101385     0.016486   -0.021856   -0.008776  
      4.445577  2.153908  4.110021    -0.020842   -0.006411   -0.005952  
     -4.195951  3.715882  5.838651    -0.016498   -0.021723    0.008775  
     -4.142312  0.755782  5.906023     0.018796    0.007623   -0.005591  
      4.456348  5.276942  4.098732    -0.049650   -0.020443    0.003763  
     -0.434695  0.755782  9.034013    -0.018783    0.007761    0.005580  
      0.534927  5.276942  0.932312     0.049813   -0.020562   -0.003753  
     -5.357135  2.249107  7.858822    -0.010368   -0.003016    0.006257  
      5.591648  3.718102  2.065344     0.031129    0.009601   -0.001864  
      0.780128  2.249107  7.081214     0.010316   -0.003005   -0.006282  
     -0.600373  3.718102  2.965700    -0.031134    0.009664    0.001864  
     -0.584070  0.753413  2.941938    -0.054706   -0.004546    0.009448  
      0.762384  5.187597  7.091402     0.012410   -0.002720   -0.002281  
      5.575345  0.753413  2.089107     0.054704   -0.004498   -0.009450  
     -5.339391  5.187597  7.848634    -0.012346   -0.002721    0.002299  
      3.936596  2.205034  0.451134    -0.013113    0.008631    0.014487  
     -3.610877  3.710940  9.477450     0.042590   -0.005514    0.014150  
      1.054679  2.205034  4.579910     0.013224    0.008645   -0.014470  
     -0.966130  3.710940  5.462586    -0.042588   -0.005602   -0.014148  
     -0.985568  0.756560  5.481490    -0.044649   -0.007156    0.004354  
      1.064814  5.231939  4.591173     0.006721    0.009190   -0.026755  
     -3.591439  0.756560  9.458547     0.044654   -0.007262   -0.004346  
      3.926461  5.231939  0.439871    -0.006810    0.009170    0.026750  
     -2.288504  2.009897  7.470018    -0.000022    0.011558   -0.000007  
 
  65 f  =   11.829338 THz    74.325923 2PiTHz  394.584242 cm-1    48.922189 meV
             X         Y         Z           dx          dy          dz
      2.495638  0.754101  2.515522    -0.000395   -0.000000    0.000676  
     -2.288504  5.057401  7.470018    -0.000202    0.000001    0.000853  
     -0.811180  0.753328  1.006346    -0.002028    0.007423    0.004894  
      0.967554  5.208194  8.989727     0.001562   -0.001655   -0.001987  
      5.802455  0.753328  4.024698    -0.002044   -0.007446    0.004906  
     -5.544561  5.208194  5.950309     0.001567    0.001660   -0.002005  
     -5.528641  2.227715  5.962511    -0.006410   -0.001139    0.005603  
      5.735997  3.717866  3.963892    -0.003194    0.021119   -0.006930  
      0.951634  2.227715  8.977526    -0.006403    0.001148    0.005599  
     -0.744722  3.717866  1.067153    -0.003181   -0.021077   -0.006940  
     -0.893494  2.231301  4.162213     0.011256   -0.019525   -0.002522  
      1.080252  3.714951  5.859232     0.001398    0.005176    0.009807  
      5.884769  2.231301  0.868832     0.011204    0.019513   -0.002542  
     -5.657260  3.714951  9.080805     0.001402   -0.005169    0.009804  
     -5.622992  0.751199  9.034813    -0.006536   -0.000205   -0.014490  
      5.872018  5.211349  0.883773    -0.004302   -0.026793    0.005507  
      1.045985  0.751199  5.905223    -0.006545    0.000191   -0.014495  
     -0.880743  5.211349  4.147272    -0.004267    0.026797    0.005512  
     -2.769217  2.226426  3.943002    -0.002459    0.008084    0.004743  
      3.011632  3.713986  5.983550    -0.002297   -0.009496   -0.010314  
      7.760492  2.226426  1.088042    -0.002455   -0.008080    0.004765  
     -7.588639  3.713986  8.956487    -0.002316    0.009479   -0.010312  
     -7.576192  0.750830  8.935375     0.011221   -0.023184    0.011386  
      7.754048  5.219232  1.061863    -0.014468    0.011809   -0.005439  
      2.999184  0.750830  6.004661     0.011251    0.023220    0.011379  
     -2.762772  5.219232  3.969182    -0.014464   -0.011796   -0.005483  
      0.545699  2.153908  0.921023     0.030657   -0.020032   -0.004856  
     -0.381056  3.715882  9.101385    -0.032909    0.035678    0.005491  
      4.445577  2.153908  4.110021     0.030663    0.019981   -0.004863  
     -4.195951  3.715882  5.838651    -0.032918   -0.035733    0.005512  
     -4.142312  0.755782  5.906023     0.034001    0.009113   -0.004649  
      4.456348  5.276942  4.098732    -0.007515   -0.048375   -0.005467  
     -0.434695  0.755782  9.034013     0.033998   -0.009070   -0.004651  
      0.534927  5.276942  0.932312    -0.007429    0.048315   -0.005477  
     -5.357135  2.249107  7.858822     0.010715    0.002684    0.006283  
      5.591648  3.718102  2.065344    -0.009818   -0.004831   -0.007563  
      0.780128  2.249107  7.081214     0.010724   -0.002702    0.006267  
     -0.600373  3.718102  2.965700    -0.009855    0.004867   -0.007560  
     -0.584070  0.753413  2.941938     0.010413    0.021759    0.008821  
      0.762384  5.187597  7.091402    -0.004732   -0.016813   -0.009521  
      5.575345  0.753413  2.089107     0.010483   -0.021774    0.008808  
     -5.339391  5.187597  7.848634    -0.004738    0.016788   -0.009528  
      3.936596  2.205034  0.451134     0.000093    0.014564    0.008193  
     -3.610877  3.710940  9.477450    -0.008314    0.036440   -0.050876  
      1.054679  2.205034  4.579910     0.000117   -0.014511    0.008175  
     -0.966130  3.710940  5.462586    -0.008363   -0.036467   -0.050910  
     -0.985568  0.756560  5.481490    -0.013251   -0.053292    0.054839  
      1.064814  5.231939  4.591173     0.028495    0.041885   -0.009061  
     -3.591439  0.756560  9.458547    -0.013192    0.053244    0.054829  
      3.926461  5.231939  0.439871     0.028487   -0.041825   -0.009034  
     -2.288504  2.009897  7.470018     0.004626   -0.000002    0.008858  
 
  66 f  =   11.792798 THz    74.096334 2PiTHz  393.365394 cm-1    48.771071 meV
             X         Y         Z           dx          dy          dz
      2.495638  0.754101  2.515522     0.000000   -0.000486   -0.000000  
     -2.288504  5.057401  7.470018     0.000000    0.001727   -0.000000  
     -0.811180  0.753328  1.006346    -0.006091   -0.016380    0.006844  
      0.967554  5.208194  8.989727     0.001719    0.002745    0.003429  
      5.802455  0.753328  4.024698     0.006095   -0.016373   -0.006849  
     -5.544561  5.208194  5.950309    -0.001720    0.002740   -0.003425  
     -5.528641  2.227715  5.962511    -0.008959    0.009824    0.013199  
      5.735997  3.717866  3.963892     0.001984    0.031211   -0.008878  
      0.951634  2.227715  8.977526     0.008964    0.009824   -0.013201  
     -0.744722  3.717866  1.067153    -0.001983    0.031224    0.008879  
     -0.893494  2.231301  4.162213    -0.004461   -0.015616    0.000410  
      1.080252  3.714951  5.859232     0.010259    0.001271    0.007780  
      5.884769  2.231301  0.868832     0.004452   -0.015627   -0.000408  
     -5.657260  3.714951  9.080805    -0.010257    0.001272   -0.007789  
     -5.622992  0.751199  9.034813     0.001789   -0.007498    0.004099  
      5.872018  5.211349  0.883773     0.017772    0.009867    0.008290  
      1.045985  0.751199  5.905223    -0.001782   -0.007503   -0.004088  
     -0.880743  5.211349  4.147272    -0.017770    0.009850   -0.008293  
     -2.769217  2.226426  3.943002    -0.008827    0.012620    0.021197  
      3.011632  3.713986  5.983550    -0.006380   -0.009528   -0.011299  
      7.760492  2.226426  1.088042     0.008831    0.012634   -0.021200  
     -7.588639  3.713986  8.956487     0.006384   -0.009535    0.011309  
     -7.576192  0.750830  8.935375     0.001937    0.027182   -0.005713  
      7.754048  5.219232  1.061863    -0.000679    0.002172   -0.006465  
      2.999184  0.750830  6.004661    -0.001948    0.027168    0.005702  
     -2.762772  5.219232  3.969182     0.000689    0.002176    0.006471  
      0.545699  2.153908  0.921023    -0.047775   -0.021816    0.005317  
     -0.381056  3.715882  9.101385     0.015469   -0.047782   -0.014167  
      4.445577  2.153908  4.110021     0.047753   -0.021832   -0.005309  
     -4.195951  3.715882  5.838651    -0.015442   -0.047762    0.014164  
     -4.142312  0.755782  5.906023     0.015989    0.026171   -0.012238  
      4.456348  5.276942  4.098732    -0.009579   -0.057812   -0.002191  
     -0.434695  0.755782  9.034013    -0.016029    0.026179    0.012244  
      0.534927  5.276942  0.932312     0.009585   -0.057857    0.002196  
     -5.357135  2.249107  7.858822    -0.000646   -0.013912    0.006973  
      5.591648  3.718102  2.065344    -0.008918    0.025684   -0.000210  
      0.780128  2.249107  7.081214     0.000636   -0.013918   -0.006976  
     -0.600373  3.718102  2.965700     0.008930    0.025689    0.000218  
     -0.584070  0.753413  2.941938     0.018005   -0.007082   -0.003246  
      0.762384  5.187597  7.091402    -0.008670   -0.018021    0.008959  
      5.575345  0.753413  2.089107    -0.018014   -0.007069    0.003236  
     -5.339391  5.187597  7.848634     0.008669   -0.018026   -0.008953  
      3.936596  2.205034  0.451134    -0.013465    0.033295   -0.012513  
     -3.610877  3.710940  9.477450    -0.002086   -0.016259    0.028878  
      1.054679  2.205034  4.579910     0.013450    0.033324    0.012502  
     -0.966130  3.710940  5.462586     0.002092   -0.016243   -0.028831  
     -0.985568  0.756560  5.481490     0.008549   -0.045709    0.018358  
      1.064814  5.231939  4.591173    -0.007026    0.054091    0.005351  
     -3.591439  0.756560  9.458547    -0.008542   -0.045738   -0.018405  
      3.926461  5.231939  0.439871     0.007012    0.054104   -0.005342  
     -2.288504  2.009897  7.470018    -0.000003   -0.005968   -0.000004  
 
  67 f  =   11.614719 THz    72.977431 2PiTHz  387.425318 cm-1    48.034596 meV
             X         Y         Z           dx          dy          dz
      2.495638  0.754101  2.515522     0.000000   -0.000088   -0.000000  
     -2.288504  5.057401  7.470018    -0.000000    0.000509   -0.000000  
     -0.811180  0.753328  1.006346     0.000697   -0.014629    0.010000  
      0.967554  5.208194  8.989727    -0.003316    0.003301   -0.000667  
      5.802455  0.753328  4.024698    -0.000700   -0.014624   -0.009999  
     -5.544561  5.208194  5.950309     0.003315    0.003305    0.000666  
     -5.528641  2.227715  5.962511    -0.003690    0.001916    0.004162  
      5.735997  3.717866  3.963892     0.001550    0.023798    0.003103  
      0.951634  2.227715  8.977526     0.003695    0.001919   -0.004167  
     -0.744722  3.717866  1.067153    -0.001549    0.023805   -0.003097  
     -0.893494  2.231301  4.162213     0.008974    0.015650    0.007181  
      1.080252  3.714951  5.859232    -0.006275    0.002792   -0.005770  
      5.884769  2.231301  0.868832    -0.008980    0.015638   -0.007180  
     -5.657260  3.714951  9.080805     0.006273    0.002793    0.005767  
     -5.622992  0.751199  9.034813    -0.010763   -0.007677   -0.012220  
      5.872018  5.211349  0.883773     0.006507   -0.021188    0.003008  
      1.045985  0.751199  5.905223     0.010764   -0.007676    0.012225  
     -0.880743  5.211349  4.147272    -0.006505   -0.021199   -0.003012  
     -2.769217  2.226426  3.943002     0.008667   -0.010687   -0.002835  
      3.011632  3.713986  5.983550     0.003078   -0.013596    0.009056  
      7.760492  2.226426  1.088042    -0.008668   -0.010683    0.002834  
     -7.588639  3.713986  8.956487    -0.003080   -0.013603   -0.009052  
     -7.576192  0.750830  8.935375     0.014021    0.011712    0.031237  
      7.754048  5.219232  1.061863    -0.010901    0.016202    0.010203  
      2.999184  0.750830  6.004661    -0.014022    0.011704   -0.031235  
     -2.762772  5.219232  3.969182     0.010904    0.016201   -0.010202  
      0.545699  2.153908  0.921023    -0.008280   -0.062847   -0.011900  
     -0.381056  3.715882  9.101385    -0.042247   -0.019319    0.016626  
      4.445577  2.153908  4.110021     0.008270   -0.062846    0.011900  
     -4.195951  3.715882  5.838651     0.042253   -0.019317   -0.016631  
     -4.142312  0.755782  5.906023    -0.048743    0.021567    0.033199  
      4.456348  5.276942  4.098732    -0.036578    0.019455    0.011746  
     -0.434695  0.755782  9.034013     0.048740    0.021578   -0.033198  
      0.534927  5.276942  0.932312     0.036588    0.019436   -0.011744  
     -5.357135  2.249107  7.858822     0.004253    0.002744    0.011422  
      5.591648  3.718102  2.065344     0.000374    0.005311   -0.002968  
      0.780128  2.249107  7.081214    -0.004259    0.002746   -0.011426  
     -0.600373  3.718102  2.965700    -0.000375    0.005310    0.002969  
     -0.584070  0.753413  2.941938    -0.015397   -0.023430    0.001579  
      0.762384  5.187597  7.091402    -0.009730   -0.005593    0.011039  
      5.575345  0.753413  2.089107     0.015394   -0.023420   -0.001580  
     -5.339391  5.187597  7.848634     0.009733   -0.005599   -0.011034  
      3.936596  2.205034  0.451134     0.014410    0.026320    0.013722  
     -3.610877  3.710940  9.477450    -0.015646    0.036060   -0.037115  
      1.054679  2.205034  4.579910    -0.014401    0.026320   -0.013727  
     -0.966130  3.710940  5.462586     0.015645    0.036075    0.037127  
     -0.985568  0.756560  5.481490     0.004407    0.003548   -0.053682  
      1.064814  5.231939  4.591173    -0.009042   -0.014306    0.012534  
     -3.591439  0.756560  9.458547    -0.004399    0.003530    0.053669  
      3.926461  5.231939  0.439871     0.009032   -0.014284   -0.012524  
     -2.288504  2.009897  7.470018    -0.000001   -0.038631   -0.000001  
 
  68 f  =   11.430914 THz    71.822552 2PiTHz  381.294257 cm-1    47.274442 meV
             X         Y         Z           dx          dy          dz
      2.495638  0.754101  2.515522     0.000000    0.000079   -0.000000  
     -2.288504  5.057401  7.470018    -0.000000    0.001005   -0.000000  
     -0.811180  0.753328  1.006346     0.004326    0.009145    0.022334  
      0.967554  5.208194  8.989727     0.009138    0.014213   -0.025564  
      5.802455  0.753328  4.024698    -0.004326    0.009149   -0.022325  
     -5.544561  5.208194  5.950309    -0.009137    0.014207    0.025557  
     -5.528641  2.227715  5.962511    -0.004054   -0.014781    0.030188  
      5.735997  3.717866  3.963892     0.003423   -0.011865   -0.017872  
      0.951634  2.227715  8.977526     0.004056   -0.014789   -0.030194  
     -0.744722  3.717866  1.067153    -0.003419   -0.011862    0.017880  
     -0.893494  2.231301  4.162213     0.005529   -0.011239   -0.006927  
      1.080252  3.714951  5.859232     0.004119   -0.009183    0.014473  
      5.884769  2.231301  0.868832    -0.005541   -0.011239    0.006919  
     -5.657260  3.714951  9.080805    -0.004117   -0.009189   -0.014471  
     -5.622992  0.751199  9.034813    -0.013647    0.008307   -0.015748  
      5.872018  5.211349  0.883773    -0.013961    0.008836    0.005240  
      1.045985  0.751199  5.905223     0.013643    0.008302    0.015752  
     -0.880743  5.211349  4.147272     0.013952    0.008835   -0.005244  
     -2.769217  2.226426  3.943002    -0.001224    0.001146   -0.011899  
      3.011632  3.713986  5.983550     0.008716    0.002207   -0.045823  
      7.760492  2.226426  1.088042     0.001225    0.001146    0.011898  
     -7.588639  3.713986  8.956487    -0.008721    0.002208    0.045825  
     -7.576192  0.750830  8.935375     0.007565   -0.001807    0.054004  
      7.754048  5.219232  1.061863    -0.004061    0.006476    0.007725  
      2.999184  0.750830  6.004661    -0.007567   -0.001803   -0.053993  
     -2.762772  5.219232  3.969182     0.004060    0.006477   -0.007728  
      0.545699  2.153908  0.921023     0.000751   -0.003537   -0.013883  
     -0.381056  3.715882  9.101385     0.040460    0.006134   -0.005355  
      4.445577  2.153908  4.110021    -0.000749   -0.003542    0.013881  
     -4.195951  3.715882  5.838651    -0.040453    0.006128    0.005358  
     -4.142312  0.755782  5.906023    -0.035747   -0.002604    0.022524  
      4.456348  5.276942  4.098732     0.023944    0.006083    0.010416  
     -0.434695  0.755782  9.034013     0.035763   -0.002605   -0.022536  
      0.534927  5.276942  0.932312    -0.023943    0.006079   -0.010419  
     -5.357135  2.249107  7.858822     0.016814   -0.006445   -0.003206  
      5.591648  3.718102  2.065344     0.025773   -0.005836   -0.005572  
      0.780128  2.249107  7.081214    -0.016816   -0.006447    0.003204  
     -0.600373  3.718102  2.965700    -0.025774   -0.005833    0.005575  
     -0.584070  0.753413  2.941938    -0.042167    0.009762   -0.005720  
      0.762384  5.187597  7.091402    -0.022841   -0.001186   -0.006742  
      5.575345  0.753413  2.089107     0.042176    0.009765    0.005716  
     -5.339391  5.187597  7.848634     0.022841   -0.001192    0.006740  
      3.936596  2.205034  0.451134    -0.023195    0.001025   -0.018747  
     -3.610877  3.710940  9.477450     0.011023   -0.013189    0.018887  
      1.054679  2.205034  4.579910     0.023191    0.001012    0.018761  
     -0.966130  3.710940  5.462586    -0.011012   -0.013177   -0.018879  
     -0.985568  0.756560  5.481490    -0.009451    0.000658   -0.017487  
      1.064814  5.231939  4.591173    -0.003272    0.020794    0.009953  
     -3.591439  0.756560  9.458547     0.009463    0.000663    0.017481  
      3.926461  5.231939  0.439871     0.003284    0.020797   -0.009948  
     -2.288504  2.009897  7.470018    -0.000000   -0.007597   -0.000002  
 
  69 f  =   11.384704 THz    71.532202 2PiTHz  379.752836 cm-1    47.083330 meV
             X         Y         Z           dx          dy          dz
      2.495638  0.754101  2.515522    -0.000001    0.000680   -0.000001  
     -2.288504  5.057401  7.470018    -0.000000   -0.003843   -0.000000  
     -0.811180  0.753328  1.006346     0.004269   -0.001474   -0.001901  
      0.967554  5.208194  8.989727     0.001415    0.008872   -0.002951  
      5.802455  0.753328  4.024698    -0.004244   -0.001467    0.001901  
     -5.544561  5.208194  5.950309    -0.001411    0.008830    0.002955  
     -5.528641  2.227715  5.962511    -0.005432   -0.002676    0.010135  
      5.735997  3.717866  3.963892     0.008448    0.012397   -0.017411  
      0.951634  2.227715  8.977526     0.005431   -0.002680   -0.010134  
     -0.744722  3.717866  1.067153    -0.008458    0.012385    0.017403  
     -0.893494  2.231301  4.162213    -0.000682    0.010628    0.001830  
      1.080252  3.714951  5.859232     0.000485   -0.006405   -0.000834  
      5.884769  2.231301  0.868832     0.000677    0.010667   -0.001837  
     -5.657260  3.714951  9.080805    -0.000470   -0.006410    0.000829  
     -5.622992  0.751199  9.034813    -0.001070    0.003623   -0.005838  
      5.872018  5.211349  0.883773     0.002286   -0.015737    0.005966  
      1.045985  0.751199  5.905223     0.001068    0.003601    0.005846  
     -0.880743  5.211349  4.147272    -0.002299   -0.015718   -0.005965  
     -2.769217  2.226426  3.943002    -0.010063    0.027444    0.013776  
      3.011632  3.713986  5.983550    -0.011985   -0.005930   -0.012896  
      7.760492  2.226426  1.088042     0.010089    0.027497   -0.013775  
     -7.588639  3.713986  8.956487     0.012016   -0.005907    0.012918  
     -7.576192  0.750830  8.935375    -0.012976    0.014049   -0.004558  
      7.754048  5.219232  1.061863     0.006206   -0.008063   -0.003993  
      2.999184  0.750830  6.004661     0.012939    0.014039    0.004535  
     -2.762772  5.219232  3.969182    -0.006198   -0.008051    0.003998  
      0.545699  2.153908  0.921023    -0.027457    0.010010    0.002802  
     -0.381056  3.715882  9.101385     0.043779   -0.047663   -0.003063  
      4.445577  2.153908  4.110021     0.027451    0.009973   -0.002787  
     -4.195951  3.715882  5.838651    -0.043700   -0.047630    0.003043  
     -4.142312  0.755782  5.906023     0.037886   -0.015143   -0.001905  
      4.456348  5.276942  4.098732    -0.004709   -0.029699   -0.001958  
     -0.434695  0.755782  9.034013    -0.037992   -0.015166    0.001931  
      0.534927  5.276942  0.932312     0.004715   -0.029752    0.001961  
     -5.357135  2.249107  7.858822    -0.003702    0.018862    0.006161  
      5.591648  3.718102  2.065344     0.005582   -0.012433   -0.000204  
      0.780128  2.249107  7.081214     0.003698    0.018768   -0.006152  
     -0.600373  3.718102  2.965700    -0.005557   -0.012399    0.000219  
     -0.584070  0.753413  2.941938     0.011738   -0.019044    0.001092  
      0.762384  5.187597  7.091402     0.002446    0.027052    0.007015  
      5.575345  0.753413  2.089107    -0.011775   -0.019068   -0.001120  
     -5.339391  5.187597  7.848634    -0.002460    0.027135   -0.007017  
      3.936596  2.205034  0.451134    -0.023996   -0.048933   -0.001118  
     -3.610877  3.710940  9.477450     0.017192    0.062699    0.006136  
      1.054679  2.205034  4.579910     0.023935   -0.048708    0.001113  
     -0.966130  3.710940  5.462586    -0.017172    0.062594   -0.006095  
     -0.985568  0.756560  5.481490     0.002694    0.057747   -0.011251  
      1.064814  5.231939  4.591173    -0.011210   -0.061262    0.011990  
     -3.591439  0.756560  9.458547    -0.002687    0.057877    0.011217  
      3.926461  5.231939  0.439871     0.011236   -0.061496   -0.011989  
     -2.288504  2.009897  7.470018    -0.000002    0.054832   -0.000008  
 
  70 f  =   11.351764 THz    71.325238 2PiTHz  378.654096 cm-1    46.947103 meV
             X         Y         Z           dx          dy          dz
      2.495638  0.754101  2.515522     0.000332    0.000001    0.000685  
     -2.288504  5.057401  7.470018     0.000291   -0.000005    0.000201  
     -0.811180  0.753328  1.006346    -0.009422    0.002824    0.000508  
      0.967554  5.208194  8.989727    -0.000889   -0.015596   -0.001389  
      5.802455  0.753328  4.024698    -0.009431   -0.002834    0.000512  
     -5.544561  5.208194  5.950309    -0.000894    0.015616   -0.001379  
     -5.528641  2.227715  5.962511    -0.000441   -0.000570    0.000221  
      5.735997  3.717866  3.963892     0.003968   -0.003103    0.002431  
      0.951634  2.227715  8.977526    -0.000425    0.000566    0.000195  
     -0.744722  3.717866  1.067153     0.003946    0.003141    0.002480  
     -0.893494  2.231301  4.162213     0.003124    0.011790    0.002869  
      1.080252  3.714951  5.859232    -0.005538   -0.003930    0.002675  
      5.884769  2.231301  0.868832     0.003131   -0.011770    0.002867  
     -5.657260  3.714951  9.080805    -0.005542    0.003920    0.002674  
     -5.622992  0.751199  9.034813    -0.000023   -0.009810   -0.004926  
      5.872018  5.211349  0.883773     0.005283    0.004080   -0.000803  
      1.045985  0.751199  5.905223    -0.000024    0.009814   -0.004914  
     -0.880743  5.211349  4.147272     0.005268   -0.004113   -0.000821  
     -2.769217  2.226426  3.943002    -0.009814    0.021442   -0.000887  
      3.011632  3.713986  5.983550    -0.011801    0.008474   -0.008759  
      7.760492  2.226426  1.088042    -0.009785   -0.021370   -0.000930  
     -7.588639  3.713986  8.956487    -0.011769   -0.008487   -0.008718  
     -7.576192  0.750830  8.935375     0.015365   -0.009124    0.008669  
      7.754048  5.219232  1.061863    -0.003145    0.003896   -0.002543  
      2.999184  0.750830  6.004661     0.015395    0.009161    0.008682  
     -2.762772  5.219232  3.969182    -0.003164   -0.003916   -0.002528  
      0.545699  2.153908  0.921023     0.004257   -0.015195   -0.006495  
     -0.381056  3.715882  9.101385    -0.034936    0.020164    0.008192  
      4.445577  2.153908  4.110021     0.004347    0.015224   -0.006506  
     -4.195951  3.715882  5.838651    -0.035055   -0.020291    0.008205  
     -4.142312  0.755782  5.906023     0.043182   -0.015046   -0.009807  
      4.456348  5.276942  4.098732    -0.004481   -0.022301   -0.000102  
     -0.434695  0.755782  9.034013     0.043082    0.015008   -0.009794  
      0.534927  5.276942  0.932312    -0.004476    0.022211   -0.000098  
     -5.357135  2.249107  7.858822     0.001206   -0.034592   -0.003174  
      5.591648  3.718102  2.065344    -0.012425    0.013079   -0.006228  
      0.780128  2.249107  7.081214     0.001215    0.034640   -0.003190  
     -0.600373  3.718102  2.965700    -0.012433   -0.013106   -0.006228  
     -0.584070  0.753413  2.941938     0.014917   -0.008068    0.011125  
      0.762384  5.187597  7.091402     0.005765    0.029956    0.000801  
      5.575345  0.753413  2.089107     0.014873    0.008014    0.011123  
     -5.339391  5.187597  7.848634     0.005756   -0.029889    0.000781  
      3.936596  2.205034  0.451134     0.025084    0.086946   -0.001215  
     -3.610877  3.710940  9.477450    -0.007219   -0.037199   -0.020281  
      1.054679  2.205034  4.579910     0.025148   -0.087072   -0.001205  
     -0.966130  3.710940  5.462586    -0.007260    0.037363   -0.020314  
     -0.985568  0.756560  5.481490    -0.003689    0.047616    0.019227  
      1.064814  5.231939  4.591173    -0.011636   -0.083426    0.000761  
     -3.591439  0.756560  9.458547    -0.003699   -0.047477    0.019243  
      3.926461  5.231939  0.439871    -0.011618    0.083274    0.000727  
     -2.288504  2.009897  7.470018     0.001355    0.000077    0.006426  
 
  71 f  =   11.175094 THz    70.215188 2PiTHz  372.761021 cm-1    46.216456 meV
             X         Y         Z           dx          dy          dz
      2.495638  0.754101  2.515522    -0.000000    0.000123   -0.000000  
     -2.288504  5.057401  7.470018     0.000000   -0.001823    0.000000  
     -0.811180  0.753328  1.006346    -0.002311   -0.024421    0.008802  
      0.967554  5.208194  8.989727    -0.007825   -0.009082   -0.015939  
      5.802455  0.753328  4.024698     0.002307   -0.024415   -0.008822  
     -5.544561  5.208194  5.950309     0.007815   -0.009075    0.015964  
     -5.528641  2.227715  5.962511    -0.008477   -0.010678   -0.001151  
      5.735997  3.717866  3.963892    -0.002955    0.012022   -0.002721  
      0.951634  2.227715  8.977526     0.008483   -0.010672    0.001166  
     -0.744722  3.717866  1.067153     0.002955    0.012030    0.002697  
     -0.893494  2.231301  4.162213     0.013202   -0.005718    0.002826  
      1.080252  3.714951  5.859232    -0.001217    0.020343    0.008799  
      5.884769  2.231301  0.868832    -0.013184   -0.005722   -0.002817  
     -5.657260  3.714951  9.080805     0.001215    0.020332   -0.008811  
     -5.622992  0.751199  9.034813     0.000564   -0.007755    0.001686  
      5.872018  5.211349  0.883773     0.005653    0.024542    0.006234  
      1.045985  0.751199  5.905223    -0.000562   -0.007765   -0.001694  
     -0.880743  5.211349  4.147272    -0.005627    0.024537   -0.006213  
     -2.769217  2.226426  3.943002     0.012520   -0.020224   -0.004323  
      3.011632  3.713986  5.983550     0.008056   -0.022285   -0.010684  
      7.760492  2.226426  1.088042    -0.012515   -0.020226    0.004334  
     -7.588639  3.713986  8.956487    -0.008048   -0.022285    0.010671  
     -7.576192  0.750830  8.935375     0.004413   -0.015995    0.000660  
      7.754048  5.219232  1.061863     0.011670   -0.013833   -0.004878  
      2.999184  0.750830  6.004661    -0.004399   -0.015993   -0.000678  
     -2.762772  5.219232  3.969182    -0.011653   -0.013820    0.004877  
      0.545699  2.153908  0.921023    -0.031015    0.012050   -0.000838  
     -0.381056  3.715882  9.101385     0.005675    0.061492   -0.007575  
      4.445577  2.153908  4.110021     0.030997    0.012041    0.000847  
     -4.195951  3.715882  5.838651    -0.005708    0.061464    0.007583  
     -4.142312  0.755782  5.906023    -0.010558    0.049223   -0.003446  
      4.456348  5.276942  4.098732    -0.021355    0.006405    0.001294  
     -0.434695  0.755782  9.034013     0.010519    0.049207    0.003455  
      0.534927  5.276942  0.932312     0.021365    0.006392   -0.001281  
     -5.357135  2.249107  7.858822     0.003910    0.016267    0.010682  
      5.591648  3.718102  2.065344     0.005891    0.012821    0.000913  
      0.780128  2.249107  7.081214    -0.003903    0.016264   -0.010664  
     -0.600373  3.718102  2.965700    -0.005889    0.012821   -0.000914  
     -0.584070  0.753413  2.941938    -0.006907   -0.012703   -0.001707  
      0.762384  5.187597  7.091402     0.009654    0.027158    0.010873  
      5.575345  0.753413  2.089107     0.006889   -0.012703    0.001708  
     -5.339391  5.187597  7.848634    -0.009660    0.027164   -0.010883  
      3.936596  2.205034  0.451134     0.037316   -0.061772    0.023117  
     -3.610877  3.710940  9.477450    -0.000715    0.008572    0.022741  
      1.054679  2.205034  4.579910    -0.037302   -0.061751   -0.023081  
     -0.966130  3.710940  5.462586     0.000683    0.008581   -0.022725  
     -0.985568  0.756560  5.481490    -0.006073   -0.016781    0.017377  
      1.064814  5.231939  4.591173     0.033089   -0.027817    0.026021  
     -3.591439  0.756560  9.458547     0.006031   -0.016759   -0.017402  
      3.926461  5.231939  0.439871    -0.033112   -0.027821   -0.026104  
     -2.288504  2.009897  7.470018     0.000000    0.031983    0.000001  
 
  72 f  =   11.143854 THz    70.018903 2PiTHz  371.718974 cm-1    46.087258 meV
             X         Y         Z           dx          dy          dz
      2.495638  0.754101  2.515522     0.000048   -0.000000   -0.000167  
     -2.288504  5.057401  7.470018     0.000875    0.000001    0.000794  
     -0.811180  0.753328  1.006346    -0.005722   -0.012696   -0.021799  
      0.967554  5.208194  8.989727    -0.008240   -0.013105    0.024483  
      5.802455  0.753328  4.024698    -0.005723    0.012723   -0.021792  
     -5.544561  5.208194  5.950309    -0.008251    0.013114    0.024474  
     -5.528641  2.227715  5.962511     0.004967   -0.011102    0.021294  
      5.735997  3.717866  3.963892     0.003962   -0.010873   -0.024250  
      0.951634  2.227715  8.977526     0.004957    0.011111    0.021287  
     -0.744722  3.717866  1.067153     0.003957    0.010856   -0.024254  
     -0.893494  2.231301  4.162213     0.013403    0.007442    0.010102  
      1.080252  3.714951  5.859232    -0.003138    0.009557   -0.012497  
      5.884769  2.231301  0.868832     0.013419   -0.007438    0.010108  
     -5.657260  3.714951  9.080805    -0.003142   -0.009572   -0.012488  
     -5.622992  0.751199  9.034813     0.005879    0.011659   -0.009741  
      5.872018  5.211349  0.883773     0.023509    0.004487    0.019407  
      1.045985  0.751199  5.905223     0.005885   -0.011652   -0.009739  
     -0.880743  5.211349  4.147272     0.023516   -0.004510    0.019412  
     -2.769217  2.226426  3.943002     0.006768    0.003654    0.007214  
      3.011632  3.713986  5.983550     0.005413    0.006341   -0.015584  
      7.760492  2.226426  1.088042     0.006782   -0.003629    0.007220  
     -7.588639  3.713986  8.956487     0.005421   -0.006316   -0.015581  
     -7.576192  0.750830  8.935375     0.015410   -0.008981   -0.018385  
      7.754048  5.219232  1.061863     0.007291   -0.004168    0.001760  
      2.999184  0.750830  6.004661     0.015411    0.008989   -0.018401  
     -2.762772  5.219232  3.969182     0.007308    0.004187    0.001750  
      0.545699  2.153908  0.921023    -0.008445   -0.003793    0.004953  
     -0.381056  3.715882  9.101385    -0.044253    0.044014    0.002782  
      4.445577  2.153908  4.110021    -0.008480    0.003775    0.004951  
     -4.195951  3.715882  5.838651    -0.044247   -0.044067    0.002774  
     -4.142312  0.755782  5.906023    -0.028167   -0.013447    0.014298  
      4.456348  5.276942  4.098732     0.007879    0.019181    0.016953  
     -0.434695  0.755782  9.034013    -0.028172    0.013403    0.014296  
      0.534927  5.276942  0.932312     0.007851   -0.019187    0.016951  
     -5.357135  2.249107  7.858822     0.005167    0.002477    0.010765  
      5.591648  3.718102  2.065344     0.002633   -0.002895   -0.002275  
      0.780128  2.249107  7.081214     0.005159   -0.002491    0.010775  
     -0.600373  3.718102  2.965700     0.002630    0.002879   -0.002272  
     -0.584070  0.753413  2.941938    -0.009786   -0.004476    0.002831  
      0.762384  5.187597  7.091402    -0.007048   -0.005832   -0.002792  
      5.575345  0.753413  2.089107    -0.009782    0.004491    0.002832  
     -5.339391  5.187597  7.848634    -0.007027    0.005810   -0.002778  
      3.936596  2.205034  0.451134    -0.002241   -0.013859    0.015510  
     -3.610877  3.710940  9.477450    -0.030432   -0.014085    0.012488  
      1.054679  2.205034  4.579910    -0.002194    0.013908    0.015547  
     -0.966130  3.710940  5.462586    -0.030424    0.014076    0.012517  
     -0.985568  0.756560  5.481490    -0.040298   -0.024486   -0.017490  
      1.064814  5.231939  4.591173    -0.002398   -0.004147   -0.059890  
     -3.591439  0.756560  9.458547    -0.040305    0.024504   -0.017467  
      3.926461  5.231939  0.439871    -0.002353    0.004166   -0.059866  
     -2.288504  2.009897  7.470018    -0.001509   -0.000018    0.000179  
 
  73 f  =   11.034643 THz    69.332709 2PiTHz  368.076083 cm-1    45.635598 meV
             X         Y         Z           dx          dy          dz
      2.495638  0.754101  2.515522     0.000001    0.000861   -0.000000  
     -2.288504  5.057401  7.470018    -0.000002   -0.001229    0.000001  
     -0.811180  0.753328  1.006346    -0.003405   -0.009325   -0.001231  
      0.967554  5.208194  8.989727    -0.005578   -0.012162    0.013898  
      5.802455  0.753328  4.024698     0.003411   -0.009325    0.001181  
     -5.544561  5.208194  5.950309     0.005599   -0.012140   -0.013861  
     -5.528641  2.227715  5.962511    -0.003217    0.005876    0.005130  
      5.735997  3.717866  3.963892    -0.004525    0.003058    0.007227  
      0.951634  2.227715  8.977526     0.003189    0.005904   -0.005067  
     -0.744722  3.717866  1.067153     0.004546    0.003053   -0.007278  
     -0.893494  2.231301  4.162213    -0.000938   -0.002472    0.009493  
      1.080252  3.714951  5.859232     0.003803   -0.026920    0.000966  
      5.884769  2.231301  0.868832     0.000918   -0.002466   -0.009454  
     -5.657260  3.714951  9.080805    -0.003781   -0.026874   -0.000982  
     -5.622992  0.751199  9.034813    -0.000120    0.029917    0.004878  
      5.872018  5.211349  0.883773    -0.000767    0.001318    0.013026  
      1.045985  0.751199  5.905223     0.000158    0.029956   -0.004909  
     -0.880743  5.211349  4.147272     0.000733    0.001329   -0.013042  
     -2.769217  2.226426  3.943002    -0.011723    0.010576   -0.006658  
      3.011632  3.713986  5.983550     0.003795   -0.015278    0.004133  
      7.760492  2.226426  1.088042     0.011746    0.010604    0.006652  
     -7.588639  3.713986  8.956487    -0.003801   -0.015266   -0.004157  
     -7.576192  0.750830  8.935375     0.000129   -0.015716   -0.008016  
      7.754048  5.219232  1.061863    -0.017560    0.017274   -0.000796  
      2.999184  0.750830  6.004661    -0.000135   -0.015712    0.007994  
     -2.762772  5.219232  3.969182     0.017522    0.017231    0.000834  
      0.545699  2.153908  0.921023     0.002894   -0.030066   -0.016427  
     -0.381056  3.715882  9.101385    -0.015094    0.053786   -0.002372  
      4.445577  2.153908  4.110021    -0.002827   -0.030041    0.016443  
     -4.195951  3.715882  5.838651     0.015025    0.053856    0.002362  
     -4.142312  0.755782  5.906023    -0.016080    0.049407   -0.004667  
      4.456348  5.276942  4.098732    -0.002554   -0.032760   -0.020432  
     -0.434695  0.755782  9.034013     0.016049    0.049493    0.004703  
      0.534927  5.276942  0.932312     0.002562   -0.032807    0.020444  
     -5.357135  2.249107  7.858822     0.009323    0.013060   -0.003069  
      5.591648  3.718102  2.065344    -0.002072   -0.009328    0.002078  
      0.780128  2.249107  7.081214    -0.009386    0.013064    0.003032  
     -0.600373  3.718102  2.965700     0.002114   -0.009312   -0.002089  
     -0.584070  0.753413  2.941938     0.001227    0.000666   -0.000938  
      0.762384  5.187597  7.091402     0.005393    0.011865   -0.002533  
      5.575345  0.753413  2.089107    -0.001164    0.000678    0.000941  
     -5.339391  5.187597  7.848634    -0.005398    0.011855    0.002593  
      3.936596  2.205034  0.451134    -0.061897   -0.013841    0.014128  
     -3.610877  3.710940  9.477450    -0.003858   -0.037976   -0.005105  
      1.054679  2.205034  4.579910     0.061808   -0.013844   -0.014348  
     -0.966130  3.710940  5.462586     0.003855   -0.038012    0.005108  
     -0.985568  0.756560  5.481490    -0.004572    0.041232    0.010819  
      1.064814  5.231939  4.591173    -0.065464   -0.006440    0.006383  
     -3.591439  0.756560  9.458547     0.004540    0.041171   -0.010774  
      3.926461  5.231939  0.439871     0.065536   -0.006440   -0.006194  
     -2.288504  2.009897  7.470018    -0.000024    0.007117    0.000004  
 
  74 f  =   11.006174 THz    69.153829 2PiTHz  367.126438 cm-1    45.517857 meV
             X         Y         Z           dx          dy          dz
      2.495638  0.754101  2.515522     0.000407   -0.000001   -0.000100  
     -2.288504  5.057401  7.470018    -0.001857    0.000001    0.000623  
     -0.811180  0.753328  1.006346     0.003307    0.003898   -0.021821  
      0.967554  5.208194  8.989727     0.007299   -0.005072    0.018290  
      5.802455  0.753328  4.024698     0.003291   -0.003878   -0.021830  
     -5.544561  5.208194  5.950309     0.007291    0.005104    0.018338  
     -5.528641  2.227715  5.962511    -0.010635   -0.008507    0.024330  
      5.735997  3.717866  3.963892     0.007649    0.003800   -0.020526  
      0.951634  2.227715  8.977526    -0.010644    0.008487    0.024337  
     -0.744722  3.717866  1.067153     0.007638   -0.003806   -0.020502  
     -0.893494  2.231301  4.162213    -0.006695   -0.004851    0.015259  
      1.080252  3.714951  5.859232     0.010370   -0.019083   -0.007377  
      5.884769  2.231301  0.868832    -0.006709    0.004857    0.015287  
     -5.657260  3.714951  9.080805     0.010386    0.019155   -0.007378  
     -5.622992  0.751199  9.034813     0.014893   -0.016719   -0.012612  
      5.872018  5.211349  0.883773    -0.013742   -0.003742   -0.004852  
      1.045985  0.751199  5.905223     0.014887    0.016640   -0.012594  
     -0.880743  5.211349  4.147272    -0.013739    0.003742   -0.004821  
     -2.769217  2.226426  3.943002     0.006691   -0.007781   -0.001186  
      3.011632  3.713986  5.983550    -0.001531   -0.005585   -0.010247  
      7.760492  2.226426  1.088042     0.006654    0.007744   -0.001195  
     -7.588639  3.713986  8.956487    -0.001518    0.005622   -0.010223  
     -7.576192  0.750830  8.935375    -0.001792    0.001615   -0.008966  
      7.754048  5.219232  1.061863    -0.009767    0.012729    0.013073  
      2.999184  0.750830  6.004661    -0.001791   -0.001577   -0.008996  
     -2.762772  5.219232  3.969182    -0.009815   -0.012780    0.013064  
      0.545699  2.153908  0.921023     0.025950   -0.002863    0.008281  
     -0.381056  3.715882  9.101385    -0.028332   -0.035730   -0.003573  
      4.445577  2.153908  4.110021     0.025958    0.002946    0.008242  
     -4.195951  3.715882  5.838651    -0.028375    0.035609   -0.003577  
     -4.142312  0.755782  5.906023    -0.017501   -0.017011    0.016628  
      4.456348  5.276942  4.098732     0.005937    0.007762    0.003791  
     -0.434695  0.755782  9.034013    -0.017552    0.016886    0.016614  
      0.534927  5.276942  0.932312     0.005934   -0.007667    0.003740  
     -5.357135  2.249107  7.858822    -0.023355   -0.000006   -0.009712  
      5.591648  3.718102  2.065344     0.015577   -0.003960   -0.004396  
      0.780128  2.249107  7.081214    -0.023334   -0.000030   -0.009720  
     -0.600373  3.718102  2.965700     0.015558    0.003985   -0.004389  
     -0.584070  0.753413  2.941938     0.025024   -0.002002    0.001226  
      0.762384  5.187597  7.091402    -0.005681    0.004334    0.018829  
      5.575345  0.753413  2.089107     0.025055    0.001999    0.001222  
     -5.339391  5.187597  7.848634    -0.005671   -0.004366    0.018823  
      3.936596  2.205034  0.451134    -0.021634   -0.000583   -0.073733  
     -3.610877  3.710940  9.477450    -0.001675    0.017634    0.000648  
      1.054679  2.205034  4.579910    -0.021816    0.000624   -0.073704  
     -0.966130  3.710940  5.462586    -0.001677   -0.017536    0.000636  
     -0.985568  0.756560  5.481490    -0.014964    0.027585    0.019350  
      1.064814  5.231939  4.591173     0.015023    0.004085    0.058249  
     -3.591439  0.756560  9.458547    -0.014981   -0.027693    0.019375  
      3.926461  5.231939  0.439871     0.014841   -0.004065    0.058261  
     -2.288504  2.009897  7.470018    -0.018768   -0.000002    0.005445  
 
  75 f  =   10.947455 THz    68.784888 2PiTHz  365.167792 cm-1    45.275016 meV
             X         Y         Z           dx          dy          dz
      2.495638  0.754101  2.515522     0.000416   -0.000000   -0.000024  
     -2.288504  5.057401  7.470018     0.000769   -0.000001   -0.000904  
     -0.811180  0.753328  1.006346     0.001785   -0.018945    0.006153  
      0.967554  5.208194  8.989727    -0.001819   -0.012355   -0.008393  
      5.802455  0.753328  4.024698     0.001787    0.018944    0.006161  
     -5.544561  5.208194  5.950309    -0.001827    0.012357   -0.008386  
     -5.528641  2.227715  5.962511     0.000676   -0.006699    0.000195  
      5.735997  3.717866  3.963892     0.009703   -0.010191    0.000383  
      0.951634  2.227715  8.977526     0.000678    0.006693    0.000209  
     -0.744722  3.717866  1.067153     0.009700    0.010191    0.000375  
     -0.893494  2.231301  4.162213    -0.026302    0.007676   -0.008589  
      1.080252  3.714951  5.859232     0.001823    0.009350    0.003007  
      5.884769  2.231301  0.868832    -0.026300   -0.007677   -0.008586  
     -5.657260  3.714951  9.080805     0.001821   -0.009319    0.003009  
     -5.622992  0.751199  9.034813     0.008576    0.017330    0.002134  
      5.872018  5.211349  0.883773    -0.019761   -0.000442   -0.001898  
      1.045985  0.751199  5.905223     0.008579   -0.017357    0.002132  
     -0.880743  5.211349  4.147272    -0.019771    0.000447   -0.001884  
     -2.769217  2.226426  3.943002     0.008854   -0.005893    0.000279  
      3.011632  3.713986  5.983550    -0.012041    0.009351    0.004620  
      7.760492  2.226426  1.088042     0.008851    0.005893    0.000284  
     -7.588639  3.713986  8.956487    -0.012035   -0.009345    0.004621  
     -7.576192  0.750830  8.935375    -0.011802   -0.021591    0.006987  
      7.754048  5.219232  1.061863    -0.021273    0.012767    0.002809  
      2.999184  0.750830  6.004661    -0.011801    0.021578    0.006991  
     -2.762772  5.219232  3.969182    -0.021284   -0.012773    0.002810  
      0.545699  2.153908  0.921023     0.010030   -0.027773   -0.007720  
     -0.381056  3.715882  9.101385     0.009364    0.063385   -0.003881  
      4.445577  2.153908  4.110021     0.010033    0.027780   -0.007734  
     -4.195951  3.715882  5.838651     0.009357   -0.063369   -0.003877  
     -4.142312  0.755782  5.906023     0.024786   -0.066380   -0.007875  
      4.456348  5.276942  4.098732     0.006925    0.036036    0.000382  
     -0.434695  0.755782  9.034013     0.024772    0.066379   -0.007873  
      0.534927  5.276942  0.932312     0.006923   -0.036032    0.000373  
     -5.357135  2.249107  7.858822     0.000102    0.000422   -0.007407  
      5.591648  3.718102  2.065344     0.011791   -0.006441   -0.000250  
      0.780128  2.249107  7.081214     0.000098   -0.000422   -0.007405  
     -0.600373  3.718102  2.965700     0.011796    0.006445   -0.000250  
     -0.584070  0.753413  2.941938     0.021917   -0.013473    0.000465  
      0.762384  5.187597  7.091402    -0.008639   -0.007670    0.004325  
      5.575345  0.753413  2.089107     0.021907    0.013468    0.000461  
     -5.339391  5.187597  7.848634    -0.008636    0.007677    0.004325  
      3.936596  2.205034  0.451134    -0.049857   -0.004134    0.007461  
     -3.610877  3.710940  9.477450     0.020199   -0.031799    0.006776  
      1.054679  2.205034  4.579910    -0.049885    0.004116    0.007482  
     -0.966130  3.710940  5.462586     0.020206    0.031835    0.006775  
     -0.985568  0.756560  5.481490     0.021190   -0.024804   -0.001874  
      1.064814  5.231939  4.591173     0.049824   -0.002124    0.025388  
     -3.591439  0.756560  9.458547     0.021197    0.024776   -0.001877  
      3.926461  5.231939  0.439871     0.049778    0.002108    0.025406  
     -2.288504  2.009897  7.470018     0.002435    0.000021   -0.011709  
 
  76 f  =   10.850857 THz    68.177948 2PiTHz  361.945642 cm-1    44.875520 meV
             X         Y         Z           dx          dy          dz
      2.495638  0.754101  2.515522    -0.000068   -0.000039    0.000219  
     -2.288504  5.057401  7.470018    -0.000096    0.000191    0.001070  
     -0.811180  0.753328  1.006346    -0.010607   -0.006273    0.014116  
      0.967554  5.208194  8.989727     0.006302   -0.010555   -0.008033  
      5.802455  0.753328  4.024698    -0.011413    0.005353    0.012640  
     -5.544561  5.208194  5.950309     0.010328    0.012904   -0.006240  
     -5.528641  2.227715  5.962511    -0.002033   -0.005631   -0.011921  
      5.735997  3.717866  3.963892    -0.004460    0.012182    0.005987  
      0.951634  2.227715  8.977526    -0.001201    0.004454   -0.011869  
     -0.744722  3.717866  1.067153    -0.004684   -0.010102    0.008035  
     -0.893494  2.231301  4.162213     0.022709    0.005514    0.008243  
      1.080252  3.714951  5.859232    -0.014733   -0.035440    0.002721  
      5.884769  2.231301  0.868832     0.019889   -0.006520    0.006367  
     -5.657260  3.714951  9.080805    -0.012391    0.027952    0.002486  
     -5.622992  0.751199  9.034813    -0.007273   -0.016677    0.005601  
      5.872018  5.211349  0.883773     0.020180    0.010120   -0.006064  
      1.045985  0.751199  5.905223    -0.008954    0.021893    0.006426  
     -0.880743  5.211349  4.147272     0.019811   -0.009822   -0.011477  
     -2.769217  2.226426  3.943002     0.006664   -0.004054    0.000668  
      3.011632  3.713986  5.983550     0.004831    0.001799    0.001886  
      7.760492  2.226426  1.088042     0.002255   -0.001867    0.001049  
     -7.588639  3.713986  8.956487     0.004371   -0.001903   -0.001950  
     -7.576192  0.750830  8.935375     0.013586   -0.020189   -0.002137  
      7.754048  5.219232  1.061863    -0.000353   -0.003950   -0.008154  
      2.999184  0.750830  6.004661     0.014260    0.025446    0.000551  
     -2.762772  5.219232  3.969182    -0.004443   -0.001254   -0.003234  
      0.545699  2.153908  0.921023    -0.007726    0.004237   -0.016161  
     -0.381056  3.715882  9.101385    -0.002017    0.059756    0.004798  
      4.445577  2.153908  4.110021    -0.004309    0.002295   -0.012470  
     -4.195951  3.715882  5.838651    -0.004041   -0.063384    0.003280  
     -4.142312  0.755782  5.906023     0.014223   -0.057849   -0.007286  
      4.456348  5.276942  4.098732    -0.031714    0.008571    0.009636  
     -0.434695  0.755782  9.034013     0.012153    0.044821   -0.006941  
      0.534927  5.276942  0.932312    -0.027854   -0.000216    0.014389  
     -5.357135  2.249107  7.858822     0.009666    0.007859   -0.000523  
      5.591648  3.718102  2.065344    -0.012189    0.013282   -0.000323  
      0.780128  2.249107  7.081214     0.013164   -0.011642   -0.002791  
     -0.600373  3.718102  2.965700    -0.011987   -0.012575   -0.000733  
     -0.584070  0.753413  2.941938    -0.027062   -0.001295   -0.000322  
      0.762384  5.187597  7.091402     0.007331   -0.025923    0.001915  
      5.575345  0.753413  2.089107    -0.026609    0.002189    0.000724  
     -5.339391  5.187597  7.848634     0.001058    0.022231   -0.000301  
      3.936596  2.205034  0.451134     0.021621   -0.041192   -0.031817  
     -3.610877  3.710940  9.477450    -0.012532    0.015725    0.006764  
      1.054679  2.205034  4.579910     0.014816    0.048580   -0.050768  
     -0.966130  3.710940  5.462586    -0.013136   -0.023036    0.007369  
     -0.985568  0.756560  5.481490    -0.002744    0.030038   -0.015989  
      1.064814  5.231939  4.591173    -0.009703    0.029977    0.035944  
     -3.591439  0.756560  9.458547    -0.003838   -0.021867   -0.018591  
      3.926461  5.231939  0.439871    -0.012017   -0.022931    0.019144  
     -2.288504  2.009897  7.470018     0.004184   -0.001676    0.006928  
 
  77 f  =   10.850731 THz    68.177156 2PiTHz  361.941438 cm-1    44.874999 meV
             X         Y         Z           dx          dy          dz
      2.495638  0.754101  2.515522    -0.000009    0.000295    0.000029  
     -2.288504  5.057401  7.470018    -0.000013   -0.001441    0.000142  
     -0.811180  0.753328  1.006346    -0.004489    0.002718   -0.003754  
      0.967554  5.208194  8.989727     0.016273   -0.010398    0.005781  
      5.802455  0.753328  4.024698     0.001572    0.004249    0.007298  
     -5.544561  5.208194  5.950309    -0.014065   -0.007292   -0.007668  
     -5.528641  2.227715  5.962511     0.002936    0.003753   -0.001352  
      5.735997  3.717866  3.963892    -0.001451   -0.006376    0.008640  
      0.951634  2.227715  8.977526    -0.003367    0.005087   -0.001803  
     -0.744722  3.717866  1.067153     0.000239   -0.009341   -0.006783  
     -0.893494  2.231301  4.162213    -0.007814    0.004569   -0.006140  
      1.080252  3.714951  5.859232     0.007003    0.024056   -0.000515  
      5.884769  2.231301  0.868832     0.013461    0.002976    0.008079  
     -5.657260  3.714951  9.080805    -0.010596    0.032473    0.001203  
     -5.622992  0.751199  9.034813    -0.007398   -0.022253    0.003888  
      5.872018  5.211349  0.883773     0.001243    0.000231   -0.021577  
      1.045985  0.751199  5.905223     0.005248   -0.017125   -0.002295  
     -0.880743  5.211349  4.147272     0.004054   -0.002416    0.019249  
     -2.769217  2.226426  3.943002    -0.016027    0.022168    0.001575  
      3.011632  3.713986  5.983550    -0.001111    0.000646   -0.014457  
      7.760492  2.226426  1.088042     0.017202    0.022450   -0.001347  
     -7.588639  3.713986  8.956487     0.002333    0.000165    0.014447  
     -7.576192  0.750830  8.935375     0.004400   -0.022857    0.010028  
      7.754048  5.219232  1.061863    -0.015738    0.019459    0.017787  
      2.999184  0.750830  6.004661    -0.000712   -0.016813   -0.010233  
     -2.762772  5.219232  3.969182     0.015112    0.019821   -0.019297  
      0.545699  2.153908  0.921023     0.012104   -0.024486    0.012021  
     -0.381056  3.715882  9.101385    -0.008046    0.021839   -0.005185  
      4.445577  2.153908  4.110021    -0.013693   -0.024763   -0.015813  
     -4.195951  3.715882  5.838651     0.007247    0.005535    0.006259  
     -4.142312  0.755782  5.906023    -0.006063    0.042312    0.000376  
      4.456348  5.276942  4.098732     0.010626   -0.030898    0.019530  
     -0.434695  0.755782  9.034013     0.009553    0.055898   -0.002263  
      0.534927  5.276942  0.932312    -0.018525   -0.032041   -0.016345  
     -5.357135  2.249107  7.858822     0.014629    0.015542   -0.008781  
      5.591648  3.718102  2.065344    -0.000851   -0.000936   -0.001621  
      0.780128  2.249107  7.081214    -0.011612    0.012953    0.008343  
     -0.600373  3.718102  2.965700    -0.002354   -0.004374    0.001481  
     -0.584070  0.753413  2.941938    -0.001877   -0.003577    0.003959  
      0.762384  5.187597  7.091402    -0.023030    0.010718   -0.008255  
      5.575345  0.753413  2.089107    -0.005236   -0.003121   -0.003905  
     -5.339391  5.187597  7.848634     0.024138    0.017104    0.008466  
      3.936596  2.205034  0.451134    -0.023157   -0.033824   -0.076984  
     -3.610877  3.710940  9.477450    -0.004004    0.030131    0.003222  
      1.054679  2.205034  4.579910     0.028019   -0.021914    0.066031  
     -0.966130  3.710940  5.462586     0.000598    0.024974   -0.001344  
     -0.985568  0.756560  5.481490    -0.004544   -0.027439   -0.012076  
      1.064814  5.231939  4.591173    -0.010156   -0.023027   -0.059736  
     -3.591439  0.756560  9.458547     0.003674   -0.034339    0.007496  
      3.926461  5.231939  0.439871     0.007249   -0.030055    0.067042  
     -2.288504  2.009897  7.470018     0.000553    0.012621    0.000922  
 
  78 f  =   10.738175 THz    67.469943 2PiTHz  358.186960 cm-1    44.409503 meV
             X         Y         Z           dx          dy          dz
      2.495638  0.754101  2.515522     0.000290    0.000000   -0.000138  
     -2.288504  5.057401  7.470018    -0.001023    0.000002   -0.000135  
     -0.811180  0.753328  1.006346     0.008653    0.001343   -0.006330  
      0.967554  5.208194  8.989727    -0.006457   -0.005397    0.014216  
      5.802455  0.753328  4.024698     0.008657   -0.001342   -0.006335  
     -5.544561  5.208194  5.950309    -0.006452    0.005396    0.014209  
     -5.528641  2.227715  5.962511    -0.001451    0.003543   -0.002473  
      5.735997  3.717866  3.963892     0.011835    0.010828   -0.008620  
      0.951634  2.227715  8.977526    -0.001452   -0.003541   -0.002480  
     -0.744722  3.717866  1.067153     0.011837   -0.010828   -0.008620  
     -0.893494  2.231301  4.162213    -0.028919    0.000989   -0.003573  
      1.080252  3.714951  5.859232     0.015687   -0.017017   -0.003153  
      5.884769  2.231301  0.868832    -0.028922   -0.000990   -0.003575  
     -5.657260  3.714951  9.080805     0.015695    0.017001   -0.003153  
     -5.622992  0.751199  9.034813     0.016891   -0.014913   -0.000204  
      5.872018  5.211349  0.883773    -0.028543    0.005292   -0.003694  
      1.045985  0.751199  5.905223     0.016885    0.014931   -0.000205  
     -0.880743  5.211349  4.147272    -0.028531   -0.005287   -0.003702  
     -2.769217  2.226426  3.943002    -0.016070    0.020424    0.011677  
      3.011632  3.713986  5.983550    -0.010697    0.001236    0.001978  
      7.760492  2.226426  1.088042    -0.016072   -0.020424    0.011665  
     -7.588639  3.713986  8.956487    -0.010704   -0.001242    0.001962  
     -7.576192  0.750830  8.935375    -0.011601   -0.013083    0.005396  
      7.754048  5.219232  1.061863     0.009944   -0.011927   -0.008204  
      2.999184  0.750830  6.004661    -0.011600    0.013093    0.005408  
     -2.762772  5.219232  3.969182     0.009954    0.011934   -0.008197  
      0.545699  2.153908  0.921023     0.015054    0.022730   -0.010813  
     -0.381056  3.715882  9.101385     0.001855    0.053526    0.003693  
      4.445577  2.153908  4.110021     0.015052   -0.022736   -0.010810  
     -4.195951  3.715882  5.838651     0.001871   -0.053545    0.003692  
     -4.142312  0.755782  5.906023    -0.004397    0.002592   -0.000745  
      4.456348  5.276942  4.098732     0.022015   -0.020659    0.008423  
     -0.434695  0.755782  9.034013    -0.004390   -0.002593   -0.000742  
      0.534927  5.276942  0.932312     0.022029    0.020663    0.008432  
     -5.357135  2.249107  7.858822    -0.001206    0.007271    0.013034  
      5.591648  3.718102  2.065344     0.015552    0.015717   -0.001169  
      0.780128  2.249107  7.081214    -0.001187   -0.007269    0.013028  
     -0.600373  3.718102  2.965700     0.015550   -0.015713   -0.001169  
     -0.584070  0.753413  2.941938     0.027702    0.005477   -0.000471  
      0.762384  5.187597  7.091402    -0.025288   -0.009118   -0.013629  
      5.575345  0.753413  2.089107     0.027702   -0.005466   -0.000470  
     -5.339391  5.187597  7.848634    -0.025302    0.009124   -0.013628  
      3.936596  2.205034  0.451134     0.056353   -0.016326    0.043797  
     -3.610877  3.710940  9.477450     0.015553    0.022144    0.015335  
      1.054679  2.205034  4.579910     0.056362    0.016316    0.043775  
     -0.966130  3.710940  5.462586     0.015553   -0.022178    0.015334  
     -0.985568  0.756560  5.481490     0.008645    0.014843   -0.003459  
      1.064814  5.231939  4.591173    -0.058429    0.010107   -0.017653  
     -3.591439  0.756560  9.458547     0.008656   -0.014839   -0.003465  
      3.926461  5.231939  0.439871    -0.058396   -0.010108   -0.017661  
     -2.288504  2.009897  7.470018     0.002006   -0.000021    0.007258  
 
  79 f  =   10.694266 THz    67.194053 2PiTHz  356.722304 cm-1    44.227909 meV
             X         Y         Z           dx          dy          dz
      2.495638  0.754101  2.515522     0.000000    0.000058    0.000000  
     -2.288504  5.057401  7.470018    -0.000000    0.000678   -0.000000  
     -0.811180  0.753328  1.006346    -0.001494   -0.001458   -0.027751  
      0.967554  5.208194  8.989727     0.010659    0.006788    0.013315  
      5.802455  0.753328  4.024698     0.001488   -0.001462    0.027749  
     -5.544561  5.208194  5.950309    -0.010652    0.006791   -0.013313  
     -5.528641  2.227715  5.962511    -0.013310   -0.005955   -0.015709  
      5.735997  3.717866  3.963892     0.004161    0.003626    0.027676  
      0.951634  2.227715  8.977526     0.013310   -0.005953    0.015707  
     -0.744722  3.717866  1.067153    -0.004158    0.003619   -0.027678  
     -0.893494  2.231301  4.162213    -0.009539   -0.004360    0.018367  
      1.080252  3.714951  5.859232     0.024641   -0.006193   -0.008844  
      5.884769  2.231301  0.868832     0.009542   -0.004362   -0.018363  
     -5.657260  3.714951  9.080805    -0.024644   -0.006181    0.008840  
     -5.622992  0.751199  9.034813    -0.028180    0.006388    0.010920  
      5.872018  5.211349  0.883773     0.012454    0.007593   -0.010231  
      1.045985  0.751199  5.905223     0.028176    0.006395   -0.010921  
     -0.880743  5.211349  4.147272    -0.012457    0.007579    0.010231  
     -2.769217  2.226426  3.943002     0.002549   -0.009110   -0.020519  
      3.011632  3.713986  5.983550    -0.001721   -0.002769   -0.027859  
      7.760492  2.226426  1.088042    -0.002552   -0.009115    0.020521  
     -7.588639  3.713986  8.956487     0.001713   -0.002764    0.027853  
     -7.576192  0.750830  8.935375     0.000980    0.010239    0.033645  
      7.754048  5.219232  1.061863     0.010632   -0.004520    0.024000  
      2.999184  0.750830  6.004661    -0.000974    0.010240   -0.033632  
     -2.762772  5.219232  3.969182    -0.010632   -0.004523   -0.024005  
      0.545699  2.153908  0.921023    -0.007444    0.002696   -0.004431  
     -0.381056  3.715882  9.101385     0.013538   -0.015486   -0.004194  
      4.445577  2.153908  4.110021     0.007449    0.002687    0.004427  
     -4.195951  3.715882  5.838651    -0.013549   -0.015486    0.004201  
     -4.142312  0.755782  5.906023    -0.001937   -0.016777   -0.005142  
      4.456348  5.276942  4.098732    -0.009400    0.017326   -0.000410  
     -0.434695  0.755782  9.034013     0.001953   -0.016780    0.005143  
      0.534927  5.276942  0.932312     0.009399    0.017341    0.000409  
     -5.357135  2.249107  7.858822     0.051048   -0.002323    0.000452  
      5.591648  3.718102  2.065344    -0.009537    0.005194    0.002704  
      0.780128  2.249107  7.081214    -0.051057   -0.002333   -0.000451  
     -0.600373  3.718102  2.965700     0.009536    0.005181   -0.002705  
     -0.584070  0.753413  2.941938     0.008872    0.001331    0.005978  
      0.762384  5.187597  7.091402    -0.064286    0.006728    0.010606  
      5.575345  0.753413  2.089107    -0.008873    0.001336   -0.005974  
     -5.339391  5.187597  7.848634     0.064281    0.006740   -0.010607  
      3.936596  2.205034  0.451134    -0.012925   -0.009580    0.021013  
     -3.610877  3.710940  9.477450    -0.002611   -0.009211    0.004866  
      1.054679  2.205034  4.579910     0.012942   -0.009546   -0.021026  
     -0.966130  3.710940  5.462586     0.002609   -0.009203   -0.004857  
     -0.985568  0.756560  5.481490    -0.025152    0.007166    0.006990  
      1.064814  5.231939  4.591173     0.029015   -0.005996    0.026374  
     -3.591439  0.756560  9.458547     0.025153    0.007136   -0.006994  
      3.926461  5.231939  0.439871    -0.029020   -0.006012   -0.026365  
     -2.288504  2.009897  7.470018    -0.000001   -0.000615    0.000003  
 
  80 f  =   10.624599 THz    66.756327 2PiTHz  354.398491 cm-1    43.939793 meV
             X         Y         Z           dx          dy          dz
      2.495638  0.754101  2.515522     0.000000    0.000459    0.000000  
     -2.288504  5.057401  7.470018     0.000000    0.009426   -0.000000  
     -0.811180  0.753328  1.006346    -0.008330    0.007243    0.009942  
      0.967554  5.208194  8.989727     0.000476   -0.002721    0.011379  
      5.802455  0.753328  4.024698     0.008326    0.007245   -0.009945  
     -5.544561  5.208194  5.950309    -0.000473   -0.002722   -0.011380  
     -5.528641  2.227715  5.962511    -0.001258    0.000230    0.008428  
      5.735997  3.717866  3.963892    -0.002608   -0.008857    0.000085  
      0.951634  2.227715  8.977526     0.001257    0.000234   -0.008422  
     -0.744722  3.717866  1.067153     0.002607   -0.008851   -0.000084  
     -0.893494  2.231301  4.162213    -0.007533    0.002742   -0.004311  
      1.080252  3.714951  5.859232    -0.003074   -0.002795    0.000632  
      5.884769  2.231301  0.868832     0.007537    0.002742    0.004314  
     -5.657260  3.714951  9.080805     0.003067   -0.002802   -0.000634  
     -5.622992  0.751199  9.034813    -0.002450    0.017948    0.002711  
      5.872018  5.211349  0.883773    -0.012262    0.017440   -0.000988  
      1.045985  0.751199  5.905223     0.002445    0.017935   -0.002715  
     -0.880743  5.211349  4.147272     0.012264    0.017436    0.000991  
     -2.769217  2.226426  3.943002     0.008447   -0.007030    0.033220  
      3.011632  3.713986  5.983550     0.014595   -0.013240    0.019704  
      7.760492  2.226426  1.088042    -0.008443   -0.007024   -0.033221  
     -7.588639  3.713986  8.956487    -0.014599   -0.013239   -0.019709  
     -7.576192  0.750830  8.935375     0.005236    0.026970   -0.009712  
      7.754048  5.219232  1.061863    -0.005031    0.009725    0.005103  
      2.999184  0.750830  6.004661    -0.005231    0.026964    0.009717  
     -2.762772  5.219232  3.969182     0.005020    0.009709   -0.005098  
      0.545699  2.153908  0.921023    -0.013686    0.005842    0.009712  
     -0.381056  3.715882  9.101385    -0.017834   -0.071981    0.003181  
      4.445577  2.153908  4.110021     0.013685    0.005868   -0.009706  
     -4.195951  3.715882  5.838651     0.017826   -0.071958   -0.003184  
     -4.142312  0.755782  5.906023    -0.031874   -0.003921    0.002780  
      4.456348  5.276942  4.098732    -0.016475    0.027480    0.008460  
     -0.434695  0.755782  9.034013     0.031889   -0.003915   -0.002785  
      0.534927  5.276942  0.932312     0.016477    0.027477   -0.008468  
     -5.357135  2.249107  7.858822    -0.014541    0.016691    0.006553  
      5.591648  3.718102  2.065344    -0.002996    0.019025   -0.000484  
      0.780128  2.249107  7.081214     0.014541    0.016692   -0.006560  
     -0.600373  3.718102  2.965700     0.002992    0.019027    0.000484  
     -0.584070  0.753413  2.941938     0.008632    0.023557   -0.003001  
      0.762384  5.187597  7.091402     0.006906    0.023339    0.004481  
      5.575345  0.753413  2.089107    -0.008621    0.023566    0.003006  
     -5.339391  5.187597  7.848634    -0.006896    0.023342   -0.004475  
      3.936596  2.205034  0.451134    -0.002455   -0.060839    0.001844  
     -3.610877  3.710940  9.477450     0.005903   -0.037058    0.011584  
      1.054679  2.205034  4.579910     0.002425   -0.060832   -0.001862  
     -0.966130  3.710940  5.462586    -0.005907   -0.037028   -0.011590  
     -0.985568  0.756560  5.481490    -0.021969   -0.038947   -0.001668  
      1.064814  5.231939  4.591173    -0.018538   -0.041409   -0.006619  
     -3.591439  0.756560  9.458547     0.021969   -0.038956    0.001679  
      3.926461  5.231939  0.439871     0.018573   -0.041413    0.006632  
     -2.288504  2.009897  7.470018    -0.000002   -0.127617   -0.000001  
 
  81 f  =   10.477873 THz    65.834417 2PiTHz  349.504218 cm-1    43.332981 meV
             X         Y         Z           dx          dy          dz
      2.495638  0.754101  2.515522     0.001173    0.000000    0.000691  
     -2.288504  5.057401  7.470018     0.000718   -0.000001   -0.001649  
     -0.811180  0.753328  1.006346    -0.014030    0.007206   -0.006330  
      0.967554  5.208194  8.989727     0.002711    0.001970    0.005309  
      5.802455  0.753328  4.024698    -0.014039   -0.007204   -0.006330  
     -5.544561  5.208194  5.950309     0.002723   -0.001974    0.005315  
     -5.528641  2.227715  5.962511     0.001593   -0.006418    0.002652  
      5.735997  3.717866  3.963892     0.006216    0.003629    0.001431  
      0.951634  2.227715  8.977526     0.001580    0.006431    0.002648  
     -0.744722  3.717866  1.067153     0.006234   -0.003622    0.001441  
     -0.893494  2.231301  4.162213     0.001645    0.009903    0.000673  
      1.080252  3.714951  5.859232    -0.004323    0.002949   -0.008128  
      5.884769  2.231301  0.868832     0.001643   -0.009915    0.000681  
     -5.657260  3.714951  9.080805    -0.004302   -0.002953   -0.008140  
     -5.622992  0.751199  9.034813    -0.007861    0.014624   -0.003280  
      5.872018  5.211349  0.883773    -0.005193    0.032570    0.007765  
      1.045985  0.751199  5.905223    -0.007884   -0.014629   -0.003278  
     -0.880743  5.211349  4.147272    -0.005194   -0.032569    0.007754  
     -2.769217  2.226426  3.943002    -0.010536    0.011643   -0.006116  
      3.011632  3.713986  5.983550    -0.019837   -0.004634   -0.019400  
      7.760492  2.226426  1.088042    -0.010529   -0.011635   -0.006071  
     -7.588639  3.713986  8.956487    -0.019832    0.004642   -0.019374  
     -7.576192  0.750830  8.935375     0.009424    0.017687    0.021782  
      7.754048  5.219232  1.061863    -0.011349    0.026161   -0.000207  
      2.999184  0.750830  6.004661     0.009390   -0.017688    0.021779  
     -2.762772  5.219232  3.969182    -0.011348   -0.026151   -0.000243  
      0.545699  2.153908  0.921023     0.002435   -0.024298    0.003238  
     -0.381056  3.715882  9.101385    -0.028621   -0.036633    0.013395  
      4.445577  2.153908  4.110021     0.002429    0.024301    0.003247  
     -4.195951  3.715882  5.838651    -0.028559    0.036620    0.013405  
     -4.142312  0.755782  5.906023     0.051068    0.016000   -0.019974  
      4.456348  5.276942  4.098732     0.006283   -0.039058   -0.013804  
     -0.434695  0.755782  9.034013     0.051047   -0.016019   -0.019970  
      0.534927  5.276942  0.932312     0.006292    0.039035   -0.013806  
     -5.357135  2.249107  7.858822    -0.000003    0.012602   -0.001931  
      5.591648  3.718102  2.065344    -0.008934    0.015618   -0.001294  
      0.780128  2.249107  7.081214     0.000005   -0.012605   -0.001927  
     -0.600373  3.718102  2.965700    -0.008966   -0.015627   -0.001294  
     -0.584070  0.753413  2.941938     0.041564   -0.014460    0.012203  
      0.762384  5.187597  7.091402     0.001541   -0.028266   -0.005373  
      5.575345  0.753413  2.089107     0.041610    0.014449    0.012201  
     -5.339391  5.187597  7.848634     0.001536    0.028264   -0.005374  
      3.936596  2.205034  0.451134     0.005337   -0.068006    0.011814  
     -3.610877  3.710940  9.477450    -0.016893   -0.045053    0.009411  
      1.054679  2.205034  4.579910     0.005349    0.067992    0.011821  
     -0.966130  3.710940  5.462586    -0.016833    0.045083    0.009408  
     -0.985568  0.756560  5.481490     0.020908    0.032766    0.005311  
      1.064814  5.231939  4.591173     0.015668    0.031704   -0.005638  
     -3.591439  0.756560  9.458547     0.020823   -0.032736    0.005245  
      3.926461  5.231939  0.439871     0.015678   -0.031690   -0.005645  
     -2.288504  2.009897  7.470018    -0.000210    0.000024    0.001806  
 
  82 f  =   10.431482 THz    65.542936 2PiTHz  347.956793 cm-1    43.141125 meV
             X         Y         Z           dx          dy          dz
      2.495638  0.754101  2.515522     0.000001   -0.000172    0.000000  
     -2.288504  5.057401  7.470018     0.000000    0.004749   -0.000001  
     -0.811180  0.753328  1.006346    -0.009312   -0.005141   -0.005857  
      0.967554  5.208194  8.989727     0.005575   -0.014831   -0.001418  
      5.802455  0.753328  4.024698     0.009298   -0.005145    0.005852  
     -5.544561  5.208194  5.950309    -0.005569   -0.014827    0.001425  
     -5.528641  2.227715  5.962511    -0.010998    0.006125   -0.002636  
      5.735997  3.717866  3.963892     0.005721   -0.004066   -0.009364  
      0.951634  2.227715  8.977526     0.011000    0.006134    0.002638  
     -0.744722  3.717866  1.067153    -0.005713   -0.004071    0.009363  
     -0.893494  2.231301  4.162213     0.004551    0.031497    0.003543  
      1.080252  3.714951  5.859232     0.018277    0.002587   -0.008412  
      5.884769  2.231301  0.868832    -0.004550    0.031488   -0.003541  
     -5.657260  3.714951  9.080805    -0.018280    0.002589    0.008406  
     -5.622992  0.751199  9.034813    -0.003152    0.003314   -0.004971  
      5.872018  5.211349  0.883773    -0.001949   -0.021547   -0.000646  
      1.045985  0.751199  5.905223     0.003147    0.003309    0.004967  
     -0.880743  5.211349  4.147272     0.001945   -0.021573    0.000652  
     -2.769217  2.226426  3.943002    -0.002177    0.010536    0.012911  
      3.011632  3.713986  5.983550     0.010819   -0.005547   -0.004557  
      7.760492  2.226426  1.088042     0.002170    0.010527   -0.012918  
     -7.588639  3.713986  8.956487    -0.010835   -0.005546    0.004542  
     -7.576192  0.750830  8.935375    -0.013989   -0.005607   -0.014479  
      7.754048  5.219232  1.061863     0.012859   -0.027936   -0.020848  
      2.999184  0.750830  6.004661     0.013998   -0.005616    0.014487  
     -2.762772  5.219232  3.969182    -0.012868   -0.027951    0.020847  
      0.545699  2.153908  0.921023    -0.013855    0.029777    0.005853  
     -0.381056  3.715882  9.101385     0.038270    0.032650    0.013502  
      4.445577  2.153908  4.110021     0.013854    0.029789   -0.005849  
     -4.195951  3.715882  5.838651    -0.038301    0.032669   -0.013493  
     -4.142312  0.755782  5.906023    -0.018124    0.019050    0.014814  
      4.456348  5.276942  4.098732     0.010820   -0.019694   -0.006658  
     -0.434695  0.755782  9.034013     0.018168    0.019050   -0.014825  
      0.534927  5.276942  0.932312    -0.010822   -0.019671    0.006652  
     -5.357135  2.249107  7.858822     0.006194    0.006208    0.000080  
      5.591648  3.718102  2.065344     0.005102    0.007738   -0.001457  
      0.780128  2.249107  7.081214    -0.006198    0.006199   -0.000080  
     -0.600373  3.718102  2.965700    -0.005106    0.007726    0.001457  
     -0.584070  0.753413  2.941938     0.027331    0.006510   -0.004083  
      0.762384  5.187597  7.091402     0.001131   -0.009739   -0.001314  
      5.575345  0.753413  2.089107    -0.027303    0.006519    0.004094  
     -5.339391  5.187597  7.848634    -0.001135   -0.009715    0.001309  
      3.936596  2.205034  0.451134     0.000764    0.029323    0.006770  
     -3.610877  3.710940  9.477450     0.079659   -0.032718   -0.009505  
      1.054679  2.205034  4.579910    -0.000760    0.029376   -0.006765  
     -0.966130  3.710940  5.462586    -0.079673   -0.032693    0.009514  
     -0.985568  0.756560  5.481490    -0.007103   -0.025394   -0.047177  
      1.064814  5.231939  4.591173     0.019100   -0.009031    0.006010  
     -3.591439  0.756560  9.458547     0.007120   -0.025422    0.047180  
      3.926461  5.231939  0.439871    -0.019088   -0.009053   -0.006013  
     -2.288504  2.009897  7.470018    -0.000001   -0.085370    0.000000  
 
  83 f  =   10.370857 THz    65.162016 2PiTHz  345.934549 cm-1    42.890398 meV
             X         Y         Z           dx          dy          dz
      2.495638  0.754101  2.515522    -0.000000    0.000104   -0.000000  
     -2.288504  5.057401  7.470018    -0.000000    0.005874    0.000001  
     -0.811180  0.753328  1.006346     0.007706   -0.003002   -0.012176  
      0.967554  5.208194  8.989727    -0.006937   -0.010982   -0.004891  
      5.802455  0.753328  4.024698    -0.007698   -0.002995    0.012184  
     -5.544561  5.208194  5.950309     0.006930   -0.010975    0.004880  
     -5.528641  2.227715  5.962511     0.000938    0.009613    0.004057  
      5.735997  3.717866  3.963892    -0.012695    0.002869   -0.005678  
      0.951634  2.227715  8.977526    -0.000941    0.009612   -0.004063  
     -0.744722  3.717866  1.067153     0.012692    0.002872    0.005684  
     -0.893494  2.231301  4.162213    -0.001470    0.017399   -0.002040  
      1.080252  3.714951  5.859232    -0.005587    0.001849    0.002577  
      5.884769  2.231301  0.868832     0.001468    0.017403    0.002035  
     -5.657260  3.714951  9.080805     0.005591    0.001850   -0.002564  
     -5.622992  0.751199  9.034813     0.015324    0.004054   -0.005304  
      5.872018  5.211349  0.883773     0.001289   -0.008601    0.003708  
      1.045985  0.751199  5.905223    -0.015313    0.004064    0.005310  
     -0.880743  5.211349  4.147272    -0.001288   -0.008580   -0.003715  
     -2.769217  2.226426  3.943002    -0.008068    0.008789   -0.042743  
      3.011632  3.713986  5.983550    -0.002191    0.002869   -0.039512  
      7.760492  2.226426  1.088042     0.008075    0.008798    0.042747  
     -7.588639  3.713986  8.956487     0.002207    0.002868    0.039525  
     -7.576192  0.750830  8.935375     0.030905    0.001583    0.012659  
      7.754048  5.219232  1.061863     0.012149   -0.012268    0.040543  
      2.999184  0.750830  6.004661    -0.030917    0.001601   -0.012673  
     -2.762772  5.219232  3.969182    -0.012141   -0.012245   -0.040544  
      0.545699  2.153908  0.921023    -0.008834    0.028089   -0.004068  
     -0.381056  3.715882  9.101385    -0.034476   -0.008618    0.006285  
      4.445577  2.153908  4.110021     0.008832    0.028059    0.004059  
     -4.195951  3.715882  5.838651     0.034497   -0.008653   -0.006298  
     -4.142312  0.755782  5.906023     0.025078   -0.011801    0.012895  
      4.456348  5.276942  4.098732    -0.008465   -0.021613    0.003093  
     -0.434695  0.755782  9.034013    -0.025112   -0.011794   -0.012881  
      0.534927  5.276942  0.932312     0.008462   -0.021639   -0.003087  
     -5.357135  2.249107  7.858822     0.018476    0.008193   -0.002509  
      5.591648  3.718102  2.065344     0.035999    0.010274   -0.003523  
      0.780128  2.249107  7.081214    -0.018473    0.008204    0.002511  
     -0.600373  3.718102  2.965700    -0.035994    0.010285    0.003522  
     -0.584070  0.753413  2.941938    -0.026065    0.007418   -0.000763  
      0.762384  5.187597  7.091402    -0.013281    0.002376    0.003837  
      5.575345  0.753413  2.089107     0.026034    0.007408    0.000752  
     -5.339391  5.187597  7.848634     0.013282    0.002358   -0.003834  
      3.936596  2.205034  0.451134    -0.018791   -0.016098   -0.004420  
     -3.610877  3.710940  9.477450    -0.013681   -0.022872   -0.020115  
      1.054679  2.205034  4.579910     0.018786   -0.016146    0.004417  
     -0.966130  3.710940  5.462586     0.013687   -0.022902    0.020103  
     -0.985568  0.756560  5.481490     0.089228   -0.016468    0.032318  
      1.064814  5.231939  4.591173     0.014169   -0.012219    0.012722  
     -3.591439  0.756560  9.458547    -0.089233   -0.016434   -0.032323  
      3.926461  5.231939  0.439871    -0.014178   -0.012195   -0.012715  
     -2.288504  2.009897  7.470018     0.000003   -0.085164   -0.000001  
 
  84 f  =   10.066779 THz    63.251439 2PiTHz  335.791608 cm-1    41.632835 meV
             X         Y         Z           dx          dy          dz
      2.495638  0.754101  2.515522    -0.000001   -0.000231   -0.000000  
     -2.288504  5.057401  7.470018    -0.000000   -0.000778    0.000000  
     -0.811180  0.753328  1.006346    -0.026565    0.006779   -0.005118  
      0.967554  5.208194  8.989727     0.008755   -0.019024   -0.003313  
      5.802455  0.753328  4.024698     0.026587    0.006788    0.005112  
     -5.544561  5.208194  5.950309    -0.008757   -0.019030    0.003317  
     -5.528641  2.227715  5.962511    -0.002474    0.024164    0.001029  
      5.735997  3.717866  3.963892    -0.020749   -0.001173   -0.006437  
      0.951634  2.227715  8.977526     0.002473    0.024152   -0.001030  
     -0.744722  3.717866  1.067153     0.020735   -0.001158    0.006439  
     -0.893494  2.231301  4.162213     0.004861   -0.009623   -0.000910  
      1.080252  3.714951  5.859232     0.004500   -0.007522    0.011683  
      5.884769  2.231301  0.868832    -0.004863   -0.009584    0.000913  
     -5.657260  3.714951  9.080805    -0.004509   -0.007503   -0.011673  
     -5.622992  0.751199  9.034813    -0.000918   -0.005628    0.011542  
      5.872018  5.211349  0.883773    -0.005221   -0.006656   -0.003235  
      1.045985  0.751199  5.905223     0.000928   -0.005634   -0.011552  
     -0.880743  5.211349  4.147272     0.005227   -0.006644    0.003233  
     -2.769217  2.226426  3.943002     0.005208    0.002745    0.000168  
      3.011632  3.713986  5.983550     0.025302   -0.003493   -0.017206  
      7.760492  2.226426  1.088042    -0.005194    0.002759   -0.000150  
     -7.588639  3.713986  8.956487    -0.025284   -0.003478    0.017212  
     -7.576192  0.750830  8.935375     0.013566    0.005324   -0.022471  
      7.754048  5.219232  1.061863     0.000724   -0.004837    0.013240  
      2.999184  0.750830  6.004661    -0.013578    0.005338    0.022465  
     -2.762772  5.219232  3.969182    -0.000717   -0.004831   -0.013254  
      0.545699  2.153908  0.921023    -0.006387    0.025945    0.001637  
     -0.381056  3.715882  9.101385    -0.042904   -0.014892   -0.006984  
      4.445577  2.153908  4.110021     0.006387    0.025945   -0.001646  
     -4.195951  3.715882  5.838651     0.042955   -0.014936    0.006977  
     -4.142312  0.755782  5.906023    -0.076484   -0.006659   -0.003806  
      4.456348  5.276942  4.098732     0.013180   -0.007129    0.000085  
     -0.434695  0.755782  9.034013     0.076412   -0.006664    0.003821  
      0.534927  5.276942  0.932312    -0.013173   -0.007153   -0.000063  
     -5.357135  2.249107  7.858822    -0.006681   -0.003659    0.002656  
      5.591648  3.718102  2.065344     0.035087   -0.017526    0.002053  
      0.780128  2.249107  7.081214     0.006707   -0.003677   -0.002655  
     -0.600373  3.718102  2.965700    -0.035085   -0.017553   -0.002062  
     -0.584070  0.753413  2.941938     0.017482   -0.013227    0.002923  
      0.762384  5.187597  7.091402    -0.009584   -0.013319    0.001190  
      5.575345  0.753413  2.089107    -0.017512   -0.013197   -0.002915  
     -5.339391  5.187597  7.848634     0.009556   -0.013314   -0.001188  
      3.936596  2.205034  0.451134     0.004332    0.005790    0.008182  
     -3.610877  3.710940  9.477450     0.019176    0.053581    0.039172  
      1.054679  2.205034  4.579910    -0.004342    0.005786   -0.008193  
     -0.966130  3.710940  5.462586    -0.019145    0.053685   -0.039245  
     -0.985568  0.756560  5.481490    -0.011725    0.042475    0.028010  
      1.064814  5.231939  4.591173     0.015151    0.017177    0.004830  
     -3.591439  0.756560  9.458547     0.011689    0.042395   -0.027943  
      3.926461  5.231939  0.439871    -0.015156    0.017134   -0.004834  
     -2.288504  2.009897  7.470018     0.000002    0.000726    0.000001  
 
  85 f  =   10.045405 THz    63.117138 2PiTHz  335.078627 cm-1    41.544436 meV
             X         Y         Z           dx          dy          dz
      2.495638  0.754101  2.515522     0.000955   -0.000000    0.000157  
     -2.288504  5.057401  7.470018    -0.000105   -0.000000   -0.000133  
     -0.811180  0.753328  1.006346    -0.015773    0.002880    0.004625  
      0.967554  5.208194  8.989727     0.006380   -0.004117   -0.001407  
      5.802455  0.753328  4.024698    -0.015736   -0.002870    0.004630  
     -5.544561  5.208194  5.950309     0.006368    0.004093   -0.001404  
     -5.528641  2.227715  5.962511     0.002989   -0.008108    0.002162  
      5.735997  3.717866  3.963892     0.006565    0.006627   -0.004979  
      0.951634  2.227715  8.977526     0.002995    0.008141    0.002164  
     -0.744722  3.717866  1.067153     0.006591   -0.006628   -0.004970  
     -0.893494  2.231301  4.162213    -0.000767    0.027383    0.002092  
      1.080252  3.714951  5.859232     0.001642    0.010283   -0.010699  
      5.884769  2.231301  0.868832    -0.000772   -0.027399    0.002095  
     -5.657260  3.714951  9.080805     0.001637   -0.010291   -0.010714  
     -5.622992  0.751199  9.034813    -0.008665   -0.010025    0.006653  
      5.872018  5.211349  0.883773    -0.002600    0.002461    0.000391  
      1.045985  0.751199  5.905223    -0.008661    0.010015    0.006636  
     -0.880743  5.211349  4.147272    -0.002596   -0.002467    0.000394  
     -2.769217  2.226426  3.943002    -0.006831    0.007586   -0.007036  
      3.011632  3.713986  5.983550    -0.011030    0.007560   -0.001551  
      7.760492  2.226426  1.088042    -0.006838   -0.007582   -0.007035  
     -7.588639  3.713986  8.956487    -0.011063   -0.007562   -0.001532  
     -7.576192  0.750830  8.935375     0.005462    0.003357    0.000929  
      7.754048  5.219232  1.061863    -0.005402    0.002255    0.005234  
      2.999184  0.750830  6.004661     0.005446   -0.003347    0.000968  
     -2.762772  5.219232  3.969182    -0.005404   -0.002261    0.005219  
      0.545699  2.153908  0.921023    -0.001251   -0.001682    0.002528  
     -0.381056  3.715882  9.101385    -0.019816   -0.019658    0.001663  
      4.445577  2.153908  4.110021    -0.001240    0.001720    0.002521  
     -4.195951  3.715882  5.838651    -0.019759    0.019627    0.001674  
     -4.142312  0.755782  5.906023     0.042297   -0.001316   -0.008399  
      4.456348  5.276942  4.098732    -0.006326   -0.005076   -0.008871  
     -0.434695  0.755782  9.034013     0.042400    0.001292   -0.008391  
      0.534927  5.276942  0.932312    -0.006344    0.005069   -0.008873  
     -5.357135  2.249107  7.858822    -0.016830   -0.015154   -0.002116  
      5.591648  3.718102  2.065344     0.009277   -0.024428    0.008518  
      0.780128  2.249107  7.081214    -0.016828    0.015150   -0.002119  
     -0.600373  3.718102  2.965700     0.009232    0.024406    0.008514  
     -0.584070  0.753413  2.941938     0.016406    0.024919   -0.005182  
      0.762384  5.187597  7.091402     0.007102    0.007925   -0.001552  
      5.575345  0.753413  2.089107     0.016388   -0.024938   -0.005185  
     -5.339391  5.187597  7.848634     0.007109   -0.007939   -0.001555  
      3.936596  2.205034  0.451134     0.005324    0.005870   -0.000786  
     -3.610877  3.710940  9.477450    -0.013762    0.088080    0.060566  
      1.054679  2.205034  4.579910     0.005317   -0.005875   -0.000798  
     -0.966130  3.710940  5.462586    -0.013783   -0.088001    0.060512  
     -0.985568  0.756560  5.481490     0.022386   -0.063422   -0.047809  
      1.064814  5.231939  4.591173     0.004761   -0.034053    0.007699  
     -3.591439  0.756560  9.458547     0.022407    0.063479   -0.047848  
      3.926461  5.231939  0.439871     0.004738    0.034068    0.007695  
     -2.288504  2.009897  7.470018    -0.002136   -0.000006    0.000311  
 
  86 f  =    9.838923 THz    61.819779 2PiTHz  328.191160 cm-1    40.690500 meV
             X         Y         Z           dx          dy          dz
      2.495638  0.754101  2.515522    -0.000444   -0.000000   -0.000087  
     -2.288504  5.057401  7.470018     0.000960   -0.000002    0.002214  
     -0.811180  0.753328  1.006346     0.001515    0.005744    0.009257  
      0.967554  5.208194  8.989727    -0.016066   -0.021452   -0.008228  
      5.802455  0.753328  4.024698     0.001521   -0.005742    0.009257  
     -5.544561  5.208194  5.950309    -0.016068    0.021450   -0.008230  
     -5.528641  2.227715  5.962511    -0.017115   -0.026959   -0.008318  
      5.735997  3.717866  3.963892     0.022929    0.001803    0.010351  
      0.951634  2.227715  8.977526    -0.017115    0.026961   -0.008324  
     -0.744722  3.717866  1.067153     0.022934   -0.001806    0.010352  
     -0.893494  2.231301  4.162213    -0.003102   -0.005362   -0.012229  
      1.080252  3.714951  5.859232     0.021908    0.003920    0.022345  
      5.884769  2.231301  0.868832    -0.003100    0.005357   -0.012228  
     -5.657260  3.714951  9.080805     0.021908   -0.003923    0.022344  
     -5.622992  0.751199  9.034813     0.024286    0.002880    0.008386  
      5.872018  5.211349  0.883773    -0.006606    0.000548   -0.011095  
      1.045985  0.751199  5.905223     0.024288   -0.002879    0.008386  
     -0.880743  5.211349  4.147272    -0.006601   -0.000545   -0.011090  
     -2.769217  2.226426  3.943002    -0.001076   -0.013891    0.006318  
      3.011632  3.713986  5.983550     0.000647   -0.001213    0.000611  
      7.760492  2.226426  1.088042    -0.001077    0.013885    0.006301  
     -7.588639  3.713986  8.956487     0.000643    0.001206    0.000610  
     -7.576192  0.750830  8.935375     0.015601    0.008928   -0.017783  
      7.754048  5.219232  1.061863     0.002250   -0.010073    0.012218  
      2.999184  0.750830  6.004661     0.015600   -0.008924   -0.017782  
     -2.762772  5.219232  3.969182     0.002252    0.010073    0.012210  
      0.545699  2.153908  0.921023     0.000586    0.033019    0.004189  
     -0.381056  3.715882  9.101385    -0.067522   -0.026583   -0.007594  
      4.445577  2.153908  4.110021     0.000590   -0.033009    0.004191  
     -4.195951  3.715882  5.838651    -0.067517    0.026573   -0.007588  
     -4.142312  0.755782  5.906023     0.030871    0.012388    0.013394  
      4.456348  5.276942  4.098732    -0.000230    0.021833   -0.004823  
     -0.434695  0.755782  9.034013     0.030886   -0.012375    0.013399  
      0.534927  5.276942  0.932312    -0.000232   -0.021825   -0.004827  
     -5.357135  2.249107  7.858822     0.006426   -0.003907    0.006549  
      5.591648  3.718102  2.065344    -0.012171    0.001155   -0.005216  
      0.780128  2.249107  7.081214     0.006432    0.003905    0.006548  
     -0.600373  3.718102  2.965700    -0.012171   -0.001160   -0.005215  
     -0.584070  0.753413  2.941938    -0.051705   -0.001035   -0.012123  
      0.762384  5.187597  7.091402     0.011749   -0.010479    0.007150  
      5.575345  0.753413  2.089107    -0.051718    0.001033   -0.012122  
     -5.339391  5.187597  7.848634     0.011750    0.010477    0.007148  
      3.936596  2.205034  0.451134    -0.005143   -0.014319    0.008413  
     -3.610877  3.710940  9.477450    -0.019832   -0.007144   -0.029046  
      1.054679  2.205034  4.579910    -0.005146    0.014324    0.008415  
     -0.966130  3.710940  5.462586    -0.019837    0.007159   -0.029056  
     -0.985568  0.756560  5.481490    -0.002522   -0.000742   -0.028519  
      1.064814  5.231939  4.591173    -0.007459    0.005376    0.001432  
     -3.591439  0.756560  9.458547    -0.002514    0.000749   -0.028521  
      3.926461  5.231939  0.439871    -0.007461   -0.005370    0.001432  
     -2.288504  2.009897  7.470018     0.007989    0.000022   -0.000951  
 
  87 f  =    9.769564 THz    61.383982 2PiTHz  325.877583 cm-1    40.403653 meV
             X         Y         Z           dx          dy          dz
      2.495638  0.754101  2.515522     0.000000   -0.001082    0.000000  
     -2.288504  5.057401  7.470018     0.000000   -0.009682   -0.000000  
     -0.811180  0.753328  1.006346     0.003200   -0.000566   -0.000666  
      0.967554  5.208194  8.989727     0.001547   -0.005522    0.014494  
      5.802455  0.753328  4.024698    -0.003196   -0.000559    0.000664  
     -5.544561  5.208194  5.950309    -0.001550   -0.005529   -0.014493  
     -5.528641  2.227715  5.962511     0.000501   -0.008278    0.015047  
      5.735997  3.717866  3.963892     0.001554   -0.016787   -0.000104  
      0.951634  2.227715  8.977526    -0.000503   -0.008285   -0.015047  
     -0.744722  3.717866  1.067153    -0.001558   -0.016778    0.000106  
     -0.893494  2.231301  4.162213    -0.018100    0.005678   -0.009675  
      1.080252  3.714951  5.859232    -0.001439   -0.011190   -0.004709  
      5.884769  2.231301  0.868832     0.018099    0.005665    0.009676  
     -5.657260  3.714951  9.080805     0.001440   -0.011189    0.004701  
     -5.622992  0.751199  9.034813     0.005192    0.010725   -0.004228  
      5.872018  5.211349  0.883773    -0.013576   -0.000560   -0.014426  
      1.045985  0.751199  5.905223    -0.005195    0.010728    0.004232  
     -0.880743  5.211349  4.147272     0.013578   -0.000565    0.014426  
     -2.769217  2.226426  3.943002    -0.000228   -0.015910    0.049542  
      3.011632  3.713986  5.983550    -0.003570   -0.037225    0.000614  
      7.760492  2.226426  1.088042     0.000228   -0.015916   -0.049530  
     -7.588639  3.713986  8.956487     0.003576   -0.037214   -0.000619  
     -7.576192  0.750830  8.935375     0.004821    0.013789    0.004207  
      7.754048  5.219232  1.061863     0.002926   -0.016823    0.054017  
      2.999184  0.750830  6.004661    -0.004824    0.013800   -0.004193  
     -2.762772  5.219232  3.969182    -0.002934   -0.016831   -0.054032  
      0.545699  2.153908  0.921023    -0.009264    0.032625   -0.002662  
     -0.381056  3.715882  9.101385    -0.005987   -0.012966   -0.000346  
      4.445577  2.153908  4.110021     0.009264    0.032651    0.002651  
     -4.195951  3.715882  5.838651     0.005992   -0.012989    0.000352  
     -4.142312  0.755782  5.906023     0.017919    0.078409    0.000359  
      4.456348  5.276942  4.098732    -0.009727    0.029589   -0.000275  
     -0.434695  0.755782  9.034013    -0.017930    0.078390   -0.000367  
      0.534927  5.276942  0.932312     0.009737    0.029595    0.000281  
     -5.357135  2.249107  7.858822    -0.024789   -0.003513    0.009782  
      5.591648  3.718102  2.065344    -0.003197   -0.009050   -0.000983  
      0.780128  2.249107  7.081214     0.024807   -0.003507   -0.009782  
     -0.600373  3.718102  2.965700     0.003186   -0.009043    0.000983  
     -0.584070  0.753413  2.941938    -0.008139    0.005395    0.003232  
      0.762384  5.187597  7.091402    -0.027307   -0.005904    0.010739  
      5.575345  0.753413  2.089107     0.008153    0.005393   -0.003231  
     -5.339391  5.187597  7.848634     0.027299   -0.005911   -0.010739  
      3.936596  2.205034  0.451134     0.009447    0.025019    0.009740  
     -3.610877  3.710940  9.477450     0.010668    0.009527   -0.011722  
      1.054679  2.205034  4.579910    -0.009455    0.025013   -0.009746  
     -0.966130  3.710940  5.462586    -0.010692    0.009515    0.011727  
     -0.985568  0.756560  5.481490     0.026282    0.000910   -0.004578  
      1.064814  5.231939  4.591173     0.013164    0.016490    0.014891  
     -3.591439  0.756560  9.458547    -0.026268    0.000923    0.004574  
      3.926461  5.231939  0.439871    -0.013150    0.016502   -0.014887  
     -2.288504  2.009897  7.470018     0.000004    0.123056    0.000001  
 
  88 f  =    9.622178 THz    60.457928 2PiTHz  320.961315 cm-1    39.794113 meV
             X         Y         Z           dx          dy          dz
      2.495638  0.754101  2.515522    -0.000306   -0.000000    0.000022  
     -2.288504  5.057401  7.470018    -0.000051   -0.000002   -0.000628  
     -0.811180  0.753328  1.006346    -0.023773    0.006139    0.006717  
      0.967554  5.208194  8.989727     0.012661   -0.015131    0.001862  
      5.802455  0.753328  4.024698    -0.023777   -0.006139    0.006714  
     -5.544561  5.208194  5.950309     0.012660    0.015126    0.001855  
     -5.528641  2.227715  5.962511     0.019396   -0.005578    0.001750  
      5.735997  3.717866  3.963892    -0.001170    0.014861   -0.010254  
      0.951634  2.227715  8.977526     0.019398    0.005576    0.001743  
     -0.744722  3.717866  1.067153    -0.001169   -0.014866   -0.010254  
     -0.893494  2.231301  4.162213     0.008293   -0.019386    0.001579  
      1.080252  3.714951  5.859232    -0.011388    0.008839    0.005896  
      5.884769  2.231301  0.868832     0.008302    0.019386    0.001587  
     -5.657260  3.714951  9.080805    -0.011386   -0.008844    0.005894  
     -5.622992  0.751199  9.034813    -0.007154    0.010650   -0.011976  
      5.872018  5.211349  0.883773    -0.009575   -0.010075    0.005802  
      1.045985  0.751199  5.905223    -0.007157   -0.010645   -0.011973  
     -0.880743  5.211349  4.147272    -0.009570    0.010076    0.005806  
     -2.769217  2.226426  3.943002    -0.000903   -0.008851   -0.023412  
      3.011632  3.713986  5.983550    -0.018381    0.023919    0.006460  
      7.760492  2.226426  1.088042    -0.000900    0.008847   -0.023428  
     -7.588639  3.713986  8.956487    -0.018375   -0.023935    0.006460  
     -7.576192  0.750830  8.935375     0.007278    0.012495   -0.027636  
      7.754048  5.219232  1.061863     0.013095   -0.029484    0.016106  
      2.999184  0.750830  6.004661     0.007277   -0.012488   -0.027629  
     -2.762772  5.219232  3.969182     0.013094    0.029473    0.016077  
      0.545699  2.153908  0.921023    -0.019586    0.054622    0.020933  
     -0.381056  3.715882  9.101385     0.006697   -0.018444   -0.014766  
      4.445577  2.153908  4.110021    -0.019584   -0.054608    0.020936  
     -4.195951  3.715882  5.838651     0.006708    0.018439   -0.014764  
     -4.142312  0.755782  5.906023     0.034102   -0.047185    0.012099  
      4.456348  5.276942  4.098732    -0.014794    0.000654   -0.010436  
     -0.434695  0.755782  9.034013     0.034096    0.047216    0.012099  
      0.534927  5.276942  0.932312    -0.014789   -0.000642   -0.010434  
     -5.357135  2.249107  7.858822    -0.036999    0.006563   -0.001650  
      5.591648  3.718102  2.065344     0.036976    0.011901    0.001356  
      0.780128  2.249107  7.081214    -0.036989   -0.006565   -0.001652  
     -0.600373  3.718102  2.965700     0.036967   -0.011904    0.001356  
     -0.584070  0.753413  2.941938     0.005356   -0.007737    0.002035  
      0.762384  5.187597  7.091402     0.006252   -0.007757   -0.004067  
      5.575345  0.753413  2.089107     0.005364    0.007739    0.002035  
     -5.339391  5.187597  7.848634     0.006256    0.007752   -0.004073  
      3.936596  2.205034  0.451134     0.006008    0.000722    0.010958  
     -3.610877  3.710940  9.477450     0.062681   -0.010529    0.011794  
      1.054679  2.205034  4.579910     0.006006   -0.000711    0.010956  
     -0.966130  3.710940  5.462586     0.062697    0.010533    0.011806  
     -0.985568  0.756560  5.481490    -0.024195    0.011258    0.011201  
      1.064814  5.231939  4.591173    -0.015407    0.008351   -0.012353  
     -3.591439  0.756560  9.458547    -0.024203   -0.011260    0.011210  
      3.926461  5.231939  0.439871    -0.015413   -0.008341   -0.012359  
     -2.288504  2.009897  7.470018    -0.013817    0.000026   -0.003588  
 
  89 f  =    9.470940 THz    59.507671 2PiTHz  315.916553 cm-1    39.168643 meV
             X         Y         Z           dx          dy          dz
      2.495638  0.754101  2.515522    -0.000498   -0.000000   -0.000030  
     -2.288504  5.057401  7.470018     0.000952   -0.000001   -0.000068  
     -0.811180  0.753328  1.006346     0.021879    0.005371   -0.001791  
      0.967554  5.208194  8.989727    -0.017180    0.002646   -0.002087  
      5.802455  0.753328  4.024698     0.021890   -0.005369   -0.001790  
     -5.544561  5.208194  5.950309    -0.017181   -0.002649   -0.002093  
     -5.528641  2.227715  5.962511    -0.009406    0.015885    0.006159  
      5.735997  3.717866  3.963892    -0.001318    0.021890    0.002581  
      0.951634  2.227715  8.977526    -0.009395   -0.015882    0.006155  
     -0.744722  3.717866  1.067153    -0.001319   -0.021892    0.002582  
     -0.893494  2.231301  4.162213     0.012567    0.008318   -0.003100  
      1.080252  3.714951  5.859232     0.004439    0.008070   -0.003930  
      5.884769  2.231301  0.868832     0.012569   -0.008319   -0.003100  
     -5.657260  3.714951  9.080805     0.004435   -0.008070   -0.003929  
     -5.622992  0.751199  9.034813     0.007966    0.009653    0.007984  
      5.872018  5.211349  0.883773    -0.008792    0.006829   -0.001439  
      1.045985  0.751199  5.905223     0.007975   -0.009655    0.007984  
     -0.880743  5.211349  4.147272    -0.008789   -0.006830   -0.001438  
     -2.769217  2.226426  3.943002    -0.001943    0.024585   -0.031944  
      3.011632  3.713986  5.983550     0.007571    0.032013   -0.009637  
      7.760492  2.226426  1.088042    -0.001947   -0.024587   -0.031936  
     -7.588639  3.713986  8.956487     0.007563   -0.032015   -0.009649  
     -7.576192  0.750830  8.935375    -0.010315    0.007581    0.013286  
      7.754048  5.219232  1.061863     0.001249    0.005101    0.028284  
      2.999184  0.750830  6.004661    -0.010324   -0.007579    0.013290  
     -2.762772  5.219232  3.969182     0.001252   -0.005104    0.028272  
      0.545699  2.153908  0.921023     0.022323    0.001619    0.020332  
     -0.381056  3.715882  9.101385     0.003635   -0.010764    0.011742  
      4.445577  2.153908  4.110021     0.022325   -0.001610    0.020336  
     -4.195951  3.715882  5.838651     0.003642    0.010761    0.011743  
     -4.142312  0.755782  5.906023    -0.042405   -0.084172   -0.008716  
      4.456348  5.276942  4.098732     0.006195   -0.037118   -0.020257  
     -0.434695  0.755782  9.034013    -0.042391    0.084173   -0.008716  
      0.534927  5.276942  0.932312     0.006194    0.037124   -0.020256  
     -5.357135  2.249107  7.858822    -0.026127    0.006189    0.003416  
      5.591648  3.718102  2.065344    -0.025890    0.006872   -0.003744  
      0.780128  2.249107  7.081214    -0.026139   -0.006192    0.003414  
     -0.600373  3.718102  2.965700    -0.025893   -0.006874   -0.003745  
     -0.584070  0.753413  2.941938    -0.015767   -0.002433    0.000784  
      0.762384  5.187597  7.091402     0.066310   -0.004559   -0.000025  
      5.575345  0.753413  2.089107    -0.015752    0.002431    0.000783  
     -5.339391  5.187597  7.848634     0.066297    0.004556   -0.000027  
      3.936596  2.205034  0.451134     0.004577    0.003270    0.006284  
     -3.610877  3.710940  9.477450    -0.021915    0.004742   -0.006053  
      1.054679  2.205034  4.579910     0.004569   -0.003268    0.006281  
     -0.966130  3.710940  5.462586    -0.021938   -0.004732   -0.006068  
     -0.985568  0.756560  5.481490     0.006664   -0.005491   -0.003925  
      1.064814  5.231939  4.591173    -0.005762   -0.002690   -0.010871  
     -3.591439  0.756560  9.458547     0.006656    0.005495   -0.003937  
      3.926461  5.231939  0.439871    -0.005763    0.002696   -0.010870  
     -2.288504  2.009897  7.470018    -0.023104    0.000010   -0.017380  
 
  90 f  =    9.280695 THz    58.312327 2PiTHz  309.570666 cm-1    38.381854 meV
             X         Y         Z           dx          dy          dz
      2.495638  0.754101  2.515522     0.000000   -0.000115    0.000000  
     -2.288504  5.057401  7.470018     0.000000    0.002767   -0.000000  
     -0.811180  0.753328  1.006346     0.016737   -0.000440    0.006805  
      0.967554  5.208194  8.989727    -0.010305   -0.001990   -0.004688  
      5.802455  0.753328  4.024698    -0.016736   -0.000440   -0.006802  
     -5.544561  5.208194  5.950309     0.010299   -0.001992    0.004688  
     -5.528641  2.227715  5.962511     0.010912    0.000302    0.006106  
      5.735997  3.717866  3.963892    -0.007602   -0.001421    0.002247  
      0.951634  2.227715  8.977526    -0.010917    0.000297   -0.006104  
     -0.744722  3.717866  1.067153     0.007598   -0.001424   -0.002244  
     -0.893494  2.231301  4.162213     0.010128    0.002242    0.005514  
      1.080252  3.714951  5.859232    -0.015614   -0.001243    0.014464  
      5.884769  2.231301  0.868832    -0.010123    0.002239   -0.005519  
     -5.657260  3.714951  9.080805     0.015617   -0.001246   -0.014462  
     -5.622992  0.751199  9.034813     0.016094    0.001710    0.024150  
      5.872018  5.211349  0.883773    -0.011946   -0.002667   -0.009952  
      1.045985  0.751199  5.905223    -0.016094    0.001706   -0.024145  
     -0.880743  5.211349  4.147272     0.011945   -0.002670    0.009952  
     -2.769217  2.226426  3.943002    -0.005492    0.010959    0.033825  
      3.011632  3.713986  5.983550    -0.014973   -0.004838   -0.088535  
      7.760492  2.226426  1.088042     0.005490    0.010948   -0.033834  
     -7.588639  3.713986  8.956487     0.014973   -0.004845    0.088501  
     -7.576192  0.750830  8.935375    -0.019188    0.000779   -0.011491  
      7.754048  5.219232  1.061863     0.006320   -0.016793   -0.016883  
      2.999184  0.750830  6.004661     0.019186    0.000778    0.011484  
     -2.762772  5.219232  3.969182    -0.006323   -0.016799    0.016882  
      0.545699  2.153908  0.921023     0.000344    0.015674   -0.000891  
     -0.381056  3.715882  9.101385    -0.007664    0.001289   -0.004063  
      4.445577  2.153908  4.110021    -0.000340    0.015680    0.000893  
     -4.195951  3.715882  5.838651     0.007665    0.001289    0.004071  
     -4.142312  0.755782  5.906023     0.002413    0.009226    0.007537  
      4.456348  5.276942  4.098732     0.000421   -0.010076   -0.000776  
     -0.434695  0.755782  9.034013    -0.002421    0.009242   -0.007536  
      0.534927  5.276942  0.932312    -0.000418   -0.010060    0.000770  
     -5.357135  2.249107  7.858822     0.014111    0.000733    0.004737  
      5.591648  3.718102  2.065344    -0.011116   -0.001517   -0.007069  
      0.780128  2.249107  7.081214    -0.014101    0.000730   -0.004736  
     -0.600373  3.718102  2.965700     0.011110   -0.001517    0.007068  
     -0.584070  0.753413  2.941938     0.045574    0.000741   -0.000973  
      0.762384  5.187597  7.091402    -0.023167   -0.003071   -0.001527  
      5.575345  0.753413  2.089107    -0.045570    0.000742    0.000972  
     -5.339391  5.187597  7.848634     0.023188   -0.003070    0.001529  
      3.936596  2.205034  0.451134     0.000823    0.010909    0.007782  
     -3.610877  3.710940  9.477450    -0.059678   -0.001217   -0.039658  
      1.054679  2.205034  4.579910    -0.000826    0.010912   -0.007776  
     -0.966130  3.710940  5.462586     0.059678   -0.001219    0.039660  
     -0.985568  0.756560  5.481490    -0.051022    0.001979   -0.022277  
      1.064814  5.231939  4.591173     0.006897   -0.003416    0.002390  
     -3.591439  0.756560  9.458547     0.051023    0.001982    0.022268  
      3.926461  5.231939  0.439871    -0.006896   -0.003414   -0.002386  
     -2.288504  2.009897  7.470018     0.000001   -0.048881   -0.000002  
 
  91 f  =    9.109330 THz    57.235611 2PiTHz  303.854557 cm-1    37.673147 meV
             X         Y         Z           dx          dy          dz
      2.495638  0.754101  2.515522    -0.000000   -0.000177   -0.000000  
     -2.288504  5.057401  7.470018     0.000000   -0.002416    0.000000  
     -0.811180  0.753328  1.006346    -0.009035   -0.000961    0.002008  
      0.967554  5.208194  8.989727     0.008643    0.000713    0.002216  
      5.802455  0.753328  4.024698     0.009038   -0.000960   -0.002002  
     -5.544561  5.208194  5.950309    -0.008648    0.000710   -0.002214  
     -5.528641  2.227715  5.962511    -0.016997   -0.001197    0.001015  
      5.735997  3.717866  3.963892     0.018962    0.000315   -0.000043  
      0.951634  2.227715  8.977526     0.016992   -0.001199   -0.001014  
     -0.744722  3.717866  1.067153    -0.018962    0.000320    0.000045  
     -0.893494  2.231301  4.162213    -0.013757    0.004698   -0.011745  
      1.080252  3.714951  5.859232     0.014105    0.000402    0.024044  
      5.884769  2.231301  0.868832     0.013759    0.004700    0.011739  
     -5.657260  3.714951  9.080805    -0.014105    0.000405   -0.024041  
     -5.622992  0.751199  9.034813    -0.012228    0.002011    0.007567  
      5.872018  5.211349  0.883773     0.009383   -0.000765    0.006966  
      1.045985  0.751199  5.905223     0.012229    0.002015   -0.007561  
     -0.880743  5.211349  4.147272    -0.009384   -0.000767   -0.006972  
     -2.769217  2.226426  3.943002    -0.004741    0.013611   -0.044631  
      3.011632  3.713986  5.983550    -0.018037   -0.000756    0.002057  
      7.760492  2.226426  1.088042     0.004741    0.013607    0.044638  
     -7.588639  3.713986  8.956487     0.018032   -0.000745   -0.002065  
     -7.576192  0.750830  8.935375    -0.007764    0.001454   -0.078949  
      7.754048  5.219232  1.061863     0.006861   -0.020244    0.048332  
      2.999184  0.750830  6.004661     0.007770    0.001462    0.078927  
     -2.762772  5.219232  3.969182    -0.006865   -0.020249   -0.048339  
      0.545699  2.153908  0.921023    -0.006400    0.009614    0.000442  
     -0.381056  3.715882  9.101385    -0.001532   -0.003216    0.006261  
      4.445577  2.153908  4.110021     0.006402    0.009622   -0.000445  
     -4.195951  3.715882  5.838651     0.001528   -0.003220   -0.006257  
     -4.142312  0.755782  5.906023    -0.004104   -0.003070   -0.001117  
      4.456348  5.276942  4.098732     0.002718   -0.001370   -0.002459  
     -0.434695  0.755782  9.034013     0.004095   -0.003091    0.001118  
      0.534927  5.276942  0.932312    -0.002710   -0.001359    0.002462  
     -5.357135  2.249107  7.858822    -0.017290    0.001584   -0.003387  
      5.591648  3.718102  2.065344     0.036435    0.004244   -0.001695  
      0.780128  2.249107  7.081214     0.017313    0.001589    0.003392  
     -0.600373  3.718102  2.965700    -0.036444    0.004244    0.001692  
     -0.584070  0.753413  2.941938    -0.045002    0.003482   -0.009420  
      0.762384  5.187597  7.091402     0.030872   -0.002036    0.004089  
      5.575345  0.753413  2.089107     0.045013    0.003484    0.009415  
     -5.339391  5.187597  7.848634    -0.030854   -0.002034   -0.004087  
      3.936596  2.205034  0.451134    -0.001389    0.003591   -0.003612  
     -3.610877  3.710940  9.477450    -0.049207   -0.009140   -0.028965  
      1.054679  2.205034  4.579910     0.001382    0.003589    0.003612  
     -0.966130  3.710940  5.462586     0.049214   -0.009136    0.028968  
     -0.985568  0.756560  5.481490    -0.040637   -0.009073   -0.037272  
      1.064814  5.231939  4.591173     0.007494   -0.001450    0.005882  
     -3.591439  0.756560  9.458547     0.040626   -0.009078    0.037266  
      3.926461  5.231939  0.439871    -0.007497   -0.001450   -0.005877  
     -2.288504  2.009897  7.470018     0.000003    0.027048    0.000002  
 
  92 f  =    8.990806 THz    56.490901 2PiTHz  299.901009 cm-1    37.182969 meV
             X         Y         Z           dx          dy          dz
      2.495638  0.754101  2.515522    -0.000000    0.000790   -0.000000  
     -2.288504  5.057401  7.470018    -0.000000    0.016183    0.000000  
     -0.811180  0.753328  1.006346     0.017183    0.002163   -0.001814  
      0.967554  5.208194  8.989727     0.014490    0.002018   -0.002657  
      5.802455  0.753328  4.024698    -0.017188    0.002157    0.001821  
     -5.544561  5.208194  5.950309    -0.014488    0.002014    0.002664  
     -5.528641  2.227715  5.962511     0.012071   -0.003526   -0.013996  
      5.735997  3.717866  3.963892     0.020115   -0.004733   -0.007489  
      0.951634  2.227715  8.977526    -0.012079   -0.003524    0.013995  
     -0.744722  3.717866  1.067153    -0.020114   -0.004741    0.007492  
     -0.893494  2.231301  4.162213     0.005609   -0.004996   -0.012114  
      1.080252  3.714951  5.859232     0.006375   -0.004898    0.010917  
      5.884769  2.231301  0.868832    -0.005614   -0.004995    0.012108  
     -5.657260  3.714951  9.080805    -0.006368   -0.004899   -0.010917  
     -5.622992  0.751199  9.034813    -0.002611   -0.000471    0.012431  
      5.872018  5.211349  0.883773     0.012422   -0.009001   -0.001155  
      1.045985  0.751199  5.905223     0.002617   -0.000474   -0.012428  
     -0.880743  5.211349  4.147272    -0.012414   -0.008997    0.001153  
     -2.769217  2.226426  3.943002    -0.001418   -0.003710    0.027236  
      3.011632  3.713986  5.983550     0.001711   -0.013551    0.001497  
      7.760492  2.226426  1.088042     0.001416   -0.003704   -0.027251  
     -7.588639  3.713986  8.956487    -0.001711   -0.013560   -0.001511  
     -7.576192  0.750830  8.935375     0.002194    0.002549   -0.023005  
      7.754048  5.219232  1.061863     0.001755    0.010549    0.022777  
      2.999184  0.750830  6.004661    -0.002190    0.002538    0.022986  
     -2.762772  5.219232  3.969182    -0.001755    0.010546   -0.022776  
      0.545699  2.153908  0.921023     0.026396   -0.024151    0.006180  
     -0.381056  3.715882  9.101385     0.017952    0.015627    0.015532  
      4.445577  2.153908  4.110021    -0.026381   -0.024133   -0.006179  
     -4.195951  3.715882  5.838651    -0.017955    0.015634   -0.015528  
     -4.142312  0.755782  5.906023     0.022146    0.034123    0.004138  
      4.456348  5.276942  4.098732     0.007634   -0.001813   -0.003447  
     -0.434695  0.755782  9.034013    -0.022149    0.034145   -0.004132  
      0.534927  5.276942  0.932312    -0.007650   -0.001827    0.003456  
     -5.357135  2.249107  7.858822    -0.027199   -0.003239    0.000994  
      5.591648  3.718102  2.065344    -0.025095   -0.015095    0.006103  
      0.780128  2.249107  7.081214     0.027205   -0.003237   -0.000995  
     -0.600373  3.718102  2.965700     0.025079   -0.015095   -0.006104  
     -0.584070  0.753413  2.941938    -0.039791   -0.011728    0.003242  
      0.762384  5.187597  7.091402    -0.024480    0.001236    0.002716  
      5.575345  0.753413  2.089107     0.039798   -0.011732   -0.003245  
     -5.339391  5.187597  7.848634     0.024463    0.001235   -0.002713  
      3.936596  2.205034  0.451134     0.008208    0.000526    0.019968  
     -3.610877  3.710940  9.477450    -0.002105    0.028112    0.036384  
      1.054679  2.205034  4.579910    -0.008195    0.000525   -0.019957  
     -0.966130  3.710940  5.462586     0.002115    0.028116   -0.036389  
     -0.985568  0.756560  5.481490     0.007094    0.024463    0.024122  
      1.064814  5.231939  4.591173     0.008513    0.007356    0.012050  
     -3.591439  0.756560  9.458547    -0.007096    0.024463   -0.024130  
      3.926461  5.231939  0.439871    -0.008516    0.007356   -0.012057  
     -2.288504  2.009897  7.470018     0.000000   -0.199152   -0.000003  
 
  93 f  =    8.902311 THz    55.934873 2PiTHz  296.949148 cm-1    36.816985 meV
             X         Y         Z           dx          dy          dz
      2.495638  0.754101  2.515522    -0.000804   -0.000000   -0.001659  
     -2.288504  5.057401  7.470018     0.002093    0.000000    0.000327  
     -0.811180  0.753328  1.006346    -0.006643   -0.004683    0.009877  
      0.967554  5.208194  8.989727    -0.012387    0.001483    0.011111  
      5.802455  0.753328  4.024698    -0.006646    0.004681    0.009883  
     -5.544561  5.208194  5.950309    -0.012382   -0.001483    0.011105  
     -5.528641  2.227715  5.962511    -0.002560    0.003438    0.015274  
      5.735997  3.717866  3.963892     0.004370   -0.006471    0.002281  
      0.951634  2.227715  8.977526    -0.002557   -0.003439    0.015276  
     -0.744722  3.717866  1.067153     0.004371    0.006473    0.002277  
     -0.893494  2.231301  4.162213     0.001213   -0.004478   -0.015976  
      1.080252  3.714951  5.859232    -0.010966   -0.003217    0.009511  
      5.884769  2.231301  0.868832     0.001216    0.004479   -0.015982  
     -5.657260  3.714951  9.080805    -0.010970    0.003219    0.009516  
     -5.622992  0.751199  9.034813    -0.013324   -0.005436    0.006673  
      5.872018  5.211349  0.883773    -0.003683   -0.001822   -0.018417  
      1.045985  0.751199  5.905223    -0.013320    0.005432    0.006679  
     -0.880743  5.211349  4.147272    -0.003679    0.001820   -0.018419  
     -2.769217  2.226426  3.943002     0.001670    0.003659    0.007758  
      3.011632  3.713986  5.983550    -0.016374   -0.012064   -0.061182  
      7.760492  2.226426  1.088042     0.001669   -0.003670    0.007754  
     -7.588639  3.713986  8.956487    -0.016389    0.012069   -0.061180  
     -7.576192  0.750830  8.935375    -0.000113   -0.011250   -0.040426  
      7.754048  5.219232  1.061863    -0.000417    0.000765   -0.012551  
      2.999184  0.750830  6.004661    -0.000121    0.011244   -0.040438  
     -2.762772  5.219232  3.969182    -0.000414   -0.000758   -0.012525  
      0.545699  2.153908  0.921023    -0.002304    0.001361    0.005418  
     -0.381056  3.715882  9.101385    -0.003189    0.007299    0.003176  
      4.445577  2.153908  4.110021    -0.002302   -0.001366    0.005421  
     -4.195951  3.715882  5.838651    -0.003190   -0.007294    0.003179  
     -4.142312  0.755782  5.906023    -0.007629    0.018248    0.002784  
      4.456348  5.276942  4.098732     0.014315   -0.009253    0.008304  
     -0.434695  0.755782  9.034013    -0.007623   -0.018254    0.002781  
      0.534927  5.276942  0.932312     0.014327    0.009269    0.008300  
     -5.357135  2.249107  7.858822     0.062770    0.000890    0.010519  
      5.591648  3.718102  2.065344     0.003825    0.000057   -0.005062  
      0.780128  2.249107  7.081214     0.062767   -0.000892    0.010521  
     -0.600373  3.718102  2.965700     0.003850   -0.000058   -0.005067  
     -0.584070  0.753413  2.941938     0.042643   -0.001750   -0.009861  
      0.762384  5.187597  7.091402     0.089363    0.001809    0.004774  
      5.575345  0.753413  2.089107     0.042643    0.001747   -0.009865  
     -5.339391  5.187597  7.848634     0.089365   -0.001811    0.004775  
      3.936596  2.205034  0.451134    -0.031293   -0.003220    0.003336  
     -3.610877  3.710940  9.477450     0.033503    0.003377    0.016126  
      1.054679  2.205034  4.579910    -0.031290    0.003219    0.003349  
     -0.966130  3.710940  5.462586     0.033471   -0.003363    0.016105  
     -0.985568  0.756560  5.481490    -0.024438    0.000109   -0.011081  
      1.064814  5.231939  4.591173    -0.020537   -0.000344    0.013026  
     -3.591439  0.756560  9.458547    -0.024466   -0.000106   -0.011099  
      3.926461  5.231939  0.439871    -0.020532    0.000349    0.013035  
     -2.288504  2.009897  7.470018     0.015835   -0.000004    0.004198  
 
  94 f  =    8.745584 THz    54.950128 2PiTHz  291.721298 cm-1    36.168815 meV
             X         Y         Z           dx          dy          dz
      2.495638  0.754101  2.515522     0.001752    0.000013    0.000182  
     -2.288504  5.057401  7.470018    -0.003006   -0.000075    0.000648  
     -0.811180  0.753328  1.006346    -0.024420    0.008463    0.019639  
      0.967554  5.208194  8.989727     0.003213    0.006324    0.007735  
      5.802455  0.753328  4.024698    -0.024288   -0.008358    0.019544  
     -5.544561  5.208194  5.950309     0.002387   -0.006291    0.007982  
     -5.528641  2.227715  5.962511    -0.018372   -0.000422   -0.001277  
      5.735997  3.717866  3.963892    -0.019259    0.009766    0.018579  
      0.951634  2.227715  8.977526    -0.019192    0.000509   -0.000988  
     -0.744722  3.717866  1.067153    -0.019086   -0.009827    0.018644  
     -0.893494  2.231301  4.162213    -0.005521   -0.000150   -0.008181  
      1.080252  3.714951  5.859232     0.026835    0.000131   -0.002176  
      5.884769  2.231301  0.868832    -0.005877    0.000216   -0.008413  
     -5.657260  3.714951  9.080805     0.026866   -0.000041   -0.002052  
     -5.622992  0.751199  9.034813     0.020819    0.003970    0.001824  
      5.872018  5.211349  0.883773     0.015511   -0.005900    0.003755  
      1.045985  0.751199  5.905223     0.020755   -0.003938    0.001920  
     -0.880743  5.211349  4.147272     0.015294    0.005989    0.003360  
     -2.769217  2.226426  3.943002    -0.010354   -0.012589   -0.040459  
      3.011632  3.713986  5.983550     0.018409    0.010495   -0.039810  
      7.760492  2.226426  1.088042    -0.010491    0.012829   -0.040163  
     -7.588639  3.713986  8.956487     0.018454   -0.010606   -0.039952  
     -7.576192  0.750830  8.935375     0.007534    0.014630   -0.042548  
      7.754048  5.219232  1.061863    -0.007433    0.000420   -0.022810  
      2.999184  0.750830  6.004661     0.007547   -0.014343   -0.042416  
     -2.762772  5.219232  3.969182    -0.007617   -0.000376   -0.022562  
      0.545699  2.153908  0.921023     0.005490   -0.024551    0.001426  
     -0.381056  3.715882  9.101385     0.011823   -0.006937    0.015270  
      4.445577  2.153908  4.110021     0.005306    0.024272    0.001160  
     -4.195951  3.715882  5.838651     0.011935    0.006663    0.015264  
     -4.142312  0.755782  5.906023    -0.023873   -0.020339    0.016706  
      4.456348  5.276942  4.098732    -0.036009    0.013743    0.008486  
     -0.434695  0.755782  9.034013    -0.023756    0.020473    0.016900  
      0.534927  5.276942  0.932312    -0.036203   -0.014252    0.008425  
     -5.357135  2.249107  7.858822    -0.004214   -0.001131   -0.003533  
      5.591648  3.718102  2.065344    -0.002142   -0.001209    0.002643  
      0.780128  2.249107  7.081214    -0.002923    0.001301   -0.003556  
     -0.600373  3.718102  2.965700    -0.002555    0.001330    0.002726  
     -0.584070  0.753413  2.941938     0.062935    0.005178   -0.000808  
      0.762384  5.187597  7.091402    -0.034717    0.000779    0.003821  
      5.575345  0.753413  2.089107     0.062847   -0.005005   -0.000689  
     -5.339391  5.187597  7.848634    -0.033278   -0.000636    0.003780  
      3.936596  2.205034  0.451134     0.026567   -0.002950    0.011395  
     -3.610877  3.710940  9.477450    -0.003734   -0.007274   -0.019160  
      1.054679  2.205034  4.579910     0.026557    0.002694    0.010976  
     -0.966130  3.710940  5.462586    -0.003598    0.006401   -0.018810  
     -0.985568  0.756560  5.481490    -0.010417   -0.001730   -0.024590  
      1.064814  5.231939  4.591173     0.012529   -0.005567   -0.005150  
     -3.591439  0.756560  9.458547    -0.010466    0.001618   -0.024209  
      3.926461  5.231939  0.439871     0.012341    0.005284   -0.005451  
     -2.288504  2.009897  7.470018    -0.001710    0.000905   -0.009121  
 
  95 f  =    8.743096 THz    54.934490 2PiTHz  291.638280 cm-1    36.158522 meV
             X         Y         Z           dx          dy          dz
      2.495638  0.754101  2.515522     0.000019   -0.001240    0.000002  
     -2.288504  5.057401  7.470018    -0.000032    0.006583    0.000007  
     -0.811180  0.753328  1.006346     0.005815   -0.004685   -0.004571  
      0.967554  5.208194  8.989727    -0.038707   -0.001491    0.011635  
      5.802455  0.753328  4.024698    -0.006342   -0.004865    0.004994  
     -5.544561  5.208194  5.950309     0.038767   -0.001631   -0.011472  
     -5.528641  2.227715  5.962511    -0.038740   -0.003959    0.013673  
      5.735997  3.717866  3.963892     0.007781    0.002969    0.003490  
      0.951634  2.227715  8.977526     0.038337   -0.003952   -0.013702  
     -0.744722  3.717866  1.067153    -0.008189    0.002762   -0.003099  
     -0.893494  2.231301  4.162213    -0.016942   -0.002826   -0.010513  
      1.080252  3.714951  5.859232     0.001666   -0.004091    0.005849  
      5.884769  2.231301  0.868832     0.016816   -0.002823    0.010336  
     -5.657260  3.714951  9.080805    -0.001082   -0.004089   -0.005891  
     -5.622992  0.751199  9.034813    -0.002916   -0.001390    0.004538  
      5.872018  5.211349  0.883773    -0.009925   -0.004173   -0.018373  
      1.045985  0.751199  5.905223     0.003367   -0.001471   -0.004503  
     -0.880743  5.211349  4.147272     0.010259   -0.004050    0.018463  
     -2.769217  2.226426  3.943002    -0.006420   -0.011405    0.013010  
      3.011632  3.713986  5.983550     0.002989    0.005554   -0.008201  
      7.760492  2.226426  1.088042     0.006192   -0.011139   -0.013865  
     -7.588639  3.713986  8.956487    -0.002600    0.005340    0.007347  
     -7.576192  0.750830  8.935375     0.001287   -0.013149    0.005209  
      7.754048  5.219232  1.061863    -0.008754   -0.001712    0.010664  
      2.999184  0.750830  6.004661    -0.001116   -0.013454   -0.006093  
     -2.762772  5.219232  3.969182     0.008587   -0.001733   -0.011170  
      0.545699  2.153908  0.921023    -0.008864    0.012244   -0.012585  
     -0.381056  3.715882  9.101385     0.004701    0.012076   -0.000460  
      4.445577  2.153908  4.110021     0.008978    0.012776    0.012606  
     -4.195951  3.715882  5.838651    -0.004445    0.012216    0.000782  
     -4.142312  0.755782  5.906023     0.004092   -0.007257    0.009306  
      4.456348  5.276942  4.098732    -0.009488    0.024371   -0.002641  
     -0.434695  0.755782  9.034013    -0.004602   -0.006841   -0.008946  
      0.534927  5.276942  0.932312     0.008714    0.024074    0.002821  
     -5.357135  2.249107  7.858822     0.060822   -0.007791   -0.001169  
      5.591648  3.718102  2.065344    -0.020380   -0.005392    0.003828  
      0.780128  2.249107  7.081214    -0.060931   -0.007768    0.001093  
     -0.600373  3.718102  2.965700     0.020337   -0.005362   -0.003770  
     -0.584070  0.753413  2.941938    -0.003851   -0.007639    0.005677  
      0.762384  5.187597  7.091402     0.067387   -0.006579   -0.001857  
      5.575345  0.753413  2.089107     0.005174   -0.007745   -0.005689  
     -5.339391  5.187597  7.848634    -0.068126   -0.006597    0.001935  
      3.936596  2.205034  0.451134    -0.000254    0.011547   -0.019679  
     -3.610877  3.710940  9.477450     0.007885    0.039912    0.016066  
      1.054679  2.205034  4.579910     0.000830    0.011609    0.019919  
     -0.966130  3.710940  5.462586    -0.007937    0.040070   -0.016463  
     -0.985568  0.756560  5.481490    -0.001806    0.004627    0.017479  
      1.064814  5.231939  4.591173    -0.008779    0.012798   -0.014236  
     -3.591439  0.756560  9.458547     0.001559    0.004663   -0.018009  
      3.926461  5.231939  0.439871     0.009063    0.012908    0.014120  
     -2.288504  2.009897  7.470018    -0.000019   -0.078997   -0.000096  
 
  96 f  =    8.674992 THz    54.506582 2PiTHz  289.366585 cm-1    35.876868 meV
             X         Y         Z           dx          dy          dz
      2.495638  0.754101  2.515522    -0.001696    0.000000   -0.000316  
     -2.288504  5.057401  7.470018    -0.000209   -0.000001   -0.001022  
     -0.811180  0.753328  1.006346     0.010701    0.017580    0.002275  
      0.967554  5.208194  8.989727     0.021212    0.011407    0.011820  
      5.802455  0.753328  4.024698     0.010708   -0.017579    0.002273  
     -5.544561  5.208194  5.950309     0.021213   -0.011406    0.011825  
     -5.528641  2.227715  5.962511    -0.021205   -0.003656   -0.007275  
      5.735997  3.717866  3.963892     0.014916    0.015961   -0.013815  
      0.951634  2.227715  8.977526    -0.021202    0.003658   -0.007277  
     -0.744722  3.717866  1.067153     0.014928   -0.015961   -0.013816  
     -0.893494  2.231301  4.162213    -0.024472    0.006788   -0.014478  
      1.080252  3.714951  5.859232    -0.014546   -0.002218    0.003621  
      5.884769  2.231301  0.868832    -0.024476   -0.006789   -0.014472  
     -5.657260  3.714951  9.080805    -0.014550    0.002217    0.003630  
     -5.622992  0.751199  9.034813    -0.008201    0.002452   -0.000876  
      5.872018  5.211349  0.883773     0.020629   -0.002564    0.009746  
      1.045985  0.751199  5.905223    -0.008205   -0.002449   -0.000866  
     -0.880743  5.211349  4.147272     0.020629    0.002566    0.009755  
     -2.769217  2.226426  3.943002    -0.003297    0.000960   -0.004849  
      3.011632  3.713986  5.983550    -0.023469    0.012966   -0.009730  
      7.760492  2.226426  1.088042    -0.003294   -0.000953   -0.004854  
     -7.588639  3.713986  8.956487    -0.023462   -0.012967   -0.009738  
     -7.576192  0.750830  8.935375     0.006832    0.025927    0.020975  
      7.754048  5.219232  1.061863     0.007805    0.028715    0.016561  
      2.999184  0.750830  6.004661     0.006831   -0.025922    0.020958  
     -2.762772  5.219232  3.969182     0.007806   -0.028712    0.016531  
      0.545699  2.153908  0.921023     0.050266   -0.040415   -0.007253  
     -0.381056  3.715882  9.101385    -0.000868   -0.018057   -0.010626  
      4.445577  2.153908  4.110021     0.050262    0.040413   -0.007246  
     -4.195951  3.715882  5.838651    -0.000867    0.018054   -0.010621  
     -4.142312  0.755782  5.906023     0.004481   -0.018599   -0.000408  
      4.456348  5.276942  4.098732    -0.020042    0.026090    0.011351  
     -0.434695  0.755782  9.034013     0.004473    0.018599   -0.000410  
      0.534927  5.276942  0.932312    -0.020054   -0.026108    0.011354  
     -5.357135  2.249107  7.858822     0.039190    0.000038   -0.003725  
      5.591648  3.718102  2.065344    -0.000116   -0.003818   -0.003046  
      0.780128  2.249107  7.081214     0.039189   -0.000034   -0.003728  
     -0.600373  3.718102  2.965700    -0.000143    0.003820   -0.003041  
     -0.584070  0.753413  2.941938    -0.047755    0.010524   -0.000438  
      0.762384  5.187597  7.091402    -0.007655    0.005052    0.007422  
      5.575345  0.753413  2.089107    -0.047781   -0.010521   -0.000434  
     -5.339391  5.187597  7.848634    -0.007665   -0.005051    0.007420  
      3.936596  2.205034  0.451134     0.005878    0.005304    0.012436  
     -3.610877  3.710940  9.477450     0.044126   -0.005953    0.021470  
      1.054679  2.205034  4.579910     0.005870   -0.005306    0.012425  
     -0.966130  3.710940  5.462586     0.044137    0.005935    0.021491  
     -0.985568  0.756560  5.481490    -0.028225    0.003397   -0.001188  
      1.064814  5.231939  4.591173    -0.017267    0.004672   -0.011373  
     -3.591439  0.756560  9.458547    -0.028229   -0.003405   -0.001181  
      3.926461  5.231939  0.439871    -0.017272   -0.004679   -0.011388  
     -2.288504  2.009897  7.470018     0.006345    0.000020   -0.003851  
 
  97 f  =    8.579535 THz    53.906808 2PiTHz  286.182484 cm-1    35.482090 meV
             X         Y         Z           dx          dy          dz
      2.495638  0.754101  2.515522    -0.000001   -0.000549   -0.000001  
     -2.288504  5.057401  7.470018     0.000000   -0.007490   -0.000001  
     -0.811180  0.753328  1.006346     0.012235    0.001069   -0.001061  
      0.967554  5.208194  8.989727     0.002493    0.000932    0.008036  
      5.802455  0.753328  4.024698    -0.012214    0.001058    0.001024  
     -5.544561  5.208194  5.950309    -0.002461    0.000943   -0.008013  
     -5.528641  2.227715  5.962511     0.003266   -0.001409    0.003953  
      5.735997  3.717866  3.963892     0.018228   -0.000300   -0.002218  
      0.951634  2.227715  8.977526    -0.003258   -0.001389   -0.003951  
     -0.744722  3.717866  1.067153    -0.018221   -0.000313    0.002223  
     -0.893494  2.231301  4.162213    -0.006601    0.010642    0.015937  
      1.080252  3.714951  5.859232    -0.003881    0.003375    0.012656  
      5.884769  2.231301  0.868832     0.006578    0.010643   -0.015951  
     -5.657260  3.714951  9.080805     0.003841    0.003376   -0.012665  
     -5.622992  0.751199  9.034813    -0.003207   -0.002935    0.021493  
      5.872018  5.211349  0.883773    -0.004633   -0.002963    0.011202  
      1.045985  0.751199  5.905223     0.003182   -0.002937   -0.021489  
     -0.880743  5.211349  4.147272     0.004641   -0.002952   -0.011201  
     -2.769217  2.226426  3.943002     0.005995   -0.007530   -0.014918  
      3.011632  3.713986  5.983550     0.025184    0.003925   -0.058289  
      7.760492  2.226426  1.088042    -0.005983   -0.007501    0.014925  
     -7.588639  3.713986  8.956487    -0.025176    0.003909    0.058346  
     -7.576192  0.750830  8.935375     0.020297   -0.000478   -0.053527  
      7.754048  5.219232  1.061863    -0.001575    0.004066   -0.047985  
      2.999184  0.750830  6.004661    -0.020336   -0.000496    0.053477  
     -2.762772  5.219232  3.969182     0.001602    0.004088    0.048021  
      0.545699  2.153908  0.921023    -0.005475   -0.007581    0.001378  
     -0.381056  3.715882  9.101385    -0.016795   -0.012766    0.004397  
      4.445577  2.153908  4.110021     0.005513   -0.007593   -0.001374  
     -4.195951  3.715882  5.838651     0.016793   -0.012761   -0.004396  
     -4.142312  0.755782  5.906023    -0.027370   -0.009881    0.000581  
      4.456348  5.276942  4.098732    -0.014703    0.023288   -0.000029  
     -0.434695  0.755782  9.034013     0.027408   -0.009860   -0.000588  
      0.534927  5.276942  0.932312     0.014699    0.023242    0.000053  
     -5.357135  2.249107  7.858822     0.000431   -0.002414    0.002503  
      5.591648  3.718102  2.065344    -0.068433    0.004554    0.000635  
      0.780128  2.249107  7.081214    -0.000397   -0.002411   -0.002506  
     -0.600373  3.718102  2.965700     0.068419    0.004555   -0.000631  
     -0.584070  0.753413  2.941938    -0.050239    0.005838    0.002475  
      0.762384  5.187597  7.091402    -0.011214    0.001768   -0.001713  
      5.575345  0.753413  2.089107     0.050213    0.005829   -0.002482  
     -5.339391  5.187597  7.848634     0.011215    0.001771    0.001717  
      3.936596  2.205034  0.451134    -0.003652   -0.005032   -0.006536  
     -3.610877  3.710940  9.477450     0.044132   -0.005148    0.007332  
      1.054679  2.205034  4.579910     0.003637   -0.005037    0.006546  
     -0.966130  3.710940  5.462586    -0.044196   -0.005151   -0.007348  
     -0.985568  0.756560  5.481490     0.035076   -0.005924    0.003974  
      1.064814  5.231939  4.591173    -0.005648    0.000571   -0.016014  
     -3.591439  0.756560  9.458547    -0.034978   -0.005925   -0.003912  
      3.926461  5.231939  0.439871     0.005604    0.000572    0.015998  
     -2.288504  2.009897  7.470018     0.000005    0.083822   -0.000003  
 
  98 f  =    8.532361 THz    53.610403 2PiTHz  284.608916 cm-1    35.286992 meV
             X         Y         Z           dx          dy          dz
      2.495638  0.754101  2.515522     0.000357   -0.000000    0.001931  
     -2.288504  5.057401  7.470018     0.000056   -0.000005    0.000844  
     -0.811180  0.753328  1.006346    -0.007059   -0.007416    0.020961  
      0.967554  5.208194  8.989727    -0.017221    0.007720   -0.014669  
      5.802455  0.753328  4.024698    -0.007073    0.007418    0.020962  
     -5.544561  5.208194  5.950309    -0.017239   -0.007722   -0.014677  
     -5.528641  2.227715  5.962511    -0.003823    0.013337   -0.001545  
      5.735997  3.717866  3.963892     0.006419   -0.010255   -0.017654  
      0.951634  2.227715  8.977526    -0.003846   -0.013337   -0.001546  
     -0.744722  3.717866  1.067153     0.006398    0.010251   -0.017651  
     -0.893494  2.231301  4.162213     0.013946    0.003658    0.012664  
      1.080252  3.714951  5.859232     0.019453    0.001356    0.007556  
      5.884769  2.231301  0.868832     0.013949   -0.003642    0.012636  
     -5.657260  3.714951  9.080805     0.019460   -0.001349    0.007543  
     -5.622992  0.751199  9.034813     0.013287   -0.001633   -0.000594  
      5.872018  5.211349  0.883773    -0.004400    0.008851    0.001928  
      1.045985  0.751199  5.905223     0.013286    0.001629   -0.000613  
     -0.880743  5.211349  4.147272    -0.004402   -0.008854    0.001902  
     -2.769217  2.226426  3.943002    -0.005617    0.023432   -0.002358  
      3.011632  3.713986  5.983550    -0.018076   -0.008882   -0.032994  
      7.760492  2.226426  1.088042    -0.005628   -0.023439   -0.002322  
     -7.588639  3.713986  8.956487    -0.018108    0.008883   -0.032929  
     -7.576192  0.750830  8.935375     0.022875   -0.010550    0.034905  
      7.754048  5.219232  1.061863    -0.015087    0.020898   -0.022289  
      2.999184  0.750830  6.004661     0.022852    0.010554    0.034968  
     -2.762772  5.219232  3.969182    -0.015092   -0.020894   -0.022215  
      0.545699  2.153908  0.921023    -0.016123   -0.011354   -0.001508  
     -0.381056  3.715882  9.101385     0.002167    0.002867   -0.007678  
      4.445577  2.153908  4.110021    -0.016115    0.011345   -0.001515  
     -4.195951  3.715882  5.838651     0.002191   -0.002889   -0.007683  
     -4.142312  0.755782  5.906023    -0.014200    0.016250    0.005197  
      4.456348  5.276942  4.098732     0.016546   -0.031271   -0.012001  
     -0.434695  0.755782  9.034013    -0.014169   -0.016253    0.005197  
      0.534927  5.276942  0.932312     0.016567    0.031294   -0.012008  
     -5.357135  2.249107  7.858822    -0.030159    0.002790    0.001274  
      5.591648  3.718102  2.065344    -0.011549    0.000350   -0.005838  
      0.780128  2.249107  7.081214    -0.030125   -0.002789    0.001273  
     -0.600373  3.718102  2.965700    -0.011462   -0.000343   -0.005838  
     -0.584070  0.753413  2.941938    -0.036142   -0.005138    0.006529  
      0.762384  5.187597  7.091402    -0.022018    0.003546   -0.002491  
      5.575345  0.753413  2.089107    -0.036080    0.005146    0.006528  
     -5.339391  5.187597  7.848634    -0.021984   -0.003543   -0.002491  
      3.936596  2.205034  0.451134     0.010801    0.001494   -0.008136  
     -3.610877  3.710940  9.477450     0.070337   -0.001272    0.023003  
      1.054679  2.205034  4.579910     0.010805   -0.001503   -0.008127  
     -0.966130  3.710940  5.462586     0.070272    0.001259    0.022997  
     -0.985568  0.756560  5.481490    -0.057395    0.001467   -0.029327  
      1.064814  5.231939  4.591173     0.032528    0.002970    0.011260  
     -3.591439  0.756560  9.458547    -0.057441   -0.001472   -0.029328  
      3.926461  5.231939  0.439871     0.032539   -0.002973    0.011279  
     -2.288504  2.009897  7.470018    -0.005257    0.000055    0.004053  
 
  99 f  =    8.300987 THz    52.156640 2PiTHz  276.891125 cm-1    34.330109 meV
             X         Y         Z           dx          dy          dz
      2.495638  0.754101  2.515522     0.002581   -0.000000    0.000720  
     -2.288504  5.057401  7.470018     0.000307   -0.000001    0.003106  
     -0.811180  0.753328  1.006346     0.001907    0.003290    0.006524  
      0.967554  5.208194  8.989727    -0.002068    0.001746   -0.016941  
      5.802455  0.753328  4.024698     0.001900   -0.003290    0.006535  
     -5.544561  5.208194  5.950309    -0.002070   -0.001751   -0.016943  
     -5.528641  2.227715  5.962511    -0.001019   -0.002751   -0.016300  
      5.735997  3.717866  3.963892     0.003685    0.002154    0.002692  
      0.951634  2.227715  8.977526    -0.001030    0.002754   -0.016305  
     -0.744722  3.717866  1.067153     0.003676   -0.002155    0.002694  
     -0.893494  2.231301  4.162213    -0.005590   -0.003571    0.002206  
      1.080252  3.714951  5.859232     0.002606   -0.003305   -0.001104  
      5.884769  2.231301  0.868832    -0.005578    0.003577    0.002196  
     -5.657260  3.714951  9.080805     0.002607    0.003308   -0.001115  
     -5.622992  0.751199  9.034813    -0.001904   -0.002120   -0.009153  
      5.872018  5.211349  0.883773     0.001202   -0.004079    0.002786  
      1.045985  0.751199  5.905223    -0.001905    0.002119   -0.009160  
     -0.880743  5.211349  4.147272     0.001202    0.004076    0.002778  
     -2.769217  2.226426  3.943002    -0.004205   -0.003962    0.040211  
      3.011632  3.713986  5.983550     0.008362   -0.003665    0.057097  
      7.760492  2.226426  1.088042    -0.004200    0.003963    0.040215  
     -7.588639  3.713986  8.956487     0.008351    0.003666    0.057117  
     -7.576192  0.750830  8.935375     0.030477    0.000679    0.047918  
      7.754048  5.219232  1.061863    -0.005695    0.003300    0.048082  
      2.999184  0.750830  6.004661     0.030477   -0.000680    0.047922  
     -2.762772  5.219232  3.969182    -0.005700   -0.003306    0.048106  
      0.545699  2.153908  0.921023    -0.003531   -0.005032   -0.023077  
     -0.381056  3.715882  9.101385    -0.010719   -0.003159   -0.012637  
      4.445577  2.153908  4.110021    -0.003522    0.005040   -0.023071  
     -4.195951  3.715882  5.838651    -0.010704    0.003160   -0.012635  
     -4.142312  0.755782  5.906023    -0.026329    0.000212   -0.009694  
      4.456348  5.276942  4.098732    -0.023024    0.010346   -0.021399  
     -0.434695  0.755782  9.034013    -0.026319   -0.000216   -0.009704  
      0.534927  5.276942  0.932312    -0.023021   -0.010345   -0.021400  
     -5.357135  2.249107  7.858822    -0.001889   -0.002000    0.000171  
      5.591648  3.718102  2.065344     0.023878   -0.000133    0.003110  
      0.780128  2.249107  7.081214    -0.001873    0.001998    0.000172  
     -0.600373  3.718102  2.965700     0.023914    0.000130    0.003110  
     -0.584070  0.753413  2.941938     0.076171    0.001848   -0.000650  
      0.762384  5.187597  7.091402     0.035806   -0.001764   -0.001400  
      5.575345  0.753413  2.089107     0.076194   -0.001844   -0.000648  
     -5.339391  5.187597  7.848634     0.035822    0.001763   -0.001403  
      3.936596  2.205034  0.451134    -0.004747   -0.009292    0.000194  
     -3.610877  3.710940  9.477450    -0.016318   -0.007691   -0.006062  
      1.054679  2.205034  4.579910    -0.004753    0.009292    0.000201  
     -0.966130  3.710940  5.462586    -0.016331    0.007694   -0.006064  
     -0.985568  0.756560  5.481490    -0.075489   -0.002687   -0.030398  
      1.064814  5.231939  4.591173    -0.008951   -0.004480   -0.008950  
     -3.591439  0.756560  9.458547    -0.075486    0.002691   -0.030398  
      3.926461  5.231939  0.439871    -0.008950    0.004481   -0.008948  
     -2.288504  2.009897  7.470018    -0.008289    0.000004    0.006962  
 
 100 f  =    8.275020 THz    51.993484 2PiTHz  276.024958 cm-1    34.222718 meV
             X         Y         Z           dx          dy          dz
      2.495638  0.754101  2.515522     0.000000    0.002581   -0.000000  
     -2.288504  5.057401  7.470018     0.000001   -0.007588   -0.000000  
     -0.811180  0.753328  1.006346    -0.000822    0.005803   -0.000825  
      0.967554  5.208194  8.989727    -0.004890    0.005370   -0.024893  
      5.802455  0.753328  4.024698     0.000825    0.005807    0.000824  
     -5.544561  5.208194  5.950309     0.004878    0.005372    0.024885  
     -5.528641  2.227715  5.962511    -0.003676    0.006577   -0.021308  
      5.735997  3.717866  3.963892    -0.001066    0.001361    0.002956  
      0.951634  2.227715  8.977526     0.003687    0.006577    0.021307  
     -0.744722  3.717866  1.067153     0.001070    0.001367   -0.002958  
     -0.893494  2.231301  4.162213     0.026505    0.001541   -0.019053  
      1.080252  3.714951  5.859232    -0.003308   -0.005891    0.002053  
      5.884769  2.231301  0.868832    -0.026504    0.001543    0.019052  
     -5.657260  3.714951  9.080805     0.003307   -0.005886   -0.002050  
     -5.622992  0.751199  9.034813    -0.004115    0.009059    0.000452  
      5.872018  5.211349  0.883773     0.025202   -0.002386   -0.023737  
      1.045985  0.751199  5.905223     0.004113    0.009067   -0.000453  
     -0.880743  5.211349  4.147272    -0.025205   -0.002387    0.023748  
     -2.769217  2.226426  3.943002     0.002132    0.013368    0.058496  
      3.011632  3.713986  5.983550     0.009964    0.000004   -0.023883  
      7.760492  2.226426  1.088042    -0.002131    0.013366   -0.058474  
     -7.588639  3.713986  8.956487    -0.009966    0.000017    0.023891  
     -7.576192  0.750830  8.935375     0.005754    0.014385   -0.013230  
      7.754048  5.219232  1.061863     0.001853    0.012393    0.049807  
      2.999184  0.750830  6.004661    -0.005751    0.014399    0.013235  
     -2.762772  5.219232  3.969182    -0.001851    0.012395   -0.049823  
      0.545699  2.153908  0.921023     0.024093   -0.024500    0.007699  
     -0.381056  3.715882  9.101385    -0.009697   -0.010112   -0.009445  
      4.445577  2.153908  4.110021    -0.024101   -0.024509   -0.007703  
     -4.195951  3.715882  5.838651     0.009697   -0.010116    0.009440  
     -4.142312  0.755782  5.906023    -0.014362   -0.013339   -0.000054  
      4.456348  5.276942  4.098732     0.024416   -0.018407    0.013355  
     -0.434695  0.755782  9.034013     0.014360   -0.013354    0.000051  
      0.534927  5.276942  0.932312    -0.024410   -0.018402   -0.013359  
     -5.357135  2.249107  7.858822     0.035901    0.004697   -0.007654  
      5.591648  3.718102  2.065344    -0.022095    0.006915   -0.002123  
      0.780128  2.249107  7.081214    -0.035934    0.004696    0.007657  
     -0.600373  3.718102  2.965700     0.022084    0.006917    0.002125  
     -0.584070  0.753413  2.941938    -0.009765    0.000663   -0.000558  
      0.762384  5.187597  7.091402     0.040202    0.005625   -0.007530  
      5.575345  0.753413  2.089107     0.009774    0.000670    0.000560  
     -5.339391  5.187597  7.848634    -0.040169    0.005626    0.007527  
      3.936596  2.205034  0.451134     0.000066   -0.011118    0.016812  
     -3.610877  3.710940  9.477450     0.023033   -0.028839   -0.007604  
      1.054679  2.205034  4.579910    -0.000073   -0.011113   -0.016813  
     -0.966130  3.710940  5.462586    -0.023028   -0.028838    0.007609  
     -0.985568  0.756560  5.481490     0.012753   -0.014735   -0.003378  
      1.064814  5.231939  4.591173    -0.005859   -0.008711    0.017582  
     -3.591439  0.756560  9.458547    -0.012766   -0.014731    0.003378  
      3.926461  5.231939  0.439871     0.005858   -0.008712   -0.017577  
     -2.288504  2.009897  7.470018    -0.000002    0.089092    0.000002  
 
 101 f  =    7.999174 THz    50.260293 2PiTHz  266.823727 cm-1    33.081911 meV
             X         Y         Z           dx          dy          dz
      2.495638  0.754101  2.515522    -0.001436   -0.000000    0.001010  
     -2.288504  5.057401  7.470018     0.002374    0.000001   -0.003452  
     -0.811180  0.753328  1.006346     0.002861    0.002956    0.024626  
      0.967554  5.208194  8.989727    -0.019320    0.001302    0.000622  
      5.802455  0.753328  4.024698     0.002868   -0.002960    0.024610  
     -5.544561  5.208194  5.950309    -0.019332   -0.001302    0.000623  
     -5.528641  2.227715  5.962511    -0.014510    0.002141   -0.001899  
      5.735997  3.717866  3.963892     0.004188    0.000294   -0.004354  
      0.951634  2.227715  8.977526    -0.014518   -0.002139   -0.001910  
     -0.744722  3.717866  1.067153     0.004184   -0.000290   -0.004364  
     -0.893494  2.231301  4.162213    -0.011737    0.003956   -0.009393  
      1.080252  3.714951  5.859232     0.004984   -0.008252   -0.017095  
      5.884769  2.231301  0.868832    -0.011735   -0.003953   -0.009397  
     -5.657260  3.714951  9.080805     0.004999    0.008254   -0.017089  
     -5.622992  0.751199  9.034813     0.003937   -0.008825   -0.009883  
      5.872018  5.211349  0.883773     0.010113    0.007056    0.035931  
      1.045985  0.751199  5.905223     0.003944    0.008823   -0.009888  
     -0.880743  5.211349  4.147272     0.010120   -0.007058    0.035938  
     -2.769217  2.226426  3.943002     0.000727   -0.000946   -0.026928  
      3.011632  3.713986  5.983550    -0.014484   -0.008632    0.055013  
      7.760492  2.226426  1.088042     0.000727    0.000950   -0.026918  
     -7.588639  3.713986  8.956487    -0.014472    0.008637    0.055011  
     -7.576192  0.750830  8.935375    -0.013809   -0.008224   -0.012195  
      7.754048  5.219232  1.061863     0.017706   -0.002465   -0.078232  
      2.999184  0.750830  6.004661    -0.013806    0.008221   -0.012184  
     -2.762772  5.219232  3.969182     0.017713    0.002460   -0.078230  
      0.545699  2.153908  0.921023    -0.005448    0.003728    0.006104  
     -0.381056  3.715882  9.101385    -0.009010   -0.002122   -0.013763  
      4.445577  2.153908  4.110021    -0.005439   -0.003726    0.006111  
     -4.195951  3.715882  5.838651    -0.009013    0.002131   -0.013754  
     -4.142312  0.755782  5.906023     0.007394    0.004790    0.002066  
      4.456348  5.276942  4.098732    -0.002726   -0.003911    0.005433  
     -0.434695  0.755782  9.034013     0.007390   -0.004799    0.002075  
      0.534927  5.276942  0.932312    -0.002728    0.003904    0.005438  
     -5.357135  2.249107  7.858822    -0.007102   -0.002836   -0.008400  
      5.591648  3.718102  2.065344     0.053465   -0.006083    0.000254  
      0.780128  2.249107  7.081214    -0.007083    0.002835   -0.008409  
     -0.600373  3.718102  2.965700     0.053473    0.006084    0.000252  
     -0.584070  0.753413  2.941938    -0.011907   -0.009975    0.017062  
      0.762384  5.187597  7.091402     0.052894   -0.003309   -0.010098  
      5.575345  0.753413  2.089107    -0.011897    0.009972    0.017050  
     -5.339391  5.187597  7.848634     0.052924    0.003309   -0.010097  
      3.936596  2.205034  0.451134    -0.006866    0.000911   -0.015784  
     -3.610877  3.710940  9.477450    -0.012340   -0.001730    0.003452  
      1.054679  2.205034  4.579910    -0.006869   -0.000911   -0.015791  
     -0.966130  3.710940  5.462586    -0.012345    0.001725    0.003455  
     -0.985568  0.756560  5.481490     0.004088    0.002103    0.024861  
      1.064814  5.231939  4.591173     0.010612    0.005100   -0.002182  
     -3.591439  0.756560  9.458547     0.004086   -0.002095    0.024848  
      3.926461  5.231939  0.439871     0.010608   -0.005100   -0.002184  
     -2.288504  2.009897  7.470018    -0.002043   -0.000015    0.001675  
 
 102 f  =    7.950144 THz    49.952227 2PiTHz  265.188256 cm-1    32.879138 meV
             X         Y         Z           dx          dy          dz
      2.495638  0.754101  2.515522     0.000000   -0.000269   -0.000000  
     -2.288504  5.057401  7.470018    -0.000000    0.002599    0.000001  
     -0.811180  0.753328  1.006346    -0.021290   -0.002103    0.032983  
      0.967554  5.208194  8.989727     0.009538    0.008148   -0.007709  
      5.802455  0.753328  4.024698     0.021289   -0.002101   -0.032988  
     -5.544561  5.208194  5.950309    -0.009534    0.008149    0.007706  
     -5.528641  2.227715  5.962511    -0.001561   -0.006030    0.013226  
      5.735997  3.717866  3.963892    -0.002962    0.000799    0.041180  
      0.951634  2.227715  8.977526     0.001561   -0.006027   -0.013225  
     -0.744722  3.717866  1.067153     0.002967    0.000800   -0.041180  
     -0.893494  2.231301  4.162213    -0.002774    0.005670    0.011618  
      1.080252  3.714951  5.859232    -0.030028    0.000327   -0.002478  
      5.884769  2.231301  0.868832     0.002785    0.005671   -0.011604  
     -5.657260  3.714951  9.080805     0.030031    0.000320    0.002479  
     -5.622992  0.751199  9.034813    -0.018281   -0.001625   -0.002141  
      5.872018  5.211349  0.883773     0.001790   -0.007485   -0.014206  
      1.045985  0.751199  5.905223     0.018271   -0.001632    0.002142  
     -0.880743  5.211349  4.147272    -0.001797   -0.007483    0.014188  
     -2.769217  2.226426  3.943002     0.008743   -0.003574   -0.018124  
      3.011632  3.713986  5.983550    -0.018330    0.003359   -0.027385  
      7.760492  2.226426  1.088042    -0.008737   -0.003571    0.018122  
     -7.588639  3.713986  8.956487     0.018332    0.003353    0.027399  
     -7.576192  0.750830  8.935375    -0.003282   -0.001638   -0.041563  
      7.754048  5.219232  1.061863    -0.012009    0.003844    0.019048  
      2.999184  0.750830  6.004661     0.003284   -0.001646    0.041562  
     -2.762772  5.219232  3.969182     0.012001    0.003843   -0.019022  
      0.545699  2.153908  0.921023    -0.009908   -0.016879   -0.014910  
     -0.381056  3.715882  9.101385     0.018744    0.008770   -0.030603  
      4.445577  2.153908  4.110021     0.009909   -0.016876    0.014907  
     -4.195951  3.715882  5.838651    -0.018746    0.008775    0.030606  
     -4.142312  0.755782  5.906023     0.026732   -0.001135   -0.013464  
      4.456348  5.276942  4.098732     0.008102    0.011701    0.008378  
     -0.434695  0.755782  9.034013    -0.026734   -0.001136    0.013460  
      0.534927  5.276942  0.932312    -0.008101    0.011701   -0.008384  
     -5.357135  2.249107  7.858822    -0.020477   -0.001948    0.006754  
      5.591648  3.718102  2.065344     0.018485   -0.000186    0.013857  
      0.780128  2.249107  7.081214     0.020499   -0.001944   -0.006754  
     -0.600373  3.718102  2.965700    -0.018513   -0.000190   -0.013857  
     -0.584070  0.753413  2.941938     0.023530   -0.001930    0.029510  
      0.762384  5.187597  7.091402    -0.000156    0.000165   -0.004060  
      5.575345  0.753413  2.089107    -0.023509   -0.001935   -0.029512  
     -5.339391  5.187597  7.848634     0.000131    0.000167    0.004061  
      3.936596  2.205034  0.451134     0.006361    0.011046   -0.002155  
     -3.610877  3.710940  9.477450     0.037358   -0.001979   -0.004262  
      1.054679  2.205034  4.579910    -0.006355    0.011046    0.002158  
     -0.966130  3.710940  5.462586    -0.037351   -0.001979    0.004262  
     -0.985568  0.756560  5.481490     0.018327    0.006116    0.027872  
      1.064814  5.231939  4.591173    -0.007931   -0.006659    0.004928  
     -3.591439  0.756560  9.458547    -0.018338    0.006114   -0.027875  
      3.926461  5.231939  0.439871     0.007923   -0.006655   -0.004933  
     -2.288504  2.009897  7.470018     0.000001   -0.050737    0.000000  
 
 103 f  =    7.895160 THz    49.606755 2PiTHz  263.354199 cm-1    32.651744 meV
             X         Y         Z           dx          dy          dz
      2.495638  0.754101  2.515522    -0.001546    0.000000    0.000772  
     -2.288504  5.057401  7.470018     0.001278    0.000000   -0.001953  
     -0.811180  0.753328  1.006346     0.003869    0.000790   -0.020650  
      0.967554  5.208194  8.989727    -0.005364   -0.012668    0.001122  
      5.802455  0.753328  4.024698     0.003878   -0.000786   -0.020679  
     -5.544561  5.208194  5.950309    -0.005365    0.012659    0.001116  
     -5.528641  2.227715  5.962511    -0.004544   -0.008391    0.000533  
      5.735997  3.717866  3.963892     0.016241    0.002836    0.016048  
      0.951634  2.227715  8.977526    -0.004533    0.008397    0.000539  
     -0.744722  3.717866  1.067153     0.016240   -0.002845    0.016062  
     -0.893494  2.231301  4.162213    -0.003938   -0.007205   -0.009480  
      1.080252  3.714951  5.859232     0.020093   -0.003187    0.016114  
      5.884769  2.231301  0.868832    -0.003951    0.007204   -0.009487  
     -5.657260  3.714951  9.080805     0.020106    0.003186    0.016143  
     -5.622992  0.751199  9.034813    -0.026157   -0.004906   -0.022279  
      5.872018  5.211349  0.883773     0.012876   -0.004800    0.019029  
      1.045985  0.751199  5.905223    -0.026153    0.004904   -0.022293  
     -0.880743  5.211349  4.147272     0.012882    0.004801    0.019023  
     -2.769217  2.226426  3.943002     0.002668   -0.007672   -0.008480  
      3.011632  3.713986  5.983550    -0.000902    0.000111    0.022359  
      7.760492  2.226426  1.088042     0.002655    0.007682   -0.008471  
     -7.588639  3.713986  8.956487    -0.000873   -0.000119    0.022325  
     -7.576192  0.750830  8.935375    -0.022593   -0.004279    0.011500  
      7.754048  5.219232  1.061863     0.018854   -0.014915   -0.028902  
      2.999184  0.750830  6.004661    -0.022590    0.004281    0.011499  
     -2.762772  5.219232  3.969182     0.018850    0.014894   -0.028887  
      0.545699  2.153908  0.921023    -0.001813    0.014626    0.007379  
     -0.381056  3.715882  9.101385     0.007692    0.001716    0.009578  
      4.445577  2.153908  4.110021    -0.001809   -0.014599    0.007351  
     -4.195951  3.715882  5.838651     0.007689   -0.001726    0.009563  
     -4.142312  0.755782  5.906023    -0.004536   -0.005383   -0.012463  
      4.456348  5.276942  4.098732     0.008077    0.003163    0.004231  
     -0.434695  0.755782  9.034013    -0.004526    0.005401   -0.012429  
      0.534927  5.276942  0.932312     0.008073   -0.003169    0.004250  
     -5.357135  2.249107  7.858822    -0.013116    0.002811   -0.002543  
      5.591648  3.718102  2.065344    -0.103226   -0.002471    0.012490  
      0.780128  2.249107  7.081214    -0.013164   -0.002813   -0.002554  
     -0.600373  3.718102  2.965700    -0.103233    0.002469    0.012495  
     -0.584070  0.753413  2.941938     0.029807   -0.006857   -0.009034  
      0.762384  5.187597  7.091402     0.001085    0.002872   -0.003104  
      5.575345  0.753413  2.089107     0.029839    0.006859   -0.009042  
     -5.339391  5.187597  7.848634     0.001112   -0.002876   -0.003092  
      3.936596  2.205034  0.451134    -0.004768   -0.011700   -0.013710  
     -3.610877  3.710940  9.477450     0.035010    0.006555    0.024311  
      1.054679  2.205034  4.579910    -0.004747    0.011703   -0.013729  
     -0.966130  3.710940  5.462586     0.035047   -0.006542    0.024313  
     -0.985568  0.756560  5.481490    -0.005634   -0.000669   -0.006602  
      1.064814  5.231939  4.591173     0.009714   -0.012532   -0.002571  
     -3.591439  0.756560  9.458547    -0.005639    0.000669   -0.006599  
      3.926461  5.231939  0.439871     0.009696    0.012541   -0.002544  
     -2.288504  2.009897  7.470018     0.000418   -0.000007   -0.004845  
 
 104 f  =    7.830817 THz    49.202474 2PiTHz  261.207935 cm-1    32.385642 meV
             X         Y         Z           dx          dy          dz
      2.495638  0.754101  2.515522    -0.002395   -0.000000   -0.001304  
     -2.288504  5.057401  7.470018     0.000784   -0.000001    0.000314  
     -0.811180  0.753328  1.006346     0.003144   -0.003461    0.019839  
      0.967554  5.208194  8.989727    -0.002281    0.003221   -0.002950  
      5.802455  0.753328  4.024698     0.003138    0.003448    0.019847  
     -5.544561  5.208194  5.950309    -0.002271   -0.003230   -0.002948  
     -5.528641  2.227715  5.962511    -0.016121   -0.001341    0.006893  
      5.735997  3.717866  3.963892     0.016105   -0.004371   -0.014211  
      0.951634  2.227715  8.977526    -0.016114    0.001356    0.006888  
     -0.744722  3.717866  1.067153     0.016103    0.004393   -0.014202  
     -0.893494  2.231301  4.162213     0.014052   -0.003671    0.026756  
      1.080252  3.714951  5.859232    -0.005301    0.006675   -0.029376  
      5.884769  2.231301  0.868832     0.014063    0.003669    0.026779  
     -5.657260  3.714951  9.080805    -0.005299   -0.006675   -0.029365  
     -5.622992  0.751199  9.034813     0.000715    0.008452    0.018321  
      5.872018  5.211349  0.883773    -0.009359   -0.004926   -0.024856  
      1.045985  0.751199  5.905223     0.000715   -0.008451    0.018327  
     -0.880743  5.211349  4.147272    -0.009337    0.004926   -0.024832  
     -2.769217  2.226426  3.943002     0.018694   -0.009817   -0.032000  
      3.011632  3.713986  5.983550    -0.023042    0.006966    0.074896  
      7.760492  2.226426  1.088042     0.018719    0.009839   -0.032036  
     -7.588639  3.713986  8.956487    -0.023036   -0.006942    0.074874  
     -7.576192  0.750830  8.935375     0.000203    0.011502   -0.035400  
      7.754048  5.219232  1.061863    -0.002389   -0.002474   -0.003284  
      2.999184  0.750830  6.004661     0.000207   -0.011518   -0.035430  
     -2.762772  5.219232  3.969182    -0.002375    0.002463   -0.003299  
      0.545699  2.153908  0.921023     0.005651   -0.011247    0.007591  
     -0.381056  3.715882  9.101385    -0.005333   -0.002011   -0.008849  
      4.445577  2.153908  4.110021     0.005659    0.011263    0.007601  
     -4.195951  3.715882  5.838651    -0.005320    0.002040   -0.008847  
     -4.142312  0.755782  5.906023     0.002257    0.001340    0.004458  
      4.456348  5.276942  4.098732     0.003665    0.000247    0.003843  
     -0.434695  0.755782  9.034013     0.002285   -0.001389    0.004456  
      0.534927  5.276942  0.932312     0.003665   -0.000280    0.003860  
     -5.357135  2.249107  7.858822     0.039689   -0.013304   -0.001559  
      5.591648  3.718102  2.065344    -0.056348    0.005776   -0.006808  
      0.780128  2.249107  7.081214     0.039690    0.013309   -0.001561  
     -0.600373  3.718102  2.965700    -0.056304   -0.005769   -0.006803  
     -0.584070  0.753413  2.941938     0.026338    0.009449    0.005830  
      0.762384  5.187597  7.091402    -0.019414   -0.014745   -0.003399  
      5.575345  0.753413  2.089107     0.026365   -0.009453    0.005838  
     -5.339391  5.187597  7.848634    -0.019383    0.014744   -0.003398  
      3.936596  2.205034  0.451134     0.009101    0.001164   -0.000073  
     -3.610877  3.710940  9.477450     0.017371   -0.001956    0.002128  
      1.054679  2.205034  4.579910     0.009100   -0.001180   -0.000083  
     -0.966130  3.710940  5.462586     0.017390    0.001939    0.002132  
     -0.985568  0.756560  5.481490    -0.005314    0.003495    0.009412  
      1.064814  5.231939  4.591173    -0.009524    0.001900   -0.013358  
     -3.591439  0.756560  9.458547    -0.005299   -0.003494    0.009415  
      3.926461  5.231939  0.439871    -0.009538   -0.001898   -0.013366  
     -2.288504  2.009897  7.470018     0.008541    0.000008   -0.003379  
 
 105 f  =    7.796937 THz    48.989603 2PiTHz  260.077838 cm-1    32.245528 meV
             X         Y         Z           dx          dy          dz
      2.495638  0.754101  2.515522     0.000002   -0.001528   -0.000002  
     -2.288504  5.057401  7.470018    -0.000001   -0.000652    0.000001  
     -0.811180  0.753328  1.006346     0.001772   -0.017876   -0.004639  
      0.967554  5.208194  8.989727     0.002459   -0.006634    0.000098  
      5.802455  0.753328  4.024698    -0.001785   -0.017885    0.004617  
     -5.544561  5.208194  5.950309    -0.002439   -0.006629   -0.000098  
     -5.528641  2.227715  5.962511     0.007405    0.016370    0.009106  
      5.735997  3.717866  3.963892     0.006239    0.024628    0.004276  
      0.951634  2.227715  8.977526    -0.007366    0.016352   -0.009119  
     -0.744722  3.717866  1.067153    -0.006249    0.024624   -0.004310  
     -0.893494  2.231301  4.162213    -0.021803    0.000605   -0.021699  
      1.080252  3.714951  5.859232    -0.015043    0.000146    0.000256  
      5.884769  2.231301  0.868832     0.021774    0.000626    0.021609  
     -5.657260  3.714951  9.080805     0.015019    0.000158   -0.000258  
     -5.622992  0.751199  9.034813    -0.010859   -0.000594   -0.009700  
      5.872018  5.211349  0.883773    -0.022269   -0.001051   -0.021971  
      1.045985  0.751199  5.905223     0.010892   -0.000574    0.009775  
     -0.880743  5.211349  4.147272     0.022303   -0.001048    0.022044  
     -2.769217  2.226426  3.943002    -0.028602    0.021385    0.022948  
      3.011632  3.713986  5.983550    -0.005430    0.025967    0.015093  
      7.760492  2.226426  1.088042     0.028546    0.021373   -0.022827  
     -7.588639  3.713986  8.956487     0.005442    0.025969   -0.015167  
     -7.576192  0.750830  8.935375    -0.012366   -0.012879    0.015059  
      7.754048  5.219232  1.061863    -0.015469   -0.011644    0.012238  
      2.999184  0.750830  6.004661     0.012408   -0.012853   -0.015093  
     -2.762772  5.219232  3.969182     0.015486   -0.011627   -0.012201  
      0.545699  2.153908  0.921023    -0.014152    0.011062   -0.018383  
     -0.381056  3.715882  9.101385    -0.009548    0.033502   -0.011810  
      4.445577  2.153908  4.110021     0.014126    0.011033    0.018373  
     -4.195951  3.715882  5.838651     0.009555    0.033512    0.011813  
     -4.142312  0.755782  5.906023    -0.020701   -0.054621   -0.000362  
      4.456348  5.276942  4.098732    -0.000223   -0.032856   -0.015456  
     -0.434695  0.755782  9.034013     0.020693   -0.054615    0.000366  
      0.534927  5.276942  0.932312     0.000250   -0.032812    0.015429  
     -5.357135  2.249107  7.858822    -0.037660    0.003220    0.002151  
      5.591648  3.718102  2.065344    -0.044386    0.007870    0.002299  
      0.780128  2.249107  7.081214     0.037569    0.003234   -0.002133  
     -0.600373  3.718102  2.965700     0.044286    0.007886   -0.002315  
     -0.584070  0.753413  2.941938    -0.033181   -0.004957   -0.005541  
      0.762384  5.187597  7.091402    -0.033948    0.001071    0.006524  
      5.575345  0.753413  2.089107     0.033185   -0.004918    0.005531  
     -5.339391  5.187597  7.848634     0.033936    0.001083   -0.006502  
      3.936596  2.205034  0.451134     0.014185   -0.017180    0.007393  
     -3.610877  3.710940  9.477450     0.001990   -0.020631   -0.002774  
      1.054679  2.205034  4.579910    -0.014223   -0.017189   -0.007389  
     -0.966130  3.710940  5.462586    -0.001990   -0.020645    0.002753  
     -0.985568  0.756560  5.481490    -0.015269    0.006577    0.000856  
      1.064814  5.231939  4.591173     0.012341   -0.000202    0.017790  
     -3.591439  0.756560  9.458547     0.015287    0.006574   -0.000869  
      3.926461  5.231939  0.439871    -0.012303   -0.000208   -0.017733  
     -2.288504  2.009897  7.470018    -0.000011   -0.000438    0.000006  
 
 106 f  =    7.786304 THz    48.922788 2PiTHz  259.723132 cm-1    32.201550 meV
             X         Y         Z           dx          dy          dz
      2.495638  0.754101  2.515522    -0.000864   -0.000002    0.002429  
     -2.288504  5.057401  7.470018     0.000502   -0.000002   -0.000957  
     -0.811180  0.753328  1.006346     0.005669   -0.005383   -0.001120  
      0.967554  5.208194  8.989727    -0.002281   -0.000262   -0.005109  
      5.802455  0.753328  4.024698     0.005658    0.005344   -0.001094  
     -5.544561  5.208194  5.950309    -0.002284    0.000261   -0.005115  
     -5.528641  2.227715  5.962511    -0.015408   -0.008446    0.010568  
      5.735997  3.717866  3.963892    -0.001244   -0.003029    0.022377  
      0.951634  2.227715  8.977526    -0.015425    0.008476    0.010549  
     -0.744722  3.717866  1.067153    -0.001258    0.003085    0.022373  
     -0.893494  2.231301  4.162213     0.010254    0.010356    0.031414  
      1.080252  3.714951  5.859232     0.014313    0.003244    0.016968  
      5.884769  2.231301  0.868832     0.010305   -0.010357    0.031473  
     -5.657260  3.714951  9.080805     0.014324   -0.003242    0.016950  
     -5.622992  0.751199  9.034813    -0.017312    0.006665   -0.043170  
      5.872018  5.211349  0.883773    -0.013577    0.002206   -0.025070  
      1.045985  0.751199  5.905223    -0.017298   -0.006666   -0.043158  
     -0.880743  5.211349  4.147272    -0.013529   -0.002208   -0.025021  
     -2.769217  2.226426  3.943002     0.019274   -0.001173   -0.044729  
      3.011632  3.713986  5.983550     0.005822    0.003292   -0.005411  
      7.760492  2.226426  1.088042     0.019340    0.001207   -0.044781  
     -7.588639  3.713986  8.956487     0.005809   -0.003233   -0.005419  
     -7.576192  0.750830  8.935375    -0.022302    0.010773    0.033292  
      7.754048  5.219232  1.061863    -0.006940    0.006195   -0.014595  
      2.999184  0.750830  6.004661    -0.022288   -0.010799    0.033273  
     -2.762772  5.219232  3.969182    -0.006899   -0.006196   -0.014626  
      0.545699  2.153908  0.921023     0.006410   -0.005644    0.008860  
     -0.381056  3.715882  9.101385     0.002033    0.003814    0.004314  
      4.445577  2.153908  4.110021     0.006425    0.005636    0.008911  
     -4.195951  3.715882  5.838651     0.002054   -0.003739    0.004331  
     -4.142312  0.755782  5.906023     0.001832    0.000537   -0.003091  
      4.456348  5.276942  4.098732    -0.009967    0.020241    0.005573  
     -0.434695  0.755782  9.034013     0.001874   -0.000661   -0.003107  
      0.534927  5.276942  0.932312    -0.009965   -0.020301    0.005607  
     -5.357135  2.249107  7.858822     0.033203    0.012601   -0.003621  
      5.591648  3.718102  2.065344     0.054719    0.004193    0.011162  
      0.780128  2.249107  7.081214     0.033295   -0.012594   -0.003627  
     -0.600373  3.718102  2.965700     0.054802   -0.004175    0.011160  
     -0.584070  0.753413  2.941938    -0.013039    0.013151   -0.000017  
      0.762384  5.187597  7.091402     0.001950    0.012844   -0.011119  
      5.575345  0.753413  2.089107    -0.012993   -0.013164    0.000004  
     -5.339391  5.187597  7.848634     0.002004   -0.012836   -0.011140  
      3.936596  2.205034  0.451134     0.014673   -0.004948    0.000817  
     -3.610877  3.710940  9.477450    -0.004137   -0.002505    0.012127  
      1.054679  2.205034  4.579910     0.014631    0.004910    0.000798  
     -0.966130  3.710940  5.462586    -0.004157    0.002451    0.012132  
     -0.985568  0.756560  5.481490    -0.002653   -0.001777    0.000728  
      1.064814  5.231939  4.591173    -0.013988   -0.005298   -0.023062  
     -3.591439  0.756560  9.458547    -0.002629    0.001786    0.000736  
      3.926461  5.231939  0.439871    -0.014012    0.005287   -0.023112  
     -2.288504  2.009897  7.470018     0.006190    0.000017   -0.005286  
 
 107 f  =    7.715250 THz    48.476346 2PiTHz  257.353041 cm-1    31.907696 meV
             X         Y         Z           dx          dy          dz
      2.495638  0.754101  2.515522    -0.000000    0.000721    0.000001  
     -2.288504  5.057401  7.470018    -0.000001    0.000263    0.000000  
     -0.811180  0.753328  1.006346     0.002486    0.008624    0.007162  
      0.967554  5.208194  8.989727     0.000344   -0.019801   -0.012896  
      5.802455  0.753328  4.024698    -0.002479    0.008618   -0.007152  
     -5.544561  5.208194  5.950309    -0.000355   -0.019802    0.012936  
     -5.528641  2.227715  5.962511    -0.002500    0.014313   -0.000589  
      5.735997  3.717866  3.963892     0.008229   -0.015402    0.009588  
      0.951634  2.227715  8.977526     0.002503    0.014312    0.000561  
     -0.744722  3.717866  1.067153    -0.008240   -0.015404   -0.009582  
     -0.893494  2.231301  4.162213     0.010516    0.003736    0.021245  
      1.080252  3.714951  5.859232    -0.025935   -0.002094   -0.007548  
      5.884769  2.231301  0.868832    -0.010500    0.003728   -0.021233  
     -5.657260  3.714951  9.080805     0.025933   -0.002109    0.007554  
     -5.622992  0.751199  9.034813    -0.019902   -0.000001   -0.010410  
      5.872018  5.211349  0.883773     0.014628   -0.000056    0.009909  
      1.045985  0.751199  5.905223     0.019901   -0.000017    0.010390  
     -0.880743  5.211349  4.147272    -0.014649   -0.000061   -0.009929  
     -2.769217  2.226426  3.943002     0.007196    0.019693   -0.012954  
      3.011632  3.713986  5.983550    -0.027027   -0.015810    0.028718  
      7.760492  2.226426  1.088042    -0.007183    0.019691    0.012921  
     -7.588639  3.713986  8.956487     0.027031   -0.015815   -0.028729  
     -7.576192  0.750830  8.935375    -0.021024    0.008878    0.029198  
      7.754048  5.219232  1.061863     0.026777   -0.035103   -0.006570  
      2.999184  0.750830  6.004661     0.021019    0.008876   -0.029188  
     -2.762772  5.219232  3.969182    -0.026792   -0.035115    0.006582  
      0.545699  2.153908  0.921023    -0.011223    0.052035    0.016464  
     -0.381056  3.715882  9.101385    -0.014234   -0.022295   -0.020015  
      4.445577  2.153908  4.110021     0.011232    0.052038   -0.016487  
     -4.195951  3.715882  5.838651     0.014233   -0.022296    0.020016  
     -4.142312  0.755782  5.906023    -0.010154    0.030549   -0.007913  
      4.456348  5.276942  4.098732     0.009808   -0.025168    0.012422  
     -0.434695  0.755782  9.034013     0.010158    0.030551    0.007920  
      0.534927  5.276942  0.932312    -0.009816   -0.025169   -0.012392  
     -5.357135  2.249107  7.858822     0.017587   -0.001588   -0.004606  
      5.591648  3.718102  2.065344    -0.055507   -0.004403    0.003212  
      0.780128  2.249107  7.081214    -0.017524   -0.001594    0.004583  
     -0.600373  3.718102  2.965700     0.055576   -0.004409   -0.003214  
     -0.584070  0.753413  2.941938    -0.044852    0.005135    0.004246  
      0.762384  5.187597  7.091402     0.013877   -0.005761   -0.005248  
      5.575345  0.753413  2.089107     0.044831    0.005124   -0.004244  
     -5.339391  5.187597  7.848634    -0.013901   -0.005769    0.005268  
      3.936596  2.205034  0.451134    -0.009394   -0.002248   -0.011950  
     -3.610877  3.710940  9.477450    -0.014765    0.014761   -0.008580  
      1.054679  2.205034  4.579910     0.009399   -0.002255    0.011936  
     -0.966130  3.710940  5.462586     0.014750    0.014757    0.008576  
     -0.985568  0.756560  5.481490    -0.020503    0.002925    0.010583  
      1.064814  5.231939  4.591173    -0.004217    0.016881   -0.003094  
     -3.591439  0.756560  9.458547     0.020509    0.002920   -0.010583  
      3.926461  5.231939  0.439871     0.004205    0.016886    0.003097  
     -2.288504  2.009897  7.470018     0.000007   -0.027416    0.000001  
 
 108 f  =    7.680317 THz    48.256855 2PiTHz  256.187797 cm-1    31.763224 meV
             X         Y         Z           dx          dy          dz
      2.495638  0.754101  2.515522    -0.000257    0.000000   -0.000221  
     -2.288504  5.057401  7.470018     0.000225    0.000001    0.000572  
     -0.811180  0.753328  1.006346    -0.001614   -0.006718   -0.002036  
      0.967554  5.208194  8.989727     0.027902    0.000515   -0.045784  
      5.802455  0.753328  4.024698    -0.001623    0.006729   -0.001997  
     -5.544561  5.208194  5.950309     0.027888   -0.000528   -0.045755  
     -5.528641  2.227715  5.962511    -0.019036   -0.000793    0.048549  
      5.735997  3.717866  3.963892    -0.001092   -0.006526    0.002463  
      0.951634  2.227715  8.977526    -0.019046    0.000796    0.048530  
     -0.744722  3.717866  1.067153    -0.001106    0.006506    0.002445  
     -0.893494  2.231301  4.162213    -0.021058   -0.003508    0.002606  
      1.080252  3.714951  5.859232    -0.004765   -0.015047   -0.003289  
      5.884769  2.231301  0.868832    -0.021064    0.003510    0.002561  
     -5.657260  3.714951  9.080805    -0.004760    0.015046   -0.003317  
     -5.622992  0.751199  9.034813     0.004090   -0.014373    0.003255  
      5.872018  5.211349  0.883773     0.017726   -0.000401   -0.007098  
      1.045985  0.751199  5.905223     0.004084    0.014374    0.003277  
     -0.880743  5.211349  4.147272     0.017700    0.000403   -0.007105  
     -2.769217  2.226426  3.943002    -0.011361    0.002854    0.012147  
      3.011632  3.713986  5.983550    -0.001667    0.004335   -0.003808  
      7.760492  2.226426  1.088042    -0.011375   -0.002854    0.012186  
     -7.588639  3.713986  8.956487    -0.001663   -0.004361   -0.003824  
     -7.576192  0.750830  8.935375     0.003717    0.007698   -0.004610  
      7.754048  5.219232  1.061863     0.009549   -0.004161   -0.002558  
      2.999184  0.750830  6.004661     0.003724   -0.007683   -0.004642  
     -2.762772  5.219232  3.969182     0.009522    0.004144   -0.002574  
      0.545699  2.153908  0.921023    -0.004156   -0.002143    0.036804  
     -0.381056  3.715882  9.101385     0.003083    0.006240    0.004931  
      4.445577  2.153908  4.110021    -0.004144    0.002172    0.036825  
     -4.195951  3.715882  5.838651     0.003105   -0.006264    0.004967  
     -4.142312  0.755782  5.906023     0.005633    0.005396    0.002962  
      4.456348  5.276942  4.098732     0.007121    0.001601   -0.033624  
     -0.434695  0.755782  9.034013     0.005622   -0.005351    0.002914  
      0.534927  5.276942  0.932312     0.007113   -0.001607   -0.033679  
     -5.357135  2.249107  7.858822    -0.029058    0.000501    0.029296  
      5.591648  3.718102  2.065344    -0.003309    0.002229    0.000481  
      0.780128  2.249107  7.081214    -0.029018   -0.000503    0.029305  
     -0.600373  3.718102  2.965700    -0.003246   -0.002236    0.000485  
     -0.584070  0.753413  2.941938    -0.004213   -0.002741   -0.001744  
      0.762384  5.187597  7.091402     0.013518   -0.003477   -0.029621  
      5.575345  0.753413  2.089107    -0.004232    0.002747   -0.001744  
     -5.339391  5.187597  7.848634     0.013458    0.003473   -0.029623  
      3.936596  2.205034  0.451134     0.000163   -0.004437    0.021566  
     -3.610877  3.710940  9.477450     0.000751   -0.008872   -0.005102  
      1.054679  2.205034  4.579910     0.000147    0.004444    0.021608  
     -0.966130  3.710940  5.462586     0.000735    0.008881   -0.005073  
     -0.985568  0.756560  5.481490     0.003210   -0.003568   -0.002355  
      1.064814  5.231939  4.591173     0.000855    0.006548   -0.020897  
     -3.591439  0.756560  9.458547     0.003257    0.003574   -0.002388  
      3.926461  5.231939  0.439871     0.000890   -0.006534   -0.020926  
     -2.288504  2.009897  7.470018    -0.003913   -0.000017   -0.003956  
 
 109 f  =    7.647369 THz    48.049838 2PiTHz  255.088777 cm-1    31.626963 meV
             X         Y         Z           dx          dy          dz
      2.495638  0.754101  2.515522     0.000000    0.000046   -0.000000  
     -2.288504  5.057401  7.470018     0.000000    0.001439   -0.000002  
     -0.811180  0.753328  1.006346     0.004801    0.001806   -0.038913  
      0.967554  5.208194  8.989727     0.010055    0.000642   -0.016545  
      5.802455  0.753328  4.024698    -0.004799    0.001796    0.038898  
     -5.544561  5.208194  5.950309    -0.010090    0.000648    0.016605  
     -5.528641  2.227715  5.962511     0.009073   -0.002455    0.018935  
      5.735997  3.717866  3.963892     0.007854   -0.002515    0.007381  
      0.951634  2.227715  8.977526    -0.009047   -0.002452   -0.018989  
     -0.744722  3.717866  1.067153    -0.007839   -0.002524   -0.007388  
     -0.893494  2.231301  4.162213    -0.003540   -0.001074    0.018749  
      1.080252  3.714951  5.859232     0.010098    0.001047    0.027702  
      5.884769  2.231301  0.868832     0.003563   -0.001075   -0.018761  
     -5.657260  3.714951  9.080805    -0.010083    0.001032   -0.027694  
     -5.622992  0.751199  9.034813     0.016729   -0.000143   -0.012930  
      5.872018  5.211349  0.883773     0.011594    0.001552   -0.008444  
      1.045985  0.751199  5.905223    -0.016749   -0.000159    0.012925  
     -0.880743  5.211349  4.147272    -0.011611    0.001558    0.008475  
     -2.769217  2.226426  3.943002     0.003405   -0.006697   -0.020931  
      3.011632  3.713986  5.983550     0.014456   -0.004792    0.001309  
      7.760492  2.226426  1.088042    -0.003389   -0.006684    0.020905  
     -7.588639  3.713986  8.956487    -0.014456   -0.004787   -0.001275  
     -7.576192  0.750830  8.935375     0.006756    0.002992    0.014248  
      7.754048  5.219232  1.061863     0.004029    0.005469    0.015725  
      2.999184  0.750830  6.004661    -0.006778    0.003003   -0.014255  
     -2.762772  5.219232  3.969182    -0.004028    0.005479   -0.015752  
      0.545699  2.153908  0.921023    -0.006949   -0.003972   -0.031354  
     -0.381056  3.715882  9.101385    -0.011500   -0.001653   -0.018087  
      4.445577  2.153908  4.110021     0.006959   -0.003987    0.031320  
     -4.195951  3.715882  5.838651     0.011500   -0.001640    0.018080  
     -4.142312  0.755782  5.906023     0.007468    0.004586    0.045348  
      4.456348  5.276942  4.098732     0.002690    0.003984    0.034399  
     -0.434695  0.755782  9.034013    -0.007468    0.004592   -0.045362  
      0.534927  5.276942  0.932312    -0.002695    0.003988   -0.034353  
     -5.357135  2.249107  7.858822    -0.044807   -0.000384   -0.004641  
      5.591648  3.718102  2.065344    -0.030127   -0.000684   -0.007062  
      0.780128  2.249107  7.081214     0.044824   -0.000380    0.004606  
     -0.600373  3.718102  2.965700     0.030038   -0.000676    0.007066  
     -0.584070  0.753413  2.941938     0.034175    0.000583   -0.003242  
      0.762384  5.187597  7.091402     0.034964    0.001320    0.005554  
      5.575345  0.753413  2.089107    -0.034156    0.000587    0.003240  
     -5.339391  5.187597  7.848634    -0.034970    0.001318   -0.005516  
      3.936596  2.205034  0.451134     0.018950   -0.000229   -0.026853  
     -3.610877  3.710940  9.477450     0.023217   -0.005040   -0.018487  
      1.054679  2.205034  4.579910    -0.018953   -0.000230    0.026818  
     -0.966130  3.710940  5.462586    -0.023201   -0.005056    0.018512  
     -0.985568  0.756560  5.481490    -0.030162    0.004093    0.021534  
      1.064814  5.231939  4.591173    -0.024640   -0.000228    0.025782  
     -3.591439  0.756560  9.458547     0.030177    0.004091   -0.021520  
      3.926461  5.231939  0.439871     0.024639   -0.000214   -0.025756  
     -2.288504  2.009897  7.470018    -0.000000   -0.008590   -0.000000  
 
 110 f  =    7.544491 THz    47.403436 2PiTHz  251.657137 cm-1    31.201494 meV
             X         Y         Z           dx          dy          dz
      2.495638  0.754101  2.515522    -0.000001   -0.000167   -0.000000  
     -2.288504  5.057401  7.470018     0.000000   -0.000782   -0.000000  
     -0.811180  0.753328  1.006346     0.014598    0.003576   -0.005296  
      0.967554  5.208194  8.989727    -0.013673   -0.000980    0.019243  
      5.802455  0.753328  4.024698    -0.014590    0.003575    0.005295  
     -5.544561  5.208194  5.950309     0.013672   -0.000975   -0.019240  
     -5.528641  2.227715  5.962511     0.017315    0.002421   -0.008962  
      5.735997  3.717866  3.963892    -0.026773   -0.003214    0.028243  
      0.951634  2.227715  8.977526    -0.017322    0.002420    0.008960  
     -0.744722  3.717866  1.067153     0.026781   -0.003215   -0.028249  
     -0.893494  2.231301  4.162213    -0.008621    0.001024   -0.020782  
      1.080252  3.714951  5.859232     0.001852    0.000885    0.023616  
      5.884769  2.231301  0.868832     0.008616    0.001025    0.020778  
     -5.657260  3.714951  9.080805    -0.001847    0.000881   -0.023614  
     -5.622992  0.751199  9.034813    -0.025897   -0.001242   -0.026331  
      5.872018  5.211349  0.883773     0.007236   -0.002131    0.024408  
      1.045985  0.751199  5.905223     0.025891   -0.001240    0.026329  
     -0.880743  5.211349  4.147272    -0.007229   -0.002133   -0.024395  
     -2.769217  2.226426  3.943002    -0.021844    0.002905    0.015402  
      3.011632  3.713986  5.983550     0.019555   -0.005032   -0.034393  
      7.760492  2.226426  1.088042     0.021843    0.002905   -0.015410  
     -7.588639  3.713986  8.956487    -0.019555   -0.005042    0.034425  
     -7.576192  0.750830  8.935375    -0.030451    0.005575    0.004568  
      7.754048  5.219232  1.061863     0.023064   -0.000750   -0.029269  
      2.999184  0.750830  6.004661     0.030440    0.005575   -0.004573  
     -2.762772  5.219232  3.969182    -0.023050   -0.000741    0.029250  
      0.545699  2.153908  0.921023     0.021384   -0.000442    0.000285  
     -0.381056  3.715882  9.101385    -0.006885   -0.006430   -0.017693  
      4.445577  2.153908  4.110021    -0.021388   -0.000456   -0.000279  
     -4.195951  3.715882  5.838651     0.006885   -0.006429    0.017688  
     -4.142312  0.755782  5.906023     0.007311    0.009858   -0.001208  
      4.456348  5.276942  4.098732    -0.011187   -0.002938   -0.005942  
     -0.434695  0.755782  9.034013    -0.007316    0.009868    0.001204  
      0.534927  5.276942  0.932312     0.011200   -0.002933    0.005942  
     -5.357135  2.249107  7.858822    -0.010871    0.001594   -0.017841  
      5.591648  3.718102  2.065344     0.017825   -0.001744    0.028197  
      0.780128  2.249107  7.081214     0.010883    0.001597    0.017838  
     -0.600373  3.718102  2.965700    -0.017871   -0.001744   -0.028198  
     -0.584070  0.753413  2.941938    -0.005103    0.000185   -0.017499  
      0.762384  5.187597  7.091402     0.022714   -0.001013    0.026293  
      5.575345  0.753413  2.089107     0.005112    0.000191    0.017499  
     -5.339391  5.187597  7.848634    -0.022728   -0.001011   -0.026291  
      3.936596  2.205034  0.451134     0.009504    0.001548   -0.017648  
     -3.610877  3.710940  9.477450     0.011443    0.005397    0.024385  
      1.054679  2.205034  4.579910    -0.009512    0.001549    0.017637  
     -0.966130  3.710940  5.462586    -0.011441    0.005389   -0.024377  
     -0.985568  0.756560  5.481490     0.005130   -0.003810   -0.023195  
      1.064814  5.231939  4.591173     0.005193   -0.001659    0.023905  
     -3.591439  0.756560  9.458547    -0.005122   -0.003815    0.023201  
      3.926461  5.231939  0.439871    -0.005183   -0.001650   -0.023903  
     -2.288504  2.009897  7.470018    -0.000001   -0.001930   -0.000001  
 
 111 f  =    7.340870 THz    46.124044 2PiTHz  244.865053 cm-1    30.359384 meV
             X         Y         Z           dx          dy          dz
      2.495638  0.754101  2.515522    -0.001711    0.000001    0.002465  
     -2.288504  5.057401  7.470018    -0.001184    0.000001    0.000988  
     -0.811180  0.753328  1.006346     0.011766   -0.002116    0.005491  
      0.967554  5.208194  8.989727     0.004759   -0.012842    0.000774  
      5.802455  0.753328  4.024698     0.011761    0.002088    0.005490  
     -5.544561  5.208194  5.950309     0.004774    0.012838    0.000854  
     -5.528641  2.227715  5.962511    -0.015436    0.013782    0.006655  
      5.735997  3.717866  3.963892    -0.005630   -0.002612    0.020789  
      0.951634  2.227715  8.977526    -0.015424   -0.013809    0.006738  
     -0.744722  3.717866  1.067153    -0.005635    0.002645    0.020779  
     -0.893494  2.231301  4.162213     0.000414   -0.013237   -0.020306  
      1.080252  3.714951  5.859232    -0.020465    0.011894   -0.015155  
      5.884769  2.231301  0.868832     0.000446    0.013243   -0.020334  
     -5.657260  3.714951  9.080805    -0.020484   -0.011914   -0.015166  
     -5.622992  0.751199  9.034813     0.017006    0.000787   -0.012683  
      5.872018  5.211349  0.883773     0.001464    0.002376    0.008172  
      1.045985  0.751199  5.905223     0.016995   -0.000766   -0.012685  
     -0.880743  5.211349  4.147272     0.001488   -0.002375    0.008140  
     -2.769217  2.226426  3.943002    -0.009864    0.013494    0.000475  
      3.011632  3.713986  5.983550    -0.014093    0.029373   -0.001579  
      7.760492  2.226426  1.088042    -0.009857   -0.013519    0.000406  
     -7.588639  3.713986  8.956487    -0.014115   -0.029366   -0.001560  
     -7.576192  0.750830  8.935375     0.013489    0.002503    0.035840  
      7.754048  5.219232  1.061863     0.014398   -0.006434    0.002581  
      2.999184  0.750830  6.004661     0.013481   -0.002531    0.035849  
     -2.762772  5.219232  3.969182     0.014412    0.006438    0.002517  
      0.545699  2.153908  0.921023    -0.032193    0.036132    0.021030  
     -0.381056  3.715882  9.101385    -0.008024   -0.007797    0.014769  
      4.445577  2.153908  4.110021    -0.032145   -0.036115    0.020965  
     -4.195951  3.715882  5.838651    -0.008023    0.007806    0.014766  
     -4.142312  0.755782  5.906023     0.003280   -0.016125    0.003171  
      4.456348  5.276942  4.098732     0.036192   -0.024469   -0.006302  
     -0.434695  0.755782  9.034013     0.003278    0.016098    0.003163  
      0.534927  5.276942  0.932312     0.036250    0.024523   -0.006382  
     -5.357135  2.249107  7.858822     0.070397    0.003196   -0.006405  
      5.591648  3.718102  2.065344     0.012745    0.002572    0.005843  
      0.780128  2.249107  7.081214     0.070443   -0.003206   -0.006340  
     -0.600373  3.718102  2.965700     0.012727   -0.002575    0.005834  
     -0.584070  0.753413  2.941938     0.009477   -0.015550   -0.006260  
      0.762384  5.187597  7.091402    -0.053603    0.001126   -0.002061  
      5.575345  0.753413  2.089107     0.009461    0.015563   -0.006264  
     -5.339391  5.187597  7.848634    -0.053589   -0.001135   -0.002000  
      3.936596  2.205034  0.451134    -0.012823    0.000922   -0.032812  
     -3.610877  3.710940  9.477450    -0.003597    0.032052    0.000461  
      1.054679  2.205034  4.579910    -0.012784   -0.000899   -0.032745  
     -0.966130  3.710940  5.462586    -0.003612   -0.032031    0.000450  
     -0.985568  0.756560  5.481490    -0.010005    0.010116   -0.023086  
      1.064814  5.231939  4.591173     0.015585   -0.004121   -0.000103  
     -3.591439  0.756560  9.458547    -0.010007   -0.010111   -0.023087  
      3.926461  5.231939  0.439871     0.015636    0.004132   -0.000048  
     -2.288504  2.009897  7.470018     0.007305   -0.000001    0.004906  
 
 112 f  =    7.300805 THz    45.872311 2PiTHz  243.528641 cm-1    30.193690 meV
             X         Y         Z           dx          dy          dz
      2.495638  0.754101  2.515522     0.000004    0.000182   -0.000005  
     -2.288504  5.057401  7.470018     0.000001    0.000555    0.000002  
     -0.811180  0.753328  1.006346     0.001086   -0.014541    0.001301  
      0.967554  5.208194  8.989727    -0.006425   -0.004772   -0.039880  
      5.802455  0.753328  4.024698    -0.001129   -0.014552   -0.001283  
     -5.544561  5.208194  5.950309     0.006430   -0.004775    0.039864  
     -5.528641  2.227715  5.962511    -0.001932   -0.009686   -0.042174  
      5.735997  3.717866  3.963892    -0.000585    0.016453    0.006388  
      0.951634  2.227715  8.977526     0.001950   -0.009678    0.042162  
     -0.744722  3.717866  1.067153     0.000600    0.016443   -0.006507  
     -0.893494  2.231301  4.162213    -0.022605    0.001465    0.015628  
      1.080252  3.714951  5.859232     0.003540   -0.010562    0.004704  
      5.884769  2.231301  0.868832     0.022582    0.001407   -0.015602  
     -5.657260  3.714951  9.080805    -0.003402   -0.010544   -0.004628  
     -5.622992  0.751199  9.034813     0.000913    0.012959   -0.002730  
      5.872018  5.211349  0.883773    -0.018794   -0.000059    0.019876  
      1.045985  0.751199  5.905223    -0.001042    0.012955    0.002761  
     -0.880743  5.211349  4.147272     0.018823   -0.000107   -0.019880  
     -2.769217  2.226426  3.943002    -0.008428   -0.007591    0.033180  
      3.011632  3.713986  5.983550     0.005390   -0.000541   -0.004544  
      7.760492  2.226426  1.088042     0.008408   -0.007583   -0.033200  
     -7.588639  3.713986  8.956487    -0.005278   -0.000525    0.004590  
     -7.576192  0.750830  8.935375    -0.002236   -0.010000   -0.002524  
      7.754048  5.219232  1.061863    -0.007479   -0.001938    0.023831  
      2.999184  0.750830  6.004661     0.002144   -0.009997    0.002389  
     -2.762772  5.219232  3.969182     0.007469   -0.001939   -0.023738  
      0.545699  2.153908  0.921023    -0.021725    0.011476    0.033886  
     -0.381056  3.715882  9.101385    -0.000731    0.002329   -0.000751  
      4.445577  2.153908  4.110021     0.021736    0.011520   -0.033924  
     -4.195951  3.715882  5.838651     0.000746    0.002313    0.000679  
     -4.142312  0.755782  5.906023     0.002488   -0.008685    0.000885  
      4.456348  5.276942  4.098732    -0.024723    0.019261    0.036223  
     -0.434695  0.755782  9.034013    -0.002554   -0.008687   -0.000884  
      0.534927  5.276942  0.932312     0.024691    0.019277   -0.036261  
     -5.357135  2.249107  7.858822    -0.017784   -0.003543   -0.032115  
      5.591648  3.718102  2.065344     0.010389   -0.004535    0.005560  
      0.780128  2.249107  7.081214     0.017767   -0.003540    0.032139  
     -0.600373  3.718102  2.965700    -0.010368   -0.004549   -0.005616  
     -0.584070  0.753413  2.941938     0.002102    0.006994   -0.000204  
      0.762384  5.187597  7.091402    -0.012791   -0.004878   -0.028114  
      5.575345  0.753413  2.089107    -0.002126    0.006976    0.000247  
     -5.339391  5.187597  7.848634     0.012826   -0.004867    0.028126  
      3.936596  2.205034  0.451134    -0.013893    0.011060   -0.031683  
     -3.610877  3.710940  9.477450     0.001815    0.010852    0.003990  
      1.054679  2.205034  4.579910     0.013876    0.011051    0.031759  
     -0.966130  3.710940  5.462586    -0.001839    0.010885   -0.004021  
     -0.985568  0.756560  5.481490    -0.000796   -0.000018   -0.002260  
      1.064814  5.231939  4.591173    -0.014872    0.007886   -0.024257  
     -3.591439  0.756560  9.458547     0.000830   -0.000029    0.002352  
      3.926461  5.231939  0.439871     0.014864    0.007885    0.024295  
     -2.288504  2.009897  7.470018    -0.000011   -0.004403   -0.000011  
 
 113 f  =    7.281951 THz    45.753846 2PiTHz  242.899734 cm-1    30.115715 meV
             X         Y         Z           dx          dy          dz
      2.495638  0.754101  2.515522     0.002047    0.000000   -0.002188  
     -2.288504  5.057401  7.470018    -0.000111   -0.000001    0.001825  
     -0.811180  0.753328  1.006346    -0.007223    0.000862    0.010896  
      0.967554  5.208194  8.989727     0.008465   -0.009293   -0.007130  
      5.802455  0.753328  4.024698    -0.007219   -0.000825    0.010906  
     -5.544561  5.208194  5.950309     0.008450    0.009306   -0.007231  
     -5.528641  2.227715  5.962511    -0.005243    0.007742    0.001548  
      5.735997  3.717866  3.963892    -0.000132    0.000244   -0.029720  
      0.951634  2.227715  8.977526    -0.005240   -0.007717    0.001443  
     -0.744722  3.717866  1.067153    -0.000137   -0.000287   -0.029691  
     -0.893494  2.231301  4.162213    -0.005623    0.012330   -0.006150  
      1.080252  3.714951  5.859232     0.037504    0.002416    0.017517  
      5.884769  2.231301  0.868832    -0.005691   -0.012335   -0.006107  
     -5.657260  3.714951  9.080805     0.037512   -0.002390    0.017527  
     -5.622992  0.751199  9.034813    -0.036947    0.002330    0.003844  
      5.872018  5.211349  0.883773     0.009384    0.020611    0.004178  
      1.045985  0.751199  5.905223    -0.036944   -0.002365    0.003830  
     -0.880743  5.211349  4.147272     0.009330   -0.020607    0.004235  
     -2.769217  2.226426  3.943002    -0.015302    0.008951    0.004990  
      3.011632  3.713986  5.983550     0.032996    0.017243    0.016594  
      7.760492  2.226426  1.088042    -0.015332   -0.008940    0.005069  
     -7.588639  3.713986  8.956487     0.033010   -0.017237    0.016577  
     -7.576192  0.750830  8.935375    -0.023041    0.001411   -0.032238  
      7.754048  5.219232  1.061863     0.004601   -0.002545    0.035449  
      2.999184  0.750830  6.004661    -0.023052   -0.001388   -0.032249  
     -2.762772  5.219232  3.969182     0.004584    0.002554    0.035499  
      0.545699  2.153908  0.921023    -0.022177    0.009141   -0.000133  
     -0.381056  3.715882  9.101385    -0.001299   -0.000495   -0.015672  
      4.445577  2.153908  4.110021    -0.022229   -0.009172   -0.000047  
     -4.195951  3.715882  5.838651    -0.001303    0.000488   -0.015682  
     -4.142312  0.755782  5.906023    -0.022078   -0.011227    0.002299  
      4.456348  5.276942  4.098732     0.016903   -0.026565   -0.020242  
     -0.434695  0.755782  9.034013    -0.022070    0.011244    0.002297  
      0.534927  5.276942  0.932312     0.016844    0.026525   -0.020155  
     -5.357135  2.249107  7.858822     0.047847    0.000463    0.005663  
      5.591648  3.718102  2.065344     0.020568    0.005771   -0.017431  
      0.780128  2.249107  7.081214     0.047796   -0.000457    0.005582  
     -0.600373  3.718102  2.965700     0.020591   -0.005756   -0.017409  
     -0.584070  0.753413  2.941938    -0.001301   -0.006281    0.011763  
      0.762384  5.187597  7.091402    -0.028518   -0.004085    0.003039  
      5.575345  0.753413  2.089107    -0.001301    0.006263    0.011763  
     -5.339391  5.187597  7.848634    -0.028548    0.004099    0.002972  
      3.936596  2.205034  0.451134    -0.015982    0.004580    0.005280  
     -3.610877  3.710940  9.477450    -0.011496    0.011403   -0.012966  
      1.054679  2.205034  4.579910    -0.016006   -0.004608    0.005199  
     -0.966130  3.710940  5.462586    -0.011492   -0.011430   -0.012957  
     -0.985568  0.756560  5.481490     0.003341    0.012222    0.017014  
      1.064814  5.231939  4.591173     0.006656   -0.003094    0.016377  
     -3.591439  0.756560  9.458547     0.003336   -0.012219    0.017008  
      3.926461  5.231939  0.439871     0.006629    0.003071    0.016321  
     -2.288504  2.009897  7.470018    -0.002822    0.000008   -0.003464  
 
 114 f  =    7.091301 THz    44.555956 2PiTHz  236.540328 cm-1    29.327250 meV
             X         Y         Z           dx          dy          dz
      2.495638  0.754101  2.515522     0.003357    0.000000    0.000689  
     -2.288504  5.057401  7.470018     0.004823    0.000000   -0.001570  
     -0.811180  0.753328  1.006346    -0.005624   -0.000499   -0.026869  
      0.967554  5.208194  8.989727    -0.003295   -0.001397   -0.019794  
      5.802455  0.753328  4.024698    -0.005625    0.000497   -0.026875  
     -5.544561  5.208194  5.950309    -0.003295    0.001402   -0.019795  
     -5.528641  2.227715  5.962511    -0.017843    0.001551   -0.016629  
      5.735997  3.717866  3.963892    -0.000308    0.000427   -0.012246  
      0.951634  2.227715  8.977526    -0.017838   -0.001549   -0.016630  
     -0.744722  3.717866  1.067153    -0.000313   -0.000437   -0.012246  
     -0.893494  2.231301  4.162213     0.001428   -0.008449    0.026841  
      1.080252  3.714951  5.859232    -0.009872    0.002473    0.019769  
      5.884769  2.231301  0.868832     0.001423    0.008456    0.026842  
     -5.657260  3.714951  9.080805    -0.009877   -0.002477    0.019771  
     -5.622992  0.751199  9.034813     0.018528    0.000195    0.024308  
      5.872018  5.211349  0.883773     0.007602   -0.007610    0.019081  
      1.045985  0.751199  5.905223     0.018531   -0.000200    0.024305  
     -0.880743  5.211349  4.147272     0.007593    0.007614    0.019084  
     -2.769217  2.226426  3.943002     0.006975   -0.012181   -0.041343  
      3.011632  3.713986  5.983550    -0.011038    0.007292   -0.031886  
      7.760492  2.226426  1.088042     0.006969    0.012174   -0.041340  
     -7.588639  3.713986  8.956487    -0.011041   -0.007290   -0.031891  
     -7.576192  0.750830  8.935375    -0.004453    0.004016    0.020751  
      7.754048  5.219232  1.061863     0.011365   -0.015627   -0.017882  
      2.999184  0.750830  6.004661    -0.004455   -0.004015    0.020750  
     -2.762772  5.219232  3.969182     0.011360    0.015623   -0.017878  
      0.545699  2.153908  0.921023    -0.020716    0.017732   -0.021913  
     -0.381056  3.715882  9.101385    -0.017171   -0.000015   -0.029402  
      4.445577  2.153908  4.110021    -0.020710   -0.017728   -0.021918  
     -4.195951  3.715882  5.838651    -0.017170    0.000012   -0.029402  
     -4.142312  0.755782  5.906023    -0.016140   -0.001817   -0.034414  
      4.456348  5.276942  4.098732    -0.008904    0.011088   -0.028186  
     -0.434695  0.755782  9.034013    -0.016132    0.001822   -0.034410  
      0.534927  5.276942  0.932312    -0.008903   -0.011084   -0.028185  
     -5.357135  2.249107  7.858822     0.034662    0.002128    0.004350  
      5.591648  3.718102  2.065344     0.004833    0.002372    0.007364  
      0.780128  2.249107  7.081214     0.034660   -0.002132    0.004350  
     -0.600373  3.718102  2.965700     0.004835   -0.002368    0.007362  
     -0.584070  0.753413  2.941938     0.025686    0.001644    0.001516  
      0.762384  5.187597  7.091402     0.001952    0.002430    0.002456  
      5.575345  0.753413  2.089107     0.025690   -0.001643    0.001512  
     -5.339391  5.187597  7.848634     0.001952   -0.002433    0.002458  
      3.936596  2.205034  0.451134    -0.004129    0.000263    0.028845  
     -3.610877  3.710940  9.477450    -0.010822    0.009424    0.032178  
      1.054679  2.205034  4.579910    -0.004119   -0.000263    0.028845  
     -0.966130  3.710940  5.462586    -0.010819   -0.009418    0.032179  
     -0.985568  0.756560  5.481490     0.009140    0.002748    0.035464  
      1.064814  5.231939  4.591173    -0.001786   -0.000154    0.026893  
     -3.591439  0.756560  9.458547     0.009142   -0.002743    0.035461  
      3.926461  5.231939  0.439871    -0.001780    0.000155    0.026899  
     -2.288504  2.009897  7.470018    -0.010799   -0.000000   -0.001524  
 
 115 f  =    6.994858 THz    43.949991 2PiTHz  233.323357 cm-1    28.928396 meV
             X         Y         Z           dx          dy          dz
      2.495638  0.754101  2.515522     0.001229    0.000000   -0.001709  
     -2.288504  5.057401  7.470018    -0.000218    0.000001   -0.001765  
     -0.811180  0.753328  1.006346     0.023402   -0.006554   -0.020694  
      0.967554  5.208194  8.989727     0.011908    0.000021   -0.004438  
      5.802455  0.753328  4.024698     0.023401    0.006553   -0.020700  
     -5.544561  5.208194  5.950309     0.011911   -0.000021   -0.004429  
     -5.528641  2.227715  5.962511    -0.009884   -0.006139   -0.003824  
      5.735997  3.717866  3.963892    -0.037181   -0.004447    0.010932  
      0.951634  2.227715  8.977526    -0.009889    0.006133   -0.003820  
     -0.744722  3.717866  1.067153    -0.037181    0.004450    0.010924  
     -0.893494  2.231301  4.162213     0.013207    0.004625   -0.002691  
      1.080252  3.714951  5.859232    -0.001704    0.002812    0.022491  
      5.884769  2.231301  0.868832     0.013211   -0.004625   -0.002695  
     -5.657260  3.714951  9.080805    -0.001720   -0.002813    0.022502  
     -5.622992  0.751199  9.034813     0.008623    0.002270   -0.004489  
      5.872018  5.211349  0.883773    -0.012334    0.002636    0.012332  
      1.045985  0.751199  5.905223     0.008607   -0.002267   -0.004469  
     -0.880743  5.211349  4.147272    -0.012330   -0.002640    0.012333  
     -2.769217  2.226426  3.943002    -0.002479    0.029950    0.019048  
      3.011632  3.713986  5.983550    -0.015862    0.004170    0.047998  
      7.760492  2.226426  1.088042    -0.002477   -0.029949    0.019040  
     -7.588639  3.713986  8.956487    -0.015872   -0.004174    0.048002  
     -7.576192  0.750830  8.935375     0.018530    0.009200   -0.085811  
      7.754048  5.219232  1.061863    -0.015850    0.029325   -0.011645  
      2.999184  0.750830  6.004661     0.018526   -0.009201   -0.085803  
     -2.762772  5.219232  3.969182    -0.015849   -0.029325   -0.011641  
      0.545699  2.153908  0.921023     0.006567   -0.023590   -0.011886  
     -0.381056  3.715882  9.101385    -0.014614   -0.000344    0.012133  
      4.445577  2.153908  4.110021     0.006570    0.023591   -0.011890  
     -4.195951  3.715882  5.838651    -0.014611    0.000343    0.012136  
     -4.142312  0.755782  5.906023     0.007915   -0.001506   -0.021055  
      4.456348  5.276942  4.098732     0.009389   -0.014891   -0.013095  
     -0.434695  0.755782  9.034013     0.007916    0.001506   -0.021054  
      0.534927  5.276942  0.932312     0.009394    0.014895   -0.013104  
     -5.357135  2.249107  7.858822     0.001728   -0.003569    0.000698  
      5.591648  3.718102  2.065344     0.009855   -0.007928    0.007505  
      0.780128  2.249107  7.081214     0.001713    0.003579    0.000704  
     -0.600373  3.718102  2.965700     0.009855    0.007926    0.007501  
     -0.584070  0.753413  2.941938    -0.006584   -0.006686   -0.003518  
      0.762384  5.187597  7.091402     0.000360   -0.004114    0.004204  
      5.575345  0.753413  2.089107    -0.006575    0.006683   -0.003523  
     -5.339391  5.187597  7.848634     0.000377    0.004106    0.004207  
      3.936596  2.205034  0.451134     0.013103   -0.009761    0.008983  
     -3.610877  3.710940  9.477450     0.022950    0.003705    0.022835  
      1.054679  2.205034  4.579910     0.013106    0.009754    0.008992  
     -0.966130  3.710940  5.462586     0.022952   -0.003698    0.022827  
     -0.985568  0.756560  5.481490    -0.020518    0.001102   -0.010158  
      1.064814  5.231939  4.591173    -0.003789   -0.006718    0.013921  
     -3.591439  0.756560  9.458547    -0.020511   -0.001099   -0.010165  
      3.926461  5.231939  0.439871    -0.003788    0.006725    0.013921  
     -2.288504  2.009897  7.470018    -0.005027   -0.000003    0.007719  
 
 116 f  =    6.915882 THz    43.453768 2PiTHz  230.688991 cm-1    28.601777 meV
             X         Y         Z           dx          dy          dz
      2.495638  0.754101  2.515522    -0.000488   -0.000000    0.000724  
     -2.288504  5.057401  7.470018     0.000923    0.000000    0.004022  
     -0.811180  0.753328  1.006346     0.007671    0.017073   -0.005633  
      0.967554  5.208194  8.989727    -0.030607   -0.007036    0.001455  
      5.802455  0.753328  4.024698     0.007671   -0.017072   -0.005630  
     -5.544561  5.208194  5.950309    -0.030606    0.007033    0.001446  
     -5.528641  2.227715  5.962511     0.025762    0.006881   -0.000156  
      5.735997  3.717866  3.963892    -0.013369    0.008414    0.007729  
      0.951634  2.227715  8.977526     0.025763   -0.006884   -0.000168  
     -0.744722  3.717866  1.067153    -0.013370   -0.008413    0.007725  
     -0.893494  2.231301  4.162213    -0.032944   -0.003529    0.019308  
      1.080252  3.714951  5.859232    -0.005148   -0.002466    0.004216  
      5.884769  2.231301  0.868832    -0.032956    0.003530    0.019317  
     -5.657260  3.714951  9.080805    -0.005150    0.002472    0.004216  
     -5.622992  0.751199  9.034813     0.009047   -0.009633   -0.007200  
      5.872018  5.211349  0.883773     0.033681    0.004473   -0.019614  
      1.045985  0.751199  5.905223     0.009042    0.009630   -0.007192  
     -0.880743  5.211349  4.147272     0.033674   -0.004472   -0.019604  
     -2.769217  2.226426  3.943002    -0.017109    0.006827   -0.051860  
      3.011632  3.713986  5.983550    -0.014055   -0.014416    0.020776  
      7.760492  2.226426  1.088042    -0.017114   -0.006828   -0.051873  
     -7.588639  3.713986  8.956487    -0.014058    0.014423    0.020777  
     -7.576192  0.750830  8.935375     0.006819   -0.026796   -0.027566  
      7.754048  5.219232  1.061863     0.011482    0.015657    0.043753  
      2.999184  0.750830  6.004661     0.006819    0.026785   -0.027562  
     -2.762772  5.219232  3.969182     0.011478   -0.015659    0.043748  
      0.545699  2.153908  0.921023     0.003930    0.003667   -0.003092  
     -0.381056  3.715882  9.101385    -0.005532    0.000671    0.007208  
      4.445577  2.153908  4.110021     0.003939   -0.003661   -0.003081  
     -4.195951  3.715882  5.838651    -0.005532   -0.000662    0.007210  
     -4.142312  0.755782  5.906023     0.008668    0.012849   -0.006682  
      4.456348  5.276942  4.098732     0.002969   -0.019334   -0.000641  
     -0.434695  0.755782  9.034013     0.008672   -0.012868   -0.006687  
      0.534927  5.276942  0.932312     0.002979    0.019339   -0.000638  
     -5.357135  2.249107  7.858822     0.006126   -0.000761    0.002960  
      5.591648  3.718102  2.065344     0.004879    0.022384    0.002883  
      0.780128  2.249107  7.081214     0.006137    0.000764    0.002957  
     -0.600373  3.718102  2.965700     0.004884   -0.022379    0.002881  
     -0.584070  0.753413  2.941938    -0.005852    0.016982   -0.003113  
      0.762384  5.187597  7.091402    -0.007709   -0.000208   -0.006918  
      5.575345  0.753413  2.089107    -0.005852   -0.016984   -0.003111  
     -5.339391  5.187597  7.848634    -0.007690    0.000205   -0.006924  
      3.936596  2.205034  0.451134    -0.023175   -0.007262    0.003018  
     -3.610877  3.710940  9.477450     0.013649   -0.000680    0.010368  
      1.054679  2.205034  4.579910    -0.023163    0.007259    0.003019  
     -0.966130  3.710940  5.462586     0.013650    0.000676    0.010367  
     -0.985568  0.756560  5.481490    -0.001981   -0.004484   -0.006131  
      1.064814  5.231939  4.591173     0.034485   -0.000071   -0.003552  
     -3.591439  0.756560  9.458547    -0.001976    0.004491   -0.006132  
      3.926461  5.231939  0.439871     0.034496    0.000073   -0.003559  
     -2.288504  2.009897  7.470018     0.003579    0.000000   -0.011572  
 
 117 f  =    6.836238 THz    42.953352 2PiTHz  228.032364 cm-1    28.272397 meV
             X         Y         Z           dx          dy          dz
      2.495638  0.754101  2.515522    -0.000000    0.000388   -0.000000  
     -2.288504  5.057401  7.470018    -0.000000    0.000595    0.000000  
     -0.811180  0.753328  1.006346    -0.000936   -0.034669   -0.003410  
      0.967554  5.208194  8.989727    -0.000497    0.033723   -0.002872  
      5.802455  0.753328  4.024698     0.000939   -0.034668    0.003411  
     -5.544561  5.208194  5.950309     0.000495    0.033722    0.002875  
     -5.528641  2.227715  5.962511    -0.000060    0.033389   -0.003974  
      5.735997  3.717866  3.963892    -0.001084   -0.034274   -0.003228  
      0.951634  2.227715  8.977526     0.000063    0.033391    0.003977  
     -0.744722  3.717866  1.067153     0.001081   -0.034276    0.003231  
     -0.893494  2.231301  4.162213    -0.003638    0.026972    0.001185  
      1.080252  3.714951  5.859232    -0.002590   -0.028568    0.002987  
      5.884769  2.231301  0.868832     0.003638    0.026974   -0.001188  
     -5.657260  3.714951  9.080805     0.002589   -0.028569   -0.002990  
     -5.622992  0.751199  9.034813    -0.002307   -0.025467    0.003208  
      5.872018  5.211349  0.883773    -0.003066    0.030066    0.002072  
      1.045985  0.751199  5.905223     0.002308   -0.025466   -0.003210  
     -0.880743  5.211349  4.147272     0.003067    0.030064   -0.002076  
     -2.769217  2.226426  3.943002    -0.001083   -0.023327    0.002061  
      3.011632  3.713986  5.983550    -0.000674    0.024054    0.000374  
      7.760492  2.226426  1.088042     0.001082   -0.023331   -0.002058  
     -7.588639  3.713986  8.956487     0.000670    0.024058   -0.000361  
     -7.576192  0.750830  8.935375    -0.000450    0.024578    0.002515  
      7.754048  5.219232  1.061863    -0.003018   -0.019060    0.002618  
      2.999184  0.750830  6.004661     0.000453    0.024580   -0.002526  
     -2.762772  5.219232  3.969182     0.003016   -0.019064   -0.002615  
      0.545699  2.153908  0.921023    -0.000533   -0.020054    0.002033  
     -0.381056  3.715882  9.101385     0.000862    0.009030    0.002305  
      4.445577  2.153908  4.110021     0.000539   -0.020048   -0.002031  
     -4.195951  3.715882  5.838651    -0.000862    0.009030   -0.002300  
     -4.142312  0.755782  5.906023     0.001795    0.007865    0.002143  
      4.456348  5.276942  4.098732    -0.000523   -0.015274    0.002573  
     -0.434695  0.755782  9.034013    -0.001791    0.007864   -0.002141  
      0.534927  5.276942  0.932312     0.000522   -0.015272   -0.002570  
     -5.357135  2.249107  7.858822     0.002268   -0.016765   -0.002782  
      5.591648  3.718102  2.065344     0.004112    0.013485   -0.001778  
      0.780128  2.249107  7.081214    -0.002273   -0.016762    0.002782  
     -0.600373  3.718102  2.965700    -0.004115    0.013482    0.001778  
     -0.584070  0.753413  2.941938     0.003143    0.014815   -0.001837  
      0.762384  5.187597  7.091402     0.003144   -0.012639   -0.002866  
      5.575345  0.753413  2.089107    -0.003147    0.014815    0.001835  
     -5.339391  5.187597  7.848634    -0.003144   -0.012638    0.002866  
      3.936596  2.205034  0.451134    -0.000349   -0.007133   -0.003831  
     -3.610877  3.710940  9.477450     0.000962    0.014434   -0.000026  
      1.054679  2.205034  4.579910     0.000350   -0.007132    0.003828  
     -0.966130  3.710940  5.462586    -0.000955    0.014436    0.000025  
     -0.985568  0.756560  5.481490     0.001237    0.009603   -0.002016  
      1.064814  5.231939  4.591173    -0.001473   -0.010913   -0.004632  
     -3.591439  0.756560  9.458547    -0.001240    0.009604    0.002009  
      3.926461  5.231939  0.439871     0.001477   -0.010914    0.004628  
     -2.288504  2.009897  7.470018     0.000001   -0.006057   -0.000000  
 
 118 f  =    6.791831 THz    42.674334 2PiTHz  226.551103 cm-1    28.088744 meV
             X         Y         Z           dx          dy          dz
      2.495638  0.754101  2.515522    -0.000000    0.000052    0.000000  
     -2.288504  5.057401  7.470018    -0.000000    0.001781    0.000000  
     -0.811180  0.753328  1.006346     0.005168   -0.001239    0.027426  
      0.967554  5.208194  8.989727     0.000429    0.011636    0.001307  
      5.802455  0.753328  4.024698    -0.005176   -0.001240   -0.027417  
     -5.544561  5.208194  5.950309    -0.000426    0.011636   -0.001305  
     -5.528641  2.227715  5.962511    -0.001033   -0.008878    0.003914  
      5.735997  3.717866  3.963892     0.002797   -0.002488    0.030504  
      0.951634  2.227715  8.977526     0.001033   -0.008877   -0.003912  
     -0.744722  3.717866  1.067153    -0.002785   -0.002489   -0.030511  
     -0.893494  2.231301  4.162213     0.009411    0.016596   -0.004058  
      1.080252  3.714951  5.859232     0.042233   -0.004119   -0.017870  
      5.884769  2.231301  0.868832    -0.009413    0.016593    0.004055  
     -5.657260  3.714951  9.080805    -0.042224   -0.004117    0.017867  
     -5.622992  0.751199  9.034813     0.040073   -0.007539   -0.027633  
      5.872018  5.211349  0.883773     0.004207   -0.008174   -0.005242  
      1.045985  0.751199  5.905223    -0.040083   -0.007540    0.027632  
     -0.880743  5.211349  4.147272    -0.004206   -0.008175    0.005238  
     -2.769217  2.226426  3.943002    -0.000081    0.009004    0.007545  
      3.011632  3.713986  5.983550     0.021328    0.004578   -0.006059  
      7.760492  2.226426  1.088042     0.000083    0.009014   -0.007538  
     -7.588639  3.713986  8.956487    -0.021310    0.004577    0.006041  
     -7.576192  0.750830  8.935375     0.020063   -0.003252   -0.015904  
      7.754048  5.219232  1.061863     0.010272   -0.015656   -0.006121  
      2.999184  0.750830  6.004661    -0.020075   -0.003253    0.015934  
     -2.762772  5.219232  3.969182    -0.010270   -0.015645    0.006124  
      0.545699  2.153908  0.921023    -0.006392    0.017224    0.003023  
     -0.381056  3.715882  9.101385    -0.009832    0.000580   -0.016254  
      4.445577  2.153908  4.110021     0.006394    0.017220   -0.003019  
     -4.195951  3.715882  5.838651     0.009840    0.000579    0.016249  
     -4.142312  0.755782  5.906023    -0.020270   -0.010029   -0.012505  
      4.456348  5.276942  4.098732    -0.008635   -0.005349   -0.002229  
     -0.434695  0.755782  9.034013     0.020264   -0.010026    0.012517  
      0.534927  5.276942  0.932312     0.008629   -0.005358    0.002233  
     -5.357135  2.249107  7.858822    -0.002925    0.009546   -0.002432  
      5.591648  3.718102  2.065344    -0.019927    0.005327    0.017876  
      0.780128  2.249107  7.081214     0.002910    0.009543    0.002432  
     -0.600373  3.718102  2.965700     0.019929    0.005327   -0.017882  
     -0.584070  0.753413  2.941938    -0.018856    0.000026    0.011918  
      0.762384  5.187597  7.091402    -0.007969   -0.017825    0.003771  
      5.575345  0.753413  2.089107     0.018854    0.000025   -0.011915  
     -5.339391  5.187597  7.848634     0.007972   -0.017827   -0.003772  
      3.936596  2.205034  0.451134    -0.011742   -0.018266   -0.007777  
     -3.610877  3.710940  9.477450    -0.024186    0.007269    0.010343  
      1.054679  2.205034  4.579910     0.011744   -0.018271    0.007777  
     -0.966130  3.710940  5.462586     0.024169    0.007274   -0.010358  
     -0.985568  0.756560  5.481490    -0.019408    0.010579    0.017104  
      1.064814  5.231939  4.591173    -0.004576    0.013108    0.005588  
     -3.591439  0.756560  9.458547     0.019419    0.010580   -0.017103  
      3.926461  5.231939  0.439871     0.004573    0.013107   -0.005596  
     -2.288504  2.009897  7.470018     0.000000   -0.001598   -0.000002  
 
 119 f  =    6.667372 THz    41.892336 2PiTHz  222.399602 cm-1    27.574024 meV
             X         Y         Z           dx          dy          dz
      2.495638  0.754101  2.515522     0.000000    0.000158   -0.000000  
     -2.288504  5.057401  7.470018     0.000001   -0.000424    0.000001  
     -0.811180  0.753328  1.006346     0.007571    0.000490    0.008718  
      0.967554  5.208194  8.989727     0.014711    0.010010   -0.012633  
      5.802455  0.753328  4.024698    -0.007564    0.000489   -0.008720  
     -5.544561  5.208194  5.950309    -0.014731    0.010021    0.012623  
     -5.528641  2.227715  5.962511     0.001796    0.009331   -0.008150  
      5.735997  3.717866  3.963892    -0.003451    0.006763    0.000896  
      0.951634  2.227715  8.977526    -0.001783    0.009330    0.008154  
     -0.744722  3.717866  1.067153     0.003447    0.006767   -0.000890  
     -0.893494  2.231301  4.162213    -0.027995   -0.008093    0.009661  
      1.080252  3.714951  5.859232     0.009297   -0.009050   -0.010938  
      5.884769  2.231301  0.868832     0.027992   -0.008086   -0.009666  
     -5.657260  3.714951  9.080805    -0.009292   -0.009050    0.010926  
     -5.622992  0.751199  9.034813     0.003725    0.010922   -0.004826  
      5.872018  5.211349  0.883773    -0.033864   -0.011669    0.004110  
      1.045985  0.751199  5.905223    -0.003732    0.010932    0.004838  
     -0.880743  5.211349  4.147272     0.033870   -0.011674   -0.004101  
     -2.769217  2.226426  3.943002    -0.021956    0.013720   -0.039672  
      3.011632  3.713986  5.983550    -0.002396   -0.020764   -0.005364  
      7.760492  2.226426  1.088042     0.021955    0.013719    0.039639  
     -7.588639  3.713986  8.956487     0.002395   -0.020762    0.005357  
     -7.576192  0.750830  8.935375     0.008134    0.033596   -0.004034  
      7.754048  5.219232  1.061863    -0.017969    0.009929   -0.011680  
      2.999184  0.750830  6.004661    -0.008135    0.033611    0.004037  
     -2.762772  5.219232  3.969182     0.017974    0.009924    0.011713  
      0.545699  2.153908  0.921023     0.038828   -0.019854   -0.002048  
     -0.381056  3.715882  9.101385    -0.000037   -0.016368   -0.005768  
      4.445577  2.153908  4.110021    -0.038837   -0.019867    0.002049  
     -4.195951  3.715882  5.838651     0.000028   -0.016365    0.005769  
     -4.142312  0.755782  5.906023    -0.004967    0.035793   -0.003555  
      4.456348  5.276942  4.098732     0.029201   -0.028752   -0.002158  
     -0.434695  0.755782  9.034013     0.004967    0.035789    0.003548  
      0.534927  5.276942  0.932312    -0.029194   -0.028746    0.002151  
     -5.357135  2.249107  7.858822     0.030439    0.011032    0.003623  
      5.591648  3.718102  2.065344    -0.021658   -0.013580   -0.002560  
      0.780128  2.249107  7.081214    -0.030407    0.011042   -0.003619  
     -0.600373  3.718102  2.965700     0.021676   -0.013584    0.002563  
     -0.584070  0.753413  2.941938     0.012283   -0.004927    0.005929  
      0.762384  5.187597  7.091402     0.046730    0.003622   -0.000804  
      5.575345  0.753413  2.089107    -0.012276   -0.004922   -0.005929  
     -5.339391  5.187597  7.848634    -0.046759    0.003627    0.000798  
      3.936596  2.205034  0.451134     0.043704   -0.012884    0.015528  
     -3.610877  3.710940  9.477450    -0.006909   -0.001070   -0.001303  
      1.054679  2.205034  4.579910    -0.043717   -0.012889   -0.015531  
     -0.966130  3.710940  5.462586     0.006914   -0.001081    0.001304  
     -0.985568  0.756560  5.481490     0.001375   -0.014867    0.009006  
      1.064814  5.231939  4.591173     0.049619   -0.004032    0.014836  
     -3.591439  0.756560  9.458547    -0.001387   -0.014876   -0.009003  
      3.926461  5.231939  0.439871    -0.049610   -0.004038   -0.014827  
     -2.288504  2.009897  7.470018     0.000000    0.002357    0.000001  
 
 120 f  =    6.477445 THz    40.698985 2PiTHz  216.064294 cm-1    26.788546 meV
             X         Y         Z           dx          dy          dz
      2.495638  0.754101  2.515522    -0.002038   -0.000000    0.001738  
     -2.288504  5.057401  7.470018     0.000573    0.000001   -0.001493  
     -0.811180  0.753328  1.006346    -0.005746    0.000934    0.022264  
      0.967554  5.208194  8.989727     0.006885    0.016745    0.001920  
      5.802455  0.753328  4.024698    -0.005716   -0.000932    0.022265  
     -5.544561  5.208194  5.950309     0.006892   -0.016733    0.001924  
     -5.528641  2.227715  5.962511    -0.000677    0.018374   -0.002276  
      5.735997  3.717866  3.963892     0.010649    0.001044   -0.024578  
      0.951634  2.227715  8.977526    -0.000688   -0.018375   -0.002275  
     -0.744722  3.717866  1.067153     0.010650   -0.001041   -0.024582  
     -0.893494  2.231301  4.162213    -0.002469    0.006449    0.002836  
      1.080252  3.714951  5.859232    -0.027281    0.003401    0.041114  
      5.884769  2.231301  0.868832    -0.002450   -0.006450    0.002825  
     -5.657260  3.714951  9.080805    -0.027278   -0.003404    0.041105  
     -5.622992  0.751199  9.034813     0.025928   -0.000295   -0.038224  
      5.872018  5.211349  0.883773     0.000043    0.006030   -0.004085  
      1.045985  0.751199  5.905223     0.025907    0.000298   -0.038233  
     -0.880743  5.211349  4.147272     0.000051   -0.006042   -0.004085  
     -2.769217  2.226426  3.943002    -0.002195   -0.008187    0.015178  
      3.011632  3.713986  5.983550    -0.002641    0.004385    0.013938  
      7.760492  2.226426  1.088042    -0.002191    0.008203    0.015176  
     -7.588639  3.713986  8.956487    -0.002648   -0.004392    0.013922  
     -7.576192  0.750830  8.935375     0.008254    0.001615   -0.020656  
      7.754048  5.219232  1.061863     0.002388   -0.010477   -0.004845  
      2.999184  0.750830  6.004661     0.008251   -0.001599   -0.020665  
     -2.762772  5.219232  3.969182     0.002403    0.010473   -0.004825  
      0.545699  2.153908  0.921023    -0.000327    0.000344    0.001653  
     -0.381056  3.715882  9.101385     0.008100   -0.001029   -0.015778  
      4.445577  2.153908  4.110021    -0.000329   -0.000362    0.001656  
     -4.195951  3.715882  5.838651     0.008100    0.001023   -0.015776  
     -4.142312  0.755782  5.906023    -0.005351   -0.002322    0.019017  
      4.456348  5.276942  4.098732     0.004243   -0.004074    0.002346  
     -0.434695  0.755782  9.034013    -0.005370    0.002340    0.019016  
      0.534927  5.276942  0.932312     0.004206    0.004067    0.002351  
     -5.357135  2.249107  7.858822    -0.004511    0.026458   -0.000346  
      5.591648  3.718102  2.065344    -0.035652    0.000495   -0.010411  
      0.780128  2.249107  7.081214    -0.004558   -0.026460   -0.000349  
     -0.600373  3.718102  2.965700    -0.035670   -0.000503   -0.010410  
     -0.584070  0.753413  2.941938     0.016151    0.001791    0.008730  
      0.762384  5.187597  7.091402     0.001482    0.027617    0.001486  
      5.575345  0.753413  2.089107     0.016189   -0.001792    0.008727  
     -5.339391  5.187597  7.848634     0.001488   -0.027607    0.001485  
      3.936596  2.205034  0.451134    -0.003582   -0.024227   -0.001030  
     -3.610877  3.710940  9.477450    -0.035324    0.002746    0.002576  
      1.054679  2.205034  4.579910    -0.003617    0.024223   -0.001044  
     -0.966130  3.710940  5.462586    -0.035328   -0.002747    0.002579  
     -0.985568  0.756560  5.481490     0.031026   -0.005427   -0.005698  
      1.064814  5.231939  4.591173    -0.001321   -0.022088   -0.002736  
     -3.591439  0.756560  9.458547     0.031042    0.005418   -0.005700  
      3.926461  5.231939  0.439871    -0.001333    0.022082   -0.002739  
     -2.288504  2.009897  7.470018     0.001299   -0.000002   -0.003758  
 
 121 f  =    6.406049 THz    40.250396 2PiTHz  213.682810 cm-1    26.493280 meV
             X         Y         Z           dx          dy          dz
      2.495638  0.754101  2.515522     0.000189    0.000000   -0.000293  
     -2.288504  5.057401  7.470018    -0.002854    0.000000   -0.001106  
     -0.811180  0.753328  1.006346     0.006498    0.014492   -0.000481  
      0.967554  5.208194  8.989727     0.020150   -0.016436    0.018287  
      5.802455  0.753328  4.024698     0.006522   -0.014496   -0.000472  
     -5.544561  5.208194  5.950309     0.020149    0.016442    0.018293  
     -5.528641  2.227715  5.962511    -0.018578    0.009648   -0.019808  
      5.735997  3.717866  3.963892    -0.007488    0.004280    0.001132  
      0.951634  2.227715  8.977526    -0.018599   -0.009648   -0.019802  
     -0.744722  3.717866  1.067153    -0.007497   -0.004275    0.001128  
     -0.893494  2.231301  4.162213    -0.014010   -0.005284    0.031648  
      1.080252  3.714951  5.859232     0.005436    0.013278   -0.005032  
      5.884769  2.231301  0.868832    -0.013989    0.005282    0.031645  
     -5.657260  3.714951  9.080805     0.005445   -0.013282   -0.005037  
     -5.622992  0.751199  9.034813    -0.003999    0.007986    0.004479  
      5.872018  5.211349  0.883773     0.014798    0.006277   -0.029053  
      1.045985  0.751199  5.905223    -0.004021   -0.007979    0.004479  
     -0.880743  5.211349  4.147272     0.014804   -0.006284   -0.029050  
     -2.769217  2.226426  3.943002    -0.015858    0.002465    0.071133  
      3.011632  3.713986  5.983550     0.003881    0.025584   -0.008597  
      7.760492  2.226426  1.088042    -0.015851   -0.002454    0.071132  
     -7.588639  3.713986  8.956487     0.003875   -0.025594   -0.008600  
     -7.576192  0.750830  8.935375    -0.001090   -0.000369    0.003184  
      7.754048  5.219232  1.061863     0.015687    0.003726   -0.064705  
      2.999184  0.750830  6.004661    -0.001090    0.000384    0.003182  
     -2.762772  5.219232  3.969182     0.015701   -0.003729   -0.064682  
      0.545699  2.153908  0.921023    -0.012726    0.020709   -0.007774  
     -0.381056  3.715882  9.101385    -0.003177   -0.006583    0.002242  
      4.445577  2.153908  4.110021    -0.012718   -0.020724   -0.007773  
     -4.195951  3.715882  5.838651    -0.003171    0.006582    0.002244  
     -4.142312  0.755782  5.906023     0.001619   -0.014288   -0.000696  
      4.456348  5.276942  4.098732     0.014041   -0.012365    0.007053  
     -0.434695  0.755782  9.034013     0.001601    0.014298   -0.000704  
      0.534927  5.276942  0.932312     0.014016    0.012359    0.007050  
     -5.357135  2.249107  7.858822    -0.022954   -0.001209   -0.009777  
      5.591648  3.718102  2.065344     0.001938    0.018397    0.000407  
      0.780128  2.249107  7.081214    -0.022998    0.001212   -0.009772  
     -0.600373  3.718102  2.965700     0.001920   -0.018401    0.000407  
     -0.584070  0.753413  2.941938     0.001921    0.008770    0.001362  
      0.762384  5.187597  7.091402     0.020477   -0.005401    0.008894  
      5.575345  0.753413  2.089107     0.001957   -0.008775    0.001364  
     -5.339391  5.187597  7.848634     0.020478    0.005406    0.008895  
      3.936596  2.205034  0.451134    -0.017109    0.002855    0.004060  
     -3.610877  3.710940  9.477450     0.002263   -0.010670    0.000175  
      1.054679  2.205034  4.579910    -0.017141   -0.002859    0.004054  
     -0.966130  3.710940  5.462586     0.002250    0.010669    0.000175  
     -0.985568  0.756560  5.481490    -0.004019   -0.021443    0.000856  
      1.064814  5.231939  4.591173     0.016552    0.001600   -0.003998  
     -3.591439  0.756560  9.458547    -0.003999    0.021438    0.000857  
      3.926461  5.231939  0.439871     0.016551   -0.001602   -0.003999  
     -2.288504  2.009897  7.470018     0.001843   -0.000002   -0.006596  
 
 122 f  =    6.336407 THz    39.812820 2PiTHz  211.359791 cm-1    26.205262 meV
             X         Y         Z           dx          dy          dz
      2.495638  0.754101  2.515522    -0.000000    0.000047    0.000001  
     -2.288504  5.057401  7.470018    -0.000001   -0.000232   -0.000001  
     -0.811180  0.753328  1.006346     0.040610   -0.001671    0.001459  
      0.967554  5.208194  8.989727     0.012424   -0.013085    0.000737  
      5.802455  0.753328  4.024698    -0.040616   -0.001674   -0.001450  
     -5.544561  5.208194  5.950309    -0.012409   -0.013093   -0.000723  
     -5.528641  2.227715  5.962511    -0.013403    0.008667   -0.000381  
      5.735997  3.717866  3.963892     0.012994   -0.000477   -0.011583  
      0.951634  2.227715  8.977526     0.013394    0.008655    0.000367  
     -0.744722  3.717866  1.067153    -0.012990   -0.000486    0.011568  
     -0.893494  2.231301  4.162213     0.011745   -0.008872   -0.008458  
      1.080252  3.714951  5.859232     0.000446   -0.000598   -0.030681  
      5.884769  2.231301  0.868832    -0.011754   -0.008875    0.008476  
     -5.657260  3.714951  9.080805    -0.000456   -0.000604    0.030703  
     -5.622992  0.751199  9.034813    -0.024506   -0.001620   -0.022519  
      5.872018  5.211349  0.883773    -0.002301    0.014674   -0.001564  
      1.045985  0.751199  5.905223     0.024524   -0.001626    0.022493  
     -0.880743  5.211349  4.147272     0.002306    0.014671    0.001548  
     -2.769217  2.226426  3.943002     0.001953   -0.025551   -0.020866  
      3.011632  3.713986  5.983550    -0.014666    0.002389   -0.033497  
      7.760492  2.226426  1.088042    -0.001965   -0.025550    0.020926  
     -7.588639  3.713986  8.956487     0.014669    0.002379    0.033513  
     -7.576192  0.750830  8.935375    -0.003435   -0.006078   -0.032238  
      7.754048  5.219232  1.061863     0.005457    0.018402    0.021240  
      2.999184  0.750830  6.004661     0.003438   -0.006084    0.032232  
     -2.762772  5.219232  3.969182    -0.005450    0.018414   -0.021279  
      0.545699  2.153908  0.921023     0.010569    0.012304    0.000669  
     -0.381056  3.715882  9.101385    -0.001731    0.002598    0.008787  
      4.445577  2.153908  4.110021    -0.010576    0.012300   -0.000673  
     -4.195951  3.715882  5.838651     0.001737    0.002603   -0.008795  
     -4.142312  0.755782  5.906023    -0.026101   -0.006926    0.000119  
      4.456348  5.276942  4.098732    -0.029845    0.002188    0.004897  
     -0.434695  0.755782  9.034013     0.026087   -0.006916   -0.000112  
      0.534927  5.276942  0.932312     0.029852    0.002196   -0.004891  
     -5.357135  2.249107  7.858822    -0.036437    0.015136    0.000270  
      5.591648  3.718102  2.065344    -0.008898    0.005503   -0.004518  
      0.780128  2.249107  7.081214     0.036414    0.015119   -0.000277  
     -0.600373  3.718102  2.965700     0.008872    0.005495    0.004512  
     -0.584070  0.753413  2.941938     0.061999   -0.000917    0.000341  
      0.762384  5.187597  7.091402     0.018188   -0.021199   -0.003957  
      5.575345  0.753413  2.089107    -0.061988   -0.000924   -0.000336  
     -5.339391  5.187597  7.848634    -0.018166   -0.021214    0.003962  
      3.936596  2.205034  0.451134    -0.022789   -0.003998   -0.006783  
     -3.610877  3.710940  9.477450    -0.010270    0.001691    0.005543  
      1.054679  2.205034  4.579910     0.022783   -0.003985    0.006780  
     -0.966130  3.710940  5.462586     0.010248    0.001697   -0.005539  
     -0.985568  0.756560  5.481490     0.013482    0.005341    0.005179  
      1.064814  5.231939  4.591173     0.001239    0.009931   -0.001410  
     -3.591439  0.756560  9.458547    -0.013462    0.005357   -0.005181  
      3.926461  5.231939  0.439871    -0.001229    0.009945    0.001404  
     -2.288504  2.009897  7.470018    -0.000002    0.002970   -0.000003  
 
 123 f  =    6.215939 THz    39.055894 2PiTHz  207.341391 cm-1    25.707045 meV
             X         Y         Z           dx          dy          dz
      2.495638  0.754101  2.515522     0.000001    0.000727    0.000001  
     -2.288504  5.057401  7.470018    -0.000002   -0.002042    0.000001  
     -0.811180  0.753328  1.006346     0.009671   -0.006820    0.017013  
      0.967554  5.208194  8.989727     0.018488   -0.001406   -0.006786  
      5.802455  0.753328  4.024698    -0.009689   -0.006822   -0.017021  
     -5.544561  5.208194  5.950309    -0.018474   -0.001410    0.006803  
     -5.528641  2.227715  5.962511     0.001017   -0.012263   -0.006517  
      5.735997  3.717866  3.963892    -0.025081    0.002539    0.001962  
      0.951634  2.227715  8.977526    -0.001028   -0.012268    0.006516  
     -0.744722  3.717866  1.067153     0.025076    0.002538   -0.001966  
     -0.893494  2.231301  4.162213     0.007125    0.013896   -0.027276  
      1.080252  3.714951  5.859232     0.013611   -0.006959    0.023471  
      5.884769  2.231301  0.868832    -0.007128    0.013895    0.027276  
     -5.657260  3.714951  9.080805    -0.013611   -0.006961   -0.023461  
     -5.622992  0.751199  9.034813    -0.010807    0.007646    0.029070  
      5.872018  5.211349  0.883773    -0.003344   -0.001778   -0.025690  
      1.045985  0.751199  5.905223     0.010821    0.007642   -0.029076  
     -0.880743  5.211349  4.147272     0.003348   -0.001777    0.025675  
     -2.769217  2.226426  3.943002    -0.002927    0.000798   -0.046577  
      3.011632  3.713986  5.983550     0.001580   -0.013859    0.031804  
      7.760492  2.226426  1.088042     0.002913    0.000796    0.046598  
     -7.588639  3.713986  8.956487    -0.001583   -0.013863   -0.031767  
     -7.576192  0.750830  8.935375     0.011411    0.003022    0.033433  
      7.754048  5.219232  1.061863     0.010018   -0.012813   -0.024092  
      2.999184  0.750830  6.004661    -0.011406    0.003019   -0.033435  
     -2.762772  5.219232  3.969182    -0.010025   -0.012812    0.024090  
      0.545699  2.153908  0.921023    -0.005639    0.016582    0.015916  
     -0.381056  3.715882  9.101385     0.011834   -0.008232   -0.004451  
      4.445577  2.153908  4.110021     0.005628    0.016593   -0.015919  
     -4.195951  3.715882  5.838651    -0.011834   -0.008239    0.004452  
     -4.142312  0.755782  5.906023    -0.006105    0.003520   -0.012438  
      4.456348  5.276942  4.098732    -0.032424    0.003386    0.011258  
     -0.434695  0.755782  9.034013     0.006093    0.003516    0.012432  
      0.534927  5.276942  0.932312     0.032420    0.003400   -0.011253  
     -5.357135  2.249107  7.858822    -0.018669   -0.020937   -0.004605  
      5.591648  3.718102  2.065344    -0.033483    0.022350    0.001290  
      0.780128  2.249107  7.081214     0.018657   -0.020943    0.004604  
     -0.600373  3.718102  2.965700     0.033479    0.022347   -0.001295  
     -0.584070  0.753413  2.941938     0.020415   -0.014706    0.007030  
      0.762384  5.187597  7.091402     0.024342    0.015725   -0.007052  
      5.575345  0.753413  2.089107    -0.020422   -0.014711   -0.007038  
     -5.339391  5.187597  7.848634    -0.024315    0.015724    0.007058  
      3.936596  2.205034  0.451134    -0.028228    0.018177   -0.003593  
     -3.610877  3.710940  9.477450    -0.006338   -0.000925   -0.007108  
      1.054679  2.205034  4.579910     0.028235    0.018182    0.003594  
     -0.966130  3.710940  5.462586     0.006348   -0.000920    0.007108  
     -0.985568  0.756560  5.481490     0.021976    0.015399   -0.000865  
      1.064814  5.231939  4.591173     0.001367   -0.004918   -0.000784  
     -3.591439  0.756560  9.458547    -0.021963    0.015405    0.000856  
      3.926461  5.231939  0.439871    -0.001353   -0.004914    0.000782  
     -2.288504  2.009897  7.470018    -0.000001    0.003413   -0.000003  
 
 124 f  =    6.139720 THz    38.576997 2PiTHz  204.799007 cm-1    25.391829 meV
             X         Y         Z           dx          dy          dz
      2.495638  0.754101  2.515522    -0.000000    0.000795   -0.000000  
     -2.288504  5.057401  7.470018     0.000000    0.000996    0.000000  
     -0.811180  0.753328  1.006346    -0.007356   -0.008367   -0.010370  
      0.967554  5.208194  8.989727     0.006490   -0.008945   -0.005504  
      5.802455  0.753328  4.024698     0.007356   -0.008366    0.010373  
     -5.544561  5.208194  5.950309    -0.006490   -0.008943    0.005500  
     -5.528641  2.227715  5.962511     0.028237   -0.001321   -0.010496  
      5.735997  3.717866  3.963892     0.025036    0.003142   -0.000763  
      0.951634  2.227715  8.977526    -0.028240   -0.001321    0.010499  
     -0.744722  3.717866  1.067153    -0.025027    0.003150    0.000770  
     -0.893494  2.231301  4.162213    -0.011099   -0.002386   -0.028697  
      1.080252  3.714951  5.859232    -0.013143   -0.010574   -0.014700  
      5.884769  2.231301  0.868832     0.011103   -0.002387    0.028685  
     -5.657260  3.714951  9.080805     0.013142   -0.010568    0.014692  
     -5.622992  0.751199  9.034813     0.009522    0.010839   -0.013352  
      5.872018  5.211349  0.883773     0.007612    0.008848   -0.028485  
      1.045985  0.751199  5.905223    -0.009528    0.010840    0.013355  
     -0.880743  5.211349  4.147272    -0.007617    0.008853    0.028495  
     -2.769217  2.226426  3.943002     0.006394   -0.014073   -0.037894  
      3.011632  3.713986  5.983550     0.001934   -0.023334   -0.025465  
      7.760492  2.226426  1.088042    -0.006384   -0.014065    0.037841  
     -7.588639  3.713986  8.956487    -0.001934   -0.023330    0.025459  
     -7.576192  0.750830  8.935375    -0.012472    0.013541   -0.007766  
      7.754048  5.219232  1.061863    -0.003431    0.001681   -0.053469  
      2.999184  0.750830  6.004661     0.012470    0.013545    0.007770  
     -2.762772  5.219232  3.969182     0.003427    0.001677    0.053511  
      0.545699  2.153908  0.921023    -0.031585    0.003566    0.015754  
     -0.381056  3.715882  9.101385    -0.015664   -0.010169    0.004328  
      4.445577  2.153908  4.110021     0.031590    0.003570   -0.015752  
     -4.195951  3.715882  5.838651     0.015670   -0.010183   -0.004324  
     -4.142312  0.755782  5.906023     0.012191    0.014552    0.007535  
      4.456348  5.276942  4.098732    -0.003196    0.011049    0.014986  
     -0.434695  0.755782  9.034013    -0.012187    0.014536   -0.007532  
      0.534927  5.276942  0.932312     0.003197    0.011045   -0.014984  
     -5.357135  2.249107  7.858822     0.038803    0.008330   -0.006481  
      5.591648  3.718102  2.065344     0.040204    0.021334    0.000966  
      0.780128  2.249107  7.081214    -0.038800    0.008330    0.006482  
     -0.600373  3.718102  2.965700    -0.040203    0.021342   -0.000964  
     -0.584070  0.753413  2.941938    -0.017859   -0.020610   -0.003506  
      0.762384  5.187597  7.091402     0.003014   -0.012358   -0.005360  
      5.575345  0.753413  2.089107     0.017857   -0.020608    0.003505  
     -5.339391  5.187597  7.848634    -0.003017   -0.012353    0.005358  
      3.936596  2.205034  0.451134     0.007893    0.001924    0.003778  
     -3.610877  3.710940  9.477450     0.012987    0.001571    0.008778  
      1.054679  2.205034  4.579910    -0.007890    0.001922   -0.003780  
     -0.966130  3.710940  5.462586    -0.012987    0.001568   -0.008784  
     -0.985568  0.756560  5.481490    -0.021719    0.015025   -0.003186  
      1.064814  5.231939  4.591173    -0.025640    0.011457   -0.005963  
     -3.591439  0.756560  9.458547     0.021716    0.015015    0.003186  
      3.926461  5.231939  0.439871     0.025630    0.011453    0.005962  
     -2.288504  2.009897  7.470018     0.000004   -0.004576    0.000003  
 
 125 f  =    5.924174 THz    37.222685 2PiTHz  197.609186 cm-1    24.500406 meV
             X         Y         Z           dx          dy          dz
      2.495638  0.754101  2.515522     0.005825   -0.000000    0.005194  
     -2.288504  5.057401  7.470018    -0.003498   -0.000000    0.000314  
     -0.811180  0.753328  1.006346    -0.048103    0.000479   -0.029051  
      0.967554  5.208194  8.989727     0.004575    0.000867    0.012371  
      5.802455  0.753328  4.024698    -0.048101   -0.000477   -0.029045  
     -5.544561  5.208194  5.950309     0.004578   -0.000864    0.012372  
     -5.528641  2.227715  5.962511    -0.011618    0.013194    0.003058  
      5.735997  3.717866  3.963892     0.031205   -0.002252    0.014750  
      0.951634  2.227715  8.977526    -0.011625   -0.013187    0.003057  
     -0.744722  3.717866  1.067153     0.031196    0.002253    0.014746  
     -0.893494  2.231301  4.162213     0.003526   -0.005696   -0.008913  
      1.080252  3.714951  5.859232     0.000919    0.001535    0.003768  
      5.884769  2.231301  0.868832     0.003531    0.005690   -0.008926  
     -5.657260  3.714951  9.080805     0.000923   -0.001533    0.003769  
     -5.622992  0.751199  9.034813     0.013556    0.002522   -0.000951  
      5.872018  5.211349  0.883773     0.002953   -0.005293   -0.010474  
      1.045985  0.751199  5.905223     0.013551   -0.002522   -0.000938  
     -0.880743  5.211349  4.147272     0.002955    0.005289   -0.010482  
     -2.769217  2.226426  3.943002    -0.012879   -0.007290    0.007222  
      3.011632  3.713986  5.983550    -0.005152    0.008153    0.052095  
      7.760492  2.226426  1.088042    -0.012875    0.007293    0.007192  
     -7.588639  3.713986  8.956487    -0.005153   -0.008150    0.052096  
     -7.576192  0.750830  8.935375    -0.002660   -0.003508   -0.003918  
      7.754048  5.219232  1.061863    -0.013180   -0.005701    0.009127  
      2.999184  0.750830  6.004661    -0.002657    0.003514   -0.003901  
     -2.762772  5.219232  3.969182    -0.013176    0.005707    0.009124  
      0.545699  2.153908  0.921023    -0.019399   -0.036410   -0.006113  
     -0.381056  3.715882  9.101385     0.013134    0.007654    0.013665  
      4.445577  2.153908  4.110021    -0.019407    0.036404   -0.006106  
     -4.195951  3.715882  5.838651     0.013140   -0.007648    0.013667  
     -4.142312  0.755782  5.906023    -0.033517    0.003458   -0.024087  
      4.456348  5.276942  4.098732    -0.007202   -0.040055    0.000138  
     -0.434695  0.755782  9.034013    -0.033515   -0.003460   -0.024089  
      0.534927  5.276942  0.932312    -0.007215    0.040045    0.000142  
     -5.357135  2.249107  7.858822     0.008655    0.001125   -0.000606  
      5.591648  3.718102  2.065344     0.027822    0.001288    0.005509  
      0.780128  2.249107  7.081214     0.008629   -0.001116   -0.000606  
     -0.600373  3.718102  2.965700     0.027806   -0.001300    0.005509  
     -0.584070  0.753413  2.941938    -0.033015    0.001084   -0.017125  
      0.762384  5.187597  7.091402     0.019454   -0.002823    0.004078  
      5.575345  0.753413  2.089107    -0.033004   -0.001080   -0.017122  
     -5.339391  5.187597  7.848634     0.019465    0.002821    0.004074  
      3.936596  2.205034  0.451134     0.008910    0.005212   -0.000877  
     -3.610877  3.710940  9.477450     0.015757    0.000968   -0.003556  
      1.054679  2.205034  4.579910     0.008894   -0.005220   -0.000877  
     -0.966130  3.710940  5.462586     0.015755   -0.000971   -0.003554  
     -0.985568  0.756560  5.481490     0.018358   -0.002346   -0.005601  
      1.064814  5.231939  4.591173     0.016129    0.003163    0.001969  
     -3.591439  0.756560  9.458547     0.018365    0.002336   -0.005602  
      3.926461  5.231939  0.439871     0.016121   -0.003164    0.001962  
     -2.288504  2.009897  7.470018    -0.003903    0.000003   -0.011094  
 
 126 f  =    5.882011 THz    36.957763 2PiTHz  196.202756 cm-1    24.326030 meV
             X         Y         Z           dx          dy          dz
      2.495638  0.754101  2.515522    -0.001090   -0.000001   -0.000330  
     -2.288504  5.057401  7.470018    -0.001701    0.000000    0.001025  
     -0.811180  0.753328  1.006346     0.006764    0.013110    0.005352  
      0.967554  5.208194  8.989727     0.030679   -0.020319    0.013517  
      5.802455  0.753328  4.024698     0.006762   -0.013109    0.005353  
     -5.544561  5.208194  5.950309     0.030670    0.020323    0.013511  
     -5.528641  2.227715  5.962511    -0.026511    0.017427   -0.011576  
      5.735997  3.717866  3.963892    -0.007035   -0.031050   -0.002526  
      0.951634  2.227715  8.977526    -0.026513   -0.017424   -0.011584  
     -0.744722  3.717866  1.067153    -0.007028    0.031050   -0.002525  
     -0.893494  2.231301  4.162213     0.001999   -0.001190   -0.006453  
      1.080252  3.714951  5.859232     0.001080    0.001180   -0.001692  
      5.884769  2.231301  0.868832     0.001990    0.001188   -0.006463  
     -5.657260  3.714951  9.080805     0.001079   -0.001178   -0.001693  
     -5.622992  0.751199  9.034813    -0.000276   -0.000624   -0.001269  
      5.872018  5.211349  0.883773    -0.004653    0.003022    0.005939  
      1.045985  0.751199  5.905223    -0.000271    0.000620   -0.001268  
     -0.880743  5.211349  4.147272    -0.004648   -0.003022    0.005930  
     -2.769217  2.226426  3.943002     0.009514   -0.019434   -0.067851  
      3.011632  3.713986  5.983550     0.001565    0.016902   -0.003993  
      7.760492  2.226426  1.088042     0.009513    0.019432   -0.067878  
     -7.588639  3.713986  8.956487     0.001569   -0.016899   -0.004001  
     -7.576192  0.750830  8.935375     0.001812   -0.016176    0.006488  
      7.754048  5.219232  1.061863    -0.006597    0.020862    0.053025  
      2.999184  0.750830  6.004661     0.001809    0.016179    0.006505  
     -2.762772  5.219232  3.969182    -0.006595   -0.020859    0.053006  
      0.545699  2.153908  0.921023    -0.011079    0.015153   -0.011262  
     -0.381056  3.715882  9.101385     0.000511    0.038257   -0.000943  
      4.445577  2.153908  4.110021    -0.011089   -0.015159   -0.011252  
     -4.195951  3.715882  5.838651     0.000502   -0.038243   -0.000947  
     -4.142312  0.755782  5.906023     0.008462    0.048299    0.005585  
      4.456348  5.276942  4.098732     0.012531   -0.002209    0.017687  
     -0.434695  0.755782  9.034013     0.008465   -0.048312    0.005585  
      0.534927  5.276942  0.932312     0.012539    0.002211    0.017694  
     -5.357135  2.249107  7.858822    -0.042245    0.004317   -0.005347  
      5.591648  3.718102  2.065344    -0.009439   -0.002765   -0.002496  
      0.780128  2.249107  7.081214    -0.042247   -0.004316   -0.005352  
     -0.600373  3.718102  2.965700    -0.009432    0.002756   -0.002496  
     -0.584070  0.753413  2.941938     0.001827    0.005044    0.001123  
      0.762384  5.187597  7.091402     0.035639   -0.004143    0.004629  
      5.575345  0.753413  2.089107     0.001815   -0.005036    0.001124  
     -5.339391  5.187597  7.848634     0.035631    0.004143    0.004625  
      3.936596  2.205034  0.451134    -0.000778   -0.005788   -0.001430  
     -3.610877  3.710940  9.477450     0.000063    0.000362   -0.001423  
      1.054679  2.205034  4.579910    -0.000771    0.005787   -0.001427  
     -0.966130  3.710940  5.462586     0.000072   -0.000359   -0.001422  
     -0.985568  0.756560  5.481490    -0.000073   -0.002060   -0.002502  
      1.064814  5.231939  4.591173    -0.000091    0.003616   -0.002634  
     -3.591439  0.756560  9.458547    -0.000086    0.002052   -0.002504  
      3.926461  5.231939  0.439871    -0.000105   -0.003618   -0.002639  
     -2.288504  2.009897  7.470018     0.015304   -0.000002    0.015335  
 
 127 f  =    5.674523 THz    35.654080 2PiTHz  189.281716 cm-1    23.467931 meV
             X         Y         Z           dx          dy          dz
      2.495638  0.754101  2.515522    -0.000000    0.002206   -0.000001  
     -2.288504  5.057401  7.470018     0.000001   -0.001239    0.000000  
     -0.811180  0.753328  1.006346     0.011579    0.004462   -0.006139  
      0.967554  5.208194  8.989727    -0.031948    0.003012   -0.021756  
      5.802455  0.753328  4.024698    -0.011575    0.004458    0.006143  
     -5.544561  5.208194  5.950309     0.031948    0.003019    0.021751  
     -5.528641  2.227715  5.962511    -0.022711    0.005738    0.002609  
      5.735997  3.717866  3.963892    -0.001258   -0.003795    0.000667  
      0.951634  2.227715  8.977526     0.022711    0.005731   -0.002609  
     -0.744722  3.717866  1.067153     0.001266   -0.003789   -0.000662  
     -0.893494  2.231301  4.162213     0.001607   -0.005218    0.006952  
      1.080252  3.714951  5.859232     0.004807   -0.000911    0.014174  
      5.884769  2.231301  0.868832    -0.001606   -0.005214   -0.006951  
     -5.657260  3.714951  9.080805    -0.004810   -0.000915   -0.014176  
     -5.622992  0.751199  9.034813    -0.010418    0.000804   -0.013663  
      5.872018  5.211349  0.883773    -0.002925   -0.001594   -0.027668  
      1.045985  0.751199  5.905223     0.010412    0.000809    0.013664  
     -0.880743  5.211349  4.147272     0.002925   -0.001597    0.027671  
     -2.769217  2.226426  3.943002    -0.006445   -0.002114    0.001614  
      3.011632  3.713986  5.983550     0.001649    0.013623    0.045242  
      7.760492  2.226426  1.088042     0.006448   -0.002109   -0.001614  
     -7.588639  3.713986  8.956487    -0.001646    0.013616   -0.045259  
     -7.576192  0.750830  8.935375    -0.003929   -0.007109   -0.050110  
      7.754048  5.219232  1.061863     0.002588    0.007627   -0.063467  
      2.999184  0.750830  6.004661     0.003931   -0.007102    0.050114  
     -2.762772  5.219232  3.969182    -0.002586    0.007620    0.063466  
      0.545699  2.153908  0.921023     0.029813   -0.005220   -0.001215  
     -0.381056  3.715882  9.101385     0.000308   -0.026608   -0.003373  
      4.445577  2.153908  4.110021    -0.029803   -0.005220    0.001216  
     -4.195951  3.715882  5.838651    -0.000309   -0.026605    0.003376  
     -4.142312  0.755782  5.906023    -0.005406    0.031768    0.006201  
      4.456348  5.276942  4.098732     0.004566   -0.006549    0.016493  
     -0.434695  0.755782  9.034013     0.005405    0.031772   -0.006197  
      0.534927  5.276942  0.932312    -0.004560   -0.006546   -0.016494  
     -5.357135  2.249107  7.858822    -0.007908    0.002768   -0.002836  
      5.591648  3.718102  2.065344     0.026217    0.005048   -0.008064  
      0.780128  2.249107  7.081214     0.007894    0.002772    0.002835  
     -0.600373  3.718102  2.965700    -0.026207    0.005047    0.008067  
     -0.584070  0.753413  2.941938    -0.004456   -0.011148    0.006433  
      0.762384  5.187597  7.091402    -0.060366    0.001360   -0.000694  
      5.575345  0.753413  2.089107     0.004457   -0.011144   -0.006431  
     -5.339391  5.187597  7.848634     0.060360    0.001357    0.000694  
      3.936596  2.205034  0.451134    -0.011008   -0.003999   -0.007812  
     -3.610877  3.710940  9.477450    -0.008881   -0.014740   -0.016268  
      1.054679  2.205034  4.579910     0.011009   -0.003999    0.007811  
     -0.966130  3.710940  5.462586     0.008871   -0.014741    0.016266  
     -0.985568  0.756560  5.481490     0.014277    0.006092    0.015847  
      1.064814  5.231939  4.591173     0.016336   -0.004860    0.021809  
     -3.591439  0.756560  9.458547    -0.014289    0.006094   -0.015848  
      3.926461  5.231939  0.439871    -0.016340   -0.004863   -0.021810  
     -2.288504  2.009897  7.470018    -0.000001    0.006362    0.000002  
 
 128 f  =    5.640213 THz    35.438506 2PiTHz  188.137267 cm-1    23.326038 meV
             X         Y         Z           dx          dy          dz
      2.495638  0.754101  2.515522     0.000001    0.002148   -0.000000  
     -2.288504  5.057401  7.470018     0.000001    0.002390   -0.000003  
     -0.811180  0.753328  1.006346    -0.023132    0.003758   -0.006928  
      0.967554  5.208194  8.989727    -0.020498    0.003791    0.001450  
      5.802455  0.753328  4.024698     0.023125    0.003683    0.006924  
     -5.544561  5.208194  5.950309     0.020478    0.003850   -0.001475  
     -5.528641  2.227715  5.962511    -0.035885    0.000492   -0.019681  
      5.735997  3.717866  3.963892    -0.010623   -0.005448   -0.002555  
      0.951634  2.227715  8.977526     0.035908    0.000432    0.019689  
     -0.744722  3.717866  1.067153     0.010642   -0.005375    0.002568  
     -0.893494  2.231301  4.162213     0.003367   -0.002605   -0.025524  
      1.080252  3.714951  5.859232    -0.011087    0.000178   -0.010868  
      5.884769  2.231301  0.868832    -0.003365   -0.002656    0.025530  
     -5.657260  3.714951  9.080805     0.011083    0.000230    0.010868  
     -5.622992  0.751199  9.034813     0.015038    0.000461   -0.003235  
      5.872018  5.211349  0.883773    -0.001187   -0.003098    0.008311  
      1.045985  0.751199  5.905223    -0.015036    0.000419    0.003230  
     -0.880743  5.211349  4.147272     0.001175   -0.003039   -0.008292  
     -2.769217  2.226426  3.943002     0.008035    0.009371   -0.054647  
      3.011632  3.713986  5.983550    -0.008232    0.014164   -0.044637  
      7.760492  2.226426  1.088042    -0.008028    0.009434    0.054698  
     -7.588639  3.713986  8.956487     0.008234    0.014114    0.044628  
     -7.576192  0.750830  8.935375     0.003649   -0.011549    0.023267  
      7.754048  5.219232  1.061863    -0.008598   -0.007451    0.004651  
      2.999184  0.750830  6.004661    -0.003646   -0.011506   -0.023304  
     -2.762772  5.219232  3.969182     0.008591   -0.007503   -0.004678  
      0.545699  2.153908  0.921023     0.004184   -0.017004    0.010614  
     -0.381056  3.715882  9.101385     0.005858   -0.024403    0.003835  
      4.445577  2.153908  4.110021    -0.004147   -0.017014   -0.010608  
     -4.195951  3.715882  5.838651    -0.005848   -0.024354   -0.003830  
     -4.142312  0.755782  5.906023     0.012666    0.030028    0.004359  
      4.456348  5.276942  4.098732     0.025034    0.007739    0.005415  
     -0.434695  0.755782  9.034013    -0.012668    0.030054   -0.004366  
      0.534927  5.276942  0.932312    -0.025064    0.007767   -0.005431  
     -5.357135  2.249107  7.858822    -0.058842    0.006509   -0.006128  
      5.591648  3.718102  2.065344    -0.047123    0.003343    0.004958  
      0.780128  2.249107  7.081214     0.058864    0.006452    0.006130  
     -0.600373  3.718102  2.965700     0.047122    0.003422   -0.004939  
     -0.584070  0.753413  2.941938     0.001385   -0.009644   -0.010419  
      0.762384  5.187597  7.091402    -0.024464   -0.003384    0.001275  
      5.575345  0.753413  2.089107    -0.001393   -0.009701    0.010423  
     -5.339391  5.187597  7.848634     0.024449   -0.003323   -0.001287  
      3.936596  2.205034  0.451134     0.012286   -0.007291    0.009518  
     -3.610877  3.710940  9.477450     0.006899   -0.011058    0.014312  
      1.054679  2.205034  4.579910    -0.012274   -0.007280   -0.009513  
     -0.966130  3.710940  5.462586    -0.006910   -0.011051   -0.014298  
     -0.985568  0.756560  5.481490    -0.017807    0.007586   -0.014944  
      1.064814  5.231939  4.591173    -0.013668    0.002303    0.000262  
     -3.591439  0.756560  9.458547     0.017800    0.007572    0.014952  
      3.926461  5.231939  0.439871     0.013637    0.002299   -0.000269  
     -2.288504  2.009897  7.470018    -0.000011   -0.001335   -0.000002  
 
 129 f  =    5.605525 THz    35.220551 2PiTHz  186.980182 cm-1    23.182578 meV
             X         Y         Z           dx          dy          dz
      2.495638  0.754101  2.515522     0.000288   -0.000002   -0.001218  
     -2.288504  5.057401  7.470018     0.001927   -0.000003   -0.002232  
     -0.811180  0.753328  1.006346     0.000036    0.032974   -0.000082  
      0.967554  5.208194  8.989727    -0.012646   -0.025481   -0.013090  
      5.802455  0.753328  4.024698    -0.000024   -0.032984   -0.000107  
     -5.544561  5.208194  5.950309    -0.012687    0.025472   -0.013086  
     -5.528641  2.227715  5.962511     0.013358    0.025548    0.005243  
      5.735997  3.717866  3.963892     0.009237   -0.030974    0.005187  
      0.951634  2.227715  8.977526     0.013279   -0.025549    0.005201  
     -0.744722  3.717866  1.067153     0.009211    0.030983    0.005181  
     -0.893494  2.231301  4.162213     0.001652    0.023904    0.002630  
      1.080252  3.714951  5.859232    -0.003457   -0.023999    0.000485  
      5.884769  2.231301  0.868832     0.001662   -0.023895    0.002576  
     -5.657260  3.714951  9.080805    -0.003486    0.023998    0.000463  
     -5.622992  0.751199  9.034813    -0.001787    0.019111   -0.000531  
      5.872018  5.211349  0.883773    -0.004764   -0.026406    0.006672  
      1.045985  0.751199  5.905223    -0.001750   -0.019113   -0.000547  
     -0.880743  5.211349  4.147272    -0.004771    0.026413    0.006686  
     -2.769217  2.226426  3.943002     0.004249   -0.026644    0.023782  
      3.011632  3.713986  5.983550     0.000781    0.020898   -0.008667  
      7.760492  2.226426  1.088042     0.004267    0.026617    0.023674  
     -7.588639  3.713986  8.956487     0.000755   -0.020927   -0.008764  
     -7.576192  0.750830  8.935375     0.000978   -0.018843   -0.015166  
      7.754048  5.219232  1.061863    -0.001792    0.023845   -0.018798  
      2.999184  0.750830  6.004661     0.000990    0.018866   -0.015134  
     -2.762772  5.219232  3.969182    -0.001816   -0.023830   -0.018800  
      0.545699  2.153908  0.921023     0.021333    0.004150    0.004067  
     -0.381056  3.715882  9.101385     0.003716   -0.026088    0.002556  
      4.445577  2.153908  4.110021     0.021346   -0.004104    0.004085  
     -4.195951  3.715882  5.838651     0.003734    0.026141    0.002566  
     -4.142312  0.755782  5.906023    -0.001541   -0.016123   -0.000551  
      4.456348  5.276942  4.098732    -0.011470   -0.011400   -0.008554  
     -0.434695  0.755782  9.034013    -0.001512    0.016058   -0.000535  
      0.534927  5.276942  0.932312    -0.011411    0.011378   -0.008541  
     -5.357135  2.249107  7.858822     0.012509    0.025845    0.003284  
      5.591648  3.718102  2.065344     0.001778   -0.035449    0.006462  
      0.780128  2.249107  7.081214     0.012389   -0.025864    0.003270  
     -0.600373  3.718102  2.965700     0.001670    0.035444    0.006470  
     -0.584070  0.753413  2.941938     0.000236    0.025820    0.002151  
      0.762384  5.187597  7.091402    -0.018979   -0.027277   -0.005166  
      5.575345  0.753413  2.089107     0.000231   -0.025797    0.002126  
     -5.339391  5.187597  7.848634    -0.019037    0.027287   -0.005159  
      3.936596  2.205034  0.451134     0.006108   -0.004301    0.003255  
     -3.610877  3.710940  9.477450    -0.007634   -0.003778    0.004609  
      1.054679  2.205034  4.579910     0.006137    0.004322    0.003273  
     -0.966130  3.710940  5.462586    -0.007625    0.003804    0.004636  
     -0.985568  0.756560  5.481490    -0.007631    0.007274    0.002030  
      1.064814  5.231939  4.591173    -0.015236    0.001343   -0.001847  
     -3.591439  0.756560  9.458547    -0.007669   -0.007290    0.002002  
      3.926461  5.231939  0.439871    -0.015259   -0.001349   -0.001837  
     -2.288504  2.009897  7.470018    -0.009590    0.000002   -0.001499  
 
 130 f  =    5.385320 THz    33.836963 2PiTHz  179.634935 cm-1    22.271883 meV
             X         Y         Z           dx          dy          dz
      2.495638  0.754101  2.515522     0.000001    0.000577   -0.000000  
     -2.288504  5.057401  7.470018    -0.000001   -0.007030    0.000001  
     -0.811180  0.753328  1.006346     0.028276    0.006868    0.019633  
      0.967554  5.208194  8.989727    -0.019623    0.004106   -0.000893  
      5.802455  0.753328  4.024698    -0.028274    0.006865   -0.019637  
     -5.544561  5.208194  5.950309     0.019627    0.004110    0.000905  
     -5.528641  2.227715  5.962511    -0.003083    0.008509   -0.003054  
      5.735997  3.717866  3.963892     0.043134    0.001790    0.015331  
      0.951634  2.227715  8.977526     0.003085    0.008511    0.003064  
     -0.744722  3.717866  1.067153    -0.043153    0.001796   -0.015343  
     -0.893494  2.231301  4.162213    -0.007678   -0.000050   -0.006209  
      1.080252  3.714951  5.859232    -0.002228   -0.000830    0.008782  
      5.884769  2.231301  0.868832     0.007679   -0.000042    0.006197  
     -5.657260  3.714951  9.080805     0.002233   -0.000842   -0.008774  
     -5.622992  0.751199  9.034813     0.008518   -0.003987    0.024091  
      5.872018  5.211349  0.883773     0.008699   -0.006759    0.008765  
      1.045985  0.751199  5.905223    -0.008516   -0.003973   -0.024084  
     -0.880743  5.211349  4.147272    -0.008699   -0.006770   -0.008774  
     -2.769217  2.226426  3.943002    -0.005458   -0.010441   -0.023044  
      3.011632  3.713986  5.983550     0.019667    0.011586    0.012715  
      7.760492  2.226426  1.088042     0.005457   -0.010438    0.023026  
     -7.588639  3.713986  8.956487    -0.019668    0.011584   -0.012691  
     -7.576192  0.750830  8.935375     0.002266   -0.001066    0.046871  
      7.754048  5.219232  1.061863     0.004792    0.020505    0.017680  
      2.999184  0.750830  6.004661    -0.002266   -0.001061   -0.046855  
     -2.762772  5.219232  3.969182    -0.004798    0.020493   -0.017688  
      0.545699  2.153908  0.921023     0.004518    0.028564    0.003897  
     -0.381056  3.715882  9.101385    -0.030453   -0.007510   -0.016296  
      4.445577  2.153908  4.110021    -0.004522    0.028564   -0.003896  
     -4.195951  3.715882  5.838651     0.030451   -0.007515    0.016290  
     -4.142312  0.755782  5.906023    -0.014015    0.008143   -0.017553  
      4.456348  5.276942  4.098732     0.017499   -0.030661   -0.004388  
     -0.434695  0.755782  9.034013     0.014023    0.008142    0.017552  
      0.534927  5.276942  0.932312    -0.017512   -0.030671    0.004397  
     -5.357135  2.249107  7.858822    -0.016017   -0.013435    0.003575  
      5.591648  3.718102  2.065344     0.040062   -0.002006    0.012583  
      0.780128  2.249107  7.081214     0.016013   -0.013423   -0.003568  
     -0.600373  3.718102  2.965700    -0.040078   -0.002011   -0.012596  
     -0.584070  0.753413  2.941938     0.029622   -0.000203    0.002936  
      0.762384  5.187597  7.091402    -0.014177    0.014659   -0.001097  
      5.575345  0.753413  2.089107    -0.029619   -0.000197   -0.002942  
     -5.339391  5.187597  7.848634     0.014196    0.014649    0.001106  
      3.936596  2.205034  0.451134     0.018738    0.003258    0.015105  
     -3.610877  3.710940  9.477450     0.032868   -0.010207    0.011649  
      1.054679  2.205034  4.579910    -0.018733    0.003264   -0.015097  
     -0.966130  3.710940  5.462586    -0.032852   -0.010207   -0.011657  
     -0.985568  0.756560  5.481490    -0.007623   -0.003386   -0.010307  
      1.064814  5.231939  4.591173    -0.008677   -0.016824   -0.005846  
     -3.591439  0.756560  9.458547     0.007632   -0.003378    0.010298  
      3.926461  5.231939  0.439871     0.008682   -0.016828    0.005851  
     -2.288504  2.009897  7.470018     0.000001    0.016162   -0.000002  
 
 131 f  =    5.353731 THz    33.638486 2PiTHz  178.581254 cm-1    22.141244 meV
             X         Y         Z           dx          dy          dz
      2.495638  0.754101  2.515522    -0.000818    0.000000    0.001598  
     -2.288504  5.057401  7.470018    -0.002035   -0.000000    0.006310  
     -0.811180  0.753328  1.006346     0.001117    0.003467   -0.008754  
      0.967554  5.208194  8.989727    -0.003865   -0.001365    0.017264  
      5.802455  0.753328  4.024698     0.001137   -0.003468   -0.008728  
     -5.544561  5.208194  5.950309    -0.003897    0.001367    0.017249  
     -5.528641  2.227715  5.962511     0.001038   -0.003805    0.019969  
      5.735997  3.717866  3.963892    -0.035621   -0.002163   -0.025108  
      0.951634  2.227715  8.977526     0.001063    0.003807    0.019984  
     -0.744722  3.717866  1.067153    -0.035645    0.002162   -0.025124  
     -0.893494  2.231301  4.162213     0.008755    0.013261   -0.024392  
      1.080252  3.714951  5.859232     0.002715   -0.012049    0.014441  
      5.884769  2.231301  0.868832     0.008725   -0.013267   -0.024384  
     -5.657260  3.714951  9.080805     0.002743    0.012051    0.014414  
     -5.622992  0.751199  9.034813     0.004775    0.010803    0.010043  
      5.872018  5.211349  0.883773     0.009640   -0.008807   -0.022273  
      1.045985  0.751199  5.905223     0.004757   -0.010798    0.010074  
     -0.880743  5.211349  4.147272     0.009674    0.008806   -0.022281  
     -2.769217  2.226426  3.943002    -0.002998    0.004478   -0.012929  
      3.011632  3.713986  5.983550    -0.008658   -0.004212    0.044968  
      7.760492  2.226426  1.088042    -0.003020   -0.004483   -0.012963  
     -7.588639  3.713986  8.956487    -0.008616    0.004207    0.044962  
     -7.576192  0.750830  8.935375    -0.003975    0.002559    0.066814  
      7.754048  5.219232  1.061863     0.000181    0.002848   -0.029554  
      2.999184  0.750830  6.004661    -0.004005   -0.002550    0.066849  
     -2.762772  5.219232  3.969182     0.000207   -0.002845   -0.029515  
      0.545699  2.153908  0.921023    -0.017092    0.019495    0.008712  
     -0.381056  3.715882  9.101385    -0.017041   -0.005324   -0.016992  
      4.445577  2.153908  4.110021    -0.017089   -0.019505    0.008710  
     -4.195951  3.715882  5.838651    -0.017065    0.005325   -0.016994  
     -4.142312  0.755782  5.906023     0.007075   -0.000475   -0.002149  
      4.456348  5.276942  4.098732    -0.019837    0.012067    0.005136  
     -0.434695  0.755782  9.034013     0.007090    0.000480   -0.002157  
      0.534927  5.276942  0.932312    -0.019847   -0.012061    0.005139  
     -5.357135  2.249107  7.858822     0.007470    0.012308    0.014152  
      5.591648  3.718102  2.065344    -0.001202   -0.010567   -0.026390  
      0.780128  2.249107  7.081214     0.007423   -0.012301    0.014170  
     -0.600373  3.718102  2.965700    -0.001203    0.010562   -0.026401  
     -0.584070  0.753413  2.941938     0.015430    0.009394   -0.017404  
      0.762384  5.187597  7.091402     0.009142   -0.007773    0.011294  
      5.575345  0.753413  2.089107     0.015422   -0.009396   -0.017391  
     -5.339391  5.187597  7.848634     0.009157    0.007773    0.011275  
      3.936596  2.205034  0.451134     0.018755    0.000224    0.012282  
     -3.610877  3.710940  9.477450     0.023328   -0.006992   -0.015066  
      1.054679  2.205034  4.579910     0.018767   -0.000224    0.012304  
     -0.966130  3.710940  5.462586     0.023356    0.006993   -0.015064  
     -0.985568  0.756560  5.481490     0.023800    0.002188   -0.018747  
      1.064814  5.231939  4.591173     0.016801   -0.003445    0.009312  
     -3.591439  0.756560  9.458547     0.023772   -0.002193   -0.018748  
      3.926461  5.231939  0.439871     0.016781    0.003447    0.009287  
     -2.288504  2.009897  7.470018     0.002493    0.000001   -0.011186  
 
 132 f  =    5.270903 THz    33.118057 2PiTHz  175.818384 cm-1    21.798692 meV
             X         Y         Z           dx          dy          dz
      2.495638  0.754101  2.515522    -0.000001   -0.000290   -0.000001  
     -2.288504  5.057401  7.470018     0.000003   -0.002018   -0.000004  
     -0.811180  0.753328  1.006346    -0.005684   -0.000287   -0.012799  
      0.967554  5.208194  8.989727     0.028250   -0.000400    0.013761  
      5.802455  0.753328  4.024698     0.005689   -0.000277    0.012814  
     -5.544561  5.208194  5.950309    -0.028252   -0.000406   -0.013783  
     -5.528641  2.227715  5.962511    -0.020444    0.000159   -0.013210  
      5.735997  3.717866  3.963892     0.026958    0.000551    0.019200  
      0.951634  2.227715  8.977526     0.020435    0.000158    0.013182  
     -0.744722  3.717866  1.067153    -0.026913    0.000542   -0.019169  
     -0.893494  2.231301  4.162213     0.025616    0.000094   -0.013599  
      1.080252  3.714951  5.859232    -0.022952   -0.000358    0.030265  
      5.884769  2.231301  0.868832    -0.025620    0.000094    0.013626  
     -5.657260  3.714951  9.080805     0.022941   -0.000356   -0.030283  
     -5.622992  0.751199  9.034813     0.018081    0.001561   -0.016310  
      5.872018  5.211349  0.883773    -0.026499   -0.000100    0.013020  
      1.045985  0.751199  5.905223    -0.018088    0.001558    0.016298  
     -0.880743  5.211349  4.147272     0.026496   -0.000095   -0.012992  
     -2.769217  2.226426  3.943002     0.018407   -0.007095    0.014908  
      3.011632  3.713986  5.983550    -0.028754   -0.004427    0.019494  
      7.760492  2.226426  1.088042    -0.018401   -0.007103   -0.014882  
     -7.588639  3.713986  8.956487     0.028753   -0.004425   -0.019554  
     -7.576192  0.750830  8.935375     0.027518    0.004388   -0.002593  
      7.754048  5.219232  1.061863    -0.018507    0.006763   -0.014531  
      2.999184  0.750830  6.004661    -0.027516    0.004382    0.002511  
     -2.762772  5.219232  3.969182     0.018517    0.006776    0.014573  
      0.545699  2.153908  0.921023    -0.005141    0.005236    0.002022  
     -0.381056  3.715882  9.101385     0.012828    0.001431   -0.004221  
      4.445577  2.153908  4.110021     0.005160    0.005254   -0.002033  
     -4.195951  3.715882  5.838651    -0.012818    0.001429    0.004242  
     -4.142312  0.755782  5.906023    -0.014670   -0.000966   -0.002419  
      4.456348  5.276942  4.098732     0.002973   -0.003866   -0.002367  
     -0.434695  0.755782  9.034013     0.014656   -0.000972    0.002423  
      0.534927  5.276942  0.932312    -0.002939   -0.003851    0.002357  
     -5.357135  2.249107  7.858822     0.034266   -0.004050   -0.017018  
      5.591648  3.718102  2.065344    -0.002676   -0.000342    0.016363  
      0.780128  2.249107  7.081214    -0.034284   -0.004050    0.016999  
     -0.600373  3.718102  2.965700     0.002691   -0.000343   -0.016329  
     -0.584070  0.753413  2.941938     0.024770    0.000310   -0.010882  
      0.762384  5.187597  7.091402    -0.011501    0.004690    0.016239  
      5.575345  0.753413  2.089107    -0.024775    0.000311    0.010905  
     -5.339391  5.187597  7.848634     0.011476    0.004694   -0.016253  
      3.936596  2.205034  0.451134    -0.009928    0.005070   -0.020096  
     -3.610877  3.710940  9.477450    -0.014883    0.003025    0.004943  
      1.054679  2.205034  4.579910     0.009908    0.005067    0.020079  
     -0.966130  3.710940  5.462586     0.014857    0.003020   -0.004923  
     -0.985568  0.756560  5.481490     0.023503   -0.002264   -0.005262  
      1.064814  5.231939  4.591173     0.010702   -0.003084    0.019438  
     -3.591439  0.756560  9.458547    -0.023533   -0.002269    0.005282  
      3.926461  5.231939  0.439871    -0.010717   -0.003081   -0.019448  
     -2.288504  2.009897  7.470018    -0.000000    0.004925    0.000006  
 
 133 f  =    5.009407 THz    31.475031 2PiTHz  167.095822 cm-1    20.717232 meV
             X         Y         Z           dx          dy          dz
      2.495638  0.754101  2.515522    -0.000918    0.000000    0.004717  
     -2.288504  5.057401  7.470018    -0.000225   -0.000001   -0.001104  
     -0.811180  0.753328  1.006346    -0.001782   -0.019467    0.005428  
      0.967554  5.208194  8.989727     0.008967    0.011345    0.002781  
      5.802455  0.753328  4.024698    -0.001790    0.019471    0.005418  
     -5.544561  5.208194  5.950309     0.008986   -0.011334    0.002789  
     -5.528641  2.227715  5.962511    -0.009497   -0.010717   -0.012668  
      5.735997  3.717866  3.963892    -0.003793    0.019438    0.004371  
      0.951634  2.227715  8.977526    -0.009503    0.010727   -0.012672  
     -0.744722  3.717866  1.067153    -0.003797   -0.019437    0.004372  
     -0.893494  2.231301  4.162213    -0.009120    0.024748    0.009115  
      1.080252  3.714951  5.859232     0.004940   -0.033327   -0.011329  
      5.884769  2.231301  0.868832    -0.009108   -0.024755    0.009106  
     -5.657260  3.714951  9.080805     0.004931    0.033326   -0.011325  
     -5.622992  0.751199  9.034813     0.007572    0.037884   -0.008773  
      5.872018  5.211349  0.883773     0.002625   -0.026396    0.004842  
      1.045985  0.751199  5.905223     0.007577   -0.037886   -0.008783  
     -0.880743  5.211349  4.147272     0.002615    0.026387    0.004847  
     -2.769217  2.226426  3.943002    -0.013646    0.031167    0.005054  
      3.011632  3.713986  5.983550    -0.002030   -0.018745   -0.012694  
      7.760492  2.226426  1.088042    -0.013635   -0.031166    0.005058  
     -7.588639  3.713986  8.956487    -0.002049    0.018755   -0.012701  
     -7.576192  0.750830  8.935375     0.001839    0.016636   -0.009970  
      7.754048  5.219232  1.061863     0.007631   -0.031630    0.032319  
      2.999184  0.750830  6.004661     0.001849   -0.016630   -0.009976  
     -2.762772  5.219232  3.969182     0.007624    0.031631    0.032318  
      0.545699  2.153908  0.921023    -0.028787    0.017777   -0.002445  
     -0.381056  3.715882  9.101385    -0.005626    0.008359    0.002759  
      4.445577  2.153908  4.110021    -0.028799   -0.017771   -0.002442  
     -4.195951  3.715882  5.838651    -0.005613   -0.008359    0.002763  
     -4.142312  0.755782  5.906023     0.000917    0.023789   -0.000305  
      4.456348  5.276942  4.098732     0.023798   -0.014591   -0.000764  
     -0.434695  0.755782  9.034013     0.000914   -0.023777   -0.000302  
      0.534927  5.276942  0.932312     0.023788    0.014581   -0.000765  
     -5.357135  2.249107  7.858822     0.004813    0.028277   -0.011578  
      5.591648  3.718102  2.065344    -0.011609   -0.010401    0.005712  
      0.780128  2.249107  7.081214     0.004821   -0.028277   -0.011584  
     -0.600373  3.718102  2.965700    -0.011629    0.010393    0.005715  
     -0.584070  0.753413  2.941938    -0.007957    0.018794    0.006572  
      0.762384  5.187597  7.091402     0.018117   -0.028182   -0.006587  
      5.575345  0.753413  2.089107    -0.007950   -0.018799    0.006565  
     -5.339391  5.187597  7.848634     0.018122    0.028189   -0.006582  
      3.936596  2.205034  0.451134    -0.015856    0.015820   -0.014947  
     -3.610877  3.710940  9.477450     0.008448   -0.004686    0.009864  
      1.054679  2.205034  4.579910    -0.015870   -0.015827   -0.014958  
     -0.966130  3.710940  5.462586     0.008434    0.004675    0.009866  
     -0.985568  0.756560  5.481490     0.007936    0.012097    0.007500  
      1.064814  5.231939  4.591173     0.016179   -0.017070   -0.005579  
     -3.591439  0.756560  9.458547     0.007945   -0.012103    0.007497  
      3.926461  5.231939  0.439871     0.016177    0.017061   -0.005575  
     -2.288504  2.009897  7.470018     0.005562    0.000001    0.003268  
 
 134 f  =    4.624212 THz    29.054782 2PiTHz  154.247115 cm-1    19.124196 meV
             X         Y         Z           dx          dy          dz
      2.495638  0.754101  2.515522    -0.006552   -0.000000   -0.008905  
     -2.288504  5.057401  7.470018     0.004699   -0.000000    0.004554  
     -0.811180  0.753328  1.006346     0.015805   -0.008024   -0.002087  
      0.967554  5.208194  8.989727    -0.008401    0.003033    0.004124  
      5.802455  0.753328  4.024698     0.015799    0.008027   -0.002094  
     -5.544561  5.208194  5.950309    -0.008388   -0.003034    0.004130  
     -5.528641  2.227715  5.962511    -0.015755   -0.000258   -0.002757  
      5.735997  3.717866  3.963892     0.029581    0.008045    0.005349  
      0.951634  2.227715  8.977526    -0.015761    0.000257   -0.002764  
     -0.744722  3.717866  1.067153     0.029591   -0.008043    0.005355  
     -0.893494  2.231301  4.162213     0.013786    0.004224   -0.010459  
      1.080252  3.714951  5.859232    -0.023760   -0.008720    0.018251  
      5.884769  2.231301  0.868832     0.013792   -0.004220   -0.010451  
     -5.657260  3.714951  9.080805    -0.023762    0.008718    0.018256  
     -5.622992  0.751199  9.034813    -0.021419    0.010994    0.014626  
      5.872018  5.211349  0.883773     0.017102   -0.003892   -0.011935  
      1.045985  0.751199  5.905223    -0.021418   -0.010998    0.014617  
     -0.880743  5.211349  4.147272     0.017095    0.003893   -0.011940  
     -2.769217  2.226426  3.943002     0.014788    0.012483   -0.025855  
      3.011632  3.713986  5.983550    -0.014750   -0.004108    0.002706  
      7.760492  2.226426  1.088042     0.014793   -0.012479   -0.025823  
     -7.588639  3.713986  8.956487    -0.014761    0.004110    0.002702  
     -7.576192  0.750830  8.935375    -0.009407    0.003259   -0.012521  
      7.754048  5.219232  1.061863     0.020994   -0.009230   -0.016472  
      2.999184  0.750830  6.004661    -0.009398   -0.003264   -0.012523  
     -2.762772  5.219232  3.969182     0.020989    0.009232   -0.016504  
      0.545699  2.153908  0.921023     0.011395   -0.004226   -0.002120  
     -0.381056  3.715882  9.101385    -0.000070    0.002227    0.011382  
      4.445577  2.153908  4.110021     0.011391    0.004228   -0.002114  
     -4.195951  3.715882  5.838651    -0.000060   -0.002228    0.011383  
     -4.142312  0.755782  5.906023    -0.005765    0.008857    0.005017  
      4.456348  5.276942  4.098732     0.032736   -0.013770   -0.001723  
     -0.434695  0.755782  9.034013    -0.005773   -0.008856    0.005020  
      0.534927  5.276942  0.932312     0.032739    0.013771   -0.001728  
     -5.357135  2.249107  7.858822    -0.061934    0.007236    0.009841  
      5.591648  3.718102  2.065344     0.048636    0.001138   -0.004028  
      0.780128  2.249107  7.081214    -0.061926   -0.007241    0.009835  
     -0.600373  3.718102  2.965700     0.048663   -0.001136   -0.004028  
     -0.584070  0.753413  2.941938     0.031814    0.002313   -0.008417  
      0.762384  5.187597  7.091402    -0.047266   -0.008990    0.012780  
      5.575345  0.753413  2.089107     0.031797   -0.002310   -0.008417  
     -5.339391  5.187597  7.848634    -0.047257    0.008989    0.012786  
      3.936596  2.205034  0.451134    -0.008398    0.005094    0.014205  
     -3.610877  3.710940  9.477450    -0.016432   -0.000168   -0.017947  
      1.054679  2.205034  4.579910    -0.008402   -0.005095    0.014199  
     -0.966130  3.710940  5.462586    -0.016450    0.000168   -0.017962  
     -0.985568  0.756560  5.481490    -0.019704    0.001119   -0.021722  
      1.064814  5.231939  4.591173     0.005547   -0.006821    0.019818  
     -3.591439  0.756560  9.458547    -0.019687   -0.001116   -0.021710  
      3.926461  5.231939  0.439871     0.005550    0.006819    0.019823  
     -2.288504  2.009897  7.470018     0.008623   -0.000000    0.006866  
 
 135 f  =    4.239374 THz    26.636770 2PiTHz  141.410280 cm-1    17.532632 meV
             X         Y         Z           dx          dy          dz
      2.495638  0.754101  2.515522     0.000000   -0.000355    0.000002  
     -2.288504  5.057401  7.470018     0.000000    0.001205   -0.000000  
     -0.811180  0.753328  1.006346    -0.001819    0.034080   -0.001160  
      0.967554  5.208194  8.989727    -0.000846   -0.006373   -0.001881  
      5.802455  0.753328  4.024698     0.001817    0.034078    0.001159  
     -5.544561  5.208194  5.950309     0.000845   -0.006374    0.001881  
     -5.528641  2.227715  5.962511     0.002975   -0.005968    0.001442  
      5.735997  3.717866  3.963892    -0.003939    0.034190   -0.003225  
      0.951634  2.227715  8.977526    -0.002974   -0.005968   -0.001441  
     -0.744722  3.717866  1.067153     0.003934    0.034192    0.003224  
     -0.893494  2.231301  4.162213    -0.000284    0.010682   -0.002064  
      1.080252  3.714951  5.859232    -0.003439   -0.043098    0.001392  
      5.884769  2.231301  0.868832     0.000284    0.010679    0.002065  
     -5.657260  3.714951  9.080805     0.003441   -0.043100   -0.001394  
     -5.622992  0.751199  9.034813    -0.000105   -0.041855   -0.001775  
      5.872018  5.211349  0.883773    -0.000905    0.011994    0.001816  
      1.045985  0.751199  5.905223     0.000108   -0.041853    0.001773  
     -0.880743  5.211349  4.147272     0.000905    0.011997   -0.001816  
     -2.769217  2.226426  3.943002    -0.000894    0.032684   -0.007923  
      3.011632  3.713986  5.983550    -0.002304   -0.018536    0.006043  
      7.760492  2.226426  1.088042     0.000892    0.032684    0.007930  
     -7.588639  3.713986  8.956487     0.002303   -0.018535   -0.006042  
     -7.576192  0.750830  8.935375    -0.003802   -0.012776   -0.008527  
      7.754048  5.219232  1.061863    -0.001887    0.031252    0.006875  
      2.999184  0.750830  6.004661     0.003802   -0.012775    0.008532  
     -2.762772  5.219232  3.969182     0.001886    0.031248   -0.006873  
      0.545699  2.153908  0.921023     0.004800    0.018393   -0.002501  
     -0.381056  3.715882  9.101385     0.002123    0.015253    0.003729  
      4.445577  2.153908  4.110021    -0.004803    0.018392    0.002501  
     -4.195951  3.715882  5.838651    -0.002126    0.015253   -0.003731  
     -4.142312  0.755782  5.906023     0.008196    0.021898    0.000847  
      4.456348  5.276942  4.098732     0.002513    0.025099    0.001946  
     -0.434695  0.755782  9.034013    -0.008196    0.021899   -0.000849  
      0.534927  5.276942  0.932312    -0.002518    0.025097   -0.001946  
     -5.357135  2.249107  7.858822     0.011407   -0.035488    0.000301  
      5.591648  3.718102  2.065344    -0.008850    0.018951   -0.001710  
      0.780128  2.249107  7.081214    -0.011401   -0.035487   -0.000302  
     -0.600373  3.718102  2.965700     0.008849    0.018953    0.001709  
     -0.584070  0.753413  2.941938     0.005102    0.018752   -0.001598  
      0.762384  5.187597  7.091402    -0.007325   -0.035903    0.000154  
      5.575345  0.753413  2.089107    -0.005104    0.018748    0.001599  
     -5.339391  5.187597  7.848634     0.007332   -0.035905   -0.000156  
      3.936596  2.205034  0.451134     0.001541   -0.022160   -0.001423  
     -3.610877  3.710940  9.477450     0.003975   -0.008435    0.000627  
      1.054679  2.205034  4.579910    -0.001538   -0.022159    0.001422  
     -0.966130  3.710940  5.462586    -0.003969   -0.008432   -0.000625  
     -0.985568  0.756560  5.481490    -0.002320   -0.006386   -0.006764  
      1.064814  5.231939  4.591173     0.003089   -0.024672    0.002984  
     -3.591439  0.756560  9.458547     0.002324   -0.006388    0.006767  
      3.926461  5.231939  0.439871    -0.003088   -0.024674   -0.002986  
     -2.288504  2.009897  7.470018    -0.000000   -0.001944   -0.000002  
 
 136 f  =    4.093836 THz    25.722328 2PiTHz  136.555660 cm-1    16.930736 meV
             X         Y         Z           dx          dy          dz
      2.495638  0.754101  2.515522     0.000007   -0.000383   -0.000001  
     -2.288504  5.057401  7.470018    -0.000003    0.000517    0.000002  
     -0.811180  0.753328  1.006346     0.005149   -0.006904    0.008288  
      0.967554  5.208194  8.989727    -0.014143   -0.005655   -0.010874  
      5.802455  0.753328  4.024698    -0.005156   -0.006901   -0.008290  
     -5.544561  5.208194  5.950309     0.014153   -0.005653    0.010876  
     -5.528641  2.227715  5.962511     0.018044   -0.006130    0.012368  
      5.735997  3.717866  3.963892    -0.010749   -0.006533   -0.007063  
      0.951634  2.227715  8.977526    -0.018030   -0.006131   -0.012363  
     -0.744722  3.717866  1.067153     0.010740   -0.006537    0.007057  
     -0.893494  2.231301  4.162213    -0.000206    0.005603   -0.014086  
      1.080252  3.714951  5.859232    -0.007576    0.007754    0.006926  
      5.884769  2.231301  0.868832     0.000192    0.005603    0.014088  
     -5.657260  3.714951  9.080805     0.007582    0.007755   -0.006928  
     -5.622992  0.751199  9.034813     0.007986    0.007242   -0.006860  
      5.872018  5.211349  0.883773    -0.000137    0.005287    0.015197  
      1.045985  0.751199  5.905223    -0.007981    0.007240    0.006861  
     -0.880743  5.211349  4.147272     0.000124    0.005289   -0.015195  
     -2.769217  2.226426  3.943002    -0.001810   -0.005190   -0.043700  
      3.011632  3.713986  5.983550     0.011911   -0.003464    0.039863  
      7.760492  2.226426  1.088042     0.001797   -0.005193    0.043680  
     -7.588639  3.713986  8.956487    -0.011896   -0.003467   -0.039862  
     -7.576192  0.750830  8.935375    -0.011397   -0.002442   -0.046067  
      7.754048  5.219232  1.061863     0.000973   -0.002424    0.052198  
      2.999184  0.750830  6.004661     0.011412   -0.002441    0.046090  
     -2.762772  5.219232  3.969182    -0.000984   -0.002421   -0.052218  
      0.545699  2.153908  0.921023     0.008219   -0.012527   -0.013511  
     -0.381056  3.715882  9.101385    -0.015152   -0.005407    0.008645  
      4.445577  2.153908  4.110021    -0.008227   -0.012528    0.013516  
     -4.195951  3.715882  5.838651     0.015164   -0.005405   -0.008651  
     -4.142312  0.755782  5.906023     0.016867   -0.011354   -0.011462  
      4.456348  5.276942  4.098732    -0.008135   -0.003477    0.011200  
     -0.434695  0.755782  9.034013    -0.016856   -0.011350    0.011461  
      0.534927  5.276942  0.932312     0.008127   -0.003482   -0.011199  
     -5.357135  2.249107  7.858822     0.065024    0.005399    0.001362  
      5.591648  3.718102  2.065344    -0.047554    0.001260    0.002895  
      0.780128  2.249107  7.081214    -0.064992    0.005395   -0.001358  
     -0.600373  3.718102  2.965700     0.047532    0.001260   -0.002899  
     -0.584070  0.753413  2.941938     0.038614    0.003031   -0.003198  
      0.762384  5.187597  7.091402    -0.051146    0.002787   -0.000757  
      5.575345  0.753413  2.089107    -0.038629    0.003030    0.003197  
     -5.339391  5.187597  7.848634     0.051163    0.002788    0.000760  
      3.936596  2.205034  0.451134    -0.004051    0.008038   -0.011628  
     -3.610877  3.710940  9.477450     0.026761    0.010316    0.030684  
      1.054679  2.205034  4.579910     0.004040    0.008039    0.011624  
     -0.966130  3.710940  5.462586    -0.026775    0.010315   -0.030686  
     -0.985568  0.756560  5.481490    -0.022063    0.004385   -0.027176  
      1.064814  5.231939  4.591173     0.005518    0.007844    0.010832  
     -3.591439  0.756560  9.458547     0.022047    0.004381    0.027175  
      3.926461  5.231939  0.439871    -0.005529    0.007843   -0.010835  
     -2.288504  2.009897  7.470018    -0.000001    0.002671    0.000007  
 
 137 f  =    3.703406 THz    23.269185 2PiTHz  123.532321 cm-1    15.316049 meV
             X         Y         Z           dx          dy          dz
      2.495638  0.754101  2.515522     0.027443    0.000000   -0.021955  
     -2.288504  5.057401  7.470018    -0.019873   -0.000001    0.014722  
     -0.811180  0.753328  1.006346    -0.002280   -0.007332   -0.004964  
      0.967554  5.208194  8.989727     0.017874   -0.003012    0.004482  
      5.802455  0.753328  4.024698    -0.002280    0.007337   -0.004965  
     -5.544561  5.208194  5.950309     0.017860    0.003017    0.004471  
     -5.528641  2.227715  5.962511     0.019818    0.004587    0.004025  
      5.735997  3.717866  3.963892     0.004576    0.008138   -0.000734  
      0.951634  2.227715  8.977526     0.019832   -0.004583    0.004037  
     -0.744722  3.717866  1.067153     0.004574   -0.008133   -0.000732  
     -0.893494  2.231301  4.162213    -0.017381   -0.003087    0.004560  
      1.080252  3.714951  5.859232     0.000519   -0.007392    0.007662  
      5.884769  2.231301  0.868832    -0.017380    0.003084    0.004553  
     -5.657260  3.714951  9.080805     0.000524    0.007386    0.007660  
     -5.622992  0.751199  9.034813     0.000699    0.010217    0.007168  
      5.872018  5.211349  0.883773    -0.015670    0.002182    0.001787  
      1.045985  0.751199  5.905223     0.000694   -0.010223    0.007170  
     -0.880743  5.211349  4.147272    -0.015671   -0.002185    0.001795  
     -2.769217  2.226426  3.943002    -0.013083    0.009265   -0.053065  
      3.011632  3.713986  5.983550     0.027181    0.002366    0.013600  
      7.760492  2.226426  1.088042    -0.013082   -0.009262   -0.053084  
     -7.588639  3.713986  8.956487     0.027195   -0.002364    0.013618  
     -7.576192  0.750830  8.935375     0.034604   -0.000483    0.010687  
      7.754048  5.219232  1.061863    -0.010563   -0.005242   -0.049663  
      2.999184  0.750830  6.004661     0.034589    0.000487    0.010672  
     -2.762772  5.219232  3.969182    -0.010564    0.005244   -0.049638  
      0.545699  2.153908  0.921023    -0.001496   -0.009618    0.006077  
     -0.381056  3.715882  9.101385     0.027966   -0.007685    0.002959  
      4.445577  2.153908  4.110021    -0.001498    0.009626    0.006065  
     -4.195951  3.715882  5.838651     0.027952    0.007692    0.002954  
     -4.142312  0.755782  5.906023     0.019027    0.004674    0.000109  
      4.456348  5.276942  4.098732     0.008426   -0.006801    0.002246  
     -0.434695  0.755782  9.034013     0.019040   -0.004667    0.000111  
      0.534927  5.276942  0.932312     0.008427    0.006807    0.002256  
     -5.357135  2.249107  7.858822     0.015315    0.006181    0.014112  
      5.591648  3.718102  2.065344    -0.018589    0.004704   -0.002670  
      0.780128  2.249107  7.081214     0.015334   -0.006184    0.014119  
     -0.600373  3.718102  2.965700    -0.018607   -0.004705   -0.002667  
     -0.584070  0.753413  2.941938    -0.020604   -0.003495   -0.004587  
      0.762384  5.187597  7.091402     0.007148   -0.009830    0.015504  
      5.575345  0.753413  2.089107    -0.020589    0.003493   -0.004591  
     -5.339391  5.187597  7.848634     0.007132    0.009827    0.015499  
      3.936596  2.205034  0.451134    -0.026986    0.005718    0.000071  
     -3.610877  3.710940  9.477450    -0.040045    0.004500   -0.006718  
      1.054679  2.205034  4.579910    -0.026989   -0.005725    0.000072  
     -0.966130  3.710940  5.462586    -0.040033   -0.004505   -0.006705  
     -0.985568  0.756560  5.481490    -0.051528   -0.003861   -0.013982  
      1.064814  5.231939  4.591173    -0.016941   -0.008522    0.004933  
     -3.591439  0.756560  9.458547    -0.051539    0.003859   -0.013995  
      3.926461  5.231939  0.439871    -0.016940    0.008514    0.004932  
     -2.288504  2.009897  7.470018    -0.007220   -0.000002    0.039002  
 
 138 f  =    3.440450 THz    21.616982 2PiTHz  114.761044 cm-1    14.228550 meV
             X         Y         Z           dx          dy          dz
      2.495638  0.754101  2.515522    -0.000001    0.001187    0.000001  
     -2.288504  5.057401  7.470018    -0.000002   -0.002030    0.000000  
     -0.811180  0.753328  1.006346     0.001177   -0.004299   -0.001718  
      0.967554  5.208194  8.989727    -0.002555   -0.033431   -0.000657  
      5.802455  0.753328  4.024698    -0.001176   -0.004298    0.001716  
     -5.544561  5.208194  5.950309     0.002559   -0.033432    0.000659  
     -5.528641  2.227715  5.962511    -0.008868   -0.031833   -0.001792  
      5.735997  3.717866  3.963892     0.004744   -0.005788    0.003428  
      0.951634  2.227715  8.977526     0.008869   -0.031832    0.001792  
     -0.744722  3.717866  1.067153    -0.004742   -0.005786   -0.003428  
     -0.893494  2.231301  4.162213    -0.004496    0.036486    0.005051  
      1.080252  3.714951  5.859232    -0.000201    0.006182   -0.001948  
      5.884769  2.231301  0.868832     0.004498    0.036496   -0.005050  
     -5.657260  3.714951  9.080805     0.000204    0.006198    0.001950  
     -5.622992  0.751199  9.034813     0.001030    0.004637    0.002248  
      5.872018  5.211349  0.883773    -0.002608    0.036969    0.000346  
      1.045985  0.751199  5.905223    -0.001026    0.004621   -0.002249  
     -0.880743  5.211349  4.147272     0.002610    0.036958   -0.000346  
     -2.769217  2.226426  3.943002    -0.011316    0.013819    0.008311  
      3.011632  3.713986  5.983550    -0.001819   -0.025041   -0.005506  
      7.760492  2.226426  1.088042     0.011318    0.013821   -0.008315  
     -7.588639  3.713986  8.956487     0.001821   -0.025036    0.005509  
     -7.576192  0.750830  8.935375     0.003290   -0.027557    0.008031  
      7.754048  5.219232  1.061863    -0.009935    0.016868   -0.007433  
      2.999184  0.750830  6.004661    -0.003287   -0.027560   -0.008032  
     -2.762772  5.219232  3.969182     0.009937    0.016864    0.007437  
      0.545699  2.153908  0.921023     0.025292   -0.037186   -0.007997  
     -0.381056  3.715882  9.101385     0.001125   -0.033518   -0.008253  
      4.445577  2.153908  4.110021    -0.025298   -0.037190    0.007996  
     -4.195951  3.715882  5.838651    -0.001124   -0.033521    0.008253  
     -4.142312  0.755782  5.906023    -0.005602   -0.022747    0.000448  
      4.456348  5.276942  4.098732     0.028044   -0.042236   -0.010832  
     -0.434695  0.755782  9.034013     0.005605   -0.022754   -0.000449  
      0.534927  5.276942  0.932312    -0.028038   -0.042230    0.010836  
     -5.357135  2.249107  7.858822    -0.010796   -0.004623    0.003867  
      5.591648  3.718102  2.065344     0.013793    0.023534   -0.000297  
      0.780128  2.249107  7.081214     0.010800   -0.004637   -0.003867  
     -0.600373  3.718102  2.965700    -0.013794    0.023527    0.000298  
     -0.584070  0.753413  2.941938    -0.005351    0.029945    0.000301  
      0.762384  5.187597  7.091402     0.006748   -0.004266    0.001989  
      5.575345  0.753413  2.089107     0.005351    0.029952   -0.000302  
     -5.339391  5.187597  7.848634    -0.006741   -0.004254   -0.001989  
      3.936596  2.205034  0.451134     0.020708    0.018433    0.014388  
     -3.610877  3.710940  9.477450    -0.001659    0.024870   -0.001524  
      1.054679  2.205034  4.579910    -0.020710    0.018419   -0.014388  
     -0.966130  3.710940  5.462586     0.001661    0.024857    0.001527  
     -0.985568  0.756560  5.481490     0.001798    0.027399    0.007814  
      1.064814  5.231939  4.591173     0.012228    0.016680    0.006168  
     -3.591439  0.756560  9.458547    -0.001793    0.027412   -0.007816  
      3.926461  5.231939  0.439871    -0.012222    0.016696   -0.006167  
     -2.288504  2.009897  7.470018     0.000001   -0.002601    0.000000  
 
 139 f  =    3.249678 THz    20.418330 2PiTHz  108.397598 cm-1    13.439583 meV
             X         Y         Z           dx          dy          dz
      2.495638  0.754101  2.515522    -0.000103   -0.000000   -0.003216  
     -2.288504  5.057401  7.470018     0.002664    0.000000   -0.005581  
     -0.811180  0.753328  1.006346     0.000158   -0.026802    0.001490  
      0.967554  5.208194  8.989727     0.001234   -0.027558    0.002285  
      5.802455  0.753328  4.024698     0.000160    0.026800    0.001489  
     -5.544561  5.208194  5.950309     0.001236    0.027549    0.002284  
     -5.528641  2.227715  5.962511    -0.000585    0.025959    0.000504  
      5.735997  3.717866  3.963892    -0.001755    0.025833   -0.000163  
      0.951634  2.227715  8.977526    -0.000584   -0.025967    0.000504  
     -0.744722  3.717866  1.067153    -0.001757   -0.025836   -0.000163  
     -0.893494  2.231301  4.162213    -0.000450    0.029754    0.000194  
      1.080252  3.714951  5.859232     0.000878    0.026499    0.000627  
      5.884769  2.231301  0.868832    -0.000450   -0.029745    0.000190  
     -5.657260  3.714951  9.080805     0.000877   -0.026497    0.000629  
     -5.622992  0.751199  9.034813    -0.000513   -0.026601    0.001608  
      5.872018  5.211349  0.883773    -0.000581   -0.029975    0.000342  
      1.045985  0.751199  5.905223    -0.000511    0.026603    0.001607  
     -0.880743  5.211349  4.147272    -0.000580    0.029984    0.000343  
     -2.769217  2.226426  3.943002    -0.001185    0.027658   -0.002277  
      3.011632  3.713986  5.983550     0.000438    0.026249    0.002602  
      7.760492  2.226426  1.088042    -0.001183   -0.027653   -0.002281  
     -7.588639  3.713986  8.956487     0.000438   -0.026256    0.002606  
     -7.576192  0.750830  8.935375     0.001170   -0.025959    0.002543  
      7.754048  5.219232  1.061863     0.000093   -0.027036    0.001635  
      2.999184  0.750830  6.004661     0.001172    0.025951    0.002538  
     -2.762772  5.219232  3.969182     0.000095    0.027036    0.001639  
      0.545699  2.153908  0.921023    -0.002611   -0.023529    0.000395  
     -0.381056  3.715882  9.101385    -0.001674   -0.025614   -0.000619  
      4.445577  2.153908  4.110021    -0.002615    0.023521    0.000395  
     -4.195951  3.715882  5.838651    -0.001674    0.025603   -0.000616  
     -4.142312  0.755782  5.906023     0.002320    0.027523    0.002293  
      4.456348  5.276942  4.098732     0.001305    0.025296    0.002112  
     -0.434695  0.755782  9.034013     0.002320   -0.027530    0.002292  
      0.534927  5.276942  0.932312     0.001296   -0.025309    0.002114  
     -5.357135  2.249107  7.858822    -0.002032   -0.014871    0.002152  
      5.591648  3.718102  2.065344    -0.001415   -0.016831   -0.000696  
      0.780128  2.249107  7.081214    -0.002024    0.014870    0.002151  
     -0.600373  3.718102  2.965700    -0.001418    0.016836   -0.000695  
     -0.584070  0.753413  2.941938     0.000079    0.016455    0.001130  
      0.762384  5.187597  7.091402     0.001457    0.012329    0.000915  
      5.575345  0.753413  2.089107     0.000083   -0.016447    0.001130  
     -5.339391  5.187597  7.848634     0.001451   -0.012330    0.000915  
      3.936596  2.205034  0.451134    -0.001245   -0.031205    0.000578  
     -3.610877  3.710940  9.477450     0.000736   -0.031081   -0.003593  
      1.054679  2.205034  4.579910    -0.001249    0.031211    0.000574  
     -0.966130  3.710940  5.462586     0.000741    0.031086   -0.003591  
     -0.985568  0.756560  5.481490    -0.003015    0.030401    0.002665  
      1.064814  5.231939  4.591173     0.000120    0.031245    0.001090  
     -3.591439  0.756560  9.458547    -0.003016   -0.030394    0.002661  
      3.926461  5.231939  0.439871     0.000116   -0.031240    0.001089  
     -2.288504  2.009897  7.470018     0.003453   -0.000000    0.002728  
 
 140 f  =    2.920089 THz    18.347459 2PiTHz   97.403679 cm-1    12.076512 meV
             X         Y         Z           dx          dy          dz
      2.495638  0.754101  2.515522    -0.000001    0.000188    0.000004  
     -2.288504  5.057401  7.470018     0.000003   -0.000743   -0.000005  
     -0.811180  0.753328  1.006346     0.023508   -0.000009   -0.015565  
      0.967554  5.208194  8.989727     0.025589    0.001513   -0.015375  
      5.802455  0.753328  4.024698    -0.023506   -0.000002    0.015565  
     -5.544561  5.208194  5.950309    -0.025591    0.001522    0.015374  
     -5.528641  2.227715  5.962511    -0.024754    0.001102    0.015287  
      5.735997  3.717866  3.963892    -0.025196    0.000497    0.015153  
      0.951634  2.227715  8.977526     0.024754    0.001092   -0.015286  
     -0.744722  3.717866  1.067153     0.025195    0.000492   -0.015154  
     -0.893494  2.231301  4.162213    -0.021404   -0.001525   -0.013884  
      1.080252  3.714951  5.859232    -0.021666   -0.000400   -0.016341  
      5.884769  2.231301  0.868832     0.021406   -0.001520    0.013882  
     -5.657260  3.714951  9.080805     0.021667   -0.000394    0.016342  
     -5.622992  0.751199  9.034813     0.022069   -0.000090    0.015642  
      5.872018  5.211349  0.883773     0.022156   -0.001412    0.013324  
      1.045985  0.751199  5.905223    -0.022068   -0.000094   -0.015643  
     -0.880743  5.211349  4.147272    -0.022156   -0.001418   -0.013323  
     -2.769217  2.226426  3.943002    -0.023600   -0.000029    0.016190  
      3.011632  3.713986  5.983550    -0.026644    0.000945    0.013779  
      7.760492  2.226426  1.088042     0.023602   -0.000032   -0.016187  
     -7.588639  3.713986  8.956487     0.026642    0.000940   -0.013781  
     -7.576192  0.750830  8.935375     0.025831    0.001125   -0.013838  
      7.754048  5.219232  1.061863     0.024770   -0.001651   -0.015890  
      2.999184  0.750830  6.004661    -0.025832    0.001131    0.013839  
     -2.762772  5.219232  3.969182    -0.024772   -0.001651    0.015895  
      0.545699  2.153908  0.921023     0.023359    0.002591   -0.010884  
     -0.381056  3.715882  9.101385     0.026594    0.002829   -0.010885  
      4.445577  2.153908  4.110021    -0.023355    0.002601    0.010883  
     -4.195951  3.715882  5.838651    -0.026598    0.002841    0.010883  
     -4.142312  0.755782  5.906023    -0.025317   -0.000510    0.011171  
      4.456348  5.276942  4.098732    -0.027264    0.002081    0.011617  
     -0.434695  0.755782  9.034013     0.025317   -0.000521   -0.011170  
      0.534927  5.276942  0.932312     0.027261    0.002070   -0.011617  
     -5.357135  2.249107  7.858822     0.014738    0.000234    0.012832  
      5.591648  3.718102  2.065344     0.020420   -0.000657    0.011521  
      0.780128  2.249107  7.081214    -0.014732    0.000227   -0.012832  
     -0.600373  3.718102  2.965700    -0.020418   -0.000660   -0.011522  
     -0.584070  0.753413  2.941938    -0.017791   -0.001287   -0.012109  
      0.762384  5.187597  7.091402    -0.010898   -0.000120   -0.013840  
      5.575345  0.753413  2.089107     0.017790   -0.001281    0.012110  
     -5.339391  5.187597  7.848634     0.010901   -0.000115    0.013838  
      3.936596  2.205034  0.451134     0.016975   -0.000610    0.013418  
     -3.610877  3.710940  9.477450     0.013606   -0.001097    0.009070  
      1.054679  2.205034  4.579910    -0.016971   -0.000614   -0.013415  
     -0.966130  3.710940  5.462586    -0.013604   -0.001103   -0.009068  
     -0.985568  0.756560  5.481490    -0.014885   -0.001092   -0.010018  
      1.064814  5.231939  4.591173    -0.019625   -0.000446   -0.015152  
     -3.591439  0.756560  9.458547     0.014889   -0.001087    0.010019  
      3.926461  5.231939  0.439871     0.019622   -0.000443    0.015152  
     -2.288504  2.009897  7.470018     0.000001    0.000858   -0.000003  
 
 141 f  =    2.737132 THz    17.197905 2PiTHz   91.300881 cm-1    11.319861 meV
             X         Y         Z           dx          dy          dz
      2.495638  0.754101  2.515522     0.054168    0.000000   -0.002285  
     -2.288504  5.057401  7.470018     0.046172   -0.000000   -0.029676  
     -0.811180  0.753328  1.006346    -0.007227    0.003227    0.006560  
      0.967554  5.208194  8.989727    -0.008926    0.004471    0.007768  
      5.802455  0.753328  4.024698    -0.007228   -0.003227    0.006557  
     -5.544561  5.208194  5.950309    -0.008926   -0.004473    0.007764  
     -5.528641  2.227715  5.962511    -0.011763   -0.004122    0.005022  
      5.735997  3.717866  3.963892    -0.011630   -0.002794    0.003282  
      0.951634  2.227715  8.977526    -0.011761    0.004120    0.005026  
     -0.744722  3.717866  1.067153    -0.011630    0.002793    0.003285  
     -0.893494  2.231301  4.162213    -0.009423    0.000505   -0.000064  
      1.080252  3.714951  5.859232    -0.010415    0.000489    0.001894  
      5.884769  2.231301  0.868832    -0.009421   -0.000502   -0.000068  
     -5.657260  3.714951  9.080805    -0.010414   -0.000488    0.001892  
     -5.622992  0.751199  9.034813    -0.010049   -0.001043    0.001368  
      5.872018  5.211349  0.883773    -0.007414   -0.002005   -0.002657  
      1.045985  0.751199  5.905223    -0.010050    0.001044    0.001371  
     -0.880743  5.211349  4.147272    -0.007416    0.002008   -0.002654  
     -2.769217  2.226426  3.943002    -0.010599   -0.001106    0.003187  
      3.011632  3.713986  5.983550    -0.011290   -0.003057    0.005113  
      7.760492  2.226426  1.088042    -0.010597    0.001106    0.003187  
     -7.588639  3.713986  8.956487    -0.011290    0.003056    0.005117  
     -7.576192  0.750830  8.935375    -0.010128    0.003735    0.006152  
      7.754048  5.219232  1.061863    -0.007864    0.001305    0.006843  
      2.999184  0.750830  6.004661    -0.010129   -0.003737    0.006149  
     -2.762772  5.219232  3.969182    -0.007863   -0.001303    0.006843  
      0.545699  2.153908  0.921023    -0.011501    0.007194    0.005426  
     -0.381056  3.715882  9.101385    -0.010583    0.005135    0.004512  
      4.445577  2.153908  4.110021    -0.011505   -0.007198    0.005422  
     -4.195951  3.715882  5.838651    -0.010585   -0.005137    0.004509  
     -4.142312  0.755782  5.906023    -0.009607   -0.003586    0.004949  
      4.456348  5.276942  4.098732    -0.006660   -0.004541    0.005693  
     -0.434695  0.755782  9.034013    -0.009605    0.003584    0.004952  
      0.534927  5.276942  0.932312    -0.006662    0.004538    0.005698  
     -5.357135  2.249107  7.858822    -0.016076   -0.001272    0.003684  
      5.591648  3.718102  2.065344    -0.011045   -0.000454    0.001415  
      0.780128  2.249107  7.081214    -0.016073    0.001272    0.003687  
     -0.600373  3.718102  2.965700    -0.011049    0.000456    0.001419  
     -0.584070  0.753413  2.941938    -0.010839    0.002491    0.003145  
      0.762384  5.187597  7.091402    -0.015628    0.001483    0.004663  
      5.575345  0.753413  2.089107    -0.010837   -0.002488    0.003142  
     -5.339391  5.187597  7.848634    -0.015630   -0.001483    0.004659  
      3.936596  2.205034  0.451134    -0.009859   -0.000019    0.001293  
     -3.610877  3.710940  9.477450    -0.008179    0.002187   -0.000966  
      1.054679  2.205034  4.579910    -0.009864    0.000021    0.001293  
     -0.966130  3.710940  5.462586    -0.008181   -0.002186   -0.000963  
     -0.985568  0.756560  5.481490    -0.011363    0.002335    0.001289  
      1.064814  5.231939  4.591173    -0.007881    0.000661    0.002671  
     -3.591439  0.756560  9.458547    -0.011360   -0.002332    0.001284  
      3.926461  5.231939  0.439871    -0.007879   -0.000659    0.002668  
     -2.288504  2.009897  7.470018     0.011866   -0.000001   -0.007909  
 
 142 f  =    2.579072 THz    16.204784 2PiTHz   86.028566 cm-1    10.666178 meV
             X         Y         Z           dx          dy          dz
      2.495638  0.754101  2.515522    -0.032094    0.000002   -0.052033  
     -2.288504  5.057401  7.470018     0.012986   -0.000000   -0.037944  
     -0.811180  0.753328  1.006346    -0.005341   -0.006351    0.006666  
      0.967554  5.208194  8.989727     0.001228   -0.008657    0.008945  
      5.802455  0.753328  4.024698    -0.005341    0.006352    0.006659  
     -5.544561  5.208194  5.950309     0.001229    0.008658    0.008938  
     -5.528641  2.227715  5.962511     0.003771    0.008061    0.010246  
      5.735997  3.717866  3.963892    -0.002548    0.005797    0.008697  
      0.951634  2.227715  8.977526     0.003769   -0.008060    0.010252  
     -0.744722  3.717866  1.067153    -0.002548   -0.005796    0.008704  
     -0.893494  2.231301  4.162213     0.001208   -0.011334    0.008914  
      1.080252  3.714951  5.859232     0.005953   -0.011204    0.008689  
      5.884769  2.231301  0.868832     0.001209    0.011331    0.008908  
     -5.657260  3.714951  9.080805     0.005955    0.011203    0.008682  
     -5.622992  0.751199  9.034813     0.008170    0.009626    0.006838  
      5.872018  5.211349  0.883773     0.001755    0.011195    0.007179  
      1.045985  0.751199  5.905223     0.008169   -0.009628    0.006845  
     -0.880743  5.211349  4.147272     0.001753   -0.011197    0.007184  
     -2.769217  2.226426  3.943002     0.000035    0.001275    0.009878  
      3.011632  3.713986  5.983550     0.004383    0.004081    0.014018  
      7.760492  2.226426  1.088042     0.000035   -0.001276    0.009884  
     -7.588639  3.713986  8.956487     0.004382   -0.004080    0.014021  
     -7.576192  0.750830  8.935375     0.006291   -0.005977    0.020071  
      7.754048  5.219232  1.061863    -0.004248    0.000690    0.015025  
      2.999184  0.750830  6.004661     0.006293    0.005978    0.020072  
     -2.762772  5.219232  3.969182    -0.004249   -0.000691    0.015018  
      0.545699  2.153908  0.921023     0.001262   -0.013253    0.007490  
     -0.381056  3.715882  9.101385     0.001832   -0.009204    0.007375  
      4.445577  2.153908  4.110021     0.001263    0.013255    0.007483  
     -4.195951  3.715882  5.838651     0.001832    0.009208    0.007368  
     -4.142312  0.755782  5.906023     0.002622    0.010617    0.007952  
      4.456348  5.276942  4.098732    -0.006710    0.011145    0.009652  
     -0.434695  0.755782  9.034013     0.002622   -0.010618    0.007960  
      0.534927  5.276942  0.932312    -0.006708   -0.011141    0.009657  
     -5.357135  2.249107  7.858822     0.007771    0.009837    0.009957  
      5.591648  3.718102  2.065344     0.000480    0.009282    0.008820  
      0.780128  2.249107  7.081214     0.007766   -0.009837    0.009964  
     -0.600373  3.718102  2.965700     0.000484   -0.009284    0.008827  
     -0.584070  0.753413  2.941938    -0.000994   -0.008946    0.007081  
      0.762384  5.187597  7.091402     0.006266   -0.008854    0.009623  
      5.575345  0.753413  2.089107    -0.000996    0.008944    0.007074  
     -5.339391  5.187597  7.848634     0.006270    0.008853    0.009616  
      3.936596  2.205034  0.451134     0.005330    0.010692    0.008300  
     -3.610877  3.710940  9.477450     0.003359    0.012957    0.009372  
      1.054679  2.205034  4.579910     0.005328   -0.010694    0.008308  
     -0.966130  3.710940  5.462586     0.003353   -0.012959    0.009376  
     -0.985568  0.756560  5.481490     0.001991   -0.011242    0.008426  
      1.064814  5.231939  4.591173     0.002127   -0.010251    0.007203  
     -3.591439  0.756560  9.458547     0.001996    0.011241    0.008422  
      3.926461  5.231939  0.439871     0.002130    0.010249    0.007197  
     -2.288504  2.009897  7.470018     0.005981   -0.000000   -0.006619  
 
 143 f  =    2.470060 THz    15.519844 2PiTHz   82.392330 cm-1    10.215342 meV
             X         Y         Z           dx          dy          dz
      2.495638  0.754101  2.515522     0.003308   -0.000003    0.035663  
     -2.288504  5.057401  7.470018     0.010149    0.000000   -0.000445  
     -0.811180  0.753328  1.006346     0.001496   -0.019874   -0.002317  
      0.967554  5.208194  8.989727    -0.003619   -0.027288   -0.005165  
      5.802455  0.753328  4.024698     0.001505    0.019876   -0.002316  
     -5.544561  5.208194  5.950309    -0.003611    0.027291   -0.005164  
     -5.528641  2.227715  5.962511     0.001245    0.026440   -0.000761  
      5.735997  3.717866  3.963892    -0.003795    0.018551   -0.005678  
      0.951634  2.227715  8.977526     0.001234   -0.026436   -0.000761  
     -0.744722  3.717866  1.067153    -0.003803   -0.018549   -0.005680  
     -0.893494  2.231301  4.162213     0.000844   -0.023474   -0.005154  
      1.080252  3.714951  5.859232    -0.001897   -0.022493   -0.003208  
      5.884769  2.231301  0.868832     0.000834    0.023469   -0.005151  
     -5.657260  3.714951  9.080805    -0.001906    0.022491   -0.003208  
     -5.622992  0.751199  9.034813    -0.002773    0.019013   -0.002194  
      5.872018  5.211349  0.883773    -0.003405    0.024633   -0.003111  
      1.045985  0.751199  5.905223    -0.002763   -0.019015   -0.002195  
     -0.880743  5.211349  4.147272    -0.003396   -0.024638   -0.003112  
     -2.769217  2.226426  3.943002     0.007157    0.003895   -0.001262  
      3.011632  3.713986  5.983550    -0.003388    0.016726   -0.004388  
      7.760492  2.226426  1.088042     0.007146   -0.003896   -0.001258  
     -7.588639  3.713986  8.956487    -0.003397   -0.016724   -0.004386  
     -7.576192  0.750830  8.935375    -0.002731   -0.019854   -0.006923  
      7.754048  5.219232  1.061863    -0.007404   -0.003383   -0.003808  
      2.999184  0.750830  6.004661    -0.002720    0.019857   -0.006925  
     -2.762772  5.219232  3.969182    -0.007398    0.003381   -0.003809  
      0.545699  2.153908  0.921023     0.013134   -0.036632   -0.005900  
     -0.381056  3.715882  9.101385    -0.004611   -0.032382   -0.008023  
      4.445577  2.153908  4.110021     0.013150    0.036640   -0.005901  
     -4.195951  3.715882  5.838651    -0.004600    0.032386   -0.008020  
     -4.142312  0.755782  5.906023     0.001477    0.029535   -0.001823  
      4.456348  5.276942  4.098732    -0.015948    0.042046    0.000123  
     -0.434695  0.755782  9.034013     0.001464   -0.029530   -0.001825  
      0.534927  5.276942  0.932312    -0.015952   -0.042039    0.000119  
     -5.357135  2.249107  7.858822    -0.004051    0.020509   -0.003425  
      5.591648  3.718102  2.065344    -0.002681    0.018693   -0.003780  
      0.780128  2.249107  7.081214    -0.004045   -0.020510   -0.003426  
     -0.600373  3.718102  2.965700    -0.002671   -0.018695   -0.003783  
     -0.584070  0.753413  2.941938     0.000875   -0.022339   -0.003376  
      0.762384  5.187597  7.091402    -0.001611   -0.020484   -0.003839  
      5.575345  0.753413  2.089107     0.000867    0.022334   -0.003374  
     -5.339391  5.187597  7.848634    -0.001615    0.020485   -0.003837  
      3.936596  2.205034  0.451134     0.007779    0.019161    0.000833  
     -3.610877  3.710940  9.477450    -0.000148    0.019715   -0.001364  
      1.054679  2.205034  4.579910     0.007794   -0.019163    0.000836  
     -0.966130  3.710940  5.462586    -0.000138   -0.019718   -0.001366  
     -0.985568  0.756560  5.481490     0.001632   -0.025678   -0.003491  
      1.064814  5.231939  4.591173    -0.007775   -0.020376   -0.005164  
     -3.591439  0.756560  9.458547     0.001622    0.025674   -0.003486  
      3.926461  5.231939  0.439871    -0.007783    0.020374   -0.005161  
     -2.288504  2.009897  7.470018     0.005444   -0.000000   -0.004138  
 
 144 f  =    2.141358 THz    13.454549 2PiTHz   71.428016 cm-1     8.855941 meV
             X         Y         Z           dx          dy          dz
      2.495638  0.754101  2.515522     0.022572   -0.000002    0.016724  
     -2.288504  5.057401  7.470018    -0.056146    0.000001   -0.053035  
     -0.811180  0.753328  1.006346     0.008392   -0.000298    0.004667  
      0.967554  5.208194  8.989727    -0.004736   -0.000091    0.001629  
      5.802455  0.753328  4.024698     0.008388    0.000299    0.004658  
     -5.544561  5.208194  5.950309    -0.004737    0.000093    0.001620  
     -5.528641  2.227715  5.962511     0.000024   -0.001240    0.004529  
      5.735997  3.717866  3.963892     0.004689   -0.000734    0.001337  
      0.951634  2.227715  8.977526     0.000025    0.001241    0.004537  
     -0.744722  3.717866  1.067153     0.004693    0.000735    0.001347  
     -0.893494  2.231301  4.162213     0.007098   -0.000469    0.001782  
      1.080252  3.714951  5.859232    -0.000045   -0.000991    0.006231  
      5.884769  2.231301  0.868832     0.007103    0.000468    0.001774  
     -5.657260  3.714951  9.080805    -0.000041    0.000991    0.006222  
     -5.622992  0.751199  9.034813     0.000093    0.000241    0.006416  
      5.872018  5.211349  0.883773     0.008896    0.000099    0.001051  
      1.045985  0.751199  5.905223     0.000089   -0.000240    0.006424  
     -0.880743  5.211349  4.147272     0.008891   -0.000099    0.001059  
     -2.769217  2.226426  3.943002     0.007710   -0.000710    0.003452  
      3.011632  3.713986  5.983550    -0.002195   -0.002339    0.002448  
      7.760492  2.226426  1.088042     0.007713    0.000709    0.003457  
     -7.588639  3.713986  8.956487    -0.002194    0.002341    0.002450  
     -7.576192  0.750830  8.935375    -0.000416   -0.000949    0.003098  
      7.754048  5.219232  1.061863     0.008102   -0.000433    0.012022  
      2.999184  0.750830  6.004661    -0.000417    0.000950    0.003096  
     -2.762772  5.219232  3.969182     0.008098    0.000434    0.012015  
      0.545699  2.153908  0.921023     0.005070    0.003679    0.003832  
     -0.381056  3.715882  9.101385     0.000259    0.002551    0.002027  
      4.445577  2.153908  4.110021     0.005067   -0.003678    0.003822  
     -4.195951  3.715882  5.838651     0.000255   -0.002548    0.002015  
     -4.142312  0.755782  5.906023     0.006743    0.002379    0.006267  
      4.456348  5.276942  4.098732     0.005296    0.002616    0.002824  
     -0.434695  0.755782  9.034013     0.006748   -0.002380    0.006278  
      0.534927  5.276942  0.932312     0.005303   -0.002614    0.002834  
     -5.357135  2.249107  7.858822    -0.000342    0.000392    0.005071  
      5.591648  3.718102  2.065344     0.007700    0.000436    0.002485  
      0.780128  2.249107  7.081214    -0.000347   -0.000391    0.005080  
     -0.600373  3.718102  2.965700     0.007700   -0.000436    0.002495  
     -0.584070  0.753413  2.941938     0.010013    0.000177    0.004139  
      0.762384  5.187597  7.091402    -0.000110   -0.000490    0.002523  
      5.575345  0.753413  2.089107     0.010012   -0.000177    0.004129  
     -5.339391  5.187597  7.848634    -0.000106    0.000492    0.002514  
      3.936596  2.205034  0.451134     0.004013   -0.000262    0.006115  
     -3.610877  3.710940  9.477450     0.003985    0.001210    0.001219  
      1.054679  2.205034  4.579910     0.004007    0.000263    0.006125  
     -0.966130  3.710940  5.462586     0.003976   -0.001211    0.001225  
     -0.985568  0.756560  5.481490     0.002884    0.000202    0.001701  
      1.064814  5.231939  4.591173     0.004675   -0.000813    0.005019  
     -3.591439  0.756560  9.458547     0.002893   -0.000201    0.001694  
      3.926461  5.231939  0.439871     0.004682    0.000813    0.005011  
     -2.288504  2.009897  7.470018    -0.015192    0.000001   -0.016349  
 
 145 f  =    2.054166 THz    12.906705 2PiTHz   68.519597 cm-1     8.495344 meV
             X         Y         Z           dx          dy          dz
      2.495638  0.754101  2.515522     0.000021    0.005269   -0.000027  
     -2.288504  5.057401  7.470018    -0.000019    0.006785   -0.000001  
     -0.811180  0.753328  1.006346    -0.011798   -0.000831   -0.022625  
      0.967554  5.208194  8.989727    -0.008836   -0.000821   -0.023228  
      5.802455  0.753328  4.024698     0.011795   -0.000830    0.022632  
     -5.544561  5.208194  5.950309     0.008827   -0.000819    0.023227  
     -5.528641  2.227715  5.962511     0.009627   -0.001421    0.022958  
      5.735997  3.717866  3.963892     0.012106   -0.001628    0.024802  
      0.951634  2.227715  8.977526    -0.009634   -0.001423   -0.022956  
     -0.744722  3.717866  1.067153    -0.012110   -0.001630   -0.024798  
     -0.893494  2.231301  4.162213     0.016809   -0.000765   -0.020398  
      1.080252  3.714951  5.859232     0.015871   -0.001526   -0.021990  
      5.884769  2.231301  0.868832    -0.016804   -0.000761    0.020400  
     -5.657260  3.714951  9.080805    -0.015874   -0.001523    0.021992  
     -5.622992  0.751199  9.034813    -0.015655   -0.001355    0.021613  
      5.872018  5.211349  0.883773    -0.017404   -0.002326    0.019388  
      1.045985  0.751199  5.905223     0.015656   -0.001358   -0.021616  
     -0.880743  5.211349  4.147272     0.017408   -0.002329   -0.019383  
     -2.769217  2.226426  3.943002     0.012415    0.000343    0.010831  
      3.011632  3.713986  5.983550     0.007797   -0.003043    0.009080  
      7.760492  2.226426  1.088042    -0.012414    0.000344   -0.010808  
     -7.588639  3.713986  8.956487    -0.007811   -0.003043   -0.009081  
     -7.576192  0.750830  8.935375    -0.008294    0.000297   -0.009427  
      7.754048  5.219232  1.061863    -0.011908   -0.003199   -0.014578  
      2.999184  0.750830  6.004661     0.008281    0.000300    0.009433  
     -2.762772  5.219232  3.969182     0.011910   -0.003199    0.014594  
      0.545699  2.153908  0.921023    -0.014752    0.001140   -0.024900  
     -0.381056  3.715882  9.101385    -0.015517   -0.004658   -0.028328  
      4.445577  2.153908  4.110021     0.014752    0.001139    0.024902  
     -4.195951  3.715882  5.838651     0.015506   -0.004653    0.028329  
     -4.142312  0.755782  5.906023     0.018254    0.004218    0.028267  
      4.456348  5.276942  4.098732     0.015182   -0.002216    0.026387  
     -0.434695  0.755782  9.034013    -0.018260    0.004214   -0.028265  
      0.534927  5.276942  0.932312    -0.015186   -0.002220   -0.026386  
     -5.357135  2.249107  7.858822    -0.009314   -0.001500    0.024537  
      5.591648  3.718102  2.065344    -0.004803   -0.001385    0.024346  
      0.780128  2.249107  7.081214     0.009310   -0.001504   -0.024540  
     -0.600373  3.718102  2.965700     0.004803   -0.001387   -0.024341  
     -0.584070  0.753413  2.941938     0.003877   -0.001823   -0.023144  
      0.762384  5.187597  7.091402     0.010071   -0.001059   -0.024070  
      5.575345  0.753413  2.089107    -0.003875   -0.001819    0.023148  
     -5.339391  5.187597  7.848634    -0.010073   -0.001060    0.024066  
      3.936596  2.205034  0.451134    -0.022722   -0.000938    0.022531  
     -3.610877  3.710940  9.477450    -0.028539    0.002060    0.017961  
      1.054679  2.205034  4.579910     0.022729   -0.000942   -0.022529  
     -0.966130  3.710940  5.462586     0.028554    0.002058   -0.017950  
     -0.985568  0.756560  5.481490     0.029176   -0.003450   -0.021364  
      1.064814  5.231939  4.591173     0.024187   -0.001238   -0.022613  
     -3.591439  0.756560  9.458547    -0.029157   -0.003446    0.021372  
      3.926461  5.231939  0.439871    -0.024179   -0.001234    0.022615  
     -2.288504  2.009897  7.470018    -0.000007    0.008973   -0.000006  
 
 146 f  =    1.801751 THz    11.320738 2PiTHz   60.099957 cm-1     7.451442 meV
             X         Y         Z           dx          dy          dz
      2.495638  0.754101  2.515522    -0.000003    0.080527    0.000008  
     -2.288504  5.057401  7.470018     0.000002    0.003622   -0.000003  
     -0.811180  0.753328  1.006346     0.001221   -0.009602    0.002128  
      0.967554  5.208194  8.989727     0.001605   -0.008660    0.003856  
      5.802455  0.753328  4.024698    -0.001221   -0.009601   -0.002130  
     -5.544561  5.208194  5.950309    -0.001603   -0.008660   -0.003856  
     -5.528641  2.227715  5.962511     0.000367   -0.008279    0.000292  
      5.735997  3.717866  3.963892    -0.000503   -0.007090   -0.001608  
      0.951634  2.227715  8.977526    -0.000365   -0.008279   -0.000292  
     -0.744722  3.717866  1.067153     0.000503   -0.007090    0.001607  
     -0.893494  2.231301  4.162213    -0.002959   -0.008685    0.002247  
      1.080252  3.714951  5.859232    -0.001523   -0.007299    0.002093  
      5.884769  2.231301  0.868832     0.002957   -0.008685   -0.002248  
     -5.657260  3.714951  9.080805     0.001523   -0.007299   -0.002093  
     -5.622992  0.751199  9.034813     0.000870   -0.009956   -0.001416  
      5.872018  5.211349  0.883773    -0.000500   -0.008904   -0.000666  
      1.045985  0.751199  5.905223    -0.000870   -0.009956    0.001417  
     -0.880743  5.211349  4.147272     0.000498   -0.008904    0.000664  
     -2.769217  2.226426  3.943002    -0.001266   -0.009054    0.000320  
      3.011632  3.713986  5.983550    -0.000508   -0.008370   -0.000270  
      7.760492  2.226426  1.088042     0.001265   -0.009054   -0.000328  
     -7.588639  3.713986  8.956487     0.000512   -0.008371    0.000271  
     -7.576192  0.750830  8.935375     0.000551   -0.008289    0.000995  
      7.754048  5.219232  1.061863     0.000677   -0.008666    0.002542  
      2.999184  0.750830  6.004661    -0.000547   -0.008290   -0.000996  
     -2.762772  5.219232  3.969182    -0.000678   -0.008665   -0.002548  
      0.545699  2.153908  0.921023    -0.000505   -0.005153    0.000535  
     -0.381056  3.715882  9.101385     0.000507   -0.006003    0.001742  
      4.445577  2.153908  4.110021     0.000505   -0.005152   -0.000536  
     -4.195951  3.715882  5.838651    -0.000504   -0.006003   -0.001743  
     -4.142312  0.755782  5.906023    -0.002186   -0.010771   -0.002892  
      4.456348  5.276942  4.098732    -0.002544   -0.006114   -0.003501  
     -0.434695  0.755782  9.034013     0.002189   -0.010771    0.002891  
      0.534927  5.276942  0.932312     0.002545   -0.006113    0.003500  
     -5.357135  2.249107  7.858822     0.001902   -0.009233   -0.001445  
      5.591648  3.718102  2.065344     0.000501   -0.009728   -0.001774  
      0.780128  2.249107  7.081214    -0.001902   -0.009232    0.001446  
     -0.600373  3.718102  2.965700    -0.000501   -0.009728    0.001772  
     -0.584070  0.753413  2.941938     0.000124   -0.007231    0.001706  
      0.762384  5.187597  7.091402    -0.000093   -0.008725    0.002443  
      5.575345  0.753413  2.089107    -0.000125   -0.007231   -0.001707  
     -5.339391  5.187597  7.848634     0.000093   -0.008725   -0.002442  
      3.936596  2.205034  0.451134     0.002214   -0.006029   -0.002224  
     -3.610877  3.710940  9.477450     0.002869   -0.008059   -0.002257  
      1.054679  2.205034  4.579910    -0.002217   -0.006028    0.002225  
     -0.966130  3.710940  5.462586    -0.002874   -0.008059    0.002254  
     -0.985568  0.756560  5.481490    -0.001709   -0.008720    0.000667  
      1.064814  5.231939  4.591173    -0.001140   -0.006789    0.001539  
     -3.591439  0.756560  9.458547     0.001702   -0.008720   -0.000670  
      3.926461  5.231939  0.439871     0.001138   -0.006790   -0.001539  
     -2.288504  2.009897  7.470018     0.000001    0.009024    0.000001  
 
 147 f  =    1.709568 THz    10.741534 2PiTHz   57.025059 cm-1     7.070203 meV
             X         Y         Z           dx          dy          dz
      2.495638  0.754101  2.515522    -0.036239   -0.000006    0.041840  
     -2.288504  5.057401  7.470018     0.023680    0.000001   -0.033441  
     -0.811180  0.753328  1.006346    -0.001628    0.004605   -0.007009  
      0.967554  5.208194  8.989727     0.014226    0.008355    0.003436  
      5.802455  0.753328  4.024698    -0.001616   -0.004603   -0.006991  
     -5.544561  5.208194  5.950309     0.014232   -0.008353    0.003454  
     -5.528641  2.227715  5.962511     0.013167   -0.007467    0.000839  
      5.735997  3.717866  3.963892     0.003580   -0.003613   -0.002098  
      0.951634  2.227715  8.977526     0.013162    0.007467    0.000823  
     -0.744722  3.717866  1.067153     0.003568    0.003614   -0.002117  
     -0.893494  2.231301  4.162213    -0.009561    0.006103    0.000002  
      1.080252  3.714951  5.859232     0.004528    0.004796    0.004490  
      5.884769  2.231301  0.868832    -0.009578   -0.006101    0.000019  
     -5.657260  3.714951  9.080805     0.004514   -0.004796    0.004508  
     -5.622992  0.751199  9.034813     0.000521   -0.002787    0.008878  
      5.872018  5.211349  0.883773    -0.006400   -0.006170   -0.004095  
      1.045985  0.751199  5.905223     0.000533    0.002787    0.008860  
     -0.880743  5.211349  4.147272    -0.006384    0.006170   -0.004110  
     -2.769217  2.226426  3.943002    -0.009620    0.002949   -0.031057  
      3.011632  3.713986  5.983550     0.023062   -0.004237    0.008277  
      7.760492  2.226426  1.088042    -0.009632   -0.002947   -0.031068  
     -7.588639  3.713986  8.956487     0.023057    0.004237    0.008273  
     -7.576192  0.750830  8.935375     0.025336    0.007121    0.002413  
      7.754048  5.219232  1.061863    -0.003356    0.001182   -0.025906  
      2.999184  0.750830  6.004661     0.025340   -0.007118    0.002419  
     -2.762772  5.219232  3.969182    -0.003344   -0.001182   -0.025889  
      0.545699  2.153908  0.921023    -0.004179    0.006996    0.002353  
     -0.381056  3.715882  9.101385     0.019728    0.008147    0.002043  
      4.445577  2.153908  4.110021    -0.004167   -0.006995    0.002373  
     -4.195951  3.715882  5.838651     0.019740   -0.008149    0.002066  
     -4.142312  0.755782  5.906023     0.009919   -0.009885   -0.003121  
      4.456348  5.276942  4.098732     0.010601   -0.020393   -0.001146  
     -0.434695  0.755782  9.034013     0.009904    0.009891   -0.003145  
      0.534927  5.276942  0.932312     0.010585    0.020392   -0.001167  
     -5.357135  2.249107  7.858822     0.006989   -0.007100    0.009584  
      5.591648  3.718102  2.065344    -0.003422   -0.003253   -0.004805  
      0.780128  2.249107  7.081214     0.007001    0.007101    0.009564  
     -0.600373  3.718102  2.965700    -0.003418    0.003254   -0.004825  
     -0.584070  0.753413  2.941938    -0.006653    0.006119   -0.005856  
      0.762384  5.187597  7.091402     0.000928    0.001094    0.011266  
      5.575345  0.753413  2.089107    -0.006656   -0.006118   -0.005838  
     -5.339391  5.187597  7.848634     0.000917   -0.001093    0.011285  
      3.936596  2.205034  0.451134    -0.016645   -0.003678   -0.001067  
     -3.610877  3.710940  9.477450    -0.024870   -0.002006   -0.011592  
      1.054679  2.205034  4.579910    -0.016625    0.003678   -0.001087  
     -0.966130  3.710940  5.462586    -0.024841    0.002010   -0.011607  
     -0.985568  0.756560  5.481490    -0.036013    0.007327   -0.012222  
      1.064814  5.231939  4.591173    -0.005976    0.003384    0.004604  
     -3.591439  0.756560  9.458547    -0.036043   -0.007328   -0.012206  
      3.926461  5.231939  0.439871    -0.005999   -0.003385    0.004622  
     -2.288504  2.009897  7.470018     0.007671    0.000000    0.014317  
 
 148 f  =    1.092565 THz     6.864787 2PiTHz   36.444039 cm-1     4.518483 meV
             X         Y         Z           dx          dy          dz
      2.495638  0.754101  2.515522     0.000001    0.012008   -0.000002  
     -2.288504  5.057401  7.470018    -0.000002   -0.076339   -0.000002  
     -0.811180  0.753328  1.006346    -0.003314    0.007047   -0.003550  
      0.967554  5.208194  8.989727    -0.000849    0.008575   -0.001649  
      5.802455  0.753328  4.024698     0.003313    0.007046    0.003548  
     -5.544561  5.208194  5.950309     0.000848    0.008575    0.001647  
     -5.528641  2.227715  5.962511     0.001334    0.006513    0.002072  
      5.735997  3.717866  3.963892    -0.001419    0.007426   -0.000176  
      0.951634  2.227715  8.977526    -0.001336    0.006513   -0.002074  
     -0.744722  3.717866  1.067153     0.001418    0.007426    0.000174  
     -0.893494  2.231301  4.162213     0.001474    0.005524   -0.001822  
      1.080252  3.714951  5.859232     0.003237    0.006530   -0.003513  
      5.884769  2.231301  0.868832    -0.001475    0.005524    0.001820  
     -5.657260  3.714951  9.080805    -0.003238    0.006529    0.003511  
     -5.622992  0.751199  9.034813     0.000082    0.006339   -0.000307  
      5.872018  5.211349  0.883773    -0.001542    0.007312    0.001438  
      1.045985  0.751199  5.905223    -0.000083    0.006340    0.000304  
     -0.880743  5.211349  4.147272     0.001542    0.007312   -0.001439  
     -2.769217  2.226426  3.943002     0.001878    0.007517    0.000598  
      3.011632  3.713986  5.983550     0.000175    0.007483   -0.000880  
      7.760492  2.226426  1.088042    -0.001878    0.007517   -0.000597  
     -7.588639  3.713986  8.956487    -0.000177    0.007483    0.000877  
     -7.576192  0.750830  8.935375    -0.001531    0.007360   -0.003105  
      7.754048  5.219232  1.061863    -0.001461    0.005574   -0.000060  
      2.999184  0.750830  6.004661     0.001528    0.007360    0.003104  
     -2.762772  5.219232  3.969182     0.001460    0.005574    0.000059  
      0.545699  2.153908  0.921023    -0.002479    0.005445   -0.002275  
     -0.381056  3.715882  9.101385     0.003408    0.007879    0.002071  
      4.445577  2.153908  4.110021     0.002479    0.005446    0.002274  
     -4.195951  3.715882  5.838651    -0.003409    0.007879   -0.002073  
     -4.142312  0.755782  5.906023     0.007261    0.006740    0.006058  
      4.456348  5.276942  4.098732     0.000179    0.011361    0.002662  
     -0.434695  0.755782  9.034013    -0.007262    0.006740   -0.006060  
      0.534927  5.276942  0.932312    -0.000180    0.011360   -0.002664  
     -5.357135  2.249107  7.858822    -0.000823    0.008319    0.001873  
      5.591648  3.718102  2.065344    -0.003515    0.006846    0.001981  
      0.780128  2.249107  7.081214     0.000822    0.008319   -0.001876  
     -0.600373  3.718102  2.965700     0.003514    0.006847   -0.001982  
     -0.584070  0.753413  2.941938    -0.001151    0.006631   -0.001285  
      0.762384  5.187597  7.091402     0.000631    0.004163   -0.002089  
      5.575345  0.753413  2.089107     0.001151    0.006630    0.001284  
     -5.339391  5.187597  7.848634    -0.000632    0.004162    0.002087  
      3.936596  2.205034  0.451134    -0.002688    0.004996    0.000903  
     -3.610877  3.710940  9.477450    -0.006837    0.006691    0.008289  
      1.054679  2.205034  4.579910     0.002688    0.004996   -0.000904  
     -0.966130  3.710940  5.462586     0.006837    0.006692   -0.008290  
     -0.985568  0.756560  5.481490    -0.001150    0.005419    0.003624  
      1.064814  5.231939  4.591173     0.001451    0.008575   -0.002065  
     -3.591439  0.756560  9.458547     0.001152    0.005418   -0.003624  
      3.926461  5.231939  0.439871    -0.001452    0.008575    0.002063  
     -2.288504  2.009897  7.470018    -0.000001   -0.115628   -0.000002  
 
 149 fi =    0.007605 THz     0.047786 2PiTHz    0.253688 cm-1     0.031453 meV
             X         Y         Z           dx          dy          dz
      2.495638  0.754101  2.515522     0.004109   -0.000036    0.024157  
     -2.288504  5.057401  7.470018     0.004181   -0.000040    0.024024  
     -0.811180  0.753328  1.006346     0.004157   -0.000056    0.024089  
      0.967554  5.208194  8.989727     0.004186   -0.000036    0.024107  
      5.802455  0.753328  4.024698     0.004158   -0.000018    0.024091  
     -5.544561  5.208194  5.950309     0.004187   -0.000037    0.024109  
     -5.528641  2.227715  5.962511     0.004180   -0.000039    0.024103  
      5.735997  3.717866  3.963892     0.004165   -0.000025    0.024110  
      0.951634  2.227715  8.977526     0.004179   -0.000035    0.024100  
     -0.744722  3.717866  1.067153     0.004165   -0.000049    0.024108  
     -0.893494  2.231301  4.162213     0.004121   -0.000026    0.024095  
      1.080252  3.714951  5.859232     0.004159   -0.000029    0.024104  
      5.884769  2.231301  0.868832     0.004120   -0.000049    0.024096  
     -5.657260  3.714951  9.080805     0.004158   -0.000045    0.024107  
     -5.622992  0.751199  9.034813     0.004145   -0.000044    0.024110  
      5.872018  5.211349  0.883773     0.004133   -0.000053    0.024093  
      1.045985  0.751199  5.905223     0.004147   -0.000030    0.024108  
     -0.880743  5.211349  4.147272     0.004135   -0.000022    0.024091  
     -2.769217  2.226426  3.943002     0.004129   -0.000010    0.023936  
      3.011632  3.713986  5.983550     0.004201   -0.000041    0.024112  
      7.760492  2.226426  1.088042     0.004127   -0.000066    0.023935  
     -7.588639  3.713986  8.956487     0.004200   -0.000033    0.024113  
     -7.576192  0.750830  8.935375     0.004211   -0.000040    0.024081  
      7.754048  5.219232  1.061863     0.004139   -0.000055    0.024125  
      2.999184  0.750830  6.004661     0.004213   -0.000033    0.024084  
     -2.762772  5.219232  3.969182     0.004140   -0.000020    0.024126  
      0.545699  2.153908  0.921023     0.004144   -0.000046    0.024116  
     -0.381056  3.715882  9.101385     0.004210   -0.000014    0.024127  
      4.445577  2.153908  4.110021     0.004147   -0.000028    0.024118  
     -4.195951  3.715882  5.838651     0.004210   -0.000060    0.024129  
     -4.142312  0.755782  5.906023     0.004188   -0.000016    0.024107  
      4.456348  5.276942  4.098732     0.004202   -0.000070    0.024105  
     -0.434695  0.755782  9.034013     0.004185   -0.000058    0.024105  
      0.534927  5.276942  0.932312     0.004203   -0.000002    0.024102  
     -5.357135  2.249107  7.858822     0.004109   -0.000054    0.024125  
      5.591648  3.718102  2.065344     0.004109   -0.000033    0.024097  
      0.780128  2.249107  7.081214     0.004108   -0.000019    0.024122  
     -0.600373  3.718102  2.965700     0.004111   -0.000042    0.024095  
     -0.584070  0.753413  2.941938     0.004143   -0.000027    0.024080  
      0.762384  5.187597  7.091402     0.004164   -0.000038    0.024116  
      5.575345  0.753413  2.089107     0.004143   -0.000048    0.024082  
     -5.339391  5.187597  7.848634     0.004162   -0.000036    0.024119  
      3.936596  2.205034  0.451134     0.004092   -0.000042    0.024089  
     -3.610877  3.710940  9.477450     0.004072   -0.000041    0.024059  
      1.054679  2.205034  4.579910     0.004095   -0.000032    0.024087  
     -0.966130  3.710940  5.462586     0.004074   -0.000033    0.024057  
     -0.985568  0.756560  5.481490     0.004038   -0.000021    0.024047  
      1.064814  5.231939  4.591173     0.004150   -0.000035    0.024098  
     -3.591439  0.756560  9.458547     0.004036   -0.000054    0.024049  
      3.926461  5.231939  0.439871     0.004148   -0.000039    0.024101  
     -2.288504  2.009897  7.470018     0.004178   -0.000042    0.024157  
 
 150 fi =    0.007706 THz     0.048415 2PiTHz    0.257028 cm-1     0.031867 meV
             X         Y         Z           dx          dy          dz
      2.495638  0.754101  2.515522    -0.000065   -0.024388   -0.000027  
     -2.288504  5.057401  7.470018    -0.000067   -0.024408   -0.000026  
     -0.811180  0.753328  1.006346    -0.000080   -0.024473   -0.000018  
      0.967554  5.208194  8.989727    -0.000085   -0.024492   -0.000021  
      5.802455  0.753328  4.024698    -0.000052   -0.024473   -0.000034  
     -5.544561  5.208194  5.950309    -0.000048   -0.024493   -0.000032  
     -5.528641  2.227715  5.962511    -0.000054   -0.024487   -0.000032  
      5.735997  3.717866  3.963892    -0.000033   -0.024471   -0.000027  
      0.951634  2.227715  8.977526    -0.000078   -0.024486   -0.000021  
     -0.744722  3.717866  1.067153    -0.000099   -0.024470   -0.000026  
     -0.893494  2.231301  4.162213    -0.000041   -0.024452   -0.000025  
      1.080252  3.714951  5.859232    -0.000050   -0.024431   -0.000029  
      5.884769  2.231301  0.868832    -0.000090   -0.024452   -0.000028  
     -5.657260  3.714951  9.080805    -0.000083   -0.024431   -0.000025  
     -5.622992  0.751199  9.034813    -0.000090   -0.024432   -0.000035  
      5.872018  5.211349  0.883773    -0.000096   -0.024448   -0.000027  
      1.045985  0.751199  5.905223    -0.000042   -0.024432   -0.000018  
     -0.880743  5.211349  4.147272    -0.000035   -0.024448   -0.000026  
     -2.769217  2.226426  3.943002    -0.000043   -0.024487   -0.000032  
      3.011632  3.713986  5.983550    -0.000052   -0.024480   -0.000040  
      7.760492  2.226426  1.088042    -0.000089   -0.024488   -0.000020  
     -7.588639  3.713986  8.956487    -0.000081   -0.024480   -0.000013  
     -7.576192  0.750830  8.935375    -0.000086   -0.024490   -0.000027  
      7.754048  5.219232  1.061863    -0.000106   -0.024442   -0.000013  
      2.999184  0.750830  6.004661    -0.000047   -0.024491   -0.000025  
     -2.762772  5.219232  3.969182    -0.000026   -0.024441   -0.000038  
      0.545699  2.153908  0.921023    -0.000083   -0.024493   -0.000023  
     -0.381056  3.715882  9.101385    -0.000097   -0.024523   -0.000029  
      4.445577  2.153908  4.110021    -0.000050   -0.024495   -0.000029  
     -4.195951  3.715882  5.838651    -0.000036   -0.024524   -0.000024  
     -4.142312  0.755782  5.906023    -0.000059   -0.024495   -0.000024  
      4.456348  5.276942  4.098732    -0.000032   -0.024488   -0.000028  
     -0.434695  0.755782  9.034013    -0.000074   -0.024494   -0.000029  
      0.534927  5.276942  0.932312    -0.000099   -0.024487   -0.000025  
     -5.357135  2.249107  7.858822    -0.000086   -0.024438   -0.000026  
      5.591648  3.718102  2.065344    -0.000063   -0.024463   -0.000027  
      0.780128  2.249107  7.081214    -0.000047   -0.024438   -0.000027  
     -0.600373  3.718102  2.965700    -0.000068   -0.024463   -0.000026  
     -0.584070  0.753413  2.941938    -0.000029   -0.024465   -0.000026  
      0.762384  5.187597  7.091402    -0.000072   -0.024468   -0.000026  
      5.575345  0.753413  2.089107    -0.000102   -0.024465   -0.000027  
     -5.339391  5.187597  7.848634    -0.000060   -0.024468   -0.000027  
      3.936596  2.205034  0.451134    -0.000092   -0.024394   -0.000027  
     -3.610877  3.710940  9.477450    -0.000086   -0.024455   -0.000026  
      1.054679  2.205034  4.579910    -0.000040   -0.024394   -0.000026  
     -0.966130  3.710940  5.462586    -0.000045   -0.024455   -0.000027  
     -0.985568  0.756560  5.481490    -0.000020   -0.024446   -0.000025  
      1.064814  5.231939  4.591173    -0.000039   -0.024384   -0.000021  
     -3.591439  0.756560  9.458547    -0.000111   -0.024447   -0.000028  
      3.926461  5.231939  0.439871    -0.000092   -0.024384   -0.000032  
     -2.288504  2.009897  7.470018    -0.000066   -0.024369   -0.000027  
 
 151 fi =    0.009293 THz     0.058387 2PiTHz    0.309966 cm-1     0.038431 meV
             X         Y         Z           dx          dy          dz
      2.495638  0.754101  2.515522    -0.024030    0.000060    0.004076  
     -2.288504  5.057401  7.470018    -0.024114    0.000061    0.004210  
     -0.811180  0.753328  1.006346    -0.024087    0.000038    0.004158  
      0.967554  5.208194  8.989727    -0.024140    0.000040    0.004139  
      5.802455  0.753328  4.024698    -0.024088    0.000084    0.004159  
     -5.544561  5.208194  5.950309    -0.024141    0.000079    0.004139  
     -5.528641  2.227715  5.962511    -0.024139    0.000079    0.004142  
      5.735997  3.717866  3.963892    -0.024125    0.000076    0.004162  
      0.951634  2.227715  8.977526    -0.024138    0.000041    0.004143  
     -0.744722  3.717866  1.067153    -0.024124    0.000045    0.004161  
     -0.893494  2.231301  4.162213    -0.024061    0.000075    0.004150  
      1.080252  3.714951  5.859232    -0.024104    0.000069    0.004128  
      5.884769  2.231301  0.868832    -0.024060    0.000048    0.004149  
     -5.657260  3.714951  9.080805    -0.024103    0.000052    0.004129  
     -5.622992  0.751199  9.034813    -0.024095    0.000039    0.004126  
      5.872018  5.211349  0.883773    -0.024078    0.000040    0.004163  
      1.045985  0.751199  5.905223    -0.024097    0.000082    0.004126  
     -0.880743  5.211349  4.147272    -0.024079    0.000082    0.004162  
     -2.769217  2.226426  3.943002    -0.024078    0.000075    0.004267  
      3.011632  3.713986  5.983550    -0.024178    0.000069    0.004154  
      7.760492  2.226426  1.088042    -0.024077    0.000047    0.004265  
     -7.588639  3.713986  8.956487    -0.024177    0.000051    0.004156  
     -7.576192  0.750830  8.935375    -0.024166    0.000028    0.004141  
      7.754048  5.219232  1.061863    -0.024100    0.000041    0.004262  
      2.999184  0.750830  6.004661    -0.024167    0.000092    0.004141  
     -2.762772  5.219232  3.969182    -0.024100    0.000082    0.004264  
      0.545699  2.153908  0.921023    -0.024089    0.000029    0.004134  
     -0.381056  3.715882  9.101385    -0.024162    0.000049    0.004148  
      4.445577  2.153908  4.110021    -0.024092    0.000090    0.004134  
     -4.195951  3.715882  5.838651    -0.024164    0.000072    0.004149  
     -4.142312  0.755782  5.906023    -0.024165    0.000089    0.004153  
      4.456348  5.276942  4.098732    -0.024106    0.000111    0.004137  
     -0.434695  0.755782  9.034013    -0.024163    0.000032    0.004153  
      0.534927  5.276942  0.932312    -0.024108    0.000008    0.004138  
     -5.357135  2.249107  7.858822    -0.024206    0.000057    0.004132  
      5.591648  3.718102  2.065344    -0.024113    0.000052    0.004174  
      0.780128  2.249107  7.081214    -0.024205    0.000064    0.004132  
     -0.600373  3.718102  2.965700    -0.024115    0.000070    0.004174  
     -0.584070  0.753413  2.941938    -0.024031    0.000069    0.004159  
      0.762384  5.187597  7.091402    -0.024081    0.000065    0.004103  
      5.575345  0.753413  2.089107    -0.024029    0.000053    0.004159  
     -5.339391  5.187597  7.848634    -0.024082    0.000055    0.004103  
      3.936596  2.205034  0.451134    -0.024003    0.000034    0.004158  
     -3.610877  3.710940  9.477450    -0.023993    0.000028    0.004187  
      1.054679  2.205034  4.579910    -0.024007    0.000087    0.004156  
     -0.966130  3.710940  5.462586    -0.023994    0.000095    0.004188  
     -0.985568  0.756560  5.481490    -0.024003    0.000084    0.004189  
      1.064814  5.231939  4.591173    -0.024036    0.000082    0.004120  
     -3.591439  0.756560  9.458547    -0.024001    0.000038    0.004188  
      3.926461  5.231939  0.439871    -0.024035    0.000039    0.004121  
     -2.288504  2.009897  7.470018    -0.024146    0.000062    0.004081  
 
 152 fi =    8.239043 THz    51.767436 2PiTHz  274.824903 cm-1    34.073930 meV
             X         Y         Z           dx          dy          dz
      2.495638  0.754101  2.515522    -0.000090    0.000000    0.000017  
     -2.288504  5.057401  7.470018    -0.006924   -0.000000    0.000271  
     -0.811180  0.753328  1.006346    -0.001945    0.000634   -0.000415  
      0.967554  5.208194  8.989727    -0.000672    0.000219   -0.002029  
      5.802455  0.753328  4.024698    -0.001945   -0.000634   -0.000416  
     -5.544561  5.208194  5.950309    -0.000672   -0.000219   -0.002029  
     -5.528641  2.227715  5.962511     0.002939   -0.000056    0.001857  
      5.735997  3.717866  3.963892    -0.001464    0.000230   -0.000266  
      0.951634  2.227715  8.977526     0.002940    0.000056    0.001857  
     -0.744722  3.717866  1.067153    -0.001464   -0.000230   -0.000266  
     -0.893494  2.231301  4.162213    -0.000995    0.000262   -0.000085  
      1.080252  3.714951  5.859232     0.000498    0.000958   -0.000334  
      5.884769  2.231301  0.868832    -0.000995   -0.000262   -0.000085  
     -5.657260  3.714951  9.080805     0.000497   -0.000958   -0.000335  
     -5.622992  0.751199  9.034813     0.001276    0.000897   -0.000483  
      5.872018  5.211349  0.883773    -0.002095   -0.000015    0.001041  
      1.045985  0.751199  5.905223     0.001277   -0.000897   -0.000482  
     -0.880743  5.211349  4.147272    -0.002096    0.000015    0.001041  
     -2.769217  2.226426  3.943002    -0.001228   -0.000123    0.000800  
      3.011632  3.713986  5.983550     0.001628    0.001358    0.000657  
      7.760492  2.226426  1.088042    -0.001228    0.000122    0.000800  
     -7.588639  3.713986  8.956487     0.001627   -0.001358    0.000658  
     -7.576192  0.750830  8.935375     0.000889    0.001178    0.000411  
      7.754048  5.219232  1.061863    -0.001472    0.000591   -0.001032  
      2.999184  0.750830  6.004661     0.000889   -0.001178    0.000410  
     -2.762772  5.219232  3.969182    -0.001473   -0.000591   -0.001032  
      0.545699  2.153908  0.921023    -0.000202   -0.000389    0.000415  
     -0.381056  3.715882  9.101385    -0.006400   -0.007235   -0.004638  
      4.445577  2.153908  4.110021    -0.000202    0.000389    0.000415  
     -4.195951  3.715882  5.838651    -0.006401    0.007235   -0.004637  
     -4.142312  0.755782  5.906023    -0.011959   -0.011471   -0.009674  
      4.456348  5.276942  4.098732    -0.001968   -0.001210   -0.003288  
     -0.434695  0.755782  9.034013    -0.011958    0.011471   -0.009675  
      0.534927  5.276942  0.932312    -0.001969    0.001210   -0.003288  
     -5.357135  2.249107  7.858822    -0.011327    0.000342    0.002248  
      5.591648  3.718102  2.065344     0.000093   -0.000977    0.000475  
      0.780128  2.249107  7.081214    -0.011326   -0.000341    0.002248  
     -0.600373  3.718102  2.965700     0.000093    0.000977    0.000475  
     -0.584070  0.753413  2.941938    -0.000607   -0.000485    0.000121  
      0.762384  5.187597  7.091402    -0.000798   -0.000092   -0.000221  
      5.575345  0.753413  2.089107    -0.000607    0.000485    0.000121  
     -5.339391  5.187597  7.848634    -0.000797    0.000092   -0.000221  
      3.936596  2.205034  0.451134    -0.000544    0.000369   -0.000083  
     -3.610877  3.710940  9.477450    -0.003333    0.005651    0.006846  
      1.054679  2.205034  4.579910    -0.000544   -0.000369   -0.000083  
     -0.966130  3.710940  5.462586    -0.003334   -0.005651    0.006846  
     -0.985568  0.756560  5.481490    -0.004905    0.006444    0.010017  
      1.064814  5.231939  4.591173    -0.000476    0.000391    0.000673  
     -3.591439  0.756560  9.458547    -0.004904   -0.006444    0.010016  
      3.926461  5.231939  0.439871    -0.000475   -0.000391    0.000673  
     -2.288504  2.009897  7.470018     0.370023   -0.000000   -0.011464  
 
 153 fi =    8.679595 THz    54.535503 2PiTHz  289.520119 cm-1    35.895904 meV
             X         Y         Z           dx          dy          dz
      2.495638  0.754101  2.515522     0.000368    0.000000   -0.000439  
     -2.288504  5.057401  7.470018    -0.000408   -0.000000   -0.005852  
     -0.811180  0.753328  1.006346    -0.000559    0.000463    0.000409  
      0.967554  5.208194  8.989727    -0.002025   -0.000032   -0.001624  
      5.802455  0.753328  4.024698    -0.000559   -0.000463    0.000409  
     -5.544561  5.208194  5.950309    -0.002025    0.000032   -0.001624  
     -5.528641  2.227715  5.962511     0.000498    0.000142    0.000053  
      5.735997  3.717866  3.963892    -0.000400    0.000114   -0.000198  
      0.951634  2.227715  8.977526     0.000497   -0.000142    0.000053  
     -0.744722  3.717866  1.067153    -0.000400   -0.000114   -0.000198  
     -0.893494  2.231301  4.162213    -0.000813   -0.000367    0.001065  
      1.080252  3.714951  5.859232    -0.000166    0.000328   -0.001268  
      5.884769  2.231301  0.868832    -0.000813    0.000367    0.001065  
     -5.657260  3.714951  9.080805    -0.000166   -0.000328   -0.001268  
     -5.622992  0.751199  9.034813    -0.000747    0.000104   -0.002171  
      5.872018  5.211349  0.883773     0.002808    0.000275   -0.001773  
      1.045985  0.751199  5.905223    -0.000747   -0.000104   -0.002171  
     -0.880743  5.211349  4.147272     0.002807   -0.000275   -0.001773  
     -2.769217  2.226426  3.943002     0.000217   -0.001003    0.000114  
      3.011632  3.713986  5.983550    -0.003582    0.001045   -0.000651  
      7.760492  2.226426  1.088042     0.000217    0.001003    0.000114  
     -7.588639  3.713986  8.956487    -0.003582   -0.001045   -0.000650  
     -7.576192  0.750830  8.935375    -0.007402    0.000540   -0.001282  
      7.754048  5.219232  1.061863     0.001756   -0.000235    0.002563  
      2.999184  0.750830  6.004661    -0.007403   -0.000540   -0.001283  
     -2.762772  5.219232  3.969182     0.001756    0.000235    0.002562  
      0.545699  2.153908  0.921023     0.000629   -0.000358   -0.000688  
     -0.381056  3.715882  9.101385    -0.009223   -0.006431   -0.003755  
      4.445577  2.153908  4.110021     0.000630    0.000359   -0.000688  
     -4.195951  3.715882  5.838651    -0.009223    0.006431   -0.003755  
     -4.142312  0.755782  5.906023    -0.013882   -0.010341   -0.005115  
      4.456348  5.276942  4.098732    -0.002984    0.000866   -0.001871  
     -0.434695  0.755782  9.034013    -0.013882    0.010341   -0.005115  
      0.534927  5.276942  0.932312    -0.002984   -0.000866   -0.001871  
     -5.357135  2.249107  7.858822     0.000701    0.000715   -0.002838  
      5.591648  3.718102  2.065344     0.000431    0.000752   -0.001309  
      0.780128  2.249107  7.081214     0.000700   -0.000715   -0.002838  
     -0.600373  3.718102  2.965700     0.000431   -0.000752   -0.001309  
     -0.584070  0.753413  2.941938     0.000680    0.000240   -0.001596  
      0.762384  5.187597  7.091402    -0.000155    0.000970   -0.003603  
      5.575345  0.753413  2.089107     0.000680   -0.000240   -0.001595  
     -5.339391  5.187597  7.848634    -0.000155   -0.000970   -0.003604  
      3.936596  2.205034  0.451134     0.003124    0.000452    0.001360  
     -3.610877  3.710940  9.477450     0.010997   -0.007890   -0.006096  
      1.054679  2.205034  4.579910     0.003122   -0.000452    0.001360  
     -0.966130  3.710940  5.462586     0.010995    0.007889   -0.006095  
     -0.985568  0.756560  5.481490     0.017876   -0.009654   -0.008097  
      1.064814  5.231939  4.591173     0.003520    0.000261   -0.001868  
     -3.591439  0.756560  9.458547     0.017878    0.009654   -0.008097  
      3.926461  5.231939  0.439871     0.003522   -0.000261   -0.001869  
     -2.288504  2.009897  7.470018     0.010307    0.000000    0.367987  
 
