 Eigenvectors and eigenvalues of the dynamical matrix
 ----------------------------------------------------
 
 
   1 f  =   81.988921 THz   515.151583 2PiTHz 2734.856019 cm-1   339.078778 meV
             X         Y         Z           dx          dy          dz
      0.757600  0.275888  7.661940            0           0           0  
      3.788000  0.275888  7.661940            0           0           0  
      2.272800  4.293312 10.488280            0           0           0  
      5.303200  4.293312 10.488280            0           0           0  
      0.757600  1.995239 12.648624     0.000000    0.000063   -0.000400  
      3.788000  2.024210 12.697098    -0.000000   -0.000017   -0.000016  
      2.277749  2.641501 15.399969     0.000424    0.000835   -0.000162  
      5.298251  2.641501 15.399969    -0.000424    0.000835   -0.000162  
      2.272800  2.723746  8.125040            0           0           0  
      5.303200  2.723746  8.125040            0           0           0  
      0.757600  1.845454 10.025180            0           0           0  
      3.788000  1.845454 10.025180            0           0           0  
      2.245263  4.174099 13.110786     0.000593   -0.001990   -0.000635  
      5.330737  4.174099 13.110786    -0.000593   -0.001975   -0.000644  
      0.757600  0.480168 15.079181    -0.000000   -0.867254    0.408102  
      3.788000  0.260957 15.365325     0.000000   -0.083780    0.039237  
      0.757600  3.730889  6.005560            0           0           0  
      3.788000  3.730889  6.005560            0           0           0  
      2.272800  1.446289  7.148020            0           0           0  
      5.303200  1.446289  7.148020            0           0           0  
      5.303200  3.671078  8.495960            0           0           0  
      2.272800  3.671078  8.495960            0           0           0  
      3.788000  0.898122  9.654260            0           0           0  
      0.757600  0.898122  9.654260            0           0           0  
      0.757600  3.122911 11.002200            0           0           0  
      3.788000  3.122911 11.002200            0           0           0  
      5.294256  0.837693 12.158582     0.000278    0.000196    0.000375  
      2.281744  0.837693 12.158582    -0.000278    0.000196    0.000375  
      2.240833  3.209455 13.466325    -0.000879   -0.000345    0.000252  
      5.335167  3.209455 13.466325     0.000879   -0.000347    0.000253  
      0.757600  1.386630 14.620486     0.000000    0.058417   -0.031065  
      3.788000  1.552981 14.674304     0.000000   -0.000888    0.000064  
      0.757600  3.684239 15.810118     0.000000   -0.009320    0.004784  
      3.788000  3.912004 15.840536    -0.000000    0.006219   -0.002445  
      2.361442  2.021276 16.990149    -0.000894   -0.000154    0.001199  
      5.214558  2.021276 16.990149     0.000894   -0.000153    0.001198  
      3.788000  3.178764 17.575471     0.000000    0.000830   -0.000793  
 
   2 f  =   78.355123 THz   492.319755 2PiTHz 2613.645557 cm-1   324.050603 meV
             X         Y         Z           dx          dy          dz
      0.757600  0.275888  7.661940            0           0           0  
      3.788000  0.275888  7.661940            0           0           0  
      2.272800  4.293312 10.488280            0           0           0  
      5.303200  4.293312 10.488280            0           0           0  
      0.757600  1.995239 12.648624    -0.000000    0.001855    0.001074  
      3.788000  2.024210 12.697098     0.000000    0.001763    0.001157  
      2.277749  2.641501 15.399969     0.000086    0.000202   -0.000739  
      5.298251  2.641501 15.399969    -0.000086    0.000202   -0.000739  
      2.272800  2.723746  8.125040            0           0           0  
      5.303200  2.723746  8.125040            0           0           0  
      0.757600  1.845454 10.025180            0           0           0  
      3.788000  1.845454 10.025180            0           0           0  
      2.245263  4.174099 13.110786     0.003990   -0.660046    0.170487  
      5.330737  4.174099 13.110786    -0.003989   -0.659900    0.170451  
      0.757600  0.480168 15.079181     0.000000    0.001861    0.000521  
      3.788000  0.260957 15.365325    -0.000000   -0.008804    0.001575  
      0.757600  3.730889  6.005560            0           0           0  
      3.788000  3.730889  6.005560            0           0           0  
      2.272800  1.446289  7.148020            0           0           0  
      5.303200  1.446289  7.148020            0           0           0  
      5.303200  3.671078  8.495960            0           0           0  
      2.272800  3.671078  8.495960            0           0           0  
      3.788000  0.898122  9.654260            0           0           0  
      0.757600  0.898122  9.654260            0           0           0  
      0.757600  3.122911 11.002200            0           0           0  
      3.788000  3.122911 11.002200            0           0           0  
      5.294256  0.837693 12.158582     0.000170   -0.006326    0.004106  
      2.281744  0.837693 12.158582    -0.000170   -0.006328    0.004107  
      2.240833  3.209455 13.466325    -0.000011    0.043556   -0.015282  
      5.335167  3.209455 13.466325     0.000011    0.043546   -0.015279  
      0.757600  1.386630 14.620486    -0.000000   -0.001445   -0.000031  
      3.788000  1.552981 14.674304    -0.000000   -0.001102   -0.000179  
      0.757600  3.684239 15.810118     0.000000   -0.000072    0.000315  
      3.788000  3.912004 15.840536    -0.000000    0.000330    0.000045  
      2.361442  2.021276 16.990149    -0.000014   -0.000165    0.000787  
      5.214558  2.021276 16.990149     0.000014   -0.000165    0.000787  
      3.788000  3.178764 17.575471     0.000000   -0.000002    0.000142  
 
   3 f  =   77.953967 THz   489.799217 2PiTHz 2600.264431 cm-1   322.391556 meV
             X         Y         Z           dx          dy          dz
      0.757600  0.275888  7.661940            0           0           0  
      3.788000  0.275888  7.661940            0           0           0  
      2.272800  4.293312 10.488280            0           0           0  
      5.303200  4.293312 10.488280            0           0           0  
      0.757600  1.995239 12.648624    -0.000523   -0.000000   -0.000000  
      3.788000  2.024210 12.697098     0.000422   -0.000000   -0.000000  
      2.277749  2.641501 15.399969    -0.000019    0.000196   -0.000814  
      5.298251  2.641501 15.399969    -0.000019   -0.000196    0.000814  
      2.272800  2.723746  8.125040            0           0           0  
      5.303200  2.723746  8.125040            0           0           0  
      0.757600  1.845454 10.025180            0           0           0  
      3.788000  1.845454 10.025180            0           0           0  
      2.245263  4.174099 13.110786     0.004309   -0.660145    0.167757  
      5.330737  4.174099 13.110786     0.004309    0.660290   -0.167799  
      0.757600  0.480168 15.079181    -0.002448    0.000010   -0.000007  
      3.788000  0.260957 15.365325    -0.002625   -0.000001   -0.000001  
      0.757600  3.730889  6.005560            0           0           0  
      3.788000  3.730889  6.005560            0           0           0  
      2.272800  1.446289  7.148020            0           0           0  
      5.303200  1.446289  7.148020            0           0           0  
      5.303200  3.671078  8.495960            0           0           0  
      2.272800  3.671078  8.495960            0           0           0  
      3.788000  0.898122  9.654260            0           0           0  
      0.757600  0.898122  9.654260            0           0           0  
      0.757600  3.122911 11.002200            0           0           0  
      3.788000  3.122911 11.002200            0           0           0  
      5.294256  0.837693 12.158582    -0.000143    0.006042   -0.004616  
      2.281744  0.837693 12.158582    -0.000143   -0.006041    0.004615  
      2.240833  3.209455 13.466325    -0.000004    0.044327   -0.014771  
      5.335167  3.209455 13.466325    -0.000003   -0.044336    0.014774  
      0.757600  1.386630 14.620486    -0.000048   -0.000001    0.000001  
      3.788000  1.552981 14.674304     0.000821    0.000000   -0.000000  
      0.757600  3.684239 15.810118    -0.000121    0.000000   -0.000000  
      3.788000  3.912004 15.840536    -0.000051    0.000000   -0.000000  
      2.361442  2.021276 16.990149     0.000043   -0.000272    0.001070  
      5.214558  2.021276 16.990149     0.000042    0.000272   -0.001070  
      3.788000  3.178764 17.575471    -0.000295   -0.000000    0.000000  
 
   4 f  =   71.681604 THz   450.388803 2PiTHz 2391.040947 cm-1   296.451162 meV
             X         Y         Z           dx          dy          dz
      0.757600  0.275888  7.661940            0           0           0  
      3.788000  0.275888  7.661940            0           0           0  
      2.272800  4.293312 10.488280            0           0           0  
      5.303200  4.293312 10.488280            0           0           0  
      0.757600  1.995239 12.648624     0.000000    0.000078   -0.000181  
      3.788000  2.024210 12.697098     0.000000    0.000147   -0.001140  
      2.277749  2.641501 15.399969    -0.000484    0.001230    0.002276  
      5.298251  2.641501 15.399969     0.000484    0.001230    0.002276  
      2.272800  2.723746  8.125040            0           0           0  
      5.303200  2.723746  8.125040            0           0           0  
      0.757600  1.845454 10.025180            0           0           0  
      3.788000  1.845454 10.025180            0           0           0  
      2.245263  4.174099 13.110786     0.000330    0.004589   -0.003837  
      5.330737  4.174099 13.110786    -0.000330    0.004586   -0.003830  
      0.757600  0.480168 15.079181    -0.000001    0.080752   -0.042727  
      3.788000  0.260957 15.365325     0.000001   -0.863968    0.406895  
      0.757600  3.730889  6.005560            0           0           0  
      3.788000  3.730889  6.005560            0           0           0  
      2.272800  1.446289  7.148020            0           0           0  
      5.303200  1.446289  7.148020            0           0           0  
      5.303200  3.671078  8.495960            0           0           0  
      2.272800  3.671078  8.495960            0           0           0  
      3.788000  0.898122  9.654260            0           0           0  
      0.757600  0.898122  9.654260            0           0           0  
      0.757600  3.122911 11.002200            0           0           0  
      3.788000  3.122911 11.002200            0           0           0  
      5.294256  0.837693 12.158582    -0.000342    0.000382    0.000546  
      2.281744  0.837693 12.158582     0.000343    0.000382    0.000546  
      2.240833  3.209455 13.466325     0.000877   -0.000963   -0.000035  
      5.335167  3.209455 13.466325    -0.000877   -0.000963   -0.000035  
      0.757600  1.386630 14.620486     0.000000   -0.005911    0.004301  
      3.788000  1.552981 14.674304    -0.000000   -0.014105    0.004901  
      0.757600  3.684239 15.810118     0.000000    0.001805   -0.002658  
      3.788000  3.912004 15.840536    -0.000000    0.058482   -0.034351  
      2.361442  2.021276 16.990149    -0.000296    0.000508   -0.003706  
      5.214558  2.021276 16.990149     0.000296    0.000507   -0.003706  
      3.788000  3.178764 17.575471     0.000001   -0.000793    0.001189  
 
   5 f  =   33.995830 THz   213.602098 2PiTHz 1133.978818 cm-1   140.595391 meV
             X         Y         Z           dx          dy          dz
      0.757600  0.275888  7.661940            0           0           0  
      3.788000  0.275888  7.661940            0           0           0  
      2.272800  4.293312 10.488280            0           0           0  
      5.303200  4.293312 10.488280            0           0           0  
      0.757600  1.995239 12.648624    -0.000549    0.000000    0.000005  
      3.788000  2.024210 12.697098     0.000575    0.000001    0.000005  
      2.277749  2.641501 15.399969     0.001360   -0.000443    0.002355  
      5.298251  2.641501 15.399969     0.001359    0.000446   -0.002357  
      2.272800  2.723746  8.125040            0           0           0  
      5.303200  2.723746  8.125040            0           0           0  
      0.757600  1.845454 10.025180            0           0           0  
      3.788000  1.845454 10.025180            0           0           0  
      2.245263  4.174099 13.110786    -0.025700   -0.073545   -0.265483  
      5.330737  4.174099 13.110786    -0.025760    0.073900    0.266758  
      0.757600  0.480168 15.079181    -0.178837   -0.000046   -0.000098  
      3.788000  0.260957 15.365325     0.863645   -0.000070   -0.000135  
      0.757600  3.730889  6.005560            0           0           0  
      3.788000  3.730889  6.005560            0           0           0  
      2.272800  1.446289  7.148020            0           0           0  
      5.303200  1.446289  7.148020            0           0           0  
      5.303200  3.671078  8.495960            0           0           0  
      2.272800  3.671078  8.495960            0           0           0  
      3.788000  0.898122  9.654260            0           0           0  
      0.757600  0.898122  9.654260            0           0           0  
      0.757600  3.122911 11.002200            0           0           0  
      3.788000  3.122911 11.002200            0           0           0  
      5.294256  0.837693 12.158582     0.000904   -0.007054   -0.003947  
      2.281744  0.837693 12.158582     0.000901    0.007016    0.003925  
      2.240833  3.209455 13.466325     0.001298    0.002282    0.016482  
      5.335167  3.209455 13.466325     0.001301   -0.002288   -0.016553  
      0.757600  1.386630 14.620486     0.012567    0.000006    0.000006  
      3.788000  1.552981 14.674304    -0.020925    0.000005    0.000008  
      0.757600  3.684239 15.810118     0.007343    0.000001    0.000004  
      3.788000  3.912004 15.840536    -0.053018    0.000000    0.000008  
      2.361442  2.021276 16.990149     0.000374    0.000671   -0.005508  
      5.214558  2.021276 16.990149     0.000374   -0.000671    0.005502  
      3.788000  3.178764 17.575471    -0.000277   -0.000001   -0.000001  
 
   6 f  =   33.449593 THz   210.169988 2PiTHz 1115.758306 cm-1   138.336337 meV
             X         Y         Z           dx          dy          dz
      0.757600  0.275888  7.661940            0           0           0  
      3.788000  0.275888  7.661940            0           0           0  
      2.272800  4.293312 10.488280            0           0           0  
      5.303200  4.293312 10.488280            0           0           0  
      0.757600  1.995239 12.648624    -0.000001   -0.000029   -0.004532  
      3.788000  2.024210 12.697098     0.000000   -0.000454   -0.004429  
      2.277749  2.641501 15.399969    -0.000148   -0.001951    0.000825  
      5.298251  2.641501 15.399969     0.000153   -0.001954    0.000816  
      2.272800  2.723746  8.125040            0           0           0  
      5.303200  2.723746  8.125040            0           0           0  
      0.757600  1.845454 10.025180            0           0           0  
      3.788000  1.845454 10.025180            0           0           0  
      2.245263  4.174099 13.110786    -0.078402   -0.176938   -0.622628  
      5.330737  4.174099 13.110786     0.078354   -0.177276   -0.623867  
      0.757600  0.480168 15.079181    -0.000073    0.059551    0.122448  
      3.788000  0.260957 15.365325     0.001451    0.109438    0.203543  
      0.757600  3.730889  6.005560            0           0           0  
      3.788000  3.730889  6.005560            0           0           0  
      2.272800  1.446289  7.148020            0           0           0  
      5.303200  1.446289  7.148020            0           0           0  
      5.303200  3.671078  8.495960            0           0           0  
      2.272800  3.671078  8.495960            0           0           0  
      3.788000  0.898122  9.654260            0           0           0  
      0.757600  0.898122  9.654260            0           0           0  
      0.757600  3.122911 11.002200            0           0           0  
      3.788000  3.122911 11.002200            0           0           0  
      5.294256  0.837693 12.158582    -0.002011    0.020296    0.011630  
      2.281744  0.837693 12.158582     0.002012    0.020266    0.011620  
      2.240833  3.209455 13.466325     0.003402    0.001479    0.039233  
      5.335167  3.209455 13.466325    -0.003401    0.001477    0.039294  
      0.757600  1.386630 14.620486     0.000009   -0.004133   -0.008914  
      3.788000  1.552981 14.674304    -0.000030   -0.006976   -0.008660  
      0.757600  3.684239 15.810118     0.000003   -0.000785   -0.004078  
      3.788000  3.912004 15.840536    -0.000086    0.001437   -0.011424  
      2.361442  2.021276 16.990149     0.000189    0.000677    0.001352  
      5.214558  2.021276 16.990149    -0.000187    0.000672    0.001375  
      3.788000  3.178764 17.575471    -0.000002    0.000753    0.001203  
 
   7 f  =   32.508042 THz   204.254054 2PiTHz 1084.351575 cm-1   134.442400 meV
             X         Y         Z           dx          dy          dz
      0.757600  0.275888  7.661940            0           0           0  
      3.788000  0.275888  7.661940            0           0           0  
      2.272800  4.293312 10.488280            0           0           0  
      5.303200  4.293312 10.488280            0           0           0  
      0.757600  1.995239 12.648624    -0.000469   -0.000002    0.000005  
      3.788000  2.024210 12.697098     0.000148    0.000001    0.000004  
      2.277749  2.641501 15.399969     0.000895    0.000807    0.002042  
      5.298251  2.641501 15.399969     0.000895   -0.000799   -0.002044  
      2.272800  2.723746  8.125040            0           0           0  
      5.303200  2.723746  8.125040            0           0           0  
      0.757600  1.845454 10.025180            0           0           0  
      3.788000  1.845454 10.025180            0           0           0  
      2.245263  4.174099 13.110786     0.000115    0.165011    0.584951  
      5.330737  4.174099 13.110786    -0.001339   -0.164557   -0.583424  
      0.757600  0.480168 15.079181     0.141101   -0.000067   -0.000133  
      3.788000  0.260957 15.365325     0.419429   -0.000353   -0.000670  
      0.757600  3.730889  6.005560            0           0           0  
      3.788000  3.730889  6.005560            0           0           0  
      2.272800  1.446289  7.148020            0           0           0  
      5.303200  1.446289  7.148020            0           0           0  
      5.303200  3.671078  8.495960            0           0           0  
      2.272800  3.671078  8.495960            0           0           0  
      3.788000  0.898122  9.654260            0           0           0  
      0.757600  0.898122  9.654260            0           0           0  
      0.757600  3.122911 11.002200            0           0           0  
      3.788000  3.122911 11.002200            0           0           0  
      5.294256  0.837693 12.158582    -0.000030    0.018726    0.007620  
      2.281744  0.837693 12.158582    -0.000067   -0.018781   -0.007657  
      2.240833  3.209455 13.466325    -0.000291    0.002661   -0.036234  
      5.335167  3.209455 13.466325    -0.000231   -0.002661    0.036116  
      0.757600  1.386630 14.620486    -0.005753   -0.000001    0.000014  
      3.788000  1.552981 14.674304    -0.006119    0.000023    0.000020  
      0.757600  3.684239 15.810118    -0.004407   -0.000002    0.000002  
      3.788000  3.912004 15.840536    -0.024118   -0.000003    0.000034  
      2.361442  2.021276 16.990149     0.000430    0.000959   -0.004534  
      5.214558  2.021276 16.990149     0.000429   -0.000965    0.004540  
      3.788000  3.178764 17.575471    -0.000341   -0.000002   -0.000003  
 
   8 f  =   32.305404 THz   202.980842 2PiTHz 1077.592297 cm-1   133.604357 meV
             X         Y         Z           dx          dy          dz
      0.757600  0.275888  7.661940            0           0           0  
      3.788000  0.275888  7.661940            0           0           0  
      2.272800  4.293312 10.488280            0           0           0  
      5.303200  4.293312 10.488280            0           0           0  
      0.757600  1.995239 12.648624    -0.000001    0.001225    0.000893  
      3.788000  2.024210 12.697098     0.000000   -0.001312    0.000962  
      2.277749  2.641501 15.399969     0.000408   -0.000438   -0.000301  
      5.298251  2.641501 15.399969    -0.000406   -0.000440   -0.000305  
      2.272800  2.723746  8.125040            0           0           0  
      5.303200  2.723746  8.125040            0           0           0  
      0.757600  1.845454 10.025180            0           0           0  
      3.788000  1.845454 10.025180            0           0           0  
      2.245263  4.174099 13.110786    -0.662983    0.023133    0.088589  
      5.330737  4.174099 13.110786     0.662886    0.022812    0.087442  
      0.757600  0.480168 15.079181     0.000219   -0.070589   -0.155836  
      3.788000  0.260957 15.365325     0.000344    0.087363    0.165946  
      0.757600  3.730889  6.005560            0           0           0  
      3.788000  3.730889  6.005560            0           0           0  
      2.272800  1.446289  7.148020            0           0           0  
      5.303200  1.446289  7.148020            0           0           0  
      5.303200  3.671078  8.495960            0           0           0  
      2.272800  3.671078  8.495960            0           0           0  
      3.788000  0.898122  9.654260            0           0           0  
      0.757600  0.898122  9.654260            0           0           0  
      0.757600  3.122911 11.002200            0           0           0  
      3.788000  3.122911 11.002200            0           0           0  
      5.294256  0.837693 12.158582    -0.016757   -0.004504   -0.001125  
      2.281744  0.837693 12.158582     0.016754   -0.004539   -0.001141  
      2.240833  3.209455 13.466325     0.027299    0.001847   -0.006100  
      5.335167  3.209455 13.466325    -0.027303    0.001842   -0.006028  
      0.757600  1.386630 14.620486    -0.000010    0.008312    0.006552  
      3.788000  1.552981 14.674304    -0.000004   -0.009148   -0.002355  
      0.757600  3.684239 15.810118    -0.000007    0.001893    0.005004  
      3.788000  3.912004 15.840536    -0.000017    0.001348   -0.008415  
      2.361442  2.021276 16.990149    -0.001253    0.000523   -0.000174  
      5.214558  2.021276 16.990149     0.001255    0.000520   -0.000165  
      3.788000  3.178764 17.575471     0.000001    0.000881    0.000092  
 
   9 f  =   30.474057 THz   191.474150 2PiTHz 1016.505140 cm-1   126.030518 meV
             X         Y         Z           dx          dy          dz
      0.757600  0.275888  7.661940            0           0           0  
      3.788000  0.275888  7.661940            0           0           0  
      2.272800  4.293312 10.488280            0           0           0  
      5.303200  4.293312 10.488280            0           0           0  
      0.757600  1.995239 12.648624    -0.000670    0.000000   -0.000001  
      3.788000  2.024210 12.697098    -0.000293    0.000000   -0.000000  
      2.277749  2.641501 15.399969     0.001011   -0.001145    0.000392  
      5.298251  2.641501 15.399969     0.001011    0.001146   -0.000393  
      2.272800  2.723746  8.125040            0           0           0  
      5.303200  2.723746  8.125040            0           0           0  
      0.757600  1.845454 10.025180            0           0           0  
      3.788000  1.845454 10.025180            0           0           0  
      2.245263  4.174099 13.110786    -0.600406   -0.022362   -0.060254  
      5.330737  4.174099 13.110786    -0.600487    0.022332    0.060151  
      0.757600  0.480168 15.079181     0.488949    0.000014    0.000032  
      3.788000  0.260957 15.365325     0.027206   -0.000032   -0.000056  
      0.757600  3.730889  6.005560            0           0           0  
      3.788000  3.730889  6.005560            0           0           0  
      2.272800  1.446289  7.148020            0           0           0  
      5.303200  1.446289  7.148020            0           0           0  
      5.303200  3.671078  8.495960            0           0           0  
      2.272800  3.671078  8.495960            0           0           0  
      3.788000  0.898122  9.654260            0           0           0  
      0.757600  0.898122  9.654260            0           0           0  
      0.757600  3.122911 11.002200            0           0           0  
      3.788000  3.122911 11.002200            0           0           0  
      5.294256  0.837693 12.158582     0.015104   -0.000735   -0.001291  
      2.281744  0.837693 12.158582     0.015094    0.000741    0.001292  
      2.240833  3.209455 13.466325     0.020728   -0.000638    0.004243  
      5.335167  3.209455 13.466325     0.020747    0.000637   -0.004234  
      0.757600  1.386630 14.620486    -0.018318   -0.000003   -0.000002  
      3.788000  1.552981 14.674304     0.004350    0.000003    0.000001  
      0.757600  3.684239 15.810118    -0.014005    0.000001   -0.000001  
      3.788000  3.912004 15.840536    -0.000527   -0.000001    0.000005  
      2.361442  2.021276 16.990149     0.000308    0.000586    0.000656  
      5.214558  2.021276 16.990149     0.000308   -0.000588   -0.000653  
      3.788000  3.178764 17.575471    -0.000775   -0.000001   -0.000001  
 
  10 f  =   30.063407 THz   188.893955 2PiTHz 1002.807304 cm-1   124.332204 meV
             X         Y         Z           dx          dy          dz
      0.757600  0.275888  7.661940            0           0           0  
      3.788000  0.275888  7.661940            0           0           0  
      2.272800  4.293312 10.488280            0           0           0  
      5.303200  4.293312 10.488280            0           0           0  
      0.757600  1.995239 12.648624    -0.000000   -0.000841    0.001245  
      3.788000  2.024210 12.697098    -0.000000    0.000261    0.001333  
      2.277749  2.641501 15.399969    -0.000010   -0.003211    0.004264  
      5.298251  2.641501 15.399969     0.000011   -0.003210    0.004262  
      2.272800  2.723746  8.125040            0           0           0  
      5.303200  2.723746  8.125040            0           0           0  
      0.757600  1.845454 10.025180            0           0           0  
      3.788000  1.845454 10.025180            0           0           0  
      2.245263  4.174099 13.110786     0.142252    0.047059    0.148273  
      5.330737  4.174099 13.110786    -0.142116    0.046985    0.148014  
      0.757600  0.480168 15.079181     0.000327    0.044364    0.091451  
      3.788000  0.260957 15.365325     0.000086    0.414038    0.818439  
      0.757600  3.730889  6.005560            0           0           0  
      3.788000  3.730889  6.005560            0           0           0  
      2.272800  1.446289  7.148020            0           0           0  
      5.303200  1.446289  7.148020            0           0           0  
      5.303200  3.671078  8.495960            0           0           0  
      2.272800  3.671078  8.495960            0           0           0  
      3.788000  0.898122  9.654260            0           0           0  
      0.757600  0.898122  9.654260            0           0           0  
      0.757600  3.122911 11.002200            0           0           0  
      3.788000  3.122911 11.002200            0           0           0  
      5.294256  0.837693 12.158582     0.004097   -0.006379   -0.001555  
      2.281744  0.837693 12.158582    -0.004099   -0.006392   -0.001560  
      2.240833  3.209455 13.466325    -0.004486    0.004889   -0.009755  
      5.335167  3.209455 13.466325     0.004482    0.004886   -0.009734  
      0.757600  1.386630 14.620486    -0.000013   -0.001599   -0.007523  
      3.788000  1.552981 14.674304    -0.000001   -0.019687   -0.029379  
      0.757600  3.684239 15.810118    -0.000009   -0.002925   -0.000734  
      3.788000  3.912004 15.840536    -0.000005    0.000776   -0.040608  
      2.361442  2.021276 16.990149    -0.001822    0.005823   -0.005312  
      5.214558  2.021276 16.990149     0.001822    0.005822   -0.005313  
      3.788000  3.178764 17.575471     0.000002    0.005418    0.003337  
 
  11 f  =   29.444804 THz   185.007159 2PiTHz  982.172938 cm-1   121.773870 meV
             X         Y         Z           dx          dy          dz
      0.757600  0.275888  7.661940            0           0           0  
      3.788000  0.275888  7.661940            0           0           0  
      2.272800  4.293312 10.488280            0           0           0  
      5.303200  4.293312 10.488280            0           0           0  
      0.757600  1.995239 12.648624    -0.000052    0.000000   -0.000000  
      3.788000  2.024210 12.697098    -0.000344    0.000000   -0.000000  
      2.277749  2.641501 15.399969     0.000347   -0.001973    0.000704  
      5.298251  2.641501 15.399969     0.000348    0.001974   -0.000707  
      2.272800  2.723746  8.125040            0           0           0  
      5.303200  2.723746  8.125040            0           0           0  
      0.757600  1.845454 10.025180            0           0           0  
      3.788000  1.845454 10.025180            0           0           0  
      2.245263  4.174099 13.110786     0.351173   -0.040035   -0.117842  
      5.330737  4.174099 13.110786     0.351240    0.039973    0.117655  
      0.757600  0.480168 15.079181     0.817367    0.000014    0.000032  
      3.788000  0.260957 15.365325     0.110108   -0.000119   -0.000235  
      0.757600  3.730889  6.005560            0           0           0  
      3.788000  3.730889  6.005560            0           0           0  
      2.272800  1.446289  7.148020            0           0           0  
      5.303200  1.446289  7.148020            0           0           0  
      5.303200  3.671078  8.495960            0           0           0  
      2.272800  3.671078  8.495960            0           0           0  
      3.788000  0.898122  9.654260            0           0           0  
      0.757600  0.898122  9.654260            0           0           0  
      0.757600  3.122911 11.002200            0           0           0  
      3.788000  3.122911 11.002200            0           0           0  
      5.294256  0.837693 12.158582    -0.008785   -0.005602   -0.000690  
      2.281744  0.837693 12.158582    -0.008777    0.005612    0.000695  
      2.240833  3.209455 13.466325    -0.014488   -0.005560    0.011027  
      5.335167  3.209455 13.466325    -0.014497    0.005554   -0.011007  
      0.757600  1.386630 14.620486    -0.033700   -0.000001   -0.000001  
      3.788000  1.552981 14.674304    -0.000911    0.000006    0.000009  
      0.757600  3.684239 15.810118    -0.022305    0.000001   -0.000001  
      3.788000  3.912004 15.840536    -0.004262   -0.000001    0.000012  
      2.361442  2.021276 16.990149     0.001229    0.001049    0.001221  
      5.214558  2.021276 16.990149     0.001227   -0.001052   -0.001221  
      3.788000  3.178764 17.575471    -0.001030   -0.000002   -0.000000  
 
  12 f  =   27.658695 THz   173.784708 2PiTHz  922.594766 cm-1   114.387121 meV
             X         Y         Z           dx          dy          dz
      0.757600  0.275888  7.661940            0           0           0  
      3.788000  0.275888  7.661940            0           0           0  
      2.272800  4.293312 10.488280            0           0           0  
      5.303200  4.293312 10.488280            0           0           0  
      0.757600  1.995239 12.648624    -0.000000   -0.000950   -0.002458  
      3.788000  2.024210 12.697098     0.000000    0.000552   -0.000748  
      2.277749  2.641501 15.399969     0.003005    0.001788   -0.005301  
      5.298251  2.641501 15.399969    -0.003005    0.001789   -0.005301  
      2.272800  2.723746  8.125040            0           0           0  
      5.303200  2.723746  8.125040            0           0           0  
      0.757600  1.845454 10.025180            0           0           0  
      3.788000  1.845454 10.025180            0           0           0  
      2.245263  4.174099 13.110786     0.121823   -0.029753   -0.083437  
      5.330737  4.174099 13.110786    -0.121809   -0.029714   -0.083308  
      0.757600  0.480168 15.079181     0.000030   -0.426298   -0.818621  
      3.788000  0.260957 15.365325    -0.000002    0.053113    0.094854  
      0.757600  3.730889  6.005560            0           0           0  
      3.788000  3.730889  6.005560            0           0           0  
      2.272800  1.446289  7.148020            0           0           0  
      5.303200  1.446289  7.148020            0           0           0  
      5.303200  3.671078  8.495960            0           0           0  
      2.272800  3.671078  8.495960            0           0           0  
      3.788000  0.898122  9.654260            0           0           0  
      0.757600  0.898122  9.654260            0           0           0  
      0.757600  3.122911 11.002200            0           0           0  
      3.788000  3.122911 11.002200            0           0           0  
      5.294256  0.837693 12.158582     0.003943    0.005926    0.000223  
      2.281744  0.837693 12.158582    -0.003943    0.005933    0.000227  
      2.240833  3.209455 13.466325    -0.005275   -0.003709    0.009134  
      5.335167  3.209455 13.466325     0.005276   -0.003705    0.009121  
      0.757600  1.386630 14.620486    -0.000002   -0.003265    0.063391  
      3.788000  1.552981 14.674304    -0.000000   -0.000934   -0.003375  
      0.757600  3.684239 15.810118    -0.000001    0.023502    0.017748  
      3.788000  3.912004 15.840536     0.000001    0.002063   -0.002772  
      2.361442  2.021276 16.990149    -0.004623   -0.003693    0.003816  
      5.214558  2.021276 16.990149     0.004623   -0.003694    0.003816  
      3.788000  3.178764 17.575471    -0.000003    0.000611   -0.003399  
 
  13 f  =   18.917556 THz   118.862512 2PiTHz  631.021755 cm-1    78.236691 meV
             X         Y         Z           dx          dy          dz
      0.757600  0.275888  7.661940            0           0           0  
      3.788000  0.275888  7.661940            0           0           0  
      2.272800  4.293312 10.488280            0           0           0  
      5.303200  4.293312 10.488280            0           0           0  
      0.757600  1.995239 12.648624     0.000001   -0.004465   -0.000541  
      3.788000  2.024210 12.697098    -0.000001   -0.004122   -0.001903  
      2.277749  2.641501 15.399969     0.005714   -0.011395    0.040330  
      5.298251  2.641501 15.399969    -0.005713   -0.011398    0.040335  
      2.272800  2.723746  8.125040            0           0           0  
      5.303200  2.723746  8.125040            0           0           0  
      0.757600  1.845454 10.025180            0           0           0  
      3.788000  1.845454 10.025180            0           0           0  
      2.245263  4.174099 13.110786     0.000673    0.001373   -0.023959  
      5.330737  4.174099 13.110786    -0.000682    0.001371   -0.023958  
      0.757600  0.480168 15.079181    -0.000004   -0.027132   -0.076030  
      3.788000  0.260957 15.365325     0.000003   -0.047839   -0.022072  
      0.757600  3.730889  6.005560            0           0           0  
      3.788000  3.730889  6.005560            0           0           0  
      2.272800  1.446289  7.148020            0           0           0  
      5.303200  1.446289  7.148020            0           0           0  
      5.303200  3.671078  8.495960            0           0           0  
      2.272800  3.671078  8.495960            0           0           0  
      3.788000  0.898122  9.654260            0           0           0  
      0.757600  0.898122  9.654260            0           0           0  
      0.757600  3.122911 11.002200            0           0           0  
      3.788000  3.122911 11.002200            0           0           0  
      5.294256  0.837693 12.158582    -0.002329    0.006802    0.014571  
      2.281744  0.837693 12.158582     0.002329    0.006806    0.014572  
      2.240833  3.209455 13.466325     0.002900    0.008009   -0.014245  
      5.335167  3.209455 13.466325    -0.002896    0.008008   -0.014245  
      0.757600  1.386630 14.620486    -0.000001    0.003261   -0.014289  
      3.788000  1.552981 14.674304     0.000001    0.038172   -0.019558  
      0.757600  3.684239 15.810118    -0.000006   -0.031288    0.021273  
      3.788000  3.912004 15.840536    -0.000001   -0.042216    0.011557  
      2.361442  2.021276 16.990149    -0.002733    0.057594   -0.133851  
      5.214558  2.021276 16.990149     0.002737    0.057601   -0.133869  
      3.788000  3.178764 17.575471    -0.000013    0.019988    0.012759  
 
  14 f  =   18.630556 THz   117.059237 2PiTHz  621.448463 cm-1    77.049755 meV
             X         Y         Z           dx          dy          dz
      0.757600  0.275888  7.661940            0           0           0  
      3.788000  0.275888  7.661940            0           0           0  
      2.272800  4.293312 10.488280            0           0           0  
      5.303200  4.293312 10.488280            0           0           0  
      0.757600  1.995239 12.648624     0.008069    0.000001    0.000001  
      3.788000  2.024210 12.697098    -0.008049    0.000000    0.000000  
      2.277749  2.641501 15.399969     0.004452    0.012954   -0.039263  
      5.298251  2.641501 15.399969     0.004454   -0.012952    0.039259  
      2.272800  2.723746  8.125040            0           0           0  
      5.303200  2.723746  8.125040            0           0           0  
      0.757600  1.845454 10.025180            0           0           0  
      3.788000  1.845454 10.025180            0           0           0  
      2.245263  4.174099 13.110786    -0.002440   -0.013290    0.024673  
      5.330737  4.174099 13.110786    -0.002430    0.013293   -0.024662  
      0.757600  0.480168 15.079181    -0.036516    0.000001    0.000002  
      3.788000  0.260957 15.365325     0.053631    0.000003    0.000000  
      0.757600  3.730889  6.005560            0           0           0  
      3.788000  3.730889  6.005560            0           0           0  
      2.272800  1.446289  7.148020            0           0           0  
      5.303200  1.446289  7.148020            0           0           0  
      5.303200  3.671078  8.495960            0           0           0  
      2.272800  3.671078  8.495960            0           0           0  
      3.788000  0.898122  9.654260            0           0           0  
      0.757600  0.898122  9.654260            0           0           0  
      0.757600  3.122911 11.002200            0           0           0  
      3.788000  3.122911 11.002200            0           0           0  
      5.294256  0.837693 12.158582     0.000692   -0.013713    0.001512  
      2.281744  0.837693 12.158582     0.000690    0.013705   -0.001524  
      2.240833  3.209455 13.466325    -0.001635   -0.020194    0.006612  
      5.335167  3.209455 13.466325    -0.001623    0.020191   -0.006617  
      0.757600  1.386630 14.620486     0.003535    0.000000    0.000001  
      3.788000  1.552981 14.674304     0.018799   -0.000005    0.000000  
      0.757600  3.684239 15.810118    -0.071442   -0.000001   -0.000003  
      3.788000  3.912004 15.840536    -0.003281    0.000004    0.000000  
      2.361442  2.021276 16.990149     0.010065   -0.059104    0.133515  
      5.214558  2.021276 16.990149     0.010063    0.059098   -0.133497  
      3.788000  3.178764 17.575471     0.004208   -0.000004   -0.000002  
 
  15 f  =   17.645552 THz   110.870273 2PiTHz  588.592260 cm-1    72.976107 meV
             X         Y         Z           dx          dy          dz
      0.757600  0.275888  7.661940            0           0           0  
      3.788000  0.275888  7.661940            0           0           0  
      2.272800  4.293312 10.488280            0           0           0  
      5.303200  4.293312 10.488280            0           0           0  
      0.757600  1.995239 12.648624     0.000000   -0.005699   -0.000427  
      3.788000  2.024210 12.697098    -0.000001   -0.002799   -0.005225  
      2.277749  2.641501 15.399969    -0.012036   -0.014460    0.004674  
      5.298251  2.641501 15.399969     0.012035   -0.014460    0.004676  
      2.272800  2.723746  8.125040            0           0           0  
      5.303200  2.723746  8.125040            0           0           0  
      0.757600  1.845454 10.025180            0           0           0  
      3.788000  1.845454 10.025180            0           0           0  
      2.245263  4.174099 13.110786     0.000368    0.045982   -0.038257  
      5.330737  4.174099 13.110786    -0.000371    0.046006   -0.038257  
      0.757600  0.480168 15.079181     0.000005   -0.009425   -0.017725  
      3.788000  0.260957 15.365325    -0.000006    0.157553   -0.147277  
      0.757600  3.730889  6.005560            0           0           0  
      3.788000  3.730889  6.005560            0           0           0  
      2.272800  1.446289  7.148020            0           0           0  
      5.303200  1.446289  7.148020            0           0           0  
      5.303200  3.671078  8.495960            0           0           0  
      2.272800  3.671078  8.495960            0           0           0  
      3.788000  0.898122  9.654260            0           0           0  
      0.757600  0.898122  9.654260            0           0           0  
      0.757600  3.122911 11.002200            0           0           0  
      3.788000  3.122911 11.002200            0           0           0  
      5.294256  0.837693 12.158582     0.007185   -0.023368   -0.010863  
      2.281744  0.837693 12.158582    -0.007183   -0.023363   -0.010865  
      2.240833  3.209455 13.466325    -0.016363    0.048318   -0.010663  
      5.335167  3.209455 13.466325     0.016366    0.048335   -0.010681  
      0.757600  1.386630 14.620486    -0.000000    0.005526    0.005763  
      3.788000  1.552981 14.674304    -0.000001   -0.095035    0.061187  
      0.757600  3.684239 15.810118     0.000001   -0.009494    0.004414  
      3.788000  3.912004 15.840536    -0.000000    0.154349   -0.040944  
      2.361442  2.021276 16.990149    -0.007466   -0.001605   -0.031976  
      5.214558  2.021276 16.990149     0.007463   -0.001606   -0.031965  
      3.788000  3.178764 17.575471     0.000023   -0.015554    0.140746  
 
  16 f  =   16.439922 THz   103.295077 2PiTHz  548.376774 cm-1    67.990024 meV
             X         Y         Z           dx          dy          dz
      0.757600  0.275888  7.661940            0           0           0  
      3.788000  0.275888  7.661940            0           0           0  
      2.272800  4.293312 10.488280            0           0           0  
      5.303200  4.293312 10.488280            0           0           0  
      0.757600  1.995239 12.648624    -0.000007   -0.000447    0.004112  
      3.788000  2.024210 12.697098     0.000007    0.003153    0.001335  
      2.277749  2.641501 15.399969    -0.010277    0.002232   -0.001180  
      5.298251  2.641501 15.399969     0.010277    0.002233   -0.001183  
      2.272800  2.723746  8.125040            0           0           0  
      5.303200  2.723746  8.125040            0           0           0  
      0.757600  1.845454 10.025180            0           0           0  
      3.788000  1.845454 10.025180            0           0           0  
      2.245263  4.174099 13.110786    -0.005887   -0.073721    0.081288  
      5.330737  4.174099 13.110786     0.005890   -0.073794    0.081337  
      0.757600  0.480168 15.079181     0.000001    0.042556   -0.068545  
      3.788000  0.260957 15.365325    -0.000001    0.049748   -0.049514  
      0.757600  3.730889  6.005560            0           0           0  
      3.788000  3.730889  6.005560            0           0           0  
      2.272800  1.446289  7.148020            0           0           0  
      5.303200  1.446289  7.148020            0           0           0  
      5.303200  3.671078  8.495960            0           0           0  
      2.272800  3.671078  8.495960            0           0           0  
      3.788000  0.898122  9.654260            0           0           0  
      0.757600  0.898122  9.654260            0           0           0  
      0.757600  3.122911 11.002200            0           0           0  
      3.788000  3.122911 11.002200            0           0           0  
      5.294256  0.837693 12.158582     0.013365    0.102955    0.071806  
      2.281744  0.837693 12.158582    -0.013367    0.102893    0.071774  
      2.240833  3.209455 13.466325    -0.003708   -0.086733   -0.014052  
      5.335167  3.209455 13.466325     0.003703   -0.086796   -0.014015  
      0.757600  1.386630 14.620486    -0.000007    0.039439   -0.043538  
      3.788000  1.552981 14.674304     0.000013   -0.030168   -0.043444  
      0.757600  3.684239 15.810118    -0.000000   -0.026573    0.000218  
      3.788000  3.912004 15.840536    -0.000002    0.056228   -0.006571  
      2.361442  2.021276 16.990149    -0.007278   -0.004988   -0.000018  
      5.214558  2.021276 16.990149     0.007276   -0.004977   -0.000042  
      3.788000  3.178764 17.575471     0.000013   -0.002540    0.063111  
 
  17 f  =   16.095812 THz   101.132968 2PiTHz  536.898489 cm-1    66.566899 meV
             X         Y         Z           dx          dy          dz
      0.757600  0.275888  7.661940            0           0           0  
      3.788000  0.275888  7.661940            0           0           0  
      2.272800  4.293312 10.488280            0           0           0  
      5.303200  4.293312 10.488280            0           0           0  
      0.757600  1.995239 12.648624    -0.000002    0.013395    0.017056  
      3.788000  2.024210 12.697098     0.000001    0.011697    0.008435  
      2.277749  2.641501 15.399969    -0.015186    0.002265   -0.010813  
      5.298251  2.641501 15.399969     0.015186    0.002266   -0.010815  
      2.272800  2.723746  8.125040            0           0           0  
      5.303200  2.723746  8.125040            0           0           0  
      0.757600  1.845454 10.025180            0           0           0  
      3.788000  1.845454 10.025180            0           0           0  
      2.245263  4.174099 13.110786     0.027418   -0.070186    0.030469  
      5.330737  4.174099 13.110786    -0.027423   -0.070214    0.030473  
      0.757600  0.480168 15.079181    -0.000001    0.096912   -0.075345  
      3.788000  0.260957 15.365325    -0.000005   -0.000676    0.005483  
      0.757600  3.730889  6.005560            0           0           0  
      3.788000  3.730889  6.005560            0           0           0  
      2.272800  1.446289  7.148020            0           0           0  
      5.303200  1.446289  7.148020            0           0           0  
      5.303200  3.671078  8.495960            0           0           0  
      2.272800  3.671078  8.495960            0           0           0  
      3.788000  0.898122  9.654260            0           0           0  
      0.757600  0.898122  9.654260            0           0           0  
      0.757600  3.122911 11.002200            0           0           0  
      3.788000  3.122911 11.002200            0           0           0  
      5.294256  0.837693 12.158582    -0.034290   -0.040771   -0.064577  
      2.281744  0.837693 12.158582     0.034294   -0.040790   -0.064589  
      2.240833  3.209455 13.466325     0.005400   -0.051754    0.066100  
      5.335167  3.209455 13.466325    -0.005388   -0.051778    0.066114  
      0.757600  1.386630 14.620486    -0.000005    0.116178    0.011277  
      3.788000  1.552981 14.674304     0.000003    0.025604   -0.010422  
      0.757600  3.684239 15.810118    -0.000005   -0.096633   -0.015906  
      3.788000  3.912004 15.840536     0.000000   -0.005317   -0.018409  
      2.361442  2.021276 16.990149    -0.009241    0.003329   -0.015274  
      5.214558  2.021276 16.990149     0.009246    0.003324   -0.015276  
      3.788000  3.178764 17.575471    -0.000024    0.013076    0.077645  
 
  18 f  =   15.805699 THz    99.310137 2PiTHz  527.221373 cm-1    65.367090 meV
             X         Y         Z           dx          dy          dz
      0.757600  0.275888  7.661940            0           0           0  
      3.788000  0.275888  7.661940            0           0           0  
      2.272800  4.293312 10.488280            0           0           0  
      5.303200  4.293312 10.488280            0           0           0  
      0.757600  1.995239 12.648624     0.024225   -0.000007    0.000006  
      3.788000  2.024210 12.697098    -0.020328   -0.000002   -0.000003  
      2.277749  2.641501 15.399969     0.000527    0.001783   -0.001636  
      5.298251  2.641501 15.399969     0.000561   -0.001770    0.001648  
      2.272800  2.723746  8.125040            0           0           0  
      5.303200  2.723746  8.125040            0           0           0  
      0.757600  1.845454 10.025180            0           0           0  
      3.788000  1.845454 10.025180            0           0           0  
      2.245263  4.174099 13.110786    -0.011401   -0.086119    0.107929  
      5.330737  4.174099 13.110786    -0.011409    0.086130   -0.107913  
      0.757600  0.480168 15.079181     0.003700    0.000071   -0.000107  
      3.788000  0.260957 15.365325    -0.004322    0.000004    0.000022  
      0.757600  3.730889  6.005560            0           0           0  
      3.788000  3.730889  6.005560            0           0           0  
      2.272800  1.446289  7.148020            0           0           0  
      5.303200  1.446289  7.148020            0           0           0  
      5.303200  3.671078  8.495960            0           0           0  
      2.272800  3.671078  8.495960            0           0           0  
      3.788000  0.898122  9.654260            0           0           0  
      0.757600  0.898122  9.654260            0           0           0  
      0.757600  3.122911 11.002200            0           0           0  
      3.788000  3.122911 11.002200            0           0           0  
      5.294256  0.837693 12.158582    -0.008056   -0.111933   -0.069018  
      2.281744  0.837693 12.158582    -0.008059    0.111985    0.069059  
      2.240833  3.209455 13.466325     0.003622   -0.093822    0.005834  
      5.335167  3.209455 13.466325     0.003671    0.093808   -0.005915  
      0.757600  1.386630 14.620486     0.028977    0.000089   -0.000016  
      3.788000  1.552981 14.674304    -0.040886   -0.000050   -0.000011  
      0.757600  3.684239 15.810118     0.001698   -0.000097   -0.000023  
      3.788000  3.912004 15.840536     0.005026    0.000009    0.000041  
      2.361442  2.021276 16.990149    -0.001676    0.009281   -0.026606  
      5.214558  2.021276 16.990149    -0.001692   -0.009263    0.026638  
      3.788000  3.178764 17.575471     0.000647   -0.000017   -0.000114  
 
  19 f  =   15.522989 THz    97.533819 2PiTHz  517.791194 cm-1    64.197897 meV
             X         Y         Z           dx          dy          dz
      0.757600  0.275888  7.661940            0           0           0  
      3.788000  0.275888  7.661940            0           0           0  
      2.272800  4.293312 10.488280            0           0           0  
      5.303200  4.293312 10.488280            0           0           0  
      0.757600  1.995239 12.648624     0.000017    0.008455   -0.003452  
      3.788000  2.024210 12.697098    -0.000015    0.000116    0.009123  
      2.277749  2.641501 15.399969     0.016202   -0.006285   -0.006930  
      5.298251  2.641501 15.399969    -0.016201   -0.006287   -0.006929  
      2.272800  2.723746  8.125040            0           0           0  
      5.303200  2.723746  8.125040            0           0           0  
      0.757600  1.845454 10.025180            0           0           0  
      3.788000  1.845454 10.025180            0           0           0  
      2.245263  4.174099 13.110786     0.018953   -0.018965    0.030128  
      5.330737  4.174099 13.110786    -0.018985   -0.018877    0.029992  
      0.757600  0.480168 15.079181    -0.000002   -0.055121    0.095839  
      3.788000  0.260957 15.365325     0.000003   -0.007422   -0.044140  
      0.757600  3.730889  6.005560            0           0           0  
      3.788000  3.730889  6.005560            0           0           0  
      2.272800  1.446289  7.148020            0           0           0  
      5.303200  1.446289  7.148020            0           0           0  
      5.303200  3.671078  8.495960            0           0           0  
      2.272800  3.671078  8.495960            0           0           0  
      3.788000  0.898122  9.654260            0           0           0  
      0.757600  0.898122  9.654260            0           0           0  
      0.757600  3.122911 11.002200            0           0           0  
      3.788000  3.122911 11.002200            0           0           0  
      5.294256  0.837693 12.158582    -0.025190   -0.001148   -0.005953  
      2.281744  0.837693 12.158582     0.025182   -0.000980   -0.005843  
      2.240833  3.209455 13.466325     0.038776   -0.020247    0.018075  
      5.335167  3.209455 13.466325    -0.038769   -0.020137    0.018107  
      0.757600  1.386630 14.620486     0.000018   -0.077317    0.003176  
      3.788000  1.552981 14.674304    -0.000023    0.082284   -0.036242  
      0.757600  3.684239 15.810118    -0.000004    0.092497    0.026075  
      3.788000  3.912004 15.840536     0.000004   -0.006088   -0.069461  
      2.361442  2.021276 16.990149    -0.024859   -0.021420   -0.008046  
      5.214558  2.021276 16.990149     0.024853   -0.021425   -0.008019  
      3.788000  3.178764 17.575471     0.000014    0.036671    0.221650  
 
  20 f  =   15.217136 THz    95.612083 2PiTHz  507.589009 cm-1    62.932988 meV
             X         Y         Z           dx          dy          dz
      0.757600  0.275888  7.661940            0           0           0  
      3.788000  0.275888  7.661940            0           0           0  
      2.272800  4.293312 10.488280            0           0           0  
      5.303200  4.293312 10.488280            0           0           0  
      0.757600  1.995239 12.648624     0.000004   -0.006778    0.005184  
      3.788000  2.024210 12.697098    -0.000002    0.014271    0.004019  
      2.277749  2.641501 15.399969     0.012221   -0.006866   -0.007936  
      5.298251  2.641501 15.399969    -0.012221   -0.006867   -0.007937  
      2.272800  2.723746  8.125040            0           0           0  
      5.303200  2.723746  8.125040            0           0           0  
      0.757600  1.845454 10.025180            0           0           0  
      3.788000  1.845454 10.025180            0           0           0  
      2.245263  4.174099 13.110786    -0.076079   -0.027728    0.017092  
      5.330737  4.174099 13.110786     0.076106   -0.027709    0.017044  
      0.757600  0.480168 15.079181    -0.000001    0.033766   -0.041252  
      3.788000  0.260957 15.365325    -0.000003   -0.007415    0.042404  
      0.757600  3.730889  6.005560            0           0           0  
      3.788000  3.730889  6.005560            0           0           0  
      2.272800  1.446289  7.148020            0           0           0  
      5.303200  1.446289  7.148020            0           0           0  
      5.303200  3.671078  8.495960            0           0           0  
      2.272800  3.671078  8.495960            0           0           0  
      3.788000  0.898122  9.654260            0           0           0  
      0.757600  0.898122  9.654260            0           0           0  
      0.757600  3.122911 11.002200            0           0           0  
      3.788000  3.122911 11.002200            0           0           0  
      5.294256  0.837693 12.158582     0.143235   -0.007318   -0.022518  
      2.281744  0.837693 12.158582    -0.143250   -0.007290   -0.022501  
      2.240833  3.209455 13.466325    -0.031235   -0.021357    0.024025  
      5.335167  3.209455 13.466325     0.031224   -0.021329    0.024034  
      0.757600  1.386630 14.620486     0.000003    0.025828   -0.049445  
      3.788000  1.552981 14.674304    -0.000006    0.031893    0.069946  
      0.757600  3.684239 15.810118     0.000002    0.034120    0.014965  
      3.788000  3.912004 15.840536    -0.000001   -0.027584   -0.018286  
      2.361442  2.021276 16.990149     0.005973    0.002579   -0.009625  
      5.214558  2.021276 16.990149    -0.005974    0.002576   -0.009617  
      3.788000  3.178764 17.575471     0.000010    0.004963    0.035704  
 
  21 f  =   14.568129 THz    91.534255 2PiTHz  485.940480 cm-1    60.248914 meV
             X         Y         Z           dx          dy          dz
      0.757600  0.275888  7.661940            0           0           0  
      3.788000  0.275888  7.661940            0           0           0  
      2.272800  4.293312 10.488280            0           0           0  
      5.303200  4.293312 10.488280            0           0           0  
      0.757600  1.995239 12.648624    -0.000004   -0.020830   -0.014046  
      3.788000  2.024210 12.697098     0.000003   -0.014765   -0.012041  
      2.277749  2.641501 15.399969    -0.011209    0.019350    0.000133  
      5.298251  2.641501 15.399969     0.011209    0.019347    0.000140  
      2.272800  2.723746  8.125040            0           0           0  
      5.303200  2.723746  8.125040            0           0           0  
      0.757600  1.845454 10.025180            0           0           0  
      3.788000  1.845454 10.025180            0           0           0  
      2.245263  4.174099 13.110786    -0.011959    0.068365   -0.025595  
      5.330737  4.174099 13.110786     0.011968    0.068410   -0.025609  
      0.757600  0.480168 15.079181    -0.000004    0.006774   -0.018760  
      3.788000  0.260957 15.365325     0.000002   -0.061175    0.016708  
      0.757600  3.730889  6.005560            0           0           0  
      3.788000  3.730889  6.005560            0           0           0  
      2.272800  1.446289  7.148020            0           0           0  
      5.303200  1.446289  7.148020            0           0           0  
      5.303200  3.671078  8.495960            0           0           0  
      2.272800  3.671078  8.495960            0           0           0  
      3.788000  0.898122  9.654260            0           0           0  
      0.757600  0.898122  9.654260            0           0           0  
      0.757600  3.122911 11.002200            0           0           0  
      3.788000  3.122911 11.002200            0           0           0  
      5.294256  0.837693 12.158582     0.031757    0.016313    0.039523  
      2.281744  0.837693 12.158582    -0.031755    0.016254    0.039465  
      2.240833  3.209455 13.466325     0.000072    0.064207   -0.025778  
      5.335167  3.209455 13.466325    -0.000069    0.064226   -0.025869  
      0.757600  1.386630 14.620486     0.000001    0.022776    0.043759  
      3.788000  1.552981 14.674304    -0.000007    0.027090    0.004873  
      0.757600  3.684239 15.810118    -0.000001   -0.106829   -0.044488  
      3.788000  3.912004 15.840536     0.000004   -0.080727   -0.034979  
      2.361442  2.021276 16.990149    -0.030115   -0.032463    0.020972  
      5.214558  2.021276 16.990149     0.030144   -0.032486    0.020969  
      3.788000  3.178764 17.575471    -0.000102    0.073783    0.133583  
 
  22 f  =   14.190287 THz    89.160205 2PiTHz  473.337036 cm-1    58.686287 meV
             X         Y         Z           dx          dy          dz
      0.757600  0.275888  7.661940            0           0           0  
      3.788000  0.275888  7.661940            0           0           0  
      2.272800  4.293312 10.488280            0           0           0  
      5.303200  4.293312 10.488280            0           0           0  
      0.757600  1.995239 12.648624     0.008365   -0.000003   -0.000013  
      3.788000  2.024210 12.697098    -0.002524    0.000000   -0.000010  
      2.277749  2.641501 15.399969    -0.003362   -0.001608    0.014275  
      5.298251  2.641501 15.399969    -0.003343    0.001641   -0.014276  
      2.272800  2.723746  8.125040            0           0           0  
      5.303200  2.723746  8.125040            0           0           0  
      0.757600  1.845454 10.025180            0           0           0  
      3.788000  1.845454 10.025180            0           0           0  
      2.245263  4.174099 13.110786    -0.003192    0.092686   -0.103860  
      5.330737  4.174099 13.110786    -0.003177   -0.092652    0.103860  
      0.757600  0.480168 15.079181     0.001465   -0.000038    0.000045  
      3.788000  0.260957 15.365325     0.024086   -0.000005    0.000007  
      0.757600  3.730889  6.005560            0           0           0  
      3.788000  3.730889  6.005560            0           0           0  
      2.272800  1.446289  7.148020            0           0           0  
      5.303200  1.446289  7.148020            0           0           0  
      5.303200  3.671078  8.495960            0           0           0  
      2.272800  3.671078  8.495960            0           0           0  
      3.788000  0.898122  9.654260            0           0           0  
      0.757600  0.898122  9.654260            0           0           0  
      0.757600  3.122911 11.002200            0           0           0  
      3.788000  3.122911 11.002200            0           0           0  
      5.294256  0.837693 12.158582    -0.011852   -0.053786   -0.069133  
      2.281744  0.837693 12.158582    -0.011895    0.053786    0.069157  
      2.240833  3.209455 13.466325    -0.011110    0.073797   -0.111325  
      5.335167  3.209455 13.466325    -0.011120   -0.073752    0.111366  
      0.757600  1.386630 14.620486    -0.027576   -0.000039    0.000047  
      3.788000  1.552981 14.674304     0.066477   -0.000037    0.000030  
      0.757600  3.684239 15.810118     0.006505   -0.000056   -0.000021  
      3.788000  3.912004 15.840536     0.000854   -0.000020    0.000009  
      2.361442  2.021276 16.990149     0.004224   -0.003860    0.023380  
      5.214558  2.021276 16.990149     0.004244    0.003847   -0.023395  
      3.788000  3.178764 17.575471    -0.026787    0.000032    0.000001  
 
  23 f  =   13.552467 THz    85.152661 2PiTHz  452.061636 cm-1    56.048474 meV
             X         Y         Z           dx          dy          dz
      0.757600  0.275888  7.661940            0           0           0  
      3.788000  0.275888  7.661940            0           0           0  
      2.272800  4.293312 10.488280            0           0           0  
      5.303200  4.293312 10.488280            0           0           0  
      0.757600  1.995239 12.648624    -0.000002   -0.019586    0.008401  
      3.788000  2.024210 12.697098     0.000003   -0.023853   -0.010553  
      2.277749  2.641501 15.399969     0.012497   -0.030210   -0.010388  
      5.298251  2.641501 15.399969    -0.012493   -0.030206   -0.010396  
      2.272800  2.723746  8.125040            0           0           0  
      5.303200  2.723746  8.125040            0           0           0  
      0.757600  1.845454 10.025180            0           0           0  
      3.788000  1.845454 10.025180            0           0           0  
      2.245263  4.174099 13.110786     0.023212    0.039510    0.000247  
      5.330737  4.174099 13.110786    -0.023216    0.039455    0.000337  
      0.757600  0.480168 15.079181    -0.000005    0.113401   -0.089027  
      3.788000  0.260957 15.365325     0.000008   -0.012523    0.031024  
      0.757600  3.730889  6.005560            0           0           0  
      3.788000  3.730889  6.005560            0           0           0  
      2.272800  1.446289  7.148020            0           0           0  
      5.303200  1.446289  7.148020            0           0           0  
      5.303200  3.671078  8.495960            0           0           0  
      2.272800  3.671078  8.495960            0           0           0  
      3.788000  0.898122  9.654260            0           0           0  
      0.757600  0.898122  9.654260            0           0           0  
      0.757600  3.122911 11.002200            0           0           0  
      3.788000  3.122911 11.002200            0           0           0  
      5.294256  0.837693 12.158582    -0.054696    0.026379    0.028827  
      2.281744  0.837693 12.158582     0.054691    0.026392    0.028859  
      2.240833  3.209455 13.466325    -0.022619    0.042073   -0.005727  
      5.335167  3.209455 13.466325     0.022619    0.042030   -0.005645  
      0.757600  1.386630 14.620486    -0.000010    0.128253   -0.046095  
      3.788000  1.552981 14.674304     0.000016    0.061006    0.059589  
      0.757600  3.684239 15.810118    -0.000014    0.056513    0.031662  
      3.788000  3.912004 15.840536     0.000003   -0.022724   -0.033280  
      2.361442  2.021276 16.990149     0.024556    0.008839    0.019900  
      5.214558  2.021276 16.990149    -0.024575    0.008856    0.019888  
      3.788000  3.178764 17.575471     0.000038   -0.050079    0.015939  
 
  24 f  =   13.416831 THz    84.300434 2PiTHz  447.537302 cm-1    55.487529 meV
             X         Y         Z           dx          dy          dz
      0.757600  0.275888  7.661940            0           0           0  
      3.788000  0.275888  7.661940            0           0           0  
      2.272800  4.293312 10.488280            0           0           0  
      5.303200  4.293312 10.488280            0           0           0  
      0.757600  1.995239 12.648624    -0.000002    0.018513    0.003149  
      3.788000  2.024210 12.697098     0.000003    0.006768   -0.014911  
      2.277749  2.641501 15.399969     0.008169    0.017492   -0.012524  
      5.298251  2.641501 15.399969    -0.008148    0.017506   -0.012520  
      2.272800  2.723746  8.125040            0           0           0  
      5.303200  2.723746  8.125040            0           0           0  
      0.757600  1.845454 10.025180            0           0           0  
      3.788000  1.845454 10.025180            0           0           0  
      2.245263  4.174099 13.110786    -0.021374   -0.030462    0.019240  
      5.330737  4.174099 13.110786     0.021385   -0.030450    0.019219  
      0.757600  0.480168 15.079181    -0.000011   -0.022673    0.051922  
      3.788000  0.260957 15.365325    -0.000005   -0.019495    0.087415  
      0.757600  3.730889  6.005560            0           0           0  
      3.788000  3.730889  6.005560            0           0           0  
      2.272800  1.446289  7.148020            0           0           0  
      5.303200  1.446289  7.148020            0           0           0  
      5.303200  3.671078  8.495960            0           0           0  
      2.272800  3.671078  8.495960            0           0           0  
      3.788000  0.898122  9.654260            0           0           0  
      0.757600  0.898122  9.654260            0           0           0  
      0.757600  3.122911 11.002200            0           0           0  
      3.788000  3.122911 11.002200            0           0           0  
      5.294256  0.837693 12.158582    -0.053150    0.021154   -0.002873  
      2.281744  0.837693 12.158582     0.053147    0.021138   -0.002874  
      2.240833  3.209455 13.466325    -0.068483   -0.033253   -0.000455  
      5.335167  3.209455 13.466325     0.068487   -0.033230   -0.000438  
      0.757600  1.386630 14.620486     0.000022   -0.038541    0.008687  
      3.788000  1.552981 14.674304    -0.000058   -0.077104    0.128421  
      0.757600  3.684239 15.810118    -0.000051    0.015787    0.007886  
      3.788000  3.912004 15.840536     0.000015   -0.076089    0.021407  
      2.361442  2.021276 16.990149    -0.001213   -0.010285   -0.031172  
      5.214558  2.021276 16.990149     0.001151   -0.010246   -0.031134  
      3.788000  3.178764 17.575471     0.000131    0.090827    0.053150  
 
  25 f  =   13.088596 THz    82.238074 2PiTHz  436.588567 cm-1    54.130059 meV
             X         Y         Z           dx          dy          dz
      0.757600  0.275888  7.661940            0           0           0  
      3.788000  0.275888  7.661940            0           0           0  
      2.272800  4.293312 10.488280            0           0           0  
      5.303200  4.293312 10.488280            0           0           0  
      0.757600  1.995239 12.648624     0.022058    0.000036    0.000077  
      3.788000  2.024210 12.697098    -0.018324    0.000024    0.000049  
      2.277749  2.641501 15.399969    -0.024261    0.016574   -0.000240  
      5.298251  2.641501 15.399969    -0.024322   -0.016572    0.000295  
      2.272800  2.723746  8.125040            0           0           0  
      5.303200  2.723746  8.125040            0           0           0  
      0.757600  1.845454 10.025180            0           0           0  
      3.788000  1.845454 10.025180            0           0           0  
      2.245263  4.174099 13.110786    -0.012798   -0.030869    0.034400  
      5.330737  4.174099 13.110786    -0.012698    0.030773   -0.035136  
      0.757600  0.480168 15.079181     0.013663    0.000107   -0.000186  
      3.788000  0.260957 15.365325     0.019454   -0.000108   -0.000014  
      0.757600  3.730889  6.005560            0           0           0  
      3.788000  3.730889  6.005560            0           0           0  
      2.272800  1.446289  7.148020            0           0           0  
      5.303200  1.446289  7.148020            0           0           0  
      5.303200  3.671078  8.495960            0           0           0  
      2.272800  3.671078  8.495960            0           0           0  
      3.788000  0.898122  9.654260            0           0           0  
      0.757600  0.898122  9.654260            0           0           0  
      0.757600  3.122911 11.002200            0           0           0  
      3.788000  3.122911 11.002200            0           0           0  
      5.294256  0.837693 12.158582    -0.009371   -0.013276    0.036564  
      2.281744  0.837693 12.158582    -0.009276    0.013155   -0.036815  
      2.240833  3.209455 13.466325    -0.011835   -0.022662    0.028723  
      5.335167  3.209455 13.466325    -0.011529    0.022536   -0.029299  
      0.757600  1.386630 14.620486    -0.035595    0.000098   -0.000147  
      3.788000  1.552981 14.674304     0.122009   -0.000094   -0.000118  
      0.757600  3.684239 15.810118     0.118558    0.000073    0.000126  
      3.788000  3.912004 15.840536    -0.034537   -0.000076    0.000026  
      2.361442  2.021276 16.990149     0.044771    0.025908    0.017597  
      5.214558  2.021276 16.990149     0.044907   -0.026012   -0.017492  
      3.788000  3.178764 17.575471    -0.148696    0.000146    0.000139  
 
  26 f  =   12.799090 THz    80.419055 2PiTHz  426.931692 cm-1    52.932760 meV
             X         Y         Z           dx          dy          dz
      0.757600  0.275888  7.661940            0           0           0  
      3.788000  0.275888  7.661940            0           0           0  
      2.272800  4.293312 10.488280            0           0           0  
      5.303200  4.293312 10.488280            0           0           0  
      0.757600  1.995239 12.648624    -0.000136    0.009826    0.027207  
      3.788000  2.024210 12.697098     0.000101    0.007705    0.021980  
      2.277749  2.641501 15.399969     0.010273   -0.001086    0.015287  
      5.298251  2.641501 15.399969    -0.010061   -0.000945    0.015249  
      2.272800  2.723746  8.125040            0           0           0  
      5.303200  2.723746  8.125040            0           0           0  
      0.757600  1.845454 10.025180            0           0           0  
      3.788000  1.845454 10.025180            0           0           0  
      2.245263  4.174099 13.110786    -0.024638   -0.007996   -0.142991  
      5.330737  4.174099 13.110786     0.024829   -0.008305   -0.142635  
      0.757600  0.480168 15.079181    -0.000068    0.037968   -0.086583  
      3.788000  0.260957 15.365325    -0.000135   -0.042634   -0.021282  
      0.757600  3.730889  6.005560            0           0           0  
      3.788000  3.730889  6.005560            0           0           0  
      2.272800  1.446289  7.148020            0           0           0  
      5.303200  1.446289  7.148020            0           0           0  
      5.303200  3.671078  8.495960            0           0           0  
      2.272800  3.671078  8.495960            0           0           0  
      3.788000  0.898122  9.654260            0           0           0  
      0.757600  0.898122  9.654260            0           0           0  
      0.757600  3.122911 11.002200            0           0           0  
      3.788000  3.122911 11.002200            0           0           0  
      5.294256  0.837693 12.158582    -0.003943   -0.034733   -0.038337  
      2.281744  0.837693 12.158582     0.004091   -0.034886   -0.037963  
      2.240833  3.209455 13.466325    -0.054652   -0.012856   -0.102075  
      5.335167  3.209455 13.466325     0.054805   -0.013096   -0.101864  
      0.757600  1.386630 14.620486     0.000168    0.045248   -0.053018  
      3.788000  1.552981 14.674304    -0.000626   -0.021778   -0.080339  
      0.757600  3.684239 15.810118    -0.000507    0.024537    0.010543  
      3.788000  3.912004 15.840536     0.000142   -0.015937    0.015928  
      2.361442  2.021276 16.990149    -0.027409   -0.025361    0.022629  
      5.214558  2.021276 16.990149     0.027598   -0.025558    0.022556  
      3.788000  3.178764 17.575471    -0.000704    0.061715    0.047719  
 
  27 f  =   12.542354 THz    78.805936 2PiTHz  418.367906 cm-1    51.870986 meV
             X         Y         Z           dx          dy          dz
      0.757600  0.275888  7.661940            0           0           0  
      3.788000  0.275888  7.661940            0           0           0  
      2.272800  4.293312 10.488280            0           0           0  
      5.303200  4.293312 10.488280            0           0           0  
      0.757600  1.995239 12.648624     0.020723    0.000029    0.000088  
      3.788000  2.024210 12.697098    -0.008833    0.000012    0.000078  
      2.277749  2.641501 15.399969    -0.011024    0.006284   -0.003588  
      5.298251  2.641501 15.399969    -0.011120   -0.006288    0.003742  
      2.272800  2.723746  8.125040            0           0           0  
      5.303200  2.723746  8.125040            0           0           0  
      0.757600  1.845454 10.025180            0           0           0  
      3.788000  1.845454 10.025180            0           0           0  
      2.245263  4.174099 13.110786    -0.018625   -0.004477    0.013248  
      5.330737  4.174099 13.110786    -0.018290    0.004497   -0.014107  
      0.757600  0.480168 15.079181     0.012604    0.000117   -0.000418  
      3.788000  0.260957 15.365325     0.021771   -0.000184   -0.000118  
      0.757600  3.730889  6.005560            0           0           0  
      3.788000  3.730889  6.005560            0           0           0  
      2.272800  1.446289  7.148020            0           0           0  
      5.303200  1.446289  7.148020            0           0           0  
      5.303200  3.671078  8.495960            0           0           0  
      2.272800  3.671078  8.495960            0           0           0  
      3.788000  0.898122  9.654260            0           0           0  
      0.757600  0.898122  9.654260            0           0           0  
      0.757600  3.122911 11.002200            0           0           0  
      3.788000  3.122911 11.002200            0           0           0  
      5.294256  0.837693 12.158582    -0.024182   -0.013042    0.016199  
      2.281744  0.837693 12.158582    -0.024164    0.012679   -0.016343  
      2.240833  3.209455 13.466325    -0.016529    0.000530    0.012593  
      5.335167  3.209455 13.466325    -0.015908   -0.000542   -0.013135  
      0.757600  1.386630 14.620486    -0.020499    0.000190   -0.000226  
      3.788000  1.552981 14.674304     0.086831   -0.000052   -0.000446  
      0.757600  3.684239 15.810118     0.055136    0.000130   -0.000192  
      3.788000  3.912004 15.840536    -0.014382   -0.000032    0.000103  
      2.361442  2.021276 16.990149    -0.059891   -0.046923   -0.019518  
      5.214558  2.021276 16.990149    -0.059671    0.046651    0.019665  
      3.788000  3.178764 17.575471     0.274479    0.000340    0.000193  
 
  28 f  =   11.999265 THz    75.393608 2PiTHz  400.252413 cm-1    49.624952 meV
             X         Y         Z           dx          dy          dz
      0.757600  0.275888  7.661940            0           0           0  
      3.788000  0.275888  7.661940            0           0           0  
      2.272800  4.293312 10.488280            0           0           0  
      5.303200  4.293312 10.488280            0           0           0  
      0.757600  1.995239 12.648624     0.031205    0.000008    0.000012  
      3.788000  2.024210 12.697098     0.041049    0.000015    0.000026  
      2.277749  2.641501 15.399969     0.002343   -0.002903   -0.002967  
      5.298251  2.641501 15.399969     0.002370    0.002883    0.002906  
      2.272800  2.723746  8.125040            0           0           0  
      5.303200  2.723746  8.125040            0           0           0  
      0.757600  1.845454 10.025180            0           0           0  
      3.788000  1.845454 10.025180            0           0           0  
      2.245263  4.174099 13.110786    -0.067235    0.018844    0.017886  
      5.330737  4.174099 13.110786    -0.067437   -0.018954   -0.018186  
      0.757600  0.480168 15.079181     0.018842   -0.000012    0.000206  
      3.788000  0.260957 15.365325    -0.008576    0.000054    0.000103  
      0.757600  3.730889  6.005560            0           0           0  
      3.788000  3.730889  6.005560            0           0           0  
      2.272800  1.446289  7.148020            0           0           0  
      5.303200  1.446289  7.148020            0           0           0  
      5.303200  3.671078  8.495960            0           0           0  
      2.272800  3.671078  8.495960            0           0           0  
      3.788000  0.898122  9.654260            0           0           0  
      0.757600  0.898122  9.654260            0           0           0  
      0.757600  3.122911 11.002200            0           0           0  
      3.788000  3.122911 11.002200            0           0           0  
      5.294256  0.837693 12.158582    -0.153734    0.011519   -0.013374  
      2.281744  0.837693 12.158582    -0.153752   -0.011357    0.013192  
      2.240833  3.209455 13.466325    -0.009580    0.018756    0.025593  
      5.335167  3.209455 13.466325    -0.009890   -0.018874   -0.025929  
      0.757600  1.386630 14.620486     0.032431   -0.000028    0.000168  
      3.788000  1.552981 14.674304    -0.020138    0.000061    0.000198  
      0.757600  3.684239 15.810118    -0.010462   -0.000098    0.000131  
      3.788000  3.912004 15.840536     0.001671   -0.000014   -0.000041  
      2.361442  2.021276 16.990149     0.007386    0.006386    0.003084  
      5.214558  2.021276 16.990149     0.007265   -0.006248   -0.003072  
      3.788000  3.178764 17.575471    -0.033590   -0.000211    0.000024  
 
  29 f  =   11.972614 THz    75.226152 2PiTHz  399.363415 cm-1    49.514731 meV
             X         Y         Z           dx          dy          dz
      0.757600  0.275888  7.661940            0           0           0  
      3.788000  0.275888  7.661940            0           0           0  
      2.272800  4.293312 10.488280            0           0           0  
      5.303200  4.293312 10.488280            0           0           0  
      0.757600  1.995239 12.648624    -0.000048    0.004061    0.010172  
      3.788000  2.024210 12.697098    -0.000098    0.008572    0.015503  
      2.277749  2.641501 15.399969    -0.006071   -0.005072   -0.012233  
      5.298251  2.641501 15.399969     0.006053   -0.005082   -0.012227  
      2.272800  2.723746  8.125040            0           0           0  
      5.303200  2.723746  8.125040            0           0           0  
      0.757600  1.845454 10.025180            0           0           0  
      3.788000  1.845454 10.025180            0           0           0  
      2.245263  4.174099 13.110786     0.040605   -0.025533   -0.092337  
      5.330737  4.174099 13.110786    -0.040361   -0.025532   -0.092314  
      0.757600  0.480168 15.079181    -0.000051    0.001088    0.082088  
      3.788000  0.260957 15.365325     0.000055    0.015145    0.050172  
      0.757600  3.730889  6.005560            0           0           0  
      3.788000  3.730889  6.005560            0           0           0  
      2.272800  1.446289  7.148020            0           0           0  
      5.303200  1.446289  7.148020            0           0           0  
      5.303200  3.671078  8.495960            0           0           0  
      2.272800  3.671078  8.495960            0           0           0  
      3.788000  0.898122  9.654260            0           0           0  
      0.757600  0.898122  9.654260            0           0           0  
      0.757600  3.122911 11.002200            0           0           0  
      3.788000  3.122911 11.002200            0           0           0  
      5.294256  0.837693 12.158582     0.007991    0.032946   -0.046013  
      2.281744  0.837693 12.158582    -0.007373    0.033051   -0.046056  
      2.240833  3.209455 13.466325     0.068203   -0.028128   -0.094212  
      5.335167  3.209455 13.466325    -0.068180   -0.028150   -0.094204  
      0.757600  1.386630 14.620486    -0.000112   -0.002401    0.072005  
      3.788000  1.552981 14.674304     0.000147    0.023404    0.081142  
      0.757600  3.684239 15.810118     0.000035   -0.040191    0.054464  
      3.788000  3.912004 15.840536    -0.000003   -0.011800   -0.010354  
      2.361442  2.021276 16.990149     0.024804    0.025310    0.004346  
      5.214558  2.021276 16.990149    -0.025063    0.025494    0.004445  
      3.788000  3.178764 17.575471     0.000477   -0.075702    0.018998  
 
  30 f  =   11.606156 THz    72.923626 2PiTHz  387.139679 cm-1    47.999181 meV
             X         Y         Z           dx          dy          dz
      0.757600  0.275888  7.661940            0           0           0  
      3.788000  0.275888  7.661940            0           0           0  
      2.272800  4.293312 10.488280            0           0           0  
      5.303200  4.293312 10.488280            0           0           0  
      0.757600  1.995239 12.648624    -0.000023    0.005146    0.012269  
      3.788000  2.024210 12.697098     0.000009    0.007913   -0.009330  
      2.277749  2.641501 15.399969    -0.028757    0.017934    0.000476  
      5.298251  2.641501 15.399969     0.028744    0.017932    0.000485  
      2.272800  2.723746  8.125040            0           0           0  
      5.303200  2.723746  8.125040            0           0           0  
      0.757600  1.845454 10.025180            0           0           0  
      3.788000  1.845454 10.025180            0           0           0  
      2.245263  4.174099 13.110786     0.005848    0.011880   -0.015218  
      5.330737  4.174099 13.110786    -0.005818    0.011741   -0.015361  
      0.757600  0.480168 15.079181     0.000050   -0.055766   -0.122910  
      3.788000  0.260957 15.365325    -0.000041   -0.054238   -0.013197  
      0.757600  3.730889  6.005560            0           0           0  
      3.788000  3.730889  6.005560            0           0           0  
      2.272800  1.446289  7.148020            0           0           0  
      5.303200  1.446289  7.148020            0           0           0  
      5.303200  3.671078  8.495960            0           0           0  
      2.272800  3.671078  8.495960            0           0           0  
      3.788000  0.898122  9.654260            0           0           0  
      0.757600  0.898122  9.654260            0           0           0  
      0.757600  3.122911 11.002200            0           0           0  
      3.788000  3.122911 11.002200            0           0           0  
      5.294256  0.837693 12.158582    -0.005221   -0.031085    0.015211  
      2.281744  0.837693 12.158582     0.005278   -0.031057    0.015360  
      2.240833  3.209455 13.466325    -0.001296    0.006840    0.001807  
      5.335167  3.209455 13.466325     0.001299    0.006708    0.001653  
      0.757600  1.386630 14.620486     0.000023   -0.046920   -0.096130  
      3.788000  1.552981 14.674304    -0.000013   -0.042929   -0.023661  
      0.757600  3.684239 15.810118     0.000057   -0.006186    0.012598  
      3.788000  3.912004 15.840536    -0.000033   -0.067144   -0.021533  
      2.361442  2.021276 16.990149     0.065748    0.050661    0.023543  
      5.214558  2.021276 16.990149    -0.065771    0.050696    0.023522  
      3.788000  3.178764 17.575471     0.000065   -0.150213    0.113175  
 
  31 f  =   11.537194 THz    72.490328 2PiTHz  384.839370 cm-1    47.713979 meV
             X         Y         Z           dx          dy          dz
      0.757600  0.275888  7.661940            0           0           0  
      3.788000  0.275888  7.661940            0           0           0  
      2.272800  4.293312 10.488280            0           0           0  
      5.303200  4.293312 10.488280            0           0           0  
      0.757600  1.995239 12.648624     0.035166    0.000008    0.000018  
      3.788000  2.024210 12.697098    -0.018899    0.000005    0.000010  
      2.277749  2.641501 15.399969     0.010930   -0.003924    0.005225  
      5.298251  2.641501 15.399969     0.010968    0.003954   -0.005214  
      2.272800  2.723746  8.125040            0           0           0  
      5.303200  2.723746  8.125040            0           0           0  
      0.757600  1.845454 10.025180            0           0           0  
      3.788000  1.845454 10.025180            0           0           0  
      2.245263  4.174099 13.110786    -0.016964   -0.074130   -0.094378  
      5.330737  4.174099 13.110786    -0.016943    0.074142    0.094226  
      0.757600  0.480168 15.079181    -0.065434   -0.000053   -0.000078  
      3.788000  0.260957 15.365325     0.058058   -0.000051   -0.000031  
      0.757600  3.730889  6.005560            0           0           0  
      3.788000  3.730889  6.005560            0           0           0  
      2.272800  1.446289  7.148020            0           0           0  
      5.303200  1.446289  7.148020            0           0           0  
      5.303200  3.671078  8.495960            0           0           0  
      2.272800  3.671078  8.495960            0           0           0  
      3.788000  0.898122  9.654260            0           0           0  
      0.757600  0.898122  9.654260            0           0           0  
      0.757600  3.122911 11.002200            0           0           0  
      3.788000  3.122911 11.002200            0           0           0  
      5.294256  0.837693 12.158582    -0.027916    0.013620    0.088461  
      2.281744  0.837693 12.158582    -0.027919   -0.013647   -0.088504  
      2.240833  3.209455 13.466325    -0.007977   -0.067145   -0.088628  
      5.335167  3.209455 13.466325    -0.007928    0.067159    0.088548  
      0.757600  1.386630 14.620486    -0.034324   -0.000046   -0.000054  
      3.788000  1.552981 14.674304     0.022507   -0.000024   -0.000052  
      0.757600  3.684239 15.810118    -0.075113   -0.000026    0.000023  
      3.788000  3.912004 15.840536     0.045951   -0.000051   -0.000032  
      2.361442  2.021276 16.990149    -0.011114    0.009645   -0.021664  
      5.214558  2.021276 16.990149    -0.011217   -0.009549    0.021728  
      3.788000  3.178764 17.575471    -0.023687   -0.000182    0.000099  
 
  32 f  =   11.230704 THz    70.564597 2PiTHz  374.615977 cm-1    46.446441 meV
             X         Y         Z           dx          dy          dz
      0.757600  0.275888  7.661940            0           0           0  
      3.788000  0.275888  7.661940            0           0           0  
      2.272800  4.293312 10.488280            0           0           0  
      5.303200  4.293312 10.488280            0           0           0  
      0.757600  1.995239 12.648624    -0.000009    0.013291   -0.011983  
      3.788000  2.024210 12.697098    -0.000006   -0.007850    0.013203  
      2.277749  2.641501 15.399969     0.033874    0.005291    0.011327  
      5.298251  2.641501 15.399969    -0.033862    0.005305    0.011337  
      2.272800  2.723746  8.125040            0           0           0  
      5.303200  2.723746  8.125040            0           0           0  
      0.757600  1.845454 10.025180            0           0           0  
      3.788000  1.845454 10.025180            0           0           0  
      2.245263  4.174099 13.110786    -0.063930   -0.014212    0.010172  
      5.330737  4.174099 13.110786     0.063981   -0.014285    0.010100  
      0.757600  0.480168 15.079181    -0.000026   -0.038409    0.053389  
      3.788000  0.260957 15.365325    -0.000021    0.036006   -0.045188  
      0.757600  3.730889  6.005560            0           0           0  
      3.788000  3.730889  6.005560            0           0           0  
      2.272800  1.446289  7.148020            0           0           0  
      5.303200  1.446289  7.148020            0           0           0  
      5.303200  3.671078  8.495960            0           0           0  
      2.272800  3.671078  8.495960            0           0           0  
      3.788000  0.898122  9.654260            0           0           0  
      0.757600  0.898122  9.654260            0           0           0  
      0.757600  3.122911 11.002200            0           0           0  
      3.788000  3.122911 11.002200            0           0           0  
      5.294256  0.837693 12.158582    -0.008128    0.016538   -0.013533  
      2.281744  0.837693 12.158582     0.008189    0.016568   -0.013481  
      2.240833  3.209455 13.466325    -0.087888   -0.012943   -0.003505  
      5.335167  3.209455 13.466325     0.087878   -0.013014   -0.003576  
      0.757600  1.386630 14.620486    -0.000021   -0.034634    0.058416  
      3.788000  1.552981 14.674304    -0.000011    0.051664   -0.011301  
      0.757600  3.684239 15.810118    -0.000020   -0.053577   -0.064603  
      3.788000  3.912004 15.840536    -0.000015    0.025054   -0.067326  
      2.361442  2.021276 16.990149     0.011763    0.019435    0.012544  
      5.214558  2.021276 16.990149    -0.011701    0.019362    0.012538  
      3.788000  3.178764 17.575471    -0.000071   -0.169681    0.003442  
 
  33 f  =   10.950973 THz    68.806991 2PiTHz  365.285131 cm-1    45.289564 meV
             X         Y         Z           dx          dy          dz
      0.757600  0.275888  7.661940            0           0           0  
      3.788000  0.275888  7.661940            0           0           0  
      2.272800  4.293312 10.488280            0           0           0  
      5.303200  4.293312 10.488280            0           0           0  
      0.757600  1.995239 12.648624    -0.037341    0.000000    0.000007  
      3.788000  2.024210 12.697098     0.041643   -0.000003    0.000014  
      2.277749  2.641501 15.399969    -0.026331    0.017175    0.016161  
      5.298251  2.641501 15.399969    -0.026333   -0.017173   -0.016161  
      2.272800  2.723746  8.125040            0           0           0  
      5.303200  2.723746  8.125040            0           0           0  
      0.757600  1.845454 10.025180            0           0           0  
      3.788000  1.845454 10.025180            0           0           0  
      2.245263  4.174099 13.110786    -0.012572   -0.053015   -0.053221  
      5.330737  4.174099 13.110786    -0.012545    0.053003    0.053128  
      0.757600  0.480168 15.079181     0.103089   -0.000020    0.000033  
      3.788000  0.260957 15.365325     0.025789   -0.000004    0.000005  
      0.757600  3.730889  6.005560            0           0           0  
      3.788000  3.730889  6.005560            0           0           0  
      2.272800  1.446289  7.148020            0           0           0  
      5.303200  1.446289  7.148020            0           0           0  
      5.303200  3.671078  8.495960            0           0           0  
      2.272800  3.671078  8.495960            0           0           0  
      3.788000  0.898122  9.654260            0           0           0  
      0.757600  0.898122  9.654260            0           0           0  
      0.757600  3.122911 11.002200            0           0           0  
      3.788000  3.122911 11.002200            0           0           0  
      5.294256  0.837693 12.158582    -0.002595    0.035358   -0.008251  
      2.281744  0.837693 12.158582    -0.002596   -0.035317    0.008179  
      2.240833  3.209455 13.466325    -0.019941   -0.062814   -0.058624  
      5.335167  3.209455 13.466325    -0.019911    0.062812    0.058556  
      0.757600  1.386630 14.620486     0.098579   -0.000013    0.000040  
      3.788000  1.552981 14.674304    -0.023182    0.000018   -0.000002  
      0.757600  3.684239 15.810118     0.082279   -0.000028   -0.000011  
      3.788000  3.912004 15.840536     0.036957   -0.000006   -0.000011  
      2.361442  2.021276 16.990149     0.003630   -0.043034    0.023304  
      5.214558  2.021276 16.990149     0.003595    0.043065   -0.023293  
      3.788000  3.178764 17.575471     0.007065   -0.000078    0.000034  
 
  34 f  =   10.244475 THz    64.367938 2PiTHz  341.718920 cm-1    42.367727 meV
             X         Y         Z           dx          dy          dz
      0.757600  0.275888  7.661940            0           0           0  
      3.788000  0.275888  7.661940            0           0           0  
      2.272800  4.293312 10.488280            0           0           0  
      5.303200  4.293312 10.488280            0           0           0  
      0.757600  1.995239 12.648624    -0.000003   -0.016734   -0.002477  
      3.788000  2.024210 12.697098     0.000001   -0.016958    0.011877  
      2.277749  2.641501 15.399969    -0.016512   -0.017174   -0.023929  
      5.298251  2.641501 15.399969     0.016542   -0.017174   -0.023924  
      2.272800  2.723746  8.125040            0           0           0  
      5.303200  2.723746  8.125040            0           0           0  
      0.757600  1.845454 10.025180            0           0           0  
      3.788000  1.845454 10.025180            0           0           0  
      2.245263  4.174099 13.110786    -0.044312    0.015455    0.024956  
      5.330737  4.174099 13.110786     0.044352    0.015454    0.024954  
      0.757600  0.480168 15.079181    -0.000018    0.006297    0.119261  
      3.788000  0.260957 15.365325    -0.000133   -0.063259    0.064024  
      0.757600  3.730889  6.005560            0           0           0  
      3.788000  3.730889  6.005560            0           0           0  
      2.272800  1.446289  7.148020            0           0           0  
      5.303200  1.446289  7.148020            0           0           0  
      5.303200  3.671078  8.495960            0           0           0  
      2.272800  3.671078  8.495960            0           0           0  
      3.788000  0.898122  9.654260            0           0           0  
      0.757600  0.898122  9.654260            0           0           0  
      0.757600  3.122911 11.002200            0           0           0  
      3.788000  3.122911 11.002200            0           0           0  
      5.294256  0.837693 12.158582     0.015256    0.041285   -0.034633  
      2.281744  0.837693 12.158582    -0.015270    0.041277   -0.034620  
      2.240833  3.209455 13.466325    -0.044119    0.023409    0.014284  
      5.335167  3.209455 13.466325     0.044167    0.023421    0.014307  
      0.757600  1.386630 14.620486    -0.000043    0.007044    0.087182  
      3.788000  1.552981 14.674304    -0.000057   -0.017812   -0.081775  
      0.757600  3.684239 15.810118     0.000020    0.040750   -0.001958  
      3.788000  3.912004 15.840536    -0.000122   -0.011281    0.110473  
      2.361442  2.021276 16.990149     0.030353    0.043283   -0.005023  
      5.214558  2.021276 16.990149    -0.030261    0.043197   -0.005063  
      3.788000  3.178764 17.575471    -0.000009    0.012261    0.098760  
 
  35 f  =    9.999345 THz    62.827738 2PiTHz  333.542250 cm-1    41.353950 meV
             X         Y         Z           dx          dy          dz
      0.757600  0.275888  7.661940            0           0           0  
      3.788000  0.275888  7.661940            0           0           0  
      2.272800  4.293312 10.488280            0           0           0  
      5.303200  4.293312 10.488280            0           0           0  
      0.757600  1.995239 12.648624     0.009562   -0.000009   -0.000023  
      3.788000  2.024210 12.697098    -0.006358   -0.000008   -0.000009  
      2.277749  2.641501 15.399969    -0.015957   -0.008079   -0.005487  
      5.298251  2.641501 15.399969    -0.015955    0.008056    0.005448  
      2.272800  2.723746  8.125040            0           0           0  
      5.303200  2.723746  8.125040            0           0           0  
      0.757600  1.845454 10.025180            0           0           0  
      3.788000  1.845454 10.025180            0           0           0  
      2.245263  4.174099 13.110786    -0.027695    0.020252    0.034936  
      5.330737  4.174099 13.110786    -0.027650   -0.020232   -0.034806  
      0.757600  0.480168 15.079181     0.001462    0.000041    0.000110  
      3.788000  0.260957 15.365325     0.179270   -0.000043    0.000018  
      0.757600  3.730889  6.005560            0           0           0  
      3.788000  3.730889  6.005560            0           0           0  
      2.272800  1.446289  7.148020            0           0           0  
      5.303200  1.446289  7.148020            0           0           0  
      5.303200  3.671078  8.495960            0           0           0  
      2.272800  3.671078  8.495960            0           0           0  
      3.788000  0.898122  9.654260            0           0           0  
      0.757600  0.898122  9.654260            0           0           0  
      0.757600  3.122911 11.002200            0           0           0  
      3.788000  3.122911 11.002200            0           0           0  
      5.294256  0.837693 12.158582     0.022492   -0.001350   -0.015216  
      2.281744  0.837693 12.158582     0.022470    0.001378    0.015215  
      2.240833  3.209455 13.466325    -0.068310    0.023302    0.040780  
      5.335167  3.209455 13.466325    -0.068240   -0.023278   -0.040697  
      0.757600  1.386630 14.620486     0.061825    0.000019    0.000062  
      3.788000  1.552981 14.674304     0.067895   -0.000037   -0.000069  
      0.757600  3.684239 15.810118    -0.051719    0.000029    0.000070  
      3.788000  3.912004 15.840536     0.166773   -0.000005    0.000066  
      2.361442  2.021276 16.990149    -0.013676   -0.009037   -0.024644  
      5.214558  2.021276 16.990149    -0.013666    0.009114    0.024639  
      3.788000  3.178764 17.575471    -0.056812    0.000008    0.000045  
 
  36 f  =    9.943777 THz    62.478592 2PiTHz  331.688689 cm-1    41.124138 meV
             X         Y         Z           dx          dy          dz
      0.757600  0.275888  7.661940            0           0           0  
      3.788000  0.275888  7.661940            0           0           0  
      2.272800  4.293312 10.488280            0           0           0  
      5.303200  4.293312 10.488280            0           0           0  
      0.757600  1.995239 12.648624    -0.000007    0.024739   -0.035557  
      3.788000  2.024210 12.697098     0.000006    0.030558   -0.012359  
      2.277749  2.641501 15.399969     0.028494   -0.004835   -0.014122  
      5.298251  2.641501 15.399969    -0.028496   -0.004846   -0.014125  
      2.272800  2.723746  8.125040            0           0           0  
      5.303200  2.723746  8.125040            0           0           0  
      0.757600  1.845454 10.025180            0           0           0  
      3.788000  1.845454 10.025180            0           0           0  
      2.245263  4.174099 13.110786     0.005931   -0.000654   -0.019598  
      5.330737  4.174099 13.110786    -0.005914   -0.000615   -0.019564  
      0.757600  0.480168 15.079181     0.000004    0.066209    0.083965  
      3.788000  0.260957 15.365325    -0.000035   -0.023233    0.003174  
      0.757600  3.730889  6.005560            0           0           0  
      3.788000  3.730889  6.005560            0           0           0  
      2.272800  1.446289  7.148020            0           0           0  
      5.303200  1.446289  7.148020            0           0           0  
      5.303200  3.671078  8.495960            0           0           0  
      2.272800  3.671078  8.495960            0           0           0  
      3.788000  0.898122  9.654260            0           0           0  
      0.757600  0.898122  9.654260            0           0           0  
      0.757600  3.122911 11.002200            0           0           0  
      3.788000  3.122911 11.002200            0           0           0  
      5.294256  0.837693 12.158582     0.011837   -0.073628    0.084171  
      2.281744  0.837693 12.158582    -0.011857   -0.073629    0.084143  
      2.240833  3.209455 13.466325     0.007426   -0.021344   -0.011396  
      5.335167  3.209455 13.466325    -0.007368   -0.021304   -0.011357  
      0.757600  1.386630 14.620486    -0.000012    0.058677    0.076540  
      3.788000  1.552981 14.674304    -0.000013   -0.041685   -0.024204  
      0.757600  3.684239 15.810118     0.000014   -0.000376    0.050626  
      3.788000  3.912004 15.840536    -0.000034   -0.011472    0.028155  
      2.361442  2.021276 16.990149     0.002239    0.021422    0.000593  
      5.214558  2.021276 16.990149    -0.002222    0.021428    0.000583  
      3.788000  3.178764 17.575471     0.000018   -0.037942    0.045208  
 
  37 f  =    9.559218 THz    60.062336 2PiTHz  318.861180 cm-1    39.533730 meV
             X         Y         Z           dx          dy          dz
      0.757600  0.275888  7.661940            0           0           0  
      3.788000  0.275888  7.661940            0           0           0  
      2.272800  4.293312 10.488280            0           0           0  
      5.303200  4.293312 10.488280            0           0           0  
      0.757600  1.995239 12.648624    -0.000028    0.027252    0.000804  
      3.788000  2.024210 12.697098     0.000051    0.005649   -0.015474  
      2.277749  2.641501 15.399969    -0.043379   -0.017482   -0.003303  
      5.298251  2.641501 15.399969     0.043402   -0.017465   -0.003297  
      2.272800  2.723746  8.125040            0           0           0  
      5.303200  2.723746  8.125040            0           0           0  
      0.757600  1.845454 10.025180            0           0           0  
      3.788000  1.845454 10.025180            0           0           0  
      2.245263  4.174099 13.110786    -0.030325   -0.012912   -0.032890  
      5.330737  4.174099 13.110786     0.030244   -0.012877   -0.032908  
      0.757600  0.480168 15.079181    -0.000045   -0.049325   -0.008483  
      3.788000  0.260957 15.365325     0.000004    0.038250    0.099111  
      0.757600  3.730889  6.005560            0           0           0  
      3.788000  3.730889  6.005560            0           0           0  
      2.272800  1.446289  7.148020            0           0           0  
      5.303200  1.446289  7.148020            0           0           0  
      5.303200  3.671078  8.495960            0           0           0  
      2.272800  3.671078  8.495960            0           0           0  
      3.788000  0.898122  9.654260            0           0           0  
      0.757600  0.898122  9.654260            0           0           0  
      0.757600  3.122911 11.002200            0           0           0  
      3.788000  3.122911 11.002200            0           0           0  
      5.294256  0.837693 12.158582    -0.004202   -0.043876    0.044399  
      2.281744  0.837693 12.158582     0.004236   -0.043822    0.044367  
      2.240833  3.209455 13.466325    -0.039165   -0.025123   -0.029844  
      5.335167  3.209455 13.466325     0.038977   -0.025088   -0.029837  
      0.757600  1.386630 14.620486    -0.000016   -0.035733    0.003617  
      3.788000  1.552981 14.674304     0.000030    0.130260    0.042857  
      0.757600  3.684239 15.810118    -0.000033   -0.000093   -0.046572  
      3.788000  3.912004 15.840536    -0.000008    0.048677    0.052019  
      2.361442  2.021276 16.990149     0.014396   -0.007017    0.000865  
      5.214558  2.021276 16.990149    -0.014305   -0.007148    0.000840  
      3.788000  3.178764 17.575471    -0.000055    0.040060    0.003093  
 
  38 f  =    9.374516 THz    58.901823 2PiTHz  312.700206 cm-1    38.769867 meV
             X         Y         Z           dx          dy          dz
      0.757600  0.275888  7.661940            0           0           0  
      3.788000  0.275888  7.661940            0           0           0  
      2.272800  4.293312 10.488280            0           0           0  
      5.303200  4.293312 10.488280            0           0           0  
      0.757600  1.995239 12.648624    -0.034209   -0.000022   -0.000005  
      3.788000  2.024210 12.697098     0.065013   -0.000002   -0.000000  
      2.277749  2.641501 15.399969     0.029337   -0.003272   -0.000089  
      5.298251  2.641501 15.399969     0.029280    0.003305    0.000096  
      2.272800  2.723746  8.125040            0           0           0  
      5.303200  2.723746  8.125040            0           0           0  
      0.757600  1.845454 10.025180            0           0           0  
      3.788000  1.845454 10.025180            0           0           0  
      2.245263  4.174099 13.110786    -0.056299   -0.024827    0.027875  
      5.330737  4.174099 13.110786    -0.056383    0.024840   -0.027793  
      0.757600  0.480168 15.079181    -0.058029    0.000045    0.000013  
      3.788000  0.260957 15.365325    -0.039777   -0.000023   -0.000076  
      0.757600  3.730889  6.005560            0           0           0  
      3.788000  3.730889  6.005560            0           0           0  
      2.272800  1.446289  7.148020            0           0           0  
      5.303200  1.446289  7.148020            0           0           0  
      5.303200  3.671078  8.495960            0           0           0  
      2.272800  3.671078  8.495960            0           0           0  
      3.788000  0.898122  9.654260            0           0           0  
      0.757600  0.898122  9.654260            0           0           0  
      0.757600  3.122911 11.002200            0           0           0  
      3.788000  3.122911 11.002200            0           0           0  
      5.294256  0.837693 12.158582     0.016094   -0.034743    0.011237  
      2.281744  0.837693 12.158582     0.016094    0.034796   -0.011293  
      2.240833  3.209455 13.466325    -0.108025   -0.023487    0.006396  
      5.335167  3.209455 13.466325    -0.108104    0.023514   -0.006339  
      0.757600  1.386630 14.620486    -0.050205    0.000028   -0.000005  
      3.788000  1.552981 14.674304     0.037428   -0.000099   -0.000025  
      0.757600  3.684239 15.810118    -0.018272   -0.000002    0.000061  
      3.788000  3.912004 15.840536    -0.053667   -0.000038   -0.000049  
      2.361442  2.021276 16.990149    -0.013739    0.026765    0.003927  
      5.214558  2.021276 16.990149    -0.013705   -0.026759   -0.003934  
      3.788000  3.178764 17.575471    -0.002978   -0.000023   -0.000014  
 
  39 f  =    9.250876 THz    58.124966 2PiTHz  308.575994 cm-1    38.258530 meV
             X         Y         Z           dx          dy          dz
      0.757600  0.275888  7.661940            0           0           0  
      3.788000  0.275888  7.661940            0           0           0  
      2.272800  4.293312 10.488280            0           0           0  
      5.303200  4.293312 10.488280            0           0           0  
      0.757600  1.995239 12.648624     0.064010    0.000004    0.000001  
      3.788000  2.024210 12.697098    -0.038958    0.000005    0.000006  
      2.277749  2.641501 15.399969     0.011882    0.000088   -0.005984  
      5.298251  2.641501 15.399969     0.011866   -0.000092    0.005982  
      2.272800  2.723746  8.125040            0           0           0  
      5.303200  2.723746  8.125040            0           0           0  
      0.757600  1.845454 10.025180            0           0           0  
      3.788000  1.845454 10.025180            0           0           0  
      2.245263  4.174099 13.110786    -0.044482    0.018032   -0.034257  
      5.330737  4.174099 13.110786    -0.044522   -0.018034    0.034194  
      0.757600  0.480168 15.079181     0.067313    0.000007   -0.000018  
      3.788000  0.260957 15.365325    -0.087658    0.000007   -0.000003  
      0.757600  3.730889  6.005560            0           0           0  
      3.788000  3.730889  6.005560            0           0           0  
      2.272800  1.446289  7.148020            0           0           0  
      5.303200  1.446289  7.148020            0           0           0  
      5.303200  3.671078  8.495960            0           0           0  
      2.272800  3.671078  8.495960            0           0           0  
      3.788000  0.898122  9.654260            0           0           0  
      0.757600  0.898122  9.654260            0           0           0  
      0.757600  3.122911 11.002200            0           0           0  
      3.788000  3.122911 11.002200            0           0           0  
      5.294256  0.837693 12.158582     0.026151    0.043284   -0.012847  
      2.281744  0.837693 12.158582     0.026157   -0.043303    0.012862  
      2.240833  3.209455 13.466325    -0.096006    0.014888   -0.015826  
      5.335167  3.209455 13.466325    -0.096049   -0.014892    0.015794  
      0.757600  1.386630 14.620486     0.057582    0.000012    0.000000  
      3.788000  1.552981 14.674304    -0.078858    0.000004    0.000016  
      0.757600  3.684239 15.810118     0.049042   -0.000017    0.000002  
      3.788000  3.912004 15.840536    -0.058001    0.000003   -0.000007  
      2.361442  2.021276 16.990149     0.006178    0.005254    0.009046  
      5.214558  2.021276 16.990149     0.006175   -0.005264   -0.009044  
      3.788000  3.178764 17.575471     0.009219   -0.000004   -0.000003  
 
  40 f  =    8.396503 THz    52.756783 2PiTHz  280.077187 cm-1    34.725130 meV
             X         Y         Z           dx          dy          dz
      0.757600  0.275888  7.661940            0           0           0  
      3.788000  0.275888  7.661940            0           0           0  
      2.272800  4.293312 10.488280            0           0           0  
      5.303200  4.293312 10.488280            0           0           0  
      0.757600  1.995239 12.648624    -0.002755   -0.000010   -0.000016  
      3.788000  2.024210 12.697098     0.007802   -0.000006    0.000002  
      2.277749  2.641501 15.399969    -0.008610   -0.007443    0.001982  
      5.298251  2.641501 15.399969    -0.008625    0.007445   -0.001977  
      2.272800  2.723746  8.125040            0           0           0  
      5.303200  2.723746  8.125040            0           0           0  
      0.757600  1.845454 10.025180            0           0           0  
      3.788000  1.845454 10.025180            0           0           0  
      2.245263  4.174099 13.110786    -0.007890    0.039235    0.016761  
      5.330737  4.174099 13.110786    -0.007914   -0.039245   -0.016753  
      0.757600  0.480168 15.079181     0.062803    0.000002   -0.000018  
      3.788000  0.260957 15.365325    -0.016346    0.000003    0.000014  
      0.757600  3.730889  6.005560            0           0           0  
      3.788000  3.730889  6.005560            0           0           0  
      2.272800  1.446289  7.148020            0           0           0  
      5.303200  1.446289  7.148020            0           0           0  
      5.303200  3.671078  8.495960            0           0           0  
      2.272800  3.671078  8.495960            0           0           0  
      3.788000  0.898122  9.654260            0           0           0  
      0.757600  0.898122  9.654260            0           0           0  
      0.757600  3.122911 11.002200            0           0           0  
      3.788000  3.122911 11.002200            0           0           0  
      5.294256  0.837693 12.158582     0.003724   -0.100331    0.105949  
      2.281744  0.837693 12.158582     0.003723    0.100340   -0.105969  
      2.240833  3.209455 13.466325    -0.005385    0.056883   -0.002977  
      5.335167  3.209455 13.466325    -0.005410   -0.056886    0.002976  
      0.757600  1.386630 14.620486     0.059650    0.000011   -0.000004  
      3.788000  1.552981 14.674304    -0.076195   -0.000007    0.000003  
      0.757600  3.684239 15.810118     0.034547    0.000002   -0.000031  
      3.788000  3.912004 15.840536     0.013481    0.000003    0.000020  
      2.361442  2.021276 16.990149     0.007718   -0.017200    0.010405  
      5.214558  2.021276 16.990149     0.007663    0.017188   -0.010406  
      3.788000  3.178764 17.575471    -0.000526    0.000003    0.000023  
 
  41 f  =    7.934475 THz    49.853775 2PiTHz  264.665589 cm-1    32.814336 meV
             X         Y         Z           dx          dy          dz
      0.757600  0.275888  7.661940            0           0           0  
      3.788000  0.275888  7.661940            0           0           0  
      2.272800  4.293312 10.488280            0           0           0  
      5.303200  4.293312 10.488280            0           0           0  
      0.757600  1.995239 12.648624     0.000233    0.003571    0.014453  
      3.788000  2.024210 12.697098    -0.000075   -0.002787   -0.039896  
      2.277749  2.641501 15.399969    -0.031554    0.000137   -0.001263  
      5.298251  2.641501 15.399969     0.032422   -0.000868   -0.002487  
      2.272800  2.723746  8.125040            0           0           0  
      5.303200  2.723746  8.125040            0           0           0  
      0.757600  1.845454 10.025180            0           0           0  
      3.788000  1.845454 10.025180            0           0           0  
      2.245263  4.174099 13.110786    -0.035689   -0.001141    0.014608  
      5.330737  4.174099 13.110786     0.035641   -0.001228    0.013877  
      0.757600  0.480168 15.079181    -0.000399    0.019410    0.093669  
      3.788000  0.260957 15.365325     0.000011   -0.012445   -0.063083  
      0.757600  3.730889  6.005560            0           0           0  
      3.788000  3.730889  6.005560            0           0           0  
      2.272800  1.446289  7.148020            0           0           0  
      5.303200  1.446289  7.148020            0           0           0  
      5.303200  3.671078  8.495960            0           0           0  
      2.272800  3.671078  8.495960            0           0           0  
      3.788000  0.898122  9.654260            0           0           0  
      0.757600  0.898122  9.654260            0           0           0  
      0.757600  3.122911 11.002200            0           0           0  
      3.788000  3.122911 11.002200            0           0           0  
      5.294256  0.837693 12.158582     0.006799    0.004847   -0.004959  
      2.281744  0.837693 12.158582    -0.006817    0.004996   -0.004936  
      2.240833  3.209455 13.466325    -0.045846    0.000368    0.008599  
      5.335167  3.209455 13.466325     0.045838    0.000089    0.007737  
      0.757600  1.386630 14.620486    -0.001103   -0.012401    0.041837  
      3.788000  1.552981 14.674304    -0.000629    0.008187   -0.028925  
      0.757600  3.684239 15.810118     0.000467    0.007065    0.138754  
      3.788000  3.912004 15.840536     0.000393   -0.017945   -0.069103  
      2.361442  2.021276 16.990149    -0.080046    0.015390    0.007236  
      5.214558  2.021276 16.990149     0.078044    0.018296    0.007252  
      3.788000  3.178764 17.575471    -0.001848   -0.049262   -0.067193  
 
  42 f  =    7.868266 THz    49.437776 2PiTHz  262.457119 cm-1    32.540521 meV
             X         Y         Z           dx          dy          dz
      0.757600  0.275888  7.661940            0           0           0  
      3.788000  0.275888  7.661940            0           0           0  
      2.272800  4.293312 10.488280            0           0           0  
      5.303200  4.293312 10.488280            0           0           0  
      0.757600  1.995239 12.648624     0.015130   -0.000038   -0.000270  
      3.788000  2.024210 12.697098    -0.003495    0.000019    0.000664  
      2.277749  2.641501 15.399969     0.027348    0.032352    0.039191  
      5.298251  2.641501 15.399969     0.026317   -0.032362   -0.039177  
      2.272800  2.723746  8.125040            0           0           0  
      5.303200  2.723746  8.125040            0           0           0  
      0.757600  1.845454 10.025180            0           0           0  
      3.788000  1.845454 10.025180            0           0           0  
      2.245263  4.174099 13.110786    -0.002564    0.001648    0.023096  
      5.330737  4.174099 13.110786    -0.003668   -0.001586   -0.023488  
      0.757600  0.480168 15.079181    -0.029821   -0.000334   -0.001542  
      3.788000  0.260957 15.365325     0.006245    0.000214    0.001098  
      0.757600  3.730889  6.005560            0           0           0  
      3.788000  3.730889  6.005560            0           0           0  
      2.272800  1.446289  7.148020            0           0           0  
      5.303200  1.446289  7.148020            0           0           0  
      5.303200  3.671078  8.495960            0           0           0  
      2.272800  3.671078  8.495960            0           0           0  
      3.788000  0.898122  9.654260            0           0           0  
      0.757600  0.898122  9.654260            0           0           0  
      0.757600  3.122911 11.002200            0           0           0  
      3.788000  3.122911 11.002200            0           0           0  
      5.294256  0.837693 12.158582    -0.000357   -0.003447   -0.002104  
      2.281744  0.837693 12.158582    -0.000121    0.003287    0.002287  
      2.240833  3.209455 13.466325    -0.001249    0.007600    0.027679  
      5.335167  3.209455 13.466325    -0.002651   -0.007587   -0.027892  
      0.757600  1.386630 14.620486    -0.073550    0.000142   -0.000730  
      3.788000  1.552981 14.674304    -0.039252   -0.000070    0.000483  
      0.757600  3.684239 15.810118     0.026540   -0.000185   -0.002163  
      3.788000  3.912004 15.840536     0.030338    0.000342    0.001189  
      2.361442  2.021276 16.990149    -0.054908   -0.088383    0.000161  
      5.214558  2.021276 16.990149    -0.057391    0.087913   -0.000362  
      3.788000  3.178764 17.575471    -0.120309    0.000814    0.001094  
 
  43 f  =    7.518597 THz    47.240739 2PiTHz  250.793406 cm-1    31.094405 meV
             X         Y         Z           dx          dy          dz
      0.757600  0.275888  7.661940            0           0           0  
      3.788000  0.275888  7.661940            0           0           0  
      2.272800  4.293312 10.488280            0           0           0  
      5.303200  4.293312 10.488280            0           0           0  
      0.757600  1.995239 12.648624    -0.000018    0.009795    0.050400  
      3.788000  2.024210 12.697098     0.000005   -0.011212    0.071188  
      2.277749  2.641501 15.399969     0.011685   -0.008008   -0.038040  
      5.298251  2.641501 15.399969    -0.011707   -0.007977   -0.037992  
      2.272800  2.723746  8.125040            0           0           0  
      5.303200  2.723746  8.125040            0           0           0  
      0.757600  1.845454 10.025180            0           0           0  
      3.788000  1.845454 10.025180            0           0           0  
      2.245263  4.174099 13.110786     0.002169    0.034947   -0.015134  
      5.330737  4.174099 13.110786    -0.002165    0.034932   -0.015136  
      0.757600  0.480168 15.079181     0.000031   -0.030326   -0.030466  
      3.788000  0.260957 15.365325    -0.000016   -0.011683    0.016195  
      0.757600  3.730889  6.005560            0           0           0  
      3.788000  3.730889  6.005560            0           0           0  
      2.272800  1.446289  7.148020            0           0           0  
      5.303200  1.446289  7.148020            0           0           0  
      5.303200  3.671078  8.495960            0           0           0  
      2.272800  3.671078  8.495960            0           0           0  
      3.788000  0.898122  9.654260            0           0           0  
      0.757600  0.898122  9.654260            0           0           0  
      0.757600  3.122911 11.002200            0           0           0  
      3.788000  3.122911 11.002200            0           0           0  
      5.294256  0.837693 12.158582    -0.003517   -0.010431    0.045682  
      2.281744  0.837693 12.158582     0.003517   -0.010399    0.045653  
      2.240833  3.209455 13.466325    -0.005254    0.026708    0.011613  
      5.335167  3.209455 13.466325     0.005258    0.026699    0.011639  
      0.757600  1.386630 14.620486     0.000057   -0.050241   -0.038592  
      3.788000  1.552981 14.674304     0.000027    0.004252    0.012685  
      0.757600  3.684239 15.810118    -0.000009   -0.064009    0.021934  
      3.788000  3.912004 15.840536    -0.000029    0.008726    0.014883  
      2.361442  2.021276 16.990149    -0.049088    0.038821   -0.005011  
      5.214558  2.021276 16.990149     0.049094    0.038757   -0.004998  
      3.788000  3.178764 17.575471     0.000054    0.010906   -0.021119  
 
  44 f  =    6.801247 THz    42.733494 2PiTHz  226.865174 cm-1    28.127684 meV
             X         Y         Z           dx          dy          dz
      0.757600  0.275888  7.661940            0           0           0  
      3.788000  0.275888  7.661940            0           0           0  
      2.272800  4.293312 10.488280            0           0           0  
      5.303200  4.293312 10.488280            0           0           0  
      0.757600  1.995239 12.648624     0.020164   -0.000083    0.000359  
      3.788000  2.024210 12.697098     0.027815    0.000159    0.000185  
      2.277749  2.641501 15.399969    -0.027911    0.026908   -0.009876  
      5.298251  2.641501 15.399969    -0.027674   -0.026877    0.009888  
      2.272800  2.723746  8.125040            0           0           0  
      5.303200  2.723746  8.125040            0           0           0  
      0.757600  1.845454 10.025180            0           0           0  
      3.788000  1.845454 10.025180            0           0           0  
      2.245263  4.174099 13.110786    -0.015134    0.006681   -0.009125  
      5.330737  4.174099 13.110786    -0.014990   -0.006583    0.008999  
      0.757600  0.480168 15.079181    -0.070548    0.000006    0.000566  
      3.788000  0.260957 15.365325     0.015550   -0.000035   -0.000486  
      0.757600  3.730889  6.005560            0           0           0  
      3.788000  3.730889  6.005560            0           0           0  
      2.272800  1.446289  7.148020            0           0           0  
      5.303200  1.446289  7.148020            0           0           0  
      5.303200  3.671078  8.495960            0           0           0  
      2.272800  3.671078  8.495960            0           0           0  
      3.788000  0.898122  9.654260            0           0           0  
      0.757600  0.898122  9.654260            0           0           0  
      0.757600  3.122911 11.002200            0           0           0  
      3.788000  3.122911 11.002200            0           0           0  
      5.294256  0.837693 12.158582     0.013037   -0.001413   -0.005987  
      2.281744  0.837693 12.158582     0.012975    0.001316    0.006427  
      2.240833  3.209455 13.466325    -0.023300    0.006980   -0.003121  
      5.335167  3.209455 13.466325    -0.023170   -0.006942    0.003165  
      0.757600  1.386630 14.620486    -0.106683    0.000126    0.000509  
      3.788000  1.552981 14.674304    -0.060585   -0.000148   -0.000126  
      0.757600  3.684239 15.810118    -0.030661    0.000321   -0.000111  
      3.788000  3.912004 15.840536     0.029239   -0.000198   -0.000548  
      2.361442  2.021276 16.990149     0.102057   -0.033578   -0.040397  
      5.214558  2.021276 16.990149     0.101542    0.033036    0.039954  
      3.788000  3.178764 17.575471     0.071660   -0.000028   -0.000333  
 
  45 f  =    6.722398 THz    42.238071 2PiTHz  224.235054 cm-1    27.801591 meV
             X         Y         Z           dx          dy          dz
      0.757600  0.275888  7.661940            0           0           0  
      3.788000  0.275888  7.661940            0           0           0  
      2.272800  4.293312 10.488280            0           0           0  
      5.303200  4.293312 10.488280            0           0           0  
      0.757600  1.995239 12.648624    -0.000101   -0.006602    0.030812  
      3.788000  2.024210 12.697098    -0.000157    0.015961    0.055150  
      2.277749  2.641501 15.399969    -0.024044    0.005320    0.001605  
      5.298251  2.641501 15.399969     0.024382    0.005592    0.001431  
      2.272800  2.723746  8.125040            0           0           0  
      5.303200  2.723746  8.125040            0           0           0  
      0.757600  1.845454 10.025180            0           0           0  
      3.788000  1.845454 10.025180            0           0           0  
      2.245263  4.174099 13.110786    -0.013423    0.007393   -0.009375  
      5.330737  4.174099 13.110786     0.013568    0.007464   -0.009553  
      0.757600  0.480168 15.079181     0.000360    0.008428    0.083979  
      3.788000  0.260957 15.365325    -0.000040   -0.002075   -0.077768  
      0.757600  3.730889  6.005560            0           0           0  
      3.788000  3.730889  6.005560            0           0           0  
      2.272800  1.446289  7.148020            0           0           0  
      5.303200  1.446289  7.148020            0           0           0  
      5.303200  3.671078  8.495960            0           0           0  
      2.272800  3.671078  8.495960            0           0           0  
      3.788000  0.898122  9.654260            0           0           0  
      0.757600  0.898122  9.654260            0           0           0  
      0.757600  3.122911 11.002200            0           0           0  
      3.788000  3.122911 11.002200            0           0           0  
      5.294256  0.837693 12.158582     0.004324   -0.009098    0.036028  
      2.281744  0.837693 12.158582    -0.004468   -0.009100    0.035962  
      2.240833  3.209455 13.466325    -0.015278    0.002923    0.004618  
      5.335167  3.209455 13.466325     0.015514    0.002992    0.004526  
      0.757600  1.386630 14.620486     0.000541    0.026234    0.076558  
      3.788000  1.552981 14.674304     0.000303   -0.021203   -0.017690  
      0.757600  3.684239 15.810118     0.000191    0.052405   -0.004097  
      3.788000  3.912004 15.840536    -0.000098   -0.030078   -0.093406  
      2.361442  2.021276 16.990149     0.062434   -0.056355   -0.041452  
      5.214558  2.021276 16.990149    -0.063560   -0.056697   -0.041950  
      3.788000  3.178764 17.575471    -0.000467    0.009792   -0.057825  
 
  46 f  =    6.585970 THz    41.380868 2PiTHz  219.684302 cm-1    27.237370 meV
             X         Y         Z           dx          dy          dz
      0.757600  0.275888  7.661940            0           0           0  
      3.788000  0.275888  7.661940            0           0           0  
      2.272800  4.293312 10.488280            0           0           0  
      5.303200  4.293312 10.488280            0           0           0  
      0.757600  1.995239 12.648624    -0.000026   -0.030489    0.092417  
      3.788000  2.024210 12.697098    -0.000055    0.042699   -0.058628  
      2.277749  2.641501 15.399969     0.017474   -0.006483   -0.000981  
      5.298251  2.641501 15.399969    -0.017339   -0.006394   -0.001095  
      2.272800  2.723746  8.125040            0           0           0  
      5.303200  2.723746  8.125040            0           0           0  
      0.757600  1.845454 10.025180            0           0           0  
      3.788000  1.845454 10.025180            0           0           0  
      2.245263  4.174099 13.110786     0.000961    0.004134   -0.001063  
      5.330737  4.174099 13.110786    -0.000927    0.004170   -0.001158  
      0.757600  0.480168 15.079181     0.000101   -0.027518    0.041041  
      3.788000  0.260957 15.365325     0.000020   -0.000811    0.000858  
      0.757600  3.730889  6.005560            0           0           0  
      3.788000  3.730889  6.005560            0           0           0  
      2.272800  1.446289  7.148020            0           0           0  
      5.303200  1.446289  7.148020            0           0           0  
      5.303200  3.671078  8.495960            0           0           0  
      2.272800  3.671078  8.495960            0           0           0  
      3.788000  0.898122  9.654260            0           0           0  
      0.757600  0.898122  9.654260            0           0           0  
      0.757600  3.122911 11.002200            0           0           0  
      3.788000  3.122911 11.002200            0           0           0  
      5.294256  0.837693 12.158582     0.000812   -0.000434    0.013432  
      2.281744  0.837693 12.158582    -0.000862   -0.000428    0.013402  
      2.240833  3.209455 13.466325     0.014370    0.001085    0.000741  
      5.335167  3.209455 13.466325    -0.014298    0.001112    0.000677  
      0.757600  1.386630 14.620486     0.000155   -0.011534    0.041655  
      3.788000  1.552981 14.674304     0.000085   -0.002681   -0.010498  
      0.757600  3.684239 15.810118     0.000078    0.008177   -0.069841  
      3.788000  3.912004 15.840536     0.000011    0.001411    0.013716  
      2.361442  2.021276 16.990149    -0.007669    0.004609   -0.001634  
      5.214558  2.021276 16.990149     0.007289    0.004489   -0.001861  
      3.788000  3.178764 17.575471    -0.000202   -0.028775    0.014836  
 
  47 f  =    5.873219 THz    36.902522 2PiTHz  195.909492 cm-1    24.289670 meV
             X         Y         Z           dx          dy          dz
      0.757600  0.275888  7.661940            0           0           0  
      3.788000  0.275888  7.661940            0           0           0  
      2.272800  4.293312 10.488280            0           0           0  
      5.303200  4.293312 10.488280            0           0           0  
      0.757600  1.995239 12.648624     0.000036    0.011162   -0.031414  
      3.788000  2.024210 12.697098     0.000025    0.085661    0.021216  
      2.277749  2.641501 15.399969    -0.013718   -0.035184    0.007755  
      5.298251  2.641501 15.399969     0.013685   -0.035050    0.007677  
      2.272800  2.723746  8.125040            0           0           0  
      5.303200  2.723746  8.125040            0           0           0  
      0.757600  1.845454 10.025180            0           0           0  
      3.788000  1.845454 10.025180            0           0           0  
      2.245263  4.174099 13.110786     0.000072    0.026173    0.016617  
      5.330737  4.174099 13.110786    -0.000077    0.026225    0.016542  
      0.757600  0.480168 15.079181    -0.000065   -0.023249   -0.029897  
      3.788000  0.260957 15.365325     0.000082   -0.032334   -0.051878  
      0.757600  3.730889  6.005560            0           0           0  
      3.788000  3.730889  6.005560            0           0           0  
      2.272800  1.446289  7.148020            0           0           0  
      5.303200  1.446289  7.148020            0           0           0  
      5.303200  3.671078  8.495960            0           0           0  
      2.272800  3.671078  8.495960            0           0           0  
      3.788000  0.898122  9.654260            0           0           0  
      0.757600  0.898122  9.654260            0           0           0  
      0.757600  3.122911 11.002200            0           0           0  
      3.788000  3.122911 11.002200            0           0           0  
      5.294256  0.837693 12.158582    -0.012602    0.031595   -0.008475  
      2.281744  0.837693 12.158582     0.012635    0.031584   -0.008464  
      2.240833  3.209455 13.466325    -0.002186    0.021692    0.003815  
      5.335167  3.209455 13.466325     0.002190    0.021741    0.003772  
      0.757600  1.386630 14.620486    -0.000108   -0.003383   -0.007467  
      3.788000  1.552981 14.674304    -0.000062   -0.023320    0.008919  
      0.757600  3.684239 15.810118     0.000077    0.010730   -0.059303  
      3.788000  3.912004 15.840536     0.000089   -0.037265   -0.046551  
      2.361442  2.021276 16.990149    -0.032399    0.046848    0.030191  
      5.214558  2.021276 16.990149     0.032340    0.046757    0.029975  
      3.788000  3.178764 17.575471     0.000034    0.046145   -0.016671  
 
  48 f  =    5.819984 THz    36.568036 2PiTHz  194.133761 cm-1    24.069508 meV
             X         Y         Z           dx          dy          dz
      0.757600  0.275888  7.661940            0           0           0  
      3.788000  0.275888  7.661940            0           0           0  
      2.272800  4.293312 10.488280            0           0           0  
      5.303200  4.293312 10.488280            0           0           0  
      0.757600  1.995239 12.648624    -0.029489   -0.000039   -0.000025  
      3.788000  2.024210 12.697098    -0.020789    0.000161    0.000030  
      2.277749  2.641501 15.399969     0.018733    0.050999   -0.023977  
      5.298251  2.641501 15.399969     0.018758   -0.051082    0.024005  
      2.272800  2.723746  8.125040            0           0           0  
      5.303200  2.723746  8.125040            0           0           0  
      0.757600  1.845454 10.025180            0           0           0  
      3.788000  1.845454 10.025180            0           0           0  
      2.245263  4.174099 13.110786     0.000722    0.018422   -0.024853  
      5.330737  4.174099 13.110786     0.000741   -0.018359    0.024888  
      0.757600  0.480168 15.079181     0.055423   -0.000043   -0.000029  
      3.788000  0.260957 15.365325    -0.058565   -0.000027   -0.000048  
      0.757600  3.730889  6.005560            0           0           0  
      3.788000  3.730889  6.005560            0           0           0  
      2.272800  1.446289  7.148020            0           0           0  
      5.303200  1.446289  7.148020            0           0           0  
      5.303200  3.671078  8.495960            0           0           0  
      2.272800  3.671078  8.495960            0           0           0  
      3.788000  0.898122  9.654260            0           0           0  
      0.757600  0.898122  9.654260            0           0           0  
      0.757600  3.122911 11.002200            0           0           0  
      3.788000  3.122911 11.002200            0           0           0  
      5.294256  0.837693 12.158582    -0.013778   -0.007684    0.007962  
      2.281744  0.837693 12.158582    -0.013719    0.007756   -0.007969  
      2.240833  3.209455 13.466325    -0.001862    0.019017   -0.012719  
      5.335167  3.209455 13.466325    -0.001837   -0.018964    0.012733  
      0.757600  1.386630 14.620486     0.091490   -0.000013    0.000002  
      3.788000  1.552981 14.674304     0.050703   -0.000009    0.000008  
      0.757600  3.684239 15.810118    -0.052644    0.000011   -0.000092  
      3.788000  3.912004 15.840536    -0.062718   -0.000031   -0.000045  
      2.361442  2.021276 16.990149     0.016251   -0.029246   -0.072404  
      5.214558  2.021276 16.990149     0.016249    0.029305    0.072463  
      3.788000  3.178764 17.575471    -0.040403    0.000061   -0.000010  
 
  49 f  =    5.584949 THz    35.091270 2PiTHz  186.293850 cm-1    23.097483 meV
             X         Y         Z           dx          dy          dz
      0.757600  0.275888  7.661940            0           0           0  
      3.788000  0.275888  7.661940            0           0           0  
      2.272800  4.293312 10.488280            0           0           0  
      5.303200  4.293312 10.488280            0           0           0  
      0.757600  1.995239 12.648624     0.000016   -0.106333   -0.027689  
      3.788000  2.024210 12.697098     0.000012    0.037530    0.023114  
      2.277749  2.641501 15.399969    -0.003273    0.018259   -0.004899  
      5.298251  2.641501 15.399969     0.003236    0.018310   -0.004898  
      2.272800  2.723746  8.125040            0           0           0  
      5.303200  2.723746  8.125040            0           0           0  
      0.757600  1.845454 10.025180            0           0           0  
      3.788000  1.845454 10.025180            0           0           0  
      2.245263  4.174099 13.110786    -0.013424   -0.027361   -0.011609  
      5.330737  4.174099 13.110786     0.013431   -0.027347   -0.011611  
      0.757600  0.480168 15.079181    -0.000031    0.004085    0.010680  
      3.788000  0.260957 15.365325     0.000015    0.018606    0.046446  
      0.757600  3.730889  6.005560            0           0           0  
      3.788000  3.730889  6.005560            0           0           0  
      2.272800  1.446289  7.148020            0           0           0  
      5.303200  1.446289  7.148020            0           0           0  
      5.303200  3.671078  8.495960            0           0           0  
      2.272800  3.671078  8.495960            0           0           0  
      3.788000  0.898122  9.654260            0           0           0  
      0.757600  0.898122  9.654260            0           0           0  
      0.757600  3.122911 11.002200            0           0           0  
      3.788000  3.122911 11.002200            0           0           0  
      5.294256  0.837693 12.158582    -0.026321   -0.025055    0.003401  
      2.281744  0.837693 12.158582     0.026339   -0.025073    0.003416  
      2.240833  3.209455 13.466325    -0.021045   -0.024128   -0.006343  
      5.335167  3.209455 13.466325     0.021050   -0.024110   -0.006338  
      0.757600  1.386630 14.620486    -0.000052   -0.014949   -0.014782  
      3.788000  1.552981 14.674304    -0.000027    0.032319    0.017158  
      0.757600  3.684239 15.810118     0.000019   -0.002937    0.029776  
      3.788000  3.912004 15.840536     0.000012    0.021223    0.031138  
      2.361442  2.021276 16.990149    -0.019520   -0.004823   -0.007793  
      5.214558  2.021276 16.990149     0.019515   -0.004833   -0.007829  
      3.788000  3.178764 17.575471     0.000037   -0.044311    0.007033  
 
  50 f  =    4.442451 THz    27.912744 2PiTHz  148.184219 cm-1    18.372493 meV
             X         Y         Z           dx          dy          dz
      0.757600  0.275888  7.661940            0           0           0  
      3.788000  0.275888  7.661940            0           0           0  
      2.272800  4.293312 10.488280            0           0           0  
      5.303200  4.293312 10.488280            0           0           0  
      0.757600  1.995239 12.648624    -0.000066   -0.030622    0.002472  
      3.788000  2.024210 12.697098    -0.000104   -0.062103    0.010689  
      2.277749  2.641501 15.399969    -0.010810   -0.009253    0.013449  
      5.298251  2.641501 15.399969     0.010914   -0.009369    0.013215  
      2.272800  2.723746  8.125040            0           0           0  
      5.303200  2.723746  8.125040            0           0           0  
      0.757600  1.845454 10.025180            0           0           0  
      3.788000  1.845454 10.025180            0           0           0  
      2.245263  4.174099 13.110786     0.010093   -0.058238   -0.007564  
      5.330737  4.174099 13.110786    -0.010194   -0.058205   -0.007647  
      0.757600  0.480168 15.079181    -0.000006   -0.014854    0.029514  
      3.788000  0.260957 15.365325     0.000036   -0.007144   -0.045982  
      0.757600  3.730889  6.005560            0           0           0  
      3.788000  3.730889  6.005560            0           0           0  
      2.272800  1.446289  7.148020            0           0           0  
      5.303200  1.446289  7.148020            0           0           0  
      5.303200  3.671078  8.495960            0           0           0  
      2.272800  3.671078  8.495960            0           0           0  
      3.788000  0.898122  9.654260            0           0           0  
      0.757600  0.898122  9.654260            0           0           0  
      0.757600  3.122911 11.002200            0           0           0  
      3.788000  3.122911 11.002200            0           0           0  
      5.294256  0.837693 12.158582     0.006083   -0.040222    0.015668  
      2.281744  0.837693 12.158582    -0.006207   -0.040208    0.015634  
      2.240833  3.209455 13.466325     0.014538   -0.056601   -0.008262  
      5.335167  3.209455 13.466325    -0.014627   -0.056602   -0.008367  
      0.757600  1.386630 14.620486     0.000081    0.010039    0.037302  
      3.788000  1.552981 14.674304     0.000035   -0.046853    0.032373  
      0.757600  3.684239 15.810118    -0.000070    0.053789   -0.084303  
      3.788000  3.912004 15.840536     0.000063   -0.031682   -0.043618  
      2.361442  2.021276 16.990149    -0.038036    0.066576    0.026896  
      5.214558  2.021276 16.990149     0.038260    0.066395    0.026707  
      3.788000  3.178764 17.575471     0.000158    0.030723   -0.005558  
 
  51 f  =    4.040641 THz    25.388094 2PiTHz  134.781266 cm-1    16.710740 meV
             X         Y         Z           dx          dy          dz
      0.757600  0.275888  7.661940            0           0           0  
      3.788000  0.275888  7.661940            0           0           0  
      2.272800  4.293312 10.488280            0           0           0  
      5.303200  4.293312 10.488280            0           0           0  
      0.757600  1.995239 12.648624    -0.053418    0.000099   -0.000031  
      3.788000  2.024210 12.697098    -0.064209    0.000091    0.000013  
      2.277749  2.641501 15.399969     0.016209   -0.019446    0.036326  
      5.298251  2.641501 15.399969     0.016241    0.019557   -0.036401  
      2.272800  2.723746  8.125040            0           0           0  
      5.303200  2.723746  8.125040            0           0           0  
      0.757600  1.845454 10.025180            0           0           0  
      3.788000  1.845454 10.025180            0           0           0  
      2.245263  4.174099 13.110786    -0.038863   -0.012671    0.021610  
      5.330737  4.174099 13.110786    -0.038910    0.012919   -0.021640  
      0.757600  0.480168 15.079181    -0.026926    0.000100   -0.000060  
      3.788000  0.260957 15.365325     0.000188   -0.000014    0.000218  
      0.757600  3.730889  6.005560            0           0           0  
      3.788000  3.730889  6.005560            0           0           0  
      2.272800  1.446289  7.148020            0           0           0  
      5.303200  1.446289  7.148020            0           0           0  
      5.303200  3.671078  8.495960            0           0           0  
      2.272800  3.671078  8.495960            0           0           0  
      3.788000  0.898122  9.654260            0           0           0  
      0.757600  0.898122  9.654260            0           0           0  
      0.757600  3.122911 11.002200            0           0           0  
      3.788000  3.122911 11.002200            0           0           0  
      5.294256  0.837693 12.158582    -0.044944   -0.000085    0.001650  
      2.281744  0.837693 12.158582    -0.044937    0.000248   -0.001715  
      2.240833  3.209455 13.466325    -0.037502   -0.008837    0.017521  
      5.335167  3.209455 13.466325    -0.037530    0.009079   -0.017531  
      0.757600  1.386630 14.620486    -0.003565    0.000075   -0.000089  
      3.788000  1.552981 14.674304     0.008503    0.000063   -0.000009  
      0.757600  3.684239 15.810118    -0.008146    0.000056    0.000031  
      3.788000  3.912004 15.840536     0.009676   -0.000001    0.000176  
      2.361442  2.021276 16.990149     0.077940   -0.026740    0.016970  
      5.214558  2.021276 16.990149     0.078205    0.026415   -0.017219  
      3.788000  3.178764 17.575471     0.068320   -0.000481    0.000032  
 
  52 f  =    3.892251 THz    24.455736 2PiTHz  129.831528 cm-1    16.097051 meV
             X         Y         Z           dx          dy          dz
      0.757600  0.275888  7.661940            0           0           0  
      3.788000  0.275888  7.661940            0           0           0  
      2.272800  4.293312 10.488280            0           0           0  
      5.303200  4.293312 10.488280            0           0           0  
      0.757600  1.995239 12.648624     0.009276    0.000271   -0.000048  
      3.788000  2.024210 12.697098    -0.002470    0.000104    0.000146  
      2.277749  2.641501 15.399969    -0.004672    0.053393    0.038739  
      5.298251  2.641501 15.399969    -0.004429   -0.053073   -0.038761  
      2.272800  2.723746  8.125040            0           0           0  
      5.303200  2.723746  8.125040            0           0           0  
      0.757600  1.845454 10.025180            0           0           0  
      3.788000  1.845454 10.025180            0           0           0  
      2.245263  4.174099 13.110786     0.001457    0.004961    0.009127  
      5.330737  4.174099 13.110786     0.001241   -0.004503   -0.009223  
      0.757600  0.480168 15.079181    -0.001464    0.000305   -0.000030  
      3.788000  0.260957 15.365325     0.016448   -0.000111    0.000796  
      0.757600  3.730889  6.005560            0           0           0  
      3.788000  3.730889  6.005560            0           0           0  
      2.272800  1.446289  7.148020            0           0           0  
      5.303200  1.446289  7.148020            0           0           0  
      5.303200  3.671078  8.495960            0           0           0  
      2.272800  3.671078  8.495960            0           0           0  
      3.788000  0.898122  9.654260            0           0           0  
      0.757600  0.898122  9.654260            0           0           0  
      0.757600  3.122911 11.002200            0           0           0  
      3.788000  3.122911 11.002200            0           0           0  
      5.294256  0.837693 12.158582     0.004208   -0.005650    0.006781  
      2.281744  0.837693 12.158582     0.004162    0.005962   -0.006820  
      2.240833  3.209455 13.466325     0.000343    0.010919    0.016428  
      5.335167  3.209455 13.466325     0.000081   -0.010463   -0.016433  
      0.757600  1.386630 14.620486     0.027562    0.000372   -0.000083  
      3.788000  1.552981 14.674304    -0.006711    0.000018    0.000187  
      0.757600  3.684239 15.810118    -0.051837    0.000549   -0.000379  
      3.788000  3.912004 15.840536     0.023809   -0.000182    0.000642  
      2.361442  2.021276 16.990149    -0.006482    0.094224    0.048718  
      5.214558  2.021276 16.990149    -0.005085   -0.095067   -0.049418  
      3.788000  3.178764 17.575471     0.094511   -0.001948    0.000215  
 
  53 f  =    3.824823 THz    24.032074 2PiTHz  127.582377 cm-1    15.818192 meV
             X         Y         Z           dx          dy          dz
      0.757600  0.275888  7.661940            0           0           0  
      3.788000  0.275888  7.661940            0           0           0  
      2.272800  4.293312 10.488280            0           0           0  
      5.303200  4.293312 10.488280            0           0           0  
      0.757600  1.995239 12.648624    -0.000027   -0.025657    0.001468  
      3.788000  2.024210 12.697098    -0.000155   -0.003199   -0.019654  
      2.277749  2.641501 15.399969     0.014736   -0.014175   -0.004274  
      5.298251  2.641501 15.399969    -0.014812   -0.015037   -0.005127  
      2.272800  2.723746  8.125040            0           0           0  
      5.303200  2.723746  8.125040            0           0           0  
      0.757600  1.845454 10.025180            0           0           0  
      3.788000  1.845454 10.025180            0           0           0  
      2.245263  4.174099 13.110786    -0.013844   -0.016008    0.003575  
      5.330737  4.174099 13.110786     0.013698   -0.016032    0.003345  
      0.757600  0.480168 15.079181    -0.000092   -0.029005   -0.003975  
      3.788000  0.260957 15.365325     0.000116    0.013797   -0.085538  
      0.757600  3.730889  6.005560            0           0           0  
      3.788000  3.730889  6.005560            0           0           0  
      2.272800  1.446289  7.148020            0           0           0  
      5.303200  1.446289  7.148020            0           0           0  
      5.303200  3.671078  8.495960            0           0           0  
      2.272800  3.671078  8.495960            0           0           0  
      3.788000  0.898122  9.654260            0           0           0  
      0.757600  0.898122  9.654260            0           0           0  
      0.757600  3.122911 11.002200            0           0           0  
      3.788000  3.122911 11.002200            0           0           0  
      5.294256  0.837693 12.158582    -0.003685   -0.011059   -0.002845  
      2.281744  0.837693 12.158582     0.003574   -0.010961   -0.002970  
      2.240833  3.209455 13.466325    -0.017656   -0.016074   -0.001381  
      5.335167  3.209455 13.466325     0.017490   -0.016222   -0.001738  
      0.757600  1.386630 14.620486     0.000218   -0.042404   -0.001032  
      3.788000  1.552981 14.674304    -0.000062    0.005684   -0.029108  
      0.757600  3.684239 15.810118    -0.000514   -0.070016    0.059044  
      3.788000  3.912004 15.840536     0.000201    0.025394   -0.068808  
      2.361442  2.021276 16.990149     0.079278    0.039199    0.032285  
      5.214558  2.021276 16.990149    -0.079080    0.037607    0.031328  
      3.788000  3.178764 17.575471     0.001035    0.210052   -0.027835  
 
  54 f  =    3.298654 THz    20.726057 2PiTHz  110.031268 cm-1    13.642132 meV
             X         Y         Z           dx          dy          dz
      0.757600  0.275888  7.661940            0           0           0  
      3.788000  0.275888  7.661940            0           0           0  
      2.272800  4.293312 10.488280            0           0           0  
      5.303200  4.293312 10.488280            0           0           0  
      0.757600  1.995239 12.648624     0.044343    0.000002   -0.000004  
      3.788000  2.024210 12.697098     0.032779    0.000002   -0.000003  
      2.277749  2.641501 15.399969    -0.012123   -0.020456    0.042018  
      5.298251  2.641501 15.399969    -0.012119    0.020462   -0.042047  
      2.272800  2.723746  8.125040            0           0           0  
      5.303200  2.723746  8.125040            0           0           0  
      0.757600  1.845454 10.025180            0           0           0  
      3.788000  1.845454 10.025180            0           0           0  
      2.245263  4.174099 13.110786     0.025997   -0.012129    0.023203  
      5.330737  4.174099 13.110786     0.026011    0.012140   -0.023211  
      0.757600  0.480168 15.079181    -0.000017    0.000002   -0.000005  
      3.788000  0.260957 15.365325    -0.077867    0.000000   -0.000008  
      0.757600  3.730889  6.005560            0           0           0  
      3.788000  3.730889  6.005560            0           0           0  
      2.272800  1.446289  7.148020            0           0           0  
      5.303200  1.446289  7.148020            0           0           0  
      5.303200  3.671078  8.495960            0           0           0  
      2.272800  3.671078  8.495960            0           0           0  
      3.788000  0.898122  9.654260            0           0           0  
      0.757600  0.898122  9.654260            0           0           0  
      0.757600  3.122911 11.002200            0           0           0  
      3.788000  3.122911 11.002200            0           0           0  
      5.294256  0.837693 12.158582     0.034962   -0.000329    0.003506  
      2.281744  0.837693 12.158582     0.034958    0.000333   -0.003509  
      2.240833  3.209455 13.466325     0.017537   -0.007479    0.019966  
      5.335167  3.209455 13.466325     0.017536    0.007487   -0.019982  
      0.757600  1.386630 14.620486     0.070807    0.000006   -0.000006  
      3.788000  1.552981 14.674304     0.063074   -0.000002   -0.000012  
      0.757600  3.684239 15.810118    -0.088030    0.000015   -0.000029  
      3.788000  3.912004 15.840536    -0.088270   -0.000003   -0.000012  
      2.361442  2.021276 16.990149     0.031128   -0.047599   -0.004653  
      5.214558  2.021276 16.990149     0.031134    0.047589    0.004610  
      3.788000  3.178764 17.575471    -0.006360   -0.000022   -0.000016  
 
  55 f  =    3.016416 THz    18.952702 2PiTHz  100.616817 cm-1    12.474890 meV
             X         Y         Z           dx          dy          dz
      0.757600  0.275888  7.661940            0           0           0  
      3.788000  0.275888  7.661940            0           0           0  
      2.272800  4.293312 10.488280            0           0           0  
      5.303200  4.293312 10.488280            0           0           0  
      0.757600  1.995239 12.648624     0.000015   -0.003800   -0.027978  
      3.788000  2.024210 12.697098     0.000028   -0.005376   -0.032211  
      2.277749  2.641501 15.399969    -0.001904    0.001628   -0.061088  
      5.298251  2.641501 15.399969     0.001961    0.001647   -0.061001  
      2.272800  2.723746  8.125040            0           0           0  
      5.303200  2.723746  8.125040            0           0           0  
      0.757600  1.845454 10.025180            0           0           0  
      3.788000  1.845454 10.025180            0           0           0  
      2.245263  4.174099 13.110786     0.000711    0.002440   -0.037610  
      5.330737  4.174099 13.110786    -0.000669    0.002428   -0.037548  
      0.757600  0.480168 15.079181     0.000036   -0.002627   -0.036370  
      3.788000  0.260957 15.365325     0.000039   -0.000349   -0.062271  
      0.757600  3.730889  6.005560            0           0           0  
      3.788000  3.730889  6.005560            0           0           0  
      2.272800  1.446289  7.148020            0           0           0  
      5.303200  1.446289  7.148020            0           0           0  
      5.303200  3.671078  8.495960            0           0           0  
      2.272800  3.671078  8.495960            0           0           0  
      3.788000  0.898122  9.654260            0           0           0  
      0.757600  0.898122  9.654260            0           0           0  
      0.757600  3.122911 11.002200            0           0           0  
      3.788000  3.122911 11.002200            0           0           0  
      5.294256  0.837693 12.158582     0.000959   -0.005703   -0.018154  
      2.281744  0.837693 12.158582    -0.000930   -0.005713   -0.018145  
      2.240833  3.209455 13.466325     0.001477   -0.001595   -0.043195  
      5.335167  3.209455 13.466325    -0.001425   -0.001598   -0.043151  
      0.757600  1.386630 14.620486    -0.000008    0.000781   -0.041366  
      3.788000  1.552981 14.674304     0.000007   -0.007739   -0.050352  
      0.757600  3.684239 15.810118     0.000078    0.012591   -0.074688  
      3.788000  3.912004 15.840536     0.000038   -0.005777   -0.065889  
      2.361442  2.021276 16.990149    -0.006905    0.001953   -0.065145  
      5.214558  2.021276 16.990149     0.006882    0.002008   -0.065082  
      3.788000  3.178764 17.575471    -0.000090   -0.011278   -0.066102  
 
  56 f  =    1.654760 THz    10.397161 2PiTHz   55.196838 cm-1     6.843533 meV
             X         Y         Z           dx          dy          dz
      0.757600  0.275888  7.661940            0           0           0  
      3.788000  0.275888  7.661940            0           0           0  
      2.272800  4.293312 10.488280            0           0           0  
      5.303200  4.293312 10.488280            0           0           0  
      0.757600  1.995239 12.648624     0.000110    0.017755    0.007608  
      3.788000  2.024210 12.697098     0.000115    0.018125    0.004405  
      2.277749  2.641501 15.399969     0.000449    0.062440   -0.001217  
      5.298251  2.641501 15.399969    -0.000006    0.062439   -0.001175  
      2.272800  2.723746  8.125040            0           0           0  
      5.303200  2.723746  8.125040            0           0           0  
      0.757600  1.845454 10.025180            0           0           0  
      3.788000  1.845454 10.025180            0           0           0  
      2.245263  4.174099 13.110786     0.000739    0.028239   -0.016919  
      5.330737  4.174099 13.110786    -0.000465    0.028231   -0.016890  
      0.757600  0.480168 15.079181     0.000188    0.053458    0.017777  
      3.788000  0.260957 15.365325     0.000255    0.066401   -0.015134  
      0.757600  3.730889  6.005560            0           0           0  
      3.788000  3.730889  6.005560            0           0           0  
      2.272800  1.446289  7.148020            0           0           0  
      5.303200  1.446289  7.148020            0           0           0  
      5.303200  3.671078  8.495960            0           0           0  
      2.272800  3.671078  8.495960            0           0           0  
      3.788000  0.898122  9.654260            0           0           0  
      0.757600  0.898122  9.654260            0           0           0  
      0.757600  3.122911 11.002200            0           0           0  
      3.788000  3.122911 11.002200            0           0           0  
      5.294256  0.837693 12.158582     0.000466    0.013769    0.001849  
      2.281744  0.837693 12.158582    -0.000290    0.013769    0.001847  
      2.240833  3.209455 13.466325     0.000559    0.028111   -0.006760  
      5.335167  3.209455 13.466325    -0.000262    0.028106   -0.006736  
      0.757600  1.386630 14.620486     0.000137    0.053865    0.012373  
      3.788000  1.552981 14.674304     0.000148    0.050604    0.008024  
      0.757600  3.684239 15.810118     0.000275    0.065809   -0.009293  
      3.788000  3.912004 15.840536     0.000270    0.060270   -0.015106  
      2.361442  2.021276 16.990149     0.000072    0.080049    0.005442  
      5.214558  2.021276 16.990149     0.000359    0.080041    0.005438  
      3.788000  3.178764 17.575471     0.000201    0.085912   -0.004694  
 
  57 f  =    1.540277 THz     9.677845 2PiTHz   51.378107 cm-1     6.370071 meV
             X         Y         Z           dx          dy          dz
      0.757600  0.275888  7.661940            0           0           0  
      3.788000  0.275888  7.661940            0           0           0  
      2.272800  4.293312 10.488280            0           0           0  
      5.303200  4.293312 10.488280            0           0           0  
      0.757600  1.995239 12.648624    -0.029741    0.000064    0.000025  
      3.788000  2.024210 12.697098    -0.031042    0.000054    0.000013  
      2.277749  2.641501 15.399969    -0.061509   -0.000548    0.003735  
      5.298251  2.641501 15.399969    -0.061497    0.000992   -0.003779  
      2.272800  2.723746  8.125040            0           0           0  
      5.303200  2.723746  8.125040            0           0           0  
      0.757600  1.845454 10.025180            0           0           0  
      3.788000  1.845454 10.025180            0           0           0  
      2.245263  4.174099 13.110786    -0.037381   -0.000221    0.002109  
      5.330737  4.174099 13.110786    -0.037409    0.000407   -0.002251  
      0.757600  0.480168 15.079181    -0.049732    0.000186    0.000063  
      3.788000  0.260957 15.365325    -0.071916    0.000234   -0.000063  
      0.757600  3.730889  6.005560            0           0           0  
      3.788000  3.730889  6.005560            0           0           0  
      2.272800  1.446289  7.148020            0           0           0  
      5.303200  1.446289  7.148020            0           0           0  
      5.303200  3.671078  8.495960            0           0           0  
      2.272800  3.671078  8.495960            0           0           0  
      3.788000  0.898122  9.654260            0           0           0  
      0.757600  0.898122  9.654260            0           0           0  
      0.757600  3.122911 11.002200            0           0           0  
      3.788000  3.122911 11.002200            0           0           0  
      5.294256  0.837693 12.158582    -0.023730   -0.000221    0.000132  
      2.281744  0.837693 12.158582    -0.023739    0.000301   -0.000106  
      2.240833  3.209455 13.466325    -0.040750    0.000239    0.002033  
      5.335167  3.209455 13.466325    -0.040788   -0.000059   -0.002109  
      0.757600  1.386630 14.620486    -0.037743    0.000213    0.000050  
      3.788000  1.552981 14.674304    -0.042084    0.000160    0.000030  
      0.757600  3.684239 15.810118    -0.073756    0.000293   -0.000150  
      3.788000  3.912004 15.840536    -0.075974    0.000198   -0.000068  
      2.361442  2.021276 16.990149    -0.063252   -0.003544   -0.002612  
      5.214558  2.021276 16.990149    -0.063218    0.004120    0.002582  
      3.788000  3.178764 17.575471    -0.067215    0.000254   -0.000031  
 
