 Eigenvectors and eigenvalues of the dynamical matrix
 ----------------------------------------------------
 
 
   1 f  =   10.554080 THz    66.313241 2PiTHz  352.046219 cm-1    43.648149 meV
             X         Y         Z           dx          dy          dz
     -0.000000  2.092088  2.671442            0           0           0  
     -1.811802  5.230220  2.671442            0           0           0  
      3.623603  2.092088  2.671442            0           0           0  
      1.811801  5.230220  2.671442            0           0           0  
     -0.000000  2.092088  5.128185            0           0           0  
     -1.811802  5.230220  5.128185            0           0           0  
      3.623603  2.092088  5.128185            0           0           0  
      1.811801  5.230220  5.128185            0           0           0  
      1.811801  1.033799 10.434731    -0.000001   -0.003195   -0.025586  
     -0.010605  4.190298 10.434731    -0.002762    0.001597   -0.025574  
      5.435404  1.046044 10.472521     0.000001    0.000000   -0.026204  
      3.634207  4.190298 10.434731     0.002764    0.001598   -0.025579  
      1.811801  0.984997 12.878857    -0.000003   -0.007523    0.027243  
     -0.052869  4.214699 12.878857    -0.006517    0.003763    0.027235  
      5.435404  1.046044 12.941211     0.000004   -0.000001    0.028944  
      3.676471  4.214699 12.878857     0.006518    0.003766    0.027237  
      1.811801  1.046044  1.585076            0           0           0  
     -0.000001  4.184176  1.585076            0           0           0  
      5.435404  1.046044  1.585076            0           0           0  
      3.623602  4.184176  1.585076            0           0           0  
      1.811801  1.046044  6.214551            0           0           0  
     -0.000001  4.184176  6.214551            0           0           0  
      5.435404  1.046044  6.214551            0           0           0  
      3.623602  4.184176  6.214551            0           0           0  
     -0.005357  2.088995  9.380154    -0.003806   -0.002217    0.029112  
     -1.811802  5.230220  9.353162    -0.000010    0.000021    0.046167  
      3.628960  2.088995  9.380154     0.003807   -0.002207    0.029102  
      1.811801  5.236405  9.380154     0.000007    0.004399    0.029110  
      0.042652  2.116713 14.033805    -0.026902   -0.015546   -0.039312  
     -1.811802  5.230220 14.076761    -0.000008    0.000006   -0.055492  
      3.580951  2.116713 14.033805     0.026899   -0.015535   -0.039276  
      1.811801  5.180969 14.033805     0.000006    0.031075   -0.039285  
      1.811801  3.138132 15.355734    -0.000002   -0.000012    0.116936  
 
   2 f  =   10.214796 THz    64.181457 2PiTHz  340.728922 cm-1    42.244983 meV
             X         Y         Z           dx          dy          dz
     -0.000000  2.092088  2.671442            0           0           0  
     -1.811802  5.230220  2.671442            0           0           0  
      3.623603  2.092088  2.671442            0           0           0  
      1.811801  5.230220  2.671442            0           0           0  
     -0.000000  2.092088  5.128185            0           0           0  
     -1.811802  5.230220  5.128185            0           0           0  
      3.623603  2.092088  5.128185            0           0           0  
      1.811801  5.230220  5.128185            0           0           0  
      1.811801  1.033799 10.434731     0.001120   -0.007489   -0.043116  
     -0.010605  4.190298 10.434731     0.004040    0.002788    0.012103  
      5.435404  1.046044 10.472521    -0.001334   -0.005288    0.000011  
      3.634207  4.190298 10.434731    -0.006317    0.000177    0.030987  
      1.811801  0.984997 12.878857     0.000797   -0.005380    0.030376  
     -0.052869  4.214699 12.878857     0.002882    0.001990   -0.008528  
      5.435404  1.046044 12.941211    -0.001873   -0.007410   -0.000019  
      3.676471  4.214699 12.878857    -0.004519    0.000117   -0.021831  
      1.811801  1.046044  1.585076            0           0           0  
     -0.000001  4.184176  1.585076            0           0           0  
      5.435404  1.046044  1.585076            0           0           0  
      3.623602  4.184176  1.585076            0           0           0  
      1.811801  1.046044  6.214551            0           0           0  
     -0.000001  4.184176  6.214551            0           0           0  
      5.435404  1.046044  6.214551            0           0           0  
      3.623602  4.184176  6.214551            0           0           0  
     -0.005357  2.088995  9.380154     0.036293   -0.036038    0.003273  
     -1.811802  5.230220  9.353162     0.023429    0.092642    0.000016  
      3.628960  2.088995  9.380154    -0.037658   -0.054728    0.001272  
      1.811801  5.236405  9.380154    -0.016872    0.018607   -0.004524  
      0.042652  2.116713 14.033805     0.025272   -0.009071    0.006203  
     -1.811802  5.230220 14.076761     0.009607    0.037986   -0.000024  
      3.580951  2.116713 14.033805    -0.019633   -0.020412    0.002438  
      1.811801  5.180969 14.033805    -0.007001    0.024043   -0.008589  
      1.811801  3.138132 15.355734    -0.009354   -0.036953   -0.000118  
 
   3 f  =   10.214629 THz    64.180406 2PiTHz  340.723344 cm-1    42.244292 meV
             X         Y         Z           dx          dy          dz
     -0.000000  2.092088  2.671442            0           0           0  
     -1.811802  5.230220  2.671442            0           0           0  
      3.623603  2.092088  2.671442            0           0           0  
      1.811801  5.230220  2.671442            0           0           0  
     -0.000000  2.092088  5.128185            0           0           0  
     -1.811802  5.230220  5.128185            0           0           0  
      3.623603  2.092088  5.128185            0           0           0  
      1.811801  5.230220  5.128185            0           0           0  
      1.811801  1.033799 10.434731    -0.004453   -0.001900   -0.010903  
     -0.010605  4.190298 10.434731     0.005801   -0.004792    0.042783  
      5.435404  1.046044 10.472521     0.005282   -0.001340    0.000006  
      3.634207  4.190298 10.434731     0.003184    0.005544   -0.031886  
      1.811801  0.984997 12.878857    -0.003158   -0.001364    0.007683  
     -0.052869  4.214699 12.878857     0.004169   -0.003437   -0.030141  
      5.435404  1.046044 12.941211     0.007409   -0.001875   -0.000011  
      3.676471  4.214699 12.878857     0.002299    0.003972    0.022463  
      1.811801  1.046044  1.585076            0           0           0  
     -0.000001  4.184176  1.585076            0           0           0  
      5.435404  1.046044  1.585076            0           0           0  
      3.623602  4.184176  1.585076            0           0           0  
      1.811801  1.046044  6.214551            0           0           0  
     -0.000001  4.184176  6.214551            0           0           0  
      5.435404  1.046044  6.214551            0           0           0  
      3.623602  4.184176  6.214551            0           0           0  
     -0.005357  2.088995  9.380154     0.012068   -0.048430   -0.003363  
     -1.811802  5.230220  9.353162    -0.092642    0.023432    0.000009  
      3.628960  2.088995  9.380154    -0.006619    0.025484    0.004500  
      1.811801  5.236405  9.380154     0.066735    0.004710   -0.001144  
      0.042652  2.116713 14.033805    -0.005458   -0.026148   -0.006344  
     -1.811802  5.230220 14.076761    -0.037981    0.009609   -0.000013  
      3.580951  2.116713 14.033805    -0.016827    0.018702    0.008549  
      1.811801  5.180969 14.033805     0.027701    0.006070   -0.002163  
      1.811801  3.138132 15.355734     0.036980   -0.009340   -0.000085  
 
   4 f  =   10.039507 THz    63.080086 2PiTHz  334.881923 cm-1    41.520048 meV
             X         Y         Z           dx          dy          dz
     -0.000000  2.092088  2.671442            0           0           0  
     -1.811802  5.230220  2.671442            0           0           0  
      3.623603  2.092088  2.671442            0           0           0  
      1.811801  5.230220  2.671442            0           0           0  
     -0.000000  2.092088  5.128185            0           0           0  
     -1.811802  5.230220  5.128185            0           0           0  
      3.623603  2.092088  5.128185            0           0           0  
      1.811801  5.230220  5.128185            0           0           0  
      1.811801  1.033799 10.434731     0.000000   -0.000027    0.022573  
     -0.010605  4.190298 10.434731    -0.000017    0.000015    0.022623  
      5.435404  1.046044 10.472521    -0.000000   -0.000003    0.001722  
      3.634207  4.190298 10.434731     0.000015    0.000018    0.022609  
      1.811801  0.984997 12.878857    -0.000003    0.007218   -0.017994  
     -0.052869  4.214699 12.878857     0.006255   -0.003609   -0.018030  
      5.435404  1.046044 12.941211     0.000002   -0.000002    0.020763  
      3.676471  4.214699 12.878857    -0.006256   -0.003605   -0.018021  
      1.811801  1.046044  1.585076            0           0           0  
     -0.000001  4.184176  1.585076            0           0           0  
      5.435404  1.046044  1.585076            0           0           0  
      3.623602  4.184176  1.585076            0           0           0  
      1.811801  1.046044  6.214551            0           0           0  
     -0.000001  4.184176  6.214551            0           0           0  
      5.435404  1.046044  6.214551            0           0           0  
      3.623602  4.184176  6.214551            0           0           0  
     -0.005357  2.088995  9.380154    -0.003653   -0.002156   -0.029578  
     -1.811802  5.230220  9.353162    -0.000012    0.000058   -0.030854  
      3.628960  2.088995  9.380154     0.003654   -0.002150   -0.029573  
      1.811801  5.236405  9.380154     0.000013    0.004248   -0.029574  
      0.042652  2.116713 14.033805    -0.045684   -0.026396   -0.016311  
     -1.811802  5.230220 14.076761    -0.000004    0.000024    0.040502  
      3.580951  2.116713 14.033805     0.045686   -0.026392   -0.016292  
      1.811801  5.180969 14.033805     0.000005    0.052776   -0.016303  
      1.811801  3.138132 15.355734     0.000004   -0.000028    0.214218  
 
   5 f  =    9.599646 THz    60.316355 2PiTHz  320.209726 cm-1    39.700928 meV
             X         Y         Z           dx          dy          dz
     -0.000000  2.092088  2.671442            0           0           0  
     -1.811802  5.230220  2.671442            0           0           0  
      3.623603  2.092088  2.671442            0           0           0  
      1.811801  5.230220  2.671442            0           0           0  
     -0.000000  2.092088  5.128185            0           0           0  
     -1.811802  5.230220  5.128185            0           0           0  
      3.623603  2.092088  5.128185            0           0           0  
      1.811801  5.230220  5.128185            0           0           0  
      1.811801  1.033799 10.434731    -0.000001    0.004680    0.015594  
     -0.010605  4.190298 10.434731     0.004051   -0.002332    0.015606  
      5.435404  1.046044 10.472521    -0.000002    0.000008   -0.052109  
      3.634207  4.190298 10.434731    -0.004050   -0.002330    0.015608  
      1.811801  0.984997 12.878857    -0.000002   -0.002878   -0.000991  
     -0.052869  4.214699 12.878857    -0.002490    0.001442   -0.000999  
      5.435404  1.046044 12.941211    -0.000000    0.000001    0.019784  
      3.676471  4.214699 12.878857     0.002488    0.001445   -0.001004  
      1.811801  1.046044  1.585076            0           0           0  
     -0.000001  4.184176  1.585076            0           0           0  
      5.435404  1.046044  1.585076            0           0           0  
      3.623602  4.184176  1.585076            0           0           0  
      1.811801  1.046044  6.214551            0           0           0  
     -0.000001  4.184176  6.214551            0           0           0  
      5.435404  1.046044  6.214551            0           0           0  
      3.623602  4.184176  6.214551            0           0           0  
     -0.005357  2.088995  9.380154    -0.070869   -0.040942    0.008631  
     -1.811802  5.230220  9.353162    -0.000003    0.000003   -0.036779  
      3.628960  2.088995  9.380154     0.070878   -0.040948    0.008628  
      1.811801  5.236405  9.380154     0.000001    0.081827    0.008627  
      0.042652  2.116713 14.033805     0.009589    0.005530    0.003054  
     -1.811802  5.230220 14.076761     0.000006    0.000008   -0.014658  
      3.580951  2.116713 14.033805    -0.009581    0.005516    0.003067  
      1.811801  5.180969 14.033805    -0.000003   -0.011076    0.003058  
      1.811801  3.138132 15.355734    -0.000010    0.000018   -0.040471  
 
   6 f  =    9.171164 THz    57.624123 2PiTHz  305.917104 cm-1    37.928870 meV
             X         Y         Z           dx          dy          dz
     -0.000000  2.092088  2.671442            0           0           0  
     -1.811802  5.230220  2.671442            0           0           0  
      3.623603  2.092088  2.671442            0           0           0  
      1.811801  5.230220  2.671442            0           0           0  
     -0.000000  2.092088  5.128185            0           0           0  
     -1.811802  5.230220  5.128185            0           0           0  
      3.623603  2.092088  5.128185            0           0           0  
      1.811801  5.230220  5.128185            0           0           0  
      1.811801  1.033799 10.434731    -0.000006   -0.019439   -0.016264  
     -0.010605  4.190298 10.434731    -0.016831    0.009722   -0.016262  
      5.435404  1.046044 10.472521     0.000009    0.000009   -0.025718  
      3.634207  4.190298 10.434731     0.016804    0.009726   -0.016257  
      1.811801  0.984997 12.878857     0.000003    0.020382   -0.021315  
     -0.052869  4.214699 12.878857     0.017664   -0.010192   -0.021355  
      5.435404  1.046044 12.941211     0.000004    0.000004    0.008710  
      3.676471  4.214699 12.878857    -0.017666   -0.010193   -0.021334  
      1.811801  1.046044  1.585076            0           0           0  
     -0.000001  4.184176  1.585076            0           0           0  
      5.435404  1.046044  1.585076            0           0           0  
      3.623602  4.184176  1.585076            0           0           0  
      1.811801  1.046044  6.214551            0           0           0  
     -0.000001  4.184176  6.214551            0           0           0  
      5.435404  1.046044  6.214551            0           0           0  
      3.623602  4.184176  6.214551            0           0           0  
     -0.005357  2.088995  9.380154    -0.011287   -0.006496    0.023217  
     -1.811802  5.230220  9.353162     0.000052    0.000001    0.089334  
      3.628960  2.088995  9.380154     0.011271   -0.006504    0.023174  
      1.811801  5.236405  9.380154     0.000019    0.012948    0.023228  
      0.042652  2.116713 14.033805    -0.005551   -0.003242    0.012843  
     -1.811802  5.230220 14.076761    -0.000022    0.000058    0.094376  
      3.580951  2.116713 14.033805     0.005516   -0.003204    0.012859  
      1.811801  5.180969 14.033805     0.000027    0.006384    0.012873  
      1.811801  3.138132 15.355734     0.000083    0.000057   -0.019779  
 
   7 f  =    9.101346 THz    57.185444 2PiTHz  303.588228 cm-1    37.640126 meV
             X         Y         Z           dx          dy          dz
     -0.000000  2.092088  2.671442            0           0           0  
     -1.811802  5.230220  2.671442            0           0           0  
      3.623603  2.092088  2.671442            0           0           0  
      1.811801  5.230220  2.671442            0           0           0  
     -0.000000  2.092088  5.128185            0           0           0  
     -1.811802  5.230220  5.128185            0           0           0  
      3.623603  2.092088  5.128185            0           0           0  
      1.811801  5.230220  5.128185            0           0           0  
      1.811801  1.033799 10.434731     0.007616    0.001711    0.000833  
     -0.010605  4.190298 10.434731     0.013436   -0.002477    0.006229  
      5.435404  1.046044 10.472521    -0.021536   -0.002359   -0.000009  
      3.634207  4.190298 10.434731     0.014216    0.004618   -0.007090  
      1.811801  0.984997 12.878857    -0.004641   -0.000510    0.003191  
     -0.052869  4.214699 12.878857    -0.004695   -0.000463    0.023751  
      5.435404  1.046044 12.941211    -0.008143   -0.000885    0.000004  
      3.676471  4.214699 12.878857    -0.004724   -0.000568   -0.026969  
      1.811801  1.046044  1.585076            0           0           0  
     -0.000001  4.184176  1.585076            0           0           0  
      5.435404  1.046044  1.585076            0           0           0  
      3.623602  4.184176  1.585076            0           0           0  
      1.811801  1.046044  6.214551            0           0           0  
     -0.000001  4.184176  6.214551            0           0           0  
      5.435404  1.046044  6.214551            0           0           0  
      3.623602  4.184176  6.214551            0           0           0  
     -0.005357  2.088995  9.380154     0.021189    0.005386   -0.032453  
     -1.811802  5.230220  9.353162    -0.088416   -0.009637    0.000050  
      3.628960  2.088995  9.380154     0.020415   -0.001756    0.028593  
      1.811801  5.236405  9.380154     0.014432    0.002488    0.003883  
      0.042652  2.116713 14.033805     0.029534    0.038587   -0.002305  
     -1.811802  5.230220 14.076761     0.071624    0.007834    0.000048  
      3.580951  2.116713 14.033805     0.020585   -0.043467    0.002026  
      1.811801  5.180969 14.033805    -0.046036    0.005315    0.000283  
      1.811801  3.138132 15.355734    -0.114369   -0.012464   -0.000012  
 
   8 f  =    9.101189 THz    57.184459 2PiTHz  303.583000 cm-1    37.639478 meV
             X         Y         Z           dx          dy          dz
     -0.000000  2.092088  2.671442            0           0           0  
     -1.811802  5.230220  2.671442            0           0           0  
      3.623603  2.092088  2.671442            0           0           0  
      1.811801  5.230220  2.671442            0           0           0  
     -0.000000  2.092088  5.128185            0           0           0  
     -1.811802  5.230220  5.128185            0           0           0  
      3.623603  2.092088  5.128185            0           0           0  
      1.811801  5.230220  5.128185            0           0           0  
      1.811801  1.033799 10.434731    -0.000824    0.015813    0.007714  
     -0.010605  4.190298 10.434731    -0.005029    0.010137   -0.004573  
      5.435404  1.046044 10.472521     0.002352   -0.021564    0.000004  
      3.634207  4.190298 10.434731     0.001993    0.009317   -0.003126  
      1.811801  0.984997 12.878857     0.000506   -0.004763    0.029315  
     -0.052869  4.214699 12.878857     0.000563   -0.004649   -0.017406  
      5.435404  1.046044 12.941211     0.000899   -0.008116    0.000001  
      3.676471  4.214699 12.878857     0.000451   -0.004652   -0.011894  
      1.811801  1.046044  1.585076            0           0           0  
     -0.000001  4.184176  1.585076            0           0           0  
      5.435404  1.046044  1.585076            0           0           0  
      3.623602  4.184176  1.585076            0           0           0  
      1.811801  1.046044  6.214551            0           0           0  
     -0.000001  4.184176  6.214551            0           0           0  
      5.435404  1.046044  6.214551            0           0           0  
      3.623602  4.184176  6.214551            0           0           0  
     -0.005357  2.088995  9.380154     0.001275    0.016186   -0.014399  
     -1.811802  5.230220  9.353162     0.009682   -0.088330   -0.000017  
      3.628960  2.088995  9.380154    -0.005840    0.017067   -0.021005  
      1.811801  5.236405  9.380154    -0.001564    0.022790    0.035379  
      0.042652  2.116713 14.033805     0.038253   -0.026880   -0.001059  
     -1.811802  5.230220 14.076761    -0.007762    0.071739   -0.000022  
      3.580951  2.116713 14.033805    -0.043770   -0.017892   -0.001490  
      1.811801  5.180969 14.033805     0.005009    0.048653    0.002536  
      1.811801  3.138132 15.355734     0.012570   -0.114149   -0.000016  
 
   9 f  =    9.010348 THz    56.613687 2PiTHz  300.552864 cm-1    37.263789 meV
             X         Y         Z           dx          dy          dz
     -0.000000  2.092088  2.671442            0           0           0  
     -1.811802  5.230220  2.671442            0           0           0  
      3.623603  2.092088  2.671442            0           0           0  
      1.811801  5.230220  2.671442            0           0           0  
     -0.000000  2.092088  5.128185            0           0           0  
     -1.811802  5.230220  5.128185            0           0           0  
      3.623603  2.092088  5.128185            0           0           0  
      1.811801  5.230220  5.128185            0           0           0  
      1.811801  1.033799 10.434731     0.011082   -0.006454    0.001004  
     -0.010605  4.190298 10.434731    -0.012043    0.016238    0.002899  
      5.435404  1.046044 10.472521     0.008581    0.002226    0.000020  
      3.634207  4.190298 10.434731    -0.020045   -0.015172   -0.003870  
      1.811801  0.984997 12.878857     0.007243   -0.004619    0.005071  
     -0.052869  4.214699 12.878857    -0.008936    0.011208    0.014734  
      5.435404  1.046044 12.941211     0.008850    0.002275    0.000006  
      3.676471  4.214699 12.878857    -0.014529   -0.010724   -0.019763  
      1.811801  1.046044  1.585076            0           0           0  
     -0.000001  4.184176  1.585076            0           0           0  
      5.435404  1.046044  1.585076            0           0           0  
      3.623602  4.184176  1.585076            0           0           0  
      1.811801  1.046044  6.214551            0           0           0  
     -0.000001  4.184176  6.214551            0           0           0  
      5.435404  1.046044  6.214551            0           0           0  
      3.623602  4.184176  6.214551            0           0           0  
     -0.005357  2.088995  9.380154    -0.037401   -0.037893   -0.026907  
     -1.811802  5.230220  9.353162     0.032013    0.008279    0.000018  
      3.628960  2.088995  9.380154    -0.014802    0.050505    0.019933  
      1.811801  5.236405  9.380154     0.050245   -0.013238    0.006830  
      0.042652  2.116713 14.033805    -0.039004   -0.015247   -0.019268  
     -1.811802  5.230220 14.076761     0.082868    0.021106   -0.000042  
      3.580951  2.116713 14.033805    -0.034661    0.001362    0.014276  
      1.811801  5.180969 14.033805    -0.022494   -0.010700    0.004942  
      1.811801  3.138132 15.355734     0.120983    0.031082   -0.000076  
 
  10 f  =    9.010244 THz    56.613031 2PiTHz  300.549381 cm-1    37.263357 meV
             X         Y         Z           dx          dy          dz
     -0.000000  2.092088  2.671442            0           0           0  
     -1.811802  5.230220  2.671442            0           0           0  
      3.623603  2.092088  2.671442            0           0           0  
      1.811801  5.230220  2.671442            0           0           0  
     -0.000000  2.092088  5.128185            0           0           0  
     -1.811802  5.230220  5.128185            0           0           0  
      3.623603  2.092088  5.128185            0           0           0  
      1.811801  5.230220  5.128185            0           0           0  
      1.811801  1.033799 10.434731     0.002821    0.025115   -0.003909  
     -0.010605  4.190298 10.434731    -0.019785    0.001950    0.002805  
      5.435404  1.046044 10.472521     0.002198   -0.008651   -0.000028  
      3.634207  4.190298 10.434731     0.011572   -0.006066    0.001070  
      1.811801  0.984997 12.878857     0.001856    0.018069   -0.019884  
     -0.052869  4.214699 12.878857    -0.013960    0.001867    0.014326  
      5.435404  1.046044 12.941211     0.002259   -0.008863    0.000004  
      3.676471  4.214699 12.878857     0.007956   -0.003746    0.005505  
      1.811801  1.046044  1.585076            0           0           0  
     -0.000001  4.184176  1.585076            0           0           0  
      5.435404  1.046044  1.585076            0           0           0  
      3.623602  4.184176  1.585076            0           0           0  
      1.811801  1.046044  6.214551            0           0           0  
     -0.000001  4.184176  6.214551            0           0           0  
      5.435404  1.046044  6.214551            0           0           0  
      3.623602  4.184176  6.214551            0           0           0  
     -0.005357  2.088995  9.380154     0.037483   -0.036055    0.007546  
     -1.811802  5.230220  9.353162     0.008179   -0.032090    0.000018  
      3.628960  2.088995  9.380154    -0.050809   -0.013452    0.019490  
      1.811801  5.236405  9.380154     0.012872    0.051716   -0.026918  
      0.042652  2.116713 14.033805    -0.001060    0.025110    0.005412  
     -1.811802  5.230220 14.076761     0.021204   -0.082761    0.000059  
      3.580951  2.116713 14.033805    -0.017781    0.029348    0.013972  
      1.811801  5.180969 14.033805    -0.005756    0.041726   -0.019339  
      1.811801  3.138132 15.355734     0.030943   -0.121246    0.000033  
 
  11 f  =    8.918567 THz    56.037006 2PiTHz  297.491359 cm-1    36.884211 meV
             X         Y         Z           dx          dy          dz
     -0.000000  2.092088  2.671442            0           0           0  
     -1.811802  5.230220  2.671442            0           0           0  
      3.623603  2.092088  2.671442            0           0           0  
      1.811801  5.230220  2.671442            0           0           0  
     -0.000000  2.092088  5.128185            0           0           0  
     -1.811802  5.230220  5.128185            0           0           0  
      3.623603  2.092088  5.128185            0           0           0  
      1.811801  5.230220  5.128185            0           0           0  
      1.811801  1.033799 10.434731     0.032551    0.000030    0.000001  
     -0.010605  4.190298 10.434731    -0.016250   -0.028182   -0.000005  
      5.435404  1.046044 10.472521    -0.000016   -0.000014   -0.000011  
      3.634207  4.190298 10.434731    -0.016320    0.028192   -0.000012  
      1.811801  0.984997 12.878857     0.005794    0.000002    0.000002  
     -0.052869  4.214699 12.878857    -0.002907   -0.005002    0.000031  
      5.435404  1.046044 12.941211     0.000003    0.000001   -0.000001  
      3.676471  4.214699 12.878857    -0.002907    0.004998   -0.000039  
      1.811801  1.046044  1.585076            0           0           0  
     -0.000001  4.184176  1.585076            0           0           0  
      5.435404  1.046044  1.585076            0           0           0  
      3.623602  4.184176  1.585076            0           0           0  
      1.811801  1.046044  6.214551            0           0           0  
     -0.000001  4.184176  6.214551            0           0           0  
      5.435404  1.046044  6.214551            0           0           0  
      3.623602  4.184176  6.214551            0           0           0  
     -0.005357  2.088995  9.380154    -0.043730    0.075783   -0.000015  
     -1.811802  5.230220  9.353162    -0.000027   -0.000019   -0.000059  
      3.628960  2.088995  9.380154    -0.043766   -0.075794    0.000046  
      1.811801  5.236405  9.380154     0.087612   -0.000028    0.000082  
      0.042652  2.116713 14.033805    -0.009434    0.016318   -0.000011  
     -1.811802  5.230220 14.076761     0.000124    0.000009    0.000013  
      3.580951  2.116713 14.033805    -0.009445   -0.016328    0.000016  
      1.811801  5.180969 14.033805     0.018773    0.000010    0.000004  
      1.811801  3.138132 15.355734     0.000041   -0.000024    0.000016  
 
  12 f  =    8.884217 THz    55.821180 2PiTHz  296.345572 cm-1    36.742152 meV
             X         Y         Z           dx          dy          dz
     -0.000000  2.092088  2.671442            0           0           0  
     -1.811802  5.230220  2.671442            0           0           0  
      3.623603  2.092088  2.671442            0           0           0  
      1.811801  5.230220  2.671442            0           0           0  
     -0.000000  2.092088  5.128185            0           0           0  
     -1.811802  5.230220  5.128185            0           0           0  
      3.623603  2.092088  5.128185            0           0           0  
      1.811801  5.230220  5.128185            0           0           0  
      1.811801  1.033799 10.434731    -0.000052    0.038250   -0.009434  
     -0.010605  4.190298 10.434731     0.033160   -0.019066   -0.009440  
      5.435404  1.046044 10.472521     0.000030   -0.000009   -0.021823  
      3.634207  4.190298 10.434731    -0.033140   -0.019074   -0.009436  
      1.811801  0.984997 12.878857     0.000014    0.004073   -0.009947  
     -0.052869  4.214699 12.878857     0.003522   -0.002016   -0.009953  
      5.435404  1.046044 12.941211    -0.000004    0.000019   -0.000676  
      3.676471  4.214699 12.878857    -0.003546   -0.002057   -0.009978  
      1.811801  1.046044  1.585076            0           0           0  
     -0.000001  4.184176  1.585076            0           0           0  
      5.435404  1.046044  1.585076            0           0           0  
      3.623602  4.184176  1.585076            0           0           0  
      1.811801  1.046044  6.214551            0           0           0  
     -0.000001  4.184176  6.214551            0           0           0  
      5.435404  1.046044  6.214551            0           0           0  
      3.623602  4.184176  6.214551            0           0           0  
     -0.005357  2.088995  9.380154     0.020532    0.011695    0.059675  
     -1.811802  5.230220  9.353162    -0.000030   -0.000024   -0.070235  
      3.628960  2.088995  9.380154    -0.020478    0.011842    0.059566  
      1.811801  5.236405  9.380154    -0.000025   -0.023756    0.059766  
      0.042652  2.116713 14.033805    -0.003590   -0.002079    0.008143  
     -1.811802  5.230220 14.076761     0.000093    0.000029    0.037388  
      3.580951  2.116713 14.033805     0.003532   -0.002048    0.008129  
      1.811801  5.180969 14.033805    -0.000032    0.004042    0.008177  
      1.811801  3.138132 15.355734     0.000134    0.000138    0.038702  
 
  13 f  =    8.760381 THz    55.043099 2PiTHz  292.214868 cm-1    36.230010 meV
             X         Y         Z           dx          dy          dz
     -0.000000  2.092088  2.671442            0           0           0  
     -1.811802  5.230220  2.671442            0           0           0  
      3.623603  2.092088  2.671442            0           0           0  
      1.811801  5.230220  2.671442            0           0           0  
     -0.000000  2.092088  5.128185            0           0           0  
     -1.811802  5.230220  5.128185            0           0           0  
      3.623603  2.092088  5.128185            0           0           0  
      1.811801  5.230220  5.128185            0           0           0  
      1.811801  1.033799 10.434731    -0.027584    0.002544   -0.010103  
     -0.010605  4.190298 10.434731    -0.027656   -0.047982    0.000007  
      5.435404  1.046044 10.472521     0.008481    0.014723   -0.000017  
      3.634207  4.190298 10.434731     0.016074   -0.022796    0.010082  
      1.811801  0.984997 12.878857     0.004707   -0.009250    0.008815  
     -0.052869  4.214699 12.878857     0.004722    0.008145   -0.000036  
      5.435404  1.046044 12.941211    -0.004889   -0.008507   -0.000005  
      3.676471  4.214699 12.878857    -0.010352   -0.000532   -0.008806  
      1.811801  1.046044  1.585076            0           0           0  
     -0.000001  4.184176  1.585076            0           0           0  
      5.435404  1.046044  1.585076            0           0           0  
      3.623602  4.184176  1.585076            0           0           0  
      1.811801  1.046044  6.214551            0           0           0  
     -0.000001  4.184176  6.214551            0           0           0  
      5.435404  1.046044  6.214551            0           0           0  
      3.623602  4.184176  6.214551            0           0           0  
     -0.005357  2.088995  9.380154     0.018032    0.041169    0.071598  
     -1.811802  5.230220  9.353162    -0.001326   -0.002246   -0.000032  
      3.628960  2.088995  9.380154     0.026384    0.045905    0.000168  
      1.811801  5.236405  9.380154     0.026362    0.036286   -0.071652  
      0.042652  2.116713 14.033805     0.001933   -0.005348    0.011716  
     -1.811802  5.230220 14.076761     0.017577    0.030601    0.000018  
      3.580951  2.116713 14.033805    -0.005623   -0.009643    0.000025  
      1.811801  5.180969 14.033805    -0.005545   -0.000973   -0.011713  
      1.811801  3.138132 15.355734     0.008898    0.015183    0.000107  
 
  14 f  =    8.760216 THz    55.042059 2PiTHz  292.209346 cm-1    36.229325 meV
             X         Y         Z           dx          dy          dz
     -0.000000  2.092088  2.671442            0           0           0  
     -1.811802  5.230220  2.671442            0           0           0  
      3.623603  2.092088  2.671442            0           0           0  
      1.811801  5.230220  2.671442            0           0           0  
     -0.000000  2.092088  5.128185            0           0           0  
     -1.811802  5.230220  5.128185            0           0           0  
      3.623603  2.092088  5.128185            0           0           0  
      1.811801  5.230220  5.128185            0           0           0  
      1.811801  1.033799 10.434731     0.048019    0.001459   -0.005817  
     -0.010605  4.190298 10.434731    -0.002509    0.001538    0.011667  
      5.435404  1.046044 10.472521    -0.014801    0.008420   -0.000038  
      3.634207  4.190298 10.434731     0.022555   -0.042281   -0.005888  
      1.811801  0.984997 12.878857    -0.008198   -0.005291    0.005047  
     -0.052869  4.214699 12.878857     0.009219   -0.005382   -0.010170  
      5.435404  1.046044 12.941211     0.008509   -0.004890    0.000007  
      3.676471  4.214699 12.878857     0.000567    0.009737    0.005079  
      1.811801  1.046044  1.585076            0           0           0  
     -0.000001  4.184176  1.585076            0           0           0  
      5.435404  1.046044  1.585076            0           0           0  
      3.623602  4.184176  1.585076            0           0           0  
      1.811801  1.046044  6.214551            0           0           0  
     -0.000001  4.184176  6.214551            0           0           0  
      5.435404  1.046044  6.214551            0           0           0  
      3.623602  4.184176  6.214551            0           0           0  
     -0.005357  2.088995  9.380154    -0.040989    0.029240   -0.041535  
     -1.811802  5.230220  9.353162     0.002383   -0.001209   -0.000069  
      3.628960  2.088995  9.380154    -0.036242    0.020928    0.082853  
      1.811801  5.236405  9.380154    -0.045702    0.020906   -0.041101  
      0.042652  2.116713 14.033805     0.005391   -0.008006   -0.006798  
     -1.811802  5.230220 14.076761    -0.030574    0.017518    0.000059  
      3.580951  2.116713 14.033805     0.001051   -0.000579    0.013543  
      1.811801  5.180969 14.033805     0.009656   -0.000524   -0.006724  
      1.811801  3.138132 15.355734    -0.015578    0.008629    0.000042  
 
  15 f  =    8.689830 THz    54.599812 2PiTHz  289.861527 cm-1    35.938233 meV
             X         Y         Z           dx          dy          dz
     -0.000000  2.092088  2.671442            0           0           0  
     -1.811802  5.230220  2.671442            0           0           0  
      3.623603  2.092088  2.671442            0           0           0  
      1.811801  5.230220  2.671442            0           0           0  
     -0.000000  2.092088  5.128185            0           0           0  
     -1.811802  5.230220  5.128185            0           0           0  
      3.623603  2.092088  5.128185            0           0           0  
      1.811801  5.230220  5.128185            0           0           0  
      1.811801  1.033799 10.434731     0.008314   -0.006233    0.001834  
     -0.010605  4.190298 10.434731     0.032797   -0.015499   -0.010672  
      5.435404  1.046044 10.472521     0.034840   -0.005680    0.000001  
      3.634207  4.190298 10.434731     0.028620    0.010376    0.008851  
      1.811801  0.984997 12.878857     0.013454    0.001513   -0.001009  
     -0.052869  4.214699 12.878857    -0.005273    0.008632    0.005875  
      5.435404  1.046044 12.941211    -0.001535    0.000249   -0.000002  
      3.676471  4.214699 12.878857    -0.002055   -0.011137   -0.004876  
      1.811801  1.046044  1.585076            0           0           0  
     -0.000001  4.184176  1.585076            0           0           0  
      5.435404  1.046044  1.585076            0           0           0  
      3.623602  4.184176  1.585076            0           0           0  
      1.811801  1.046044  6.214551            0           0           0  
     -0.000001  4.184176  6.214551            0           0           0  
      5.435404  1.046044  6.214551            0           0           0  
      3.623602  4.184176  6.214551            0           0           0  
     -0.005357  2.088995  9.380154    -0.052714    0.019398    0.030157  
     -1.811802  5.230220  9.353162    -0.071676    0.011665    0.000041  
      3.628960  2.088995  9.380154    -0.049669    0.000763   -0.036458  
      1.811801  5.236405  9.380154    -0.067297    0.007489    0.006244  
      0.042652  2.116713 14.033805    -0.019536   -0.007972    0.006413  
     -1.811802  5.230220 14.076761     0.027913   -0.004531   -0.000020  
      3.580951  2.116713 14.033805    -0.022648    0.011219   -0.007703  
      1.811801  5.180969 14.033805    -0.004484    0.004313    0.001328  
      1.811801  3.138132 15.355734     0.097261   -0.015760    0.000038  
 
  16 f  =    8.689666 THz    54.598780 2PiTHz  289.856051 cm-1    35.937554 meV
             X         Y         Z           dx          dy          dz
     -0.000000  2.092088  2.671442            0           0           0  
     -1.811802  5.230220  2.671442            0           0           0  
      3.623603  2.092088  2.671442            0           0           0  
      1.811801  5.230220  2.671442            0           0           0  
     -0.000000  2.092088  5.128185            0           0           0  
     -1.811802  5.230220  5.128185            0           0           0  
      3.623603  2.092088  5.128185            0           0           0  
      1.811801  5.230220  5.128185            0           0           0  
      1.811801  1.033799 10.434731    -0.001404   -0.038198    0.011312  
     -0.010605  4.190298 10.434731     0.008032   -0.013589   -0.004082  
      5.435404  1.046044 10.472521    -0.005654   -0.034864   -0.000036  
      3.634207  4.190298 10.434731    -0.018048   -0.017753   -0.007231  
      1.811801  0.984997 12.878857    -0.002183    0.009400   -0.006250  
     -0.052869  4.214699 12.878857    -0.009311   -0.009370    0.002243  
      5.435404  1.046044 12.941211     0.000242    0.001582    0.000020  
      3.676471  4.214699 12.878857     0.010497   -0.006166    0.003973  
      1.811801  1.046044  1.585076            0           0           0  
     -0.000001  4.184176  1.585076            0           0           0  
      5.435404  1.046044  1.585076            0           0           0  
      3.623602  4.184176  1.585076            0           0           0  
      1.811801  1.046044  6.214551            0           0           0  
     -0.000001  4.184176  6.214551            0           0           0  
      5.435404  1.046044  6.214551            0           0           0  
      3.623602  4.184176  6.214551            0           0           0  
     -0.005357  2.088995  9.380154    -0.000965    0.060278   -0.024668  
     -1.811802  5.230220  9.353162     0.011669    0.071752   -0.000037  
      3.628960  2.088995  9.380154     0.017703    0.063312   -0.013964  
      1.811801  5.236405  9.380154     0.010993    0.045618    0.038744  
      0.042652  2.116713 14.033805     0.012987    0.011587   -0.005251  
     -1.811802  5.230220 14.076761    -0.004522   -0.027981    0.000033  
      3.580951  2.116713 14.033805    -0.006127    0.008461   -0.002960  
      1.811801  5.180969 14.033805     0.000723    0.026595    0.008222  
      1.811801  3.138132 15.355734    -0.015807   -0.097170   -0.000029  
 
  17 f  =    8.506824 THz    53.449951 2PiTHz  283.757103 cm-1    35.181381 meV
             X         Y         Z           dx          dy          dz
     -0.000000  2.092088  2.671442            0           0           0  
     -1.811802  5.230220  2.671442            0           0           0  
      3.623603  2.092088  2.671442            0           0           0  
      1.811801  5.230220  2.671442            0           0           0  
     -0.000000  2.092088  5.128185            0           0           0  
     -1.811802  5.230220  5.128185            0           0           0  
      3.623603  2.092088  5.128185            0           0           0  
      1.811801  5.230220  5.128185            0           0           0  
      1.811801  1.033799 10.434731     0.000218    0.009996   -0.005657  
     -0.010605  4.190298 10.434731    -0.006305    0.002616    0.003815  
      5.435404  1.046044 10.472521     0.010129   -0.050443    0.000003  
      3.634207  4.190298 10.434731     0.003379    0.000674    0.001842  
      1.811801  0.984997 12.878857    -0.002011   -0.000840    0.001741  
     -0.052869  4.214699 12.878857     0.004325    0.006367   -0.001178  
      5.435404  1.046044 12.941211    -0.001975    0.009830   -0.000008  
      3.676471  4.214699 12.878857    -0.005075    0.008256   -0.000567  
      1.811801  1.046044  1.585076            0           0           0  
     -0.000001  4.184176  1.585076            0           0           0  
      5.435404  1.046044  1.585076            0           0           0  
      3.623602  4.184176  1.585076            0           0           0  
      1.811801  1.046044  6.214551            0           0           0  
     -0.000001  4.184176  6.214551            0           0           0  
      5.435404  1.046044  6.214551            0           0           0  
      3.623602  4.184176  6.214551            0           0           0  
     -0.005357  2.088995  9.380154     0.031236   -0.001309   -0.008433  
     -1.811802  5.230220  9.353162     0.003902   -0.019285    0.000032  
      3.628960  2.088995  9.380154    -0.053848    0.015799   -0.017445  
      1.811801  5.236405  9.380154     0.003513    0.080962    0.025850  
      0.042652  2.116713 14.033805    -0.010683   -0.013870   -0.003511  
     -1.811802  5.230220 14.076761     0.000541   -0.002723   -0.000009  
      3.580951  2.116713 14.033805     0.026335   -0.021313   -0.007270  
      1.811801  5.180969 14.033805     0.001381   -0.049657    0.010795  
      1.811801  3.138132 15.355734    -0.038077    0.189515    0.000031  
 
  18 f  =    8.506624 THz    53.448692 2PiTHz  283.750418 cm-1    35.180552 meV
             X         Y         Z           dx          dy          dz
     -0.000000  2.092088  2.671442            0           0           0  
     -1.811802  5.230220  2.671442            0           0           0  
      3.623603  2.092088  2.671442            0           0           0  
      1.811801  5.230220  2.671442            0           0           0  
     -0.000000  2.092088  5.128185            0           0           0  
     -1.811802  5.230220  5.128185            0           0           0  
      3.623603  2.092088  5.128185            0           0           0  
      1.811801  5.230220  5.128185            0           0           0  
      1.811801  1.033799 10.434731    -0.001133    0.002008   -0.001136  
     -0.010605  4.190298 10.434731     0.006264   -0.004489   -0.004335  
      5.435404  1.046044 10.472521    -0.050461   -0.010132   -0.000001  
      3.634207  4.190298 10.434731     0.008210    0.005151    0.005477  
      1.811801  0.984997 12.878857     0.010009   -0.000166    0.000354  
     -0.052869  4.214699 12.878857     0.002824    0.006165    0.001352  
      5.435404  1.046044 12.941211     0.009834    0.001976    0.000013  
      3.676471  4.214699 12.878857     0.000934   -0.003228   -0.001697  
      1.811801  1.046044  1.585076            0           0           0  
     -0.000001  4.184176  1.585076            0           0           0  
      5.435404  1.046044  1.585076            0           0           0  
      3.623602  4.184176  1.585076            0           0           0  
      1.811801  1.046044  6.214551            0           0           0  
     -0.000001  4.184176  6.214551            0           0           0  
      5.435404  1.046044  6.214551            0           0           0  
      3.623602  4.184176  6.214551            0           0           0  
     -0.005357  2.088995  9.380154     0.064929    0.044005   -0.025044  
     -1.811802  5.230220  9.353162    -0.019312   -0.003873   -0.000002  
      3.628960  2.088995  9.380154     0.047829   -0.041091    0.019831  
      1.811801  5.236405  9.380154    -0.017372    0.016256    0.005185  
      0.042652  2.116713 14.033805    -0.042675   -0.022044   -0.010441  
     -1.811802  5.230220 14.076761    -0.002722   -0.000551   -0.000005  
      3.580951  2.116713 14.033805    -0.035219    0.014962    0.008266  
      1.811801  5.180969 14.033805    -0.006909   -0.009966    0.002166  
      1.811801  3.138132 15.355734     0.189442    0.038071   -0.000062  
 
  19 f  =    8.182969 THz    51.415113 2PiTHz  272.954478 cm-1    33.842027 meV
             X         Y         Z           dx          dy          dz
     -0.000000  2.092088  2.671442            0           0           0  
     -1.811802  5.230220  2.671442            0           0           0  
      3.623603  2.092088  2.671442            0           0           0  
      1.811801  5.230220  2.671442            0           0           0  
     -0.000000  2.092088  5.128185            0           0           0  
     -1.811802  5.230220  5.128185            0           0           0  
      3.623603  2.092088  5.128185            0           0           0  
      1.811801  5.230220  5.128185            0           0           0  
      1.811801  1.033799 10.434731     0.000023   -0.003299   -0.004239  
     -0.010605  4.190298 10.434731    -0.002841    0.001670   -0.004259  
      5.435404  1.046044 10.472521    -0.000031   -0.000007    0.005538  
      3.634207  4.190298 10.434731     0.002817    0.001634   -0.004296  
      1.811801  0.984997 12.878857     0.000057   -0.021103   -0.012604  
     -0.052869  4.214699 12.878857    -0.018239    0.010589   -0.012593  
      5.435404  1.046044 12.941211    -0.000028   -0.000017   -0.048980  
      3.676471  4.214699 12.878857     0.018244    0.010528   -0.012537  
      1.811801  1.046044  1.585076            0           0           0  
     -0.000001  4.184176  1.585076            0           0           0  
      5.435404  1.046044  1.585076            0           0           0  
      3.623602  4.184176  1.585076            0           0           0  
      1.811801  1.046044  6.214551            0           0           0  
     -0.000001  4.184176  6.214551            0           0           0  
      5.435404  1.046044  6.214551            0           0           0  
      3.623602  4.184176  6.214551            0           0           0  
     -0.005357  2.088995  9.380154    -0.014452   -0.008344    0.012996  
     -1.811802  5.230220  9.353162     0.000028    0.000014    0.030965  
      3.628960  2.088995  9.380154     0.014490   -0.008347    0.013117  
      1.811801  5.236405  9.380154     0.000023    0.016685    0.013119  
      0.042652  2.116713 14.033805     0.020568    0.011898    0.038779  
     -1.811802  5.230220 14.076761     0.000021    0.000033   -0.030802  
      3.580951  2.116713 14.033805    -0.020647    0.011901    0.038440  
      1.811801  5.180969 14.033805    -0.000030   -0.023808    0.038449  
      1.811801  3.138132 15.355734    -0.000007   -0.000054    0.237828  
 
  20 f  =    7.643571 THz    48.025971 2PiTHz  254.962076 cm-1    31.611254 meV
             X         Y         Z           dx          dy          dz
     -0.000000  2.092088  2.671442            0           0           0  
     -1.811802  5.230220  2.671442            0           0           0  
      3.623603  2.092088  2.671442            0           0           0  
      1.811801  5.230220  2.671442            0           0           0  
     -0.000000  2.092088  5.128185            0           0           0  
     -1.811802  5.230220  5.128185            0           0           0  
      3.623603  2.092088  5.128185            0           0           0  
      1.811801  5.230220  5.128185            0           0           0  
      1.811801  1.033799 10.434731     0.000009   -0.002223    0.003395  
     -0.010605  4.190298 10.434731    -0.001944    0.001128    0.003361  
      5.435404  1.046044 10.472521     0.000006   -0.000038   -0.025236  
      3.634207  4.190298 10.434731     0.001926    0.001114    0.003338  
      1.811801  0.984997 12.878857     0.000060   -0.028533   -0.020224  
     -0.052869  4.214699 12.878857    -0.024514    0.014127   -0.020152  
      5.435404  1.046044 12.941211    -0.000037    0.000006    0.035365  
      3.676471  4.214699 12.878857     0.024578    0.014077   -0.020115  
      1.811801  1.046044  1.585076            0           0           0  
     -0.000001  4.184176  1.585076            0           0           0  
      5.435404  1.046044  1.585076            0           0           0  
      3.623602  4.184176  1.585076            0           0           0  
      1.811801  1.046044  6.214551            0           0           0  
     -0.000001  4.184176  6.214551            0           0           0  
      5.435404  1.046044  6.214551            0           0           0  
      3.623602  4.184176  6.214551            0           0           0  
     -0.005357  2.088995  9.380154     0.018679    0.010720   -0.000987  
     -1.811802  5.230220  9.353162     0.000017    0.000007    0.017938  
      3.628960  2.088995  9.380154    -0.018683    0.010734   -0.000941  
      1.811801  5.236405  9.380154     0.000021   -0.021479   -0.000977  
      0.042652  2.116713 14.033805    -0.037106   -0.021066    0.048999  
     -1.811802  5.230220 14.076761    -0.000035    0.000258   -0.051489  
      3.580951  2.116713 14.033805     0.037051   -0.021114    0.048759  
      1.811801  5.180969 14.033805    -0.000112    0.042686    0.048809  
      1.811801  3.138132 15.355734    -0.000057   -0.000064   -0.097562  
 
  21 f  =    7.599938 THz    47.751816 2PiTHz  253.506629 cm-1    31.430802 meV
             X         Y         Z           dx          dy          dz
     -0.000000  2.092088  2.671442            0           0           0  
     -1.811802  5.230220  2.671442            0           0           0  
      3.623603  2.092088  2.671442            0           0           0  
      1.811801  5.230220  2.671442            0           0           0  
     -0.000000  2.092088  5.128185            0           0           0  
     -1.811802  5.230220  5.128185            0           0           0  
      3.623603  2.092088  5.128185            0           0           0  
      1.811801  5.230220  5.128185            0           0           0  
      1.811801  1.033799 10.434731    -0.001030    0.001288    0.005607  
     -0.010605  4.190298 10.434731    -0.000577    0.001535   -0.005618  
      5.435404  1.046044 10.472521     0.007447   -0.013022    0.000065  
      3.634207  4.190298 10.434731    -0.001033    0.001796   -0.000021  
      1.811801  0.984997 12.878857     0.010412   -0.038714   -0.014045  
     -0.052869  4.214699 12.878857     0.028241   -0.028550    0.014133  
      5.435404  1.046044 12.941211    -0.001984    0.003517   -0.000096  
      3.676471  4.214699 12.878857     0.010283   -0.018345    0.000108  
      1.811801  1.046044  1.585076            0           0           0  
     -0.000001  4.184176  1.585076            0           0           0  
      5.435404  1.046044  1.585076            0           0           0  
      3.623602  4.184176  1.585076            0           0           0  
      1.811801  1.046044  6.214551            0           0           0  
     -0.000001  4.184176  6.214551            0           0           0  
      5.435404  1.046044  6.214551            0           0           0  
      3.623602  4.184176  6.214551            0           0           0  
     -0.005357  2.088995  9.380154     0.008206   -0.014220    0.000012  
     -1.811802  5.230220  9.353162    -0.001947    0.003394   -0.000062  
      3.628960  2.088995  9.380154    -0.015689   -0.000488    0.000492  
      1.811801  5.236405  9.380154     0.008152    0.013537   -0.000494  
      0.042652  2.116713 14.033805    -0.049149    0.085434   -0.000175  
     -1.811802  5.230220 14.076761    -0.037853    0.066143    0.000180  
      3.580951  2.116713 14.033805     0.020930    0.045245    0.010389  
      1.811801  5.180969 14.033805    -0.048936    0.004245   -0.010699  
      1.811801  3.138132 15.355734     0.016867   -0.029498    0.000286  
 
  22 f  =    7.599882 THz    47.751467 2PiTHz  253.504774 cm-1    31.430572 meV
             X         Y         Z           dx          dy          dz
     -0.000000  2.092088  2.671442            0           0           0  
     -1.811802  5.230220  2.671442            0           0           0  
      3.623603  2.092088  2.671442            0           0           0  
      1.811801  5.230220  2.671442            0           0           0  
     -0.000000  2.092088  5.128185            0           0           0  
     -1.811802  5.230220  5.128185            0           0           0  
      3.623603  2.092088  5.128185            0           0           0  
      1.811801  5.230220  5.128185            0           0           0  
      1.811801  1.033799 10.434731    -0.001802   -0.000732   -0.003221  
     -0.010605  4.190298 10.434731    -0.001535   -0.001185   -0.003272  
      5.435404  1.046044 10.472521     0.013023    0.007453   -0.000021  
      3.634207  4.190298 10.434731    -0.001278   -0.000725    0.006501  
      1.811801  0.984997 12.878857     0.018209    0.022166    0.008059  
     -0.052869  4.214699 12.878857     0.028549    0.004480    0.008191  
      5.435404  1.046044 12.941211    -0.003476   -0.002015    0.000025  
      3.676471  4.214699 12.878857     0.038791    0.022317   -0.016326  
      1.811801  1.046044  1.585076            0           0           0  
     -0.000001  4.184176  1.585076            0           0           0  
      5.435404  1.046044  1.585076            0           0           0  
      3.623602  4.184176  1.585076            0           0           0  
      1.811801  1.046044  6.214551            0           0           0  
     -0.000001  4.184176  6.214551            0           0           0  
      5.435404  1.046044  6.214551            0           0           0  
      3.623602  4.184176  6.214551            0           0           0  
     -0.005357  2.088995  9.380154    -0.013395   -0.007806   -0.000554  
     -1.811802  5.230220  9.353162    -0.003410   -0.001949    0.000021  
      3.628960  2.088995  9.380154     0.000310    0.016206    0.000282  
      1.811801  5.236405  9.380154     0.014256   -0.007734    0.000282  
      0.042652  2.116713 14.033805    -0.004590   -0.002208   -0.012199  
     -1.811802  5.230220 14.076761    -0.066159   -0.037841   -0.000056  
      3.580951  2.116713 14.033805    -0.044737   -0.072490    0.006266  
      1.811801  5.180969 14.033805    -0.085551   -0.002453    0.006101  
      1.811801  3.138132 15.355734     0.029488    0.016873   -0.000071  
 
  23 f  =    7.440796 THz    46.751897 2PiTHz  248.198224 cm-1    30.772644 meV
             X         Y         Z           dx          dy          dz
     -0.000000  2.092088  2.671442            0           0           0  
     -1.811802  5.230220  2.671442            0           0           0  
      3.623603  2.092088  2.671442            0           0           0  
      1.811801  5.230220  2.671442            0           0           0  
     -0.000000  2.092088  5.128185            0           0           0  
     -1.811802  5.230220  5.128185            0           0           0  
      3.623603  2.092088  5.128185            0           0           0  
      1.811801  5.230220  5.128185            0           0           0  
      1.811801  1.033799 10.434731    -0.005498    0.003006   -0.010071  
     -0.010605  4.190298 10.434731    -0.000497   -0.006291   -0.009082  
      5.435404  1.046044 10.472521     0.003240    0.002003   -0.000001  
      3.634207  4.190298 10.434731     0.005052    0.002707    0.019151  
      1.811801  0.984997 12.878857    -0.036177    0.005604    0.016128  
     -0.052869  4.214699 12.878857    -0.014330   -0.034853    0.014552  
      5.435404  1.046044 12.941211     0.018524    0.011422   -0.000086  
      3.676471  4.214699 12.878857     0.010030    0.004379   -0.030851  
      1.811801  1.046044  1.585076            0           0           0  
     -0.000001  4.184176  1.585076            0           0           0  
      5.435404  1.046044  1.585076            0           0           0  
      3.623602  4.184176  1.585076            0           0           0  
      1.811801  1.046044  6.214551            0           0           0  
     -0.000001  4.184176  6.214551            0           0           0  
      5.435404  1.046044  6.214551            0           0           0  
      3.623602  4.184176  6.214551            0           0           0  
     -0.005357  2.088995  9.380154    -0.004831   -0.002646    0.017199  
     -1.811802  5.230220  9.353162    -0.010856   -0.006707    0.000078  
      3.628960  2.088995  9.380154    -0.000608    0.004136   -0.008133  
      1.811801  5.236405  9.380154     0.003188   -0.002878   -0.008978  
      0.042652  2.116713 14.033805     0.016378    0.010326   -0.103244  
     -1.811802  5.230220 14.076761    -0.015176   -0.009416   -0.000109  
      3.580951  2.116713 14.033805     0.020977    0.017882    0.049218  
      1.811801  5.180969 14.033805     0.025103    0.010160    0.054361  
      1.811801  3.138132 15.355734     0.037762    0.023285    0.000262  
 
  24 f  =    7.438815 THz    46.739456 2PiTHz  248.132174 cm-1    30.764455 meV
             X         Y         Z           dx          dy          dz
     -0.000000  2.092088  2.671442            0           0           0  
     -1.811802  5.230220  2.671442            0           0           0  
      3.623603  2.092088  2.671442            0           0           0  
      1.811801  5.230220  2.671442            0           0           0  
     -0.000000  2.092088  5.128185            0           0           0  
     -1.811802  5.230220  5.128185            0           0           0  
      3.623603  2.092088  5.128185            0           0           0  
      1.811801  5.230220  5.128185            0           0           0  
      1.811801  1.033799 10.434731     0.003387    0.004867   -0.016370  
     -0.010605  4.190298 10.434731    -0.005890   -0.000138    0.016898  
      5.435404  1.046044 10.472521    -0.001994    0.003241    0.000006  
      3.634207  4.190298 10.434731     0.003088   -0.005662   -0.000533  
      1.811801  0.984997 12.878857     0.022300    0.009248    0.026316  
     -0.052869  4.214699 12.878857    -0.018311   -0.012707   -0.027146  
      5.435404  1.046044 12.941211    -0.011410    0.018518   -0.000011  
      3.676471  4.214699 12.878857     0.020954   -0.036916    0.000880  
      1.811801  1.046044  1.585076            0           0           0  
     -0.000001  4.184176  1.585076            0           0           0  
      5.435404  1.046044  1.585076            0           0           0  
      3.623602  4.184176  1.585076            0           0           0  
      1.811801  1.046044  6.214551            0           0           0  
     -0.000001  4.184176  6.214551            0           0           0  
      5.435404  1.046044  6.214551            0           0           0  
      3.623602  4.184176  6.214551            0           0           0  
     -0.005357  2.088995  9.380154    -0.001775    0.003352   -0.000506  
     -1.811802  5.230220  9.353162     0.006695   -0.010895   -0.000010  
      3.628960  2.088995  9.380154     0.005116   -0.000873    0.015071  
      1.811801  5.236405  9.380154    -0.001987   -0.004686   -0.014582  
      0.042652  2.116713 14.033805    -0.015205    0.025245    0.002948  
     -1.811802  5.230220 14.076761     0.009384   -0.015298    0.000033  
      3.580951  2.116713 14.033805    -0.007817    0.020631   -0.090968  
      1.811801  5.180969 14.033805    -0.015486    0.016454    0.087918  
      1.811801  3.138132 15.355734    -0.023336    0.037830    0.000060  
 
  25 f  =    7.284237 THz    45.768208 2PiTHz  242.975978 cm-1    30.125168 meV
             X         Y         Z           dx          dy          dz
     -0.000000  2.092088  2.671442            0           0           0  
     -1.811802  5.230220  2.671442            0           0           0  
      3.623603  2.092088  2.671442            0           0           0  
      1.811801  5.230220  2.671442            0           0           0  
     -0.000000  2.092088  5.128185            0           0           0  
     -1.811802  5.230220  5.128185            0           0           0  
      3.623603  2.092088  5.128185            0           0           0  
      1.811801  5.230220  5.128185            0           0           0  
      1.811801  1.033799 10.434731    -0.009082    0.000000   -0.000004  
     -0.010605  4.190298 10.434731     0.004543    0.007870   -0.000015  
      5.435404  1.046044 10.472521     0.000004   -0.000000   -0.000003  
      3.634207  4.190298 10.434731     0.004548   -0.007871    0.000020  
      1.811801  0.984997 12.878857     0.034738   -0.000005    0.000006  
     -0.052869  4.214699 12.878857    -0.017381   -0.030111    0.000017  
      5.435404  1.046044 12.941211     0.000007    0.000007    0.000007  
      3.676471  4.214699 12.878857    -0.017365    0.030104   -0.000030  
      1.811801  1.046044  1.585076            0           0           0  
     -0.000001  4.184176  1.585076            0           0           0  
      5.435404  1.046044  1.585076            0           0           0  
      3.623602  4.184176  1.585076            0           0           0  
      1.811801  1.046044  6.214551            0           0           0  
     -0.000001  4.184176  6.214551            0           0           0  
      5.435404  1.046044  6.214551            0           0           0  
      3.623602  4.184176  6.214551            0           0           0  
     -0.005357  2.088995  9.380154     0.008026   -0.013912   -0.000004  
     -1.811802  5.230220  9.353162    -0.000013   -0.000005    0.000004  
      3.628960  2.088995  9.380154     0.008020    0.013922   -0.000002  
      1.811801  5.236405  9.380154    -0.016065   -0.000005   -0.000005  
      0.042652  2.116713 14.033805    -0.042814    0.074156   -0.000033  
     -1.811802  5.230220 14.076761    -0.000026   -0.000000   -0.000009  
      3.580951  2.116713 14.033805    -0.042793   -0.074150    0.000032  
      1.811801  5.180969 14.033805     0.085633    0.000006    0.000023  
      1.811801  3.138132 15.355734     0.000035   -0.000008   -0.000018  
 
  26 f  =    6.575806 THz    41.317010 2PiTHz  219.345290 cm-1    27.195338 meV
             X         Y         Z           dx          dy          dz
     -0.000000  2.092088  2.671442            0           0           0  
     -1.811802  5.230220  2.671442            0           0           0  
      3.623603  2.092088  2.671442            0           0           0  
      1.811801  5.230220  2.671442            0           0           0  
     -0.000000  2.092088  5.128185            0           0           0  
     -1.811802  5.230220  5.128185            0           0           0  
      3.623603  2.092088  5.128185            0           0           0  
      1.811801  5.230220  5.128185            0           0           0  
      1.811801  1.033799 10.434731    -0.001334    0.001186   -0.004262  
     -0.010605  4.190298 10.434731    -0.002784    0.001381    0.011108  
      5.435404  1.046044 10.472521     0.008616   -0.003531    0.000006  
      3.634207  4.190298 10.434731    -0.002231    0.000032   -0.006868  
      1.811801  0.984997 12.878857    -0.007820    0.000861    0.005256  
     -0.052869  4.214699 12.878857    -0.002509    0.000140   -0.013703  
      5.435404  1.046044 12.941211    -0.060468    0.024767   -0.000005  
      3.676471  4.214699 12.878857    -0.004536    0.005095    0.008469  
      1.811801  1.046044  1.585076            0           0           0  
     -0.000001  4.184176  1.585076            0           0           0  
      5.435404  1.046044  1.585076            0           0           0  
      3.623602  4.184176  1.585076            0           0           0  
      1.811801  1.046044  6.214551            0           0           0  
     -0.000001  4.184176  6.214551            0           0           0  
      5.435404  1.046044  6.214551            0           0           0  
      3.623602  4.184176  6.214551            0           0           0  
     -0.005357  2.088995  9.380154    -0.001724    0.000184   -0.006929  
     -1.811802  5.230220  9.353162     0.007717   -0.003160   -0.000001  
      3.628960  2.088995  9.380154    -0.002034    0.000976    0.011198  
      1.811801  5.236405  9.380154    -0.001177    0.000864   -0.004284  
      0.042652  2.116713 14.033805     0.042412    0.025074   -0.000095  
     -1.811802  5.230220 14.076761     0.001486   -0.000618   -0.000001  
      3.580951  2.116713 14.033805     0.069079   -0.039988    0.000186  
      1.811801  5.180969 14.033805    -0.000601   -0.030522   -0.000065  
      1.811801  3.138132 15.355734     0.201703   -0.082602   -0.000010  
 
  27 f  =    6.575660 THz    41.316093 2PiTHz  219.340423 cm-1    27.194734 meV
             X         Y         Z           dx          dy          dz
     -0.000000  2.092088  2.671442            0           0           0  
     -1.811802  5.230220  2.671442            0           0           0  
      3.623603  2.092088  2.671442            0           0           0  
      1.811801  5.230220  2.671442            0           0           0  
     -0.000000  2.092088  5.128185            0           0           0  
     -1.811802  5.230220  5.128185            0           0           0  
      3.623603  2.092088  5.128185            0           0           0  
      1.811801  5.230220  5.128185            0           0           0  
      1.811801  1.033799 10.434731    -0.000547   -0.002891    0.010394  
     -0.010605  4.190298 10.434731    -0.000355   -0.001451   -0.001518  
      5.435404  1.046044 10.472521     0.003527    0.008620   -0.000004  
      3.634207  4.190298 10.434731    -0.001697   -0.002005   -0.008870  
      1.811801  0.984997 12.878857    -0.003206   -0.002096   -0.012804  
     -0.052869  4.214699 12.878857    -0.003925   -0.007429    0.001872  
      5.435404  1.046044 12.941211    -0.024767   -0.060453    0.000007  
      3.676471  4.214699 12.878857     0.001036   -0.005389    0.010944  
      1.811801  1.046044  1.585076            0           0           0  
     -0.000001  4.184176  1.585076            0           0           0  
      5.435404  1.046044  1.585076            0           0           0  
      3.623602  4.184176  1.585076            0           0           0  
      1.811801  1.046044  6.214551            0           0           0  
     -0.000001  4.184176  6.214551            0           0           0  
      5.435404  1.046044  6.214551            0           0           0  
      3.623602  4.184176  6.214551            0           0           0  
     -0.005357  2.088995  9.380154    -0.001153   -0.001586   -0.008937  
     -1.811802  5.230220  9.353162     0.003159    0.007720   -0.000010  
      3.628960  2.088995  9.380154    -0.000384   -0.001258   -0.001510  
      1.811801  5.236405  9.380154    -0.000480   -0.002093    0.010443  
      0.042652  2.116713 14.033805     0.055374    0.031531   -0.000173  
     -1.811802  5.230220 14.076761     0.000604    0.001530    0.000008  
      3.580951  2.116713 14.033805    -0.009706    0.004878   -0.000055  
      1.811801  5.180969 14.033805    -0.000232    0.074533    0.000202  
      1.811801  3.138132 15.355734     0.082628    0.201680    0.000030  
 
  28 f  =    6.099112 THz    38.321850 2PiTHz  203.444475 cm-1    25.223889 meV
             X         Y         Z           dx          dy          dz
     -0.000000  2.092088  2.671442            0           0           0  
     -1.811802  5.230220  2.671442            0           0           0  
      3.623603  2.092088  2.671442            0           0           0  
      1.811801  5.230220  2.671442            0           0           0  
     -0.000000  2.092088  5.128185            0           0           0  
     -1.811802  5.230220  5.128185            0           0           0  
      3.623603  2.092088  5.128185            0           0           0  
      1.811801  5.230220  5.128185            0           0           0  
      1.811801  1.033799 10.434731     0.011542   -0.001155   -0.008718  
     -0.010605  4.190298 10.434731    -0.000282    0.008991   -0.035670  
      5.435404  1.046044 10.472521    -0.005230   -0.000989   -0.000016  
      3.634207  4.190298 10.434731    -0.003157   -0.006303    0.044384  
      1.811801  0.984997 12.878857     0.013910   -0.001357    0.007855  
     -0.052869  4.214699 12.878857    -0.000293    0.010791    0.032090  
      5.435404  1.046044 12.941211    -0.026462   -0.004982    0.000038  
      3.676471  4.214699 12.878857    -0.003782   -0.007600   -0.039904  
      1.811801  1.046044  1.585076            0           0           0  
     -0.000001  4.184176  1.585076            0           0           0  
      5.435404  1.046044  1.585076            0           0           0  
      3.623602  4.184176  1.585076            0           0           0  
      1.811801  1.046044  6.214551            0           0           0  
     -0.000001  4.184176  6.214551            0           0           0  
      5.435404  1.046044  6.214551            0           0           0  
      3.623602  4.184176  6.214551            0           0           0  
     -0.005357  2.088995  9.380154    -0.003942   -0.017635   -0.020780  
     -1.811802  5.230220  9.353162    -0.036391   -0.006861   -0.000031  
      3.628960  2.088995  9.380154     0.004570    0.027612    0.016683  
      1.811801  5.236405  9.380154     0.039499   -0.002419    0.004075  
      0.042652  2.116713 14.033805     0.006573   -0.016886    0.042161  
     -1.811802  5.230220 14.076761    -0.052687   -0.009940    0.000014  
      3.580951  2.116713 14.033805     0.015696    0.031643   -0.033893  
      1.811801  5.180969 14.033805     0.053077   -0.000552   -0.008275  
      1.811801  3.138132 15.355734     0.014608    0.002772   -0.000009  
 
  29 f  =    6.097831 THz    38.313801 2PiTHz  203.401739 cm-1    25.218590 meV
             X         Y         Z           dx          dy          dz
     -0.000000  2.092088  2.671442            0           0           0  
     -1.811802  5.230220  2.671442            0           0           0  
      3.623603  2.092088  2.671442            0           0           0  
      1.811801  5.230220  2.671442            0           0           0  
     -0.000000  2.092088  5.128185            0           0           0  
     -1.811802  5.230220  5.128185            0           0           0  
      3.623603  2.092088  5.128185            0           0           0  
      1.811801  5.230220  5.128185            0           0           0  
      1.811801  1.033799 10.434731    -0.002183   -0.006140   -0.046196  
     -0.010605  4.190298 10.434731     0.007967    0.005674    0.030636  
      5.435404  1.046044 10.472521     0.000985   -0.005244   -0.000005  
      3.634207  4.190298 10.434731    -0.007322    0.008557    0.015556  
      1.811801  0.984997 12.878857    -0.002653   -0.007367    0.041525  
     -0.052869  4.214699 12.878857     0.009607    0.006859   -0.027533  
      5.435404  1.046044 12.941211     0.005000   -0.026520    0.000014  
      3.676471  4.214699 12.878857    -0.008847    0.010351   -0.013982  
      1.811801  1.046044  1.585076            0           0           0  
     -0.000001  4.184176  1.585076            0           0           0  
      5.435404  1.046044  1.585076            0           0           0  
      3.623602  4.184176  1.585076            0           0           0  
      1.811801  1.046044  6.214551            0           0           0  
     -0.000001  4.184176  6.214551            0           0           0  
      5.435404  1.046044  6.214551            0           0           0  
      3.623602  4.184176  6.214551            0           0           0  
     -0.005357  2.088995  9.380154    -0.022673    0.030705   -0.007304  
     -1.811802  5.230220  9.353162     0.006867   -0.036366   -0.000002  
      3.628960  2.088995  9.380154     0.022565    0.022181   -0.014382  
      1.811801  5.236405  9.380154    -0.007437   -0.012752    0.021676  
      0.042652  2.116713 14.033805    -0.026310    0.043657    0.014818  
     -1.811802  5.230220 14.076761     0.009936   -0.052686   -0.000017  
      3.580951  2.116713 14.033805     0.022150    0.034514    0.029207  
      1.811801  5.180969 14.033805    -0.009990   -0.002878   -0.043991  
      1.811801  3.138132 15.355734    -0.002715    0.014645   -0.000005  
 
  30 f  =    5.736102 THz    36.040990 2PiTHz  191.335756 cm-1    23.722600 meV
             X         Y         Z           dx          dy          dz
     -0.000000  2.092088  2.671442            0           0           0  
     -1.811802  5.230220  2.671442            0           0           0  
      3.623603  2.092088  2.671442            0           0           0  
      1.811801  5.230220  2.671442            0           0           0  
     -0.000000  2.092088  5.128185            0           0           0  
     -1.811802  5.230220  5.128185            0           0           0  
      3.623603  2.092088  5.128185            0           0           0  
      1.811801  5.230220  5.128185            0           0           0  
      1.811801  1.033799 10.434731     0.000002    0.007803   -0.029433  
     -0.010605  4.190298 10.434731     0.006758   -0.003906   -0.029436  
      5.435404  1.046044 10.472521    -0.000001    0.000001    0.030202  
      3.634207  4.190298 10.434731    -0.006758   -0.003912   -0.029427  
      1.811801  0.984997 12.878857     0.000009    0.002552    0.021776  
     -0.052869  4.214699 12.878857     0.002214   -0.001278    0.021782  
      5.435404  1.046044 12.941211     0.000004   -0.000012   -0.032286  
      3.676471  4.214699 12.878857    -0.002213   -0.001287    0.021776  
      1.811801  1.046044  1.585076            0           0           0  
     -0.000001  4.184176  1.585076            0           0           0  
      5.435404  1.046044  1.585076            0           0           0  
      3.623602  4.184176  1.585076            0           0           0  
      1.811801  1.046044  6.214551            0           0           0  
     -0.000001  4.184176  6.214551            0           0           0  
      5.435404  1.046044  6.214551            0           0           0  
      3.623602  4.184176  6.214551            0           0           0  
     -0.005357  2.088995  9.380154    -0.029822   -0.017211   -0.016421  
     -1.811802  5.230220  9.353162    -0.000003    0.000010   -0.030028  
      3.628960  2.088995  9.380154     0.029821   -0.017209   -0.016418  
      1.811801  5.236405  9.380154    -0.000001    0.034444   -0.016417  
      0.042652  2.116713 14.033805    -0.042768   -0.024687    0.036007  
     -1.811802  5.230220 14.076761    -0.000002    0.000003    0.029923  
      3.580951  2.116713 14.033805     0.042752   -0.024676    0.035993  
      1.811801  5.180969 14.033805    -0.000002    0.049396    0.035996  
      1.811801  3.138132 15.355734    -0.000049    0.000021   -0.041982  
 
  31 f  =    4.712919 THz    29.612147 2PiTHz  157.206073 cm-1    19.491060 meV
             X         Y         Z           dx          dy          dz
     -0.000000  2.092088  2.671442            0           0           0  
     -1.811802  5.230220  2.671442            0           0           0  
      3.623603  2.092088  2.671442            0           0           0  
      1.811801  5.230220  2.671442            0           0           0  
     -0.000000  2.092088  5.128185            0           0           0  
     -1.811802  5.230220  5.128185            0           0           0  
      3.623603  2.092088  5.128185            0           0           0  
      1.811801  5.230220  5.128185            0           0           0  
      1.811801  1.033799 10.434731    -0.000012   -0.008231   -0.020072  
     -0.010605  4.190298 10.434731    -0.007126    0.004110   -0.020076  
      5.435404  1.046044 10.472521     0.000009    0.000000   -0.043078  
      3.634207  4.190298 10.434731     0.007123    0.004126   -0.020089  
      1.811801  0.984997 12.878857    -0.000048   -0.009509    0.019491  
     -0.052869  4.214699 12.878857    -0.008260    0.004725    0.019491  
      5.435404  1.046044 12.941211     0.000039    0.000018    0.041450  
      3.676471  4.214699 12.878857     0.008266    0.004779    0.019485  
      1.811801  1.046044  1.585076            0           0           0  
     -0.000001  4.184176  1.585076            0           0           0  
      5.435404  1.046044  1.585076            0           0           0  
      3.623602  4.184176  1.585076            0           0           0  
      1.811801  1.046044  6.214551            0           0           0  
     -0.000001  4.184176  6.214551            0           0           0  
      5.435404  1.046044  6.214551            0           0           0  
      3.623602  4.184176  6.214551            0           0           0  
     -0.005357  2.088995  9.380154     0.017037    0.009833   -0.038683  
     -1.811802  5.230220  9.353162     0.000007   -0.000003   -0.042615  
      3.628960  2.088995  9.380154    -0.017039    0.009826   -0.038693  
      1.811801  5.236405  9.380154    -0.000009   -0.019672   -0.038701  
      0.042652  2.116713 14.033805     0.029415    0.016969    0.025987  
     -1.811802  5.230220 14.076761     0.000016    0.000002    0.051933  
      3.580951  2.116713 14.033805    -0.029413    0.016959    0.026001  
      1.811801  5.180969 14.033805    -0.000009   -0.033969    0.025991  
      1.811801  3.138132 15.355734     0.000041    0.000011    0.086138  
 
  32 f  =    4.337670 THz    27.254381 2PiTHz  144.689081 cm-1    17.939152 meV
             X         Y         Z           dx          dy          dz
     -0.000000  2.092088  2.671442            0           0           0  
     -1.811802  5.230220  2.671442            0           0           0  
      3.623603  2.092088  2.671442            0           0           0  
      1.811801  5.230220  2.671442            0           0           0  
     -0.000000  2.092088  5.128185            0           0           0  
     -1.811802  5.230220  5.128185            0           0           0  
      3.623603  2.092088  5.128185            0           0           0  
      1.811801  5.230220  5.128185            0           0           0  
      1.811801  1.033799 10.434731    -0.000005    0.040891    0.001241  
     -0.010605  4.190298 10.434731     0.035407   -0.020451    0.001232  
      5.435404  1.046044 10.472521    -0.000001   -0.000002    0.003539  
      3.634207  4.190298 10.434731    -0.035403   -0.020440    0.001248  
      1.811801  0.984997 12.878857     0.000036   -0.033633   -0.000390  
     -0.052869  4.214699 12.878857    -0.029098    0.016859   -0.000401  
      5.435404  1.046044 12.941211    -0.000023   -0.000021    0.001717  
      3.676471  4.214699 12.878857     0.029091    0.016810   -0.000392  
      1.811801  1.046044  1.585076            0           0           0  
     -0.000001  4.184176  1.585076            0           0           0  
      5.435404  1.046044  1.585076            0           0           0  
      3.623602  4.184176  1.585076            0           0           0  
      1.811801  1.046044  6.214551            0           0           0  
     -0.000001  4.184176  6.214551            0           0           0  
      5.435404  1.046044  6.214551            0           0           0  
      3.623602  4.184176  6.214551            0           0           0  
     -0.005357  2.088995  9.380154    -0.008218   -0.004745   -0.025061  
     -1.811802  5.230220  9.353162    -0.000002    0.000001    0.074592  
      3.628960  2.088995  9.380154     0.008217   -0.004739   -0.025029  
      1.811801  5.236405  9.380154     0.000004    0.009484   -0.025025  
      0.042652  2.116713 14.033805     0.005059    0.002934   -0.022544  
     -1.811802  5.230220 14.076761    -0.000015   -0.000013    0.057935  
      3.580951  2.116713 14.033805    -0.005056    0.002946   -0.022530  
      1.811801  5.180969 14.033805     0.000012   -0.005848   -0.022512  
      1.811801  3.138132 15.355734    -0.000036   -0.000032   -0.027622  
 
  33 f  =    3.543418 THz    22.263952 2PiTHz  118.195705 cm-1    14.654393 meV
             X         Y         Z           dx          dy          dz
     -0.000000  2.092088  2.671442            0           0           0  
     -1.811802  5.230220  2.671442            0           0           0  
      3.623603  2.092088  2.671442            0           0           0  
      1.811801  5.230220  2.671442            0           0           0  
     -0.000000  2.092088  5.128185            0           0           0  
     -1.811802  5.230220  5.128185            0           0           0  
      3.623603  2.092088  5.128185            0           0           0  
      1.811801  5.230220  5.128185            0           0           0  
      1.811801  1.033799 10.434731     0.042056   -0.020165   -0.003906  
     -0.010605  4.190298 10.434731     0.012667    0.048435   -0.002559  
      5.435404  1.046044 10.472521    -0.016015   -0.011985    0.000018  
      3.634207  4.190298 10.434731    -0.032138   -0.011352    0.006489  
      1.811801  0.984997 12.878857    -0.026196    0.016308   -0.003817  
     -0.052869  4.214699 12.878857    -0.005725   -0.031412   -0.002503  
      5.435404  1.046044 12.941211    -0.003435   -0.002579    0.000014  
      3.676471  4.214699 12.878857     0.025344    0.010180    0.006332  
      1.811801  1.046044  1.585076            0           0           0  
     -0.000001  4.184176  1.585076            0           0           0  
      5.435404  1.046044  1.585076            0           0           0  
      3.623602  4.184176  1.585076            0           0           0  
      1.811801  1.046044  6.214551            0           0           0  
     -0.000001  4.184176  6.214551            0           0           0  
      5.435404  1.046044  6.214551            0           0           0  
      3.623602  4.184176  6.214551            0           0           0  
     -0.005357  2.088995  9.380154     0.009896    0.006951    0.072705  
     -1.811802  5.230220  9.353162    -0.021453   -0.016058    0.000062  
      3.628960  2.088995  9.380154     0.008286    0.004771   -0.028844  
      1.811801  5.236405  9.380154     0.007194    0.007282   -0.043886  
      0.042652  2.116713 14.033805    -0.006152   -0.004871    0.028939  
     -1.811802  5.230220 14.076761     0.019598    0.014642    0.000001  
      3.580951  2.116713 14.033805    -0.007081   -0.006111   -0.011501  
      1.811801  5.180969 14.033805    -0.007704   -0.004675   -0.017445  
      1.811801  3.138132 15.355734     0.023125    0.017272   -0.000023  
 
  34 f  =    3.543012 THz    22.261399 2PiTHz  118.182149 cm-1    14.652712 meV
             X         Y         Z           dx          dy          dz
     -0.000000  2.092088  2.671442            0           0           0  
     -1.811802  5.230220  2.671442            0           0           0  
      3.623603  2.092088  2.671442            0           0           0  
      1.811801  5.230220  2.671442            0           0           0  
     -0.000000  2.092088  5.128185            0           0           0  
     -1.811802  5.230220  5.128185            0           0           0  
      3.623603  2.092088  5.128185            0           0           0  
      1.811801  5.230220  5.128185            0           0           0  
      1.811801  1.033799 10.434731     0.031474    0.026996    0.005239  
     -0.010605  4.190298 10.434731    -0.037210   -0.002435   -0.006004  
      5.435404  1.046044 10.472521    -0.011986    0.016031    0.000007  
      3.634207  4.190298 10.434731     0.022636   -0.047182    0.000772  
      1.811801  0.984997 12.878857    -0.019575   -0.021780    0.005120  
     -0.052869  4.214699 12.878857     0.028083   -0.001376   -0.005863  
      5.435404  1.046044 12.941211    -0.002587    0.003475    0.000008  
      3.676471  4.214699 12.878857    -0.013408    0.029706    0.000757  
      1.811801  1.046044  1.585076            0           0           0  
     -0.000001  4.184176  1.585076            0           0           0  
      5.435404  1.046044  1.585076            0           0           0  
      3.623602  4.184176  1.585076            0           0           0  
      1.811801  1.046044  6.214551            0           0           0  
     -0.000001  4.184176  6.214551            0           0           0  
      5.435404  1.046044  6.214551            0           0           0  
      3.623602  4.184176  6.214551            0           0           0  
     -0.005357  2.088995  9.380154     0.005719   -0.007027    0.008665  
     -1.811802  5.230220  9.353162    -0.016057    0.021472   -0.000011  
      3.628960  2.088995  9.380154     0.007889   -0.008659   -0.067324  
      1.811801  5.236405  9.380154     0.005386   -0.009725    0.058670  
      0.042652  2.116713 14.033805    -0.005569    0.007795    0.003466  
     -1.811802  5.230220 14.076761     0.014656   -0.019566    0.000012  
      3.580951  2.116713 14.033805    -0.004331    0.006872   -0.026762  
      1.811801  5.180969 14.033805    -0.005758    0.006252    0.023298  
      1.811801  3.138132 15.355734     0.017272   -0.023052    0.000001  
 
  35 f  =    2.500636 THz    15.711960 2PiTHz   83.412241 cm-1    10.341795 meV
             X         Y         Z           dx          dy          dz
     -0.000000  2.092088  2.671442            0           0           0  
     -1.811802  5.230220  2.671442            0           0           0  
      3.623603  2.092088  2.671442            0           0           0  
      1.811801  5.230220  2.671442            0           0           0  
     -0.000000  2.092088  5.128185            0           0           0  
     -1.811802  5.230220  5.128185            0           0           0  
      3.623603  2.092088  5.128185            0           0           0  
      1.811801  5.230220  5.128185            0           0           0  
      1.811801  1.033799 10.434731    -0.018597    0.001018   -0.032884  
     -0.010605  4.190298 10.434731    -0.013721   -0.024480   -0.007757  
      5.435404  1.046044 10.472521     0.014456    0.016890    0.000003  
      3.634207  4.190298 10.434731     0.005554   -0.007788    0.040671  
      1.811801  0.984997 12.878857    -0.025484    0.021578   -0.023800  
     -0.052869  4.214699 12.878857    -0.014690   -0.036140   -0.005577  
      5.435404  1.046044 12.941211     0.019009    0.022252    0.000101  
      3.676471  4.214699 12.878857     0.029430    0.001869    0.029412  
      1.811801  1.046044  1.585076            0           0           0  
     -0.000001  4.184176  1.585076            0           0           0  
      5.435404  1.046044  1.585076            0           0           0  
      3.623602  4.184176  1.585076            0           0           0  
      1.811801  1.046044  6.214551            0           0           0  
     -0.000001  4.184176  6.214551            0           0           0  
      5.435404  1.046044  6.214551            0           0           0  
      3.623602  4.184176  6.214551            0           0           0  
     -0.005357  2.088995  9.380154    -0.006118   -0.001276   -0.047728  
     -1.811802  5.230220  9.353162    -0.012050   -0.014154    0.000267  
      3.628960  2.088995  9.380154     0.001808    0.005391    0.009127  
      1.811801  5.236405  9.380154     0.003671   -0.004784    0.038323  
      0.042652  2.116713 14.033805     0.002229   -0.002289    0.040442  
     -1.811802  5.230220 14.076761     0.022072    0.025859   -0.000237  
      3.580951  2.116713 14.033805    -0.004333   -0.007724   -0.007714  
      1.811801  5.180969 14.033805    -0.005824    0.000596   -0.032406  
      1.811801  3.138132 15.355734     0.027531    0.032198    0.000147  
 
  36 f  =    2.499449 THz    15.704502 2PiTHz   83.372649 cm-1    10.336886 meV
             X         Y         Z           dx          dy          dz
     -0.000000  2.092088  2.671442            0           0           0  
     -1.811802  5.230220  2.671442            0           0           0  
      3.623603  2.092088  2.671442            0           0           0  
      1.811801  5.230220  2.671442            0           0           0  
     -0.000000  2.092088  5.128185            0           0           0  
     -1.811802  5.230220  5.128185            0           0           0  
      3.623603  2.092088  5.128185            0           0           0  
      1.811801  5.230220  5.128185            0           0           0  
      1.811801  1.033799 10.434731    -0.021700   -0.000635    0.028280  
     -0.010605  4.190298 10.434731     0.003542    0.003915   -0.042761  
      5.435404  1.046044 10.472521     0.016872   -0.014357    0.000008  
      3.634207  4.190298 10.434731    -0.013106    0.023319    0.014469  
      1.811801  0.984997 12.878857    -0.029706   -0.018081    0.020547  
     -0.052869  4.214699 12.878857     0.027474   -0.007719   -0.031030  
      5.435404  1.046044 12.941211     0.022243   -0.018952    0.000041  
      3.676471  4.214699 12.878857    -0.010328    0.036587    0.010474  
      1.811801  1.046044  1.585076            0           0           0  
     -0.000001  4.184176  1.585076            0           0           0  
      5.435404  1.046044  1.585076            0           0           0  
      3.623602  4.184176  1.585076            0           0           0  
      1.811801  1.046044  6.214551            0           0           0  
     -0.000001  4.184176  6.214551            0           0           0  
      5.435404  1.046044  6.214551            0           0           0  
      3.623602  4.184176  6.214551            0           0           0  
     -0.005357  2.088995  9.380154     0.000896   -0.005777   -0.016937  
     -1.811802  5.230220  9.353162    -0.014253    0.012192    0.000089  
      3.628960  2.088995  9.380154    -0.005924    0.002129    0.049597  
      1.811801  5.236405  9.380154     0.004429    0.004103   -0.032759  
      0.042652  2.116713 14.033805    -0.004032    0.007587    0.014280  
     -1.811802  5.230220 14.076761     0.025879   -0.022074   -0.000110  
      3.580951  2.116713 14.033805     0.001639    0.001070   -0.041727  
      1.811801  5.180969 14.033805    -0.006930   -0.000605    0.027566  
      1.811801  3.138132 15.355734     0.032060   -0.027295    0.000047  
 
  37 f  =    2.424391 THz    15.232896 2PiTHz   80.868971 cm-1    10.026470 meV
             X         Y         Z           dx          dy          dz
     -0.000000  2.092088  2.671442            0           0           0  
     -1.811802  5.230220  2.671442            0           0           0  
      3.623603  2.092088  2.671442            0           0           0  
      1.811801  5.230220  2.671442            0           0           0  
     -0.000000  2.092088  5.128185            0           0           0  
     -1.811802  5.230220  5.128185            0           0           0  
      3.623603  2.092088  5.128185            0           0           0  
      1.811801  5.230220  5.128185            0           0           0  
      1.811801  1.033799 10.434731    -0.060179    0.000008   -0.000004  
     -0.010605  4.190298 10.434731     0.030102    0.052132    0.000063  
      5.435404  1.046044 10.472521     0.000011    0.000007   -0.000001  
      3.634207  4.190298 10.434731     0.030099   -0.052141   -0.000061  
      1.811801  0.984997 12.878857    -0.005962    0.000008   -0.000001  
     -0.052869  4.214699 12.878857     0.002978    0.005143    0.000063  
      5.435404  1.046044 12.941211    -0.000014    0.000009    0.000004  
      3.676471  4.214699 12.878857     0.002980   -0.005164   -0.000061  
      1.811801  1.046044  1.585076            0           0           0  
     -0.000001  4.184176  1.585076            0           0           0  
      5.435404  1.046044  1.585076            0           0           0  
      3.623602  4.184176  1.585076            0           0           0  
      1.811801  1.046044  6.214551            0           0           0  
     -0.000001  4.184176  6.214551            0           0           0  
      5.435404  1.046044  6.214551            0           0           0  
      3.623602  4.184176  6.214551            0           0           0  
     -0.005357  2.088995  9.380154    -0.024683    0.042788    0.000013  
     -1.811802  5.230220  9.353162     0.000021    0.000000    0.000008  
      3.628960  2.088995  9.380154    -0.024684   -0.042785   -0.000029  
      1.811801  5.236405  9.380154     0.049373    0.000001   -0.000001  
      0.042652  2.116713 14.033805    -0.000319    0.000527    0.000034  
     -1.811802  5.230220 14.076761    -0.000028    0.000003   -0.000009  
      3.580951  2.116713 14.033805    -0.000328   -0.000530   -0.000016  
      1.811801  5.180969 14.033805     0.000658   -0.000001   -0.000005  
      1.811801  3.138132 15.355734     0.000013    0.000012    0.000009  
 
  38 f  =    2.328371 THz    14.629585 2PiTHz   77.666090 cm-1     9.629364 meV
             X         Y         Z           dx          dy          dz
     -0.000000  2.092088  2.671442            0           0           0  
     -1.811802  5.230220  2.671442            0           0           0  
      3.623603  2.092088  2.671442            0           0           0  
      1.811801  5.230220  2.671442            0           0           0  
     -0.000000  2.092088  5.128185            0           0           0  
     -1.811802  5.230220  5.128185            0           0           0  
      3.623603  2.092088  5.128185            0           0           0  
      1.811801  5.230220  5.128185            0           0           0  
      1.811801  1.033799 10.434731    -0.019501    0.003937    0.021059  
     -0.010605  4.190298 10.434731    -0.005048   -0.018194    0.025616  
      5.435404  1.046044 10.472521     0.002201    0.001094   -0.000130  
      3.634207  4.190298 10.434731     0.005688    0.004845   -0.046671  
      1.811801  0.984997 12.878857    -0.021972    0.018829    0.022242  
     -0.052869  4.214699 12.878857     0.009619   -0.029382    0.027083  
      5.435404  1.046044 12.941211    -0.009841   -0.004961    0.000213  
      3.676471  4.214699 12.878857     0.034101    0.021408   -0.049250  
      1.811801  1.046044  1.585076            0           0           0  
     -0.000001  4.184176  1.585076            0           0           0  
      5.435404  1.046044  1.585076            0           0           0  
      3.623602  4.184176  1.585076            0           0           0  
      1.811801  1.046044  6.214551            0           0           0  
     -0.000001  4.184176  6.214551            0           0           0  
      5.435404  1.046044  6.214551            0           0           0  
      3.623602  4.184176  6.214551            0           0           0  
     -0.005357  2.088995  9.380154    -0.003788   -0.000807   -0.009072  
     -1.811802  5.230220  9.353162     0.020542    0.010359    0.000730  
      3.628960  2.088995  9.380154    -0.010751   -0.014475    0.004527  
      1.811801  5.236405  9.380154    -0.019208   -0.001661    0.003532  
      0.042652  2.116713 14.033805    -0.020002   -0.013477    0.044622  
     -1.811802  5.230220 14.076761     0.012591    0.006247   -0.000782  
      3.580951  2.116713 14.033805     0.000095    0.026904   -0.024024  
      1.811801  5.180969 14.033805     0.024886   -0.010946   -0.019557  
      1.811801  3.138132 15.355734     0.019569    0.009831    0.000506  
 
  39 f  =    2.327140 THz    14.621854 2PiTHz   77.625045 cm-1     9.624275 meV
             X         Y         Z           dx          dy          dz
     -0.000000  2.092088  2.671442            0           0           0  
     -1.811802  5.230220  2.671442            0           0           0  
      3.623603  2.092088  2.671442            0           0           0  
      1.811801  5.230220  2.671442            0           0           0  
     -0.000000  2.092088  5.128185            0           0           0  
     -1.811802  5.230220  5.128185            0           0           0  
      3.623603  2.092088  5.128185            0           0           0  
      1.811801  5.230220  5.128185            0           0           0  
      1.811801  1.033799 10.434731    -0.009922   -0.006988   -0.041505  
     -0.010605  4.190298 10.434731     0.011643    0.007186    0.038757  
      5.435404  1.046044 10.472521     0.001127   -0.002220    0.000032  
      3.634207  4.190298 10.434731    -0.011364    0.018868    0.002726  
      1.811801  0.984997 12.878857    -0.011145   -0.036782   -0.043889  
     -0.052869  4.214699 12.878857     0.036573   -0.005422    0.040999  
      5.435404  1.046044 12.941211    -0.004936    0.009832    0.000005  
      3.676471  4.214699 12.878857    -0.014390    0.020377    0.002866  
      1.811801  1.046044  1.585076            0           0           0  
     -0.000001  4.184176  1.585076            0           0           0  
      5.435404  1.046044  1.585076            0           0           0  
      3.623602  4.184176  1.585076            0           0           0  
      1.811801  1.046044  6.214551            0           0           0  
     -0.000001  4.184176  6.214551            0           0           0  
      5.435404  1.046044  6.214551            0           0           0  
      3.623602  4.184176  6.214551            0           0           0  
     -0.005357  2.088995  9.380154    -0.010530    0.018611    0.000483  
     -1.811802  5.230220  9.353162     0.010255   -0.020439   -0.000060  
      3.628960  2.088995  9.380154     0.003135    0.011807    0.007615  
      1.811801  5.236405  9.380154    -0.009633    0.003403   -0.008016  
      0.042652  2.116713 14.033805     0.015143   -0.023446   -0.002573  
     -1.811802  5.230220 14.076761     0.006536   -0.012853    0.000052  
      3.580951  2.116713 14.033805    -0.025201   -0.003086   -0.037293  
      1.811801  5.180969 14.033805     0.012518    0.021679    0.039786  
      1.811801  3.138132 15.355734     0.009895   -0.019657   -0.000035  
 
  40 f  =    2.244838 THz    14.104731 2PiTHz   74.879723 cm-1     9.283898 meV
             X         Y         Z           dx          dy          dz
     -0.000000  2.092088  2.671442            0           0           0  
     -1.811802  5.230220  2.671442            0           0           0  
      3.623603  2.092088  2.671442            0           0           0  
      1.811801  5.230220  2.671442            0           0           0  
     -0.000000  2.092088  5.128185            0           0           0  
     -1.811802  5.230220  5.128185            0           0           0  
      3.623603  2.092088  5.128185            0           0           0  
      1.811801  5.230220  5.128185            0           0           0  
      1.811801  1.033799 10.434731     0.000371    0.031693    0.003033  
     -0.010605  4.190298 10.434731     0.027461   -0.015424    0.003077  
      5.435404  1.046044 10.472521     0.000030   -0.000035   -0.029019  
      3.634207  4.190298 10.434731    -0.027486   -0.015838    0.003561  
      1.811801  0.984997 12.878857     0.000351    0.040827    0.005083  
     -0.052869  4.214699 12.878857     0.035570   -0.020192    0.005124  
      5.435404  1.046044 12.941211     0.000190    0.000092   -0.001417  
      3.676471  4.214699 12.878857    -0.036408   -0.021079    0.005721  
      1.811801  1.046044  1.585076            0           0           0  
     -0.000001  4.184176  1.585076            0           0           0  
      5.435404  1.046044  1.585076            0           0           0  
      3.623602  4.184176  1.585076            0           0           0  
      1.811801  1.046044  6.214551            0           0           0  
     -0.000001  4.184176  6.214551            0           0           0  
      5.435404  1.046044  6.214551            0           0           0  
      3.623602  4.184176  6.214551            0           0           0  
     -0.005357  2.088995  9.380154     0.006394    0.003766   -0.028684  
     -1.811802  5.230220  9.353162    -0.000195   -0.000013    0.055514  
      3.628960  2.088995  9.380154    -0.006052    0.003799   -0.029143  
      1.811801  5.236405  9.380154     0.000178   -0.007207   -0.029143  
      0.042652  2.116713 14.033805     0.002747    0.001523    0.025531  
     -1.811802  5.230220 14.076761    -0.000426   -0.000283   -0.057792  
      3.580951  2.116713 14.033805    -0.002400    0.000932    0.026494  
      1.811801  5.180969 14.033805    -0.000338   -0.002573    0.026464  
      1.811801  3.138132 15.355734    -0.000189   -0.000122    0.035701  
 
  41 f  =    2.166066 THz    13.609796 2PiTHz   72.252197 cm-1     8.958127 meV
             X         Y         Z           dx          dy          dz
     -0.000000  2.092088  2.671442            0           0           0  
     -1.811802  5.230220  2.671442            0           0           0  
      3.623603  2.092088  2.671442            0           0           0  
      1.811801  5.230220  2.671442            0           0           0  
     -0.000000  2.092088  5.128185            0           0           0  
     -1.811802  5.230220  5.128185            0           0           0  
      3.623603  2.092088  5.128185            0           0           0  
      1.811801  5.230220  5.128185            0           0           0  
      1.811801  1.033799 10.434731     0.000097    0.009389   -0.022669  
     -0.010605  4.190298 10.434731     0.008193   -0.004639   -0.022688  
      5.435404  1.046044 10.472521     0.000206    0.000142    0.065712  
      3.634207  4.190298 10.434731    -0.008510   -0.004922   -0.022713  
      1.811801  0.984997 12.878857     0.000125    0.006930   -0.021283  
     -0.052869  4.214699 12.878857     0.006057   -0.003356   -0.021308  
      5.435404  1.046044 12.941211     0.000232    0.000163    0.069980  
      3.676471  4.214699 12.878857    -0.006384   -0.003709   -0.021306  
      1.811801  1.046044  1.585076            0           0           0  
     -0.000001  4.184176  1.585076            0           0           0  
      5.435404  1.046044  1.585076            0           0           0  
      3.623602  4.184176  1.585076            0           0           0  
      1.811801  1.046044  6.214551            0           0           0  
     -0.000001  4.184176  6.214551            0           0           0  
      5.435404  1.046044  6.214551            0           0           0  
      3.623602  4.184176  6.214551            0           0           0  
     -0.005357  2.088995  9.380154    -0.018621   -0.010771    0.000044  
     -1.811802  5.230220  9.353162    -0.000196   -0.000124   -0.005560  
      3.628960  2.088995  9.380154     0.018872   -0.010997   -0.000029  
      1.811801  5.236405  9.380154    -0.000078    0.021862   -0.000006  
      0.042652  2.116713 14.033805     0.018466    0.010671    0.004777  
     -1.811802  5.230220 14.076761    -0.000222   -0.000131   -0.029213  
      3.580951  2.116713 14.033805    -0.018212    0.010416    0.004952  
      1.811801  5.180969 14.033805    -0.000080   -0.020968    0.004910  
      1.811801  3.138132 15.355734     0.000142    0.000118    0.030272  
 
  42 f  =    2.153543 THz    13.531113 2PiTHz   71.834478 cm-1     8.906336 meV
             X         Y         Z           dx          dy          dz
     -0.000000  2.092088  2.671442            0           0           0  
     -1.811802  5.230220  2.671442            0           0           0  
      3.623603  2.092088  2.671442            0           0           0  
      1.811801  5.230220  2.671442            0           0           0  
     -0.000000  2.092088  5.128185            0           0           0  
     -1.811802  5.230220  5.128185            0           0           0  
      3.623603  2.092088  5.128185            0           0           0  
      1.811801  5.230220  5.128185            0           0           0  
      1.811801  1.033799 10.434731     0.004809    0.040228   -0.009287  
     -0.010605  4.190298 10.434731     0.020505   -0.004854   -0.004734  
      5.435404  1.046044 10.472521    -0.036021   -0.031161    0.000302  
      3.634207  4.190298 10.434731     0.051505    0.031124    0.013659  
      1.811801  0.984997 12.878857    -0.012822    0.005818   -0.009855  
     -0.052869  4.214699 12.878857    -0.005454   -0.015439   -0.005006  
      5.435404  1.046044 12.941211    -0.030351   -0.026239    0.000357  
      3.676471  4.214699 12.878857     0.009009    0.001538    0.014533  
      1.811801  1.046044  1.585076            0           0           0  
     -0.000001  4.184176  1.585076            0           0           0  
      5.435404  1.046044  1.585076            0           0           0  
      3.623602  4.184176  1.585076            0           0           0  
      1.811801  1.046044  6.214551            0           0           0  
     -0.000001  4.184176  6.214551            0           0           0  
      5.435404  1.046044  6.214551            0           0           0  
      3.623602  4.184176  6.214551            0           0           0  
     -0.005357  2.088995  9.380154    -0.032689   -0.011007    0.010369  
     -1.811802  5.230220  9.353162     0.036033    0.031201    0.000021  
      3.628960  2.088995  9.380154     0.007373    0.035084   -0.003497  
      1.811801  5.236405  9.380154     0.027291   -0.022345   -0.006980  
      0.042652  2.116713 14.033805    -0.021036   -0.014143   -0.005107  
     -1.811802  5.230220 14.076761     0.008995    0.007748   -0.000218  
      3.580951  2.116713 14.033805    -0.011656   -0.002981    0.001776  
      1.811801  5.180969 14.033805    -0.006765   -0.017026    0.003490  
      1.811801  3.138132 15.355734    -0.028786   -0.024877    0.000200  
 
  43 f  =    2.153469 THz    13.530647 2PiTHz   71.832006 cm-1     8.906030 meV
             X         Y         Z           dx          dy          dz
     -0.000000  2.092088  2.671442            0           0           0  
     -1.811802  5.230220  2.671442            0           0           0  
      3.623603  2.092088  2.671442            0           0           0  
      1.811801  5.230220  2.671442            0           0           0  
     -0.000000  2.092088  5.128185            0           0           0  
     -1.811802  5.230220  5.128185            0           0           0  
      3.623603  2.092088  5.128185            0           0           0  
      1.811801  5.230220  5.128185            0           0           0  
      1.811801  1.033799 10.434731     0.004198   -0.046352    0.010599  
     -0.010605  4.190298 10.434731     0.049186   -0.030847   -0.013279  
      5.435404  1.046044 10.472521    -0.031165    0.036033   -0.000003  
      3.634207  4.190298 10.434731     0.013128    0.000251    0.002657  
      1.811801  0.984997 12.878857    -0.011078   -0.006481    0.011283  
     -0.052869  4.214699 12.878857     0.009961    0.000648   -0.014113  
      5.435404  1.046044 12.941211    -0.026248    0.030327    0.000046  
      3.676471  4.214699 12.878857    -0.006953    0.015242    0.002823  
      1.811801  1.046044  1.585076            0           0           0  
     -0.000001  4.184176  1.585076            0           0           0  
      5.435404  1.046044  1.585076            0           0           0  
      3.623602  4.184176  1.585076            0           0           0  
      1.811801  1.046044  6.214551            0           0           0  
     -0.000001  4.184176  6.214551            0           0           0  
      5.435404  1.046044  6.214551            0           0           0  
      3.623602  4.184176  6.214551            0           0           0  
     -0.005357  2.088995  9.380154     0.012119   -0.033943    0.001936  
     -1.811802  5.230220  9.353162     0.031169   -0.036068    0.000087  
      3.628960  2.088995  9.380154    -0.033992    0.005942   -0.010107  
      1.811801  5.236405  9.380154     0.023630    0.025939    0.008024  
      0.042652  2.116713 14.033805    -0.008611    0.005194   -0.000949  
     -1.811802  5.230220 14.076761     0.007735   -0.008898   -0.000112  
      3.580951  2.116713 14.033805    -0.019658    0.014789    0.005076  
      1.811801  5.180969 14.033805    -0.005871    0.019505   -0.003983  
      1.811801  3.138132 15.355734    -0.024917    0.028785    0.000080  
 
  44 f  =    1.892261 THz    11.889428 2PiTHz   63.119039 cm-1     7.825760 meV
             X         Y         Z           dx          dy          dz
     -0.000000  2.092088  2.671442            0           0           0  
     -1.811802  5.230220  2.671442            0           0           0  
      3.623603  2.092088  2.671442            0           0           0  
      1.811801  5.230220  2.671442            0           0           0  
     -0.000000  2.092088  5.128185            0           0           0  
     -1.811802  5.230220  5.128185            0           0           0  
      3.623603  2.092088  5.128185            0           0           0  
      1.811801  5.230220  5.128185            0           0           0  
      1.811801  1.033799 10.434731    -0.011813   -0.022580   -0.010505  
     -0.010605  4.190298 10.434731    -0.012039   -0.017524   -0.000834  
      5.435404  1.046044 10.472521    -0.014223   -0.021422   -0.000016  
      3.634207  4.190298 10.434731    -0.016568   -0.020452    0.011138  
      1.811801  0.984997 12.878857     0.021919    0.039373   -0.013145  
     -0.052869  4.214699 12.878857     0.022499    0.032620   -0.001020  
      5.435404  1.046044 12.941211    -0.018719   -0.028125    0.000091  
      3.676471  4.214699 12.878857     0.027651    0.036292    0.014005  
      1.811801  1.046044  1.585076            0           0           0  
     -0.000001  4.184176  1.585076            0           0           0  
      5.435404  1.046044  1.585076            0           0           0  
      3.623602  4.184176  1.585076            0           0           0  
      1.811801  1.046044  6.214551            0           0           0  
     -0.000001  4.184176  6.214551            0           0           0  
      5.435404  1.046044  6.214551            0           0           0  
      3.623602  4.184176  6.214551            0           0           0  
     -0.005357  2.088995  9.380154    -0.011277   -0.017170   -0.001816  
     -1.811802  5.230220  9.353162    -0.015059   -0.022585    0.000117  
      3.628960  2.088995  9.380154    -0.011547   -0.017445    0.000012  
      1.811801  5.236405  9.380154    -0.011611   -0.017045    0.001419  
      0.042652  2.116713 14.033805    -0.014916    0.009835   -0.035787  
     -1.811802  5.230220 14.076761     0.028570    0.042907   -0.000289  
      3.580951  2.116713 14.033805     0.017414    0.031454    0.002575  
      1.811801  5.180969 14.033805     0.019955   -0.007519    0.033448  
      1.811801  3.138132 15.355734    -0.027411   -0.041232    0.000173  
 
  45 f  =    1.891152 THz    11.882457 2PiTHz   63.082033 cm-1     7.821172 meV
             X         Y         Z           dx          dy          dz
     -0.000000  2.092088  2.671442            0           0           0  
     -1.811802  5.230220  2.671442            0           0           0  
      3.623603  2.092088  2.671442            0           0           0  
      1.811801  5.230220  2.671442            0           0           0  
     -0.000000  2.092088  5.128185            0           0           0  
     -1.811802  5.230220  5.128185            0           0           0  
      3.623603  2.092088  5.128185            0           0           0  
      1.811801  5.230220  5.128185            0           0           0  
      1.811801  1.033799 10.434731    -0.017658    0.015116    0.006940  
     -0.010605  4.190298 10.434731    -0.022900    0.014765   -0.012542  
      5.435404  1.046044 10.472521    -0.021448    0.014308    0.000009  
      3.634207  4.190298 10.434731    -0.020023    0.010337    0.005511  
      1.811801  0.984997 12.878857     0.032996   -0.025992    0.008727  
     -0.052869  4.214699 12.878857     0.039387   -0.025637   -0.015745  
      5.435404  1.046044 12.941211    -0.028134    0.018728    0.000037  
      3.676471  4.214699 12.878857     0.035863   -0.020423    0.006940  
      1.811801  1.046044  1.585076            0           0           0  
     -0.000001  4.184176  1.585076            0           0           0  
      5.435404  1.046044  1.585076            0           0           0  
      3.623602  4.184176  1.585076            0           0           0  
      1.811801  1.046044  6.214551            0           0           0  
     -0.000001  4.184176  6.214551            0           0           0  
      5.435404  1.046044  6.214551            0           0           0  
      3.623602  4.184176  6.214551            0           0           0  
     -0.005357  2.088995  9.380154    -0.017225    0.011658   -0.000836  
     -1.811802  5.230220  9.353162    -0.022615    0.015028    0.000013  
      3.628960  2.088995  9.380154    -0.017055    0.011327    0.001737  
      1.811801  5.236405  9.380154    -0.017406    0.011373   -0.001002  
      0.042652  2.116713 14.033805     0.012671   -0.029849   -0.017807  
     -1.811802  5.230220 14.076761     0.042839   -0.028506   -0.000071  
      3.580951  2.116713 14.033805    -0.008891    0.002458    0.040162  
      1.811801  5.180969 14.033805     0.029969    0.004905   -0.022320  
      1.811801  3.138132 15.355734    -0.041299    0.027519    0.000059  
 
  46 f  =    1.771668 THz    11.131720 2PiTHz   59.096494 cm-1     7.327028 meV
             X         Y         Z           dx          dy          dz
     -0.000000  2.092088  2.671442            0           0           0  
     -1.811802  5.230220  2.671442            0           0           0  
      3.623603  2.092088  2.671442            0           0           0  
      1.811801  5.230220  2.671442            0           0           0  
     -0.000000  2.092088  5.128185            0           0           0  
     -1.811802  5.230220  5.128185            0           0           0  
      3.623603  2.092088  5.128185            0           0           0  
      1.811801  5.230220  5.128185            0           0           0  
      1.811801  1.033799 10.434731     0.003884   -0.000007   -0.000008  
     -0.010605  4.190298 10.434731    -0.001914   -0.003418    0.000012  
      5.435404  1.046044 10.472521    -0.000001   -0.000021   -0.000005  
      3.634207  4.190298 10.434731    -0.001914    0.003411    0.000004  
      1.811801  0.984997 12.878857    -0.059275    0.000016   -0.000011  
     -0.052869  4.214699 12.878857     0.029613    0.051231    0.000031  
      5.435404  1.046044 12.941211    -0.000009   -0.000022   -0.000006  
      3.676471  4.214699 12.878857     0.029608   -0.051191   -0.000013  
      1.811801  1.046044  1.585076            0           0           0  
     -0.000001  4.184176  1.585076            0           0           0  
      5.435404  1.046044  1.585076            0           0           0  
      3.623602  4.184176  1.585076            0           0           0  
      1.811801  1.046044  6.214551            0           0           0  
     -0.000001  4.184176  6.214551            0           0           0  
      5.435404  1.046044  6.214551            0           0           0  
      3.623602  4.184176  6.214551            0           0           0  
     -0.005357  2.088995  9.380154     0.002907   -0.005086   -0.000026  
     -1.811802  5.230220  9.353162     0.000035   -0.000009    0.000002  
      3.628960  2.088995  9.380154     0.002914    0.005078    0.000035  
      1.811801  5.236405  9.380154    -0.005813   -0.000016   -0.000007  
      0.042652  2.116713 14.033805    -0.026063    0.045051    0.000072  
     -1.811802  5.230220 14.076761     0.000006    0.000022    0.000000  
      3.580951  2.116713 14.033805    -0.026043   -0.045039   -0.000101  
      1.811801  5.180969 14.033805     0.052064   -0.000000    0.000029  
      1.811801  3.138132 15.355734     0.000048   -0.000032   -0.000005  
 
  47 f  =    0.639924 THz     4.020758 2PiTHz   21.345552 cm-1     2.646510 meV
             X         Y         Z           dx          dy          dz
     -0.000000  2.092088  2.671442            0           0           0  
     -1.811802  5.230220  2.671442            0           0           0  
      3.623603  2.092088  2.671442            0           0           0  
      1.811801  5.230220  2.671442            0           0           0  
     -0.000000  2.092088  5.128185            0           0           0  
     -1.811802  5.230220  5.128185            0           0           0  
      3.623603  2.092088  5.128185            0           0           0  
      1.811801  5.230220  5.128185            0           0           0  
      1.811801  1.033799 10.434731     0.000014   -0.000370   -0.034534  
     -0.010605  4.190298 10.434731    -0.000308    0.000176   -0.034531  
      5.435404  1.046044 10.472521     0.000068    0.000035   -0.034520  
      3.634207  4.190298 10.434731     0.000341    0.000178   -0.034556  
      1.811801  0.984997 12.878857    -0.000073   -0.000537   -0.035455  
     -0.052869  4.214699 12.878857    -0.000491    0.000188   -0.035456  
      5.435404  1.046044 12.941211     0.000003    0.000004   -0.035962  
      3.676471  4.214699 12.878857     0.000456    0.000250   -0.035499  
      1.811801  1.046044  1.585076            0           0           0  
     -0.000001  4.184176  1.585076            0           0           0  
      5.435404  1.046044  1.585076            0           0           0  
      3.623602  4.184176  1.585076            0           0           0  
      1.811801  1.046044  6.214551            0           0           0  
     -0.000001  4.184176  6.214551            0           0           0  
      5.435404  1.046044  6.214551            0           0           0  
      3.623602  4.184176  6.214551            0           0           0  
     -0.005357  2.088995  9.380154    -0.000089   -0.000063   -0.033108  
     -1.811802  5.230220  9.353162     0.000018   -0.000000   -0.034065  
      3.628960  2.088995  9.380154     0.000165   -0.000094   -0.033063  
      1.811801  5.236405  9.380154     0.000012    0.000173   -0.033043  
      0.042652  2.116713 14.033805    -0.000498   -0.000297   -0.035718  
     -1.811802  5.230220 14.076761    -0.000012   -0.000021   -0.034689  
      3.580951  2.116713 14.033805     0.000437   -0.000283   -0.035875  
      1.811801  5.180969 14.033805    -0.000016    0.000517   -0.035887  
      1.811801  3.138132 15.355734     0.000048    0.000033   -0.036683  
 
  48 f  =    0.296906 THz     1.865512 2PiTHz    9.903702 cm-1     1.227902 meV
             X         Y         Z           dx          dy          dz
     -0.000000  2.092088  2.671442            0           0           0  
     -1.811802  5.230220  2.671442            0           0           0  
      3.623603  2.092088  2.671442            0           0           0  
      1.811801  5.230220  2.671442            0           0           0  
     -0.000000  2.092088  5.128185            0           0           0  
     -1.811802  5.230220  5.128185            0           0           0  
      3.623603  2.092088  5.128185            0           0           0  
      1.811801  5.230220  5.128185            0           0           0  
      1.811801  1.033799 10.434731     0.002882    0.034125   -0.000196  
     -0.010605  4.190298 10.434731     0.003064    0.034516    0.000071  
      5.435404  1.046044 10.472521     0.002979    0.035811   -0.000009  
      3.634207  4.190298 10.434731     0.002633    0.034481    0.000095  
      1.811801  0.984997 12.878857     0.002917    0.035559   -0.000164  
     -0.052869  4.214699 12.878857     0.002726    0.035145    0.000059  
      5.435404  1.046044 12.941211     0.002804    0.033690   -0.000006  
      3.676471  4.214699 12.878857     0.003172    0.035180    0.000079  
      1.811801  1.046044  1.585076            0           0           0  
     -0.000001  4.184176  1.585076            0           0           0  
      5.435404  1.046044  1.585076            0           0           0  
      3.623602  4.184176  1.585076            0           0           0  
      1.811801  1.046044  6.214551            0           0           0  
     -0.000001  4.184176  6.214551            0           0           0  
      5.435404  1.046044  6.214551            0           0           0  
      3.623602  4.184176  6.214551            0           0           0  
     -0.005357  2.088995  9.380154     0.003405    0.034493   -0.000367  
     -1.811802  5.230220  9.353162     0.002824    0.033928   -0.000011  
      3.628960  2.088995  9.380154     0.002423    0.034411   -0.000280  
      1.811801  5.236405  9.380154     0.002840    0.035302    0.000622  
      0.042652  2.116713 14.033805     0.002169    0.034959   -0.000448  
     -1.811802  5.230220 14.076761     0.002965    0.035620   -0.000015  
      3.580951  2.116713 14.033805     0.003528    0.035070   -0.000333  
      1.811801  5.180969 14.033805     0.002948    0.033835    0.000767  
      1.811801  3.138132 15.355734     0.002762    0.033185   -0.000012  
 
  49 f  =    0.296675 THz     1.864062 2PiTHz    9.896002 cm-1     1.226947 meV
             X         Y         Z           dx          dy          dz
     -0.000000  2.092088  2.671442            0           0           0  
     -1.811802  5.230220  2.671442            0           0           0  
      3.623603  2.092088  2.671442            0           0           0  
      1.811801  5.230220  2.671442            0           0           0  
     -0.000000  2.092088  5.128185            0           0           0  
     -1.811802  5.230220  5.128185            0           0           0  
      3.623603  2.092088  5.128185            0           0           0  
      1.811801  5.230220  5.128185            0           0           0  
      1.811801  1.033799 10.434731    -0.034628    0.002839   -0.000018  
     -0.010605  4.190298 10.434731    -0.034217    0.002651    0.000164  
      5.435404  1.046044 10.472521    -0.035776    0.002982   -0.000003  
      3.634207  4.190298 10.434731    -0.034254    0.003094   -0.000153  
      1.811801  0.984997 12.878857    -0.035078    0.002957   -0.000015  
     -0.052869  4.214699 12.878857    -0.035456    0.003134    0.000149  
      5.435404  1.046044 12.941211    -0.033682    0.002801   -0.000003  
      3.676471  4.214699 12.878857    -0.035419    0.002719   -0.000141  
      1.811801  1.046044  1.585076            0           0           0  
     -0.000001  4.184176  1.585076            0           0           0  
      5.435404  1.046044  1.585076            0           0           0  
      3.623602  4.184176  1.585076            0           0           0  
      1.811801  1.046044  6.214551            0           0           0  
     -0.000001  4.184176  6.214551            0           0           0  
      5.435404  1.046044  6.214551            0           0           0  
      3.623602  4.184176  6.214551            0           0           0  
     -0.005357  2.088995  9.380154    -0.034964    0.002375    0.000493  
     -1.811802  5.230220  9.353162    -0.033926    0.002823   -0.000002  
      3.628960  2.088995  9.380154    -0.035047    0.003361   -0.000549  
      1.811801  5.236405  9.380154    -0.034143    0.002940    0.000050  
      0.042652  2.116713 14.033805    -0.034300    0.003582    0.000676  
     -1.811802  5.230220 14.076761    -0.035645    0.002963   -0.000002  
      3.580951  2.116713 14.033805    -0.034185    0.002244   -0.000748  
      1.811801  5.180969 14.033805    -0.035402    0.002815    0.000063  
      1.811801  3.138132 15.355734    -0.033162    0.002759   -0.000005  
 
  50 fi =    1.876907 THz    11.792955 2PiTHz   62.606882 cm-1     7.762261 meV
             X         Y         Z           dx          dy          dz
     -0.000000  2.092088  2.671442            0           0           0  
     -1.811802  5.230220  2.671442            0           0           0  
      3.623603  2.092088  2.671442            0           0           0  
      1.811801  5.230220  2.671442            0           0           0  
     -0.000000  2.092088  5.128185            0           0           0  
     -1.811802  5.230220  5.128185            0           0           0  
      3.623603  2.092088  5.128185            0           0           0  
      1.811801  5.230220  5.128185            0           0           0  
      1.811801  1.033799 10.434731    -0.014726    0.000624    0.001824  
     -0.010605  4.190298 10.434731    -0.006293   -0.012395    0.002176  
      5.435404  1.046044 10.472521    -0.057036   -0.029192   -0.000017  
      3.634207  4.190298 10.434731     0.000789    0.001419   -0.004043  
      1.811801  0.984997 12.878857     0.014463    0.000406    0.002445  
     -0.052869  4.214699 12.878857     0.007243    0.011587    0.002917  
      5.435404  1.046044 12.941211     0.053104    0.027187   -0.000033  
      3.676471  4.214699 12.878857     0.001213   -0.000242   -0.005415  
      1.811801  1.046044  1.585076            0           0           0  
     -0.000001  4.184176  1.585076            0           0           0  
      5.435404  1.046044  1.585076            0           0           0  
      3.623602  4.184176  1.585076            0           0           0  
      1.811801  1.046044  6.214551            0           0           0  
     -0.000001  4.184176  6.214551            0           0           0  
      5.435404  1.046044  6.214551            0           0           0  
      3.623602  4.184176  6.214551            0           0           0  
     -0.005357  2.088995  9.380154    -0.046138   -0.026545    0.025289  
     -1.811802  5.230220  9.353162     0.001398    0.000713   -0.000030  
      3.628960  2.088995  9.380154    -0.025710    0.013362   -0.013764  
      1.811801  5.236405  9.380154    -0.001347   -0.024279   -0.011551  
      0.042652  2.116713 14.033805     0.048842    0.028079    0.028478  
     -1.811802  5.230220 14.076761    -0.006807   -0.003477    0.000008  
      3.580951  2.116713 14.033805     0.027467   -0.013716   -0.015548  
      1.811801  5.180969 14.033805     0.001965    0.025727   -0.013043  
      1.811801  3.138132 15.355734     0.069090    0.035368   -0.000066  
 
  51 fi =    1.877330 THz    11.795614 2PiTHz   62.620995 cm-1     7.764010 meV
             X         Y         Z           dx          dy          dz
     -0.000000  2.092088  2.671442            0           0           0  
     -1.811802  5.230220  2.671442            0           0           0  
      3.623603  2.092088  2.671442            0           0           0  
      1.811801  5.230220  2.671442            0           0           0  
     -0.000000  2.092088  5.128185            0           0           0  
     -1.811802  5.230220  5.128185            0           0           0  
      3.623603  2.092088  5.128185            0           0           0  
      1.811801  5.230220  5.128185            0           0           0  
      1.811801  1.033799 10.434731     0.007539    0.001237    0.003599  
     -0.010605  4.190298 10.434731    -0.005505   -0.007188   -0.003390  
      5.435404  1.046044 10.472521     0.029186   -0.057011   -0.000000  
      3.634207  4.190298 10.434731     0.008316   -0.014264   -0.000203  
      1.811801  0.984997 12.878857    -0.007387    0.000821    0.004825  
     -0.052869  4.214699 12.878857     0.003730    0.008027   -0.004547  
      5.435404  1.046044 12.941211    -0.027193    0.053123   -0.000003  
      3.676471  4.214699 12.878857    -0.008058    0.014065   -0.000273  
      1.811801  1.046044  1.585076            0           0           0  
     -0.000001  4.184176  1.585076            0           0           0  
      5.435404  1.046044  1.585076            0           0           0  
      3.623602  4.184176  1.585076            0           0           0  
      1.811801  1.046044  6.214551            0           0           0  
     -0.000001  4.184176  6.214551            0           0           0  
      5.435404  1.046044  6.214551            0           0           0  
      3.623602  4.184176  6.214551            0           0           0  
     -0.005357  2.088995  9.380154    -0.001564   -0.002656    0.001282  
     -1.811802  5.230220  9.353162    -0.000720    0.001398   -0.000007  
      3.628960  2.088995  9.380154     0.038334   -0.023081    0.021259  
      1.811801  5.236405  9.380154     0.000686   -0.047425   -0.022532  
      0.042652  2.116713 14.033805     0.001367    0.003336    0.001439  
     -1.811802  5.230220 14.076761     0.003485   -0.006800    0.000008  
      3.580951  2.116713 14.033805    -0.040425    0.024730    0.024032  
      1.811801  5.180969 14.033805    -0.001005    0.050230   -0.025475  
      1.811801  3.138132 15.355734    -0.035389    0.069140   -0.000005  
 
