 Eigenvectors and eigenvalues of the dynamical matrix
 ----------------------------------------------------
 
 
   1 f  =   30.674018 THz   192.730541 2PiTHz 1023.175113 cm-1   126.857489 meV
             X         Y         Z           dx          dy          dz
      0.000000  0.000000  0.000000     0.006715    0.001023    0.024457  
      2.403308  0.000000  5.211243     0.006715   -0.001023   -0.024457  
      0.000000  2.983121  0.000000     0.006715   -0.001023    0.024457  
      2.403308  2.983121  5.211243     0.006715    0.001023   -0.024457  
      2.429872  1.491560  2.349142     0.000573   -0.000001    0.002548  
      4.780051  1.491560  7.560384     0.000572   -0.000001   -0.002548  
      2.376743  4.474681  8.073343     0.000573    0.000001    0.002547  
      0.026564  4.474681  2.862101     0.000574    0.000001   -0.002547  
      2.724152  4.474681  0.947436    -0.027938    0.000003    0.052681  
      2.082463  1.491560  9.475049    -0.027943   -0.000003    0.052679  
      4.485771  4.474681  6.158678    -0.027943    0.000000   -0.052678  
      0.320845  1.491560  4.263807    -0.027937   -0.000000   -0.052682  
      3.760259  3.209318  6.971072    -0.004253   -0.009435    0.012909  
      1.046357  2.756923  3.451413    -0.004265   -0.009448    0.012915  
      3.449665  3.209318  1.759830    -0.004256    0.009434   -0.012909  
      3.760259  5.740044  6.971072    -0.004260    0.009445    0.012914  
      1.356951  0.226197  8.662656    -0.004253   -0.009433   -0.012909  
      3.696224  1.491560  9.389177     0.035371    0.000002   -0.016755  
      1.356951  2.756923  8.662656    -0.004261    0.009448   -0.012915  
      1.046357  0.226197  3.451413    -0.004257    0.009438    0.012910  
      1.110392  4.474681  1.033308     0.035358   -0.000002   -0.016762  
      3.513700  1.491560  4.177935     0.035358   -0.000001    0.016760  
      3.844885  4.474681  4.656194     0.017647   -0.000002    0.081797  
      1.292916  4.474681  6.244550     0.035371    0.000001    0.016756  
      3.365039  4.474681  9.867437     0.017648   -0.000000   -0.081798  
      1.441577  1.491560  0.555048     0.017650    0.000000   -0.081799  
      0.961731  1.491560  5.766291     0.017651    0.000002    0.081800  
      3.449665  5.740044  1.759830    -0.004264   -0.009449   -0.012915  
 
   2 f  =   29.070946 THz   182.658143 2PiTHz  969.702392 cm-1   120.227720 meV
             X         Y         Z           dx          dy          dz
      0.000000  0.000000  0.000000    -0.000001   -0.000003    0.000001  
      2.403308  0.000000  5.211243     0.000003   -0.000004    0.000003  
      0.000000  2.983121  0.000000    -0.000001    0.000005    0.000002  
      2.403308  2.983121  5.211243     0.000003    0.000006    0.000003  
      2.429872  1.491560  2.349142    -0.001366    0.000000   -0.002298  
      4.780051  1.491560  7.560384    -0.001369   -0.000000    0.002300  
      2.376743  4.474681  8.073343     0.001369    0.000000    0.002299  
      0.026564  4.474681  2.862101     0.001366   -0.000000   -0.002297  
      2.724152  4.474681  0.947436    -0.057402    0.000000    0.016294  
      2.082463  1.491560  9.475049     0.057363    0.000001   -0.016296  
      4.485771  4.474681  6.158678    -0.057366    0.000001   -0.016295  
      0.320845  1.491560  4.263807     0.057398    0.000001    0.016295  
      3.760259  3.209318  6.971072    -0.000407    0.022076   -0.008872  
      1.046357  2.756923  3.451413     0.000406   -0.022104    0.008886  
      3.449665  3.209318  1.759830    -0.000405   -0.022104    0.008886  
      3.760259  5.740044  6.971072    -0.000409   -0.022076   -0.008871  
      1.356951  0.226197  8.662656     0.000408   -0.022077   -0.008870  
      3.696224  1.491560  9.389177    -0.076054   -0.000000    0.008739  
      1.356951  2.756923  8.662656     0.000408    0.022077   -0.008872  
      1.046357  0.226197  3.451413     0.000404    0.022105    0.008888  
      1.110392  4.474681  1.033308     0.076128   -0.000001   -0.008745  
      3.513700  1.491560  4.177935    -0.076122   -0.000001   -0.008745  
      3.844885  4.474681  4.656194     0.008806   -0.000002    0.047746  
      1.292916  4.474681  6.244550     0.076060   -0.000001    0.008738  
      3.365039  4.474681  9.867437     0.008818   -0.000001   -0.047775  
      1.441577  1.491560  0.555048    -0.008807   -0.000001    0.047748  
      0.961731  1.491560  5.766291    -0.008819   -0.000002   -0.047778  
      3.449665  5.740044  1.759830    -0.000405    0.022105    0.008888  
 
   3 f  =   28.691608 THz   180.274690 2PiTHz  957.049028 cm-1   118.658903 meV
             X         Y         Z           dx          dy          dz
      0.000000  0.000000  0.000000    -0.011875    0.002750   -0.003494  
      2.403308  0.000000  5.211243     0.011875    0.002750   -0.003494  
      0.000000  2.983121  0.000000    -0.011875   -0.002750   -0.003494  
      2.403308  2.983121  5.211243     0.011875   -0.002750   -0.003494  
      2.429872  1.491560  2.349142     0.003447   -0.000000    0.001818  
      4.780051  1.491560  7.560384    -0.003444    0.000000    0.001827  
      2.376743  4.474681  8.073343     0.003444    0.000000    0.001827  
      0.026564  4.474681  2.862101    -0.003447   -0.000000    0.001818  
      2.724152  4.474681  0.947436     0.062750    0.000000   -0.008896  
      2.082463  1.491560  9.475049     0.062777   -0.000000   -0.008914  
      4.485771  4.474681  6.158678    -0.062779   -0.000002   -0.008914  
      0.320845  1.491560  4.263807    -0.062750    0.000002   -0.008895  
      3.760259  3.209318  6.971072     0.003316    0.019195   -0.009378  
      1.046357  2.756923  3.451413     0.003315    0.019160   -0.009364  
      3.449665  3.209318  1.759830    -0.003315    0.019161   -0.009364  
      3.760259  5.740044  6.971072     0.003320   -0.019199   -0.009382  
      1.356951  0.226197  8.662656    -0.003320   -0.019199   -0.009382  
      3.696224  1.491560  9.389177    -0.081980    0.000001    0.005727  
      1.356951  2.756923  8.662656    -0.003315    0.019194   -0.009377  
      1.046357  0.226197  3.451413     0.003311   -0.019156   -0.009360  
      1.110392  4.474681  1.033308    -0.081950   -0.000001    0.005723  
      3.513700  1.491560  4.177935     0.081949   -0.000001    0.005723  
      3.844885  4.474681  4.656194     0.012108    0.000002    0.025083  
      1.292916  4.474681  6.244550     0.081984    0.000001    0.005727  
      3.365039  4.474681  9.867437    -0.012094   -0.000001    0.025005  
      1.441577  1.491560  0.555048    -0.012108    0.000000    0.025082  
      0.961731  1.491560  5.766291     0.012094   -0.000001    0.025005  
      3.449665  5.740044  1.759830    -0.003311   -0.019156   -0.009360  
 
   4 f  =   28.207074 THz   177.230276 2PiTHz  940.886727 cm-1   116.655034 meV
             X         Y         Z           dx          dy          dz
      0.000000  0.000000  0.000000    -0.000005   -0.000000    0.000008  
      2.403308  0.000000  5.211243    -0.000005    0.000000   -0.000008  
      0.000000  2.983121  0.000000    -0.000005    0.000000    0.000008  
      2.403308  2.983121  5.211243    -0.000005   -0.000000   -0.000008  
      2.429872  1.491560  2.349142    -0.001552   -0.000000   -0.000577  
      4.780051  1.491560  7.560384     0.001553   -0.000000   -0.000580  
      2.376743  4.474681  8.073343     0.001553   -0.000000    0.000580  
      0.026564  4.474681  2.862101    -0.001552   -0.000000    0.000577  
      2.724152  4.474681  0.947436     0.060818    0.000000   -0.012046  
      2.082463  1.491560  9.475049    -0.060739    0.000000    0.012077  
      4.485771  4.474681  6.158678    -0.060738    0.000000   -0.012077  
      0.320845  1.491560  4.263807     0.060819   -0.000000    0.012045  
      3.760259  3.209318  6.971072     0.002307    0.013097   -0.008318  
      1.046357  2.756923  3.451413    -0.002314   -0.013121    0.008335  
      3.449665  3.209318  1.759830    -0.002314    0.013121   -0.008335  
      3.760259  5.740044  6.971072     0.002307   -0.013097   -0.008318  
      1.356951  0.226197  8.662656     0.002306    0.013096    0.008318  
      3.696224  1.491560  9.389177     0.084947   -0.000000   -0.004112  
      1.356951  2.756923  8.662656     0.002307   -0.013098    0.008318  
      1.046357  0.226197  3.451413    -0.002314    0.013122    0.008335  
      1.110392  4.474681  1.033308    -0.085072   -0.000000    0.004111  
      3.513700  1.491560  4.177935    -0.085075    0.000000   -0.004111  
      3.844885  4.474681  4.656194     0.009783    0.000000    0.032352  
      1.292916  4.474681  6.244550     0.084944    0.000000    0.004112  
      3.365039  4.474681  9.867437    -0.009777    0.000000    0.032320  
      1.441577  1.491560  0.555048     0.009783    0.000000   -0.032352  
      0.961731  1.491560  5.766291    -0.009777    0.000000   -0.032319  
      3.449665  5.740044  1.759830    -0.002314   -0.013121   -0.008335  
 
   5 f  =   27.860067 THz   175.049961 2PiTHz  929.311788 cm-1   115.219925 meV
             X         Y         Z           dx          dy          dz
      0.000000  0.000000  0.000000    -0.008262    0.002729    0.011353  
      2.403308  0.000000  5.211243    -0.008261   -0.002729   -0.011353  
      0.000000  2.983121  0.000000    -0.008262   -0.002729    0.011353  
      2.403308  2.983121  5.211243    -0.008261    0.002729   -0.011353  
      2.429872  1.491560  2.349142    -0.001013    0.000001    0.000740  
      4.780051  1.491560  7.560384    -0.001016    0.000001   -0.000739  
      2.376743  4.474681  8.073343    -0.001016   -0.000001    0.000738  
      0.026564  4.474681  2.862101    -0.001014   -0.000001   -0.000739  
      2.724152  4.474681  0.947436     0.055639   -0.000000    0.027005  
      2.082463  1.491560  9.475049     0.055725    0.000001    0.026970  
      4.485771  4.474681  6.158678     0.055721   -0.000004   -0.026974  
      0.320845  1.491560  4.263807     0.055641    0.000004   -0.027001  
      3.760259  3.209318  6.971072    -0.007926   -0.024007    0.016157  
      1.046357  2.756923  3.451413    -0.007934   -0.024005    0.016152  
      3.449665  3.209318  1.759830    -0.007928    0.023992   -0.016147  
      3.760259  5.740044  6.971072    -0.007932    0.024019    0.016163  
      1.356951  0.226197  8.662656    -0.007925   -0.024009   -0.016156  
      3.696224  1.491560  9.389177    -0.080315   -0.000001   -0.003403  
      1.356951  2.756923  8.662656    -0.007932    0.024020   -0.016162  
      1.046357  0.226197  3.451413    -0.007928    0.023993    0.016146  
      1.110392  4.474681  1.033308    -0.080194    0.000001   -0.003415  
      3.513700  1.491560  4.177935    -0.080198   -0.000002    0.003413  
      3.844885  4.474681  4.656194     0.004822    0.000000    0.023084  
      1.292916  4.474681  6.244550    -0.080309    0.000002    0.003406  
      3.365039  4.474681  9.867437     0.004840    0.000001   -0.023150  
      1.441577  1.491560  0.555048     0.004822   -0.000000   -0.023081  
      0.961731  1.491560  5.766291     0.004841   -0.000000    0.023148  
      3.449665  5.740044  1.759830    -0.007935   -0.024004   -0.016153  
 
   6 f  =   26.922625 THz   169.159842 2PiTHz  898.042108 cm-1   111.342981 meV
             X         Y         Z           dx          dy          dz
      0.000000  0.000000  0.000000     0.002268    0.009967    0.009132  
      2.403308  0.000000  5.211243    -0.002268    0.009967    0.009132  
      0.000000  2.983121  0.000000     0.002268   -0.009967    0.009132  
      2.403308  2.983121  5.211243    -0.002268   -0.009967    0.009132  
      2.429872  1.491560  2.349142     0.002166   -0.000000   -0.003964  
      4.780051  1.491560  7.560384    -0.002166    0.000001   -0.003935  
      2.376743  4.474681  8.073343     0.002166    0.000000   -0.003935  
      0.026564  4.474681  2.862101    -0.002167   -0.000001   -0.003964  
      2.724152  4.474681  0.947436     0.002754    0.000001    0.055793  
      2.082463  1.491560  9.475049     0.002755   -0.000001    0.055806  
      4.485771  4.474681  6.158678    -0.002756    0.000001    0.055806  
      0.320845  1.491560  4.263807    -0.002753   -0.000000    0.055793  
      3.760259  3.209318  6.971072     0.000951    0.027796   -0.005232  
      1.046357  2.756923  3.451413     0.000935    0.027745   -0.005191  
      3.449665  3.209318  1.759830    -0.000933    0.027742   -0.005188  
      3.760259  5.740044  6.971072     0.000958   -0.027808   -0.005239  
      1.356951  0.226197  8.662656    -0.000955   -0.027803   -0.005237  
      3.696224  1.491560  9.389177    -0.022159    0.000001    0.004944  
      1.356951  2.756923  8.662656    -0.000953    0.027800   -0.005234  
      1.046357  0.226197  3.451413     0.000928   -0.027734   -0.005183  
      1.110392  4.474681  1.033308    -0.022242   -0.000001    0.004966  
      3.513700  1.491560  4.177935     0.022242   -0.000001    0.004966  
      3.844885  4.474681  4.656194    -0.024602    0.000001   -0.085319  
      1.292916  4.474681  6.244550     0.022160    0.000001    0.004945  
      3.365039  4.474681  9.867437     0.024613   -0.000001   -0.085393  
      1.441577  1.491560  0.555048     0.024602    0.000000   -0.085319  
      0.961731  1.491560  5.766291    -0.024613   -0.000000   -0.085393  
      3.449665  5.740044  1.759830    -0.000930   -0.027738   -0.005186  
 
   7 f  =   26.149225 THz   164.300425 2PiTHz  872.244251 cm-1   108.144455 meV
             X         Y         Z           dx          dy          dz
      0.000000  0.000000  0.000000     0.000001   -0.000001   -0.000001  
      2.403308  0.000000  5.211243     0.000001    0.000001    0.000001  
      0.000000  2.983121  0.000000     0.000001    0.000001   -0.000001  
      2.403308  2.983121  5.211243     0.000001   -0.000001    0.000001  
      2.429872  1.491560  2.349142    -0.000365   -0.000000    0.001224  
      4.780051  1.491560  7.560384     0.000367    0.000000    0.001224  
      2.376743  4.474681  8.073343     0.000365   -0.000000   -0.001224  
      0.026564  4.474681  2.862101    -0.000366    0.000000   -0.001224  
      2.724152  4.474681  0.947436     0.008072    0.000000    0.054968  
      2.082463  1.491560  9.475049    -0.008083    0.000000   -0.054979  
      4.485771  4.474681  6.158678    -0.008077   -0.000002    0.054960  
      0.320845  1.491560  4.263807     0.008066   -0.000002   -0.054950  
      3.760259  3.209318  6.971072     0.005693    0.011517   -0.006034  
      1.046357  2.756923  3.451413    -0.005689   -0.011501    0.006024  
      3.449665  3.209318  1.759830    -0.005692    0.011508   -0.006029  
      3.760259  5.740044  6.971072     0.005691   -0.011514   -0.006032  
      1.356951  0.226197  8.662656     0.005695    0.011521    0.006037  
      3.696224  1.491560  9.389177     0.035113   -0.000000   -0.003563  
      1.356951  2.756923  8.662656     0.005696   -0.011521    0.006038  
      1.046357  0.226197  3.451413    -0.005690    0.011505    0.006026  
      1.110392  4.474681  1.033308    -0.035101   -0.000001    0.003563  
      3.513700  1.491560  4.177935    -0.035088    0.000000   -0.003563  
      3.844885  4.474681  4.656194    -0.028039   -0.000000   -0.088133  
      1.292916  4.474681  6.244550     0.035100    0.000000    0.003563  
      3.365039  4.474681  9.867437     0.028048    0.000001   -0.088154  
      1.441577  1.491560  0.555048    -0.028049    0.000000    0.088160  
      0.961731  1.491560  5.766291     0.028039   -0.000000    0.088127  
      3.449665  5.740044  1.759830    -0.005693   -0.011508   -0.006030  
 
   8 f  =   26.106852 THz   164.034189 2PiTHz  870.830847 cm-1   107.969216 meV
             X         Y         Z           dx          dy          dz
      0.000000  0.000000  0.000000     0.000006    0.000011   -0.000005  
      2.403308  0.000000  5.211243    -0.000007    0.000015   -0.000007  
      0.000000  2.983121  0.000000     0.000007   -0.000008   -0.000007  
      2.403308  2.983121  5.211243    -0.000007   -0.000013   -0.000007  
      2.429872  1.491560  2.349142     0.003728    0.000000   -0.001943  
      4.780051  1.491560  7.560384     0.003738    0.000001    0.001949  
      2.376743  4.474681  8.073343    -0.003737    0.000000    0.001951  
      0.026564  4.474681  2.862101    -0.003727    0.000001   -0.001945  
      2.724152  4.474681  0.947436     0.018414    0.000004    0.053430  
      2.082463  1.491560  9.475049    -0.018442    0.000004   -0.053444  
      4.485771  4.474681  6.158678     0.018441    0.000002   -0.053461  
      0.320845  1.491560  4.263807    -0.018420    0.000002    0.053450  
      3.760259  3.209318  6.971072    -0.007810   -0.009851    0.009236  
      1.046357  2.756923  3.451413     0.007821    0.009877   -0.009253  
      3.449665  3.209318  1.759830    -0.007814    0.009863   -0.009244  
      3.760259  5.740044  6.971072    -0.007808    0.009845    0.009232  
      1.356951  0.226197  8.662656     0.007808    0.009847    0.009234  
      3.696224  1.491560  9.389177     0.043004   -0.000000   -0.000896  
      1.356951  2.756923  8.662656     0.007812   -0.009856    0.009240  
      1.046357  0.226197  3.451413     0.007823   -0.009882   -0.009255  
      1.110392  4.474681  1.033308    -0.042946   -0.000001    0.000883  
      3.513700  1.491560  4.177935     0.042951   -0.000001    0.000883  
      3.844885  4.474681  4.656194     0.027655    0.000001    0.082905  
      1.292916  4.474681  6.244550    -0.043021   -0.000001   -0.000899  
      3.365039  4.474681  9.867437     0.027636    0.000001   -0.082820  
      1.441577  1.491560  0.555048    -0.027643    0.000001    0.082864  
      0.961731  1.491560  5.766291    -0.027642    0.000001   -0.082838  
      3.449665  5.740044  1.759830    -0.007818   -0.009871   -0.009249  
 
   9 f  =   25.480723 THz   160.100106 2PiTHz  849.945438 cm-1   105.379756 meV
             X         Y         Z           dx          dy          dz
      0.000000  0.000000  0.000000     0.000003    0.000003   -0.000001  
      2.403308  0.000000  5.211243     0.000002    0.000001    0.000006  
      0.000000  2.983121  0.000000    -0.000003   -0.000010    0.000008  
      2.403308  2.983121  5.211243     0.000003   -0.000008    0.000006  
      2.429872  1.491560  2.349142    -0.000198    0.000000    0.015738  
      4.780051  1.491560  7.560384    -0.000203   -0.000003   -0.015744  
      2.376743  4.474681  8.073343     0.000203    0.000001   -0.015744  
      0.026564  4.474681  2.862101     0.000198   -0.000003    0.015739  
      2.724152  4.474681  0.947436    -0.000348   -0.000019    0.027473  
      2.082463  1.491560  9.475049     0.000373   -0.000022   -0.027390  
      4.485771  4.474681  6.158678    -0.000377   -0.000006   -0.027391  
      0.320845  1.491560  4.263807     0.000344   -0.000008    0.027477  
      3.760259  3.209318  6.971072    -0.018192   -0.056984    0.037959  
      1.046357  2.756923  3.451413     0.018222    0.057153   -0.038029  
      3.449665  3.209318  1.759830    -0.018224    0.057155   -0.038029  
      3.760259  5.740044  6.971072    -0.018191    0.056996    0.037961  
      1.356951  0.226197  8.662656     0.018201    0.057012    0.037974  
      3.696224  1.491560  9.389177    -0.049694    0.000003    0.012000  
      1.356951  2.756923  8.662656     0.018187   -0.056975    0.037954  
      1.046357  0.226197  3.451413     0.018221   -0.057137   -0.038024  
      1.110392  4.474681  1.033308     0.049717    0.000003   -0.011980  
      3.513700  1.491560  4.177935    -0.049721   -0.000002   -0.011981  
      3.844885  4.474681  4.656194     0.002790    0.000005   -0.030382  
      1.292916  4.474681  6.244550     0.049689   -0.000002    0.011998  
      3.365039  4.474681  9.867437     0.002792    0.000003    0.030350  
      1.441577  1.491560  0.555048    -0.002784    0.000003   -0.030388  
      0.961731  1.491560  5.766291    -0.002788    0.000005    0.030353  
      3.449665  5.740044  1.759830    -0.018213   -0.057122   -0.038012  
 
  10 f  =   24.825737 THz   155.984705 2PiTHz  828.097444 cm-1   102.670951 meV
             X         Y         Z           dx          dy          dz
      0.000000  0.000000  0.000000    -0.000004   -0.000017    0.000003  
      2.403308  0.000000  5.211243    -0.000006    0.000022   -0.000004  
      0.000000  2.983121  0.000000    -0.000005    0.000017    0.000004  
      2.403308  2.983121  5.211243    -0.000006   -0.000022   -0.000005  
      2.429872  1.491560  2.349142    -0.000390    0.000000    0.003469  
      4.780051  1.491560  7.560384     0.000400   -0.000000    0.003453  
      2.376743  4.474681  8.073343     0.000399    0.000000   -0.003453  
      0.026564  4.474681  2.862101    -0.000389   -0.000000   -0.003468  
      2.724152  4.474681  0.947436     0.007178   -0.000003    0.026408  
      2.082463  1.491560  9.475049    -0.007193    0.000000   -0.026430  
      4.485771  4.474681  6.158678    -0.007193    0.000003    0.026432  
      0.320845  1.491560  4.263807     0.007178   -0.000001   -0.026405  
      3.760259  3.209318  6.971072     0.020566    0.059166   -0.039596  
      1.046357  2.756923  3.451413    -0.020514   -0.059017    0.039508  
      3.449665  3.209318  1.759830    -0.020520    0.059038   -0.039519  
      3.760259  5.740044  6.971072     0.020569   -0.059171   -0.039599  
      1.356951  0.226197  8.662656     0.020564    0.059153    0.039590  
      3.696224  1.491560  9.389177    -0.042602    0.000001    0.014369  
      1.356951  2.756923  8.662656     0.020564   -0.059155    0.039591  
      1.046357  0.226197  3.451413    -0.020515    0.059019    0.039510  
      1.110392  4.474681  1.033308     0.042502    0.000000   -0.014342  
      3.513700  1.491560  4.177935     0.042489   -0.000001    0.014341  
      3.844885  4.474681  4.656194     0.000378   -0.000000    0.036141  
      1.292916  4.474681  6.244550    -0.042613   -0.000000   -0.014369  
      3.365039  4.474681  9.867437    -0.000352    0.000000    0.036016  
      1.441577  1.491560  0.555048     0.000376   -0.000000   -0.036130  
      0.961731  1.491560  5.766291    -0.000351    0.000000   -0.036004  
      3.449665  5.740044  1.759830    -0.020517   -0.059032   -0.039516  
 
  11 f  =   24.811803 THz   155.897159 2PiTHz  827.632676 cm-1   102.613328 meV
             X         Y         Z           dx          dy          dz
      0.000000  0.000000  0.000000     0.005838    0.018789   -0.005749  
      2.403308  0.000000  5.211243    -0.005837    0.018785   -0.005748  
      0.000000  2.983121  0.000000     0.005838   -0.018789   -0.005749  
      2.403308  2.983121  5.211243    -0.005837   -0.018785   -0.005748  
      2.429872  1.491560  2.349142    -0.005149    0.000004    0.001820  
      4.780051  1.491560  7.560384     0.005144    0.000004    0.001811  
      2.376743  4.474681  8.073343    -0.005145   -0.000004    0.001811  
      0.026564  4.474681  2.862101     0.005148   -0.000004    0.001822  
      2.724152  4.474681  0.947436    -0.000141   -0.000030    0.011202  
      2.082463  1.491560  9.475049    -0.000111    0.000030    0.011276  
      4.485771  4.474681  6.158678     0.000114   -0.000016    0.011268  
      0.320845  1.491560  4.263807     0.000140    0.000016    0.011206  
      3.760259  3.209318  6.971072     0.015112    0.064415   -0.031066  
      1.046357  2.756923  3.451413     0.015056    0.064275   -0.031012  
      3.449665  3.209318  1.759830    -0.015071    0.064311   -0.031030  
      3.760259  5.740044  6.971072     0.015102   -0.064389   -0.031052  
      1.356951  0.226197  8.662656    -0.015127   -0.064454   -0.031091  
      3.696224  1.491560  9.389177     0.049746   -0.000004   -0.004404  
      1.356951  2.756923  8.662656    -0.015105    0.064403   -0.031064  
      1.046357  0.226197  3.451413     0.015067   -0.064301   -0.031026  
      1.110392  4.474681  1.033308     0.049681    0.000005   -0.004418  
      3.513700  1.491560  4.177935    -0.049680   -0.000006   -0.004419  
      3.844885  4.474681  4.656194     0.006201    0.000003    0.044053  
      1.292916  4.474681  6.244550    -0.049726    0.000005   -0.004398  
      3.365039  4.474681  9.867437    -0.006206    0.000004    0.044075  
      1.441577  1.491560  0.555048    -0.006203   -0.000005    0.044074  
      0.961731  1.491560  5.766291     0.006204   -0.000002    0.044073  
      3.449665  5.740044  1.759830    -0.015050   -0.064259   -0.031003  
 
  12 f  =   24.655382 THz   154.914331 2PiTHz  822.415004 cm-1   101.966419 meV
             X         Y         Z           dx          dy          dz
      0.000000  0.000000  0.000000     0.004932    0.017261   -0.003529  
      2.403308  0.000000  5.211243     0.004933   -0.017265    0.003530  
      0.000000  2.983121  0.000000     0.004932   -0.017261   -0.003529  
      2.403308  2.983121  5.211243     0.004933    0.017265    0.003530  
      2.429872  1.491560  2.349142    -0.004663   -0.000002   -0.006578  
      4.780051  1.491560  7.560384    -0.004662   -0.000002    0.006586  
      2.376743  4.474681  8.073343    -0.004662    0.000002   -0.006586  
      0.026564  4.474681  2.862101    -0.004664    0.000002    0.006577  
      2.724152  4.474681  0.947436     0.004882   -0.000008    0.009746  
      2.082463  1.491560  9.475049     0.004853    0.000009    0.009670  
      4.485771  4.474681  6.158678     0.004857    0.000037   -0.009684  
      0.320845  1.491560  4.263807     0.004878   -0.000036   -0.009737  
      3.760259  3.209318  6.971072    -0.017845   -0.057542    0.034368  
      1.046357  2.756923  3.451413    -0.017858   -0.057617    0.034425  
      3.449665  3.209318  1.759830    -0.017874    0.057650   -0.034442  
      3.760259  5.740044  6.971072    -0.017818    0.057480    0.034332  
      1.356951  0.226197  8.662656    -0.017829   -0.057494   -0.034341  
      3.696224  1.491560  9.389177     0.047564    0.000001   -0.012375  
      1.356951  2.756923  8.662656    -0.017822    0.057481   -0.034337  
      1.046357  0.226197  3.451413    -0.017884    0.057678    0.034460  
      1.110392  4.474681  1.033308     0.047641   -0.000001   -0.012401  
      3.513700  1.491560  4.177935     0.047656    0.000003    0.012402  
      3.844885  4.474681  4.656194    -0.009518   -0.000004   -0.054232  
      1.292916  4.474681  6.244550     0.047571   -0.000003    0.012376  
      3.365039  4.474681  9.867437    -0.009515    0.000001    0.054305  
      1.441577  1.491560  0.555048    -0.009520   -0.000001    0.054233  
      0.961731  1.491560  5.766291    -0.009519    0.000004   -0.054324  
      3.449665  5.740044  1.759830    -0.017867   -0.057637   -0.034438  
 
  13 f  =   24.003784 THz   150.820223 2PiTHz  800.680048 cm-1    99.271629 meV
             X         Y         Z           dx          dy          dz
      0.000000  0.000000  0.000000    -0.000002    0.000003   -0.000003  
      2.403308  0.000000  5.211243    -0.000004    0.000009    0.000000  
      0.000000  2.983121  0.000000    -0.000005   -0.000003    0.000002  
      2.403308  2.983121  5.211243    -0.000006   -0.000009   -0.000005  
      2.429872  1.491560  2.349142    -0.000000   -0.008652    0.000000  
      4.780051  1.491560  7.560384     0.000001   -0.008654   -0.000001  
      2.376743  4.474681  8.073343    -0.000000    0.008654    0.000001  
      0.026564  4.474681  2.862101     0.000001    0.008652   -0.000002  
      2.724152  4.474681  0.947436     0.000004    0.061703    0.000001  
      2.082463  1.491560  9.475049     0.000005   -0.061733    0.000003  
      4.485771  4.474681  6.158678     0.000000    0.061738    0.000007  
      0.320845  1.491560  4.263807     0.000001   -0.061707    0.000006  
      3.760259  3.209318  6.971072    -0.021620   -0.053386    0.031148  
      1.046357  2.756923  3.451413     0.021624    0.053429   -0.031169  
      3.449665  3.209318  1.759830     0.021613   -0.053382    0.031146  
      3.760259  5.740044  6.971072     0.021638   -0.053460   -0.031189  
      1.356951  0.226197  8.662656     0.021624    0.053411    0.031163  
      3.696224  1.491560  9.389177     0.000010    0.010027   -0.000001  
      1.356951  2.756923  8.662656    -0.021630    0.053428   -0.031171  
      1.046357  0.226197  3.451413    -0.021609    0.053358    0.031131  
      1.110392  4.474681  1.033308     0.000008   -0.010026   -0.000000  
      3.513700  1.491560  4.177935    -0.000030    0.010025   -0.000005  
      3.844885  4.474681  4.656194     0.000005   -0.006805    0.000032  
      1.292916  4.474681  6.244550    -0.000032   -0.010027   -0.000006  
      3.365039  4.474681  9.867437    -0.000003   -0.006810    0.000008  
      1.441577  1.491560  0.555048    -0.000003    0.006804    0.000009  
      0.961731  1.491560  5.766291     0.000005    0.006810    0.000030  
      3.449665  5.740044  1.759830    -0.021616   -0.053396   -0.031149  
 
  14 f  =   23.791370 THz   149.485589 2PiTHz  793.594695 cm-1    98.393158 meV
             X         Y         Z           dx          dy          dz
      0.000000  0.000000  0.000000    -0.007175   -0.001400    0.012805  
      2.403308  0.000000  5.211243    -0.007175    0.001401   -0.012805  
      0.000000  2.983121  0.000000     0.007175   -0.001400   -0.012805  
      2.403308  2.983121  5.211243     0.007175    0.001400    0.012805  
      2.429872  1.491560  2.349142    -0.000000   -0.007981    0.000003  
      4.780051  1.491560  7.560384    -0.000000    0.007978   -0.000002  
      2.376743  4.474681  8.073343    -0.000000   -0.007977   -0.000003  
      0.026564  4.474681  2.862101     0.000000    0.007980    0.000002  
      2.724152  4.474681  0.947436    -0.000001    0.059422    0.000002  
      2.082463  1.491560  9.475049     0.000001    0.059411   -0.000002  
      4.485771  4.474681  6.158678    -0.000000   -0.059391   -0.000003  
      0.320845  1.491560  4.263807     0.000000   -0.059443    0.000004  
      3.760259  3.209318  6.971072     0.022499    0.054117   -0.033213  
      1.046357  2.756923  3.451413     0.022522    0.054172   -0.033251  
      3.449665  3.209318  1.759830     0.022509   -0.054142    0.033231  
      3.760259  5.740044  6.971072    -0.022503    0.054123    0.033221  
      1.356951  0.226197  8.662656    -0.022508   -0.054132   -0.033224  
      3.696224  1.491560  9.389177    -0.000007   -0.007322    0.000003  
      1.356951  2.756923  8.662656     0.022511   -0.054144    0.033233  
      1.046357  0.226197  3.451413    -0.022518    0.054164    0.033243  
      1.110392  4.474681  1.033308     0.000007   -0.007329   -0.000002  
      3.513700  1.491560  4.177935    -0.000004    0.007328   -0.000002  
      3.844885  4.474681  4.656194     0.000001   -0.003889   -0.000004  
      1.292916  4.474681  6.244550     0.000004    0.007323    0.000002  
      3.365039  4.474681  9.867437    -0.000000    0.003884    0.000008  
      1.441577  1.491560  0.555048     0.000000    0.003888   -0.000008  
      0.961731  1.491560  5.766291    -0.000001   -0.003883    0.000004  
      3.449665  5.740044  1.759830    -0.022512   -0.054156   -0.033240  
 
  15 f  =   23.670326 THz   148.725044 2PiTHz  789.557085 cm-1    97.892558 meV
             X         Y         Z           dx          dy          dz
      0.000000  0.000000  0.000000     0.000004    0.000005    0.000002  
      2.403308  0.000000  5.211243    -0.000007   -0.000008   -0.000006  
      0.000000  2.983121  0.000000     0.000004   -0.000005    0.000002  
      2.403308  2.983121  5.211243    -0.000002    0.000009    0.000003  
      2.429872  1.491560  2.349142    -0.000005    0.001822   -0.000002  
      4.780051  1.491560  7.560384     0.000001   -0.001825    0.000004  
      2.376743  4.474681  8.073343    -0.000005   -0.001827   -0.000002  
      0.026564  4.474681  2.862101     0.000001    0.001825    0.000003  
      2.724152  4.474681  0.947436    -0.000001    0.059156    0.000002  
      2.082463  1.491560  9.475049    -0.000002   -0.059175   -0.000000  
      4.485771  4.474681  6.158678     0.000004   -0.059190    0.000000  
      0.320845  1.491560  4.263807     0.000006    0.059131   -0.000001  
      3.760259  3.209318  6.971072     0.025750    0.054863   -0.032621  
      1.046357  2.756923  3.451413    -0.025726   -0.054806    0.032595  
      3.449665  3.209318  1.759830     0.025724   -0.054798    0.032584  
      3.760259  5.740044  6.971072    -0.025756    0.054862    0.032631  
      1.356951  0.226197  8.662656     0.025743    0.054825    0.032603  
      3.696224  1.491560  9.389177     0.000018   -0.000483   -0.000004  
      1.356951  2.756923  8.662656    -0.025752    0.054872   -0.032629  
      1.046357  0.226197  3.451413     0.025716   -0.054800   -0.032578  
      1.110392  4.474681  1.033308     0.000020    0.000477   -0.000005  
      3.513700  1.491560  4.177935     0.000026    0.000480    0.000012  
      3.844885  4.474681  4.656194    -0.000012    0.002528   -0.000027  
      1.292916  4.474681  6.244550     0.000023   -0.000481    0.000010  
      3.365039  4.474681  9.867437    -0.000006   -0.002533    0.000033  
      1.441577  1.491560  0.555048    -0.000006    0.002531    0.000032  
      0.961731  1.491560  5.766291    -0.000012   -0.002534   -0.000031  
      3.449665  5.740044  1.759830    -0.025737   -0.054852   -0.032616  
 
  16 f  =   23.485267 THz   147.562287 2PiTHz  783.384196 cm-1    97.127218 meV
             X         Y         Z           dx          dy          dz
      0.000000  0.000000  0.000000    -0.006135   -0.001560    0.007559  
      2.403308  0.000000  5.211243     0.006134   -0.001560    0.007559  
      0.000000  2.983121  0.000000     0.006135   -0.001560   -0.007559  
      2.403308  2.983121  5.211243    -0.006134   -0.001560   -0.007559  
      2.429872  1.491560  2.349142     0.000001    0.002253    0.000003  
      4.780051  1.491560  7.560384     0.000001    0.002250   -0.000002  
      2.376743  4.474681  8.073343    -0.000001    0.002250   -0.000002  
      0.026564  4.474681  2.862101    -0.000001    0.002253    0.000002  
      2.724152  4.474681  0.947436    -0.000000    0.056750    0.000005  
      2.082463  1.491560  9.475049     0.000000    0.056708   -0.000005  
      4.485771  4.474681  6.158678    -0.000000    0.056707   -0.000003  
      0.320845  1.491560  4.263807     0.000000    0.056750    0.000003  
      3.760259  3.209318  6.971072    -0.026574   -0.055394    0.034280  
      1.046357  2.756923  3.451413    -0.026585   -0.055417    0.034293  
      3.449665  3.209318  1.759830     0.026585   -0.055417    0.034294  
      3.760259  5.740044  6.971072     0.026570   -0.055373   -0.034267  
      1.356951  0.226197  8.662656    -0.026570   -0.055372   -0.034267  
      3.696224  1.491560  9.389177    -0.000014    0.002774    0.000003  
      1.356951  2.756923  8.662656     0.026575   -0.055395    0.034281  
      1.046357  0.226197  3.451413     0.026589   -0.055438   -0.034307  
      1.110392  4.474681  1.033308     0.000014    0.002774   -0.000003  
      3.513700  1.491560  4.177935    -0.000015    0.002774   -0.000003  
      3.844885  4.474681  4.656194    -0.000000    0.002802   -0.000013  
      1.292916  4.474681  6.244550     0.000014    0.002775    0.000003  
      3.365039  4.474681  9.867437     0.000001    0.002800    0.000012  
      1.441577  1.491560  0.555048    -0.000001    0.002802   -0.000012  
      0.961731  1.491560  5.766291     0.000000    0.002800    0.000013  
      3.449665  5.740044  1.759830    -0.026590   -0.055439   -0.034307  
 
  17 f  =   19.332895 THz   121.472164 2PiTHz  644.875974 cm-1    79.954395 meV
             X         Y         Z           dx          dy          dz
      0.000000  0.000000  0.000000     0.000009    0.000001   -0.000009  
      2.403308  0.000000  5.211243    -0.000004   -0.000006   -0.000005  
      0.000000  2.983121  0.000000     0.000004   -0.000003   -0.000005  
      2.403308  2.983121  5.211243     0.000001    0.000002   -0.000003  
      2.429872  1.491560  2.349142     0.008870   -0.000000    0.013102  
      4.780051  1.491560  7.560384     0.008872   -0.000000   -0.013101  
      2.376743  4.474681  8.073343    -0.008873    0.000000   -0.013103  
      0.026564  4.474681  2.862101    -0.008871   -0.000000    0.013103  
      2.724152  4.474681  0.947436     0.032465   -0.000003    0.015548  
      2.082463  1.491560  9.475049    -0.032490   -0.000005   -0.015549  
      4.485771  4.474681  6.158678     0.032485   -0.000002   -0.015547  
      0.320845  1.491560  4.263807    -0.032470   -0.000003    0.015549  
      3.760259  3.209318  6.971072    -0.042879    0.053204    0.020504  
      1.046357  2.756923  3.451413     0.042858   -0.053210   -0.020490  
      3.449665  3.209318  1.759830    -0.042857   -0.053210   -0.020492  
      3.760259  5.740044  6.971072    -0.042875   -0.053203    0.020495  
      1.356951  0.226197  8.662656     0.042880   -0.053207    0.020497  
      3.696224  1.491560  9.389177    -0.018483    0.000000    0.036529  
      1.356951  2.756923  8.662656     0.042880    0.053206    0.020502  
      1.046357  0.226197  3.451413     0.042862    0.053212   -0.020498  
      1.110392  4.474681  1.033308     0.018454   -0.000000   -0.036513  
      3.513700  1.491560  4.177935    -0.018457   -0.000003   -0.036513  
      3.844885  4.474681  4.656194    -0.025437    0.000010   -0.012091  
      1.292916  4.474681  6.244550     0.018481   -0.000003    0.036529  
      3.365039  4.474681  9.867437    -0.025436    0.000006    0.012066  
      1.441577  1.491560  0.555048     0.025445    0.000007   -0.012086  
      0.961731  1.491560  5.766291     0.025443    0.000010    0.012061  
      3.449665  5.740044  1.759830    -0.042858    0.053208   -0.020497  
 
  18 f  =   18.860163 THz   118.501898 2PiTHz  629.107317 cm-1    77.999331 meV
             X         Y         Z           dx          dy          dz
      0.000000  0.000000  0.000000     0.035137    0.017182   -0.017469  
      2.403308  0.000000  5.211243    -0.035138    0.017182   -0.017469  
      0.000000  2.983121  0.000000     0.035137   -0.017182   -0.017469  
      2.403308  2.983121  5.211243    -0.035138   -0.017182   -0.017469  
      2.429872  1.491560  2.349142    -0.016523   -0.000003    0.002326  
      4.780051  1.491560  7.560384     0.016521   -0.000002    0.002377  
      2.376743  4.474681  8.073343    -0.016521    0.000003    0.002377  
      0.026564  4.474681  2.862101     0.016524    0.000002    0.002326  
      2.724152  4.474681  0.947436    -0.039433   -0.000001   -0.021347  
      2.082463  1.491560  9.475049    -0.039445    0.000001   -0.021313  
      4.485771  4.474681  6.158678     0.039445    0.000012   -0.021313  
      0.320845  1.491560  4.263807     0.039433   -0.000011   -0.021347  
      3.760259  3.209318  6.971072    -0.055326    0.030453    0.005780  
      1.046357  2.756923  3.451413    -0.055266    0.030512    0.005823  
      3.449665  3.209318  1.759830     0.055264    0.030514    0.005819  
      3.760259  5.740044  6.971072    -0.055328   -0.030458    0.005778  
      1.356951  0.226197  8.662656     0.055326   -0.030461    0.005775  
      3.696224  1.491560  9.389177    -0.042617    0.000004    0.020404  
      1.356951  2.756923  8.662656     0.055328    0.030451    0.005784  
      1.046357  0.226197  3.451413    -0.055264   -0.030507    0.005825  
      1.110392  4.474681  1.033308    -0.042567   -0.000004    0.020466  
      3.513700  1.491560  4.177935     0.042567    0.000002    0.020466  
      3.844885  4.474681  4.656194    -0.013995   -0.000003    0.006499  
      1.292916  4.474681  6.244550     0.042618   -0.000001    0.020404  
      3.365039  4.474681  9.867437     0.013935   -0.000004    0.006443  
      1.441577  1.491560  0.555048     0.013994    0.000005    0.006498  
      0.961731  1.491560  5.766291    -0.013935    0.000003    0.006443  
      3.449665  5.740044  1.759830     0.055267   -0.030505    0.005828  
 
  19 f  =   17.761047 THz   111.595951 2PiTHz  592.444764 cm-1    73.453756 meV
             X         Y         Z           dx          dy          dz
      0.000000  0.000000  0.000000     0.048809    0.039185   -0.029688  
      2.403308  0.000000  5.211243     0.048809   -0.039185    0.029688  
      0.000000  2.983121  0.000000     0.048809   -0.039185   -0.029688  
      2.403308  2.983121  5.211243     0.048809    0.039185    0.029688  
      2.429872  1.491560  2.349142    -0.006227    0.000003   -0.006690  
      4.780051  1.491560  7.560384    -0.006228    0.000003    0.006684  
      2.376743  4.474681  8.073343    -0.006228   -0.000002   -0.006688  
      0.026564  4.474681  2.862101    -0.006227   -0.000003    0.006694  
      2.724152  4.474681  0.947436    -0.044721    0.000007    0.005066  
      2.082463  1.491560  9.475049    -0.044766   -0.000007    0.005043  
      4.485771  4.474681  6.158678    -0.044771   -0.000006   -0.005043  
      0.320845  1.491560  4.263807    -0.044715    0.000007   -0.005067  
      3.760259  3.209318  6.971072     0.036012   -0.023128    0.005857  
      1.046357  2.756923  3.451413     0.035947   -0.023060    0.005861  
      3.449665  3.209318  1.759830     0.035957    0.023058   -0.005859  
      3.760259  5.740044  6.971072     0.036013    0.023121    0.005853  
      1.356951  0.226197  8.662656     0.035999   -0.023121   -0.005854  
      3.696224  1.491560  9.389177    -0.049068   -0.000001    0.024341  
      1.356951  2.756923  8.662656     0.036002    0.023131   -0.005859  
      1.046357  0.226197  3.451413     0.035945    0.023067    0.005865  
      1.110392  4.474681  1.033308    -0.049030    0.000001    0.024316  
      3.513700  1.491560  4.177935    -0.049021   -0.000000   -0.024318  
      3.844885  4.474681  4.656194     0.051717    0.000004   -0.018318  
      1.292916  4.474681  6.244550    -0.049076    0.000000   -0.024339  
      3.365039  4.474681  9.867437     0.051668    0.000001    0.018306  
      1.441577  1.491560  0.555048     0.051706   -0.000001    0.018315  
      0.961731  1.491560  5.766291     0.051656   -0.000004   -0.018303  
      3.449665  5.740044  1.759830     0.035960   -0.023068   -0.005864  
 
  20 f  =   17.346598 THz   108.991892 2PiTHz  578.620238 cm-1    71.739734 meV
             X         Y         Z           dx          dy          dz
      0.000000  0.000000  0.000000     0.000034    0.000016   -0.000019  
      2.403308  0.000000  5.211243    -0.000048    0.000033   -0.000027  
      0.000000  2.983121  0.000000     0.000046   -0.000034   -0.000030  
      2.403308  2.983121  5.211243    -0.000051   -0.000047   -0.000033  
      2.429872  1.491560  2.349142    -0.001386   -0.000005    0.030993  
      4.780051  1.491560  7.560384    -0.001357   -0.000003   -0.030994  
      2.376743  4.474681  8.073343     0.001358   -0.000004   -0.030990  
      0.026564  4.474681  2.862101     0.001388   -0.000002    0.030990  
      2.724152  4.474681  0.947436    -0.028589    0.000004    0.020533  
      2.082463  1.491560  9.475049     0.028526    0.000003   -0.020567  
      4.485771  4.474681  6.158678    -0.028525    0.000002   -0.020557  
      0.320845  1.491560  4.263807     0.028599    0.000001    0.020537  
      3.760259  3.209318  6.971072     0.037555    0.022666    0.023269  
      1.046357  2.756923  3.451413    -0.037652   -0.022668   -0.023246  
      3.449665  3.209318  1.759830     0.037631   -0.022671   -0.023254  
      3.760259  5.740044  6.971072     0.037569   -0.022657    0.023261  
      1.356951  0.226197  8.662656    -0.037562   -0.022669    0.023275  
      3.696224  1.491560  9.389177     0.036493   -0.000003    0.033124  
      1.356951  2.756923  8.662656    -0.037564    0.022674    0.023266  
      1.046357  0.226197  3.451413    -0.037637    0.022677   -0.023256  
      1.110392  4.474681  1.033308    -0.036604   -0.000004   -0.033086  
      3.513700  1.491560  4.177935     0.036617   -0.000004   -0.033082  
      3.844885  4.474681  4.656194     0.045346    0.000009   -0.036336  
      1.292916  4.474681  6.244550    -0.036487   -0.000005    0.033122  
      3.365039  4.474681  9.867437     0.045386    0.000001    0.036334  
      1.441577  1.491560  0.555048    -0.045350    0.000003   -0.036341  
      0.961731  1.491560  5.766291    -0.045399    0.000010    0.036340  
      3.449665  5.740044  1.759830     0.037635    0.022677   -0.023243  
 
  21 f  =   17.251037 THz   108.391463 2PiTHz  575.432656 cm-1    71.344524 meV
             X         Y         Z           dx          dy          dz
      0.000000  0.000000  0.000000    -0.000034   -0.000022    0.000024  
      2.403308  0.000000  5.211243    -0.000034    0.000022   -0.000023  
      0.000000  2.983121  0.000000    -0.000033    0.000022    0.000023  
      2.403308  2.983121  5.211243    -0.000034   -0.000022   -0.000023  
      2.429872  1.491560  2.349142     0.001596    0.000000   -0.005747  
      4.780051  1.491560  7.560384    -0.001589   -0.000000   -0.005749  
      2.376743  4.474681  8.073343    -0.001589    0.000000    0.005752  
      0.026564  4.474681  2.862101     0.001596   -0.000000    0.005742  
      2.724152  4.474681  0.947436     0.041086    0.000000    0.017938  
      2.082463  1.491560  9.475049    -0.041032    0.000002   -0.017948  
      4.485771  4.474681  6.158678    -0.041029    0.000000    0.017951  
      0.320845  1.491560  4.263807     0.041082   -0.000001   -0.017940  
      3.760259  3.209318  6.971072     0.044547   -0.045286   -0.007457  
      1.046357  2.756923  3.451413    -0.044579    0.045311    0.007453  
      3.449665  3.209318  1.759830    -0.044583   -0.045309   -0.007451  
      3.760259  5.740044  6.971072     0.044546    0.045287   -0.007456  
      1.356951  0.226197  8.662656     0.044551   -0.045284    0.007454  
      3.696224  1.491560  9.389177    -0.037518   -0.000001    0.023087  
      1.356951  2.756923  8.662656     0.044552    0.045282    0.007454  
      1.046357  0.226197  3.451413    -0.044580   -0.045310    0.007454  
      1.110392  4.474681  1.033308     0.037585    0.000000   -0.023141  
      3.513700  1.491560  4.177935     0.037582   -0.000001    0.023145  
      3.844885  4.474681  4.656194     0.042370    0.000001   -0.008426  
      1.292916  4.474681  6.244550    -0.037513   -0.000001   -0.023091  
      3.365039  4.474681  9.867437    -0.042448   -0.000000   -0.008445  
      1.441577  1.491560  0.555048     0.042376    0.000000    0.008431  
      0.961731  1.491560  5.766291    -0.042443    0.000001    0.008441  
      3.449665  5.740044  1.759830    -0.044585    0.045308   -0.007450  
 
  22 f  =   16.859147 THz   105.929147 2PiTHz  562.360622 cm-1    69.723799 meV
             X         Y         Z           dx          dy          dz
      0.000000  0.000000  0.000000     0.048796    0.029932   -0.000230  
      2.403308  0.000000  5.211243    -0.048797    0.029932   -0.000230  
      0.000000  2.983121  0.000000     0.048797   -0.029932   -0.000230  
      2.403308  2.983121  5.211243    -0.048797   -0.029932   -0.000230  
      2.429872  1.491560  2.349142    -0.012048    0.000001   -0.016439  
      4.780051  1.491560  7.560384     0.012051    0.000004   -0.016424  
      2.376743  4.474681  8.073343    -0.012052   -0.000001   -0.016425  
      0.026564  4.474681  2.862101     0.012048   -0.000004   -0.016439  
      2.724152  4.474681  0.947436    -0.014738    0.000004    0.036420  
      2.082463  1.491560  9.475049    -0.014742   -0.000004    0.036418  
      4.485771  4.474681  6.158678     0.014742   -0.000010    0.036419  
      0.320845  1.491560  4.263807     0.014738    0.000010    0.036420  
      3.760259  3.209318  6.971072     0.010107   -0.029940   -0.030697  
      1.046357  2.756923  3.451413     0.010127   -0.029915   -0.030705  
      3.449665  3.209318  1.759830    -0.010127   -0.029917   -0.030699  
      3.760259  5.740044  6.971072     0.010110    0.029931   -0.030714  
      1.356951  0.226197  8.662656    -0.010111    0.029934   -0.030708  
      3.696224  1.491560  9.389177    -0.030627    0.000004   -0.007820  
      1.356951  2.756923  8.662656    -0.010107   -0.029937   -0.030702  
      1.046357  0.226197  3.451413     0.010124    0.029924   -0.030687  
      1.110392  4.474681  1.033308    -0.030596   -0.000004   -0.007813  
      3.513700  1.491560  4.177935     0.030595   -0.000008   -0.007814  
      3.844885  4.474681  4.656194    -0.052733    0.000011    0.051531  
      1.292916  4.474681  6.244550     0.030628    0.000008   -0.007820  
      3.365039  4.474681  9.867437     0.052699   -0.000005    0.051521  
      1.441577  1.491560  0.555048     0.052732    0.000004    0.051530  
      0.961731  1.491560  5.766291    -0.052698   -0.000010    0.051520  
      3.449665  5.740044  1.759830    -0.010124    0.029920   -0.030693  
 
  23 f  =   15.957024 THz   100.260936 2PiTHz  532.269011 cm-1    65.992917 meV
             X         Y         Z           dx          dy          dz
      0.000000  0.000000  0.000000     0.000034    0.000062    0.000008  
      2.403308  0.000000  5.211243     0.000034   -0.000060   -0.000008  
      0.000000  2.983121  0.000000     0.000032   -0.000060    0.000010  
      2.403308  2.983121  5.211243     0.000034    0.000062   -0.000010  
      2.429872  1.491560  2.349142     0.008235    0.000001    0.015846  
      4.780051  1.491560  7.560384    -0.008242   -0.000001    0.015904  
      2.376743  4.474681  8.073343    -0.008242    0.000001   -0.015904  
      0.026564  4.474681  2.862101     0.008235   -0.000001   -0.015846  
      2.724152  4.474681  0.947436    -0.017688   -0.000001    0.038455  
      2.082463  1.491560  9.475049     0.017700   -0.000001   -0.038351  
      4.485771  4.474681  6.158678     0.017700    0.000001    0.038352  
      0.320845  1.491560  4.263807    -0.017688    0.000000   -0.038455  
      3.760259  3.209318  6.971072    -0.016965   -0.038942   -0.029068  
      1.046357  2.756923  3.451413     0.016921    0.039097    0.029140  
      3.449665  3.209318  1.759830     0.016920   -0.039096   -0.029140  
      3.760259  5.740044  6.971072    -0.016969    0.038941   -0.029066  
      1.356951  0.226197  8.662656    -0.016969   -0.038941    0.029066  
      3.696224  1.491560  9.389177     0.026044    0.000002    0.037380  
      1.356951  2.756923  8.662656    -0.016964    0.038942    0.029070  
      1.046357  0.226197  3.451413     0.016916   -0.039098    0.029144  
      1.110392  4.474681  1.033308    -0.026055    0.000002   -0.037468  
      3.513700  1.491560  4.177935    -0.026056   -0.000003    0.037467  
      3.844885  4.474681  4.656194    -0.038139    0.000001    0.052255  
      1.292916  4.474681  6.244550     0.026043   -0.000003   -0.037382  
      3.365039  4.474681  9.867437     0.038218   -0.000000    0.052391  
      1.441577  1.491560  0.555048    -0.038140    0.000001   -0.052256  
      0.961731  1.491560  5.766291     0.038220    0.000000   -0.052392  
      3.449665  5.740044  1.759830     0.016917    0.039097   -0.029142  
 
  24 f  =   15.902971 THz    99.921316 2PiTHz  530.466027 cm-1    65.769375 meV
             X         Y         Z           dx          dy          dz
      0.000000  0.000000  0.000000     0.016924    0.035999    0.001715  
      2.403308  0.000000  5.211243     0.016925   -0.036007   -0.001710  
      0.000000  2.983121  0.000000     0.016909   -0.035991    0.001733  
      2.403308  2.983121  5.211243     0.016910    0.035998   -0.001727  
      2.429872  1.491560  2.349142    -0.001768    0.018947   -0.015940  
      4.780051  1.491560  7.560384    -0.001750    0.018931    0.015904  
      2.376743  4.474681  8.073343    -0.001750   -0.018930   -0.015907  
      0.026564  4.474681  2.862101    -0.001770   -0.018948    0.015942  
      2.724152  4.474681  0.947436     0.003173   -0.022479    0.026641  
      2.082463  1.491560  9.475049     0.003133    0.022463    0.026722  
      4.485771  4.474681  6.158678     0.003135   -0.022456   -0.026733  
      0.320845  1.491560  4.263807     0.003179    0.022471   -0.026644  
      3.760259  3.209318  6.971072    -0.023163    0.028961    0.048265  
      1.046357  2.756923  3.451413    -0.003715    0.051386   -0.011186  
      3.449665  3.209318  1.759830    -0.003704   -0.051384    0.011183  
      3.760259  5.740044  6.971072    -0.003660   -0.051460   -0.011106  
      1.356951  0.226197  8.662656    -0.003664    0.051453    0.011105  
      3.696224  1.491560  9.389177    -0.002348   -0.030106   -0.020415  
      1.356951  2.756923  8.662656    -0.023163   -0.028956   -0.048253  
      1.046357  0.226197  3.451413    -0.023191   -0.028855    0.048212  
      1.110392  4.474681  1.033308    -0.002292    0.030118   -0.020343  
      3.513700  1.491560  4.177935    -0.002284   -0.030120    0.020343  
      3.844885  4.474681  4.656194     0.021215    0.040768   -0.033658  
      1.292916  4.474681  6.244550    -0.002349    0.030112    0.020426  
      3.365039  4.474681  9.867437     0.021128    0.040780    0.033541  
      1.441577  1.491560  0.555048     0.021210   -0.040763    0.033654  
      0.961731  1.491560  5.766291     0.021127   -0.040784   -0.033541  
      3.449665  5.740044  1.759830    -0.023175    0.028854   -0.048203  
 
  25 f  =   15.902625 THz    99.919140 2PiTHz  530.454475 cm-1    65.767943 meV
             X         Y         Z           dx          dy          dz
      0.000000  0.000000  0.000000    -0.014591   -0.031069   -0.001495  
      2.403308  0.000000  5.211243    -0.014589    0.031061    0.001501  
      0.000000  2.983121  0.000000    -0.014609    0.031078   -0.001473  
      2.403308  2.983121  5.211243    -0.014607   -0.031070    0.001480  
      2.429872  1.491560  2.349142     0.001529    0.021954    0.013756  
      4.780051  1.491560  7.560384     0.001511    0.021933   -0.013726  
      2.376743  4.474681  8.073343     0.001513   -0.021934    0.013726  
      0.026564  4.474681  2.862101     0.001528   -0.021953   -0.013758  
      2.724152  4.474681  0.947436    -0.002742   -0.026038   -0.023000  
      2.082463  1.491560  9.475049    -0.002707    0.026018   -0.023070  
      4.485771  4.474681  6.158678    -0.002701   -0.026026    0.023066  
      0.320845  1.491560  4.263807    -0.002738    0.026044    0.022989  
      3.760259  3.209318  6.971072     0.000261   -0.047724    0.018367  
      1.046357  2.756923  3.451413     0.022883   -0.021568   -0.050381  
      3.449665  3.209318  1.759830     0.022886    0.021572    0.050393  
      3.760259  5.740044  6.971072     0.022864    0.021662   -0.050422  
      1.356951  0.226197  8.662656     0.022878   -0.021666    0.050432  
      3.696224  1.491560  9.389177     0.002030   -0.034892    0.017628  
      1.356951  2.756923  8.662656     0.000272    0.047729   -0.018368  
      1.046357  0.226197  3.451413     0.000311    0.047667    0.018440  
      1.110392  4.474681  1.033308     0.001980    0.034905    0.017564  
      3.513700  1.491560  4.177935     0.001981   -0.034899   -0.017557  
      3.844885  4.474681  4.656194    -0.018305    0.047240    0.029048  
      1.292916  4.474681  6.244550     0.002035    0.034889   -0.017626  
      3.365039  4.474681  9.867437    -0.018234    0.047263   -0.028951  
      1.441577  1.491560  0.555048    -0.018307   -0.047243   -0.029050  
      0.961731  1.491560  5.766291    -0.018230   -0.047259    0.028948  
      3.449665  5.740044  1.759830     0.000310   -0.047673   -0.018439  
 
  26 f  =   15.396821 THz    96.741077 2PiTHz  513.582651 cm-1    63.676105 meV
             X         Y         Z           dx          dy          dz
      0.000000  0.000000  0.000000     0.000014   -0.000005    0.000000  
      2.403308  0.000000  5.211243    -0.000008    0.000002   -0.000000  
      0.000000  2.983121  0.000000     0.000012    0.000012    0.000004  
      2.403308  2.983121  5.211243     0.000003    0.000009    0.000012  
      2.429872  1.491560  2.349142     0.000001    0.005503   -0.000005  
      4.780051  1.491560  7.560384     0.000004   -0.005498   -0.000005  
      2.376743  4.474681  8.073343     0.000000   -0.005502   -0.000005  
      0.026564  4.474681  2.862101     0.000003    0.005507   -0.000005  
      2.724152  4.474681  0.947436    -0.000002   -0.042430    0.000005  
      2.082463  1.491560  9.475049    -0.000001    0.042426    0.000003  
      4.485771  4.474681  6.158678    -0.000005    0.042422    0.000011  
      0.320845  1.491560  4.263807    -0.000004   -0.042433    0.000012  
      3.760259  3.209318  6.971072     0.023322    0.003209   -0.045519  
      1.046357  2.756923  3.451413    -0.023314   -0.003218    0.045525  
      3.449665  3.209318  1.759830     0.023308   -0.003224    0.045515  
      3.760259  5.740044  6.971072    -0.023332    0.003206    0.045516  
      1.356951  0.226197  8.662656     0.023323    0.003214    0.045515  
      3.696224  1.491560  9.389177    -0.000009   -0.051930    0.000007  
      1.356951  2.756923  8.662656    -0.023329    0.003204   -0.045528  
      1.046357  0.226197  3.451413     0.023307   -0.003218   -0.045529  
      1.110392  4.474681  1.033308    -0.000010    0.051936    0.000013  
      3.513700  1.491560  4.177935     0.000003    0.051935   -0.000004  
      3.844885  4.474681  4.656194     0.000004   -0.066555    0.000004  
      1.292916  4.474681  6.244550     0.000004   -0.051929   -0.000009  
      3.365039  4.474681  9.867437     0.000014    0.066563    0.000008  
      1.441577  1.491560  0.555048     0.000011   -0.066560    0.000005  
      0.961731  1.491560  5.766291     0.000002    0.066568    0.000005  
      3.449665  5.740044  1.759830    -0.023317   -0.003209   -0.045530  
 
  27 f  =   14.762237 THz    92.753871 2PiTHz  492.415226 cm-1    61.051680 meV
             X         Y         Z           dx          dy          dz
      0.000000  0.000000  0.000000     0.045248    0.026159   -0.048830  
      2.403308  0.000000  5.211243     0.045248   -0.026158    0.048830  
      0.000000  2.983121  0.000000    -0.045248    0.026158    0.048830  
      2.403308  2.983121  5.211243    -0.045248   -0.026158   -0.048830  
      2.429872  1.491560  2.349142    -0.000000    0.039538   -0.000000  
      4.780051  1.491560  7.560384    -0.000000   -0.039561   -0.000002  
      2.376743  4.474681  8.073343     0.000001    0.039560   -0.000000  
      0.026564  4.474681  2.862101    -0.000000   -0.039536    0.000002  
      2.724152  4.474681  0.947436    -0.000002   -0.037001   -0.000001  
      2.082463  1.491560  9.475049     0.000003   -0.037025    0.000002  
      4.485771  4.474681  6.158678    -0.000003    0.037029   -0.000000  
      0.320845  1.491560  4.263807     0.000003    0.036996    0.000001  
      3.760259  3.209318  6.971072    -0.013363    0.031031   -0.037375  
      1.046357  2.756923  3.451413    -0.013352    0.031009   -0.037340  
      3.449665  3.209318  1.759830    -0.013352   -0.031013    0.037343  
      3.760259  5.740044  6.971072     0.013363    0.031027    0.037379  
      1.356951  0.226197  8.662656     0.013364   -0.031028   -0.037372  
      3.696224  1.491560  9.389177     0.000004    0.024448   -0.000001  
      1.356951  2.756923  8.662656    -0.013362   -0.031027    0.037372  
      1.046357  0.226197  3.451413     0.013349    0.031011    0.037337  
      1.110392  4.474681  1.033308    -0.000003    0.024431    0.000001  
      3.513700  1.491560  4.177935     0.000004   -0.024424   -0.000001  
      3.844885  4.474681  4.656194     0.000003   -0.030263   -0.000002  
      1.292916  4.474681  6.244550    -0.000004   -0.024454   -0.000001  
      3.365039  4.474681  9.867437     0.000002    0.030222    0.000000  
      1.441577  1.491560  0.555048    -0.000002    0.030257    0.000001  
      0.961731  1.491560  5.766291    -0.000002   -0.030216    0.000002  
      3.449665  5.740044  1.759830     0.013351   -0.031011   -0.037343  
 
  28 f  =   14.154728 THz    88.936781 2PiTHz  472.150914 cm-1    58.539226 meV
             X         Y         Z           dx          dy          dz
      0.000000  0.000000  0.000000     0.015854   -0.036496   -0.023789  
      2.403308  0.000000  5.211243    -0.015854   -0.036494   -0.023789  
      0.000000  2.983121  0.000000     0.015854    0.036496   -0.023789  
      2.403308  2.983121  5.211243    -0.015855    0.036494   -0.023791  
      2.429872  1.491560  2.349142    -0.016827    0.000001    0.020232  
      4.780051  1.491560  7.560384     0.016825    0.000003    0.020231  
      2.376743  4.474681  8.073343    -0.016825    0.000000    0.020231  
      0.026564  4.474681  2.862101     0.016827   -0.000004    0.020231  
      2.724152  4.474681  0.947436    -0.008446   -0.000002   -0.030478  
      2.082463  1.491560  9.475049    -0.008452    0.000002   -0.030471  
      4.485771  4.474681  6.158678     0.008452    0.000007   -0.030471  
      0.320845  1.491560  4.263807     0.008445   -0.000006   -0.030478  
      3.760259  3.209318  6.971072     0.041175   -0.000938   -0.020171  
      1.046357  2.756923  3.451413     0.041146   -0.000922   -0.020184  
      3.449665  3.209318  1.759830    -0.041155   -0.000931   -0.020183  
      3.760259  5.740044  6.971072     0.041152    0.000922   -0.020177  
      1.356951  0.226197  8.662656    -0.041162    0.000928   -0.020177  
      3.696224  1.491560  9.389177    -0.006963    0.000001    0.071538  
      1.356951  2.756923  8.662656    -0.041163   -0.000929   -0.020171  
      1.046357  0.226197  3.451413     0.041170    0.000939   -0.020175  
      1.110392  4.474681  1.033308    -0.006956    0.000001    0.071565  
      3.513700  1.491560  4.177935     0.006955    0.000000    0.071566  
      3.844885  4.474681  4.656194    -0.032093    0.000001   -0.024085  
      1.292916  4.474681  6.244550     0.006963   -0.000002    0.071538  
      3.365039  4.474681  9.867437     0.032082   -0.000004   -0.024100  
      1.441577  1.491560  0.555048     0.032091    0.000002   -0.024086  
      0.961731  1.491560  5.766291    -0.032081    0.000000   -0.024101  
      3.449665  5.740044  1.759830    -0.041160    0.000931   -0.020178  
 
  29 f  =   13.825439 THz    86.867798 2PiTHz  461.167019 cm-1    57.177397 meV
             X         Y         Z           dx          dy          dz
      0.000000  0.000000  0.000000     0.007637   -0.042022   -0.016990  
      2.403308  0.000000  5.211243     0.007637    0.042022    0.016990  
      0.000000  2.983121  0.000000     0.007636    0.042021   -0.016991  
      2.403308  2.983121  5.211243     0.007637   -0.042021    0.016991  
      2.429872  1.491560  2.349142     0.012439   -0.000002    0.006473  
      4.780051  1.491560  7.560384     0.012448   -0.000006   -0.006474  
      2.376743  4.474681  8.073343     0.012449    0.000001    0.006475  
      0.026564  4.474681  2.862101     0.012441    0.000006   -0.006474  
      2.724152  4.474681  0.947436     0.000061    0.000011   -0.005591  
      2.082463  1.491560  9.475049     0.000045   -0.000013   -0.005603  
      4.485771  4.474681  6.158678     0.000042   -0.000004    0.005605  
      0.320845  1.491560  4.263807     0.000064    0.000004    0.005589  
      3.760259  3.209318  6.971072    -0.046749    0.004209    0.012393  
      1.046357  2.756923  3.451413    -0.046697    0.004195    0.012396  
      3.449665  3.209318  1.759830    -0.046725   -0.004204   -0.012399  
      3.760259  5.740044  6.971072    -0.046724   -0.004189    0.012390  
      1.356951  0.226197  8.662656    -0.046737    0.004198   -0.012393  
      3.696224  1.491560  9.389177     0.006604    0.000011    0.083567  
      1.356951  2.756923  8.662656    -0.046717   -0.004198   -0.012390  
      1.046357  0.226197  3.451413    -0.046728   -0.004218    0.012399  
      1.110392  4.474681  1.033308     0.006622   -0.000008    0.083558  
      3.513700  1.491560  4.177935     0.006624    0.000003   -0.083546  
      3.844885  4.474681  4.656194     0.048412    0.000004    0.003736  
      1.292916  4.474681  6.244550     0.006602   -0.000003   -0.083579  
      3.365039  4.474681  9.867437     0.048387   -0.000007   -0.003740  
      1.441577  1.491560  0.555048     0.048402    0.000007   -0.003739  
      0.961731  1.491560  5.766291     0.048378   -0.000005    0.003743  
      3.449665  5.740044  1.759830    -0.046720    0.004211   -0.012398  
 
  30 f  =   13.583885 THz    85.350066 2PiTHz  453.109628 cm-1    56.178409 meV
             X         Y         Z           dx          dy          dz
      0.000000  0.000000  0.000000     0.062803    0.032637   -0.044246  
      2.403308  0.000000  5.211243    -0.062803    0.032636   -0.044246  
      0.000000  2.983121  0.000000    -0.062803    0.032636    0.044246  
      2.403308  2.983121  5.211243     0.062803    0.032637    0.044246  
      2.429872  1.491560  2.349142    -0.000004    0.012966    0.000003  
      4.780051  1.491560  7.560384    -0.000004    0.012982   -0.000003  
      2.376743  4.474681  8.073343     0.000003    0.012980   -0.000003  
      0.026564  4.474681  2.862101     0.000004    0.012964    0.000004  
      2.724152  4.474681  0.947436    -0.000007   -0.050039   -0.000006  
      2.082463  1.491560  9.475049     0.000007   -0.050058    0.000006  
      4.485771  4.474681  6.158678    -0.000008   -0.050058    0.000004  
      0.320845  1.491560  4.263807     0.000008   -0.050039   -0.000005  
      3.760259  3.209318  6.971072     0.002136   -0.016797    0.048053  
      1.046357  2.756923  3.451413     0.002079   -0.016770    0.048032  
      3.449665  3.209318  1.759830    -0.002087   -0.016774    0.048030  
      3.760259  5.740044  6.971072    -0.002133   -0.016798   -0.048048  
      1.356951  0.226197  8.662656     0.002128   -0.016794   -0.048050  
      3.696224  1.491560  9.389177     0.000006    0.032169   -0.000010  
      1.356951  2.756923  8.662656    -0.002127   -0.016791    0.048056  
      1.046357  0.226197  3.451413    -0.002080   -0.016769   -0.048037  
      1.110392  4.474681  1.033308    -0.000006    0.032162    0.000009  
      3.513700  1.491560  4.177935     0.000006    0.032163    0.000009  
      3.844885  4.474681  4.656194     0.000004    0.038476    0.000003  
      1.292916  4.474681  6.244550    -0.000006    0.032168   -0.000007  
      3.365039  4.474681  9.867437     0.000005    0.038459   -0.000003  
      1.441577  1.491560  0.555048    -0.000005    0.038477    0.000003  
      0.961731  1.491560  5.766291    -0.000005    0.038461   -0.000003  
      3.449665  5.740044  1.759830     0.002085   -0.016772   -0.048036  
 
  31 f  =   13.389119 THz    84.126314 2PiTHz  446.612924 cm-1    55.372920 meV
             X         Y         Z           dx          dy          dz
      0.000000  0.000000  0.000000    -0.000046    0.000018    0.000003  
      2.403308  0.000000  5.211243    -0.000060   -0.000005   -0.000018  
      0.000000  2.983121  0.000000     0.000060    0.000012   -0.000004  
      2.403308  2.983121  5.211243     0.000059   -0.000019   -0.000004  
      2.429872  1.491560  2.349142    -0.000003   -0.025915    0.000002  
      4.780051  1.491560  7.560384     0.000001   -0.025906    0.000000  
      2.376743  4.474681  8.073343    -0.000001    0.025906    0.000004  
      0.026564  4.474681  2.862101     0.000001    0.025916    0.000002  
      2.724152  4.474681  0.947436    -0.000004    0.006782    0.000001  
      2.082463  1.491560  9.475049    -0.000002   -0.006697    0.000003  
      4.485771  4.474681  6.158678    -0.000003    0.006691   -0.000006  
      0.320845  1.491560  4.263807    -0.000003   -0.006787   -0.000005  
      3.760259  3.209318  6.971072    -0.068282    0.044728    0.010185  
      1.046357  2.756923  3.451413     0.067865   -0.044534   -0.009989  
      3.449665  3.209318  1.759830     0.067858    0.044532    0.009990  
      3.760259  5.740044  6.971072     0.068301    0.044724   -0.010181  
      1.356951  0.226197  8.662656     0.068289   -0.044722    0.010173  
      3.696224  1.491560  9.389177    -0.000003   -0.008991   -0.000001  
      1.356951  2.756923  8.662656    -0.068283   -0.044729   -0.010184  
      1.046357  0.226197  3.451413    -0.067842   -0.044538    0.009996  
      1.110392  4.474681  1.033308    -0.000005    0.008791   -0.000003  
      3.513700  1.491560  4.177935    -0.000004   -0.008786    0.000014  
      3.844885  4.474681  4.656194    -0.000005    0.011159   -0.000008  
      1.292916  4.474681  6.244550    -0.000004    0.008996    0.000010  
      3.365039  4.474681  9.867437    -0.000002    0.011188    0.000003  
      1.441577  1.491560  0.555048    -0.000002   -0.011157    0.000005  
      0.961731  1.491560  5.766291    -0.000006   -0.011186   -0.000006  
      3.449665  5.740044  1.759830    -0.067854    0.044540   -0.010006  
 
  32 f  =   13.188077 THz    82.863133 2PiTHz  439.906904 cm-1    54.541480 meV
             X         Y         Z           dx          dy          dz
      0.000000  0.000000  0.000000     0.016408   -0.006106    0.001797  
      2.403308  0.000000  5.211243     0.016408    0.006110   -0.001800  
      0.000000  2.983121  0.000000    -0.016409   -0.006112   -0.001796  
      2.403308  2.983121  5.211243    -0.016409    0.006118    0.001802  
      2.429872  1.491560  2.349142     0.000005   -0.001229   -0.000007  
      4.780051  1.491560  7.560384     0.000004    0.001071    0.000005  
      2.376743  4.474681  8.073343    -0.000006   -0.001059    0.000005  
      0.026564  4.474681  2.862101    -0.000005    0.001232   -0.000004  
      2.724152  4.474681  0.947436    -0.000003   -0.014073    0.000006  
      2.082463  1.491560  9.475049     0.000003   -0.014114   -0.000006  
      4.485771  4.474681  6.158678    -0.000002    0.014118   -0.000010  
      0.320845  1.491560  4.263807     0.000003    0.014082    0.000010  
      3.760259  3.209318  6.971072     0.071073   -0.031806   -0.030035  
      1.046357  2.756923  3.451413     0.071464   -0.032078   -0.030112  
      3.449665  3.209318  1.759830     0.071443    0.032064    0.030101  
      3.760259  5.740044  6.971072    -0.071064   -0.031815    0.030038  
      1.356951  0.226197  8.662656    -0.071022    0.031788   -0.030029  
      3.696224  1.491560  9.389177     0.000002    0.033132   -0.000011  
      1.356951  2.756923  8.662656     0.071026    0.031793    0.030036  
      1.046357  0.226197  3.451413    -0.071469   -0.032070    0.030107  
      1.110392  4.474681  1.033308    -0.000002    0.033203    0.000006  
      3.513700  1.491560  4.177935     0.000002   -0.033218    0.000001  
      3.844885  4.474681  4.656194     0.000004    0.005933   -0.000012  
      1.292916  4.474681  6.244550    -0.000002   -0.033148    0.000004  
      3.365039  4.474681  9.867437     0.000004   -0.005836    0.000010  
      1.441577  1.491560  0.555048    -0.000007   -0.005922   -0.000010  
      0.961731  1.491560  5.766291    -0.000007    0.005845    0.000013  
      3.449665  5.740044  1.759830    -0.071442    0.032068   -0.030103  
 
  33 f  =   13.161670 THz    82.697212 2PiTHz  439.026058 cm-1    54.432269 meV
             X         Y         Z           dx          dy          dz
      0.000000  0.000000  0.000000    -0.002441   -0.012849    0.011124  
      2.403308  0.000000  5.211243     0.002446   -0.012859    0.011129  
      0.000000  2.983121  0.000000     0.002438   -0.012863   -0.011129  
      2.403308  2.983121  5.211243    -0.002448   -0.012847   -0.011123  
      2.429872  1.491560  2.349142    -0.000018   -0.015687    0.000012  
      4.780051  1.491560  7.560384    -0.000016   -0.015754   -0.000013  
      2.376743  4.474681  8.073343     0.000018   -0.015756   -0.000015  
      0.026564  4.474681  2.862101     0.000015   -0.015689    0.000015  
      2.724152  4.474681  0.947436    -0.000005   -0.012693   -0.000020  
      2.082463  1.491560  9.475049     0.000006   -0.012656    0.000020  
      4.485771  4.474681  6.158678    -0.000006   -0.012650    0.000020  
      0.320845  1.491560  4.263807     0.000007   -0.012686   -0.000020  
      3.760259  3.209318  6.971072    -0.073316    0.030176    0.010528  
      1.046357  2.756923  3.451413    -0.073076    0.030064    0.010555  
      3.449665  3.209318  1.759830     0.073110    0.030077    0.010574  
      3.760259  5.740044  6.971072     0.073282    0.030174   -0.010514  
      1.356951  0.226197  8.662656    -0.073324    0.030191   -0.010525  
      3.696224  1.491560  9.389177     0.000009    0.034973   -0.000011  
      1.356951  2.756923  8.662656     0.073349    0.030195    0.010547  
      1.046357  0.226197  3.451413     0.073108    0.030068   -0.010578  
      1.110392  4.474681  1.033308    -0.000007    0.034992    0.000008  
      3.513700  1.491560  4.177935     0.000010    0.034976    0.000021  
      3.844885  4.474681  4.656194     0.000004   -0.023218    0.000020  
      1.292916  4.474681  6.244550    -0.000008    0.034956   -0.000020  
      3.365039  4.474681  9.867437     0.000001   -0.023175   -0.000020  
      1.441577  1.491560  0.555048    -0.000001   -0.023221    0.000018  
      0.961731  1.491560  5.766291    -0.000004   -0.023172   -0.000017  
      3.449665  5.740044  1.759830    -0.073134    0.030078   -0.010584  
 
  34 f  =   13.045801 THz    81.969186 2PiTHz  435.161084 cm-1    53.953074 meV
             X         Y         Z           dx          dy          dz
      0.000000  0.000000  0.000000     0.025259   -0.111950    0.060763  
      2.403308  0.000000  5.211243     0.025259    0.111949   -0.060761  
      0.000000  2.983121  0.000000     0.025258    0.111949    0.060762  
      2.403308  2.983121  5.211243     0.025258   -0.111950   -0.060762  
      2.429872  1.491560  2.349142     0.005814   -0.000008    0.024749  
      4.780051  1.491560  7.560384     0.005811    0.000011   -0.024754  
      2.376743  4.474681  8.073343     0.005809    0.000006    0.024754  
      0.026564  4.474681  2.862101     0.005811   -0.000013   -0.024751  
      2.724152  4.474681  0.947436    -0.016379   -0.000001    0.002622  
      2.082463  1.491560  9.475049    -0.016379   -0.000001    0.002625  
      4.485771  4.474681  6.158678    -0.016372   -0.000001   -0.002632  
      0.320845  1.491560  4.263807    -0.016386    0.000000   -0.002615  
      3.760259  3.209318  6.971072     0.018803    0.012233    0.043198  
      1.046357  2.756923  3.451413     0.018702    0.012266    0.043179  
      3.449665  3.209318  1.759830     0.018788   -0.012230   -0.043182  
      3.760259  5.740044  6.971072     0.018736   -0.012266    0.043180  
      1.356951  0.226197  8.662656     0.018773    0.012251   -0.043209  
      3.696224  1.491560  9.389177    -0.017799    0.000010   -0.007771  
      1.356951  2.756923  8.662656     0.018734   -0.012263   -0.043191  
      1.046357  0.226197  3.451413     0.018780   -0.012229    0.043196  
      1.110392  4.474681  1.033308    -0.017796   -0.000005   -0.007822  
      3.513700  1.491560  4.177935    -0.017803   -0.000003    0.007781  
      3.844885  4.474681  4.656194    -0.018374    0.000003   -0.022119  
      1.292916  4.474681  6.244550    -0.017792    0.000006    0.007811  
      3.365039  4.474681  9.867437    -0.018368   -0.000008    0.022113  
      1.441577  1.491560  0.555048    -0.018348    0.000005    0.022122  
      0.961731  1.491560  5.766291    -0.018342   -0.000006   -0.022115  
      3.449665  5.740044  1.759830     0.018729    0.012250   -0.043169  
 
  35 f  =   12.764498 THz    80.201707 2PiTHz  425.777824 cm-1    52.789698 meV
             X         Y         Z           dx          dy          dz
      0.000000  0.000000  0.000000     0.000066    0.000091   -0.000086  
      2.403308  0.000000  5.211243    -0.000046    0.000175   -0.000137  
      0.000000  2.983121  0.000000    -0.000003   -0.000030   -0.000017  
      2.403308  2.983121  5.211243     0.000024   -0.000109   -0.000065  
      2.429872  1.491560  2.349142    -0.000001    0.024592    0.000044  
      4.780051  1.491560  7.560384     0.000004   -0.024534    0.000026  
      2.376743  4.474681  8.073343    -0.000001   -0.024536    0.000045  
      0.026564  4.474681  2.862101     0.000002    0.024593    0.000026  
      2.724152  4.474681  0.947436    -0.000006   -0.012009   -0.000002  
      2.082463  1.491560  9.475049    -0.000006    0.012008   -0.000003  
      4.485771  4.474681  6.158678    -0.000007    0.012009   -0.000003  
      0.320845  1.491560  4.263807    -0.000006   -0.012008   -0.000002  
      3.760259  3.209318  6.971072    -0.072295    0.037410   -0.011712  
      1.046357  2.756923  3.451413     0.072548   -0.037527    0.011710  
      3.449665  3.209318  1.759830    -0.072512   -0.037531    0.011678  
      3.760259  5.740044  6.971072     0.072325    0.037426    0.011716  
      1.356951  0.226197  8.662656    -0.072313    0.037441    0.011679  
      3.696224  1.491560  9.389177    -0.000010   -0.002715   -0.000029  
      1.356951  2.756923  8.662656     0.072330    0.037407   -0.011742  
      1.046357  0.226197  3.451413    -0.072514   -0.037510   -0.011706  
      1.110392  4.474681  1.033308    -0.000009    0.002618   -0.000028  
      3.513700  1.491560  4.177935    -0.000006    0.002613   -0.000000  
      3.844885  4.474681  4.656194     0.000001   -0.009833   -0.000025  
      1.292916  4.474681  6.244550    -0.000007   -0.002720   -0.000003  
      3.365039  4.474681  9.867437    -0.000025    0.009937   -0.000009  
      1.441577  1.491560  0.555048    -0.000025   -0.009836   -0.000010  
      0.961731  1.491560  5.766291    -0.000002    0.009941   -0.000023  
      3.449665  5.740044  1.759830     0.072530   -0.037497   -0.011742  
 
  36 f  =   12.658307 THz    79.534490 2PiTHz  422.235682 cm-1    52.350529 meV
             X         Y         Z           dx          dy          dz
      0.000000  0.000000  0.000000    -0.000196   -0.001082    0.000755  
      2.403308  0.000000  5.211243     0.000201   -0.001037    0.000725  
      0.000000  2.983121  0.000000    -0.000180    0.001080    0.000750  
      2.403308  2.983121  5.211243     0.000196    0.001039    0.000728  
      2.429872  1.491560  2.349142    -0.005550    0.000002    0.001248  
      4.780051  1.491560  7.560384    -0.005550    0.000005   -0.001944  
      2.376743  4.474681  8.073343     0.005550    0.000002   -0.001935  
      0.026564  4.474681  2.862101     0.005549    0.000004    0.001239  
      2.724152  4.474681  0.947436    -0.019945    0.000011   -0.011163  
      2.082463  1.491560  9.475049     0.019936    0.000009    0.011197  
      4.485771  4.474681  6.158678    -0.019944    0.000006    0.011190  
      0.320845  1.491560  4.263807     0.019938    0.000009   -0.011170  
      3.760259  3.209318  6.971072    -0.043285    0.013474    0.019075  
      1.046357  2.756923  3.451413     0.043292   -0.013245   -0.018830  
      3.449665  3.209318  1.759830    -0.043282   -0.013255   -0.018856  
      3.760259  5.740044  6.971072    -0.043315   -0.013485    0.019080  
      1.356951  0.226197  8.662656     0.043335   -0.013478    0.019063  
      3.696224  1.491560  9.389177     0.014234   -0.000014   -0.078487  
      1.356951  2.756923  8.662656     0.043298    0.013466    0.019050  
      1.046357  0.226197  3.451413     0.043263    0.013238   -0.018820  
      1.110392  4.474681  1.033308    -0.014207   -0.000017    0.078932  
      3.513700  1.491560  4.177935     0.014197   -0.000012    0.078950  
      3.844885  4.474681  4.656194     0.056087    0.000000   -0.014803  
      1.292916  4.474681  6.244550    -0.014243   -0.000008   -0.078469  
      3.365039  4.474681  9.867437     0.056473   -0.000001    0.015135  
      1.441577  1.491560  0.555048    -0.056102    0.000001   -0.014790  
      0.961731  1.491560  5.766291    -0.056488   -0.000002    0.015123  
      3.449665  5.740044  1.759830    -0.043240    0.013243   -0.018837  
 
  37 f  =   12.616273 THz    79.270381 2PiTHz  420.833566 cm-1    52.176689 meV
             X         Y         Z           dx          dy          dz
      0.000000  0.000000  0.000000     0.021104    0.118124   -0.081591  
      2.403308  0.000000  5.211243    -0.021102    0.118125   -0.081592  
      0.000000  2.983121  0.000000     0.021103   -0.118124   -0.081591  
      2.403308  2.983121  5.211243    -0.021103   -0.118125   -0.081591  
      2.429872  1.491560  2.349142     0.000076   -0.000023    0.038902  
      4.780051  1.491560  7.560384    -0.000168    0.000022    0.038870  
      2.376743  4.474681  8.073343     0.000170    0.000023    0.038872  
      0.026564  4.474681  2.862101    -0.000078   -0.000022    0.038903  
      2.724152  4.474681  0.947436     0.000832    0.000012   -0.001416  
      2.082463  1.491560  9.475049     0.001178   -0.000013   -0.001201  
      4.485771  4.474681  6.158678    -0.001178   -0.000011   -0.001201  
      0.320845  1.491560  4.263807    -0.000833    0.000011   -0.001417  
      3.760259  3.209318  6.971072     0.001745   -0.013026   -0.013219  
      1.046357  2.756923  3.451413     0.002397   -0.013175   -0.013565  
      3.449665  3.209318  1.759830    -0.002402   -0.013179   -0.013561  
      3.760259  5.740044  6.971072     0.001608    0.012950   -0.013227  
      1.356951  0.226197  8.662656    -0.001621    0.012956   -0.013224  
      3.696224  1.491560  9.389177    -0.001151   -0.000002   -0.027163  
      1.356951  2.756923  8.662656    -0.001738   -0.013021   -0.013223  
      1.046357  0.226197  3.451413     0.002533    0.013250   -0.013556  
      1.110392  4.474681  1.033308    -0.001377    0.000002   -0.025751  
      3.513700  1.491560  4.177935     0.001376   -0.000011   -0.025742  
      3.844885  4.474681  4.656194     0.020795    0.000006   -0.018061  
      1.292916  4.474681  6.244550     0.001151    0.000012   -0.027171  
      3.365039  4.474681  9.867437    -0.019783    0.000006   -0.017792  
      1.441577  1.491560  0.555048    -0.020790   -0.000005   -0.018059  
      0.961731  1.491560  5.766291     0.019777   -0.000008   -0.017791  
      3.449665  5.740044  1.759830    -0.002520    0.013245   -0.013561  
 
  38 f  =   12.321131 THz    77.415952 2PiTHz  410.988704 cm-1    50.956082 meV
             X         Y         Z           dx          dy          dz
      0.000000  0.000000  0.000000    -0.000009    0.000000   -0.000006  
      2.403308  0.000000  5.211243    -0.000006    0.000006    0.000000  
      0.000000  2.983121  0.000000    -0.000002   -0.000002   -0.000008  
      2.403308  2.983121  5.211243    -0.000008   -0.000009   -0.000003  
      2.429872  1.491560  2.349142     0.025391   -0.000001    0.010688  
      4.780051  1.491560  7.560384    -0.025388   -0.000002    0.010691  
      2.376743  4.474681  8.073343    -0.025387   -0.000001   -0.010687  
      0.026564  4.474681  2.862101     0.025390    0.000000   -0.010684  
      2.724152  4.474681  0.947436    -0.005648   -0.000000   -0.007198  
      2.082463  1.491560  9.475049     0.005653    0.000001    0.007199  
      4.485771  4.474681  6.158678     0.005654   -0.000001   -0.007198  
      0.320845  1.491560  4.263807    -0.005649   -0.000002    0.007199  
      3.760259  3.209318  6.971072     0.044150   -0.009564   -0.004823  
      1.046357  2.756923  3.451413    -0.044175    0.009575    0.004833  
      3.449665  3.209318  1.759830    -0.044169   -0.009576   -0.004836  
      3.760259  5.740044  6.971072     0.044165    0.009572   -0.004825  
      1.356951  0.226197  8.662656     0.044158   -0.009567    0.004823  
      3.696224  1.491560  9.389177     0.002425    0.000003   -0.080866  
      1.356951  2.756923  8.662656     0.044159    0.009566    0.004819  
      1.046357  0.226197  3.451413    -0.044165   -0.009572    0.004832  
      1.110392  4.474681  1.033308    -0.002417    0.000002    0.080893  
      3.513700  1.491560  4.177935    -0.002418    0.000005   -0.080896  
      3.844885  4.474681  4.656194    -0.049369   -0.000002    0.015143  
      1.292916  4.474681  6.244550     0.002425    0.000005    0.080863  
      3.365039  4.474681  9.867437     0.049387   -0.000004    0.015141  
      1.441577  1.491560  0.555048    -0.049374   -0.000004   -0.015145  
      0.961731  1.491560  5.766291     0.049392   -0.000003   -0.015143  
      3.449665  5.740044  1.759830    -0.044170    0.009575   -0.004833  
 
  39 f  =   11.923298 THz    74.916292 2PiTHz  397.718416 cm-1    49.310777 meV
             X         Y         Z           dx          dy          dz
      0.000000  0.000000  0.000000     0.000017    0.000034    0.000009  
      2.403308  0.000000  5.211243    -0.000009    0.000042    0.000001  
      0.000000  2.983121  0.000000     0.000033   -0.000078   -0.000002  
      2.403308  2.983121  5.211243    -0.000026   -0.000074   -0.000005  
      2.429872  1.491560  2.349142    -0.042241    0.000003    0.035008  
      4.780051  1.491560  7.560384    -0.042254    0.000003   -0.035045  
      2.376743  4.474681  8.073343     0.042256    0.000002   -0.035046  
      0.026564  4.474681  2.862101     0.042244    0.000003    0.035010  
      2.724152  4.474681  0.947436    -0.007097    0.000010   -0.038133  
      2.082463  1.491560  9.475049     0.007102    0.000012    0.038124  
      4.485771  4.474681  6.158678    -0.007103    0.000012    0.038123  
      0.320845  1.491560  4.263807     0.007096    0.000011   -0.038133  
      3.760259  3.209318  6.971072    -0.008546   -0.005884    0.018875  
      1.046357  2.756923  3.451413     0.008642    0.005854   -0.018842  
      3.449665  3.209318  1.759830    -0.008626    0.005865   -0.018833  
      3.760259  5.740044  6.971072    -0.008622    0.005855    0.018892  
      1.356951  0.226197  8.662656     0.008599    0.005866    0.018884  
      3.696224  1.491560  9.389177     0.014955   -0.000010    0.011980  
      1.356951  2.756923  8.662656     0.008564   -0.005872    0.018883  
      1.046357  0.226197  3.451413     0.008566   -0.005884   -0.018827  
      1.110392  4.474681  1.033308    -0.014966   -0.000009   -0.011956  
      3.513700  1.491560  4.177935     0.014963   -0.000028   -0.011954  
      3.844885  4.474681  4.656194    -0.029465    0.000020    0.048569  
      1.292916  4.474681  6.244550    -0.014958   -0.000031    0.011982  
      3.365039  4.474681  9.867437    -0.029450    0.000018   -0.048574  
      1.441577  1.491560  0.555048     0.029465    0.000018    0.048573  
      0.961731  1.491560  5.766291     0.029451    0.000021   -0.048577  
      3.449665  5.740044  1.759830    -0.008588   -0.005874   -0.018835  
 
  40 f  =   11.686188 THz    73.426485 2PiTHz  389.809272 cm-1    48.330168 meV
             X         Y         Z           dx          dy          dz
      0.000000  0.000000  0.000000    -0.012531   -0.109385   -0.023277  
      2.403308  0.000000  5.211243     0.012536   -0.109386   -0.023279  
      0.000000  2.983121  0.000000    -0.012535    0.109386   -0.023278  
      2.403308  2.983121  5.211243     0.012532    0.109385   -0.023277  
      2.429872  1.491560  2.349142    -0.005806   -0.000001    0.023679  
      4.780051  1.491560  7.560384     0.005766    0.000001    0.023638  
      2.376743  4.474681  8.073343    -0.005765   -0.000001    0.023638  
      0.026564  4.474681  2.862101     0.005805    0.000001    0.023679  
      2.724152  4.474681  0.947436    -0.001820   -0.000001    0.022794  
      2.082463  1.491560  9.475049    -0.001808    0.000000    0.022830  
      4.485771  4.474681  6.158678     0.001807   -0.000000    0.022830  
      0.320845  1.491560  4.263807     0.001820    0.000001    0.022793  
      3.760259  3.209318  6.971072    -0.029019   -0.014640   -0.044190  
      1.046357  2.756923  3.451413    -0.029019   -0.014643   -0.044210  
      3.449665  3.209318  1.759830     0.029022   -0.014639   -0.044206  
      3.760259  5.740044  6.971072    -0.029019    0.014642   -0.044195  
      1.356951  0.226197  8.662656     0.029019    0.014642   -0.044197  
      3.696224  1.491560  9.389177    -0.000497   -0.000001   -0.007735  
      1.356951  2.756923  8.662656     0.029016   -0.014641   -0.044192  
      1.046357  0.226197  3.451413    -0.029019    0.014638   -0.044203  
      1.110392  4.474681  1.033308    -0.000521   -0.000003   -0.007752  
      3.513700  1.491560  4.177935     0.000521    0.000004   -0.007749  
      3.844885  4.474681  4.656194     0.037544    0.000004   -0.000137  
      1.292916  4.474681  6.244550     0.000497    0.000002   -0.007737  
      3.365039  4.474681  9.867437    -0.037562   -0.000001   -0.000186  
      1.441577  1.491560  0.555048    -0.037543    0.000006   -0.000137  
      0.961731  1.491560  5.766291     0.037561   -0.000009   -0.000186  
      3.449665  5.740044  1.759830     0.029019    0.014641   -0.044205  
 
  41 f  =   11.324280 THz    71.152547 2PiTHz  377.737307 cm-1    46.833436 meV
             X         Y         Z           dx          dy          dz
      0.000000  0.000000  0.000000     0.070265    0.030022    0.008231  
      2.403308  0.000000  5.211243     0.070262   -0.030015   -0.008230  
      0.000000  2.983121  0.000000    -0.070262    0.030015   -0.008231  
      2.403308  2.983121  5.211243    -0.070263   -0.030020    0.008231  
      2.429872  1.491560  2.349142    -0.000004   -0.024326   -0.000002  
      4.780051  1.491560  7.560384    -0.000005    0.024330    0.000002  
      2.376743  4.474681  8.073343     0.000004   -0.024331   -0.000000  
      0.026564  4.474681  2.862101     0.000004    0.024326   -0.000004  
      2.724152  4.474681  0.947436    -0.000002   -0.005337    0.000003  
      2.082463  1.491560  9.475049     0.000003   -0.005331   -0.000004  
      4.485771  4.474681  6.158678    -0.000003    0.005333   -0.000003  
      0.320845  1.491560  4.263807     0.000002    0.005336    0.000002  
      3.760259  3.209318  6.971072    -0.003983   -0.019342   -0.025494  
      1.046357  2.756923  3.451413    -0.003984   -0.019341   -0.025502  
      3.449665  3.209318  1.759830    -0.003983    0.019339    0.025493  
      3.760259  5.740044  6.971072     0.003990   -0.019346    0.025509  
      1.356951  0.226197  8.662656     0.003983    0.019343   -0.025492  
      3.696224  1.491560  9.389177     0.000003   -0.075029    0.000003  
      1.356951  2.756923  8.662656    -0.003987    0.019349    0.025508  
      1.046357  0.226197  3.451413     0.003983   -0.019340    0.025493  
      1.110392  4.474681  1.033308    -0.000002   -0.075033    0.000002  
      3.513700  1.491560  4.177935     0.000002    0.075030    0.000001  
      3.844885  4.474681  4.656194    -0.000006   -0.060126   -0.000001  
      1.292916  4.474681  6.244550    -0.000003    0.075027    0.000004  
      3.365039  4.474681  9.867437    -0.000006    0.060120    0.000002  
      1.441577  1.491560  0.555048     0.000008    0.060125   -0.000003  
      0.961731  1.491560  5.766291     0.000002   -0.060117    0.000001  
      3.449665  5.740044  1.759830     0.003983    0.019343   -0.025505  
 
  42 f  =   10.893915 THz    68.448487 2PiTHz  363.381889 cm-1    45.053592 meV
             X         Y         Z           dx          dy          dz
      0.000000  0.000000  0.000000     0.115324    0.065132   -0.050516  
      2.403308  0.000000  5.211243     0.115324   -0.065132    0.050515  
      0.000000  2.983121  0.000000     0.115326   -0.065134   -0.050516  
      2.403308  2.983121  5.211243     0.115325    0.065133    0.050516  
      2.429872  1.491560  2.349142     0.014678   -0.000001    0.013714  
      4.780051  1.491560  7.560384     0.014679   -0.000000   -0.013713  
      2.376743  4.474681  8.073343     0.014683    0.000001    0.013719  
      0.026564  4.474681  2.862101     0.014682    0.000000   -0.013720  
      2.724152  4.474681  0.947436    -0.001546    0.000004   -0.006739  
      2.082463  1.491560  9.475049    -0.001552   -0.000005   -0.006747  
      4.485771  4.474681  6.158678    -0.001555    0.000001    0.006743  
      0.320845  1.491560  4.263807    -0.001544   -0.000001    0.006744  
      3.760259  3.209318  6.971072    -0.009800    0.006911    0.018181  
      1.046357  2.756923  3.451413    -0.009804    0.006912    0.018172  
      3.449665  3.209318  1.759830    -0.009804   -0.006912   -0.018178  
      3.760259  5.740044  6.971072    -0.009806   -0.006909    0.018177  
      1.356951  0.226197  8.662656    -0.009805    0.006906   -0.018172  
      3.696224  1.491560  9.389177    -0.006493    0.000004    0.014220  
      1.356951  2.756923  8.662656    -0.009801   -0.006911   -0.018175  
      1.046357  0.226197  3.451413    -0.009799   -0.006913    0.018175  
      1.110392  4.474681  1.033308    -0.006487   -0.000002    0.014222  
      3.513700  1.491560  4.177935    -0.006482    0.000003   -0.014222  
      3.844885  4.474681  4.656194    -0.062865    0.000001    0.021434  
      1.292916  4.474681  6.244550    -0.006497   -0.000003   -0.014218  
      3.365039  4.474681  9.867437    -0.062853    0.000000   -0.021431  
      1.441577  1.491560  0.555048    -0.062859    0.000000   -0.021439  
      0.961731  1.491560  5.766291    -0.062847   -0.000002    0.021436  
      3.449665  5.740044  1.759830    -0.009799    0.006916   -0.018180  
 
  43 f  =   10.691740 THz    67.178186 2PiTHz  356.638072 cm-1    44.217465 meV
             X         Y         Z           dx          dy          dz
      0.000000  0.000000  0.000000     0.088627    0.047440   -0.007035  
      2.403308  0.000000  5.211243    -0.088626    0.047439   -0.007034  
      0.000000  2.983121  0.000000    -0.088625    0.047439    0.007035  
      2.403308  2.983121  5.211243     0.088627    0.047439    0.007033  
      2.429872  1.491560  2.349142     0.000006   -0.016173    0.000004  
      4.780051  1.491560  7.560384     0.000005   -0.016167   -0.000001  
      2.376743  4.474681  8.073343    -0.000005   -0.016166   -0.000004  
      0.026564  4.474681  2.862101    -0.000005   -0.016175    0.000001  
      2.724152  4.474681  0.947436     0.000004    0.014487   -0.000005  
      2.082463  1.491560  9.475049    -0.000004    0.014487    0.000005  
      4.485771  4.474681  6.158678     0.000001    0.014486    0.000004  
      0.320845  1.491560  4.263807    -0.000001    0.014489   -0.000004  
      3.760259  3.209318  6.971072    -0.018117    0.019260    0.003394  
      1.046357  2.756923  3.451413    -0.018130    0.019274    0.003407  
      3.449665  3.209318  1.759830     0.018128    0.019275    0.003415  
      3.760259  5.740044  6.971072     0.018114    0.019267   -0.003408  
      1.356951  0.226197  8.662656    -0.018114    0.019266   -0.003408  
      3.696224  1.491560  9.389177    -0.000005   -0.082429   -0.000001  
      1.356951  2.756923  8.662656     0.018121    0.019257    0.003384  
      1.046357  0.226197  3.451413     0.018132    0.019267   -0.003393  
      1.110392  4.474681  1.033308     0.000005   -0.082439    0.000001  
      3.513700  1.491560  4.177935    -0.000002   -0.082433   -0.000001  
      3.844885  4.474681  4.656194     0.000003    0.043068    0.000004  
      1.292916  4.474681  6.244550     0.000001   -0.082438    0.000001  
      3.365039  4.474681  9.867437     0.000010    0.043072   -0.000001  
      1.441577  1.491560  0.555048    -0.000012    0.043065    0.000002  
      0.961731  1.491560  5.766291    -0.000003    0.043073   -0.000004  
      3.449665  5.740044  1.759830    -0.018134    0.019267   -0.003391  
 
  44 f  =   10.411034 THz    65.414455 2PiTHz  347.274711 cm-1    43.056557 meV
             X         Y         Z           dx          dy          dz
      0.000000  0.000000  0.000000     0.119513    0.012242   -0.006033  
      2.403308  0.000000  5.211243    -0.119516    0.012244   -0.006035  
      0.000000  2.983121  0.000000     0.119517   -0.012246   -0.006035  
      2.403308  2.983121  5.211243    -0.119515   -0.012244   -0.006034  
      2.429872  1.491560  2.349142     0.006430    0.000003   -0.021454  
      4.780051  1.491560  7.560384    -0.006135   -0.000001   -0.021840  
      2.376743  4.474681  8.073343     0.006136   -0.000002   -0.021843  
      0.026564  4.474681  2.862101    -0.006431    0.000000   -0.021457  
      2.724152  4.474681  0.947436     0.002911   -0.000003    0.011046  
      2.082463  1.491560  9.475049     0.002701    0.000002    0.011335  
      4.485771  4.474681  6.158678    -0.002703   -0.000001    0.011337  
      0.320845  1.491560  4.263807    -0.002909    0.000001    0.011044  
      3.760259  3.209318  6.971072     0.003221   -0.005793    0.000107  
      1.046357  2.756923  3.451413     0.003372   -0.005669    0.000551  
      3.449665  3.209318  1.759830    -0.003370   -0.005669    0.000555  
      3.760259  5.740044  6.971072     0.003217    0.005799    0.000096  
      1.356951  0.226197  8.662656    -0.003220    0.005799    0.000098  
      3.696224  1.491560  9.389177     0.003700    0.000003    0.048046  
      1.356951  2.756923  8.662656    -0.003222   -0.005793    0.000103  
      1.046357  0.226197  3.451413     0.003375    0.005662    0.000561  
      1.110392  4.474681  1.033308     0.003907   -0.000001    0.047811  
      3.513700  1.491560  4.177935    -0.003905    0.000008    0.047809  
      3.844885  4.474681  4.656194     0.072468    0.000004   -0.004617  
      1.292916  4.474681  6.244550    -0.003701   -0.000008    0.048048  
      3.365039  4.474681  9.867437    -0.071785   -0.000009   -0.004780  
      1.441577  1.491560  0.555048    -0.072466    0.000010   -0.004618  
      0.961731  1.491560  5.766291     0.071783   -0.000004   -0.004781  
      3.449665  5.740044  1.759830    -0.003373    0.005662    0.000560  
 
  45 f  =   10.335046 THz    64.937006 2PiTHz  344.740010 cm-1    42.742295 meV
             X         Y         Z           dx          dy          dz
      0.000000  0.000000  0.000000     0.000695    0.000137   -0.000076  
      2.403308  0.000000  5.211243    -0.000759    0.000179   -0.000097  
      0.000000  2.983121  0.000000     0.000634   -0.000023   -0.000000  
      2.403308  2.983121  5.211243    -0.000598    0.000002    0.000008  
      2.429872  1.491560  2.349142    -0.024689    0.000003   -0.036397  
      4.780051  1.491560  7.560384    -0.024769   -0.000005    0.036166  
      2.376743  4.474681  8.073343     0.024766    0.000003    0.036164  
      0.026564  4.474681  2.862101     0.024685   -0.000005   -0.036398  
      2.724152  4.474681  0.947436    -0.019199    0.000010    0.026361  
      2.082463  1.491560  9.475049     0.019248    0.000009   -0.026232  
      4.485771  4.474681  6.158678    -0.019250    0.000009   -0.026237  
      0.320845  1.491560  4.263807     0.019200    0.000010    0.026354  
      3.760259  3.209318  6.971072     0.012892    0.011885    0.039772  
      1.046357  2.756923  3.451413    -0.012885   -0.011944   -0.039801  
      3.449665  3.209318  1.759830     0.012882   -0.011950   -0.039798  
      3.760259  5.740044  6.971072     0.012908   -0.011880    0.039786  
      1.356951  0.226197  8.662656    -0.012895   -0.011885    0.039792  
      3.696224  1.491560  9.389177     0.018291    0.000003   -0.022031  
      1.356951  2.756923  8.662656    -0.012894    0.011880    0.039769  
      1.046357  0.226197  3.451413    -0.012868    0.011951   -0.039785  
      1.110392  4.474681  1.033308    -0.018224    0.000005    0.022586  
      3.513700  1.491560  4.177935     0.018226   -0.000008    0.022577  
      3.844885  4.474681  4.656194    -0.058794   -0.000049   -0.015129  
      1.292916  4.474681  6.244550    -0.018291   -0.000005   -0.022040  
      3.365039  4.474681  9.867437    -0.059600   -0.000043    0.015081  
      1.441577  1.491560  0.555048     0.058797   -0.000044   -0.015124  
      0.961731  1.491560  5.766291     0.059608   -0.000049    0.015074  
      3.449665  5.740044  1.759830     0.012882    0.011944   -0.039773  
 
  46 f  =   10.272072 THz    64.541330 2PiTHz  342.639432 cm-1    42.481856 meV
             X         Y         Z           dx          dy          dz
      0.000000  0.000000  0.000000     0.000003   -0.000003   -0.000006  
      2.403308  0.000000  5.211243    -0.000006   -0.000001    0.000009  
      0.000000  2.983121  0.000000     0.000006   -0.000003   -0.000013  
      2.403308  2.983121  5.211243     0.000007    0.000008    0.000011  
      2.429872  1.491560  2.349142     0.009793    0.000001   -0.033735  
      4.780051  1.491560  7.560384    -0.009800    0.000000   -0.033737  
      2.376743  4.474681  8.073343    -0.009799   -0.000004    0.033738  
      0.026564  4.474681  2.862101     0.009794   -0.000003    0.033732  
      2.724152  4.474681  0.947436    -0.033688   -0.000000   -0.014117  
      2.082463  1.491560  9.475049     0.033694    0.000001    0.014127  
      4.485771  4.474681  6.158678     0.033692    0.000002   -0.014127  
      0.320845  1.491560  4.263807    -0.033687    0.000001    0.014120  
      3.760259  3.209318  6.971072     0.002739   -0.007368   -0.055050  
      1.046357  2.756923  3.451413    -0.002735    0.007380    0.055059  
      3.449665  3.209318  1.759830    -0.002731   -0.007379   -0.055060  
      3.760259  5.740044  6.971072     0.002743    0.007372   -0.055052  
      1.356951  0.226197  8.662656     0.002740   -0.007369    0.055052  
      3.696224  1.491560  9.389177     0.030742   -0.000004   -0.016564  
      1.356951  2.756923  8.662656     0.002742    0.007372    0.055052  
      1.046357  0.226197  3.451413    -0.002728   -0.007375    0.055058  
      1.110392  4.474681  1.033308    -0.030737   -0.000003    0.016585  
      3.513700  1.491560  4.177935    -0.030736   -0.000004   -0.016584  
      3.844885  4.474681  4.656194     0.045679   -0.000001   -0.017969  
      1.292916  4.474681  6.244550     0.030741   -0.000003    0.016565  
      3.365039  4.474681  9.867437    -0.045688    0.000003   -0.017967  
      1.441577  1.491560  0.555048     0.045678    0.000009    0.017969  
      0.961731  1.491560  5.766291    -0.045682    0.000002    0.017969  
      3.449665  5.740044  1.759830    -0.002732    0.007378   -0.055060  
 
  47 f  =   10.073885 THz    63.296087 2PiTHz  336.028638 cm-1    41.662223 meV
             X         Y         Z           dx          dy          dz
      0.000000  0.000000  0.000000     0.095119    0.107571   -0.070327  
      2.403308  0.000000  5.211243     0.095114   -0.107574    0.070330  
      0.000000  2.983121  0.000000    -0.095111    0.107573    0.070331  
      2.403308  2.983121  5.211243    -0.095118   -0.107571   -0.070327  
      2.429872  1.491560  2.349142    -0.000004   -0.002683   -0.000005  
      4.780051  1.491560  7.560384    -0.000002    0.002669    0.000004  
      2.376743  4.474681  8.073343     0.000003   -0.002668    0.000006  
      0.026564  4.474681  2.862101     0.000005    0.002683   -0.000003  
      2.724152  4.474681  0.947436    -0.000005    0.017012    0.000003  
      2.082463  1.491560  9.475049     0.000003    0.017013   -0.000004  
      4.485771  4.474681  6.158678    -0.000001   -0.017014   -0.000003  
      0.320845  1.491560  4.263807     0.000002   -0.017011    0.000004  
      3.760259  3.209318  6.971072     0.005867   -0.000157    0.016871  
      1.046357  2.756923  3.451413     0.005853   -0.000169    0.016843  
      3.449665  3.209318  1.759830     0.005855    0.000167   -0.016852  
      3.760259  5.740044  6.971072    -0.005864   -0.000159   -0.016864  
      1.356951  0.226197  8.662656    -0.005870    0.000155    0.016876  
      3.696224  1.491560  9.389177     0.000002   -0.002861   -0.000011  
      1.356951  2.756923  8.662656     0.005862    0.000159   -0.016860  
      1.046357  0.226197  3.451413    -0.005856   -0.000167   -0.016849  
      1.110392  4.474681  1.033308    -0.000004   -0.002877    0.000006  
      3.513700  1.491560  4.177935     0.000002    0.002875    0.000003  
      3.844885  4.474681  4.656194    -0.000005    0.057029   -0.000002  
      1.292916  4.474681  6.244550    -0.000001    0.002864   -0.000007  
      3.365039  4.474681  9.867437    -0.000014   -0.057006    0.000000  
      1.441577  1.491560  0.555048     0.000011   -0.057030   -0.000001  
      0.961731  1.491560  5.766291     0.000009    0.057006    0.000001  
      3.449665  5.740044  1.759830    -0.005852    0.000170    0.016838  
 
  48 f  =    9.999054 THz    62.825912 2PiTHz  333.532556 cm-1    41.352748 meV
             X         Y         Z           dx          dy          dz
      0.000000  0.000000  0.000000     0.066961    0.099642   -0.075780  
      2.403308  0.000000  5.211243    -0.066960    0.099642   -0.075780  
      0.000000  2.983121  0.000000    -0.066960    0.099642    0.075780  
      2.403308  2.983121  5.211243     0.066959    0.099642    0.075780  
      2.429872  1.491560  2.349142     0.000009   -0.002528    0.000032  
      4.780051  1.491560  7.560384     0.000010   -0.002527   -0.000030  
      2.376743  4.474681  8.073343    -0.000009   -0.002527   -0.000032  
      0.026564  4.474681  2.862101    -0.000010   -0.002527    0.000030  
      2.724152  4.474681  0.947436     0.000012    0.014221   -0.000019  
      2.082463  1.491560  9.475049    -0.000012    0.014219    0.000019  
      4.485771  4.474681  6.158678     0.000013    0.014219    0.000022  
      0.320845  1.491560  4.263807    -0.000013    0.014220   -0.000022  
      3.760259  3.209318  6.971072     0.004574   -0.004509   -0.014725  
      1.046357  2.756923  3.451413     0.004599   -0.004491   -0.014682  
      3.449665  3.209318  1.759830    -0.004596   -0.004493   -0.014686  
      3.760259  5.740044  6.971072    -0.004596   -0.004495    0.014685  
      1.356951  0.226197  8.662656     0.004594   -0.004494    0.014685  
      3.696224  1.491560  9.389177    -0.000009    0.021370    0.000020  
      1.356951  2.756923  8.662656    -0.004578   -0.004507   -0.014720  
      1.046357  0.226197  3.451413    -0.004577   -0.004506    0.014722  
      1.110392  4.474681  1.033308     0.000009    0.021372   -0.000021  
      3.513700  1.491560  4.177935    -0.000010    0.021367   -0.000027  
      3.844885  4.474681  4.656194     0.000044   -0.073826    0.000013  
      1.292916  4.474681  6.244550     0.000010    0.021376    0.000027  
      3.365039  4.474681  9.867437     0.000033   -0.073824   -0.000013  
      1.441577  1.491560  0.555048    -0.000033   -0.073826    0.000013  
      0.961731  1.491560  5.766291    -0.000043   -0.073824   -0.000013  
      3.449665  5.740044  1.759830     0.004580   -0.004507    0.014721  
 
  49 f  =    9.640255 THz    60.571511 2PiTHz  321.564306 cm-1    39.868875 meV
             X         Y         Z           dx          dy          dz
      0.000000  0.000000  0.000000    -0.076892    0.038261   -0.051941  
      2.403308  0.000000  5.211243     0.076895    0.038254   -0.051936  
      0.000000  2.983121  0.000000    -0.076896   -0.038254   -0.051936  
      2.403308  2.983121  5.211243     0.076891   -0.038261   -0.051941  
      2.429872  1.491560  2.349142     0.036365   -0.000001   -0.012910  
      4.780051  1.491560  7.560384    -0.036353    0.000002   -0.012919  
      2.376743  4.474681  8.073343     0.036354    0.000002   -0.012920  
      0.026564  4.474681  2.862101    -0.036366   -0.000003   -0.012911  
      2.724152  4.474681  0.947436     0.003720    0.000007    0.007936  
      2.082463  1.491560  9.475049     0.003699   -0.000005    0.007936  
      4.485771  4.474681  6.158678    -0.003698   -0.000009    0.007937  
      0.320845  1.491560  4.263807    -0.003721    0.000007    0.007934  
      3.760259  3.209318  6.971072    -0.023860   -0.008593   -0.016502  
      1.046357  2.756923  3.451413    -0.023872   -0.008587   -0.016479  
      3.449665  3.209318  1.759830     0.023879   -0.008593   -0.016494  
      3.760259  5.740044  6.971072    -0.023855    0.008583   -0.016493  
      1.356951  0.226197  8.662656     0.023857    0.008587   -0.016501  
      3.696224  1.491560  9.389177     0.017254   -0.000012    0.066464  
      1.356951  2.756923  8.662656     0.023855   -0.008589   -0.016493  
      1.046357  0.226197  3.451413    -0.023879    0.008598   -0.016493  
      1.110392  4.474681  1.033308     0.017266    0.000014    0.066486  
      3.513700  1.491560  4.177935    -0.017266    0.000000    0.066483  
      3.844885  4.474681  4.656194    -0.014477   -0.000003    0.011664  
      1.292916  4.474681  6.244550    -0.017254   -0.000001    0.066468  
      3.365039  4.474681  9.867437     0.014496   -0.000001    0.011654  
      1.441577  1.491560  0.555048     0.014481   -0.000003    0.011664  
      0.961731  1.491560  5.766291    -0.014500    0.000006    0.011653  
      3.449665  5.740044  1.759830     0.023875    0.008593   -0.016481  
 
  50 f  =    9.396750 THz    59.041522 2PiTHz  313.441846 cm-1    38.861818 meV
             X         Y         Z           dx          dy          dz
      0.000000  0.000000  0.000000    -0.010122   -0.037432   -0.089501  
      2.403308  0.000000  5.211243    -0.010123    0.037431    0.089501  
      0.000000  2.983121  0.000000    -0.010125    0.037434   -0.089499  
      2.403308  2.983121  5.211243    -0.010124   -0.037434    0.089500  
      2.429872  1.491560  2.349142    -0.030254    0.000166    0.009314  
      4.780051  1.491560  7.560384    -0.030209    0.000170   -0.009207  
      2.376743  4.474681  8.073343    -0.030212   -0.000167    0.009200  
      0.026564  4.474681  2.862101    -0.030256   -0.000170   -0.009307  
      2.724152  4.474681  0.947436     0.019069    0.000118    0.042060  
      2.082463  1.491560  9.475049     0.019052   -0.000118    0.041991  
      4.485771  4.474681  6.158678     0.019057    0.000115   -0.041987  
      0.320845  1.491560  4.263807     0.019064   -0.000115   -0.042064  
      3.760259  3.209318  6.971072     0.027583    0.009859   -0.005025  
      1.046357  2.756923  3.451413     0.028064    0.010173   -0.004154  
      3.449665  3.209318  1.759830     0.028061   -0.010168    0.004156  
      3.760259  5.740044  6.971072     0.028002   -0.010156   -0.004163  
      1.356951  0.226197  8.662656     0.027991    0.010150    0.004167  
      3.696224  1.491560  9.389177     0.023206   -0.000810    0.043157  
      1.356951  2.756923  8.662656     0.027585   -0.009864    0.005023  
      1.046357  0.226197  3.451413     0.027644   -0.009874   -0.005019  
      1.110392  4.474681  1.033308     0.023233    0.000811    0.043323  
      3.513700  1.491560  4.177935     0.023228   -0.000791   -0.043325  
      3.844885  4.474681  4.656194    -0.022815   -0.000252   -0.013571  
      1.292916  4.474681  6.244550     0.023211    0.000790   -0.043156  
      3.365039  4.474681  9.867437    -0.022977   -0.000247    0.013589  
      1.441577  1.491560  0.555048    -0.022817    0.000247    0.013577  
      0.961731  1.491560  5.766291    -0.022980    0.000252   -0.013595  
      3.449665  5.740044  1.759830     0.027655    0.009880    0.005015  
 
  51 f  =    9.391296 THz    59.007256 2PiTHz  313.259931 cm-1    38.839264 meV
             X         Y         Z           dx          dy          dz
      0.000000  0.000000  0.000000     0.000118    0.000351    0.000808  
      2.403308  0.000000  5.211243     0.000090   -0.000364   -0.000798  
      0.000000  2.983121  0.000000     0.000090   -0.000319    0.000823  
      2.403308  2.983121  5.211243     0.000071    0.000328   -0.000820  
      2.429872  1.491560  2.349142     0.000275    0.018441   -0.000083  
      4.780051  1.491560  7.560384     0.000281    0.018446    0.000087  
      2.376743  4.474681  8.073343     0.000276   -0.018448   -0.000087  
      0.026564  4.474681  2.862101     0.000281   -0.018443    0.000085  
      2.724152  4.474681  0.947436    -0.000175    0.012865   -0.000385  
      2.082463  1.491560  9.475049    -0.000175   -0.012851   -0.000386  
      4.485771  4.474681  6.158678    -0.000176    0.012853    0.000386  
      0.320845  1.491560  4.263807    -0.000175   -0.012864    0.000385  
      3.760259  3.209318  6.971072    -0.022940   -0.016009   -0.047035  
      1.046357  2.756923  3.451413     0.022432    0.015821    0.047129  
      3.449665  3.209318  1.759830     0.022429   -0.015817   -0.047125  
      3.760259  5.740044  6.971072     0.022430   -0.015826    0.047127  
      1.356951  0.226197  8.662656     0.022429    0.015829   -0.047131  
      3.696224  1.491560  9.389177    -0.000213   -0.087530   -0.000396  
      1.356951  2.756923  8.662656    -0.022942    0.016012    0.047039  
      1.046357  0.226197  3.451413    -0.022939    0.016002   -0.047035  
      1.110392  4.474681  1.033308    -0.000213    0.087524   -0.000393  
      3.513700  1.491560  4.177935    -0.000210   -0.087529    0.000384  
      3.844885  4.474681  4.656194     0.000211   -0.027318    0.000126  
      1.292916  4.474681  6.244550    -0.000211    0.087522    0.000389  
      3.365039  4.474681  9.867437     0.000203   -0.027357   -0.000127  
      1.441577  1.491560  0.555048     0.000205    0.027327   -0.000127  
      0.961731  1.491560  5.766291     0.000208    0.027360    0.000125  
      3.449665  5.740044  1.759830    -0.022942   -0.016001    0.047037  
 
  52 f  =    9.318620 THz    58.550614 2PiTHz  310.835692 cm-1    38.538697 meV
             X         Y         Z           dx          dy          dz
      0.000000  0.000000  0.000000     0.000002    0.000028    0.000116  
      2.403308  0.000000  5.211243     0.000012   -0.000038   -0.000104  
      0.000000  2.983121  0.000000     0.000016   -0.000041    0.000105  
      2.403308  2.983121  5.211243     0.000011    0.000034   -0.000113  
      2.429872  1.491560  2.349142    -0.014083   -0.000002    0.038670  
      4.780051  1.491560  7.560384     0.014166   -0.000004    0.038694  
      2.376743  4.474681  8.073343     0.014164    0.000004   -0.038692  
      0.026564  4.474681  2.862101    -0.014080    0.000001   -0.038668  
      2.724152  4.474681  0.947436    -0.001479   -0.000001    0.025255  
      2.082463  1.491560  9.475049     0.001424   -0.000001   -0.025369  
      4.485771  4.474681  6.158678     0.001424   -0.000002    0.025368  
      0.320845  1.491560  4.263807    -0.001478   -0.000000   -0.025256  
      3.760259  3.209318  6.971072    -0.022500   -0.005267   -0.006781  
      1.046357  2.756923  3.451413     0.022431    0.005247    0.006806  
      3.449665  3.209318  1.759830     0.022431   -0.005244   -0.006804  
      3.760259  5.740044  6.971072    -0.022497    0.005268   -0.006783  
      1.356951  0.226197  8.662656    -0.022501   -0.005268    0.006781  
      3.696224  1.491560  9.389177    -0.003375    0.000000   -0.064075  
      1.356951  2.756923  8.662656    -0.022499    0.005269    0.006785  
      1.046357  0.226197  3.451413     0.022436   -0.005247    0.006810  
      1.110392  4.474681  1.033308     0.003303   -0.000003    0.063930  
      3.513700  1.491560  4.177935     0.003305    0.000002   -0.063936  
      3.844885  4.474681  4.656194     0.066607    0.000010    0.005897  
      1.292916  4.474681  6.244550    -0.003373   -0.000005    0.064070  
      3.365039  4.474681  9.867437    -0.066554    0.000007    0.005854  
      1.441577  1.491560  0.555048     0.066609   -0.000001   -0.005897  
      0.961731  1.491560  5.766291    -0.066556    0.000002   -0.005854  
      3.449665  5.740044  1.759830     0.022432    0.005248   -0.006810  
 
  53 f  =    8.791998 THz    55.241752 2PiTHz  293.269482 cm-1    36.360765 meV
             X         Y         Z           dx          dy          dz
      0.000000  0.000000  0.000000    -0.100315    0.015446   -0.089621  
      2.403308  0.000000  5.211243    -0.100316   -0.015447    0.089621  
      0.000000  2.983121  0.000000    -0.100316   -0.015446   -0.089621  
      2.403308  2.983121  5.211243    -0.100316    0.015446    0.089621  
      2.429872  1.491560  2.349142     0.012434   -0.000011   -0.006428  
      4.780051  1.491560  7.560384     0.012440    0.000007    0.006421  
      2.376743  4.474681  8.073343     0.012443    0.000010   -0.006419  
      0.026564  4.474681  2.862101     0.012437   -0.000008    0.006426  
      2.724152  4.474681  0.947436    -0.006634    0.000013   -0.024038  
      2.082463  1.491560  9.475049    -0.006632   -0.000013   -0.024033  
      4.485771  4.474681  6.158678    -0.006632   -0.000013    0.024035  
      0.320845  1.491560  4.263807    -0.006634    0.000014    0.024036  
      3.760259  3.209318  6.971072     0.011974    0.008488    0.048596  
      1.046357  2.756923  3.451413     0.011985    0.008508    0.048605  
      3.449665  3.209318  1.759830     0.011971   -0.008485   -0.048590  
      3.760259  5.740044  6.971072     0.011987   -0.008509    0.048613  
      1.356951  0.226197  8.662656     0.011969    0.008487   -0.048590  
      3.696224  1.491560  9.389177    -0.003601    0.000012   -0.010052  
      1.356951  2.756923  8.662656     0.011989   -0.008510   -0.048611  
      1.046357  0.226197  3.451413     0.011972   -0.008485    0.048587  
      1.110392  4.474681  1.033308    -0.003605   -0.000012   -0.010075  
      3.513700  1.491560  4.177935    -0.003606   -0.000002    0.010070  
      3.844885  4.474681  4.656194     0.000193   -0.000011    0.026095  
      1.292916  4.474681  6.244550    -0.003601    0.000002    0.010056  
      3.365039  4.474681  9.867437     0.000208    0.000015   -0.026095  
      1.441577  1.491560  0.555048     0.000194   -0.000014   -0.026094  
      0.961731  1.491560  5.766291     0.000209    0.000010    0.026093  
      3.449665  5.740044  1.759830     0.011990    0.008509   -0.048610  
 
  54 f  =    8.485609 THz    53.316654 2PiTHz  283.049451 cm-1    35.093643 meV
             X         Y         Z           dx          dy          dz
      0.000000  0.000000  0.000000    -0.000031    0.000039   -0.000019  
      2.403308  0.000000  5.211243    -0.000028   -0.000015   -0.000004  
      0.000000  2.983121  0.000000    -0.000053   -0.000040   -0.000019  
      2.403308  2.983121  5.211243    -0.000030    0.000024    0.000003  
      2.429872  1.491560  2.349142     0.000006    0.020825    0.000010  
      4.780051  1.491560  7.560384    -0.000008   -0.020856   -0.000002  
      2.376743  4.474681  8.073343     0.000010   -0.020839    0.000013  
      0.026564  4.474681  2.862101    -0.000008    0.020842   -0.000005  
      2.724152  4.474681  0.947436    -0.000006   -0.021920   -0.000009  
      2.082463  1.491560  9.475049    -0.000005    0.021932   -0.000008  
      4.485771  4.474681  6.158678     0.000003    0.021933    0.000009  
      0.320845  1.491560  4.263807     0.000007   -0.021927    0.000010  
      3.760259  3.209318  6.971072     0.021223    0.031915    0.039560  
      1.046357  2.756923  3.451413    -0.021203   -0.031900   -0.039530  
      3.449665  3.209318  1.759830     0.021202   -0.031905   -0.039559  
      3.760259  5.740044  6.971072    -0.021208    0.031907   -0.039534  
      1.356951  0.226197  8.662656     0.021208    0.031914   -0.039561  
      3.696224  1.491560  9.389177    -0.000004   -0.071425   -0.000001  
      1.356951  2.756923  8.662656    -0.021202    0.031910    0.039533  
      1.046357  0.226197  3.451413     0.021227   -0.031910    0.039560  
      1.110392  4.474681  1.033308    -0.000005    0.071434   -0.000006  
      3.513700  1.491560  4.177935     0.000012    0.071416   -0.000020  
      3.844885  4.474681  4.656194    -0.000002    0.048960    0.000006  
      1.292916  4.474681  6.244550     0.000006   -0.071411   -0.000014  
      3.365039  4.474681  9.867437     0.000010   -0.048938   -0.000004  
      1.441577  1.491560  0.555048     0.000004    0.048938   -0.000006  
      0.961731  1.491560  5.766291    -0.000001   -0.048956    0.000009  
      3.449665  5.740044  1.759830    -0.021201   -0.031904    0.039533  
 
  55 f  =    8.367244 THz    52.572946 2PiTHz  279.101224 cm-1    34.604126 meV
             X         Y         Z           dx          dy          dz
      0.000000  0.000000  0.000000    -0.000023   -0.000039   -0.000005  
      2.403308  0.000000  5.211243    -0.000028    0.000022    0.000011  
      0.000000  2.983121  0.000000     0.000028   -0.000016    0.000010  
      2.403308  2.983121  5.211243     0.000030    0.000028   -0.000009  
      2.429872  1.491560  2.349142     0.000001   -0.049897   -0.000007  
      4.780051  1.491560  7.560384     0.000006   -0.049943   -0.000007  
      2.376743  4.474681  8.073343    -0.000007    0.049952   -0.000007  
      0.026564  4.474681  2.862101     0.000005    0.049886    0.000002  
      2.724152  4.474681  0.947436     0.000003    0.010515    0.000002  
      2.082463  1.491560  9.475049     0.000001   -0.010493    0.000005  
      4.485771  4.474681  6.158678    -0.000000    0.010483    0.000002  
      0.320845  1.491560  4.263807    -0.000007   -0.010504    0.000000  
      3.760259  3.209318  6.971072     0.033056   -0.003060   -0.005035  
      1.046357  2.756923  3.451413    -0.033066    0.003042    0.005026  
      3.449665  3.209318  1.759830    -0.033068   -0.003031   -0.005014  
      3.760259  5.740044  6.971072    -0.033050   -0.003062    0.005043  
      1.356951  0.226197  8.662656    -0.033066    0.003050   -0.005023  
      3.696224  1.491560  9.389177    -0.000000   -0.055045    0.000001  
      1.356951  2.756923  8.662656     0.033061    0.003050    0.005031  
      1.046357  0.226197  3.451413     0.033055    0.003045   -0.005029  
      1.110392  4.474681  1.033308     0.000003    0.054942    0.000008  
      3.513700  1.491560  4.177935    -0.000010   -0.054961    0.000012  
      3.844885  4.474681  4.656194     0.000001    0.056119    0.000002  
      1.292916  4.474681  6.244550    -0.000000    0.055060   -0.000003  
      3.365039  4.474681  9.867437    -0.000002    0.056119   -0.000001  
      1.441577  1.491560  0.555048     0.000001   -0.056135    0.000004  
      0.961731  1.491560  5.766291     0.000003   -0.056099   -0.000004  
      3.449665  5.740044  1.759830     0.033073   -0.003029    0.005014  
 
  56 f  =    8.211366 THz    51.593537 2PiTHz  273.901703 cm-1    33.959468 meV
             X         Y         Z           dx          dy          dz
      0.000000  0.000000  0.000000    -0.000041    0.000046    0.000026  
      2.403308  0.000000  5.211243    -0.000003    0.000000    0.000020  
      0.000000  2.983121  0.000000    -0.000013   -0.000049    0.000046  
      2.403308  2.983121  5.211243     0.000010   -0.000013    0.000014  
      2.429872  1.491560  2.349142    -0.024007   -0.000000   -0.020679  
      4.780051  1.491560  7.560384    -0.023996   -0.000010    0.020690  
      2.376743  4.474681  8.073343     0.023988    0.000010    0.020702  
      0.026564  4.474681  2.862101     0.023997   -0.000001   -0.020692  
      2.724152  4.474681  0.947436    -0.026345    0.000003    0.007830  
      2.082463  1.491560  9.475049     0.026387    0.000002   -0.007839  
      4.485771  4.474681  6.158678    -0.026383   -0.000001   -0.007844  
      0.320845  1.491560  4.263807     0.026350   -0.000002    0.007827  
      3.760259  3.209318  6.971072    -0.041107   -0.011881   -0.028388  
      1.046357  2.756923  3.451413     0.041109    0.011868    0.028365  
      3.449665  3.209318  1.759830    -0.041106    0.011869    0.028368  
      3.760259  5.740044  6.971072    -0.041117    0.011877   -0.028391  
      1.356951  0.226197  8.662656     0.041118    0.011888   -0.028395  
      3.696224  1.491560  9.389177     0.035062   -0.000012    0.064023  
      1.356951  2.756923  8.662656     0.041123   -0.011877   -0.028384  
      1.046357  0.226197  3.451413     0.041112   -0.011865    0.028351  
      1.110392  4.474681  1.033308    -0.035016   -0.000013   -0.063966  
      3.513700  1.491560  4.177935     0.035023    0.000001   -0.063979  
      3.844885  4.474681  4.656194     0.017003    0.000009   -0.024327  
      1.292916  4.474681  6.244550    -0.035057    0.000018    0.064010  
      3.365039  4.474681  9.867437     0.017021   -0.000004    0.024317  
      1.441577  1.491560  0.555048    -0.017000   -0.000016   -0.024322  
      0.961731  1.491560  5.766291    -0.017015    0.000002    0.024313  
      3.449665  5.740044  1.759830    -0.041097   -0.011856    0.028347  
 
  57 f  =    8.089863 THz    50.830106 2PiTHz  269.848770 cm-1    33.456968 meV
             X         Y         Z           dx          dy          dz
      0.000000  0.000000  0.000000    -0.032977    0.097595    0.062090  
      2.403308  0.000000  5.211243    -0.032977   -0.097596   -0.062091  
      0.000000  2.983121  0.000000    -0.033043   -0.097584    0.062047  
      2.403308  2.983121  5.211243    -0.033043    0.097583   -0.062046  
      2.429872  1.491560  2.349142    -0.021744    0.000013    0.045122  
      4.780051  1.491560  7.560384    -0.021775   -0.000019   -0.045101  
      2.376743  4.474681  8.073343    -0.021783   -0.000055    0.045091  
      0.026564  4.474681  2.862101    -0.021752    0.000061   -0.045112  
      2.724152  4.474681  0.947436     0.011305   -0.000059   -0.010870  
      2.082463  1.491560  9.475049     0.011318    0.000042   -0.010880  
      4.485771  4.474681  6.158678     0.011326    0.000054    0.010883  
      0.320845  1.491560  4.263807     0.011298   -0.000037    0.010867  
      3.760259  3.209318  6.971072     0.009883    0.008427    0.015042  
      1.046357  2.756923  3.451413     0.009789    0.008380    0.015039  
      3.449665  3.209318  1.759830     0.009867   -0.008416   -0.015013  
      3.760259  5.740044  6.971072     0.009818   -0.008371    0.015056  
      1.356951  0.226197  8.662656     0.009871    0.008401   -0.015013  
      3.696224  1.491560  9.389177     0.015355    0.000160    0.018893  
      1.356951  2.756923  8.662656     0.009804   -0.008390   -0.015067  
      1.046357  0.226197  3.451413     0.009857   -0.008383    0.014980  
      1.110392  4.474681  1.033308     0.015341   -0.000085    0.018891  
      3.513700  1.491560  4.177935     0.015329   -0.000169   -0.018869  
      3.844885  4.474681  4.656194     0.020708   -0.000009   -0.000925  
      1.292916  4.474681  6.244550     0.015367    0.000094   -0.018916  
      3.365039  4.474681  9.867437     0.020661    0.000007    0.000933  
      1.441577  1.491560  0.555048     0.020715    0.000032    0.000935  
      0.961731  1.491560  5.766291     0.020668   -0.000030   -0.000942  
      3.449665  5.740044  1.759830     0.009805    0.008353   -0.015024  
 
  58 f  =    8.084137 THz    50.794133 2PiTHz  269.657795 cm-1    33.433290 meV
             X         Y         Z           dx          dy          dz
      0.000000  0.000000  0.000000    -0.061465   -0.011284   -0.041083  
      2.403308  0.000000  5.211243    -0.061458    0.011284    0.041077  
      0.000000  2.983121  0.000000     0.061428   -0.011388    0.041145  
      2.403308  2.983121  5.211243     0.061424    0.011388   -0.041141  
      2.429872  1.491560  2.349142    -0.000006    0.039626    0.000027  
      4.780051  1.491560  7.560384    -0.000009   -0.039575   -0.000030  
      2.376743  4.474681  8.073343    -0.000017    0.039563    0.000022  
      0.026564  4.474681  2.862101    -0.000015   -0.039618   -0.000019  
      2.724152  4.474681  0.947436     0.000009    0.016130   -0.000009  
      2.082463  1.491560  9.475049     0.000003    0.016161   -0.000002  
      4.485771  4.474681  6.158678     0.000011   -0.016148    0.000009  
      0.320845  1.491560  4.263807     0.000001   -0.016142    0.000002  
      3.760259  3.209318  6.971072     0.002529   -0.023950   -0.020124  
      1.046357  2.756923  3.451413     0.002550   -0.023965   -0.020145  
      3.449665  3.209318  1.759830     0.002569    0.023958    0.020140  
      3.760259  5.740044  6.971072    -0.002505   -0.023964    0.020154  
      1.356951  0.226197  8.662656    -0.002507    0.023967   -0.020143  
      3.696224  1.491560  9.389177     0.000004   -0.070701    0.000005  
      1.356951  2.756923  8.662656     0.002508    0.023961    0.020135  
      1.046357  0.226197  3.451413    -0.002553   -0.023969    0.020148  
      1.110392  4.474681  1.033308     0.000012   -0.070791    0.000015  
      3.513700  1.491560  4.177935     0.000002    0.070768   -0.000001  
      3.844885  4.474681  4.656194     0.000011    0.036490    0.000005  
      1.292916  4.474681  6.244550     0.000014    0.070722   -0.000019  
      3.365039  4.474681  9.867437     0.000011   -0.036555   -0.000004  
      1.441577  1.491560  0.555048     0.000012   -0.036485    0.000005  
      0.961731  1.491560  5.766291     0.000012    0.036547   -0.000006  
      3.449665  5.740044  1.759830    -0.002550    0.023969   -0.020165  
 
  59 f  =    7.969687 THz    50.075018 2PiTHz  265.840132 cm-1    32.959961 meV
             X         Y         Z           dx          dy          dz
      0.000000  0.000000  0.000000    -0.000093   -0.000090   -0.000208  
      2.403308  0.000000  5.211243     0.000139    0.000133   -0.000027  
      0.000000  2.983121  0.000000     0.000093    0.000127   -0.000016  
      2.403308  2.983121  5.211243    -0.000080   -0.000111    0.000206  
      2.429872  1.491560  2.349142     0.000034    0.034197   -0.000062  
      4.780051  1.491560  7.560384     0.000038   -0.034297    0.000056  
      2.376743  4.474681  8.073343     0.000034   -0.034301   -0.000064  
      0.026564  4.474681  2.862101     0.000036    0.034210    0.000055  
      2.724152  4.474681  0.947436    -0.000015   -0.038318    0.000023  
      2.082463  1.491560  9.475049    -0.000016    0.038353    0.000023  
      4.485771  4.474681  6.158678    -0.000021    0.038362   -0.000014  
      0.320845  1.491560  4.263807    -0.000023   -0.038309   -0.000014  
      3.760259  3.209318  6.971072     0.029002    0.016648   -0.007448  
      1.046357  2.756923  3.451413    -0.028964   -0.016589    0.007520  
      3.449665  3.209318  1.759830     0.028951   -0.016580    0.007548  
      3.760259  5.740044  6.971072    -0.029019    0.016672    0.007412  
      1.356951  0.226197  8.662656     0.028996    0.016641    0.007459  
      3.696224  1.491560  9.389177    -0.000020    0.084326   -0.000005  
      1.356951  2.756923  8.662656    -0.029011    0.016659   -0.007418  
      1.046357  0.226197  3.451413     0.028943   -0.016563   -0.007560  
      1.110392  4.474681  1.033308    -0.000019   -0.084294   -0.000003  
      3.513700  1.491560  4.177935    -0.000023   -0.084315    0.000017  
      3.844885  4.474681  4.656194    -0.000036    0.017221   -0.000001  
      1.292916  4.474681  6.244550    -0.000022    0.084313    0.000013  
      3.365039  4.474681  9.867437    -0.000036   -0.017196    0.000003  
      1.441577  1.491560  0.555048    -0.000034    0.017225    0.000004  
      0.961731  1.491560  5.766291    -0.000037   -0.017213   -0.000002  
      3.449665  5.740044  1.759830    -0.028962   -0.016597   -0.007510  
 
  60 f  =    7.911499 THz    49.709416 2PiTHz  263.899212 cm-1    32.719318 meV
             X         Y         Z           dx          dy          dz
      0.000000  0.000000  0.000000     0.077992   -0.003503    0.091091  
      2.403308  0.000000  5.211243    -0.077996   -0.003503    0.091095  
      0.000000  2.983121  0.000000    -0.077992   -0.003504   -0.091091  
      2.403308  2.983121  5.211243     0.077997   -0.003504   -0.091094  
      2.429872  1.491560  2.349142    -0.000008    0.034166   -0.000000  
      4.780051  1.491560  7.560384     0.000003    0.034078   -0.000004  
      2.376743  4.474681  8.073343     0.000007    0.034079    0.000000  
      0.026564  4.474681  2.862101    -0.000003    0.034164    0.000004  
      2.724152  4.474681  0.947436     0.000001   -0.018231   -0.000004  
      2.082463  1.491560  9.475049    -0.000001   -0.018130    0.000004  
      4.485771  4.474681  6.158678    -0.000003   -0.018131    0.000002  
      0.320845  1.491560  4.263807     0.000003   -0.018232   -0.000002  
      3.760259  3.209318  6.971072    -0.021287   -0.027480   -0.038799  
      1.046357  2.756923  3.451413    -0.021358   -0.027522   -0.038778  
      3.449665  3.209318  1.759830     0.021363   -0.027524   -0.038783  
      3.760259  5.740044  6.971072     0.021276   -0.027475    0.038792  
      1.356951  0.226197  8.662656    -0.021280   -0.027477    0.038795  
      3.696224  1.491560  9.389177    -0.000001   -0.001577    0.000004  
      1.356951  2.756923  8.662656     0.021282   -0.027475   -0.038790  
      1.046357  0.226197  3.451413     0.021369   -0.027527    0.038785  
      1.110392  4.474681  1.033308     0.000001   -0.001784   -0.000004  
      3.513700  1.491560  4.177935     0.000005   -0.001782   -0.000012  
      3.844885  4.474681  4.656194     0.000001   -0.005781    0.000000  
      1.292916  4.474681  6.244550    -0.000005   -0.001571    0.000012  
      3.365039  4.474681  9.867437     0.000011   -0.005835   -0.000001  
      1.441577  1.491560  0.555048    -0.000011   -0.005782    0.000000  
      0.961731  1.491560  5.766291    -0.000001   -0.005830    0.000000  
      3.449665  5.740044  1.759830    -0.021364   -0.027522    0.038777  
 
  61 f  =    7.681987 THz    48.267350 2PiTHz  256.243515 cm-1    31.770133 meV
             X         Y         Z           dx          dy          dz
      0.000000  0.000000  0.000000    -0.000009    0.000027    0.000024  
      2.403308  0.000000  5.211243     0.000023   -0.000011   -0.000052  
      0.000000  2.983121  0.000000     0.000019   -0.000017    0.000046  
      2.403308  2.983121  5.211243    -0.000014    0.000032   -0.000019  
      2.429872  1.491560  2.349142    -0.047842   -0.000003   -0.012110  
      4.780051  1.491560  7.560384     0.047801   -0.000005   -0.012143  
      2.376743  4.474681  8.073343     0.047801   -0.000000    0.012144  
      0.026564  4.474681  2.862101    -0.047843   -0.000005    0.012111  
      2.724152  4.474681  0.947436     0.023474    0.000002   -0.013912  
      2.082463  1.491560  9.475049    -0.023457    0.000000    0.013881  
      4.485771  4.474681  6.158678    -0.023457    0.000001   -0.013880  
      0.320845  1.491560  4.263807     0.023473   -0.000000    0.013912  
      3.760259  3.209318  6.971072    -0.017180   -0.016247   -0.032314  
      1.046357  2.756923  3.451413     0.017189    0.016256    0.032337  
      3.449665  3.209318  1.759830     0.017189   -0.016253   -0.032333  
      3.760259  5.740044  6.971072    -0.017183    0.016248   -0.032315  
      1.356951  0.226197  8.662656    -0.017184   -0.016247    0.032315  
      3.696224  1.491560  9.389177    -0.028767   -0.000004   -0.030604  
      1.356951  2.756923  8.662656    -0.017180    0.016248    0.032316  
      1.046357  0.226197  3.451413     0.017191   -0.016254    0.032334  
      1.110392  4.474681  1.033308     0.028781   -0.000003    0.030586  
      3.513700  1.491560  4.177935     0.028781   -0.000001   -0.030586  
      3.844885  4.474681  4.656194    -0.049437    0.000005   -0.007871  
      1.292916  4.474681  6.244550    -0.028767    0.000008    0.030603  
      3.365039  4.474681  9.867437     0.049473    0.000004   -0.007890  
      1.441577  1.491560  0.555048    -0.049436    0.000001    0.007872  
      0.961731  1.491560  5.766291     0.049474    0.000005    0.007890  
      3.449665  5.740044  1.759830     0.017192    0.016257   -0.032340  
 
  62 f  =    7.477282 THz    46.981147 2PiTHz  249.415275 cm-1    30.923539 meV
             X         Y         Z           dx          dy          dz
      0.000000  0.000000  0.000000    -0.074249    0.037005    0.013943  
      2.403308  0.000000  5.211243    -0.074247   -0.037004   -0.013942  
      0.000000  2.983121  0.000000    -0.074248   -0.037004    0.013943  
      2.403308  2.983121  5.211243    -0.074246    0.037003   -0.013943  
      2.429872  1.491560  2.349142     0.042264   -0.000006    0.013739  
      4.780051  1.491560  7.560384     0.042291    0.000010   -0.013747  
      2.376743  4.474681  8.073343     0.042288    0.000006    0.013740  
      0.026564  4.474681  2.862101     0.042262   -0.000010   -0.013733  
      2.724152  4.474681  0.947436    -0.020494    0.000007    0.038396  
      2.082463  1.491560  9.475049    -0.020511   -0.000007    0.038396  
      4.485771  4.474681  6.158678    -0.020508   -0.000004   -0.038399  
      0.320845  1.491560  4.263807    -0.020496    0.000004   -0.038393  
      3.760259  3.209318  6.971072    -0.000398   -0.003144   -0.017495  
      1.046357  2.756923  3.451413    -0.000379   -0.003130   -0.017479  
      3.449665  3.209318  1.759830    -0.000393    0.003136    0.017483  
      3.760259  5.740044  6.971072    -0.000388    0.003140   -0.017500  
      1.356951  0.226197  8.662656    -0.000405   -0.003148    0.017498  
      3.696224  1.491560  9.389177    -0.016373   -0.000016    0.023224  
      1.356951  2.756923  8.662656    -0.000384    0.003137    0.017490  
      1.046357  0.226197  3.451413    -0.000390    0.003134   -0.017474  
      1.110392  4.474681  1.033308    -0.016352    0.000016    0.023255  
      3.513700  1.491560  4.177935    -0.016354    0.000012   -0.023247  
      3.844885  4.474681  4.656194    -0.033094   -0.000008   -0.033363  
      1.292916  4.474681  6.244550    -0.016370   -0.000012   -0.023231  
      3.365039  4.474681  9.867437    -0.033071    0.000004    0.033361  
      1.441577  1.491560  0.555048    -0.033093   -0.000004    0.033363  
      0.961731  1.491560  5.766291    -0.033068    0.000007   -0.033361  
      3.449665  5.740044  1.759830    -0.000372   -0.003126    0.017475  
 
  63 f  =    7.367663 THz    46.292390 2PiTHz  245.758773 cm-1    30.470191 meV
             X         Y         Z           dx          dy          dz
      0.000000  0.000000  0.000000     0.119854   -0.090298    0.081700  
      2.403308  0.000000  5.211243     0.119849    0.090292   -0.081699  
      0.000000  2.983121  0.000000    -0.119853   -0.090296   -0.081702  
      2.403308  2.983121  5.211243    -0.119851    0.090294    0.081700  
      2.429872  1.491560  2.349142     0.000002    0.025074   -0.000001  
      4.780051  1.491560  7.560384    -0.000004   -0.025058    0.000000  
      2.376743  4.474681  8.073343     0.000001    0.025061    0.000003  
      0.026564  4.474681  2.862101     0.000002   -0.025076   -0.000001  
      2.724152  4.474681  0.947436    -0.000002    0.009084    0.000001  
      2.082463  1.491560  9.475049     0.000000    0.009080   -0.000001  
      4.485771  4.474681  6.158678     0.000001   -0.009081    0.000001  
      0.320845  1.491560  4.263807    -0.000001   -0.009082   -0.000002  
      3.760259  3.209318  6.971072     0.001541    0.001459    0.011426  
      1.046357  2.756923  3.451413     0.001553    0.001455    0.011424  
      3.449665  3.209318  1.759830     0.001549   -0.001452   -0.011421  
      3.760259  5.740044  6.971072    -0.001542    0.001457   -0.011424  
      1.356951  0.226197  8.662656    -0.001543   -0.001460    0.011426  
      3.696224  1.491560  9.389177     0.000001   -0.013017    0.000000  
      1.356951  2.756923  8.662656     0.001543   -0.001460   -0.011428  
      1.046357  0.226197  3.451413    -0.001552    0.001456   -0.011428  
      1.110392  4.474681  1.033308    -0.000002   -0.013032   -0.000001  
      3.513700  1.491560  4.177935    -0.000000    0.013029   -0.000001  
      3.844885  4.474681  4.656194     0.000002    0.022012    0.000001  
      1.292916  4.474681  6.244550     0.000001    0.013020    0.000000  
      3.365039  4.474681  9.867437    -0.000001   -0.022027    0.000001  
      1.441577  1.491560  0.555048     0.000002   -0.022017   -0.000001  
      0.961731  1.491560  5.766291    -0.000002    0.022028   -0.000001  
      3.449665  5.740044  1.759830    -0.001551   -0.001453    0.011423  
 
  64 f  =    7.275023 THz    45.710318 2PiTHz  242.668648 cm-1    30.087064 meV
             X         Y         Z           dx          dy          dz
      0.000000  0.000000  0.000000     0.074780   -0.055238   -0.034327  
      2.403308  0.000000  5.211243    -0.074786   -0.055242   -0.034326  
      0.000000  2.983121  0.000000     0.074711    0.055171   -0.034351  
      2.403308  2.983121  5.211243    -0.074708    0.055169   -0.034353  
      2.429872  1.491560  2.349142     0.053915   -0.000008    0.012794  
      4.780051  1.491560  7.560384    -0.053943   -0.000006    0.012805  
      2.376743  4.474681  8.073343     0.053943    0.000001    0.012804  
      0.026564  4.474681  2.862101    -0.053914    0.000003    0.012793  
      2.724152  4.474681  0.947436    -0.012003    0.000005   -0.007529  
      2.082463  1.491560  9.475049    -0.012008    0.000009   -0.007537  
      4.485771  4.474681  6.158678     0.012008    0.000007   -0.007538  
      0.320845  1.491560  4.263807     0.012002    0.000007   -0.007529  
      3.760259  3.209318  6.971072     0.008355    0.011657    0.005644  
      1.046357  2.756923  3.451413     0.008365    0.011665    0.005675  
      3.449665  3.209318  1.759830    -0.008368    0.011661    0.005674  
      3.760259  5.740044  6.971072     0.008339   -0.011651    0.005640  
      1.356951  0.226197  8.662656    -0.008339   -0.011647    0.005634  
      3.696224  1.491560  9.389177    -0.011934    0.000021   -0.026236  
      1.356951  2.756923  8.662656    -0.008355    0.011661    0.005651  
      1.046357  0.226197  3.451413     0.008350   -0.011644    0.005650  
      1.110392  4.474681  1.033308    -0.011939   -0.000008   -0.026261  
      3.513700  1.491560  4.177935     0.011938   -0.000009   -0.026261  
      3.844885  4.474681  4.656194    -0.031377   -0.000014    0.006994  
      1.292916  4.474681  6.244550     0.011934    0.000021   -0.026237  
      3.365039  4.474681  9.867437     0.031398    0.000001    0.007007  
      1.441577  1.491560  0.555048     0.031377   -0.000023    0.006995  
      0.961731  1.491560  5.766291    -0.031399   -0.000007    0.007007  
      3.449665  5.740044  1.759830    -0.008348   -0.011647    0.005652  
 
  65 f  =    7.271133 THz    45.685874 2PiTHz  242.538880 cm-1    30.070975 meV
             X         Y         Z           dx          dy          dz
      0.000000  0.000000  0.000000     0.107738   -0.101803    0.036612  
      2.403308  0.000000  5.211243    -0.107742   -0.101807    0.036614  
      0.000000  2.983121  0.000000    -0.107788   -0.101841   -0.036589  
      2.403308  2.983121  5.211243     0.107793   -0.101844   -0.036592  
      2.429872  1.491560  2.349142    -0.000022   -0.007351   -0.000005  
      4.780051  1.491560  7.560384     0.000024   -0.007352   -0.000002  
      2.376743  4.474681  8.073343    -0.000015   -0.007353   -0.000004  
      0.026564  4.474681  2.862101     0.000014   -0.007350   -0.000007  
      2.724152  4.474681  0.947436     0.000008    0.020422    0.000004  
      2.082463  1.491560  9.475049     0.000000    0.020424    0.000001  
      4.485771  4.474681  6.158678    -0.000003    0.020423   -0.000004  
      0.320845  1.491560  4.263807    -0.000005    0.020424    0.000009  
      3.760259  3.209318  6.971072     0.024659    0.020238    0.024739  
      1.046357  2.756923  3.451413     0.024662    0.020242    0.024752  
      3.449665  3.209318  1.759830    -0.024659    0.020238    0.024745  
      3.760259  5.740044  6.971072    -0.024663    0.020246   -0.024752  
      1.356951  0.226197  8.662656     0.024663    0.020244   -0.024745  
      3.696224  1.491560  9.389177     0.000000    0.019075    0.000004  
      1.356951  2.756923  8.662656    -0.024662    0.020242    0.024747  
      1.046357  0.226197  3.451413    -0.024670    0.020250   -0.024747  
      1.110392  4.474681  1.033308     0.000008    0.019062    0.000015  
      3.513700  1.491560  4.177935    -0.000005    0.019067    0.000012  
      3.844885  4.474681  4.656194     0.000005   -0.029980   -0.000006  
      1.292916  4.474681  6.244550    -0.000004    0.019070    0.000006  
      3.365039  4.474681  9.867437    -0.000009   -0.029975   -0.000002  
      1.441577  1.491560  0.555048    -0.000013   -0.029980   -0.000003  
      0.961731  1.491560  5.766291     0.000016   -0.029977    0.000001  
      3.449665  5.740044  1.759830     0.024670    0.020251   -0.024754  
 
  66 f  =    6.691117 THz    42.041527 2PiTHz  223.191633 cm-1    27.672223 meV
             X         Y         Z           dx          dy          dz
      0.000000  0.000000  0.000000    -0.000262    0.045760    0.145731  
      2.403308  0.000000  5.211243     0.000263    0.045764    0.145734  
      0.000000  2.983121  0.000000    -0.000267   -0.045764    0.145732  
      2.403308  2.983121  5.211243     0.000267   -0.045761    0.145733  
      2.429872  1.491560  2.349142     0.021336   -0.000005    0.013855  
      4.780051  1.491560  7.560384    -0.021305   -0.000011    0.013859  
      2.376743  4.474681  8.073343     0.021305   -0.000004    0.013862  
      0.026564  4.474681  2.862101    -0.021336    0.000009    0.013856  
      2.724152  4.474681  0.947436    -0.014520   -0.000004   -0.016654  
      2.082463  1.491560  9.475049    -0.014519    0.000005   -0.016615  
      4.485771  4.474681  6.158678     0.014519   -0.000002   -0.016614  
      0.320845  1.491560  4.263807     0.014520    0.000004   -0.016656  
      3.760259  3.209318  6.971072    -0.003425   -0.004248   -0.034039  
      1.046357  2.756923  3.451413    -0.003441   -0.004240   -0.034077  
      3.449665  3.209318  1.759830     0.003439   -0.004247   -0.034078  
      3.760259  5.740044  6.971072    -0.003421    0.004235   -0.034023  
      1.356951  0.226197  8.662656     0.003428    0.004245   -0.034037  
      3.696224  1.491560  9.389177    -0.010551    0.000012    0.004364  
      1.356951  2.756923  8.662656     0.003416   -0.004236   -0.034025  
      1.046357  0.226197  3.451413    -0.003437    0.004246   -0.034072  
      1.110392  4.474681  1.033308    -0.010551   -0.000002    0.004348  
      3.513700  1.491560  4.177935     0.010551   -0.000002    0.004348  
      3.844885  4.474681  4.656194     0.011094    0.000003   -0.009882  
      1.292916  4.474681  6.244550     0.010551    0.000008    0.004366  
      3.365039  4.474681  9.867437    -0.011083    0.000009   -0.009917  
      1.441577  1.491560  0.555048    -0.011092   -0.000007   -0.009883  
      0.961731  1.491560  5.766291     0.011083    0.000010   -0.009919  
      3.449665  5.740044  1.759830     0.003439    0.004238   -0.034071  
 
  67 f  =    6.629996 THz    41.657494 2PiTHz  221.152862 cm-1    27.419448 meV
             X         Y         Z           dx          dy          dz
      0.000000  0.000000  0.000000     0.035076    0.008897    0.006384  
      2.403308  0.000000  5.211243    -0.035068    0.008915    0.006395  
      0.000000  2.983121  0.000000    -0.035075    0.008903   -0.006402  
      2.403308  2.983121  5.211243     0.035067    0.008921   -0.006414  
      2.429872  1.491560  2.349142    -0.000010   -0.040777   -0.000002  
      4.780051  1.491560  7.560384    -0.000009   -0.040763   -0.000006  
      2.376743  4.474681  8.073343     0.000008   -0.040770   -0.000000  
      0.026564  4.474681  2.862101     0.000011   -0.040776    0.000004  
      2.724152  4.474681  0.947436     0.000002    0.010538    0.000018  
      2.082463  1.491560  9.475049     0.000000    0.010527   -0.000016  
      4.485771  4.474681  6.158678    -0.000000    0.010528   -0.000009  
      0.320845  1.491560  4.263807    -0.000001    0.010526    0.000011  
      3.760259  3.209318  6.971072     0.005186   -0.014395   -0.034535  
      1.046357  2.756923  3.451413     0.005199   -0.014400   -0.034509  
      3.449665  3.209318  1.759830    -0.005211   -0.014386   -0.034489  
      3.760259  5.740044  6.971072    -0.005191   -0.014400    0.034520  
      1.356951  0.226197  8.662656     0.005197   -0.014396    0.034504  
      3.696224  1.491560  9.389177     0.000000    0.062758   -0.000015  
      1.356951  2.756923  8.662656    -0.005196   -0.014393   -0.034531  
      1.046357  0.226197  3.451413    -0.005194   -0.014396    0.034533  
      1.110392  4.474681  1.033308     0.000001    0.062759    0.000014  
      3.513700  1.491560  4.177935    -0.000001    0.062748    0.000011  
      3.844885  4.474681  4.656194    -0.000007    0.058130   -0.000006  
      1.292916  4.474681  6.244550    -0.000001    0.062752   -0.000012  
      3.365039  4.474681  9.867437    -0.000007    0.058121    0.000012  
      1.441577  1.491560  0.555048     0.000008    0.058122   -0.000011  
      0.961731  1.491560  5.766291     0.000005    0.058130    0.000007  
      3.449665  5.740044  1.759830     0.005209   -0.014384    0.034525  
 
  68 f  =    6.501614 THz    40.850848 2PiTHz  216.870512 cm-1    26.888505 meV
             X         Y         Z           dx          dy          dz
      0.000000  0.000000  0.000000     0.026407   -0.063901   -0.048264  
      2.403308  0.000000  5.211243     0.026425    0.063895    0.048245  
      0.000000  2.983121  0.000000    -0.026410   -0.063888    0.048207  
      2.403308  2.983121  5.211243    -0.026412    0.063889   -0.048221  
      2.429872  1.491560  2.349142     0.000009   -0.020976    0.000006  
      4.780051  1.491560  7.560384     0.000011    0.020979   -0.000009  
      2.376743  4.474681  8.073343    -0.000009   -0.020975    0.000011  
      0.026564  4.474681  2.862101    -0.000006    0.020993   -0.000013  
      2.724152  4.474681  0.947436    -0.000008    0.018318   -0.000003  
      2.082463  1.491560  9.475049     0.000004    0.018321    0.000008  
      4.485771  4.474681  6.158678    -0.000007   -0.018322    0.000003  
      0.320845  1.491560  4.263807     0.000007   -0.018322   -0.000003  
      3.760259  3.209318  6.971072    -0.039646   -0.026004   -0.043991  
      1.046357  2.756923  3.451413    -0.039655   -0.026000   -0.044002  
      3.449665  3.209318  1.759830    -0.039658    0.026008    0.044006  
      3.760259  5.740044  6.971072     0.039633   -0.026000    0.043994  
      1.356951  0.226197  8.662656     0.039639    0.026007   -0.043992  
      3.696224  1.491560  9.389177     0.000003    0.036871   -0.000008  
      1.356951  2.756923  8.662656    -0.039644    0.026006    0.044013  
      1.046357  0.226197  3.451413     0.039653   -0.026002    0.043991  
      1.110392  4.474681  1.033308    -0.000008    0.036853   -0.000017  
      3.513700  1.491560  4.177935     0.000005   -0.036883    0.000010  
      3.844885  4.474681  4.656194     0.000006    0.030947   -0.000001  
      1.292916  4.474681  6.244550    -0.000006   -0.036877    0.000015  
      3.365039  4.474681  9.867437     0.000003   -0.030952    0.000001  
      1.441577  1.491560  0.555048     0.000010   -0.030967    0.000008  
      0.961731  1.491560  5.766291     0.000014    0.030942   -0.000004  
      3.449665  5.740044  1.759830     0.039641    0.026003   -0.044006  
 
  69 f  =    6.248982 THz    39.263514 2PiTHz  208.443612 cm-1    25.843702 meV
             X         Y         Z           dx          dy          dz
      0.000000  0.000000  0.000000    -0.012133    0.022037    0.086093  
      2.403308  0.000000  5.211243    -0.012133   -0.022035   -0.086088  
      0.000000  2.983121  0.000000    -0.012149   -0.022075    0.086131  
      2.403308  2.983121  5.211243    -0.012149    0.022075   -0.086128  
      2.429872  1.491560  2.349142    -0.004992   -0.000014   -0.042759  
      4.780051  1.491560  7.560384    -0.004975    0.000004    0.042769  
      2.376743  4.474681  8.073343    -0.004939    0.000008   -0.042809  
      0.026564  4.474681  2.862101    -0.004956    0.000002    0.042799  
      2.724152  4.474681  0.947436     0.004009   -0.000004   -0.003903  
      2.082463  1.491560  9.475049     0.003998    0.000017   -0.003963  
      4.485771  4.474681  6.158678     0.004014   -0.000016    0.003904  
      0.320845  1.491560  4.263807     0.003994    0.000002    0.003961  
      3.760259  3.209318  6.971072     0.020554    0.004068    0.017389  
      1.046357  2.756923  3.451413     0.020559    0.004076    0.017451  
      3.449665  3.209318  1.759830     0.020557   -0.004083   -0.017390  
      3.760259  5.740044  6.971072     0.020582   -0.004095    0.017408  
      1.356951  0.226197  8.662656     0.020573    0.004089   -0.017466  
      3.696224  1.491560  9.389177     0.007694    0.000012    0.061198  
      1.356951  2.756923  8.662656     0.020557   -0.004062   -0.017452  
      1.046357  0.226197  3.451413     0.020563   -0.004076    0.017461  
      1.110392  4.474681  1.033308     0.007700    0.000005    0.061251  
      3.513700  1.491560  4.177935     0.007687   -0.000002   -0.061191  
      3.844885  4.474681  4.656194    -0.036477   -0.000000    0.014372  
      1.292916  4.474681  6.244550     0.007706   -0.000015   -0.061258  
      3.365039  4.474681  9.867437    -0.036482   -0.000008   -0.014371  
      1.441577  1.491560  0.555048    -0.036449    0.000001   -0.014405  
      0.961731  1.491560  5.766291    -0.036453    0.000007    0.014404  
      3.449665  5.740044  1.759830     0.020573    0.004082   -0.017405  
 
  70 f  =    6.162682 THz    38.721276 2PiTHz  205.564960 cm-1    25.486795 meV
             X         Y         Z           dx          dy          dz
      0.000000  0.000000  0.000000     0.000033    0.000004    0.000005  
      2.403308  0.000000  5.211243    -0.000015    0.000052    0.000124  
      0.000000  2.983121  0.000000     0.000053   -0.000018    0.000014  
      2.403308  2.983121  5.211243    -0.000034   -0.000034    0.000139  
      2.429872  1.491560  2.349142    -0.031267    0.000012    0.026540  
      4.780051  1.491560  7.560384    -0.031264    0.000018   -0.026528  
      2.376743  4.474681  8.073343     0.031268    0.000006   -0.026472  
      0.026564  4.474681  2.862101     0.031270    0.000014    0.026488  
      2.724152  4.474681  0.947436     0.012545   -0.000002    0.044491  
      2.082463  1.491560  9.475049    -0.012510   -0.000013   -0.044510  
      4.485771  4.474681  6.158678     0.012506    0.000004   -0.044509  
      0.320845  1.491560  4.263807    -0.012549   -0.000005    0.044489  
      3.760259  3.209318  6.971072     0.002752    0.004901   -0.045144  
      1.046357  2.756923  3.451413    -0.002828   -0.004918    0.045088  
      3.449665  3.209318  1.759830     0.002787   -0.004901    0.045134  
      3.760259  5.740044  6.971072     0.002763   -0.004891   -0.045144  
      1.356951  0.226197  8.662656    -0.002784   -0.004901   -0.045141  
      3.696224  1.491560  9.389177    -0.010786   -0.000019   -0.042923  
      1.356951  2.756923  8.662656    -0.002784    0.004901   -0.045107  
      1.046357  0.226197  3.451413    -0.002805    0.004909    0.045104  
      1.110392  4.474681  1.033308     0.010814   -0.000016    0.042852  
      3.513700  1.491560  4.177935    -0.010823   -0.000018    0.042933  
      3.844885  4.474681  4.656194    -0.019318   -0.000003   -0.026236  
      1.292916  4.474681  6.244550     0.010777   -0.000014   -0.042840  
      3.365039  4.474681  9.867437    -0.019299   -0.000024    0.026214  
      1.441577  1.491560  0.555048     0.019367   -0.000031   -0.026222  
      0.961731  1.491560  5.766291     0.019348   -0.000002    0.026197  
      3.449665  5.740044  1.759830     0.002795    0.004915    0.045102  
 
  71 f  =    6.052137 THz    38.026697 2PiTHz  201.877554 cm-1    25.029615 meV
             X         Y         Z           dx          dy          dz
      0.000000  0.000000  0.000000     0.000011   -0.000033   -0.000050  
      2.403308  0.000000  5.211243    -0.000003    0.000030    0.000076  
      0.000000  2.983121  0.000000    -0.000005   -0.000047    0.000112  
      2.403308  2.983121  5.211243    -0.000019    0.000038   -0.000079  
      2.429872  1.491560  2.349142     0.000003    0.032049   -0.000003  
      4.780051  1.491560  7.560384    -0.000008    0.032029    0.000015  
      2.376743  4.474681  8.073343    -0.000002   -0.032025   -0.000009  
      0.026564  4.474681  2.862101    -0.000011   -0.032044   -0.000002  
      2.724152  4.474681  0.947436     0.000006    0.059305   -0.000010  
      2.082463  1.491560  9.475049     0.000006   -0.059250    0.000007  
      4.485771  4.474681  6.158678    -0.000001    0.059250   -0.000000  
      0.320845  1.491560  4.263807    -0.000001   -0.059305    0.000000  
      3.760259  3.209318  6.971072     0.023352    0.046715    0.010927  
      1.046357  2.756923  3.451413    -0.023334   -0.046736   -0.010882  
      3.449665  3.209318  1.759830    -0.023327    0.046736    0.010871  
      3.760259  5.740044  6.971072    -0.023346    0.046715   -0.010922  
      1.356951  0.226197  8.662656    -0.023341   -0.046709    0.010920  
      3.696224  1.491560  9.389177     0.000006   -0.014618    0.000016  
      1.356951  2.756923  8.662656     0.023359   -0.046716   -0.010922  
      1.046357  0.226197  3.451413     0.023336   -0.046737    0.010881  
      1.110392  4.474681  1.033308     0.000005    0.014630    0.000000  
      3.513700  1.491560  4.177935    -0.000002   -0.014637   -0.000006  
      3.844885  4.474681  4.656194    -0.000003    0.025738   -0.000000  
      1.292916  4.474681  6.244550    -0.000001    0.014614   -0.000005  
      3.365039  4.474681  9.867437     0.000005    0.025845   -0.000010  
      1.441577  1.491560  0.555048    -0.000001   -0.025747    0.000002  
      0.961731  1.491560  5.766291    -0.000009   -0.025851    0.000003  
      3.449665  5.740044  1.759830     0.023341    0.046741   -0.010898  
 
  72 f  =    5.811291 THz    36.513421 2PiTHz  193.843816 cm-1    24.033559 meV
             X         Y         Z           dx          dy          dz
      0.000000  0.000000  0.000000     0.021023   -0.054229   -0.105009  
      2.403308  0.000000  5.211243     0.021003    0.054230    0.105022  
      0.000000  2.983121  0.000000    -0.021001   -0.054227    0.105010  
      2.403308  2.983121  5.211243    -0.021021    0.054225   -0.104997  
      2.429872  1.491560  2.349142    -0.000027    0.011992    0.000050  
      4.780051  1.491560  7.560384    -0.000027   -0.012036    0.000066  
      2.376743  4.474681  8.073343     0.000027    0.012036   -0.000041  
      0.026564  4.474681  2.862101     0.000029   -0.011992   -0.000069  
      2.724152  4.474681  0.947436     0.000031    0.034939   -0.000053  
      2.082463  1.491560  9.475049    -0.000020    0.035030    0.000050  
      4.485771  4.474681  6.158678     0.000024   -0.035027   -0.000056  
      0.320845  1.491560  4.263807    -0.000037   -0.034941    0.000052  
      3.760259  3.209318  6.971072     0.011419   -0.012703    0.030677  
      1.046357  2.756923  3.451413     0.011416   -0.012649    0.030765  
      3.449665  3.209318  1.759830     0.011446    0.012634   -0.030764  
      3.760259  5.740044  6.971072    -0.011380   -0.012716   -0.030748  
      1.356951  0.226197  8.662656    -0.011396    0.012701    0.030754  
      3.696224  1.491560  9.389177    -0.000018    0.014395    0.000044  
      1.356951  2.756923  8.662656     0.011404    0.012715   -0.030684  
      1.046357  0.226197  3.451413    -0.011477   -0.012632   -0.030705  
      1.110392  4.474681  1.033308     0.000028    0.014376   -0.000054  
      3.513700  1.491560  4.177935    -0.000038   -0.014377    0.000043  
      3.844885  4.474681  4.656194     0.000029   -0.063903   -0.000055  
      1.292916  4.474681  6.244550     0.000025   -0.014394   -0.000032  
      3.365039  4.474681  9.867437     0.000054    0.063853   -0.000044  
      1.441577  1.491560  0.555048    -0.000035    0.063912    0.000043  
      0.961731  1.491560  5.766291    -0.000037   -0.063862    0.000049  
      3.449665  5.740044  1.759830    -0.011446    0.012649    0.030695  
 
  73 f  =    5.782134 THz    36.330217 2PiTHz  192.871219 cm-1    23.912973 meV
             X         Y         Z           dx          dy          dz
      0.000000  0.000000  0.000000    -0.000024    0.000067    0.000114  
      2.403308  0.000000  5.211243    -0.000019   -0.000055   -0.000111  
      0.000000  2.983121  0.000000     0.000021    0.000068   -0.000132  
      2.403308  2.983121  5.211243     0.000027   -0.000060    0.000134  
      2.429872  1.491560  2.349142     0.001152   -0.000019    0.048545  
      4.780051  1.491560  7.560384    -0.001147    0.000007    0.048541  
      2.376743  4.474681  8.073343    -0.001147   -0.000009   -0.048544  
      0.026564  4.474681  2.862101     0.001151    0.000014   -0.048543  
      2.724152  4.474681  0.947436    -0.002077   -0.000046   -0.046082  
      2.082463  1.491560  9.475049     0.002072   -0.000033    0.046086  
      4.485771  4.474681  6.158678     0.002076    0.000033   -0.046088  
      0.320845  1.491560  4.263807    -0.002072    0.000046    0.046085  
      3.760259  3.209318  6.971072     0.011956    0.000039   -0.029390  
      1.046357  2.756923  3.451413    -0.011983   -0.000016    0.029307  
      3.449665  3.209318  1.759830    -0.011984    0.000011   -0.029314  
      3.760259  5.740044  6.971072     0.011983   -0.000023   -0.029316  
      1.356951  0.226197  8.662656     0.011980    0.000018    0.029322  
      3.696224  1.491560  9.389177     0.003995   -0.000017    0.038413  
      1.356951  2.756923  8.662656     0.011956   -0.000044    0.029377  
      1.046357  0.226197  3.451413    -0.011957    0.000049    0.029389  
      1.110392  4.474681  1.033308    -0.003999   -0.000011   -0.038411  
      3.513700  1.491560  4.177935    -0.003995    0.000019    0.038415  
      3.844885  4.474681  4.656194    -0.004981    0.000072   -0.041703  
      1.292916  4.474681  6.244550     0.003998    0.000023   -0.038415  
      3.365039  4.474681  9.867437     0.004979   -0.000078   -0.041699  
      1.441577  1.491560  0.555048    -0.004983   -0.000061    0.041703  
      0.961731  1.491560  5.766291     0.004987    0.000086    0.041700  
      3.449665  5.740044  1.759830    -0.011960   -0.000053   -0.029381  
 
  74 f  =    5.579621 THz    35.057791 2PiTHz  186.116113 cm-1    23.075447 meV
             X         Y         Z           dx          dy          dz
      0.000000  0.000000  0.000000    -0.000136    0.000042    0.000050  
      2.403308  0.000000  5.211243     0.000112   -0.000021   -0.000087  
      0.000000  2.983121  0.000000    -0.000107    0.000036   -0.000094  
      2.403308  2.983121  5.211243     0.000128   -0.000021    0.000010  
      2.429872  1.491560  2.349142    -0.038519   -0.000013   -0.022273  
      4.780051  1.491560  7.560384    -0.038522    0.000007    0.022244  
      2.376743  4.474681  8.073343     0.038522   -0.000011    0.022241  
      0.026564  4.474681  2.862101     0.038520    0.000007   -0.022273  
      2.724152  4.474681  0.947436     0.041489   -0.000024   -0.007128  
      2.082463  1.491560  9.475049    -0.041669   -0.000021    0.007166  
      4.485771  4.474681  6.158678     0.041669    0.000018    0.007163  
      0.320845  1.491560  4.263807    -0.041489    0.000020   -0.007129  
      3.760259  3.209318  6.971072     0.018922    0.010301    0.010235  
      1.046357  2.756923  3.451413    -0.018831   -0.010262   -0.010264  
      3.449665  3.209318  1.759830     0.018810   -0.010275   -0.010216  
      3.760259  5.740044  6.971072     0.018941   -0.010288    0.010278  
      1.356951  0.226197  8.662656    -0.018917   -0.010297    0.010230  
      3.696224  1.491560  9.389177    -0.041755   -0.000004    0.014249  
      1.356951  2.756923  8.662656    -0.018943    0.010292    0.010286  
      1.046357  0.226197  3.451413    -0.018814    0.010278   -0.010224  
      1.110392  4.474681  1.033308     0.041585   -0.000003   -0.014260  
      3.513700  1.491560  4.177935    -0.041585    0.000003   -0.014264  
      3.844885  4.474681  4.656194     0.062259    0.000048    0.000029  
      1.292916  4.474681  6.244550     0.041756    0.000003    0.014242  
      3.365039  4.474681  9.867437     0.062085   -0.000043    0.000008  
      1.441577  1.491560  0.555048    -0.062263   -0.000040    0.000030  
      0.961731  1.491560  5.766291    -0.062089    0.000047    0.000008  
      3.449665  5.740044  1.759830     0.018836    0.010266   -0.010275  
 
  75 f  =    5.391464 THz    33.875565 2PiTHz  179.839870 cm-1    22.297292 meV
             X         Y         Z           dx          dy          dz
      0.000000  0.000000  0.000000     0.072313    0.002322    0.024042  
      2.403308  0.000000  5.211243    -0.072316    0.002312    0.024019  
      0.000000  2.983121  0.000000     0.072316   -0.002311    0.024018  
      2.403308  2.983121  5.211243    -0.072314   -0.002321    0.024041  
      2.429872  1.491560  2.349142    -0.007703    0.000005    0.007389  
      4.780051  1.491560  7.560384     0.007624    0.000001    0.007460  
      2.376743  4.474681  8.073343    -0.007624   -0.000009    0.007456  
      0.026564  4.474681  2.862101     0.007704    0.000003    0.007384  
      2.724152  4.474681  0.947436     0.052324   -0.000005   -0.009665  
      2.082463  1.491560  9.475049     0.052169   -0.000001   -0.009593  
      4.485771  4.474681  6.158678    -0.052168   -0.000000   -0.009596  
      0.320845  1.491560  4.263807    -0.052325    0.000006   -0.009663  
      3.760259  3.209318  6.971072    -0.034757   -0.007762   -0.004317  
      1.046357  2.756923  3.451413    -0.034831   -0.007775   -0.004358  
      3.449665  3.209318  1.759830     0.034843   -0.007794   -0.004386  
      3.760259  5.740044  6.971072    -0.034739    0.007744   -0.004270  
      1.356951  0.226197  8.662656     0.034764    0.007761   -0.004313  
      3.696224  1.491560  9.389177     0.050673    0.000014    0.005852  
      1.356951  2.756923  8.662656     0.034733   -0.007744   -0.004268  
      1.046357  0.226197  3.451413    -0.034837    0.007794   -0.004385  
      1.110392  4.474681  1.033308     0.050820   -0.000015    0.005771  
      3.513700  1.491560  4.177935    -0.050820    0.000029    0.005773  
      3.844885  4.474681  4.656194    -0.049780    0.000050   -0.011271  
      1.292916  4.474681  6.244550    -0.050672   -0.000029    0.005851  
      3.365039  4.474681  9.867437     0.050000    0.000007   -0.011307  
      1.441577  1.491560  0.555048     0.049780   -0.000027   -0.011268  
      0.961731  1.491560  5.766291    -0.050000   -0.000030   -0.011304  
      3.449665  5.740044  1.759830     0.034824    0.007775   -0.004362  
 
  76 f  =    5.159046 THz    32.415244 2PiTHz  172.087263 cm-1    21.336092 meV
             X         Y         Z           dx          dy          dz
      0.000000  0.000000  0.000000    -0.000029    0.000012   -0.000003  
      2.403308  0.000000  5.211243     0.000027    0.000005   -0.000003  
      0.000000  2.983121  0.000000    -0.000027    0.000007   -0.000018  
      2.403308  2.983121  5.211243     0.000021    0.000011   -0.000029  
      2.429872  1.491560  2.349142     0.000000    0.010762    0.000001  
      4.780051  1.491560  7.560384     0.000001    0.010774   -0.000003  
      2.376743  4.474681  8.073343     0.000002   -0.010766   -0.000004  
      0.026564  4.474681  2.862101     0.000001   -0.010776   -0.000007  
      2.724152  4.474681  0.947436    -0.000019    0.008656    0.000003  
      2.082463  1.491560  9.475049    -0.000019   -0.008653    0.000009  
      4.485771  4.474681  6.158678     0.000020    0.008661   -0.000003  
      0.320845  1.491560  4.263807     0.000019   -0.008666    0.000006  
      3.760259  3.209318  6.971072    -0.018317   -0.015021   -0.048109  
      1.046357  2.756923  3.451413     0.018350    0.015025    0.048116  
      3.449665  3.209318  1.759830     0.018317   -0.015018   -0.048091  
      3.760259  5.740044  6.971072     0.018345   -0.015027    0.048107  
      1.356951  0.226197  8.662656     0.018317    0.015019   -0.048085  
      3.696224  1.491560  9.389177    -0.000018    0.049194    0.000001  
      1.356951  2.756923  8.662656    -0.018342    0.015026    0.048097  
      1.046357  0.226197  3.451413    -0.018326    0.015019   -0.048105  
      1.110392  4.474681  1.033308    -0.000019   -0.049193   -0.000004  
      3.513700  1.491560  4.177935     0.000018    0.049199    0.000001  
      3.844885  4.474681  4.656194     0.000016    0.083662   -0.000001  
      1.292916  4.474681  6.244550     0.000019   -0.049197   -0.000006  
      3.365039  4.474681  9.867437    -0.000020    0.083628    0.000003  
      1.441577  1.491560  0.555048    -0.000022   -0.083629    0.000008  
      0.961731  1.491560  5.766291     0.000019   -0.083661    0.000006  
      3.449665  5.740044  1.759830    -0.018347   -0.015024    0.048092  
 
  77 f  =    5.107961 THz    32.094264 2PiTHz  170.383233 cm-1    21.124819 meV
             X         Y         Z           dx          dy          dz
      0.000000  0.000000  0.000000     0.000007   -0.000041   -0.000047  
      2.403308  0.000000  5.211243    -0.000002   -0.000039   -0.000054  
      0.000000  2.983121  0.000000    -0.000009   -0.000039    0.000058  
      2.403308  2.983121  5.211243     0.000015   -0.000050    0.000072  
      2.429872  1.491560  2.349142     0.000005   -0.022503    0.000002  
      4.780051  1.491560  7.560384    -0.000005    0.022517   -0.000003  
      2.376743  4.474681  8.073343     0.000004    0.022518    0.000001  
      0.026564  4.474681  2.862101    -0.000003   -0.022497    0.000000  
      2.724152  4.474681  0.947436    -0.000004   -0.021983    0.000001  
      2.082463  1.491560  9.475049    -0.000005    0.021982   -0.000003  
      4.485771  4.474681  6.158678     0.000002    0.021981   -0.000000  
      0.320845  1.491560  4.263807     0.000003   -0.021980    0.000002  
      3.760259  3.209318  6.971072    -0.008465   -0.005972   -0.049943  
      1.046357  2.756923  3.451413     0.008449    0.005968    0.049916  
      3.449665  3.209318  1.759830    -0.008461    0.005976    0.049943  
      3.760259  5.740044  6.971072     0.008467   -0.005974    0.049937  
      1.356951  0.226197  8.662656    -0.008473   -0.005979    0.049950  
      3.696224  1.491560  9.389177    -0.000005   -0.010859   -0.000007  
      1.356951  2.756923  8.662656     0.008466   -0.005978   -0.049955  
      1.046357  0.226197  3.451413    -0.008445    0.005968   -0.049920  
      1.110392  4.474681  1.033308    -0.000004    0.010851   -0.000000  
      3.513700  1.491560  4.177935     0.000004    0.010829    0.000005  
      3.844885  4.474681  4.656194     0.000002    0.089621   -0.000000  
      1.292916  4.474681  6.244550     0.000003   -0.010844    0.000001  
      3.365039  4.474681  9.867437    -0.000001   -0.089645    0.000002  
      1.441577  1.491560  0.555048     0.000003    0.089646   -0.000000  
      0.961731  1.491560  5.766291     0.000004   -0.089607    0.000001  
      3.449665  5.740044  1.759830     0.008457    0.005974   -0.049942  
 
  78 f  =    4.907854 THz    30.836953 2PiTHz  163.708373 cm-1    20.297242 meV
             X         Y         Z           dx          dy          dz
      0.000000  0.000000  0.000000     0.020270   -0.100275   -0.134365  
      2.403308  0.000000  5.211243    -0.020270   -0.100276   -0.134366  
      0.000000  2.983121  0.000000    -0.020270   -0.100275    0.134365  
      2.403308  2.983121  5.211243     0.020269   -0.100276    0.134365  
      2.429872  1.491560  2.349142    -0.000001    0.016014   -0.000005  
      4.780051  1.491560  7.560384    -0.000003    0.015998    0.000005  
      2.376743  4.474681  8.073343     0.000001    0.015998    0.000004  
      0.026564  4.474681  2.862101     0.000003    0.016013   -0.000005  
      2.724152  4.474681  0.947436     0.000004    0.003580   -0.000001  
      2.082463  1.491560  9.475049    -0.000003    0.003573    0.000001  
      4.485771  4.474681  6.158678     0.000003    0.003572    0.000001  
      0.320845  1.491560  4.263807    -0.000004    0.003580   -0.000001  
      3.760259  3.209318  6.971072    -0.017369   -0.007383   -0.026082  
      1.046357  2.756923  3.451413    -0.017390   -0.007395   -0.026121  
      3.449665  3.209318  1.759830     0.017394   -0.007398   -0.026129  
      3.760259  5.740044  6.971072     0.017373   -0.007385    0.026084  
      1.356951  0.226197  8.662656    -0.017370   -0.007381    0.026076  
      3.696224  1.491560  9.389177    -0.000003   -0.008226    0.000001  
      1.356951  2.756923  8.662656     0.017365   -0.007379   -0.026074  
      1.046357  0.226197  3.451413     0.017385   -0.007392    0.026120  
      1.110392  4.474681  1.033308     0.000003   -0.008255   -0.000001  
      3.513700  1.491560  4.177935    -0.000004   -0.008248   -0.000002  
      3.844885  4.474681  4.656194     0.000007    0.015577   -0.000000  
      1.292916  4.474681  6.244550     0.000003   -0.008232    0.000002  
      3.365039  4.474681  9.867437     0.000006    0.015650    0.000000  
      1.441577  1.491560  0.555048    -0.000006    0.015566   -0.000000  
      0.961731  1.491560  5.766291    -0.000008    0.015639   -0.000000  
      3.449665  5.740044  1.759830    -0.017388   -0.007396    0.026127  
 
  79 f  =    3.739161 THz    23.493843 2PiTHz  124.724996 cm-1    15.463922 meV
             X         Y         Z           dx          dy          dz
      0.000000  0.000000  0.000000    -0.005693    0.084631    0.079871  
      2.403308  0.000000  5.211243    -0.005692   -0.084630   -0.079870  
      0.000000  2.983121  0.000000     0.005692    0.084630   -0.079869  
      2.403308  2.983121  5.211243     0.005692   -0.084630    0.079870  
      2.429872  1.491560  2.349142     0.000003    0.023516   -0.000000  
      4.780051  1.491560  7.560384    -0.000003   -0.023520   -0.000002  
      2.376743  4.474681  8.073343    -0.000003    0.023482   -0.000000  
      0.026564  4.474681  2.862101     0.000003   -0.023477    0.000002  
      2.724152  4.474681  0.947436     0.000002    0.039783    0.000003  
      2.082463  1.491560  9.475049    -0.000003    0.039765   -0.000003  
      4.485771  4.474681  6.158678    -0.000001   -0.039787   -0.000003  
      0.320845  1.491560  4.263807     0.000002   -0.039761    0.000003  
      3.760259  3.209318  6.971072    -0.017015   -0.033355   -0.007606  
      1.046357  2.756923  3.451413    -0.017007   -0.033323   -0.007586  
      3.449665  3.209318  1.759830    -0.017008    0.033353    0.007606  
      3.760259  5.740044  6.971072     0.017011   -0.033357    0.007599  
      1.356951  0.226197  8.662656     0.017010    0.033324   -0.007592  
      3.696224  1.491560  9.389177    -0.000003    0.038657   -0.000002  
      1.356951  2.756923  8.662656    -0.017015    0.033326    0.007587  
      1.046357  0.226197  3.451413     0.017014   -0.033321    0.007593  
      1.110392  4.474681  1.033308     0.000002    0.038667    0.000003  
      3.513700  1.491560  4.177935     0.000002   -0.038653   -0.000000  
      3.844885  4.474681  4.656194    -0.000001   -0.030617   -0.000003  
      1.292916  4.474681  6.244550    -0.000001   -0.038673   -0.000002  
      3.365039  4.474681  9.867437     0.000000    0.030615    0.000001  
      1.441577  1.491560  0.555048    -0.000002    0.030626   -0.000002  
      0.961731  1.491560  5.766291     0.000001   -0.030625    0.000003  
      3.449665  5.740044  1.759830     0.017012    0.033355   -0.007602  
 
  80 f  =    3.632725 THz    22.825083 2PiTHz  121.174654 cm-1    15.023736 meV
             X         Y         Z           dx          dy          dz
      0.000000  0.000000  0.000000     0.000002   -0.000036   -0.000019  
      2.403308  0.000000  5.211243    -0.000001    0.000012   -0.000003  
      0.000000  2.983121  0.000000    -0.000007   -0.000033    0.000046  
      2.403308  2.983121  5.211243    -0.000000    0.000034   -0.000040  
      2.429872  1.491560  2.349142     0.000003    0.053001    0.000000  
      4.780051  1.491560  7.560384    -0.000004   -0.052999   -0.000001  
      2.376743  4.474681  8.073343    -0.000006   -0.053016    0.000001  
      0.026564  4.474681  2.862101     0.000005    0.053017   -0.000001  
      2.724152  4.474681  0.947436     0.000000    0.031976    0.000002  
      2.082463  1.491560  9.475049    -0.000007   -0.032004    0.000003  
      4.485771  4.474681  6.158678     0.000002   -0.031975   -0.000005  
      0.320845  1.491560  4.263807     0.000009    0.032005   -0.000003  
      3.760259  3.209318  6.971072    -0.000403   -0.045389   -0.020641  
      1.046357  2.756923  3.451413     0.000415    0.045419    0.020650  
      3.449665  3.209318  1.759830    -0.000391    0.045389    0.020633  
      3.760259  5.740044  6.971072     0.000401   -0.045395    0.020647  
      1.356951  0.226197  8.662656    -0.000420   -0.045415    0.020649  
      3.696224  1.491560  9.389177    -0.000007   -0.024375   -0.000003  
      1.356951  2.756923  8.662656     0.000408   -0.045416   -0.020647  
      1.046357  0.226197  3.451413    -0.000399    0.045411   -0.020636  
      1.110392  4.474681  1.033308     0.000001    0.024346    0.000000  
      3.513700  1.491560  4.177935     0.000007    0.024375   -0.000002  
      3.844885  4.474681  4.656194    -0.000000    0.019110   -0.000001  
      1.292916  4.474681  6.244550     0.000000   -0.024348   -0.000001  
      3.365039  4.474681  9.867437    -0.000004   -0.019103   -0.000001  
      1.441577  1.491560  0.555048    -0.000006    0.019086    0.000003  
      0.961731  1.491560  5.766291     0.000002   -0.019083    0.000003  
      3.449665  5.740044  1.759830     0.000397    0.045391   -0.020638  
 
  81 f  =    3.260749 THz    20.487892 2PiTHz  108.766888 cm-1    13.485369 meV
             X         Y         Z           dx          dy          dz
      0.000000  0.000000  0.000000     0.000025    0.000002   -0.000012  
      2.403308  0.000000  5.211243     0.000024   -0.000002    0.000011  
      0.000000  2.983121  0.000000     0.000025    0.000007   -0.000021  
      2.403308  2.983121  5.211243     0.000024   -0.000007    0.000024  
      2.429872  1.491560  2.349142    -0.047519    0.000006    0.003178  
      4.780051  1.491560  7.560384     0.047552   -0.000006    0.003174  
      2.376743  4.474681  8.073343     0.047551   -0.000004   -0.003175  
      0.026564  4.474681  2.862101    -0.047519    0.000004   -0.003179  
      2.724152  4.474681  0.947436    -0.036970    0.000005    0.005601  
      2.082463  1.491560  9.475049     0.037001   -0.000001   -0.005596  
      4.485771  4.474681  6.158678     0.037001   -0.000006    0.005596  
      0.320845  1.491560  4.263807    -0.036970    0.000000   -0.005602  
      3.760259  3.209318  6.971072     0.046679    0.001986    0.015249  
      1.046357  2.756923  3.451413    -0.046667   -0.001991   -0.015261  
      3.449665  3.209318  1.759830    -0.046667    0.002000    0.015264  
      3.760259  5.740044  6.971072     0.046682   -0.001999    0.015255  
      1.356951  0.226197  8.662656     0.046681    0.001989   -0.015250  
      3.696224  1.491560  9.389177     0.038243   -0.000001    0.011412  
      1.356951  2.756923  8.662656     0.046681   -0.001996   -0.015254  
      1.046357  0.226197  3.451413    -0.046664    0.001996   -0.015264  
      1.110392  4.474681  1.033308    -0.038212    0.000005   -0.011413  
      3.513700  1.491560  4.177935    -0.038212   -0.000000    0.011412  
      3.844885  4.474681  4.656194     0.007606    0.000002    0.017664  
      1.292916  4.474681  6.244550     0.038243   -0.000006   -0.011412  
      3.365039  4.474681  9.867437    -0.007568   -0.000001    0.017672  
      1.441577  1.491560  0.555048     0.007606    0.000005   -0.017664  
      0.961731  1.491560  5.766291    -0.007568   -0.000004   -0.017672  
      3.449665  5.740044  1.759830    -0.046664   -0.001987    0.015259  
 
  82 fi =    0.004744 THz     0.029810 2PiTHz    0.158255 cm-1     0.019621 meV
             X         Y         Z           dx          dy          dz
      0.000000  0.000000  0.000000     0.000007    0.041672   -0.000025  
      2.403308  0.000000  5.211243     0.000035    0.041672   -0.000025  
      0.000000  2.983121  0.000000     0.000036    0.041672    0.000026  
      2.403308  2.983121  5.211243     0.000007    0.041672    0.000026  
      2.429872  1.491560  2.349142     0.000021    0.041662    0.000000  
      4.780051  1.491560  7.560384     0.000021    0.041662    0.000000  
      2.376743  4.474681  8.073343     0.000021    0.041662    0.000001  
      0.026564  4.474681  2.862101     0.000021    0.041662    0.000001  
      2.724152  4.474681  0.947436     0.000021    0.041648    0.000001  
      2.082463  1.491560  9.475049     0.000022    0.041649    0.000000  
      4.485771  4.474681  6.158678     0.000022    0.041649    0.000001  
      0.320845  1.491560  4.263807     0.000021    0.041648    0.000000  
      3.760259  3.209318  6.971072    -0.000003    0.041642   -0.000021  
      1.046357  2.756923  3.451413    -0.000003    0.041642   -0.000021  
      3.449665  3.209318  1.759830     0.000045    0.041642   -0.000021  
      3.760259  5.740044  6.971072     0.000046    0.041642    0.000022  
      1.356951  0.226197  8.662656    -0.000003    0.041642    0.000022  
      3.696224  1.491560  9.389177     0.000022    0.041652    0.000000  
      1.356951  2.756923  8.662656     0.000046    0.041642   -0.000021  
      1.046357  0.226197  3.451413     0.000045    0.041642    0.000022  
      1.110392  4.474681  1.033308     0.000021    0.041651    0.000001  
      3.513700  1.491560  4.177935     0.000021    0.041651    0.000000  
      3.844885  4.474681  4.656194     0.000022    0.041708    0.000001  
      1.292916  4.474681  6.244550     0.000022    0.041652    0.000001  
      3.365039  4.474681  9.867437     0.000021    0.041708    0.000001  
      1.441577  1.491560  0.555048     0.000022    0.041708    0.000000  
      0.961731  1.491560  5.766291     0.000021    0.041708    0.000000  
      3.449665  5.740044  1.759830    -0.000003    0.041642    0.000022  
 
  83 fi =    0.005714 THz     0.035903 2PiTHz    0.190603 cm-1     0.023632 meV
             X         Y         Z           dx          dy          dz
      0.000000  0.000000  0.000000     0.041622   -0.000029   -0.000035  
      2.403308  0.000000  5.211243     0.041622   -0.000014    0.000012  
      0.000000  2.983121  0.000000     0.041622   -0.000014   -0.000035  
      2.403308  2.983121  5.211243     0.041622   -0.000029    0.000012  
      2.429872  1.491560  2.349142     0.041670   -0.000021   -0.000002  
      4.780051  1.491560  7.560384     0.041640   -0.000021   -0.000024  
      2.376743  4.474681  8.073343     0.041640   -0.000021    0.000000  
      0.026564  4.474681  2.862101     0.041670   -0.000021   -0.000021  
      2.724152  4.474681  0.947436     0.041668   -0.000021   -0.000026  
      2.082463  1.491560  9.475049     0.041641   -0.000022   -0.000022  
      4.485771  4.474681  6.158678     0.041641   -0.000021   -0.000001  
      0.320845  1.491560  4.263807     0.041668   -0.000021    0.000003  
      3.760259  3.209318  6.971072     0.041637   -0.000028   -0.000007  
      1.046357  2.756923  3.451413     0.041675   -0.000026    0.000001  
      3.449665  3.209318  1.759830     0.041675   -0.000016   -0.000024  
      3.760259  5.740044  6.971072     0.041638   -0.000015   -0.000007  
      1.356951  0.226197  8.662656     0.041637   -0.000028   -0.000016  
      3.696224  1.491560  9.389177     0.041636   -0.000022   -0.000035  
      1.356951  2.756923  8.662656     0.041638   -0.000015   -0.000016  
      1.046357  0.226197  3.451413     0.041675   -0.000016    0.000001  
      1.110392  4.474681  1.033308     0.041663   -0.000021   -0.000027  
      3.513700  1.491560  4.177935     0.041663   -0.000021    0.000004  
      3.844885  4.474681  4.656194     0.041706   -0.000021   -0.000020  
      1.292916  4.474681  6.244550     0.041636   -0.000021    0.000012  
      3.365039  4.474681  9.867437     0.041714   -0.000022   -0.000016  
      1.441577  1.491560  0.555048     0.041706   -0.000021   -0.000003  
      0.961731  1.491560  5.766291     0.041714   -0.000022   -0.000007  
      3.449665  5.740044  1.759830     0.041675   -0.000026   -0.000024  
 
  84 fi =    0.011126 THz     0.069907 2PiTHz    0.371127 cm-1     0.046014 meV
             X         Y         Z           dx          dy          dz
      0.000000  0.000000  0.000000    -0.000016   -0.000039    0.041657  
      2.403308  0.000000  5.211243     0.000039   -0.000039    0.041657  
      0.000000  2.983121  0.000000    -0.000016    0.000038    0.041658  
      2.403308  2.983121  5.211243     0.000039    0.000038    0.041658  
      2.429872  1.491560  2.349142     0.000053   -0.000001    0.041659  
      4.780051  1.491560  7.560384    -0.000030   -0.000001    0.041659  
      2.376743  4.474681  8.073343     0.000053   -0.000001    0.041659  
      0.026564  4.474681  2.862101    -0.000030   -0.000001    0.041659  
      2.724152  4.474681  0.947436    -0.000044   -0.000000    0.041664  
      2.082463  1.491560  9.475049    -0.000043   -0.000001    0.041664  
      4.485771  4.474681  6.158678     0.000067   -0.000001    0.041664  
      0.320845  1.491560  4.263807     0.000067   -0.000001    0.041664  
      3.760259  3.209318  6.971072     0.000056    0.000032    0.041656  
      1.046357  2.756923  3.451413     0.000055    0.000031    0.041655  
      3.449665  3.209318  1.759830    -0.000033    0.000032    0.041656  
      3.760259  5.740044  6.971072     0.000056   -0.000033    0.041656  
      1.356951  0.226197  8.662656    -0.000032   -0.000033    0.041655  
      3.696224  1.491560  9.389177    -0.000032   -0.000001    0.041618  
      1.356951  2.756923  8.662656    -0.000032    0.000032    0.041655  
      1.046357  0.226197  3.451413     0.000056   -0.000033    0.041655  
      1.110392  4.474681  1.033308    -0.000032   -0.000001    0.041617  
      3.513700  1.491560  4.177935     0.000055   -0.000001    0.041618  
      3.844885  4.474681  4.656194     0.000026   -0.000000    0.041702  
      1.292916  4.474681  6.244550     0.000055   -0.000001    0.041617  
      3.365039  4.474681  9.867437    -0.000003   -0.000000    0.041702  
      1.441577  1.491560  0.555048    -0.000003   -0.000001    0.041702  
      0.961731  1.491560  5.766291     0.000026   -0.000001    0.041702  
      3.449665  5.740044  1.759830    -0.000033   -0.000033    0.041656  
 
